source_frame,target_frame,source_index,target_index,tick,gap,row_max_certainty,row_min_certainty,target_pred_label,target_pred_name,target_pred_confidence,target_self_nll_loss,target_certainty_score,target_uncertainty_score,attention_peak,attention_entropy,subject_area_fraction,subject_attention_mass,subject_lift
frame_000,frame_001,0,1,5,1,False,False,791,shopping cart,0.40629182547548853,0.9006835956211067,0.6115250587463379,0.3884749412536621,0.03618813706894443,5.147957618292215,0.023706896551724137,0.1871272624188561,7.893368160213567
frame_000,frame_002,0,2,5,2,False,False,791,shopping cart,0.289790483567422,1.2385970875663328,0.5736445188522339,0.4263554811477661,0.03702716152718381,5.248635285210929,0.010775862068965518,0.08354741698143513,7.753200295877179
frame_000,frame_003,0,3,5,3,False,False,791,shopping cart,0.28919438560009847,1.2406562024402659,0.56560218334198,0.43439781665802,0.037284984994363786,5.2646163863076065,0.01939655172413793,0.15343412958002559,7.910381791681319
frame_000,frame_004,0,4,5,4,False,False,835,sundial,0.2359305692348542,1.4442177153986921,0.5948411226272583,0.4051588773727417,0.030208367851169742,5.350777398458815,0.015086206896551725,0.09341036620495688,6.191772845585713
frame_000,frame_005,0,5,5,5,False,False,835,sundial,0.19069890050324204,1.6570595319758035,0.5394476652145386,0.4605523347854614,0.030325841207061038,5.338752432513218,0.01939655172413793,0.12078765333363037,6.227274571867166
frame_000,frame_006,0,6,5,6,False,True,835,sundial,0.20080815257349174,1.6054052915231432,0.5334793329238892,0.46652066707611084,0.023733662473924017,5.3782079016080395,0.023706896551724137,0.14707543767671247,6.203909371090417
frame_000,frame_007,0,7,5,7,False,False,835,sundial,0.3116288361384971,1.1659424271026808,0.5832433104515076,0.41675668954849243,0.038698200322186585,5.331601596949925,0.023706896551724137,0.22814962004865602,9.62376579114331
frame_000,frame_008,0,8,5,8,False,False,835,sundial,0.18773339201489336,1.6727324502271304,0.5629221200942993,0.4370778799057007,0.03537692494277398,5.280669279964792,0.023706896551724137,0.2123635052639507,8.957878767497558
frame_000,frame_009,0,9,5,9,False,False,510,"container ship, containership, container vessel",0.12155639167532369,2.10737699486108,0.5363771915435791,0.4636228084564209,0.03192031372285076,5.27818487188018,0.02586206896551724,0.19354237384993947,7.4836384555309925
frame_000,frame_010,0,10,5,10,False,False,510,"container ship, containership, container vessel",0.14000769397045865,1.9660579009510621,0.5583903789520264,0.44160962104797363,0.02869242964581487,5.339711523680093,0.028017241379310345,0.1699683143309546,6.066561373043303
frame_000,frame_011,0,11,5,11,False,False,573,go-kart,0.1570752125144134,1.851030527745365,0.5755255222320557,0.42447447776794434,0.043512675738801396,5.235869015219039,0.034482758620689655,0.25037439883214496,7.260857566132204
frame_000,frame_012,0,12,5,12,False,False,573,go-kart,0.17562300081558974,1.7394156222153452,0.6232743263244629,0.3767256736755371,0.02880054538928915,5.299911024373392,0.03879310344827586,0.2405703334666835,6.201368596030063
frame_000,frame_013,0,13,5,13,False,False,573,go-kart,0.31374986051524195,1.1591592331091762,0.6226118803024292,0.3773881196975708,0.0229738690681167,5.345107140769452,0.03879310344827586,0.2678023515304857,6.903349506119187
frame_000,frame_014,0,14,5,14,False,False,912,"worm fence, snake fence, snake-rail fence, Virginia fence",0.4516102172486783,0.794935822408358,0.6702550649642944,0.32974493503570557,0.030093351007246312,5.36119649655411,0.034482758620689655,0.219392360970027,6.362378468130784
frame_000,frame_015,0,15,5,15,True,False,912,"worm fence, snake fence, snake-rail fence, Virginia fence",0.5791508891089302,0.5461922324086723,0.6961313486099243,0.3038686513900757,0.026965743204961663,5.388501234694603,0.036637931034482756,0.22693776663178528,6.194066101008728
frame_000,frame_016,0,16,5,16,False,False,912,"worm fence, snake fence, snake-rail fence, Virginia fence",0.3546266000372215,1.0366898739500918,0.5739685297012329,0.4260314702987671,0.029466627054831433,5.347386280994392,0.04741379310344827,0.30200834365577384,6.369630520739958
frame_000,frame_017,0,17,5,17,False,False,791,shopping cart,0.22169746882069538,1.5064415795621904,0.5561524629592896,0.44384753704071045,0.020785830887297872,5.350820960114137,0.05387931034482758,0.29181898887761876,5.416160433568605
frame_000,frame_001,0,1,10,1,False,False,421,"bannister, banister, balustrade, balusters, handrail",0.37845016637184486,0.9716708756132513,0.6741055250167847,0.32589447498321533,0.06378361453897971,4.699755266683656,0.023706896551724137,0.22848922937976193,9.638091130200868
frame_000,frame_002,0,2,10,2,False,False,421,"bannister, banister, balustrade, balusters, handrail",0.35845623493306056,1.0259487046845517,0.7001522779464722,0.29984772205352783,0.061689293878525606,4.750594303947656,0.010775862068965518,0.15155150310352827,14.063979488007423
frame_000,frame_003,0,3,10,3,False,False,421,"bannister, banister, balustrade, balusters, handrail",0.4393133190855636,0.8225424095764156,0.7421523928642273,0.2578476071357727,0.07190568069995028,4.805413310200019,0.01939655172413793,0.17046372475890864,8.788352032014846
frame_000,frame_004,0,4,10,4,False,False,835,sundial,0.7228303037656676,0.3245807956231744,0.8197274208068848,0.18027257919311523,0.0672972728035155,4.887864400966943,0.015086206896551725,0.11460574298799377,7.596723535204158
frame_000,frame_005,0,5,10,5,False,False,835,sundial,0.7585654799784075,0.2763261556685874,0.8479368686676025,0.15206313133239746,0.057922620294725086,5.083691080218335,0.01939655172413793,0.08937710774849902,4.607886443922617
frame_000,frame_006,0,6,10,6,False,False,835,sundial,0.37756410986302263,0.9740148972603913,0.7419441938400269,0.25805580615997314,0.08071722820214373,4.953149018699202,0.023706896551724137,0.11677699933351875,4.925866153704791
frame_000,frame_007,0,7,10,7,False,False,835,sundial,0.7217806342253932,0.32603401696796497,0.8254615068435669,0.1745384931564331,0.08189450376743804,4.915892030885604,0.023706896551724137,0.1964058181632223,8.284754511612286
frame_000,frame_008,0,8,10,8,False,False,835,sundial,0.3527472487805627,1.0420034876260138,0.6925798058509827,0.30742019414901733,0.06160652617744837,4.738498320044907,0.023706896551724137,0.23721653368229884,10.006224693507878
frame_000,frame_009,0,9,10,9,False,False,416,"balance beam, beam",0.648255730270284,0.4334700150030739,0.7944905757904053,0.20550942420959473,0.07201567970499687,4.696103225521742,0.02586206896551724,0.23112906330402874,8.936990447755779
frame_000,frame_010,0,10,10,10,False,False,416,"balance beam, beam",0.6233759681751054,0.4726054619987803,0.8036707639694214,0.1963292360305786,0.07872740995528232,4.7227720709590315,0.028017241379310345,0.20578571897697917,7.344967200409102
frame_000,frame_011,0,11,10,11,False,False,421,"bannister, banister, balustrade, balusters, handrail",0.6228520096389929,0.4734463331336176,0.7707735300064087,0.2292264699935913,0.08760321089451896,4.641107651148857,0.034482758620689655,0.32907023415857684,9.543036790598729
frame_000,frame_012,0,12,10,12,True,False,421,"bannister, banister, balustrade, balusters, handrail",0.8459632365683539,0.16727937591309772,0.8906229138374329,0.10937708616256714,0.06360813890130824,4.921520728804498,0.03879310344827586,0.26509106898423734,6.8334586671492294
frame_000,frame_013,0,13,10,13,False,False,421,"bannister, banister, balustrade, balusters, handrail",0.8342937220379208,0.18116975392811696,0.8695099353790283,0.13049006462097168,0.06013954832602064,5.02153374928759,0.03879310344827586,0.3014018268550423,7.7694693144855345
frame_000,frame_014,0,14,10,14,False,True,421,"bannister, banister, balustrade, balusters, handrail",0.24524956219564184,1.4054789656732556,0.644586443901062,0.355413556098938,0.04423110108274779,4.9218429391486005,0.034482758620689655,0.29128963610095404,8.447399446927667
frame_000,frame_015,0,15,10,15,False,False,912,"worm fence, snake fence, snake-rail fence, Virginia fence",0.2911775764093349,1.2338219697133956,0.6753475666046143,0.32465243339538574,0.0427800718140025,4.997358006663364,0.036637931034482756,0.29992423824650827,8.186167443904697
frame_000,frame_016,0,16,10,16,False,False,416,"balance beam, beam",0.5152762879749611,0.6630520406683766,0.714651346206665,0.28534865379333496,0.04326569251796156,5.008490758728268,0.04741379310344827,0.3129692473916819,6.600805944988201
frame_000,frame_017,0,17,10,17,False,False,416,"balance beam, beam",0.864413765074711,0.14570373004918435,0.887563943862915,0.11243605613708496,0.0488283750058619,5.017802167723297,0.05387931034482758,0.3346659116472318,6.211399320172623
frame_000,frame_001,0,1,20,1,False,True,835,sundial,0.186779196574069,1.6778281267657058,0.6041889190673828,0.3958110809326172,0.035127743039223794,5.368416526029513,0.023706896551724137,0.08594075894871217,3.6251374683820408
frame_000,frame_002,0,2,20,2,False,False,835,sundial,0.3054762991920385,1.185883083766127,0.6697975397109985,0.33020246028900146,0.023240178277042025,5.454353530461112,0.010775862068965518,0.03501780015969401,3.249651854819604
frame_000,frame_003,0,3,20,3,False,False,421,"bannister, banister, balustrade, balusters, handrail",0.5018149426627155,0.6895238673689907,0.6902049779891968,0.3097950220108032,0.027920195812533934,5.411043461824086,0.01939655172413793,0.038539576636292934,1.9869292843599913
frame_000,frame_004,0,4,20,4,False,False,835,sundial,0.6357378769752826,0.4529689437169587,0.7735067009925842,0.22649329900741577,0.030965755045838907,5.441603255296302,0.015086206896551725,0.027583602835613157,1.8283988165320721
frame_000,frame_005,0,5,20,5,False,False,835,sundial,0.6401604697872805,0.44603640001432054,0.7928293943405151,0.20717060565948486,0.023169090847319905,5.473993237785255,0.01939655172413793,0.028515452744757606,1.47013000817417
frame_000,frame_006,0,6,20,6,False,False,675,moving van,0.2787710154354131,1.2773645673530705,0.6678293943405151,0.33217060565948486,0.04088147365408834,5.443456326308061,0.023706896551724137,0.026684408159404743,1.1255968532694365
frame_000,frame_007,0,7,20,7,False,False,835,sundial,0.7333219354600511,0.310170470979102,0.8049387335777283,0.19506126642227173,0.03207033506541841,5.455608447236154,0.023706896551724137,0.046995076096380296,1.9823377553382235
frame_000,frame_008,0,8,20,8,False,False,421,"bannister, banister, balustrade, balusters, handrail",0.48613919465874167,0.7212602873259604,0.6922610998153687,0.30773890018463135,0.03153043658760763,5.4214514525998,0.023706896551724137,0.05630429689122776,2.37501761432088
frame_000,frame_009,0,9,20,9,False,False,421,"bannister, banister, balustrade, balusters, handrail",0.2700190702672723,1.30926269185846,0.6186428666114807,0.3813571333885193,0.03743078893785904,5.371884258234078,0.02586206896551724,0.05070878088400533,1.9607395275148727
frame_000,frame_010,0,10,20,10,False,False,421,"bannister, banister, balustrade, balusters, handrail",0.3571780814064835,1.0295207941064197,0.6853224039077759,0.3146775960922241,0.025473025058151473,5.3575318072669615,0.028017241379310345,0.06509345443302246,2.3233356043786477
frame_000,frame_011,0,11,20,11,False,False,421,"bannister, banister, balustrade, balusters, handrail",0.6422044600333366,0.44284855242194404,0.7766138315200806,0.22338616847991943,0.029551359190045465,5.403403404816487,0.034482758620689655,0.08216422052147922,2.382762395122897
frame_000,frame_012,0,12,20,12,True,False,421,"bannister, banister, balustrade, balusters, handrail",0.8684405091756188,0.14105619400562475,0.9000714421272278,0.09992855787277222,0.03350954598237592,5.458607478981423,0.03879310344827586,0.08026712773517214,2.0691081816177705
frame_000,frame_013,0,13,20,13,False,False,421,"bannister, banister, balustrade, balusters, handrail",0.7982223309984445,0.22536811006322321,0.8486945033073425,0.15130549669265747,0.03242345510271154,5.535340756902348,0.03879310344827586,0.0896874826947653,2.31194399835395
frame_000,frame_014,0,14,20,14,False,False,421,"bannister, banister, balustrade, balusters, handrail",0.33957960039867335,1.0800468958466176,0.6879715919494629,0.3120284080505371,0.028484133690573496,5.49965299885105,0.034482758620689655,0.08485486346667426,2.4607910405335534
frame_000,frame_015,0,15,20,15,False,False,912,"worm fence, snake fence, snake-rail fence, Virginia fence",0.3544061259889903,1.0373117748786225,0.689274251461029,0.31072574853897095,0.02693527710029571,5.556261794021554,0.036637931034482756,0.1041217792668428,2.841912092930298
frame_000,frame_016,0,16,20,16,False,False,471,cannon,0.2519118234676317,1.3786761595768855,0.6398072242736816,0.36019277572631836,0.030076142649452752,5.5520321536875,0.04741379310344827,0.09652551762563119,2.0358109171951306
frame_000,frame_017,0,17,20,17,False,False,416,"balance beam, beam",0.23688030179480743,1.4402003211487169,0.6630918979644775,0.33690810203552246,0.021550728165502048,5.574296525054516,0.05387931034482758,0.08516651326109856,1.5806904861259894
frame_000,frame_001,0,1,30,1,False,True,835,sundial,0.25560264503452934,1.3641312081968966,0.5697537660598755,0.4302462339401245,0.03131499092476234,5.177882490116354,0.023706896551724137,0.03894587033050617,1.6428076212140785
frame_000,frame_002,0,2,30,2,False,False,835,sundial,0.32380290062050965,1.1276202797166204,0.6313382387161255,0.3686617612838745,0.027597321478556473,5.232096329561159,0.010775862068965518,0.015690471205529917,1.4560757278731762
frame_000,frame_003,0,3,30,3,False,False,421,"bannister, banister, balustrade, balusters, handrail",0.3493917728971768,1.0515614279326786,0.6306904554367065,0.36930954456329346,0.02450405249981031,5.292617710839507,0.01939655172413793,0.0215378229839966,1.1103944293971582
frame_000,frame_004,0,4,30,4,False,False,835,sundial,0.8093472027828037,0.2115272787361393,0.8488396406173706,0.1511603593826294,0.024267194521906815,5.268401020066776,0.015086206896551725,0.010112159074164316,0.6702916872017489
frame_000,frame_005,0,5,30,5,False,False,835,sundial,0.830829571339205,0.1853305938013894,0.8619233965873718,0.13807660341262817,0.026464756599893686,5.272090233379106,0.01939655172413793,0.00909444067673948,0.46886894155634645
frame_000,frame_006,0,6,30,6,False,False,835,sundial,0.3603318635707619,1.0207298289164102,0.6445415616035461,0.35545843839645386,0.02872418433273801,5.281674174451483,0.023706896551724137,0.017340616716348765,0.7314587414896206
frame_000,frame_007,0,7,30,7,False,False,835,sundial,0.7263445414281675,0.3197308017624989,0.8086420297622681,0.19135797023773193,0.022068405664413974,5.328832001225711,0.023706896551724137,0.03766071785472622,1.588597553144815
frame_000,frame_008,0,8,30,8,False,False,835,sundial,0.2467696011484238,1.3993001665452063,0.626466691493988,0.37353330850601196,0.0380662347336133,5.269445780922876,0.023706896551724137,0.02784755425498718,1.1746604703921866
frame_000,frame_009,0,9,30,9,False,False,416,"balance beam, beam",0.20589020228991448,1.580412250879447,0.5804343223571777,0.41956567764282227,0.04090721833909686,5.274506262713599,0.02586206896551724,0.03881671648549267,1.5009130374390498
frame_000,frame_010,0,10,30,10,False,False,421,"bannister, banister, balustrade, balusters, handrail",0.2835220700406989,1.2604653103762913,0.6886866092681885,0.3113133907318115,0.036535449795328676,5.272540774759296,0.028017241379310345,0.04473120392480159,1.5965598939313796
frame_000,frame_011,0,11,30,11,False,False,421,"bannister, banister, balustrade, balusters, handrail",0.7149072775242163,0.3356024264818518,0.7892047762870789,0.21079522371292114,0.03314196686160537,5.330760299184203,0.034482758620689655,0.05673859656095964,1.6454193002678297
frame_000,frame_012,0,12,30,12,False,False,421,"bannister, banister, balustrade, balusters, handrail",0.8422429119814562,0.17168681230647964,0.8837282061576843,0.11627179384231567,0.04457006933990574,5.253283745041292,0.03879310344827586,0.08249099643666302,2.126434574811758
frame_000,frame_013,0,13,30,13,True,False,421,"bannister, banister, balustrade, balusters, handrail",0.8428693083151603,0.17094336465354487,0.8848204016685486,0.11517959833145142,0.044224824114638,5.245535434311112,0.03879310344827586,0.08156668989486521,2.1026080061787473
frame_000,frame_014,0,14,30,14,False,False,421,"bannister, banister, balustrade, balusters, handrail",0.31085504004461156,1.1684285846468678,0.6604878902435303,0.3395121097564697,0.03877780215235827,5.318348258576897,0.034482758620689655,0.03614308098363479,1.048149348525409
frame_000,frame_015,0,15,30,15,False,False,612,"jinrikisha, ricksha, rickshaw",0.4426606265656394,0.8149518825134963,0.7234472036361694,0.27655279636383057,0.03140824273028586,5.360266955067311,0.036637931034482756,0.04025004901197291,1.0985895730326725
frame_000,frame_016,0,16,30,16,False,False,912,"worm fence, snake fence, snake-rail fence, Virginia fence",0.18317299818755486,1.6973242274109752,0.5946180820465088,0.4053819179534912,0.029270310089771247,5.307832778544376,0.04741379310344827,0.05043075705137439,1.06363051235626
frame_000,frame_017,0,17,30,17,False,False,612,"jinrikisha, ricksha, rickshaw",0.2234241775706098,1.498683172730252,0.6773041486740112,0.32269585132598877,0.033449992245669774,5.259283607136133,0.05387931034482758,0.042911469445581794,0.7964368729099982
frame_000,frame_001,0,1,40,1,False,False,835,sundial,0.5012578517667124,0.6906346361115494,0.6979684829711914,0.3020315170288086,0.1465316848186428,3.651319987665915,0.023706896551724137,0.49303602479130154,20.797155954833084
frame_000,frame_002,0,2,40,2,False,False,835,sundial,0.49448158282819765,0.704245372640858,0.707770824432373,0.29222917556762695,0.24270826976755955,3.5766272546869557,0.010775862068965518,0.3448492000636969,32.00200576591107
frame_000,frame_003,0,3,40,3,False,False,835,sundial,0.43151551426798357,0.8404518148338846,0.6686115264892578,0.3313884735107422,0.09147806614894839,3.8907304983900577,0.01939655172413793,0.36915780263293746,19.03213560240922
frame_000,frame_004,0,4,40,4,False,False,835,sundial,0.8941529767404104,0.11187840352495204,0.9053211212158203,0.09467887878417969,0.1010896151334602,4.005766180419742,0.015086206896551725,0.26124242971953865,17.316641055695133
frame_000,frame_005,0,5,40,5,True,False,835,sundial,0.8876427731299287,0.11918589943862523,0.9141285419464111,0.08587145805358887,0.07518958514286259,4.2693486239116005,0.01939655172413793,0.28753200805217727,14.823872415134472
frame_000,frame_006,0,6,40,6,False,False,835,sundial,0.41567707926327385,0.8778465719312614,0.713974118232727,0.28602588176727295,0.08773320285560277,4.25879117769008,0.023706896551724137,0.3549963260036757,14.974390478700503
frame_000,frame_007,0,7,40,7,False,False,835,sundial,0.8581187313512435,0.15301280753975943,0.8957337141036987,0.10426628589630127,0.13094180841275135,4.013914759203385,0.023706896551724137,0.48700313806056844,20.542677823645796
frame_000,frame_008,0,8,40,8,False,False,835,sundial,0.32193486603550686,1.1334060332918003,0.6587939262390137,0.34120607376098633,0.12206259540790106,3.5620647801930807,0.023706896551724137,0.5515516498532846,23.265451411993098
frame_000,frame_009,0,9,40,9,False,False,416,"balance beam, beam",0.5704703229853771,0.5612941303400216,0.7172695398330688,0.28273046016693115,0.0958682846644636,3.8423966026015446,0.02586206896551724,0.43483331986111223,16.813555034629672
frame_000,frame_010,0,10,40,10,False,False,416,"balance beam, beam",0.5936044387008297,0.5215421095611861,0.784339189529419,0.21566081047058105,0.12324116763333645,4.05880420621255,0.028017241379310345,0.4235835307037414,15.118673711272
frame_000,frame_011,0,11,40,11,False,False,421,"bannister, banister, balustrade, balusters, handrail",0.6923046102329351,0.3677292320209875,0.7896678447723389,0.21033215522766113,0.1178362155398238,3.7052908490515604,0.034482758620689655,0.5254569467998793,15.2382514571965
frame_000,frame_012,0,12,40,12,False,False,421,"bannister, banister, balustrade, balusters, handrail",0.7924011691439251,0.23268748871218015,0.856245219707489,0.143754780292511,0.06183058670647166,3.9607042786381927,0.03879310344827586,0.4331552952188819,11.165780943420067
frame_000,frame_013,0,13,40,13,False,False,421,"bannister, banister, balustrade, balusters, handrail",0.7801067838020617,0.2483244663584302,0.8505700826644897,0.14942991733551025,0.09152566287944593,3.9940788744184736,0.03879310344827586,0.5650022138801265,14.564501513354372
frame_000,frame_014,0,14,40,14,False,True,912,"worm fence, snake fence, snake-rail fence, Virginia fence",0.2813214934776703,1.26825715873489,0.6578179597854614,0.3421820402145386,0.08798108969961056,4.048001821188608,0.034482758620689655,0.4919196963302237,14.265671193576487
frame_000,frame_015,0,15,40,15,False,False,912,"worm fence, snake fence, snake-rail fence, Virginia fence",0.33798530227459755,1.0847528688392738,0.7093948125839233,0.29060518741607666,0.08079771760371175,4.065788540287447,0.036637931034482756,0.5402172698053102,14.744753717039055
frame_000,frame_016,0,16,40,16,False,False,416,"balance beam, beam",0.2348951300749897,1.4486161194394174,0.6672160625457764,0.33278393745422363,0.21604489557993536,3.7146217658446417,0.04741379310344827,0.6700330571722926,14.131606296724716
frame_000,frame_017,0,17,40,17,False,False,416,"balance beam, beam",0.5355137808251828,0.624528654924652,0.7981758117675781,0.20182418823242188,0.14562427787194387,4.007956894147626,0.05387931034482758,0.6562465840317554,12.17993659962938
frame_000,frame_001,0,1,50,1,False,False,471,cannon,0.33315473296171444,1.0991482333756775,0.6695095300674438,0.33049046993255615,0.09255678298124204,4.5317112874526,0.023706896551724137,0.15603691400518094,6.5819207362185415
frame_000,frame_002,0,2,50,2,False,False,471,cannon,0.3136927089069615,1.1593414063031027,0.6858621835708618,0.3141378164291382,0.04928115457065041,4.6990848681548965,0.010775862068965518,0.0647541638909984,6.009186409084651
frame_000,frame_003,0,3,50,3,False,True,421,"bannister, banister, balustrade, balusters, handrail",0.22990428682968633,1.4700922008897317,0.6222542524337769,0.37774574756622314,0.07178128466085365,4.671434450770838,0.01939655172413793,0.12441088531116744,6.414072309375744
frame_000,frame_004,0,4,50,4,False,False,835,sundial,0.8622134355431528,0.14825243392905207,0.8927087783813477,0.10729122161865234,0.04637575902670059,4.798541946955774,0.015086206896551725,0.03833624447852519,2.5411453482908124
frame_000,frame_005,0,5,50,5,False,False,835,sundial,0.9179978389321465,0.08556024246883309,0.933074951171875,0.066925048828125,0.08932679618980988,4.679058437319054,0.01939655172413793,0.03372263642490869,1.7385892556841813
frame_000,frame_006,0,6,50,6,False,False,835,sundial,0.33867691325157534,1.0827086843054126,0.7286574244499207,0.27134257555007935,0.10091522379445945,4.603210502044506,0.023706896551724137,0.0619169209140172,2.6117683003730896
frame_000,frame_007,0,7,50,7,False,False,835,sundial,0.8135777015425791,0.2063138417735919,0.8813696503639221,0.11863034963607788,0.09154856836406854,4.681546164939869,0.023706896551724137,0.20670305005742542,8.719110475149582
frame_000,frame_008,0,8,50,8,False,False,835,sundial,0.27249739892244207,1.300126210163139,0.7117897272109985,0.28821027278900146,0.08191391192684934,4.687956208209117,0.023706896551724137,0.1713626145662803,7.228386650795824
frame_000,frame_009,0,9,50,9,False,False,416,"balance beam, beam",0.6837632276475824,0.38014357969620605,0.7975637912750244,0.20243620872497559,0.054065111822436736,4.6939182201464185,0.02586206896551724,0.1588522628763508,6.142287497885564
frame_000,frame_010,0,10,50,10,False,False,416,"balance beam, beam",0.44009697162765277,0.8207601862893052,0.7814599275588989,0.21854007244110107,0.04629910932657619,4.828119696729195,0.028017241379310345,0.12609311094946762,4.500554113888691
frame_000,frame_011,0,11,50,11,False,False,421,"bannister, banister, balustrade, balusters, handrail",0.699575542220462,0.3572814961107973,0.8118842840194702,0.18811571598052979,0.06601858771678097,4.666062188316306,0.034482758620689655,0.20561773317446802,5.962914262059573
frame_000,frame_012,0,12,50,12,True,False,421,"bannister, banister, balustrade, balusters, handrail",0.9279659889472076,0.07476019670892942,0.9357255101203918,0.06427448987960815,0.051297851069354534,4.859056588885421,0.03879310344827586,0.17146399275700835,4.41996070218066
frame_000,frame_013,0,13,50,13,False,False,421,"bannister, banister, balustrade, balusters, handrail",0.8817728367743367,0.1258208108258705,0.8994880318641663,0.10051196813583374,0.07904576473402182,4.808421032722901,0.03879310344827586,0.17050611043621539,4.395268624577996
frame_000,frame_014,0,14,50,14,False,False,912,"worm fence, snake fence, snake-rail fence, Virginia fence",0.22780530407661753,1.479263944321695,0.6400886178016663,0.35991138219833374,0.09378545995949723,4.793816058073849,0.034482758620689655,0.1276647079438819,3.702276530372575
frame_000,frame_015,0,15,50,15,False,False,912,"worm fence, snake fence, snake-rail fence, Virginia fence",0.38930068308847143,0.9434032697089786,0.7088626027107239,0.2911373972892761,0.06271862324683813,4.8757880411961345,0.036637931034482756,0.153716420302356,4.195554060017247
frame_000,frame_016,0,16,50,16,False,False,416,"balance beam, beam",0.3743695289956357,0.9825119239203445,0.6734764575958252,0.3265235424041748,0.055101927346159964,4.9270846190788316,0.04741379310344827,0.16850801899308956,3.5539873096724346
frame_000,frame_017,0,17,50,17,False,False,416,"balance beam, beam",0.5947444999422818,0.5196233775218942,0.7788784503936768,0.22112154960632324,0.04282426500877854,4.949789306676006,0.05387931034482758,0.17754439425288138,3.2952239573334787
frame_001,frame_000,1,0,5,-1,False,False,791,shopping cart,0.3929778623810357,0.9340019985187071,0.6119171380996704,0.3880828619003296,0.03560780823362136,5.118989700652957,0.015086206896551725,0.17007524947825048,11.273559393986888
frame_001,frame_002,1,2,5,1,False,False,791,shopping cart,0.289790483567422,1.2385970875663328,0.5736445188522339,0.4263554811477661,0.03739771239100705,5.218576388243164,0.010775862068965518,0.0855325374828838,7.937419478411615
frame_001,frame_003,1,3,5,2,False,False,791,shopping cart,0.28919438560009847,1.2406562024402659,0.56560218334198,0.43439781665802,0.03805924251853515,5.233978777722426,0.01939655172413793,0.15922624153656895,8.208997341440888
frame_001,frame_004,1,4,5,3,False,False,835,sundial,0.2359305692348542,1.4442177153986921,0.5948411226272583,0.4051588773727417,0.03074071131238691,5.324835501511947,0.015086206896551725,0.09588567096702663,6.355850189814336
frame_001,frame_005,1,5,5,4,False,False,835,sundial,0.19069890050324204,1.6570595319758035,0.5394476652145386,0.4605523347854614,0.030161561436501387,5.316496182653415,0.01939655172413793,0.12262461610651745,6.321980208158233
frame_001,frame_006,1,6,5,5,False,True,835,sundial,0.20080815257349174,1.6054052915231432,0.5334793329238892,0.46652066707611084,0.024616442589544638,5.354304361669584,0.023706896551724137,0.14941814616005206,6.302729074387651
frame_001,frame_007,1,7,5,6,False,False,835,sundial,0.3116288361384971,1.1659424271026808,0.5832433104515076,0.41675668954849243,0.04113979237473,5.298812870853887,0.023706896551724137,0.2353917791536677,9.92925322975471
frame_001,frame_008,1,8,5,7,False,False,835,sundial,0.18773339201489336,1.6727324502271304,0.5629221200942993,0.4370778799057007,0.035508993959331776,5.2507319849997485,0.023706896551724137,0.21613414552880636,9.116931229578741
frame_001,frame_009,1,9,5,8,False,False,510,"container ship, containership, container vessel",0.12155639167532369,2.10737699486108,0.5363771915435791,0.4636228084564209,0.034895404786996674,5.254406536886432,0.02586206896551724,0.19763511782583496,7.641891222598952
frame_001,frame_010,1,10,5,9,False,False,510,"container ship, containership, container vessel",0.14000769397045865,1.9660579009510621,0.5583903789520264,0.44160962104797363,0.030018227540498724,5.321875817131155,0.028017241379310345,0.17179047921364882,6.131598642702542
frame_001,frame_011,1,11,5,10,False,False,573,go-kart,0.1570752125144134,1.851030527745365,0.5755255222320557,0.42447447776794434,0.042494833692008106,5.2143846020995905,0.034482758620689655,0.2520082932129005,7.308240503174115
frame_001,frame_012,1,12,5,11,False,False,573,go-kart,0.17562300081558974,1.7394156222153452,0.6232743263244629,0.3767256736755371,0.02975181382638745,5.2851853531003465,0.03879310344827586,0.2407918540676443,6.207078904854831
frame_001,frame_013,1,13,5,12,False,False,573,go-kart,0.31374986051524195,1.1591592331091762,0.6226118803024292,0.3773881196975708,0.02428131356724478,5.328167449997782,0.03879310344827586,0.27126278410941834,6.992551768153895
frame_001,frame_014,1,14,5,13,False,False,912,"worm fence, snake fence, snake-rail fence, Virginia fence",0.4516102172486783,0.794935822408358,0.6702550649642944,0.32974493503570557,0.033076237980400346,5.344463170822067,0.034482758620689655,0.2177155873822979,6.313752034086639
frame_001,frame_015,1,15,5,14,True,False,912,"worm fence, snake fence, snake-rail fence, Virginia fence",0.5791508891089302,0.5461922324086723,0.6961313486099243,0.3038686513900757,0.028869352467132205,5.36916105483669,0.036637931034482756,0.22602992276350886,6.169287303662831
frame_001,frame_016,1,16,5,15,False,False,912,"worm fence, snake fence, snake-rail fence, Virginia fence",0.3546266000372215,1.0366898739500918,0.5739685297012329,0.4260314702987671,0.028845271113787863,5.330140743528719,0.04741379310344827,0.3036507528323694,6.40427042337361
frame_001,frame_017,1,17,5,16,False,False,791,shopping cart,0.22169746882069538,1.5064415795621904,0.5561524629592896,0.44384753704071045,0.021788250283102818,5.336798941437509,0.05387931034482758,0.29268756358579645,5.4322811801523825
frame_001,frame_000,1,0,10,-1,False,True,835,sundial,0.23250623265405657,1.4588382471998085,0.5932960510253906,0.4067039489746094,0.08988543533707964,4.828004130415071,0.015086206896551725,0.11622815493657457,7.704266270081514
frame_001,frame_002,1,2,10,1,False,False,421,"bannister, banister, balustrade, balusters, handrail",0.35845623493306056,1.0259487046845517,0.7001522779464722,0.29984772205352783,0.0612948865900128,4.789134422013732,0.010775862068965518,0.14271881844636397,13.244306351822576
frame_001,frame_003,1,3,10,2,False,False,421,"bannister, banister, balustrade, balusters, handrail",0.4393133190855636,0.8225424095764156,0.7421523928642273,0.2578476071357727,0.06964731258513158,4.838290126000176,0.01939655172413793,0.166983271793791,8.608915345813225
frame_001,frame_004,1,4,10,3,False,False,835,sundial,0.7228303037656676,0.3245807956231744,0.8197274208068848,0.18027257919311523,0.06722602102239693,4.913112611511877,0.015086206896551725,0.10608029950139453,7.031608424092437
frame_001,frame_005,1,5,10,4,False,False,835,sundial,0.7585654799784075,0.2763261556685874,0.8479368686676025,0.15206313133239746,0.06348152440486654,5.096727101282382,0.01939655172413793,0.08211104018613,4.23328029404048
frame_001,frame_006,1,6,10,5,False,False,835,sundial,0.37756410986302263,0.9740148972603913,0.7419441938400269,0.25805580615997314,0.08169026719595136,4.965485463033394,0.023706896551724137,0.1108533675374931,4.6759965943088
frame_001,frame_007,1,7,10,6,False,False,835,sundial,0.7217806342253932,0.32603401696796497,0.8254615068435669,0.1745384931564331,0.08557490312563869,4.941945149094025,0.023706896551724137,0.19022712229632807,8.024125885954202
frame_001,frame_008,1,8,10,7,False,False,835,sundial,0.3527472487805627,1.0420034876260138,0.6925798058509827,0.30742019414901733,0.06531576014986891,4.769622756044026,0.023706896551724137,0.21637511662433676,9.127095828517477
frame_001,frame_009,1,9,10,8,False,False,416,"balance beam, beam",0.648255730270284,0.4334700150030739,0.7944905757904053,0.20550942420959473,0.07109822245411414,4.7215203550191145,0.02586206896551724,0.22256223525453567,8.605739763175379
frame_001,frame_010,1,10,10,9,False,False,416,"balance beam, beam",0.6233759681751054,0.4726054619987803,0.8036707639694214,0.1963292360305786,0.0772304005117051,4.741466082874253,0.028017241379310345,0.1973552130955391,7.0440629904869345
frame_001,frame_011,1,11,10,10,False,False,421,"bannister, banister, balustrade, balusters, handrail",0.6228520096389929,0.4734463331336176,0.7707735300064087,0.2292264699935913,0.08343976682116133,4.689907053089353,0.034482758620689655,0.31156976831779937,9.035523281216182
frame_001,frame_012,1,12,10,11,True,False,421,"bannister, banister, balustrade, balusters, handrail",0.8459632365683539,0.16727937591309772,0.8906229138374329,0.10937708616256714,0.06407507375515022,4.94966724752684,0.03879310344827586,0.25571114945256707,6.591665185888395
frame_001,frame_013,1,13,10,12,False,False,421,"bannister, banister, balustrade, balusters, handrail",0.8342937220379208,0.18116975392811696,0.8695099353790283,0.13049006462097168,0.06103110165085708,5.051519699289209,0.03879310344827586,0.2887010678797976,7.4420719720125605
frame_001,frame_014,1,14,10,13,False,False,421,"bannister, banister, balustrade, balusters, handrail",0.24524956219564184,1.4054789656732556,0.644586443901062,0.355413556098938,0.049517929075672006,4.955510259157908,0.034482758620689655,0.27071654209141444,7.850779720651019
frame_001,frame_015,1,15,10,14,False,False,912,"worm fence, snake fence, snake-rail fence, Virginia fence",0.2911775764093349,1.2338219697133956,0.6753475666046143,0.32465243339538574,0.041705928416780544,5.032071240123077,0.036637931034482756,0.2757544228200189,7.526473658146398
frame_001,frame_016,1,16,10,15,False,False,416,"balance beam, beam",0.5152762879749611,0.6630520406683766,0.714651346206665,0.28534865379333496,0.039552642784476365,5.045002743179541,0.04741379310344827,0.29237500647727627,6.166454682066191
frame_001,frame_017,1,17,10,16,False,False,416,"balance beam, beam",0.864413765074711,0.14570373004918435,0.887563943862915,0.11243605613708496,0.05218678308210251,5.066896253070215,0.05387931034482758,0.31300791986972054,5.809426992782013
frame_001,frame_000,1,0,20,-1,False,True,421,"bannister, banister, balustrade, balusters, handrail",0.16813503047406134,1.7829878695934083,0.560868501663208,0.439131498336792,0.03529715520997696,5.41434099552406,0.015086206896551725,0.0379328111219405,2.514403480082913
frame_001,frame_002,1,2,20,1,False,False,835,sundial,0.3054762991920385,1.185883083766127,0.6697975397109985,0.33020246028900146,0.02602407128801197,5.451040283319719,0.010775862068965518,0.027145214158020466,2.519075873864299
frame_001,frame_003,1,3,20,2,False,False,421,"bannister, banister, balustrade, balusters, handrail",0.5018149426627155,0.6895238673689907,0.6902049779891968,0.3097950220108032,0.03143389496578821,5.41543771415761,0.01939655172413793,0.0309056060232809,1.5933556883113709
frame_001,frame_004,1,4,20,3,False,False,835,sundial,0.6357378769752826,0.4529689437169587,0.7735067009925842,0.22649329900741577,0.029370192671346395,5.428127151277962,0.015086206896551725,0.021359758621019697,1.4158468571647342
frame_001,frame_005,1,5,20,4,False,False,835,sundial,0.6401604697872805,0.44603640001432054,0.7928293943405151,0.20717060565948486,0.022899378245882125,5.46676287865587,0.01939655172413793,0.023310754663948982,1.2017989071191475
frame_001,frame_006,1,6,20,5,False,False,675,moving van,0.2787710154354131,1.2773645673530705,0.6678293943405151,0.33217060565948486,0.037850577185464106,5.434696709415716,0.023706896551724137,0.020289526039822047,0.8558490984070392
frame_001,frame_007,1,7,20,6,False,False,835,sundial,0.7333219354600511,0.310170470979102,0.8049387335777283,0.19506126642227173,0.027759446208017374,5.4563994237076665,0.023706896551724137,0.038326568839749935,1.61668435833127
frame_001,frame_008,1,8,20,7,False,False,421,"bannister, banister, balustrade, balusters, handrail",0.48613919465874167,0.7212602873259604,0.6922610998153687,0.30773890018463135,0.031046280850455545,5.429211682266871,0.023706896551724137,0.043593743358504425,1.8388633562132777
frame_001,frame_009,1,9,20,8,False,False,421,"bannister, banister, balustrade, balusters, handrail",0.2700190702672723,1.30926269185846,0.6186428666114807,0.3813571333885193,0.03871693438378821,5.3639731400577535,0.02586206896551724,0.04054138225775008,1.5676001139663365
frame_001,frame_010,1,10,20,9,False,False,421,"bannister, banister, balustrade, balusters, handrail",0.3571780814064835,1.0295207941064197,0.6853224039077759,0.3146775960922241,0.02924277658407678,5.355452087596005,0.028017241379310345,0.05490321695438163,1.9596225128333133
frame_001,frame_011,1,11,20,10,False,False,421,"bannister, banister, balustrade, balusters, handrail",0.6422044600333366,0.44284855242194404,0.7766138315200806,0.22338616847991943,0.03598797669428105,5.4190263312214135,0.034482758620689655,0.06533461363191095,1.8947037953254178
frame_001,frame_012,1,12,20,11,True,False,421,"bannister, banister, balustrade, balusters, handrail",0.8684405091756188,0.14105619400562475,0.9000714421272278,0.09992855787277222,0.039032258570756144,5.454010875281956,0.03879310344827586,0.06912188936398814,1.7818087036050274
frame_001,frame_013,1,13,20,12,False,False,421,"bannister, banister, balustrade, balusters, handrail",0.7982223309984445,0.22536811006322321,0.8486945033073425,0.15130549669265747,0.03682912201471064,5.523423070910279,0.03879310344827586,0.07775973097327772,2.004473065088937
frame_001,frame_014,1,14,20,13,False,False,421,"bannister, banister, balustrade, balusters, handrail",0.33957960039867335,1.0800468958466176,0.6879715919494629,0.3120284080505371,0.03235904148458028,5.493281476810654,0.034482758620689655,0.07274311979699216,2.1095504741127726
frame_001,frame_015,1,15,20,14,False,False,912,"worm fence, snake fence, snake-rail fence, Virginia fence",0.3544061259889903,1.0373117748786225,0.689274251461029,0.31072574853897095,0.03066203760648726,5.542583240762596,0.036637931034482756,0.08941389403374782,2.440473343038764
frame_001,frame_016,1,16,20,15,False,False,471,cannon,0.2519118234676317,1.3786761595768855,0.6398072242736816,0.36019277572631836,0.033422671200997824,5.538897625647978,0.04741379310344827,0.08103195287444542,1.7090375515337581
frame_001,frame_017,1,17,20,16,False,False,416,"balance beam, beam",0.23688030179480743,1.4402003211487169,0.6630918979644775,0.33690810203552246,0.02536908974979813,5.544773896189659,0.05387931034482758,0.06994249752780213,1.2981327541160075
frame_001,frame_000,1,0,30,-1,False,True,835,sundial,0.27242568404647705,1.3003894211689504,0.569024920463562,0.430975079536438,0.04199146137722341,5.161551026028597,0.015086206896551725,0.014328129694935727,0.9497503112071681
frame_001,frame_002,1,2,30,1,False,False,835,sundial,0.32380290062050965,1.1276202797166204,0.6313382387161255,0.3686617612838745,0.033040448897411916,5.174649466183821,0.010775862068965518,0.011939223461017265,1.107959937182402
frame_001,frame_003,1,3,30,2,False,False,421,"bannister, banister, balustrade, balusters, handrail",0.3493917728971768,1.0515614279326786,0.6306904554367065,0.36930954456329346,0.03199013695027708,5.245816445288856,0.01939655172413793,0.015771460398805462,0.8131064027828594
frame_001,frame_004,1,4,30,3,False,False,835,sundial,0.8093472027828037,0.2115272787361393,0.8488396406173706,0.1511603593826294,0.030789900442544937,5.209334981370399,0.015086206896551725,0.007088370591606955,0.46985770778651814
frame_001,frame_005,1,5,30,4,False,False,835,sundial,0.830829571339205,0.1853305938013894,0.8619233965873718,0.13807660341262817,0.03670226004308708,5.219813603857286,0.01939655172413793,0.0052240911864388515,0.26933092338973635
frame_001,frame_006,1,6,30,5,False,False,835,sundial,0.3603318635707619,1.0207298289164102,0.6445415616035461,0.35545843839645386,0.038235601064621844,5.216178213874691,0.023706896551724137,0.010822654185509154,0.4565192310978407
frame_001,frame_007,1,7,30,6,False,False,835,sundial,0.7263445414281675,0.3197308017624989,0.8086420297622681,0.19135797023773193,0.0313332972643905,5.27366103886752,0.023706896551724137,0.025635721616782264,1.0813613481988156
frame_001,frame_008,1,8,30,7,False,False,835,sundial,0.2467696011484238,1.3993001665452063,0.626466691493988,0.37353330850601196,0.05008504562836737,5.203800494449608,0.023706896551724137,0.01731242340595229,0.7302694963965329
frame_001,frame_009,1,9,30,8,False,False,416,"balance beam, beam",0.20589020228991448,1.580412250879447,0.5804343223571777,0.41956567764282227,0.04700234104254338,5.208824843968385,0.02586206896551724,0.026054518454922126,1.0074413802569888
frame_001,frame_010,1,10,30,9,False,False,421,"bannister, banister, balustrade, balusters, handrail",0.2835220700406989,1.2604653103762913,0.6886866092681885,0.3113133907318115,0.04005154236274251,5.2306440714848765,0.028017241379310345,0.03310529224059371,1.1816042768950372
frame_001,frame_011,1,11,30,10,False,False,421,"bannister, banister, balustrade, balusters, handrail",0.7149072775242163,0.3356024264818518,0.7892047762870789,0.21079522371292114,0.029280322222501067,5.325334803737577,0.034482758620689655,0.03878529751178138,1.12477362784166
frame_001,frame_012,1,12,30,11,False,False,421,"bannister, banister, balustrade, balusters, handrail",0.8422429119814562,0.17168681230647964,0.8837282061576843,0.11627179384231567,0.056950315577089954,5.191497334285149,0.03879310344827586,0.08126011943238323,2.0947053009236565
frame_001,frame_013,1,13,30,12,True,False,421,"bannister, banister, balustrade, balusters, handrail",0.8428693083151603,0.17094336465354487,0.8848204016685486,0.11517959833145142,0.05254757464554544,5.167030224106089,0.03879310344827586,0.07661155722367662,1.9748756973214416
frame_001,frame_014,1,14,30,13,False,False,421,"bannister, banister, balustrade, balusters, handrail",0.31085504004461156,1.1684285846468678,0.6604878902435303,0.3395121097564697,0.04760596504361669,5.2545052063417215,0.034482758620689655,0.021713206230014992,0.6296829806704348
frame_001,frame_015,1,15,30,14,False,False,612,"jinrikisha, ricksha, rickshaw",0.4426606265656394,0.8149518825134963,0.7234472036361694,0.27655279636383057,0.038019843462337166,5.3025862459896675,0.036637931034482756,0.025997138450496823,0.7095689553547369
frame_001,frame_016,1,16,30,15,False,False,912,"worm fence, snake fence, snake-rail fence, Virginia fence",0.18317299818755486,1.6973242274109752,0.5946180820465088,0.4053819179534912,0.03661284936782554,5.246247460525452,0.04741379310344827,0.03382276394432414,0.7133528395530182
frame_001,frame_017,1,17,30,16,False,False,612,"jinrikisha, ricksha, rickshaw",0.2234241775706098,1.498683172730252,0.6773041486740112,0.32269585132598877,0.04145717250122882,5.201880437050043,0.05387931034482758,0.027607212488143205,0.5123898637799379
frame_001,frame_000,1,0,40,-1,False,False,835,sundial,0.41413559501970093,0.8815618345789895,0.6720808744430542,0.3279191255569458,0.11755261332835228,3.885776041597488,0.015086206896551725,0.3814562535649446,25.2851002363049
frame_001,frame_002,1,2,40,1,False,False,835,sundial,0.49448158282819765,0.704245372640858,0.707770824432373,0.29222917556762695,0.20265996432203312,3.7933426764239018,0.010775862068965518,0.31259974986636097,29.009256787598297
frame_001,frame_003,1,3,40,2,False,False,835,sundial,0.43151551426798357,0.8404518148338846,0.6686115264892578,0.3313884735107422,0.08621641166808822,4.021605695661103,0.01939655172413793,0.350627609467428,18.07680119920962
frame_001,frame_004,1,4,40,3,False,False,835,sundial,0.8941529767404104,0.11187840352495204,0.9053211212158203,0.09467887878417969,0.11167682082083331,4.126549007724099,0.015086206896551725,0.2423585697937109,16.064910912040265
frame_001,frame_005,1,5,40,4,True,False,835,sundial,0.8876427731299287,0.11918589943862523,0.9141285419464111,0.08587145805358887,0.0726936390355747,4.373924675881381,0.01939655172413793,0.27175107145265504,14.010277461559104
frame_001,frame_006,1,6,40,5,False,False,835,sundial,0.41567707926327385,0.8778465719312614,0.713974118232727,0.28602588176727295,0.07938218195055022,4.332821377294753,0.023706896551724137,0.3364484951022093,14.19200924794774
frame_001,frame_007,1,7,40,6,False,False,835,sundial,0.8581187313512435,0.15301280753975943,0.8957337141036987,0.10426628589630127,0.11976642829308617,4.097412183243252,0.023706896551724137,0.484022052626275,20.416930219871965
frame_001,frame_008,1,8,40,7,False,False,835,sundial,0.32193486603550686,1.1334060332918003,0.6587939262390137,0.34120607376098633,0.11581444944401077,3.697778824042455,0.023706896551724137,0.5368814237038219,22.646634599870303
frame_001,frame_009,1,9,40,8,False,False,416,"balance beam, beam",0.5704703229853771,0.5612941303400216,0.7172695398330688,0.28273046016693115,0.09677993705129062,3.9096204198741837,0.02586206896551724,0.4332522526964878,16.75242043759753
frame_001,frame_010,1,10,40,9,False,False,416,"balance beam, beam",0.5936044387008297,0.5215421095611861,0.784339189529419,0.21566081047058105,0.1066571825453079,4.152597882771796,0.028017241379310345,0.40527368470357933,14.465153054035447
frame_001,frame_011,1,11,40,10,False,False,421,"bannister, banister, balustrade, balusters, handrail",0.6923046102329351,0.3677292320209875,0.7896678447723389,0.21033215522766113,0.10364741622429863,3.8427252361798936,0.034482758620689655,0.5065894889419201,14.691095179315685
frame_001,frame_012,1,12,40,11,False,False,421,"bannister, banister, balustrade, balusters, handrail",0.7924011691439251,0.23268748871218015,0.856245219707489,0.143754780292511,0.05822838890997409,4.068521619861518,0.03879310344827586,0.42704695746306487,11.008321570159005
frame_001,frame_013,1,13,40,12,False,False,421,"bannister, banister, balustrade, balusters, handrail",0.7801067838020617,0.2483244663584302,0.8505700826644897,0.14942991733551025,0.09611679625771899,4.062536479887187,0.03879310344827586,0.5675440347030167,14.630024005677765
frame_001,frame_014,1,14,40,13,False,True,912,"worm fence, snake fence, snake-rail fence, Virginia fence",0.2813214934776703,1.26825715873489,0.6578179597854614,0.3421820402145386,0.07796384506871332,4.157986609218802,0.034482758620689655,0.49568095448783156,14.374747680147115
frame_001,frame_015,1,15,40,14,False,False,912,"worm fence, snake fence, snake-rail fence, Virginia fence",0.33798530227459755,1.0847528688392738,0.7093948125839233,0.29060518741607666,0.07840791556342663,4.2289601896163225,0.036637931034482756,0.5278277004157853,14.406591352524964
frame_001,frame_016,1,16,40,15,False,False,416,"balance beam, beam",0.2348951300749897,1.4486161194394174,0.6672160625457764,0.33278393745422363,0.19080147473646153,3.883248474607976,0.04741379310344827,0.6570512319532144,13.857807801195067
frame_001,frame_017,1,17,40,16,False,False,416,"balance beam, beam",0.5355137808251828,0.624528654924652,0.7981758117675781,0.20182418823242188,0.12035264966312595,4.172713855483249,0.05387931034482758,0.6290683525154419,11.675508622686603
frame_001,frame_000,1,0,50,-1,False,False,835,sundial,0.19406110671210702,1.6395821864634579,0.6338486671447754,0.3661513328552246,0.04499758848889715,4.628227769848568,0.015086206896551725,0.12972364843114823,8.598824696007538
frame_001,frame_002,1,2,50,1,False,False,471,cannon,0.3136927089069615,1.1593414063031027,0.6858621835708618,0.3141378164291382,0.061870221083551655,4.70596948669697,0.010775862068965518,0.08265479472479391,7.670364950460875
frame_001,frame_003,1,3,50,2,False,True,421,"bannister, banister, balustrade, balusters, handrail",0.22990428682968633,1.4700922008897317,0.6222542524337769,0.37774574756622314,0.06256664477150245,4.70764635948094,0.01939655172413793,0.14962541500534435,7.714021395831086
frame_001,frame_004,1,4,50,3,False,False,835,sundial,0.8622134355431528,0.14825243392905207,0.8927087783813477,0.10729122161865234,0.04080450134002839,4.842708635959781,0.015086206896551725,0.0511943321851184,3.3934528762707052
frame_001,frame_005,1,5,50,4,False,False,835,sundial,0.9179978389321465,0.08556024246883309,0.933074951171875,0.066925048828125,0.08522114901500438,4.760565301613024,0.01939655172413793,0.041982515592566674,2.1644319149945486
frame_001,frame_006,1,6,50,5,False,False,835,sundial,0.33867691325157534,1.0827086843054126,0.7286574244499207,0.27134257555007935,0.10127585129655856,4.628102434698436,0.023706896551724137,0.07152399149909022,3.0170120050525333
frame_001,frame_007,1,7,50,6,False,False,835,sundial,0.8135777015425791,0.2063138417735919,0.8813696503639221,0.11863034963607788,0.10106122264393874,4.664342704320036,0.023706896551724137,0.2357258314787497,9.943344164194533
frame_001,frame_008,1,8,50,7,False,False,835,sundial,0.27249739892244207,1.300126210163139,0.7117897272109985,0.28821027278900146,0.10540181611225409,4.6177897812074775,0.023706896551724137,0.20904197500308325,8.817770581948238
frame_001,frame_009,1,9,50,8,False,False,416,"balance beam, beam",0.6837632276475824,0.38014357969620605,0.7975637912750244,0.20243620872497559,0.050151791745032426,4.674029649579365,0.02586206896551724,0.17673461613376595,6.833738490505617
frame_001,frame_010,1,10,50,9,False,False,416,"balance beam, beam",0.44009697162765277,0.8207601862893052,0.7814599275588989,0.21854007244110107,0.054199296001304624,4.847109348172426,0.028017241379310345,0.14015815037250517,5.002567828680185
frame_001,frame_011,1,11,50,10,False,False,421,"bannister, banister, balustrade, balusters, handrail",0.699575542220462,0.3572814961107973,0.8118842840194702,0.18811571598052979,0.06348656920625367,4.6455770636128735,0.034482758620689655,0.23608533158148384,6.846474615863031
frame_001,frame_012,1,12,50,11,True,False,421,"bannister, banister, balustrade, balusters, handrail",0.9279659889472076,0.07476019670892942,0.9357255101203918,0.06427448987960815,0.051590170285975366,4.873066167323551,0.03879310344827586,0.19636860944962412,5.061946376923644
frame_001,frame_013,1,13,50,12,False,False,421,"bannister, banister, balustrade, balusters, handrail",0.8817728367743367,0.1258208108258705,0.8994880318641663,0.10051196813583374,0.0826536390596524,4.775583613941084,0.03879310344827586,0.19698552076370943,5.077848979686732
frame_001,frame_014,1,14,50,13,False,False,912,"worm fence, snake fence, snake-rail fence, Virginia fence",0.22780530407661753,1.479263944321695,0.6400886178016663,0.35991138219833374,0.09922648335828364,4.77440578714806,0.034482758620689655,0.14415623996153187,4.180530958884424
frame_001,frame_015,1,15,50,14,False,False,912,"worm fence, snake fence, snake-rail fence, Virginia fence",0.38930068308847143,0.9434032697089786,0.7088626027107239,0.2911373972892761,0.06401441986125893,4.881615380782233,0.036637931034482756,0.17231247303971134,4.703116911201533
frame_001,frame_016,1,16,50,15,False,False,416,"balance beam, beam",0.3743695289956357,0.9825119239203445,0.6734764575958252,0.3265235424041748,0.05258621249209848,4.943173737388801,0.04741379310344827,0.18852270463563392,3.976115225042461
frame_001,frame_017,1,17,50,16,False,False,416,"balance beam, beam",0.5947444999422818,0.5196233775218942,0.7788784503936768,0.22112154960632324,0.037368956684748385,4.955895565469671,0.05387931034482758,0.19455365015054027,3.610915746794028
frame_002,frame_000,2,0,5,-2,False,False,791,shopping cart,0.3929778623810357,0.9340019985187071,0.6119171380996704,0.3880828619003296,0.03429861384567055,5.151420533687577,0.015086206896551725,0.16117952149275644,10.683899710376998
frame_002,frame_001,2,1,5,-1,False,False,791,shopping cart,0.40629182547548853,0.9006835956211067,0.6115250587463379,0.3884749412536621,0.0354931130336429,5.151198480791367,0.023706896551724137,0.1820215649266641,7.678000556906559
frame_002,frame_003,2,3,5,1,False,False,791,shopping cart,0.28919438560009847,1.2406562024402659,0.56560218334198,0.43439781665802,0.03642238293869179,5.262982060874094,0.01939655172413793,0.15241855806106244,7.858023437814775
frame_002,frame_004,2,4,5,2,False,False,835,sundial,0.2359305692348542,1.4442177153986921,0.5948411226272583,0.4051588773727417,0.02885032850593863,5.351337481774408,0.015086206896551725,0.09444056745192159,6.260060471098802
frame_002,frame_005,2,5,5,3,False,False,835,sundial,0.19069890050324204,1.6570595319758035,0.5394476652145386,0.4605523347854614,0.028973752826684015,5.33503063371783,0.01939655172413793,0.11929850732670912,6.150500822177003
frame_002,frame_006,2,6,5,4,False,True,835,sundial,0.20080815257349174,1.6054052915231432,0.5334793329238892,0.46652066707611084,0.023196341418154198,5.372132728558352,0.023706896551724137,0.1451424920488631,6.1223742100611345
frame_002,frame_007,2,7,5,5,False,False,835,sundial,0.3116288361384971,1.1659424271026808,0.5832433104515076,0.41675668954849243,0.04131424856525337,5.316702613217062,0.023706896551724137,0.22895372974647993,9.657684600215154
frame_002,frame_008,2,8,5,6,False,False,835,sundial,0.18773339201489336,1.6727324502271304,0.5629221200942993,0.4370778799057007,0.03434158130933966,5.280400751077344,0.023706896551724137,0.2066557606938567,8.717115723813592
frame_002,frame_009,2,9,5,7,False,False,510,"container ship, containership, container vessel",0.12155639167532369,2.10737699486108,0.5363771915435791,0.4636228084564209,0.03383203225784652,5.28344121347686,0.02586206896551724,0.19085741103404785,7.379819893316517
frame_002,frame_010,2,10,5,8,False,False,510,"container ship, containership, container vessel",0.14000769397045865,1.9660579009510621,0.5583903789520264,0.44160962104797363,0.02898948631742629,5.348528512081044,0.028017241379310345,0.16535846983719915,5.902025384958493
frame_002,frame_011,2,11,5,9,False,False,573,go-kart,0.1570752125144134,1.851030527745365,0.5755255222320557,0.42447447776794434,0.042060769413625666,5.250033665130626,0.034482758620689655,0.24606390085413915,7.135853124770035
frame_002,frame_012,2,12,5,10,False,False,573,go-kart,0.17562300081558974,1.7394156222153452,0.6232743263244629,0.3767256736755371,0.027203416668051306,5.317204790436423,0.03879310344827586,0.23357792873273056,6.021119940665943
frame_002,frame_013,2,13,5,11,False,False,573,go-kart,0.31374986051524195,1.1591592331091762,0.6226118803024292,0.3773881196975708,0.023156829322811837,5.353933455140215,0.03879310344827586,0.2598623955770163,6.698675085985308
frame_002,frame_014,2,14,5,12,False,False,912,"worm fence, snake fence, snake-rail fence, Virginia fence",0.4516102172486783,0.794935822408358,0.6702550649642944,0.32974493503570557,0.0291841888445253,5.372305574090996,0.034482758620689655,0.21321807958436573,6.183324307946606
frame_002,frame_015,2,15,5,13,True,False,912,"worm fence, snake fence, snake-rail fence, Virginia fence",0.5791508891089302,0.5461922324086723,0.6961313486099243,0.3038686513900757,0.026187559340232047,5.397539362377799,0.036637931034482756,0.21838558909093314,5.960641961070175
frame_002,frame_016,2,16,5,14,False,False,912,"worm fence, snake fence, snake-rail fence, Virginia fence",0.3546266000372215,1.0366898739500918,0.5739685297012329,0.4260314702987671,0.027892494544153382,5.363496132271184,0.04741379310344827,0.29258429646650275,6.170868798202604
frame_002,frame_017,2,17,5,15,False,False,791,shopping cart,0.22169746882069538,1.5064415795621904,0.5561524629592896,0.44384753704071045,0.021285238310966827,5.359897614596555,0.05387931034482758,0.28612161927327456,5.310417253711976
frame_002,frame_000,2,0,10,-2,False,True,835,sundial,0.23250623265405657,1.4588382471998085,0.5932960510253906,0.4067039489746094,0.08252142477674963,4.905619455175275,0.015086206896551725,0.10279384040604884,6.813763135486666
frame_002,frame_001,2,1,10,-1,False,False,421,"bannister, banister, balustrade, balusters, handrail",0.37845016637184486,0.9716708756132513,0.6741055250167847,0.32589447498321533,0.05777791116626143,4.841408409044295,0.023706896551724137,0.1971234761210949,8.315026629108004
frame_002,frame_003,2,3,10,1,False,False,421,"bannister, banister, balustrade, balusters, handrail",0.4393133190855636,0.8225424095764156,0.7421523928642273,0.2578476071357727,0.06357479910399436,4.908654168188171,0.01939655172413793,0.14562853847752785,7.507960205952547
frame_002,frame_004,2,4,10,2,False,False,835,sundial,0.7228303037656676,0.3245807956231744,0.8197274208068848,0.18027257919311523,0.060545556552987545,4.974404416600086,0.015086206896551725,0.1003601544482533,6.652444523427076
frame_002,frame_005,2,5,10,3,False,False,835,sundial,0.7585654799784075,0.2763261556685874,0.8479368686676025,0.15206313133239746,0.05900068151442587,5.1390918256894125,0.01939655172413793,0.07406113428757737,3.8182629232706553
frame_002,frame_006,2,6,10,4,False,False,835,sundial,0.37756410986302263,0.9740148972603913,0.7419441938400269,0.25805580615997314,0.07684660052990704,5.02059224715853,0.023706896551724137,0.09982087068630108,4.210625818040336
frame_002,frame_007,2,7,10,5,False,False,835,sundial,0.7217806342253932,0.32603401696796497,0.8254615068435669,0.1745384931564331,0.0803315255524904,4.991304887019933,0.023706896551724137,0.17552919552243215,7.404140611128048
frame_002,frame_008,2,8,10,6,False,False,835,sundial,0.3527472487805627,1.0420034876260138,0.6925798058509827,0.30742019414901733,0.06346286723468404,4.8707889263699435,0.023706896551724137,0.20217115285908321,8.52794681151042
frame_002,frame_009,2,9,10,7,False,False,416,"balance beam, beam",0.648255730270284,0.4334700150030739,0.7944905757904053,0.20550942420959473,0.06439931686713746,4.844997331771615,0.02586206896551724,0.19924444419360798,7.7041185088195085
frame_002,frame_010,2,10,10,8,False,False,416,"balance beam, beam",0.6233759681751054,0.4726054619987803,0.8036707639694214,0.1963292360305786,0.07032467398214241,4.85631178291373,0.028017241379310345,0.18355131382400022,6.551369970333546
frame_002,frame_011,2,11,10,9,False,False,421,"bannister, banister, balustrade, balusters, handrail",0.6228520096389929,0.4734463331336176,0.7707735300064087,0.2292264699935913,0.07072965674233338,4.82382464282358,0.034482758620689655,0.2870647073592887,8.324876513419373
frame_002,frame_012,2,12,10,10,True,False,421,"bannister, banister, balustrade, balusters, handrail",0.8459632365683539,0.16727937591309772,0.8906229138374329,0.10937708616256714,0.057035561660665854,5.047986318730163,0.03879310344827586,0.23467178798070223,6.049317201280324
frame_002,frame_013,2,13,10,11,False,False,421,"bannister, banister, balustrade, balusters, handrail",0.8342937220379208,0.18116975392811696,0.8695099353790283,0.13049006462097168,0.055047429407643164,5.126854629173576,0.03879310344827586,0.26714865993922393,6.886498789544439
frame_002,frame_014,2,14,10,12,False,False,421,"bannister, banister, balustrade, balusters, handrail",0.24524956219564184,1.4054789656732556,0.644586443901062,0.355413556098938,0.04060288869007071,5.034361221806415,0.034482758620689655,0.25551479775520003,7.409929134900801
frame_002,frame_015,2,15,10,13,False,False,912,"worm fence, snake fence, snake-rail fence, Virginia fence",0.2911775764093349,1.2338219697133956,0.6753475666046143,0.32465243339538574,0.03850831099730267,5.104147008803538,0.036637931034482756,0.26372898450334353,7.1982499299736125
frame_002,frame_016,2,16,10,14,False,False,416,"balance beam, beam",0.5152762879749611,0.6630520406683766,0.714651346206665,0.28534865379333496,0.03173389669322088,5.132909685742228,0.04741379310344827,0.2708415328591679,5.712294147575178
frame_002,frame_017,2,17,10,15,False,False,416,"balance beam, beam",0.864413765074711,0.14570373004918435,0.887563943862915,0.11243605613708496,0.045162461724815646,5.130221404795061,0.05387931034482758,0.2948331726366485,5.472103684136196
frame_002,frame_000,2,0,20,-2,False,True,421,"bannister, banister, balustrade, balusters, handrail",0.16813503047406134,1.7829878695934083,0.560868501663208,0.439131498336792,0.03133387091265484,5.456169372663747,0.015086206896551725,0.038327524104414805,2.540567312064067
frame_002,frame_001,2,1,20,-1,False,False,835,sundial,0.186779196574069,1.6778281267657058,0.6041889190673828,0.3958110809326172,0.0410993584551501,5.40623636102588,0.023706896551724137,0.06674831144818769,2.815565137450826
frame_002,frame_003,2,3,20,1,False,False,421,"bannister, banister, balustrade, balusters, handrail",0.5018149426627155,0.6895238673689907,0.6902049779891968,0.3097950220108032,0.02938986359674408,5.443603369066287,0.01939655172413793,0.028835785851955963,1.4866449594786184
frame_002,frame_004,2,4,20,2,False,False,835,sundial,0.6357378769752826,0.4529689437169587,0.7735067009925842,0.22649329900741577,0.024494800814616732,5.4619945681809385,0.015086206896551725,0.02146940069944542,1.4231145606489535
frame_002,frame_005,2,5,20,3,False,False,835,sundial,0.6401604697872805,0.44603640001432054,0.7928293943405151,0.20717060565948486,0.020271878918259,5.488878407753523,0.01939655172413793,0.02199463569637869,1.1339456625688569
frame_002,frame_006,2,6,20,4,False,False,675,moving van,0.2787710154354131,1.2773645673530705,0.6678293943405151,0.33217060565948486,0.0283956615396094,5.465901750745346,0.023706896551724137,0.021208031074606917,0.8945933107834191
frame_002,frame_007,2,7,20,5,False,False,835,sundial,0.7333219354600511,0.310170470979102,0.8049387335777283,0.19506126642227173,0.022848148186989308,5.473147840022462,0.023706896551724137,0.0397841959270666,1.6781697191053548
frame_002,frame_008,2,8,20,6,False,False,421,"bannister, banister, balustrade, balusters, handrail",0.48613919465874167,0.7212602873259604,0.6922610998153687,0.30773890018463135,0.026996290235937862,5.448741026066581,0.023706896551724137,0.044153853167358,1.8624898063321922
frame_002,frame_009,2,9,20,7,False,False,421,"bannister, banister, balustrade, balusters, handrail",0.2700190702672723,1.30926269185846,0.6186428666114807,0.3813571333885193,0.034656598945638585,5.400414019808082,0.02586206896551724,0.03923175843392744,1.516961326111861
frame_002,frame_010,2,10,20,8,False,False,421,"bannister, banister, balustrade, balusters, handrail",0.3571780814064835,1.0295207941064197,0.6853224039077759,0.3146775960922241,0.029925563346618368,5.387975136242571,0.028017241379310345,0.055899051544891665,1.995166147448441
frame_002,frame_011,2,11,20,9,False,False,421,"bannister, banister, balustrade, balusters, handrail",0.6422044600333366,0.44284855242194404,0.7766138315200806,0.22338616847991943,0.035745240867598324,5.437434308965309,0.034482758620689655,0.0642125616835678,1.8621642888234662
frame_002,frame_012,2,12,20,10,True,False,421,"bannister, banister, balustrade, balusters, handrail",0.8684405091756188,0.14105619400562475,0.9000714421272278,0.09992855787277222,0.038696151910929254,5.462508314404536,0.03879310344827586,0.06705741583536672,1.7285911637561198
frame_002,frame_013,2,13,20,11,False,False,421,"bannister, banister, balustrade, balusters, handrail",0.7982223309984445,0.22536811006322321,0.8486945033073425,0.15130549669265747,0.03607872868045165,5.5310033255020805,0.03879310344827586,0.07537680247484647,1.9430464637960423
frame_002,frame_014,2,14,20,12,False,False,421,"bannister, banister, balustrade, balusters, handrail",0.33957960039867335,1.0800468958466176,0.6879715919494629,0.3120284080505371,0.03323409307349955,5.500018879402065,0.034482758620689655,0.0706197542799069,2.0479728741173
frame_002,frame_015,2,15,20,13,False,False,912,"worm fence, snake fence, snake-rail fence, Virginia fence",0.3544061259889903,1.0373117748786225,0.689274251461029,0.31072574853897095,0.03047195427926547,5.543440843922363,0.036637931034482756,0.08706198024008714,2.3762799312588494
frame_002,frame_016,2,16,20,14,False,False,471,cannon,0.2519118234676317,1.3786761595768855,0.6398072242736816,0.36019277572631836,0.03252420221959177,5.54507523781329,0.04741379310344827,0.08116279237442181,1.71179707553326
frame_002,frame_017,2,17,20,15,False,False,416,"balance beam, beam",0.23688030179480743,1.4402003211487169,0.6630918979644775,0.33690810203552246,0.02692842652043553,5.562377881272628,0.05387931034482758,0.07075910997757183,1.3132890811837332
frame_002,frame_000,2,0,30,-2,False,True,835,sundial,0.27242568404647705,1.3003894211689504,0.569024920463562,0.430975079536438,0.04551703591261509,5.123752994529135,0.015086206896551725,0.009663503148685018,0.6405522087128355
frame_002,frame_001,2,1,30,-1,False,False,835,sundial,0.25560264503452934,1.3641312081968966,0.5697537660598755,0.4302462339401245,0.04115309218910391,5.069353045306412,0.023706896551724137,0.021845080586865857,0.9214652174823417
frame_002,frame_003,2,3,30,1,False,False,421,"bannister, banister, balustrade, balusters, handrail",0.3493917728971768,1.0515614279326786,0.6306904554367065,0.36930954456329346,0.03514863527606437,5.206622155055826,0.01939655172413793,0.011944800653371317,0.6158208336849212
frame_002,frame_004,2,4,30,2,False,False,835,sundial,0.8093472027828037,0.2115272787361393,0.8488396406173706,0.1511603593826294,0.034907139436671154,5.160924993454666,0.015086206896551725,0.006415785624039363,0.42527493279346634
frame_002,frame_005,2,5,30,3,False,False,835,sundial,0.830829571339205,0.1853305938013894,0.8619233965873718,0.13807660341262817,0.03980425343839813,5.1709924547815005,0.01939655172413793,0.004259809922602805,0.2196168671208557
frame_002,frame_006,2,6,30,4,False,False,835,sundial,0.3603318635707619,1.0207298289164102,0.6445415616035461,0.35545843839645386,0.041855250312463475,5.164327382053157,0.023706896551724137,0.008829574056965165,0.37244748749380335
frame_002,frame_007,2,7,30,5,False,False,835,sundial,0.7263445414281675,0.3197308017624989,0.8086420297622681,0.19135797023773193,0.03516208351108145,5.213692690943669,0.023706896551724137,0.01908803881160605,0.8051681825986553
frame_002,frame_008,2,8,30,6,False,False,835,sundial,0.2467696011484238,1.3993001665452063,0.626466691493988,0.37353330850601196,0.05160572706550184,5.144398954523762,0.023706896551724137,0.014262151821466004,0.601603495014566
frame_002,frame_009,2,9,30,7,False,False,416,"balance beam, beam",0.20589020228991448,1.580412250879447,0.5804343223571777,0.41956567764282227,0.04709256777185963,5.149484509362811,0.02586206896551724,0.020329239973163864,0.7860639456290027
frame_002,frame_010,2,10,30,8,False,False,421,"bannister, banister, balustrade, balusters, handrail",0.2835220700406989,1.2604653103762913,0.6886866092681885,0.3113133907318115,0.0363593663634282,5.1926980904993805,0.028017241379310345,0.029046065062454694,1.0367210914599214
frame_002,frame_011,2,11,30,9,False,False,421,"bannister, banister, balustrade, balusters, handrail",0.7149072775242163,0.3356024264818518,0.7892047762870789,0.21079522371292114,0.03096368350235035,5.284665332321428,0.034482758620689655,0.03269595874162423,0.9481828035071027
frame_002,frame_012,2,12,30,10,False,False,421,"bannister, banister, balustrade, balusters, handrail",0.8422429119814562,0.17168681230647964,0.8837282061576843,0.11627179384231567,0.05371031538693726,5.159634640283553,0.03879310344827586,0.07338553642298344,1.8917160500146841
frame_002,frame_013,2,13,30,11,True,False,421,"bannister, banister, balustrade, balusters, handrail",0.8428693083151603,0.17094336465354487,0.8848204016685486,0.11517959833145142,0.04524740860071431,5.134443802923978,0.03879310344827586,0.06568929363140238,1.6933240136094836
frame_002,frame_014,2,14,30,12,False,False,421,"bannister, banister, balustrade, balusters, handrail",0.31085504004461156,1.1684285846468678,0.6604878902435303,0.3395121097564697,0.0479770197515405,5.198151933091038,0.034482758620689655,0.017781373907330335,0.5156598433125797
frame_002,frame_015,2,15,30,13,False,False,612,"jinrikisha, ricksha, rickshaw",0.4426606265656394,0.8149518825134963,0.7234472036361694,0.27655279636383057,0.03810814424141583,5.238190997324084,0.036637931034482756,0.021706565737153682,0.5924615589434888
frame_002,frame_016,2,16,30,14,False,False,912,"worm fence, snake fence, snake-rail fence, Virginia fence",0.18317299818755486,1.6973242274109752,0.5946180820465088,0.4053819179534912,0.035867858457759715,5.190888027704458,0.04741379310344827,0.031137927025773816,0.6567271881799569
frame_002,frame_017,2,17,30,15,False,False,612,"jinrikisha, ricksha, rickshaw",0.2234241775706098,1.498683172730252,0.6773041486740112,0.32269585132598877,0.04092253441560726,5.146194518426193,0.05387931034482758,0.024450380530187072,0.4537990626402721
frame_002,frame_000,2,0,40,-2,False,False,835,sundial,0.41413559501970093,0.8815618345789895,0.6720808744430542,0.3279191255569458,0.11178852471095362,3.7785584110383796,0.015086206896551725,0.3905331883571712,25.88677134253249
frame_002,frame_001,2,1,40,-1,False,False,835,sundial,0.5012578517667124,0.6906346361115494,0.6979684829711914,0.3020315170288086,0.14045533718669478,3.6751653460705205,0.023706896551724137,0.47629088729927577,20.090815609714905
frame_002,frame_003,2,3,40,1,False,False,835,sundial,0.43151551426798357,0.8404518148338846,0.6686115264892578,0.3313884735107422,0.08570791914096568,3.8996281436448097,0.01939655172413793,0.35911509894326166,18.514378434408155
frame_002,frame_004,2,4,40,2,False,False,835,sundial,0.8941529767404104,0.11187840352495204,0.9053211212158203,0.09467887878417969,0.11099907099506194,3.998348232400716,0.015086206896551725,0.2523208932627948,16.725270639133825
frame_002,frame_005,2,5,40,3,True,False,835,sundial,0.8876427731299287,0.11918589943862523,0.9141285419464111,0.08587145805358887,0.0730355143295254,4.267979093683177,0.01939655172413793,0.28293984331828714,14.587120811076137
frame_002,frame_006,2,6,40,4,False,False,835,sundial,0.41567707926327385,0.8778465719312614,0.713974118232727,0.28602588176727295,0.08388606656490294,4.227133436374889,0.023706896551724137,0.35074312693507925,14.79498280889789
frame_002,frame_007,2,7,40,5,False,False,835,sundial,0.8581187313512435,0.15301280753975943,0.8957337141036987,0.10426628589630127,0.13952502165492825,3.982441889130845,0.023706896551724137,0.4904433165557218,20.687790807441356
frame_002,frame_008,2,8,40,6,False,False,835,sundial,0.32193486603550686,1.1334060332918003,0.6587939262390137,0.34120607376098633,0.11815088328022079,3.598609252156332,0.023706896551724137,0.5565837950784276,23.477716446944584
frame_002,frame_009,2,9,40,7,False,False,416,"balance beam, beam",0.5704703229853771,0.5612941303400216,0.7172695398330688,0.28273046016693115,0.097793164746468,3.8220627986227873,0.02586206896551724,0.442654968458148,17.115992113715055
frame_002,frame_010,2,10,40,8,False,False,416,"balance beam, beam",0.5936044387008297,0.5215421095611861,0.784339189529419,0.21566081047058105,0.10790107075256587,4.066999605367455,0.028017241379310345,0.41929177893997893,14.965491186780786
frame_002,frame_011,2,11,40,9,False,False,421,"bannister, banister, balustrade, balusters, handrail",0.6923046102329351,0.3677292320209875,0.7896678447723389,0.21033215522766113,0.11346947050443809,3.76927745179066,0.034482758620689655,0.5273674285554937,15.293655428109316
frame_002,frame_012,2,12,40,10,False,False,421,"bannister, banister, balustrade, balusters, handrail",0.7924011691439251,0.23268748871218015,0.856245219707489,0.143754780292511,0.0639495546597906,3.984339859114909,0.03879310344827586,0.428495342469441,11.045657716990034
frame_002,frame_013,2,13,40,11,False,False,421,"bannister, banister, balustrade, balusters, handrail",0.7801067838020617,0.2483244663584302,0.8505700826644897,0.14942991733551025,0.09630929091751717,3.9861769527143993,0.03879310344827586,0.5812310974260663,14.982846066983042
frame_002,frame_014,2,14,40,12,False,True,912,"worm fence, snake fence, snake-rail fence, Virginia fence",0.2813214934776703,1.26825715873489,0.6578179597854614,0.3421820402145386,0.0876260760768797,4.049905465258926,0.034482758620689655,0.5140994377023544,14.90888369336828
frame_002,frame_015,2,15,40,13,False,False,912,"worm fence, snake fence, snake-rail fence, Virginia fence",0.33798530227459755,1.0847528688392738,0.7093948125839233,0.29060518741607666,0.08377838160781795,4.137504297607812,0.036637931034482756,0.5521357324589174,15.070057638878689
frame_002,frame_016,2,16,40,14,False,False,416,"balance beam, beam",0.2348951300749897,1.4486161194394174,0.6672160625457764,0.33278393745422363,0.19769873776125305,3.7876656161638707,0.04741379310344827,0.6784972781991375,14.310124412927264
frame_002,frame_017,2,17,40,15,False,False,416,"balance beam, beam",0.5355137808251828,0.624528654924652,0.7981758117675781,0.20182418823242188,0.14548088457865518,4.024398354639936,0.05387931034482758,0.6563110312246896,12.18113273953024
frame_002,frame_000,2,0,50,-2,False,False,835,sundial,0.19406110671210702,1.6395821864634579,0.6338486671447754,0.3661513328552246,0.0416975246787568,4.655097767739994,0.015086206896551725,0.10296861525240217,6.825348211016372
frame_002,frame_001,2,1,50,-1,False,False,471,cannon,0.33315473296171444,1.0991482333756775,0.6695095300674438,0.33049046993255615,0.0983204573109397,4.526448543578103,0.023706896551724137,0.14889651978154306,6.280725925330544
frame_002,frame_003,2,3,50,1,False,True,421,"bannister, banister, balustrade, balusters, handrail",0.22990428682968633,1.4700922008897317,0.6222542524337769,0.37774574756622314,0.07555286628943726,4.671435729930749,0.01939655172413793,0.12308602756468957,6.345768532223995
frame_002,frame_004,2,4,50,2,False,False,835,sundial,0.8622134355431528,0.14825243392905207,0.8927087783813477,0.10729122161865234,0.050116371203447786,4.792988951434596,0.015086206896551725,0.036583135719066046,2.424939281949521
frame_002,frame_005,2,5,50,3,False,False,835,sundial,0.9179978389321465,0.08556024246883309,0.933074951171875,0.066925048828125,0.09038556379347865,4.674048493192842,0.01939655172413793,0.030109335068704803,1.5523034968754477
frame_002,frame_006,2,6,50,4,False,False,835,sundial,0.33867691325157534,1.0827086843054126,0.7286574244499207,0.27134257555007935,0.10556691221325083,4.578162288784252,0.023706896551724137,0.054112847147469285,2.282578279675068
frame_002,frame_007,2,7,50,5,False,False,835,sundial,0.8135777015425791,0.2063138417735919,0.8813696503639221,0.11863034963607788,0.08526368329784725,4.709869382548673,0.023706896551724137,0.1916609351608785,8.08460671951342
frame_002,frame_008,2,8,50,6,False,False,835,sundial,0.27249739892244207,1.300126210163139,0.7117897272109985,0.28821027278900146,0.06762139352614498,4.7249967455944155,0.023706896551724137,0.17331359753507392,7.3106826596613
frame_002,frame_009,2,9,50,7,False,False,416,"balance beam, beam",0.6837632276475824,0.38014357969620605,0.7975637912750244,0.20243620872497559,0.04841595751391155,4.756303427525014,0.02586206896551724,0.15640952677380598,6.047835035253832
frame_002,frame_010,2,10,50,8,False,False,416,"balance beam, beam",0.44009697162765277,0.8207601862893052,0.7814599275588989,0.21854007244110107,0.05264002044755746,4.8757964361458255,0.028017241379310345,0.12326500378070451,4.399612442634377
frame_002,frame_011,2,11,50,9,False,False,421,"bannister, banister, balustrade, balusters, handrail",0.699575542220462,0.3572814961107973,0.8118842840194702,0.18811571598052979,0.05780007268628635,4.706150929465323,0.034482758620689655,0.2044476225392053,5.928981053636954
frame_002,frame_012,2,12,50,10,True,False,421,"bannister, banister, balustrade, balusters, handrail",0.9279659889472076,0.07476019670892942,0.9357255101203918,0.06427448987960815,0.05138486101402053,4.874271217262689,0.03879310344827586,0.17067141461317784,4.399529798917473
frame_002,frame_013,2,13,50,11,False,False,421,"bannister, banister, balustrade, balusters, handrail",0.8817728367743367,0.1258208108258705,0.8994880318641663,0.10051196813583374,0.06805161398540487,4.804115973264876,0.03879310344827586,0.17496810092227555,4.510288823774214
frame_002,frame_014,2,14,50,12,False,False,912,"worm fence, snake fence, snake-rail fence, Virginia fence",0.22780530407661753,1.479263944321695,0.6400886178016663,0.35991138219833374,0.07533597111365349,4.810721446604312,0.034482758620689655,0.13598489902041075,3.943562071591912
frame_002,frame_015,2,15,50,13,False,False,912,"worm fence, snake fence, snake-rail fence, Virginia fence",0.38930068308847143,0.9434032697089786,0.7088626027107239,0.2911373972892761,0.06829871282762032,4.903226606187037,0.036637931034482756,0.15979712958694978,4.361521654608512
frame_002,frame_016,2,16,50,14,False,False,416,"balance beam, beam",0.3743695289956357,0.9825119239203445,0.6734764575958252,0.3265235424041748,0.07124669242170317,4.945723130393462,0.04741379310344827,0.16431950419350158,3.465647724808397
frame_002,frame_017,2,17,50,15,False,False,416,"balance beam, beam",0.5947444999422818,0.5196233775218942,0.7788784503936768,0.22112154960632324,0.04767914421595092,4.955046588628861,0.05387931034482758,0.17344893695139377,3.2192122698178687
frame_003,frame_000,3,0,5,-3,False,False,791,shopping cart,0.3929778623810357,0.9340019985187071,0.6119171380996704,0.3880828619003296,0.034064013426797955,5.179059054987677,0.015086206896551725,0.16038775218147464,10.631416716029175
frame_003,frame_001,3,1,5,-2,False,False,791,shopping cart,0.40629182547548853,0.9006835956211067,0.6115250587463379,0.3884749412536621,0.03417276563221127,5.17976295750217,0.023706896551724137,0.18006114445143998,7.595306456860741
frame_003,frame_002,3,2,5,-1,False,False,791,shopping cart,0.289790483567422,1.2385970875663328,0.5736445188522339,0.4263554811477661,0.03444723429763641,5.286641909355064,0.010775862068965518,0.08013905066426641,7.436903901643922
frame_003,frame_004,3,4,5,1,False,False,835,sundial,0.2359305692348542,1.4442177153986921,0.5948411226272583,0.4051588773727417,0.027682428810051236,5.378108664856861,0.015086206896551725,0.09307520153563777,6.16955621607656
frame_003,frame_005,3,5,5,2,False,False,835,sundial,0.19069890050324204,1.6570595319758035,0.5394476652145386,0.4605523347854614,0.027527235339103884,5.358881896840073,0.01939655172413793,0.11665027961402137,6.013969971211768
frame_003,frame_006,3,6,5,3,False,True,835,sundial,0.20080815257349174,1.6054052915231432,0.5334793329238892,0.46652066707611084,0.023308083883604818,5.3956354265092825,0.023706896551724137,0.14157276326416138,5.971796559506444
frame_003,frame_007,3,7,5,4,False,False,835,sundial,0.3116288361384971,1.1659424271026808,0.5832433104515076,0.41675668954849243,0.03902875008735288,5.345293367154141,0.023706896551724137,0.22210799198533998,9.368918934654342
frame_003,frame_008,3,8,5,5,False,False,835,sundial,0.18773339201489336,1.6727324502271304,0.5629221200942993,0.4370778799057007,0.03368079984528942,5.302971028466795,0.023706896551724137,0.20215936820652666,8.527449713438942
frame_003,frame_009,3,9,5,6,False,False,510,"container ship, containership, container vessel",0.12155639167532369,2.10737699486108,0.5363771915435791,0.4636228084564209,0.03357517046325595,5.308626001068594,0.02586206896551724,0.18591505781530032,7.188715568858279
frame_003,frame_010,3,10,5,7,False,False,510,"container ship, containership, container vessel",0.14000769397045865,1.9660579009510621,0.5583903789520264,0.44160962104797363,0.028330197108135873,5.3674713194425445,0.028017241379310345,0.16161785169555992,5.768514091287678
frame_003,frame_011,3,11,5,8,False,False,573,go-kart,0.1570752125144134,1.851030527745365,0.5755255222320557,0.42447447776794434,0.041589468949671735,5.272627463945163,0.034482758620689655,0.24167312420732406,7.008520602012398
frame_003,frame_012,3,12,5,9,False,False,573,go-kart,0.17562300081558974,1.7394156222153452,0.6232743263244629,0.3767256736755371,0.027178313101618605,5.3378023532360706,0.03879310344827586,0.23034948587227702,5.937897858040919
frame_003,frame_013,3,13,5,10,False,False,573,go-kart,0.31374986051524195,1.1591592331091762,0.6226118803024292,0.3773881196975708,0.022561398887416383,5.37862335338014,0.03879310344827586,0.25394568911104065,6.546155541529048
frame_003,frame_014,3,14,5,11,False,False,912,"worm fence, snake fence, snake-rail fence, Virginia fence",0.4516102172486783,0.794935822408358,0.6702550649642944,0.32974493503570557,0.029915402005469965,5.393370591985357,0.034482758620689655,0.2063995526858096,5.985587027888478
frame_003,frame_015,3,15,5,12,True,False,912,"worm fence, snake fence, snake-rail fence, Virginia fence",0.5791508891089302,0.5461922324086723,0.6961313486099243,0.3038686513900757,0.02682283704045393,5.412405903776944,0.036637931034482756,0.2141709076239309,5.845605949264938
frame_003,frame_016,3,16,5,13,False,False,912,"worm fence, snake fence, snake-rail fence, Virginia fence",0.3546266000372215,1.0366898739500918,0.5739685297012329,0.4260314702987671,0.027022333117028313,5.384528932060178,0.04741379310344827,0.28532805813364936,6.017828135182423
frame_003,frame_017,3,17,5,14,False,False,791,shopping cart,0.22169746882069538,1.5064415795621904,0.5561524629592896,0.44384753704071045,0.02114571941349286,5.382297163761622,0.05387931034482758,0.27972399861271424,5.191677414251977
frame_003,frame_000,3,0,10,-3,False,True,835,sundial,0.23250623265405657,1.4588382471998085,0.5932960510253906,0.4067039489746094,0.06075234529096045,5.019949403866866,0.015086206896551725,0.08642338911900413,5.728636078745416
frame_003,frame_001,3,1,10,-2,False,False,421,"bannister, banister, balustrade, balusters, handrail",0.37845016637184486,0.9716708756132513,0.6741055250167847,0.32589447498321533,0.0461724444080193,4.9501375600983,0.023706896551724137,0.1746955200212416,7.368974662714192
frame_003,frame_002,3,2,10,-1,False,False,421,"bannister, banister, balustrade, balusters, handrail",0.35845623493306056,1.0259487046845517,0.7001522779464722,0.29984772205352783,0.0461565037576614,5.003111763893912,0.010775862068965518,0.10881956784005735,10.098455895557322
frame_003,frame_004,3,4,10,1,False,False,835,sundial,0.7228303037656676,0.3245807956231744,0.8197274208068848,0.18027257919311523,0.051970776390603456,5.070850753866351,0.015086206896551725,0.08627488803336798,5.71879257821182
frame_003,frame_005,3,5,10,2,False,False,835,sundial,0.7585654799784075,0.2763261556685874,0.8479368686676025,0.15206313133239746,0.05390875726711914,5.188189986994435,0.01939655172413793,0.062056720091933894,3.1993686802952586
frame_003,frame_006,3,6,10,3,False,False,835,sundial,0.37756410986302263,0.9740148972603913,0.7419441938400269,0.25805580615997314,0.06778399449103446,5.094336201110032,0.023706896551724137,0.08432187529165198,3.5568500123024114
frame_003,frame_007,3,7,10,4,False,False,835,sundial,0.7217806342253932,0.32603401696796497,0.8254615068435669,0.1745384931564331,0.07069850659836964,5.081412256671035,0.023706896551724137,0.15063398078402251,6.354015189435132
frame_003,frame_008,3,8,10,5,False,False,835,sundial,0.3527472487805627,1.0420034876260138,0.6925798058509827,0.30742019414901733,0.05906506255197872,4.982323025497851,0.023706896551724137,0.17547770723256229,7.4019687414462645
frame_003,frame_009,3,9,10,6,False,False,416,"balance beam, beam",0.648255730270284,0.4334700150030739,0.7944905757904053,0.20550942420959473,0.05085951937506966,4.9658831250074815,0.02586206896551724,0.17888813774286114,6.917007992723964
frame_003,frame_010,3,10,10,7,False,False,416,"balance beam, beam",0.6233759681751054,0.4726054619987803,0.8036707639694214,0.1963292360305786,0.0564846745968592,4.991574732993714,0.028017241379310345,0.1671045852748541,5.9643482744255625
frame_003,frame_011,3,11,10,8,False,False,421,"bannister, banister, balustrade, balusters, handrail",0.6228520096389929,0.4734463331336176,0.7707735300064087,0.2292264699935913,0.06178001644794125,4.946819939004808,0.034482758620689655,0.2632291007994464,7.6336439231839455
frame_003,frame_012,3,12,10,9,True,False,421,"bannister, banister, balustrade, balusters, handrail",0.8459632365683539,0.16727937591309772,0.8906229138374329,0.10937708616256714,0.04672326622048914,5.146072740315399,0.03879310344827586,0.21723518074982123,5.5998402148842805
frame_003,frame_013,3,13,10,10,False,False,421,"bannister, banister, balustrade, balusters, handrail",0.8342937220379208,0.18116975392811696,0.8695099353790283,0.13049006462097168,0.044175937909024396,5.21223116902941,0.03879310344827586,0.24313342181123718,6.267439317800781
frame_003,frame_014,3,14,10,11,False,False,421,"bannister, banister, balustrade, balusters, handrail",0.24524956219564184,1.4054789656732556,0.644586443901062,0.355413556098938,0.03708071664517627,5.120323244406775,0.034482758620689655,0.23335902560545674,6.767411742558245
frame_003,frame_015,3,15,10,12,False,False,912,"worm fence, snake fence, snake-rail fence, Virginia fence",0.2911775764093349,1.2338219697133956,0.6753475666046143,0.32465243339538574,0.03454668069581843,5.179098878695149,0.036637931034482756,0.2420975129156119,6.607837999579055
frame_003,frame_016,3,16,10,13,False,False,416,"balance beam, beam",0.5152762879749611,0.6630520406683766,0.714651346206665,0.28534865379333496,0.025053877482483004,5.211803248704018,0.04741379310344827,0.23789796932553703,5.017484443956781
frame_003,frame_017,3,17,10,14,False,False,416,"balance beam, beam",0.864413765074711,0.14570373004918435,0.887563943862915,0.11243605613708496,0.037356104868218824,5.209462724417217,0.05387931034482758,0.26227672026018334,4.8678559280290035
frame_003,frame_000,3,0,20,-3,False,True,421,"bannister, banister, balustrade, balusters, handrail",0.16813503047406134,1.7829878695934083,0.560868501663208,0.439131498336792,0.027828958171206324,5.454020885806256,0.015086206896551725,0.03877692162287885,2.5703559475736837
frame_003,frame_001,3,1,20,-2,False,False,835,sundial,0.186779196574069,1.6778281267657058,0.6041889190673828,0.3958110809326172,0.0388245999599088,5.408883223809028,0.023706896551724137,0.06993579482629156,2.9500189817635714
frame_003,frame_002,3,2,20,-1,False,False,835,sundial,0.3054762991920385,1.185883083766127,0.6697975397109985,0.33020246028900146,0.021357225338324043,5.48620560155362,0.010775862068965518,0.024760576062601847,2.2977814586094514
frame_003,frame_004,3,4,20,1,False,False,835,sundial,0.6357378769752826,0.4529689437169587,0.7735067009925842,0.22649329900741577,0.021443117421255927,5.47214662960647,0.015086206896551725,0.023438727029856145,1.553652763121893
frame_003,frame_005,3,5,20,2,False,False,835,sundial,0.6401604697872805,0.44603640001432054,0.7928293943405151,0.20717060565948486,0.018482998280677544,5.491293618728134,0.01939655172413793,0.024693816107613672,1.2731034082147492
frame_003,frame_006,3,6,20,3,False,False,675,moving van,0.2787710154354131,1.2773645673530705,0.6678293943405151,0.33217060565948486,0.022664029355597918,5.479410912266858,0.023706896551724137,0.02301996984557811,0.971024182577113
frame_003,frame_007,3,7,20,4,False,False,835,sundial,0.7333219354600511,0.310170470979102,0.8049387335777283,0.19506126642227173,0.024922285035938168,5.477764344485754,0.023706896551724137,0.03997062173913053,1.6860334988142334
frame_003,frame_008,3,8,20,5,False,False,421,"bannister, banister, balustrade, balusters, handrail",0.48613919465874167,0.7212602873259604,0.6922610998153687,0.30773890018463135,0.025528110494937827,5.4406877652112335,0.023706896551724137,0.04249860835446646,1.7926685705884036
frame_003,frame_009,3,9,20,6,False,False,421,"bannister, banister, balustrade, balusters, handrail",0.2700190702672723,1.30926269185846,0.6186428666114807,0.3813571333885193,0.03689552775951435,5.39512795941055,0.02586206896551724,0.03895016608213628,1.5060730885092695
frame_003,frame_010,3,10,20,7,False,False,421,"bannister, banister, balustrade, balusters, handrail",0.3571780814064835,1.0295207941064197,0.6853224039077759,0.3146775960922241,0.034683857033093825,5.3910290967463474,0.028017241379310345,0.05610927519014765,2.002669514479116
frame_003,frame_011,3,11,20,8,False,False,421,"bannister, banister, balustrade, balusters, handrail",0.6422044600333366,0.44284855242194404,0.7766138315200806,0.22338616847991943,0.04076733112462334,5.444705451930684,0.034482758620689655,0.06414919126075608,1.8603265465619263
frame_003,frame_012,3,12,20,9,True,False,421,"bannister, banister, balustrade, balusters, handrail",0.8684405091756188,0.14105619400562475,0.9000714421272278,0.09992855787277222,0.04430740715290961,5.45250638501287,0.03879310344827586,0.06671239602551358,1.7196973197687946
frame_003,frame_013,3,13,20,10,False,False,421,"bannister, banister, balustrade, balusters, handrail",0.7982223309984445,0.22536811006322321,0.8486945033073425,0.15130549669265747,0.04187272536126274,5.516645575588445,0.03879310344827586,0.07210818328437081,1.8587887246637809
frame_003,frame_014,3,14,20,11,False,False,421,"bannister, banister, balustrade, balusters, handrail",0.33957960039867335,1.0800468958466176,0.6879715919494629,0.3120284080505371,0.039418526520223374,5.4995782242301114,0.034482758620689655,0.0657381455578008,1.9064062211762234
frame_003,frame_015,3,15,20,12,False,False,912,"worm fence, snake fence, snake-rail fence, Virginia fence",0.3544061259889903,1.0373117748786225,0.689274251461029,0.31072574853897095,0.0357719653994001,5.540273566662531,0.036637931034482756,0.08528380481280753,2.3277462019495707
frame_003,frame_016,3,16,20,13,False,False,471,cannon,0.2519118234676317,1.3786761595768855,0.6398072242736816,0.36019277572631836,0.03947231471236219,5.531134335008282,0.04741379310344827,0.0816258976947934,1.7215643877447337
frame_003,frame_017,3,17,20,14,False,False,416,"balance beam, beam",0.23688030179480743,1.4402003211487169,0.6630918979644775,0.33690810203552246,0.027002612037790016,5.551125515746419,0.05387931034482758,0.07113124359625123,1.3201958811464227
frame_003,frame_000,3,0,30,-3,False,True,835,sundial,0.27242568404647705,1.3003894211689504,0.569024920463562,0.430975079536438,0.03491387110148107,5.212406520799405,0.015086206896551725,0.010084384373246895,0.6684506213123655
frame_003,frame_001,3,1,30,-2,False,False,835,sundial,0.25560264503452934,1.3641312081968966,0.5697537660598755,0.4302462339401245,0.03251963902950695,5.158916546096286,0.023706896551724137,0.021479731750052838,0.9060541392749561
frame_003,frame_002,3,2,30,-1,False,False,835,sundial,0.32380290062050965,1.1276202797166204,0.6313382387161255,0.3686617612838745,0.031776722260049475,5.2198601809442815,0.010775862068965518,0.008828997394090573,0.8193309581716051
frame_003,frame_004,3,4,30,1,False,False,835,sundial,0.8093472027828037,0.2115272787361393,0.8488396406173706,0.1511603593826294,0.03701835789740956,5.232513555890206,0.015086206896551725,0.0059198240938485025,0.3923997685065293
frame_003,frame_005,3,5,30,2,False,False,835,sundial,0.830829571339205,0.1853305938013894,0.8619233965873718,0.13807660341262817,0.030105076553182217,5.254578172188408,0.01939655172413793,0.004139403147956254,0.21340922896130018
frame_003,frame_006,3,6,30,3,False,False,835,sundial,0.3603318635707619,1.0207298289164102,0.6445415616035461,0.35545843839645386,0.032348558647652174,5.270213301875902,0.023706896551724137,0.008771218626543169,0.369985949337821
frame_003,frame_007,3,7,30,4,False,False,835,sundial,0.7263445414281675,0.3197308017624989,0.8086420297622681,0.19135797023773193,0.030063064184689674,5.3059006324239135,0.023706896551724137,0.01756544173320363,0.7409422694733169
frame_003,frame_008,3,8,30,5,False,False,835,sundial,0.2467696011484238,1.3993001665452063,0.626466691493988,0.37353330850601196,0.03791664581618587,5.240470350373041,0.023706896551724137,0.012310472449671447,0.5192781106043228
frame_003,frame_009,3,9,30,6,False,False,416,"balance beam, beam",0.20589020228991448,1.580412250879447,0.5804343223571777,0.41956567764282227,0.038389935108182255,5.24327410894983,0.02586206896551724,0.01925323484726376,0.7444584140941988
frame_003,frame_010,3,10,30,7,False,False,421,"bannister, banister, balustrade, balusters, handrail",0.2835220700406989,1.2604653103762913,0.6886866092681885,0.3113133907318115,0.032356407934301765,5.255368612007498,0.028017241379310345,0.026875664176900457,0.9592544752370624
frame_003,frame_011,3,11,30,8,False,False,421,"bannister, banister, balustrade, balusters, handrail",0.7149072775242163,0.3356024264818518,0.7892047762870789,0.21079522371292114,0.030085537726700164,5.335151207620406,0.034482758620689655,0.02975540197500067,0.8629066572750195
frame_003,frame_012,3,12,30,9,False,False,421,"bannister, banister, balustrade, balusters, handrail",0.8422429119814562,0.17168681230647964,0.8837282061576843,0.11627179384231567,0.050098807048270355,5.216296371472986,0.03879310344827586,0.06733254549307936,1.7356833949327124
frame_003,frame_013,3,13,30,10,True,False,421,"bannister, banister, balustrade, balusters, handrail",0.8428693083151603,0.17094336465354487,0.8848204016685486,0.11517959833145142,0.041785054183360655,5.187947870053258,0.03879310344827586,0.05965310396907992,1.5377244578696156
frame_003,frame_014,3,14,30,11,False,False,421,"bannister, banister, balustrade, balusters, handrail",0.31085504004461156,1.1684285846468678,0.6604878902435303,0.3395121097564697,0.035689714703074187,5.274254688656408,0.034482758620689655,0.01589251478224786,0.46088292868518793
frame_003,frame_015,3,15,30,12,False,False,612,"jinrikisha, ricksha, rickshaw",0.4426606265656394,0.8149518825134963,0.7234472036361694,0.27655279636383057,0.030721048422250326,5.314383102971805,0.036637931034482756,0.020211730325835855,0.5516613453639905
frame_003,frame_016,3,16,30,13,False,False,912,"worm fence, snake fence, snake-rail fence, Virginia fence",0.18317299818755486,1.6973242274109752,0.5946180820465088,0.4053819179534912,0.02913142026744247,5.246454296989268,0.04741379310344827,0.030388443356447217,0.6409198962450686
frame_003,frame_017,3,17,30,14,False,False,612,"jinrikisha, ricksha, rickshaw",0.2234241775706098,1.498683172730252,0.6773041486740112,0.32269585132598877,0.03857413276090862,5.195913760950146,0.05387931034482758,0.02342395548725798,0.43474861384350816
frame_003,frame_000,3,0,40,-3,False,False,835,sundial,0.41413559501970093,0.8815618345789895,0.6720808744430542,0.3279191255569458,0.0979839650245289,3.9989445279603664,0.015086206896551725,0.36218412631141905,24.007633515499776
frame_003,frame_001,3,1,40,-2,False,False,835,sundial,0.5012578517667124,0.6906346361115494,0.6979684829711914,0.3020315170288086,0.12567078789551583,3.8959826102615516,0.023706896551724137,0.4512573176006564,19.03485412424587
frame_003,frame_002,3,2,40,-1,False,False,835,sundial,0.49448158282819765,0.704245372640858,0.707770824432373,0.29222917556762695,0.18775575309536038,3.886390487360434,0.010775862068965518,0.29876876029211474,27.725740955108247
frame_003,frame_004,3,4,40,1,False,False,835,sundial,0.8941529767404104,0.11187840352495204,0.9053211212158203,0.09467887878417969,0.09500688157408144,4.192531076418821,0.015086206896551725,0.2479441329834219,16.435153957758253
frame_003,frame_005,3,5,40,2,True,False,835,sundial,0.8876427731299287,0.11918589943862523,0.9141285419464111,0.08587145805358887,0.06402826399192123,4.429658722116564,0.01939655172413793,0.26414871726764444,13.61833386802078
frame_003,frame_006,3,6,40,3,False,False,835,sundial,0.41567707926327385,0.8778465719312614,0.713974118232727,0.28602588176727295,0.07850941997686237,4.4052718312583945,0.023706896551724137,0.32799686625996755,13.835504176784086
frame_003,frame_007,3,7,40,4,False,False,835,sundial,0.8581187313512435,0.15301280753975943,0.8957337141036987,0.10426628589630127,0.11385267171720866,4.202870051609055,0.023706896551724137,0.4512997526763114,19.036644112891683
frame_003,frame_008,3,8,40,5,False,False,835,sundial,0.32193486603550686,1.1334060332918003,0.6587939262390137,0.34120607376098633,0.10311125951026993,3.822561758391064,0.023706896551724137,0.5179525404742491,21.8481798890956
frame_003,frame_009,3,9,40,6,False,False,416,"balance beam, beam",0.5704703229853771,0.5612941303400216,0.7172695398330688,0.28273046016693115,0.08905717076253661,4.003765865913197,0.02586206896551724,0.41487289782736325,16.041752049324714
frame_003,frame_010,3,10,40,7,False,False,416,"balance beam, beam",0.5936044387008297,0.5215421095611861,0.784339189529419,0.21566081047058105,0.10532142855424716,4.224489169726265,0.028017241379310345,0.39263117921948004,14.013912858295287
frame_003,frame_011,3,11,40,8,False,False,421,"bannister, banister, balustrade, balusters, handrail",0.6923046102329351,0.3677292320209875,0.7896678447723389,0.21033215522766113,0.11040577154966248,3.914258793847643,0.034482758620689655,0.5184959992232245,15.03638397747351
frame_003,frame_012,3,12,40,9,False,False,421,"bannister, banister, balustrade, balusters, handrail",0.7924011691439251,0.23268748871218015,0.856245219707489,0.143754780292511,0.05884570394298005,4.132285886178735,0.03879310344827586,0.41584905918299786,10.719664636717278
frame_003,frame_013,3,13,40,10,False,False,421,"bannister, banister, balustrade, balusters, handrail",0.7801067838020617,0.2483244663584302,0.8505700826644897,0.14942991733551025,0.08603369465226823,4.161205289341602,0.03879310344827586,0.5497412380432872,14.171107469560292
frame_003,frame_014,3,14,40,11,False,True,912,"worm fence, snake fence, snake-rail fence, Virginia fence",0.2813214934776703,1.26825715873489,0.6578179597854614,0.3421820402145386,0.07463856744747996,4.207822299964343,0.034482758620689655,0.4886944248019226,14.172138319255756
frame_003,frame_015,3,15,40,12,False,False,912,"worm fence, snake fence, snake-rail fence, Virginia fence",0.33798530227459755,1.0847528688392738,0.7093948125839233,0.29060518741607666,0.07709946523311374,4.3016830574325775,0.036637931034482756,0.5241184229172327,14.305349896093881
frame_003,frame_016,3,16,40,13,False,False,416,"balance beam, beam",0.2348951300749897,1.4486161194394174,0.6672160625457764,0.33278393745422363,0.18407032569249537,3.93020518710095,0.04741379310344827,0.6525485562087543,13.762842276402818
frame_003,frame_017,3,17,40,14,False,False,416,"balance beam, beam",0.5355137808251828,0.624528654924652,0.7981758117675781,0.20182418823242188,0.1257892085939545,4.185838847111573,0.05387931034482758,0.6240025286446148,11.58148693164405
frame_003,frame_000,3,0,50,-3,False,True,835,sundial,0.19406110671210702,1.6395821864634579,0.6338486671447754,0.3661513328552246,0.039460294115874824,4.716420364026597,0.015086206896551725,0.09797891061364929,6.494602074961895
frame_003,frame_001,3,1,50,-2,False,False,471,cannon,0.33315473296171444,1.0991482333756775,0.6695095300674438,0.33049046993255615,0.09212981037649434,4.604032355576871,0.023706896551724137,0.13630990490596928,5.749799625124523
frame_003,frame_002,3,2,50,-1,False,False,471,cannon,0.3136927089069615,1.1593414063031027,0.6858621835708618,0.3141378164291382,0.04969757110227525,4.76630786451401,0.010775862068965518,0.052842748057531023,4.903807019738879
frame_003,frame_004,3,4,50,1,False,False,835,sundial,0.8622134355431528,0.14825243392905207,0.8927087783813477,0.10729122161865234,0.046103525409883224,4.87416177664665,0.015086206896551725,0.03193681675977202,2.11695471093346
frame_003,frame_005,3,5,50,2,False,False,835,sundial,0.9179978389321465,0.08556024246883309,0.933074951171875,0.066925048828125,0.08711241733106068,4.752593498357596,0.01939655172413793,0.026332616732535938,1.3575926848774083
frame_003,frame_006,3,6,50,3,False,False,835,sundial,0.33867691325157534,1.0827086843054126,0.7286574244499207,0.27134257555007935,0.10537212999809407,4.683351407755591,0.023706896551724137,0.0493892026117803,2.0833263647150964
frame_003,frame_007,3,7,50,4,False,False,835,sundial,0.8135777015425791,0.2063138417735919,0.8813696503639221,0.11863034963607788,0.07739216917934424,4.7963530202097395,0.023706896551724137,0.16316998903005026,6.882806809994848
frame_003,frame_008,3,8,50,5,False,False,835,sundial,0.27249739892244207,1.300126210163139,0.7117897272109985,0.28821027278900146,0.05941684577751593,4.843069471588237,0.023706896551724137,0.13939708818034796,5.880022628698314
frame_003,frame_009,3,9,50,6,False,False,416,"balance beam, beam",0.6837632276475824,0.38014357969620605,0.7975637912750244,0.20243620872497559,0.045400750597089014,4.830797301072984,0.02586206896551724,0.13916502864627966,5.381047774322814
frame_003,frame_010,3,10,50,7,False,False,416,"balance beam, beam",0.44009697162765277,0.8207601862893052,0.7814599275588989,0.21854007244110107,0.050112664750259085,4.902582502533884,0.028017241379310345,0.10627565741581899,3.793223464687693
frame_003,frame_011,3,11,50,8,False,False,421,"bannister, banister, balustrade, balusters, handrail",0.699575542220462,0.3572814961107973,0.8118842840194702,0.18811571598052979,0.05837633506316537,4.768305508612327,0.034482758620689655,0.1851156239175767,5.368353093609724
frame_003,frame_012,3,12,50,9,True,False,421,"bannister, banister, balustrade, balusters, handrail",0.9279659889472076,0.07476019670892942,0.9357255101203918,0.06427448987960815,0.04473427963239431,4.931474889458342,0.03879310344827586,0.1508701801335113,3.889097976774958
frame_003,frame_013,3,13,50,10,False,False,421,"bannister, banister, balustrade, balusters, handrail",0.8817728367743367,0.1258208108258705,0.8994880318641663,0.10051196813583374,0.06582214716556728,4.885950990849782,0.03879310344827586,0.14258146264930313,3.6754332594042585
frame_003,frame_014,3,14,50,11,False,False,912,"worm fence, snake fence, snake-rail fence, Virginia fence",0.22780530407661753,1.479263944321695,0.6400886178016663,0.35991138219833374,0.07397312615673744,4.8816627187376,0.034482758620689655,0.11111409483341245,3.222308750168961
frame_003,frame_015,3,15,50,12,False,False,912,"worm fence, snake fence, snake-rail fence, Virginia fence",0.38930068308847143,0.9434032697089786,0.7088626027107239,0.2911373972892761,0.06388290375642953,4.979502552012181,0.036637931034482756,0.1355566013595481,3.6998978253429606
frame_003,frame_016,3,16,50,13,False,False,416,"balance beam, beam",0.3743695289956357,0.9825119239203445,0.6734764575958252,0.3265235424041748,0.06662367249176217,4.989844996624715,0.04741379310344827,0.13338656886013098,2.813243997777308
frame_003,frame_017,3,17,50,14,False,False,416,"balance beam, beam",0.5947444999422818,0.5196233775218942,0.7788784503936768,0.22112154960632324,0.05481013679946735,4.982416042363972,0.05387931034482758,0.13718773403189521,2.5462043436319752
frame_004,frame_000,4,0,5,-4,False,False,791,shopping cart,0.3929778623810357,0.9340019985187071,0.6119171380996704,0.3880828619003296,0.031890836271067466,5.2224125234744605,0.015086206896551725,0.15252697922235903,10.11035976559637
frame_004,frame_001,4,1,5,-3,False,False,791,shopping cart,0.40629182547548853,0.9006835956211067,0.6115250587463379,0.3884749412536621,0.03299022426710492,5.225426460186424,0.023706896551724137,0.17443212077262216,7.3578640034996985
frame_004,frame_002,4,2,5,-2,False,False,791,shopping cart,0.289790483567422,1.2385970875663328,0.5736445188522339,0.4263554811477661,0.0349013836386471,5.327742502883188,0.010775862068965518,0.07949697735718797,7.377319498747043
frame_004,frame_003,4,3,5,-1,False,False,791,shopping cart,0.28919438560009847,1.2406562024402659,0.56560218334198,0.43439781665802,0.034261434829574014,5.33091936897765,0.01939655172413793,0.14512040232822712,7.481762964477487
frame_004,frame_005,4,5,5,1,False,False,835,sundial,0.19069890050324204,1.6570595319758035,0.5394476652145386,0.4605523347854614,0.025933709012751698,5.398344647918016,0.01939655172413793,0.11309025676958272,5.830431015676265
frame_004,frame_006,4,6,5,2,False,True,835,sundial,0.20080815257349174,1.6054052915231432,0.5334793329238892,0.46652066707611084,0.023620469848228052,5.439639795925928,0.023706896551724137,0.1368548946393844,5.772788282970398
frame_004,frame_007,4,7,5,3,False,False,835,sundial,0.3116288361384971,1.1659424271026808,0.5832433104515076,0.41675668954849243,0.03808281150893371,5.387904353968384,0.023706896551724137,0.2090846730531365,8.819571663332303
frame_004,frame_008,4,8,5,4,False,False,835,sundial,0.18773339201489336,1.6727324502271304,0.5629221200942993,0.4370778799057007,0.03036998691725204,5.354242818171279,0.023706896551724137,0.18698498210920272,7.887366518060915
frame_004,frame_009,4,9,5,5,False,False,510,"container ship, containership, container vessel",0.12155639167532369,2.10737699486108,0.5363771915435791,0.4636228084564209,0.03317983076519555,5.3620632681164615,0.02586206896551724,0.17326505438467185,6.699582102873978
frame_004,frame_010,4,10,5,6,False,False,510,"container ship, containership, container vessel",0.14000769397045865,1.9660579009510621,0.5583903789520264,0.44160962104797363,0.028300609434463584,5.415683588162178,0.028017241379310345,0.15038233177794932,5.367492457305268
frame_004,frame_011,4,11,5,7,False,False,573,go-kart,0.1570752125144134,1.851030527745365,0.5755255222320557,0.42447447776794434,0.041123360859209854,5.322505209640456,0.034482758620689655,0.23122074413107585,6.7054015798012
frame_004,frame_012,4,12,5,8,False,False,573,go-kart,0.17562300081558974,1.7394156222153452,0.6232743263244629,0.3767256736755371,0.02450642529065951,5.383286937459587,0.03879310344827586,0.22082921687467136,5.692486479435972
frame_004,frame_013,4,13,5,9,False,False,573,go-kart,0.31374986051524195,1.1591592331091762,0.6226118803024292,0.3773881196975708,0.02066949388319657,5.427223867445267,0.03879310344827586,0.23548651542158558,6.070319064200873
frame_004,frame_014,4,14,5,10,False,False,912,"worm fence, snake fence, snake-rail fence, Virginia fence",0.4516102172486783,0.794935822408358,0.6702550649642944,0.32974493503570557,0.026708016344224615,5.444725894775886,0.034482758620689655,0.19256357483835984,5.584343670312435
frame_004,frame_015,4,15,5,11,True,False,912,"worm fence, snake fence, snake-rail fence, Virginia fence",0.5791508891089302,0.5461922324086723,0.6961313486099243,0.3038686513900757,0.022564092137797327,5.455298233914675,0.036637931034482756,0.1982800123818501,5.411877985010498
frame_004,frame_016,4,16,5,12,False,False,912,"worm fence, snake fence, snake-rail fence, Virginia fence",0.3546266000372215,1.0366898739500918,0.5739685297012329,0.4260314702987671,0.025686401801686215,5.423135111681049,0.04741379310344827,0.2718762745429976,5.734117790361404
frame_004,frame_017,4,17,5,13,False,False,791,shopping cart,0.22169746882069538,1.5064415795621904,0.5561524629592896,0.44384753704071045,0.021199902126478622,5.421648227889447,0.05387931034482758,0.26827046773041885,4.979099881076574
frame_004,frame_000,4,0,10,-4,False,True,835,sundial,0.23250623265405657,1.4588382471998085,0.5932960510253906,0.4067039489746094,0.05491508925842074,5.0593116131652796,0.015086206896551725,0.08117496923626329,5.380740817946594
frame_004,frame_001,4,1,10,-3,False,False,421,"bannister, banister, balustrade, balusters, handrail",0.37845016637184486,0.9716708756132513,0.6741055250167847,0.32589447498321533,0.04085246838383147,5.00338844311627,0.023706896551724137,0.1702440162474336,7.181202139891745
frame_004,frame_002,4,2,10,-2,False,False,421,"bannister, banister, balustrade, balusters, handrail",0.35845623493306056,1.0259487046845517,0.7001522779464722,0.29984772205352783,0.04096810818655757,5.0599169939726245,0.010775862068965518,0.11132388082657202,10.330856140705883
frame_004,frame_003,4,3,10,-1,False,False,421,"bannister, banister, balustrade, balusters, handrail",0.4393133190855636,0.8225424095764156,0.7421523928642273,0.2578476071357727,0.05807232051890983,5.066480341408039,0.01939655172413793,0.11105997472488839,5.725758696927579
frame_004,frame_005,4,5,10,1,False,False,835,sundial,0.7585654799784075,0.2763261556685874,0.8479368686676025,0.15206313133239746,0.06605742821919883,5.2106848321664545,0.01939655172413793,0.048613450297764586,2.5062934375736408
frame_004,frame_006,4,6,10,2,False,False,835,sundial,0.37756410986302263,0.9740148972603913,0.7419441938400269,0.25805580615997314,0.08235740587863495,5.111092662601961,0.023706896551724137,0.06866315504510014,2.8963367219024057
frame_004,frame_007,4,7,10,3,False,False,835,sundial,0.7217806342253932,0.32603401696796497,0.8254615068435669,0.1745384931564331,0.08821923337761099,5.110478498210686,0.023706896551724137,0.12101261621942976,5.104532175074128
frame_004,frame_008,4,8,10,4,False,False,835,sundial,0.3527472487805627,1.0420034876260138,0.6925798058509827,0.30742019414901733,0.0728515986695953,5.052942984463057,0.023706896551724137,0.14611183881160303,6.163263018962164
frame_004,frame_009,4,9,10,5,False,False,416,"balance beam, beam",0.648255730270284,0.4334700150030739,0.7944905757904053,0.20550942420959473,0.06041083172688885,5.023058999483262,0.02586206896551724,0.15380169913332822,5.946999033155358
frame_004,frame_010,4,10,10,6,False,False,416,"balance beam, beam",0.6233759681751054,0.4726054619987803,0.8036707639694214,0.1963292360305786,0.05527586831437681,5.051426285912133,0.028017241379310345,0.1441869119941577,5.146363628099167
frame_004,frame_011,4,11,10,7,False,False,421,"bannister, banister, balustrade, balusters, handrail",0.6228520096389929,0.4734463331336176,0.7707735300064087,0.2292264699935913,0.06253420527535393,5.014777226223497,0.034482758620689655,0.23881945116920258,6.925764083906875
frame_004,frame_012,4,12,10,8,True,False,421,"bannister, banister, balustrade, balusters, handrail",0.8459632365683539,0.16727937591309772,0.8906229138374329,0.10937708616256714,0.04771477349222352,5.234693144370148,0.03879310344827586,0.19588799418588335,5.049557183458326
frame_004,frame_013,4,13,10,9,False,False,421,"bannister, banister, balustrade, balusters, handrail",0.8342937220379208,0.18116975392811696,0.8695099353790283,0.13049006462097168,0.036013536141360665,5.305892689164892,0.03879310344827586,0.20204862828039305,5.208364640116798
frame_004,frame_014,4,14,10,10,False,False,421,"bannister, banister, balustrade, balusters, handrail",0.24524956219564184,1.4054789656732556,0.644586443901062,0.355413556098938,0.039935824299010325,5.204137465714533,0.034482758620689655,0.19565359903087617,5.673954371895409
frame_004,frame_015,4,15,10,11,False,False,912,"worm fence, snake fence, snake-rail fence, Virginia fence",0.2911775764093349,1.2338219697133956,0.6753475666046143,0.32465243339538574,0.03895986515682714,5.256527472096776,0.036637931034482756,0.20625898342612273,5.6296569593953505
frame_004,frame_016,4,16,10,12,False,False,416,"balance beam, beam",0.5152762879749611,0.6630520406683766,0.714651346206665,0.28534865379333496,0.031215581690423034,5.282939636880822,0.04741379310344827,0.2030404579481439,4.282307840360853
frame_004,frame_017,4,17,10,13,False,False,416,"balance beam, beam",0.864413765074711,0.14570373004918435,0.887563943862915,0.11243605613708496,0.02988565685796078,5.306755847426254,0.05387931034482758,0.22504433696103981,4.176822893996899
frame_004,frame_000,4,0,20,-4,False,True,421,"bannister, banister, balustrade, balusters, handrail",0.16813503047406134,1.7829878695934083,0.560868501663208,0.439131498336792,0.021677648754374702,5.553018887404108,0.015086206896551725,0.03489067841578944,2.312753540703757
frame_004,frame_001,4,1,20,-3,False,False,835,sundial,0.186779196574069,1.6778281267657058,0.6041889190673828,0.3958110809326172,0.028771927907493347,5.512133215086531,0.023706896551724137,0.0650939498282832,2.745781156393037
frame_004,frame_002,4,2,20,-2,False,False,835,sundial,0.3054762991920385,1.185883083766127,0.6697975397109985,0.33020246028900146,0.016496888994017384,5.57685830249873,0.010775862068965518,0.02218391217106981,2.0586670494752783
frame_004,frame_003,4,3,20,-1,False,False,421,"bannister, banister, balustrade, balusters, handrail",0.5018149426627155,0.6895238673689907,0.6902049779891968,0.3097950220108032,0.019659172910700316,5.547236709039543,0.01939655172413793,0.026406023904968164,1.3613772324339142
frame_004,frame_005,4,5,20,1,False,False,835,sundial,0.6401604697872805,0.44603640001432054,0.7928293943405151,0.20717060565948486,0.018270104774439133,5.568893640988507,0.01939655172413793,0.021332436110104193,1.0998055950098162
frame_004,frame_006,4,6,20,2,False,False,675,moving van,0.2787710154354131,1.2773645673530705,0.6678293943405151,0.33217060565948486,0.02384181312600818,5.547129729756726,0.023706896551724137,0.02029971041018605,0.8562786936660298
frame_004,frame_007,4,7,20,3,False,False,835,sundial,0.7333219354600511,0.310170470979102,0.8049387335777283,0.19506126642227173,0.026577206279684146,5.545223209569541,0.023706896551724137,0.034314883518785734,1.4474641775196893
frame_004,frame_008,4,8,20,4,False,False,421,"bannister, banister, balustrade, balusters, handrail",0.48613919465874167,0.7212602873259604,0.6922610998153687,0.30773890018463135,0.024470275228343698,5.526545900740918,0.023706896551724137,0.033320544000789085,1.4055211287605578
frame_004,frame_009,4,9,20,5,False,False,421,"bannister, banister, balustrade, balusters, handrail",0.2700190702672723,1.30926269185846,0.6186428666114807,0.3813571333885193,0.026686716696568295,5.4990771921097625,0.02586206896551724,0.03351929332616336,1.2960793419449832
frame_004,frame_010,4,10,20,6,False,False,421,"bannister, banister, balustrade, balusters, handrail",0.3571780814064835,1.0295207941064197,0.6853224039077759,0.3146775960922241,0.035093634942186036,5.490756325436175,0.028017241379310345,0.04648010522290761,1.6589822171868562
frame_004,frame_011,4,11,20,7,False,False,421,"bannister, banister, balustrade, balusters, handrail",0.6422044600333366,0.44284855242194404,0.7766138315200806,0.22338616847991943,0.039727373738613424,5.545532387156879,0.034482758620689655,0.05344480164912559,1.549899247824642
frame_004,frame_012,4,12,20,8,True,False,421,"bannister, banister, balustrade, balusters, handrail",0.8684405091756188,0.14105619400562475,0.9000714421272278,0.09992855787277222,0.04420054409940806,5.558875589531677,0.03879310344827586,0.0565495090709419,1.457720678273169
frame_004,frame_013,4,13,20,9,False,False,421,"bannister, banister, balustrade, balusters, handrail",0.7982223309984445,0.22536811006322321,0.8486945033073425,0.15130549669265747,0.04112744684109026,5.604679227260288,0.03879310344827586,0.06181453470446717,1.593441339048487
frame_004,frame_014,4,14,20,10,False,False,421,"bannister, banister, balustrade, balusters, handrail",0.33957960039867335,1.0800468958466176,0.6879715919494629,0.3120284080505371,0.03905511553632102,5.594207748869453,0.034482758620689655,0.053180829741154595,1.5422440624934832
frame_004,frame_015,4,15,20,11,False,False,912,"worm fence, snake fence, snake-rail fence, Virginia fence",0.3544061259889903,1.0373117748786225,0.689274251461029,0.31072574853897095,0.0348627603060252,5.625814374351373,0.036637931034482756,0.0695229038198093,1.8975663160230305
frame_004,frame_016,4,16,20,12,False,False,471,cannon,0.2519118234676317,1.3786761595768855,0.6398072242736816,0.36019277572631836,0.03905797752954839,5.619899906372923,0.04741379310344827,0.0710569490328919,1.4986556523300838
frame_004,frame_017,4,17,20,13,False,False,416,"balance beam, beam",0.23688030179480743,1.4402003211487169,0.6630918979644775,0.33690810203552246,0.025215847100493557,5.643571998455003,0.05387931034482758,0.06431639218351452,1.1937122389260295
frame_004,frame_000,4,0,30,-4,False,True,835,sundial,0.27242568404647705,1.3003894211689504,0.569024920463562,0.430975079536438,0.03401789057777759,5.265278247070338,0.015086206896551725,0.009309476996080673,0.6170853323116332
frame_004,frame_001,4,1,30,-3,False,False,835,sundial,0.25560264503452934,1.3641312081968966,0.5697537660598755,0.4302462339401245,0.0344756018537472,5.204029941891195,0.023706896551724137,0.02302814041711523,0.9713688321401334
frame_004,frame_002,4,2,30,-2,False,False,835,sundial,0.32380290062050965,1.1276202797166204,0.6313382387161255,0.3686617612838745,0.026015808812117215,5.28289504610224,0.010775862068965518,0.009201502080438876,0.8538993930647276
frame_004,frame_003,4,3,30,-1,False,False,421,"bannister, banister, balustrade, balusters, handrail",0.3493917728971768,1.0515614279326786,0.6306904554367065,0.36930954456329346,0.0273904354197299,5.334477507279877,0.01939655172413793,0.011065906325071567,0.5705089483148008
frame_004,frame_005,4,5,30,1,False,False,835,sundial,0.830829571339205,0.1853305938013894,0.8619233965873718,0.13807660341262817,0.033703617957925466,5.298940572393567,0.01939655172413793,0.0035153559071312524,0.1812361267676557
frame_004,frame_006,4,6,30,2,False,False,835,sundial,0.3603318635707619,1.0207298289164102,0.6445415616035461,0.35545843839645386,0.029051305876406083,5.332377433101302,0.023706896551724137,0.007877408218328986,0.3322834012095136
frame_004,frame_007,4,7,30,3,False,False,835,sundial,0.7263445414281675,0.3197308017624989,0.8086420297622681,0.19135797023773193,0.02442684759628749,5.345284931231921,0.023706896551724137,0.016680118908794707,0.7035977430618858
frame_004,frame_008,4,8,30,4,False,False,835,sundial,0.2467696011484238,1.3993001665452063,0.626466691493988,0.37353330850601196,0.03536492866192775,5.28360291519513,0.023706896551724137,0.009765556496168075,0.4119289285656352
frame_004,frame_009,4,9,30,5,False,False,416,"balance beam, beam",0.20589020228991448,1.580412250879447,0.5804343223571777,0.41956567764282227,0.03399320246829423,5.282844935543408,0.02586206896551724,0.016602802871463523,0.6419750443632563
frame_004,frame_010,4,10,30,6,False,False,421,"bannister, banister, balustrade, balusters, handrail",0.2835220700406989,1.2604653103762913,0.6886866092681885,0.3113133907318115,0.0265660696908073,5.306859978056471,0.028017241379310345,0.021839362869592018,0.7794972593454381
frame_004,frame_011,4,11,30,7,False,False,421,"bannister, banister, balustrade, balusters, handrail",0.7149072775242163,0.3356024264818518,0.7892047762870789,0.21079522371292114,0.025335071393925154,5.369520342963749,0.034482758620689655,0.0258258311801795,0.7489491042252056
frame_004,frame_012,4,12,30,8,False,False,421,"bannister, banister, balustrade, balusters, handrail",0.8422429119814562,0.17168681230647964,0.8837282061576843,0.11627179384231567,0.04736174605754838,5.266212668966631,0.03879310344827586,0.0624168143583444,1.6089667701262111
frame_004,frame_013,4,13,30,9,True,False,421,"bannister, banister, balustrade, balusters, handrail",0.8428693083151603,0.17094336465354487,0.8848204016685486,0.11517959833145142,0.03929150402818558,5.228502322460307,0.03879310344827586,0.05437895428475348,1.4017685993403117
frame_004,frame_014,4,14,30,10,False,False,421,"bannister, banister, balustrade, balusters, handrail",0.31085504004461156,1.1684285846468678,0.6604878902435303,0.3395121097564697,0.03259053835765316,5.315185223644596,0.034482758620689655,0.013180535383023247,0.3822355261076742
frame_004,frame_015,4,15,30,11,False,False,612,"jinrikisha, ricksha, rickshaw",0.4426606265656394,0.8149518825134963,0.7234472036361694,0.27655279636383057,0.03059698997000369,5.3431061636154755,0.036637931034482756,0.0158498075617429,0.43260651227345326
frame_004,frame_016,4,16,30,12,False,False,912,"worm fence, snake fence, snake-rail fence, Virginia fence",0.18317299818755486,1.6973242274109752,0.5946180820465088,0.4053819179534912,0.030326953307774577,5.279582150626751,0.04741379310344827,0.02761273424235519,0.5823776676569459
frame_004,frame_017,4,17,30,13,False,False,612,"jinrikisha, ricksha, rickshaw",0.2234241775706098,1.498683172730252,0.6773041486740112,0.32269585132598877,0.03649186037953917,5.228810052266959,0.05387931034482758,0.02027596829115736,0.37632197148388064
frame_004,frame_000,4,0,40,-4,False,False,835,sundial,0.41413559501970093,0.8815618345789895,0.6720808744430542,0.3279191255569458,0.10236253554531094,4.072398018114939,0.015086206896551725,0.3738983596048798,24.784119836666317
frame_004,frame_001,4,1,40,-3,False,False,835,sundial,0.5012578517667124,0.6906346361115494,0.6979684829711914,0.3020315170288086,0.13662493029422804,3.892223621726883,0.023706896551724137,0.4631333709592046,19.535807647733723
frame_004,frame_002,4,2,40,-2,False,False,835,sundial,0.49448158282819765,0.704245372640858,0.707770824432373,0.29222917556762695,0.22506369895843492,3.806547968467176,0.010775862068965518,0.33440821516923325,31.033082367704843
frame_004,frame_003,4,3,40,-1,False,False,835,sundial,0.43151551426798357,0.8404518148338846,0.6686115264892578,0.3313884735107422,0.07458698278197531,4.179810224759471,0.01939655172413793,0.3522469763454985,18.160288558256813
frame_004,frame_005,4,5,40,1,True,False,835,sundial,0.8876427731299287,0.11918589943862523,0.9141285419464111,0.08587145805358887,0.07122815408602239,4.547857440061545,0.01939655172413793,0.24243762698131896,12.499006546592444
frame_004,frame_006,4,6,40,2,False,False,835,sundial,0.41567707926327385,0.8778465719312614,0.713974118232727,0.28602588176727295,0.08121901682631624,4.610526609955964,0.023706896551724137,0.29564123912235607,12.470684995706657
frame_004,frame_007,4,7,40,3,False,False,835,sundial,0.8581187313512435,0.15301280753975943,0.8957337141036987,0.10426628589630127,0.09306357226204055,4.399181777536557,0.023706896551724137,0.3996916439882587,16.85972025550473
frame_004,frame_008,4,8,40,4,False,False,835,sundial,0.32193486603550686,1.1334060332918003,0.6587939262390137,0.34120607376098633,0.12168382740958086,3.924713435419416,0.023706896551724137,0.47123803508453294,19.877677116293025
frame_004,frame_009,4,9,40,5,False,False,416,"balance beam, beam",0.5704703229853771,0.5612941303400216,0.7172695398330688,0.28273046016693115,0.09221839313695378,4.127941345198205,0.02586206896551724,0.37463241812412396,14.485786834132794
frame_004,frame_010,4,10,40,6,False,False,416,"balance beam, beam",0.5936044387008297,0.5215421095611861,0.784339189529419,0.21566081047058105,0.12033757405747916,4.290505949214622,0.028017241379310345,0.3623775239898375,12.934090087021893
frame_004,frame_011,4,11,40,7,False,False,421,"bannister, banister, balustrade, balusters, handrail",0.6923046102329351,0.3677292320209875,0.7896678447723389,0.21033215522766113,0.13265332674296887,3.9222753205226164,0.034482758620689655,0.5208746370552255,15.10536447460154
frame_004,frame_012,4,12,40,8,False,False,421,"bannister, banister, balustrade, balusters, handrail",0.7924011691439251,0.23268748871218015,0.856245219707489,0.143754780292511,0.06228100005108533,4.175205088638099,0.03879310344827586,0.3992150956869465,10.290878022152398
frame_004,frame_013,4,13,40,9,False,False,421,"bannister, banister, balustrade, balusters, handrail",0.7801067838020617,0.2483244663584302,0.8505700826644897,0.14942991733551025,0.06202372003481377,4.307276245352633,0.03879310344827586,0.4959245118744855,12.783831861653404
frame_004,frame_014,4,14,40,10,False,True,912,"worm fence, snake fence, snake-rail fence, Virginia fence",0.2813214934776703,1.26825715873489,0.6578179597854614,0.3421820402145386,0.07660427645662946,4.303834487736167,0.034482758620689655,0.43647237500630787,12.657698875182929
frame_004,frame_015,4,15,40,11,False,False,912,"worm fence, snake fence, snake-rail fence, Virginia fence",0.33798530227459755,1.0847528688392738,0.7093948125839233,0.29060518741607666,0.07434060432275771,4.353484712095378,0.036637931034482756,0.4820324777734983,13.15665115805313
frame_004,frame_016,4,16,40,12,False,False,416,"balance beam, beam",0.2348951300749897,1.4486161194394174,0.6672160625457764,0.33278393745422363,0.2234451608805283,3.8536962225116547,0.04741379310344827,0.6439477963609653,13.58144443234036
frame_004,frame_017,4,17,40,13,False,False,416,"balance beam, beam",0.5355137808251828,0.624528654924652,0.7981758117675781,0.20182418823242188,0.13365506713442712,4.2456299802653445,0.05387931034482758,0.6018892745448308,11.17106493555206
frame_004,frame_000,4,0,50,-4,False,False,835,sundial,0.19406110671210702,1.6395821864634579,0.6338486671447754,0.3661513328552246,0.035807690566941656,4.794690380240933,0.015086206896551725,0.08764421335394926,5.809559285176065
frame_004,frame_001,4,1,50,-3,False,False,471,cannon,0.33315473296171444,1.0991482333756775,0.6695095300674438,0.33049046993255615,0.06260908407734503,4.720102020174261,0.023706896551724137,0.12262619905333777,5.172596032795339
frame_004,frame_002,4,2,50,-2,False,False,471,cannon,0.3136927089069615,1.1593414063031027,0.6858621835708618,0.3141378164291382,0.03567742982737517,4.860219041892069,0.010775862068965518,0.04673647532033772,4.33714490972734
frame_004,frame_003,4,3,50,-1,False,True,421,"bannister, banister, balustrade, balusters, handrail",0.22990428682968633,1.4700922008897317,0.6222542524337769,0.37774574756622314,0.04546141219254491,4.871937549237016,0.01939655172413793,0.09166757638354957,4.725972826885222
frame_004,frame_005,4,5,50,1,False,False,835,sundial,0.9179978389321465,0.08556024246883309,0.933074951171875,0.066925048828125,0.07770922804153389,4.867642613625409,0.01939655172413793,0.02439005820199325,1.2574430006360964
frame_004,frame_006,4,6,50,2,False,False,835,sundial,0.33867691325157534,1.0827086843054126,0.7286574244499207,0.27134257555007935,0.0886455461730227,4.855296859592574,0.023706896551724137,0.045327688230605324,1.9120043035455339
frame_004,frame_007,4,7,50,3,False,False,835,sundial,0.8135777015425791,0.2063138417735919,0.8813696503639221,0.11863034963607788,0.06707178806879772,4.911793756335296,0.023706896551724137,0.14252133306800444,6.011808958504915
frame_004,frame_008,4,8,50,4,False,False,835,sundial,0.27249739892244207,1.300126210163139,0.7117897272109985,0.28821027278900146,0.03947135022671145,5.018719915460993,0.023706896551724137,0.1115813193244914,4.706702924233092
frame_004,frame_009,4,9,50,5,False,False,416,"balance beam, beam",0.6837632276475824,0.38014357969620605,0.7975637912750244,0.20243620872497559,0.04489205759688478,4.964932945260921,0.02586206896551724,0.11654256354035697,4.506312456893803
frame_004,frame_010,4,10,50,6,False,False,416,"balance beam, beam",0.44009697162765277,0.8207601862893052,0.7814599275588989,0.21854007244110107,0.04547771836099664,5.0255541482761386,0.028017241379310345,0.08622535807183078,3.077582011179191
frame_004,frame_011,4,11,50,7,False,False,421,"bannister, banister, balustrade, balusters, handrail",0.699575542220462,0.3572814961107973,0.8118842840194702,0.18811571598052979,0.057858075848680086,4.906652016277508,0.034482758620689655,0.16602086550406936,4.814605099618012
frame_004,frame_012,4,12,50,8,True,False,421,"bannister, banister, balustrade, balusters, handrail",0.9279659889472076,0.07476019670892942,0.9357255101203918,0.06427448987960815,0.04414799310837371,5.068897007057396,0.03879310344827586,0.12794170815166447,3.298052921242906
frame_004,frame_013,4,13,50,9,False,False,421,"bannister, banister, balustrade, balusters, handrail",0.8817728367743367,0.1258208108258705,0.8994880318641663,0.10051196813583374,0.06529168681607653,5.035943121886125,0.03879310344827586,0.11654192805358178,3.004191923158997
frame_004,frame_014,4,14,50,10,False,False,912,"worm fence, snake fence, snake-rail fence, Virginia fence",0.22780530407661753,1.479263944321695,0.6400886178016663,0.35991138219833374,0.07052803854748058,5.030268254215622,0.034482758620689655,0.08894913766981913,2.579524992424755
frame_004,frame_015,4,15,50,11,False,False,912,"worm fence, snake fence, snake-rail fence, Virginia fence",0.38930068308847143,0.9434032697089786,0.7088626027107239,0.2911373972892761,0.0499658886994407,5.060266622632655,0.036637931034482756,0.10623405704890237,2.8995648512171
frame_004,frame_016,4,16,50,12,False,False,416,"balance beam, beam",0.3743695289956357,0.9825119239203445,0.6734764575958252,0.3265235424041748,0.05375847970659116,5.1322377303090345,0.04741379310344827,0.11015592980103084,2.323288701258105
frame_004,frame_017,4,17,50,13,False,False,416,"balance beam, beam",0.5947444999422818,0.5196233775218942,0.7788784503936768,0.22112154960632324,0.03853200726169277,5.132629870139886,0.05387931034482758,0.11486877432070151,2.13196445139222
frame_005,frame_000,5,0,5,-5,False,False,791,shopping cart,0.3929778623810357,0.9340019985187071,0.6119171380996704,0.3880828619003296,0.0375257397220155,5.166195238622624,0.015086206896551725,0.166052365634682,11.006899664927493
frame_005,frame_001,5,1,5,-4,False,False,791,shopping cart,0.40629182547548853,0.9006835956211067,0.6115250587463379,0.3884749412536621,0.037115599500663565,5.166136035000568,0.023706896551724137,0.18682047120944242,7.880427149198299
frame_005,frame_002,5,2,5,-3,False,False,791,shopping cart,0.289790483567422,1.2385970875663328,0.5736445188522339,0.4263554811477661,0.040142241173328944,5.27220498571013,0.010775862068965518,0.08623456433755346,8.00256757052496
frame_005,frame_003,5,3,5,-2,False,False,791,shopping cart,0.28919438560009847,1.2406562024402659,0.56560218334198,0.43439781665802,0.03847233177229624,5.2732428347082845,0.01939655172413793,0.1564024325857601,8.063414302199186
frame_005,frame_004,5,4,5,-1,False,False,835,sundial,0.2359305692348542,1.4442177153986921,0.5948411226272583,0.4051588773727417,0.024042969660180522,5.376022824853645,0.015086206896551725,0.10050772727163715,6.6622264934342335
frame_005,frame_006,5,6,5,1,False,True,835,sundial,0.20080815257349174,1.6054052915231432,0.5334793329238892,0.46652066707611084,0.026445349398817833,5.382048606402352,0.023706896551724137,0.14706274758149684,6.203374079801322
frame_005,frame_007,5,7,5,2,False,False,835,sundial,0.3116288361384971,1.1659424271026808,0.5832433104515076,0.41675668954849243,0.04070430951808398,5.3278515162694635,0.023706896551724137,0.2243828456855129,9.464876399825272
frame_005,frame_008,5,8,5,3,False,False,835,sundial,0.18773339201489336,1.6727324502271304,0.5629221200942993,0.4370778799057007,0.03443203857588106,5.284878511359217,0.023706896551724137,0.20498462713462112,8.646624271860382
frame_005,frame_009,5,9,5,4,False,False,510,"container ship, containership, container vessel",0.12155639167532369,2.10737699486108,0.5363771915435791,0.4636228084564209,0.03418581201604453,5.304303818012403,0.02586206896551724,0.1874729353629656,7.248953500701337
frame_005,frame_010,5,10,5,5,False,False,510,"container ship, containership, container vessel",0.14000769397045865,1.9660579009510621,0.5583903789520264,0.44160962104797363,0.0322081039736435,5.364575955184531,0.028017241379310345,0.16135386905559054,5.759091941676463
frame_005,frame_011,5,11,5,6,False,False,573,go-kart,0.1570752125144134,1.851030527745365,0.5755255222320557,0.42447447776794434,0.04634760386771336,5.259226197105386,0.034482758620689655,0.24861008681823019,7.2096925177286755
frame_005,frame_012,5,12,5,7,False,False,573,go-kart,0.17562300081558974,1.7394156222153452,0.6232743263244629,0.3767256736755371,0.025404569154192758,5.332172357292862,0.03879310344827586,0.23860056159019288,6.150592254324972
frame_005,frame_013,5,13,5,8,False,False,573,go-kart,0.31374986051524195,1.1591592331091762,0.6226118803024292,0.3773881196975708,0.023776545042626968,5.38518230288077,0.03879310344827586,0.25016330996452374,6.448654212418834
frame_005,frame_014,5,14,5,9,False,False,912,"worm fence, snake fence, snake-rail fence, Virginia fence",0.4516102172486783,0.794935822408358,0.6702550649642944,0.32974493503570557,0.027422298456246663,5.400740236480618,0.034482758620689655,0.20511609404794068,5.94836672739028
frame_005,frame_015,5,15,5,10,True,False,912,"worm fence, snake fence, snake-rail fence, Virginia fence",0.5791508891089302,0.5461922324086723,0.6961313486099243,0.3038686513900757,0.02512495754370361,5.4086764695368394,0.036637931034482756,0.21171684289972303,5.778624417968912
frame_005,frame_016,5,16,5,11,False,False,912,"worm fence, snake fence, snake-rail fence, Virginia fence",0.3546266000372215,1.0366898739500918,0.5739685297012329,0.4260314702987671,0.02950544428859616,5.366059070594741,0.04741379310344827,0.292008545695091,6.158725691023737
frame_005,frame_017,5,17,5,12,False,False,791,shopping cart,0.22169746882069538,1.5064415795621904,0.5561524629592896,0.44384753704071045,0.024748330798984305,5.375119020155621,0.05387931034482758,0.2880728589739347,5.346632262556228
frame_005,frame_000,5,0,10,-5,False,True,835,sundial,0.23250623265405657,1.4588382471998085,0.5932960510253906,0.4067039489746094,0.05792153609082185,4.9521704984370585,0.015086206896551725,0.10457560621093955,6.931868754553706
frame_005,frame_001,5,1,10,-4,False,False,421,"bannister, banister, balustrade, balusters, handrail",0.37845016637184486,0.9716708756132513,0.6741055250167847,0.32589447498321533,0.041972294326266965,4.8884129320956395,0.023706896551724137,0.18796238271143628,7.9285950525551305
frame_005,frame_002,5,2,10,-3,False,False,421,"bannister, banister, balustrade, balusters, handrail",0.35845623493306056,1.0259487046845517,0.7001522779464722,0.29984772205352783,0.04235986961041612,4.95678655719678,0.010775862068965518,0.12536773550642266,11.634125854996022
frame_005,frame_003,5,3,10,-2,False,False,421,"bannister, banister, balustrade, balusters, handrail",0.4393133190855636,0.8225424095764156,0.7421523928642273,0.2578476071357727,0.0566380906621204,4.969796846569906,0.01939655172413793,0.1276895896780411,6.58310773451234
frame_005,frame_004,5,4,10,-1,False,False,835,sundial,0.7228303037656676,0.3245807956231744,0.8197274208068848,0.18027257919311523,0.06283283958645201,5.048909511399098,0.015086206896551725,0.08558476456131782,5.673047250921638
frame_005,frame_006,5,6,10,1,False,False,835,sundial,0.37756410986302263,0.9740148972603913,0.7419441938400269,0.25805580615997314,0.07553133335022036,5.052765578340532,0.023706896551724137,0.0810372965544648,3.4183005092065155
frame_005,frame_007,5,7,10,2,False,False,835,sundial,0.7217806342253932,0.32603401696796497,0.8254615068435669,0.1745384931564331,0.08239506218707973,5.035119366816168,0.023706896551724137,0.14344840648500384,6.05091460082198
frame_005,frame_008,5,8,10,3,False,False,835,sundial,0.3527472487805627,1.0420034876260138,0.6925798058509827,0.30742019414901733,0.06855114505114196,4.949206817622088,0.023706896551724137,0.18085518898024766,7.6288006988031745
frame_005,frame_009,5,9,10,4,False,False,416,"balance beam, beam",0.648255730270284,0.4334700150030739,0.7944905757904053,0.20550942420959473,0.05538596995106253,4.926748290510835,0.02586206896551724,0.178281278091188,6.893542752859269
frame_005,frame_010,5,10,10,5,False,False,416,"balance beam, beam",0.6233759681751054,0.4726054619987803,0.8036707639694214,0.1963292360305786,0.05860207136863179,4.971197749699678,0.028017241379310345,0.16938874299073595,6.0458751344385755
frame_005,frame_011,5,11,10,6,False,False,421,"bannister, banister, balustrade, balusters, handrail",0.6228520096389929,0.4734463331336176,0.7707735300064087,0.2292264699935913,0.06397524438884841,4.9132630104422645,0.034482758620689655,0.2784468375733795,8.074958289628006
frame_005,frame_012,5,12,10,7,True,False,421,"bannister, banister, balustrade, balusters, handrail",0.8459632365683539,0.16727937591309772,0.8906229138374329,0.10937708616256714,0.04950632184602263,5.1304515390396705,0.03879310344827586,0.22632079497533433,5.834047159364173
frame_005,frame_013,5,13,10,8,False,False,421,"bannister, banister, balustrade, balusters, handrail",0.8342937220379208,0.18116975392811696,0.8695099353790283,0.13049006462097168,0.04178821363198272,5.190682464576943,0.03879310344827586,0.23882264728129338,6.156317129917785
frame_005,frame_014,5,14,10,9,False,False,421,"bannister, banister, balustrade, balusters, handrail",0.24524956219564184,1.4054789656732556,0.644586443901062,0.355413556098938,0.044019602643291265,5.080528492490107,0.034482758620689655,0.22988662823691403,6.666712218870507
frame_005,frame_015,5,15,10,10,False,False,912,"worm fence, snake fence, snake-rail fence, Virginia fence",0.2911775764093349,1.2338219697133956,0.6753475666046143,0.32465243339538574,0.040834851431049535,5.141298095293558,0.036637931034482756,0.24812872185301307,6.772454525870475
frame_005,frame_016,5,16,10,11,False,False,416,"balance beam, beam",0.5152762879749611,0.6630520406683766,0.714651346206665,0.28534865379333496,0.03510723677475407,5.1903407613318935,0.04741379310344827,0.2473625166309406,5.2171003507616565
frame_005,frame_017,5,17,10,12,False,False,416,"balance beam, beam",0.864413765074711,0.14570373004918435,0.887563943862915,0.11243605613708496,0.033601678396287665,5.210098495230317,0.05387931034482758,0.270679333142496,5.023808423124725
frame_005,frame_000,5,0,20,-5,False,True,421,"bannister, banister, balustrade, balusters, handrail",0.16813503047406134,1.7829878695934083,0.560868501663208,0.439131498336792,0.02371245643813047,5.504498401311729,0.015086206896551725,0.043481555806455505,2.8822059848850503
frame_005,frame_001,5,1,20,-4,False,False,835,sundial,0.186779196574069,1.6778281267657058,0.6041889190673828,0.3958110809326172,0.031101483952880798,5.466932374032695,0.023706896551724137,0.07669421228857745,3.23510131835454
frame_005,frame_002,5,2,20,-3,False,False,835,sundial,0.3054762991920385,1.185883083766127,0.6697975397109985,0.33020246028900146,0.018729083207292843,5.543872379529031,0.010775862068965518,0.027797338504181895,2.5795930131880795
frame_005,frame_003,5,3,20,-2,False,False,421,"bannister, banister, balustrade, balusters, handrail",0.5018149426627155,0.6895238673689907,0.6902049779891968,0.3097950220108032,0.023309713067907748,5.511449320947319,0.01939655172413793,0.033528794403879576,1.7285956226000136
frame_005,frame_004,5,4,20,-1,False,False,835,sundial,0.6357378769752826,0.4529689437169587,0.7735067009925842,0.22649329900741577,0.022877817956390968,5.537765433993013,0.015086206896551725,0.026379732628189104,1.7485994199256778
frame_005,frame_006,5,6,20,1,False,False,675,moving van,0.2787710154354131,1.2773645673530705,0.6678293943405151,0.33217060565948486,0.023476489057155984,5.5251599041097235,0.023706896551724137,0.025865904183410112,1.0910708673729357
frame_005,frame_007,5,7,20,2,False,False,835,sundial,0.7333219354600511,0.310170470979102,0.8049387335777283,0.19506126642227173,0.0237066187780813,5.5289888069381945,0.023706896551724137,0.04378647442151814,1.8469931028713107
frame_005,frame_008,5,8,20,3,False,False,421,"bannister, banister, balustrade, balusters, handrail",0.48613919465874167,0.7212602873259604,0.6922610998153687,0.30773890018463135,0.02658921108679988,5.490101835008005,0.023706896551724137,0.044254094030158966,1.8667181481812511
frame_005,frame_009,5,9,20,4,False,False,421,"bannister, banister, balustrade, balusters, handrail",0.2700190702672723,1.30926269185846,0.6186428666114807,0.3813571333885193,0.027072660154963152,5.462329494201244,0.02586206896551724,0.043922146776431095,1.6983230086886691
frame_005,frame_010,5,10,20,5,False,False,421,"bannister, banister, balustrade, balusters, handrail",0.3571780814064835,1.0295207941064197,0.6853224039077759,0.3146775960922241,0.03378017972634727,5.4495676527691375,0.028017241379310345,0.0585457190346852,2.0896318178533795
frame_005,frame_011,5,11,20,6,False,False,421,"bannister, banister, balustrade, balusters, handrail",0.6422044600333366,0.44284855242194404,0.7766138315200806,0.22338616847991943,0.0376770605098592,5.497272357433131,0.034482758620689655,0.06791903932001472,1.969652140280427
frame_005,frame_012,5,12,20,7,True,False,421,"bannister, banister, balustrade, balusters, handrail",0.8684405091756188,0.14105619400562475,0.9000714421272278,0.09992855787277222,0.043935977217733124,5.5261302162548525,0.03879310344827586,0.06972503289864884,1.7973564036096146
frame_005,frame_013,5,13,20,8,False,False,421,"bannister, banister, balustrade, balusters, handrail",0.7982223309984445,0.22536811006322321,0.8486945033073425,0.15130549669265747,0.040678784169375405,5.573602429987701,0.03879310344827586,0.07657163970600188,1.9738467124213817
frame_005,frame_014,5,14,20,9,False,False,421,"bannister, banister, balustrade, balusters, handrail",0.33957960039867335,1.0800468958466176,0.6879715919494629,0.3120284080505371,0.03711127484917858,5.561800466373461,0.034482758620689655,0.06662945149539207,1.9322540933663699
frame_005,frame_015,5,15,20,10,False,False,912,"worm fence, snake fence, snake-rail fence, Virginia fence",0.3544061259889903,1.0373117748786225,0.689274251461029,0.31072574853897095,0.03252702139692786,5.598720238644324,0.036637931034482756,0.08249237731490378,2.25155665141855
frame_005,frame_016,5,16,20,11,False,False,471,cannon,0.2519118234676317,1.3786761595768855,0.6398072242736816,0.36019277572631836,0.039438758351472175,5.589510767515195,0.04741379310344827,0.081730694154727,1.7237746403542422
frame_005,frame_017,5,17,20,12,False,False,416,"balance beam, beam",0.23688030179480743,1.4402003211487169,0.6630918979644775,0.33690810203552246,0.02500445631858179,5.618061747633365,0.05387931034482758,0.07723870934415421,1.433550445427502
frame_005,frame_000,5,0,30,-5,False,True,835,sundial,0.27242568404647705,1.3003894211689504,0.569024920463562,0.430975079536438,0.031091403236992353,5.252191432787997,0.015086206896551725,0.010785337253727975,0.7149137836756829
frame_005,frame_001,5,1,30,-4,False,False,835,sundial,0.25560264503452934,1.3641312081968966,0.5697537660598755,0.4302462339401245,0.03300736817062312,5.1988313942482005,0.023706896551724137,0.023914631082433864,1.008762620204483
frame_005,frame_002,5,2,30,-3,False,False,835,sundial,0.32380290062050965,1.1276202797166204,0.6313382387161255,0.3686617612838745,0.029036367093979755,5.272013971826566,0.010775862068965518,0.010554639834330835,0.9794705766259014
frame_005,frame_003,5,3,30,-2,False,False,421,"bannister, banister, balustrade, balusters, handrail",0.3493917728971768,1.0515614279326786,0.6306904554367065,0.36930954456329346,0.024665225067163298,5.331603016458612,0.01939655172413793,0.012842612163057321,0.6621080048509552
frame_005,frame_004,5,4,30,-1,False,False,835,sundial,0.8093472027828037,0.2115272787361393,0.8488396406173706,0.1511603593826294,0.036233584851015646,5.289322914748384,0.015086206896551725,0.0063800269305657005,0.4229046422546407
frame_005,frame_006,5,6,30,1,False,False,835,sundial,0.3603318635707619,1.0207298289164102,0.6445415616035461,0.35545843839645386,0.026601130474405266,5.3364883043787215,0.023706896551724137,0.009231808128362138,0.3894144519600029
frame_005,frame_007,5,7,30,2,False,False,835,sundial,0.7263445414281675,0.3197308017624989,0.8086420297622681,0.19135797023773193,0.02557681339827124,5.364486206156579,0.023706896551724137,0.01698389043289546,0.7164113782603176
frame_005,frame_008,5,8,30,3,False,False,835,sundial,0.2467696011484238,1.3993001665452063,0.626466691493988,0.37353330850601196,0.032364352657741166,5.312266092255154,0.023706896551724137,0.01263126230919767,0.532809610133429
frame_005,frame_009,5,9,30,4,False,False,416,"balance beam, beam",0.20589020228991448,1.580412250879447,0.5804343223571777,0.41956567764282227,0.033930982869053765,5.3118400052768235,0.02586206896551724,0.020743607018522722,0.8020861380495453
frame_005,frame_010,5,10,30,5,False,False,421,"bannister, banister, balustrade, balusters, handrail",0.2835220700406989,1.2604653103762913,0.6886866092681885,0.3113133907318115,0.03064861343773277,5.309699527442993,0.028017241379310345,0.025397652193722926,0.9065008167605721
frame_005,frame_011,5,11,30,6,False,False,421,"bannister, banister, balustrade, balusters, handrail",0.7149072775242163,0.3356024264818518,0.7892047762870789,0.21079522371292114,0.027426177448272675,5.380425597924701,0.034482758620689655,0.03074434174857689,0.8915859107087298
frame_005,frame_012,5,12,30,7,False,False,421,"bannister, banister, balustrade, balusters, handrail",0.8422429119814562,0.17168681230647964,0.8837282061576843,0.11627179384231567,0.049282897021600394,5.2672984233910505,0.03879310344827586,0.06659462229454759,1.7166613747038932
frame_005,frame_013,5,13,30,8,True,False,421,"bannister, banister, balustrade, balusters, handrail",0.8428693083151603,0.17094336465354487,0.8848204016685486,0.11517959833145142,0.04413412837725063,5.249198156696782,0.03879310344827586,0.061831198670065424,1.5938708990505752
frame_005,frame_014,5,14,30,9,False,False,421,"bannister, banister, balustrade, balusters, handrail",0.31085504004461156,1.1684285846468678,0.6604878902435303,0.3395121097564697,0.03221885567942512,5.334554830214794,0.034482758620689655,0.01651223612648111,0.47885484766795217
frame_005,frame_015,5,15,30,10,False,False,612,"jinrikisha, ricksha, rickshaw",0.4426606265656394,0.8149518825134963,0.7234472036361694,0.27655279636383057,0.027624411926257354,5.376541682818225,0.036637931034482756,0.018782931140194838,0.5126635322970827
frame_005,frame_016,5,16,30,11,False,False,912,"worm fence, snake fence, snake-rail fence, Virginia fence",0.18317299818755486,1.6973242274109752,0.5946180820465088,0.4053819179534912,0.02712254055187923,5.31454819415292,0.04741379310344827,0.030279632391400926,0.6386249740731832
frame_005,frame_017,5,17,30,12,False,False,612,"jinrikisha, ricksha, rickshaw",0.2234241775706098,1.498683172730252,0.6773041486740112,0.32269585132598877,0.035642638386961335,5.266182384569996,0.05387931034482758,0.023124945538756728,0.42919898919932487
frame_005,frame_000,5,0,40,-5,False,False,835,sundial,0.41413559501970093,0.8815618345789895,0.6720808744430542,0.3279191255569458,0.10788914113862731,4.001615393954138,0.015086206896551725,0.3887192995207031,25.76653642537232
frame_005,frame_001,5,1,40,-4,False,False,835,sundial,0.5012578517667124,0.6906346361115494,0.6979684829711914,0.3020315170288086,0.14588469641852317,3.8284511976429823,0.023706896551724137,0.47403594905733776,19.995698214782248
frame_005,frame_002,5,2,40,-3,False,False,835,sundial,0.49448158282819765,0.704245372640858,0.707770824432373,0.29222917556762695,0.2324660424850345,3.7449817618487335,0.010775862068965518,0.34044559551125003,31.593351263444
frame_005,frame_003,5,3,40,-2,False,False,835,sundial,0.43151551426798357,0.8404518148338846,0.6686115264892578,0.3313884735107422,0.08359404465136831,4.122716689335654,0.01939655172413793,0.3557892235931275,18.34291108302346
frame_005,frame_004,5,4,40,-1,True,False,835,sundial,0.8941529767404104,0.11187840352495204,0.9053211212158203,0.09467887878417969,0.07950320734355973,4.273713369911753,0.015086206896551725,0.25505879369090684,16.906754324654397
frame_005,frame_006,5,6,40,1,False,False,835,sundial,0.41567707926327385,0.8778465719312614,0.713974118232727,0.28602588176727295,0.08723066900973143,4.560945197019695,0.023706896551724137,0.29653282474100007,12.508293698165822
frame_005,frame_007,5,7,40,2,False,False,835,sundial,0.8581187313512435,0.15301280753975943,0.8957337141036987,0.10426628589630127,0.09732836515348746,4.352984805075121,0.023706896551724137,0.39719248407877394,16.754301146595555
frame_005,frame_008,5,8,40,3,False,False,835,sundial,0.32193486603550686,1.1334060332918003,0.6587939262390137,0.34120607376098633,0.11952691086333816,3.867427264523075,0.023706896551724137,0.4919306854998093,20.750530733810137
frame_005,frame_009,5,9,40,4,False,False,416,"balance beam, beam",0.5704703229853771,0.5612941303400216,0.7172695398330688,0.28273046016693115,0.09227791571391715,4.072770956334891,0.02586206896551724,0.3888023167024929,15.033689579163058
frame_005,frame_010,5,10,40,5,False,False,416,"balance beam, beam",0.5936044387008297,0.5215421095611861,0.784339189529419,0.21566081047058105,0.12198302518534525,4.241799495764314,0.028017241379310345,0.3810000284622593,13.598770246652947
frame_005,frame_011,5,11,40,6,False,False,421,"bannister, banister, balustrade, balusters, handrail",0.6923046102329351,0.3677292320209875,0.7896678447723389,0.21033215522766113,0.13259716400683655,3.87628639863357,0.034482758620689655,0.5347927592007639,15.508990016822152
frame_005,frame_012,5,12,40,7,False,False,421,"bannister, banister, balustrade, balusters, handrail",0.7924011691439251,0.23268748871218015,0.856245219707489,0.143754780292511,0.06295023095783692,4.12689984232656,0.03879310344827586,0.4115844386462187,10.609732196213637
frame_005,frame_013,5,13,40,8,False,False,421,"bannister, banister, balustrade, balusters, handrail",0.7801067838020617,0.2483244663584302,0.8505700826644897,0.14942991733551025,0.06298253773762884,4.261703682355427,0.03879310344827586,0.5065223476740808,13.057020517820748
frame_005,frame_014,5,14,40,9,False,True,912,"worm fence, snake fence, snake-rail fence, Virginia fence",0.2813214934776703,1.26825715873489,0.6578179597854614,0.3421820402145386,0.08256095046550657,4.244506978157751,0.034482758620689655,0.45908819286674196,13.313557593135517
frame_005,frame_015,5,15,40,10,False,False,912,"worm fence, snake fence, snake-rail fence, Virginia fence",0.33798530227459755,1.0847528688392738,0.7093948125839233,0.29060518741607666,0.08133627568049022,4.272410336776012,0.036637931034482756,0.5041837404615003,13.761250327890362
frame_005,frame_016,5,16,40,11,False,False,416,"balance beam, beam",0.2348951300749897,1.4486161194394174,0.6672160625457764,0.33278393745422363,0.23036323631715805,3.805697310122566,0.04741379310344827,0.6621235993274707,13.964788640361201
frame_005,frame_017,5,17,40,12,False,False,416,"balance beam, beam",0.5355137808251828,0.624528654924652,0.7981758117675781,0.20182418823242188,0.14880871529227221,4.185693462480367,0.05387931034482758,0.6176367366769553,11.46333783272429
frame_005,frame_000,5,0,50,-5,False,False,835,sundial,0.19406110671210702,1.6395821864634579,0.6338486671447754,0.3661513328552246,0.03973138716151274,4.7367827538131255,0.015086206896551725,0.09763638679588707,6.471897639041657
frame_005,frame_001,5,1,50,-4,False,False,471,cannon,0.33315473296171444,1.0991482333756775,0.6695095300674438,0.33049046993255615,0.07726109040218396,4.667397024000163,0.023706896551724137,0.12993932571087685,5.48107701180426
frame_005,frame_002,5,2,50,-3,False,False,471,cannon,0.3136927089069615,1.1593414063031027,0.6858621835708618,0.3141378164291382,0.04654934414573966,4.820727135037913,0.010775862068965518,0.051159247156531806,4.747578136126151
frame_005,frame_003,5,3,50,-2,False,True,421,"bannister, banister, balustrade, balusters, handrail",0.22990428682968633,1.4700922008897317,0.6222542524337769,0.37774574756622314,0.05800844781825087,4.831289417998144,0.01939655172413793,0.10269217310020211,5.294352035388197
frame_005,frame_004,5,4,50,-1,False,False,835,sundial,0.8622134355431528,0.14825243392905207,0.8927087783813477,0.10729122161865234,0.04286653541582787,4.940820147397552,0.015086206896551725,0.026095510418454343,1.729759547737545
frame_005,frame_006,5,6,50,1,False,False,835,sundial,0.33867691325157534,1.0827086843054126,0.7286574244499207,0.27134257555007935,0.091821455408209,4.819345222933418,0.023706896551724137,0.04722075090568111,1.991857129112367
frame_005,frame_007,5,7,50,2,False,False,835,sundial,0.8135777015425791,0.2063138417735919,0.8813696503639221,0.11863034963607788,0.05562037409222247,4.919762765738859,0.023706896551724137,0.13556155301846978,5.7182327818699985
frame_005,frame_008,5,8,50,3,False,False,835,sundial,0.27249739892244207,1.300126210163139,0.7117897272109985,0.28821027278900146,0.04773112677967085,4.949239362487866,0.023706896551724137,0.1284352383543194,5.417631872400381
frame_005,frame_009,5,9,50,4,False,False,416,"balance beam, beam",0.6837632276475824,0.38014357969620605,0.7975637912750244,0.20243620872497559,0.04450090132860939,4.933057915883788,0.02586206896551724,0.13841800219104528,5.352162751387084
frame_005,frame_010,5,10,50,5,False,False,416,"balance beam, beam",0.44009697162765277,0.8207601862893052,0.7814599275588989,0.21854007244110107,0.04493077853919061,5.030863432241344,0.028017241379310345,0.09926245685317424,3.542906152297911
frame_005,frame_011,5,11,50,6,False,False,421,"bannister, banister, balustrade, balusters, handrail",0.699575542220462,0.3572814961107973,0.8118842840194702,0.18811571598052979,0.05714445938809812,4.886944246690831,0.034482758620689655,0.18658676701985444,5.411016243575779
frame_005,frame_012,5,12,50,7,True,False,421,"bannister, banister, balustrade, balusters, handrail",0.9279659889472076,0.07476019670892942,0.9357255101203918,0.06427448987960815,0.045404654160119864,5.059305605937615,0.03879310344827586,0.14047588691529533,3.621156196038724
frame_005,frame_013,5,13,50,8,False,False,421,"bannister, banister, balustrade, balusters, handrail",0.8817728367743367,0.1258208108258705,0.8994880318641663,0.10051196813583374,0.06317222183382047,5.021837189171701,0.03879310344827586,0.12693398716158402,3.2720761134986103
frame_005,frame_014,5,14,50,9,False,False,912,"worm fence, snake fence, snake-rail fence, Virginia fence",0.22780530407661753,1.479263944321695,0.6400886178016663,0.35991138219833374,0.06779800168885518,5.01488755907697,0.034482758620689655,0.10203304152050202,2.9589582040945586
frame_005,frame_015,5,15,50,10,False,False,912,"worm fence, snake fence, snake-rail fence, Virginia fence",0.38930068308847143,0.9434032697089786,0.7088626027107239,0.2911373972892761,0.04904605412918273,5.0615923142195385,0.036637931034482756,0.11961213413151363,3.2647076610013133
frame_005,frame_016,5,16,50,11,False,False,416,"balance beam, beam",0.3743695289956357,0.9825119239203445,0.6734764575958252,0.3265235424041748,0.05804333872819697,5.124262017986165,0.04741379310344827,0.12483324725549837,2.632846669388693
frame_005,frame_017,5,17,50,12,False,False,416,"balance beam, beam",0.5947444999422818,0.5196233775218942,0.7788784503936768,0.22112154960632324,0.03782415734746915,5.117954133866031,0.05387931034482758,0.13272885938887852,2.4634476302575856
frame_006,frame_000,6,0,5,-6,False,False,791,shopping cart,0.3929778623810357,0.9340019985187071,0.6119171380996704,0.3880828619003296,0.036752016035872866,5.20167723336849,0.015086206896551725,0.16681201367795376,11.057253478081506
frame_006,frame_001,6,1,5,-5,False,False,791,shopping cart,0.40629182547548853,0.9006835956211067,0.6115250587463379,0.3884749412536621,0.03614922657329621,5.201004835384985,0.023706896551724137,0.18624932943621472,7.856335350763967
frame_006,frame_002,6,2,5,-4,False,False,791,shopping cart,0.289790483567422,1.2385970875663328,0.5736445188522339,0.4263554811477661,0.03720785642780497,5.30813514021369,0.010775862068965518,0.08295668444636572,7.698380316622739
frame_006,frame_003,6,3,5,-3,False,False,791,shopping cart,0.28919438560009847,1.2406562024402659,0.56560218334198,0.43439781665802,0.037359126580195544,5.301467952527875,0.01939655172413793,0.15621274849321948,8.053635033428204
frame_006,frame_004,6,4,5,-2,False,False,835,sundial,0.2359305692348542,1.4442177153986921,0.5948411226272583,0.4051588773727417,0.0242139307544665,5.399526512375152,0.015086206896551725,0.0999074035510754,6.62243360681414
frame_006,frame_005,6,5,5,-1,False,False,835,sundial,0.19069890050324204,1.6570595319758035,0.5394476652145386,0.4605523347854614,0.028755421395439507,5.369306528470174,0.01939655172413793,0.12493410305073425,6.4410470906156325
frame_006,frame_007,6,7,5,1,False,False,835,sundial,0.3116288361384971,1.1659424271026808,0.5832433104515076,0.41675668954849243,0.03791250345311533,5.36673878361492,0.023706896551724137,0.22149928246136205,9.343242460188364
frame_006,frame_008,6,8,5,2,False,False,835,sundial,0.18773339201489336,1.6727324502271304,0.5629221200942993,0.4370778799057007,0.03320046149618684,5.310272406211357,0.023706896551724137,0.20865356133451177,8.801386587201224
frame_006,frame_009,6,9,5,3,False,True,510,"container ship, containership, container vessel",0.12155639167532369,2.10737699486108,0.5363771915435791,0.4636228084564209,0.03258873910400941,5.322749295847948,0.02586206896551724,0.18730272256035488,7.242371939000389
frame_006,frame_010,6,10,5,4,False,False,510,"container ship, containership, container vessel",0.14000769397045865,1.9660579009510621,0.5583903789520264,0.44160962104797363,0.030727359017286487,5.373326841831905,0.028017241379310345,0.16436130427325782,5.866434244830125
frame_006,frame_011,6,11,5,5,False,False,573,go-kart,0.1570752125144134,1.851030527745365,0.5755255222320557,0.42447447776794434,0.04344489073707126,5.279066707732937,0.034482758620689655,0.2456359069456175,7.123441301422908
frame_006,frame_012,6,12,5,6,False,False,573,go-kart,0.17562300081558974,1.7394156222153452,0.6232743263244629,0.3767256736755371,0.027164809784402263,5.345130400035339,0.03879310344827586,0.2397700802778097,6.180739847161316
frame_006,frame_013,6,13,5,7,False,False,573,go-kart,0.31374986051524195,1.1591592331091762,0.6226118803024292,0.3773881196975708,0.022290423269020355,5.400823567964851,0.03879310344827586,0.25688833707252784,6.622010466758495
frame_006,frame_014,6,14,5,8,False,False,912,"worm fence, snake fence, snake-rail fence, Virginia fence",0.4516102172486783,0.794935822408358,0.6702550649642944,0.32974493503570557,0.03038463917525327,5.413783064210572,0.034482758620689655,0.20610310533201887,5.976990054628547
frame_006,frame_015,6,15,5,9,True,False,912,"worm fence, snake fence, snake-rail fence, Virginia fence",0.5791508891089302,0.5461922324086723,0.6961313486099243,0.3038686513900757,0.026301681631597625,5.424247393291655,0.036637931034482756,0.21604921579484976,5.896872713459429
frame_006,frame_016,6,16,5,10,False,False,912,"worm fence, snake fence, snake-rail fence, Virginia fence",0.3546266000372215,1.0366898739500918,0.5739685297012329,0.4260314702987671,0.028737224800193823,5.384432782739741,0.04741379310344827,0.2925732017196815,6.17063479990601
frame_006,frame_017,6,17,5,11,False,False,791,shopping cart,0.22169746882069538,1.5064415795621904,0.5561524629592896,0.44384753704071045,0.023657708738035875,5.388618633916668,0.05387931034482758,0.28707078991666035,5.328033860853217
frame_006,frame_000,6,0,10,-6,False,True,835,sundial,0.23250623265405657,1.4588382471998085,0.5932960510253906,0.4067039489746094,0.0652519989735539,4.985204816114129,0.015086206896551725,0.10698916637503478,7.091853314002305
frame_006,frame_001,6,1,10,-5,False,False,421,"bannister, banister, balustrade, balusters, handrail",0.37845016637184486,0.9716708756132513,0.6741055250167847,0.32589447498321533,0.04366557307138466,4.908212872818874,0.023706896551724137,0.18751833222338493,7.909864195604601
frame_006,frame_002,6,2,10,-4,False,False,421,"bannister, banister, balustrade, balusters, handrail",0.35845623493306056,1.0259487046845517,0.7001522779464722,0.29984772205352783,0.04355680460047895,4.982621270001211,0.010775862068965518,0.12149260631461375,11.274513865996155
frame_006,frame_003,6,3,10,-3,False,False,421,"bannister, banister, balustrade, balusters, handrail",0.4393133190855636,0.8225424095764156,0.7421523928642273,0.2578476071357727,0.04603397851260697,5.008893906642889,0.01939655172413793,0.13533548868406456,6.97729630548955
frame_006,frame_004,6,4,10,-2,False,False,835,sundial,0.7228303037656676,0.3245807956231744,0.8197274208068848,0.18027257919311523,0.05078268070454606,5.089498785675779,0.015086206896551725,0.08689796771364419,5.760093859875844
frame_006,frame_005,6,5,10,-1,False,False,835,sundial,0.7585654799784075,0.2763261556685874,0.8479368686676025,0.15206313133239746,0.053351417108083374,5.196680134012921,0.01939655172413793,0.06679454418887593,3.443629833737603
frame_006,frame_007,6,7,10,1,False,False,835,sundial,0.7217806342253932,0.32603401696796497,0.8254615068435669,0.1745384931564331,0.0697220260782552,5.078424192725866,0.023706896551724137,0.1550897860769308,6.541969158154172
frame_006,frame_008,6,8,10,2,False,False,835,sundial,0.3527472487805627,1.0420034876260138,0.6925798058509827,0.30742019414901733,0.055998090134794884,4.97746104056578,0.023706896551724137,0.19758830036090785,8.334633760678296
frame_006,frame_009,6,9,10,3,False,False,416,"balance beam, beam",0.648255730270284,0.4334700150030739,0.7944905757904053,0.20550942420959473,0.05052214477467754,4.955101998842699,0.02586206896551724,0.1873770289846306,7.24524512073905
frame_006,frame_010,6,10,10,4,False,False,416,"balance beam, beam",0.6233759681751054,0.4726054619987803,0.8036707639694214,0.1963292360305786,0.055659738793778876,4.996480406667676,0.028017241379310345,0.1809981055409228,6.460240074691399
frame_006,frame_011,6,11,10,5,False,False,421,"bannister, banister, balustrade, balusters, handrail",0.6228520096389929,0.4734463331336176,0.7707735300064087,0.2292264699935913,0.06341576557834169,4.923235517415621,0.034482758620689655,0.2852776992239925,8.273053277495782
frame_006,frame_012,6,12,10,6,True,False,421,"bannister, banister, balustrade, balusters, handrail",0.8459632365683539,0.16727937591309772,0.8906229138374329,0.10937708616256714,0.04454127741780657,5.126711595759261,0.03879310344827586,0.23367403112554538,6.023597246791836
frame_006,frame_013,6,13,10,7,False,False,421,"bannister, banister, balustrade, balusters, handrail",0.8342937220379208,0.18116975392811696,0.8695099353790283,0.13049006462097168,0.04151857280417931,5.178941297319584,0.03879310344827586,0.25478264951936097,6.567730520943527
frame_006,frame_014,6,14,10,8,False,False,421,"bannister, banister, balustrade, balusters, handrail",0.24524956219564184,1.4054789656732556,0.644586443901062,0.355413556098938,0.03526954722616828,5.0791192142975365,0.034482758620689655,0.24591084480544823,7.131414499357999
frame_006,frame_015,6,15,10,9,False,False,912,"worm fence, snake fence, snake-rail fence, Virginia fence",0.2911775764093349,1.2338219697133956,0.6753475666046143,0.32465243339538574,0.032477755411168235,5.146479552225672,0.036637931034482756,0.260479621760253,7.10956144098573
frame_006,frame_016,6,16,10,10,False,False,416,"balance beam, beam",0.5152762879749611,0.6630520406683766,0.714651346206665,0.28534865379333496,0.03165519902550311,5.199287159032726,0.04741379310344827,0.26009308279243454,5.485599564349529
frame_006,frame_017,6,17,10,11,False,False,416,"balance beam, beam",0.864413765074711,0.14570373004918435,0.887563943862915,0.11243605613708496,0.03693274079007423,5.208470839653419,0.05387931034482758,0.2786699411043084,5.172114106895965
frame_006,frame_000,6,0,20,-6,False,True,421,"bannister, banister, balustrade, balusters, handrail",0.16813503047406134,1.7829878695934083,0.560868501663208,0.439131498336792,0.021331055601771273,5.540859671735079,0.015086206896551725,0.04949225382915902,3.280629396675683
frame_006,frame_001,6,1,20,-5,False,False,835,sundial,0.186779196574069,1.6778281267657058,0.6041889190673828,0.3958110809326172,0.030250422325009286,5.513008650906027,0.023706896551724137,0.077695585867121,3.2773410765767403
frame_006,frame_002,6,2,20,-4,False,False,835,sundial,0.3054762991920385,1.185883083766127,0.6697975397109985,0.33020246028900146,0.01697690042108893,5.585972400181301,0.010775862068965518,0.02734658731023761,2.53776330239005
frame_006,frame_003,6,3,20,-3,False,False,421,"bannister, banister, balustrade, balusters, handrail",0.5018149426627155,0.6895238673689907,0.6902049779891968,0.3097950220108032,0.02251255540624158,5.5583650375589055,0.01939655172413793,0.03444899686801445,1.7760371718620782
frame_006,frame_004,6,4,20,-2,False,False,835,sundial,0.6357378769752826,0.4529689437169587,0.7735067009925842,0.22649329900741577,0.017926214216605563,5.5919394698028615,0.015086206896551725,0.02866662472543017,1.9001876960856567
frame_006,frame_005,6,5,20,-1,False,False,835,sundial,0.6401604697872805,0.44603640001432054,0.7928293943405151,0.20717060565948486,0.017854414862673196,5.595493307663002,0.01939655172413793,0.030526252491572033,1.573797906232158
frame_006,frame_007,6,7,20,1,False,False,835,sundial,0.7333219354600511,0.310170470979102,0.8049387335777283,0.19506126642227173,0.022155539679065334,5.571653484164918,0.023706896551724137,0.04629630864260245,1.9528624736515945
frame_006,frame_008,6,8,20,2,False,False,421,"bannister, banister, balustrade, balusters, handrail",0.48613919465874167,0.7212602873259604,0.6922610998153687,0.30773890018463135,0.026530960607466098,5.540396296095443,0.023706896551724137,0.04706403502479482,1.985246568318618
frame_006,frame_009,6,9,20,3,False,False,421,"bannister, banister, balustrade, balusters, handrail",0.2700190702672723,1.30926269185846,0.6186428666114807,0.3813571333885193,0.024616074063105668,5.507362224103644,0.02586206896551724,0.04629075733539867,1.7899092836354151
frame_006,frame_010,6,10,20,4,False,False,421,"bannister, banister, balustrade, balusters, handrail",0.3571780814064835,1.0295207941064197,0.6853224039077759,0.3146775960922241,0.03625161893640495,5.483775291022679,0.028017241379310345,0.06035424053410114,2.154182123678687
frame_006,frame_011,6,11,20,5,False,False,421,"bannister, banister, balustrade, balusters, handrail",0.6422044600333366,0.44284855242194404,0.7766138315200806,0.22338616847991943,0.04006706904406497,5.53640687824336,0.034482758620689655,0.06931494493041258,2.010133402981965
frame_006,frame_012,6,12,20,6,True,False,421,"bannister, banister, balustrade, balusters, handrail",0.8684405091756188,0.14105619400562475,0.9000714421272278,0.09992855787277222,0.04671398136701368,5.548487820875499,0.03879310344827586,0.07117501557554473,1.8347337348362642
frame_006,frame_013,6,13,20,7,False,False,421,"bannister, banister, balustrade, balusters, handrail",0.7982223309984445,0.22536811006322321,0.8486945033073425,0.15130549669265747,0.04273789717484645,5.602365859110974,0.03879310344827586,0.07809909550981685,2.013221128697501
frame_006,frame_014,6,14,20,8,False,False,421,"bannister, banister, balustrade, balusters, handrail",0.33957960039867335,1.0800468958466176,0.6879715919494629,0.3120284080505371,0.039364055673278484,5.596342113034574,0.034482758620689655,0.06862609299033641,1.990156696719756
frame_006,frame_015,6,15,20,9,False,False,912,"worm fence, snake fence, snake-rail fence, Virginia fence",0.3544061259889903,1.0373117748786225,0.689274251461029,0.31072574853897095,0.03449204179707529,5.638340444808533,0.036637931034482756,0.08384762838527964,2.2885470335746914
frame_006,frame_016,6,16,20,10,False,False,471,cannon,0.2519118234676317,1.3786761595768855,0.6398072242736816,0.36019277572631836,0.040244783889028614,5.61920104116812,0.04741379310344827,0.08550346808187712,1.8033458722723175
frame_006,frame_017,6,17,20,11,False,False,416,"balance beam, beam",0.23688030179480743,1.4402003211487169,0.6630918979644775,0.33690810203552246,0.0232434587623979,5.659761878455447,0.05387931034482758,0.08179497003830498,1.5181146439109405
frame_006,frame_000,6,0,30,-6,False,True,835,sundial,0.27242568404647705,1.3003894211689504,0.569024920463562,0.430975079536438,0.030539849206130756,5.296659800396223,0.015086206896551725,0.009081015136554871,0.6019415747659229
frame_006,frame_001,6,1,30,-5,False,False,835,sundial,0.25560264503452934,1.3641312081968966,0.5697537660598755,0.4302462339401245,0.03210733034165201,5.2571844191732335,0.023706896551724137,0.020297826639395257,0.8561992327890363
frame_006,frame_002,6,2,30,-4,False,False,835,sundial,0.32380290062050965,1.1276202797166204,0.6313382387161255,0.3686617612838745,0.02862498702735346,5.3287518477961,0.010775862068965518,0.009107113140285002,0.8451400994184481
frame_006,frame_003,6,3,30,-3,False,False,421,"bannister, banister, balustrade, balusters, handrail",0.3493917728971768,1.0515614279326786,0.6306904554367065,0.36930954456329346,0.02479184802221447,5.379003329136981,0.01939655172413793,0.011465331210995662,0.5911015202113319
frame_006,frame_004,6,4,30,-2,False,False,835,sundial,0.8093472027828037,0.2115272787361393,0.8488396406173706,0.1511603593826294,0.029423500516464595,5.354066169155292,0.015086206896551725,0.006273927500233306,0.41587176572975054
frame_006,frame_005,6,5,30,-1,False,False,835,sundial,0.830829571339205,0.1853305938013894,0.8619233965873718,0.13807660341262817,0.027530812483529104,5.3604864239501095,0.01939655172413793,0.00436346410772692,0.2249608162205879
frame_006,frame_007,6,7,30,1,False,False,835,sundial,0.7263445414281675,0.3197308017624989,0.8086420297622681,0.19135797023773193,0.02515789298651386,5.396725364015397,0.023706896551724137,0.014949134643013742,0.6305816794871252
frame_006,frame_008,6,8,30,2,False,False,835,sundial,0.2467696011484238,1.3993001665452063,0.626466691493988,0.37353330850601196,0.03175492304531775,5.353771508109163,0.023706896551724137,0.011201079824048185,0.47248191257803257
frame_006,frame_009,6,9,30,3,False,False,416,"balance beam, beam",0.20589020228991448,1.580412250879447,0.5804343223571777,0.41956567764282227,0.029410634973504213,5.361309028797395,0.02586206896551724,0.018041816322303103,0.69761689779572
frame_006,frame_010,6,10,30,4,False,False,421,"bannister, banister, balustrade, balusters, handrail",0.2835220700406989,1.2604653103762913,0.6886866092681885,0.3113133907318115,0.026522120597867238,5.362116695712647,0.028017241379310345,0.02405343799238062,0.8585227098818928
frame_006,frame_011,6,11,30,5,False,False,421,"bannister, banister, balustrade, balusters, handrail",0.7149072775242163,0.3356024264818518,0.7892047762870789,0.21079522371292114,0.02797207034691232,5.42117659754004,0.034482758620689655,0.02678300961139522,0.7767072787304614
frame_006,frame_012,6,12,30,6,False,False,421,"bannister, banister, balustrade, balusters, handrail",0.8422429119814562,0.17168681230647964,0.8837282061576843,0.11627179384231567,0.04465359368355091,5.31009571493692,0.03879310344827586,0.060017134603647826,1.5471083586718106
frame_006,frame_013,6,13,30,7,True,False,421,"bannister, banister, balustrade, balusters, handrail",0.8428693083151603,0.17094336465354487,0.8848204016685486,0.11517959833145142,0.03984655035741281,5.270150423772894,0.03879310344827586,0.05593406625169756,1.4418559300437594
frame_006,frame_014,6,14,30,8,False,False,421,"bannister, banister, balustrade, balusters, handrail",0.31085504004461156,1.1684285846468678,0.6604878902435303,0.3395121097564697,0.03198602065934941,5.3568265206747885,0.034482758620689655,0.014519648812732579,0.4210698155692448
frame_006,frame_015,6,15,30,9,False,False,612,"jinrikisha, ricksha, rickshaw",0.4426606265656394,0.8149518825134963,0.7234472036361694,0.27655279636383057,0.02593468137417538,5.3984086290661075,0.036637931034482756,0.018075172610805594,0.4933458877302233
frame_006,frame_016,6,16,30,10,False,False,912,"worm fence, snake fence, snake-rail fence, Virginia fence",0.18317299818755486,1.6973242274109752,0.5946180820465088,0.4053819179534912,0.03268676602447701,5.334179230529483,0.04741379310344827,0.028509002779332947,0.6012807858913858
frame_006,frame_017,6,17,30,11,False,False,612,"jinrikisha, ricksha, rickshaw",0.2234241775706098,1.498683172730252,0.6773041486740112,0.32269585132598877,0.033529546516185095,5.286198257487315,0.05387931034482758,0.02188165736347471,0.4061235606660907
frame_006,frame_000,6,0,40,-6,False,False,835,sundial,0.41413559501970093,0.8815618345789895,0.6720808744430542,0.3279191255569458,0.10875880586515245,3.993463922022304,0.015086206896551725,0.38343198761705904,25.416063179187912
frame_006,frame_001,6,1,40,-5,False,False,835,sundial,0.5012578517667124,0.6906346361115494,0.6979684829711914,0.3020315170288086,0.15018121977983254,3.8209984467281197,0.023706896551724137,0.47156003251741385,19.891259553461822
frame_006,frame_002,6,2,40,-4,False,False,835,sundial,0.49448158282819765,0.704245372640858,0.707770824432373,0.29222917556762695,0.23275130112369738,3.7398273382071325,0.010775862068965518,0.33974281944708706,31.528133644689678
frame_006,frame_003,6,3,40,-3,False,False,835,sundial,0.43151551426798357,0.8404518148338846,0.6686115264892578,0.3313884735107422,0.08401306719627044,4.097127871001016,0.01939655172413793,0.3568721550259712,18.398742214672293
frame_006,frame_004,6,4,40,-2,False,False,835,sundial,0.8941529767404104,0.11187840352495204,0.9053211212158203,0.09467887878417969,0.08585727160574187,4.260054180241056,0.015086206896551725,0.25441819082408185,16.864291506053423
frame_006,frame_005,6,5,40,-1,True,False,835,sundial,0.8876427731299287,0.11918589943862523,0.9141285419464111,0.08587145805358887,0.06722748312374774,4.473579855602225,0.01939655172413793,0.2618554577901291,13.500103601624433
frame_006,frame_007,6,7,40,1,False,False,835,sundial,0.8581187313512435,0.15301280753975943,0.8957337141036987,0.10426628589630127,0.11212152091695768,4.299852223253824,0.023706896551724137,0.41725321949241245,17.600499440407216
frame_006,frame_008,6,8,40,2,False,False,835,sundial,0.32193486603550686,1.1334060332918003,0.6587939262390137,0.34120607376098633,0.11874615085974918,3.848135664099769,0.023706896551724137,0.5153949962158523,21.74029802219595
frame_006,frame_009,6,9,40,3,False,False,416,"balance beam, beam",0.5704703229853771,0.5612941303400216,0.7172695398330688,0.28273046016693115,0.08520272363033117,4.067098326213392,0.02586206896551724,0.39251880110235604,15.177393642624434
frame_006,frame_010,6,10,40,4,False,False,416,"balance beam, beam",0.5936044387008297,0.5215421095611861,0.784339189529419,0.21566081047058105,0.11534341816349805,4.258542196071945,0.028017241379310345,0.38508558152793904,13.74459306376644
frame_006,frame_011,6,11,40,5,False,False,421,"bannister, banister, balustrade, balusters, handrail",0.6923046102329351,0.3677292320209875,0.7896678447723389,0.21033215522766113,0.12490855185852935,3.935563307544362,0.034482758620689655,0.525660255143247,15.244147399154162
frame_006,frame_012,6,12,40,6,False,False,421,"bannister, banister, balustrade, balusters, handrail",0.7924011691439251,0.23268748871218015,0.856245219707489,0.143754780292511,0.05882589588474635,4.132838741582942,0.03879310344827586,0.4134804413109938,10.658606931572285
frame_006,frame_013,6,13,40,7,False,False,421,"bannister, banister, balustrade, balusters, handrail",0.7801067838020617,0.2483244663584302,0.8505700826644897,0.14942991733551025,0.06999515776688318,4.2350219678842045,0.03879310344827586,0.528112478023471,13.613566100160586
frame_006,frame_014,6,14,40,8,False,True,912,"worm fence, snake fence, snake-rail fence, Virginia fence",0.2813214934776703,1.26825715873489,0.6578179597854614,0.3421820402145386,0.08423194961196319,4.248152565418401,0.034482758620689655,0.4766990393957208,13.824272142475904
frame_006,frame_015,6,15,40,9,False,False,912,"worm fence, snake fence, snake-rail fence, Virginia fence",0.33798530227459755,1.0847528688392738,0.7093948125839233,0.29060518741607666,0.07649111034208496,4.302275247520011,0.036637931034482756,0.5134294514051412,14.013603850116796
frame_006,frame_016,6,16,40,10,False,False,416,"balance beam, beam",0.2348951300749897,1.4486161194394174,0.6672160625457764,0.33278393745422363,0.21134312734288238,3.840105146547794,0.04741379310344827,0.6696889618923653,14.12434901445716
frame_006,frame_017,6,17,40,11,False,False,416,"balance beam, beam",0.5355137808251828,0.624528654924652,0.7981758117675781,0.20182418823242188,0.1478444011055133,4.179627833654802,0.05387931034482758,0.6230350171527791,11.56352991835558
frame_006,frame_000,6,0,50,-6,False,False,835,sundial,0.19406110671210702,1.6395821864634579,0.6338486671447754,0.3661513328552246,0.03834563076710253,4.756165455094099,0.015086206896551725,0.10753030484580703,7.127723064064923
frame_006,frame_001,6,1,50,-5,False,False,471,cannon,0.33315473296171444,1.0991482333756775,0.6695095300674438,0.33049046993255615,0.07713011456436264,4.66530036356813,0.023706896551724137,0.14652044745748705,6.180498874570363
frame_006,frame_002,6,2,50,-4,False,False,471,cannon,0.3136927089069615,1.1593414063031027,0.6858621835708618,0.3141378164291382,0.04721840692994597,4.844654787822307,0.010775862068965518,0.06069816688244595,5.632789886690984
frame_006,frame_003,6,3,50,-3,False,True,421,"bannister, banister, balustrade, balusters, handrail",0.22990428682968633,1.4700922008897317,0.6222542524337769,0.37774574756622314,0.05904255077141103,4.835469797122766,0.01939655172413793,0.12742565231672878,6.569500297218017
frame_006,frame_004,6,4,50,-2,False,False,835,sundial,0.8622134355431528,0.14825243392905207,0.8927087783813477,0.10729122161865234,0.04370846580283034,4.976859733007126,0.015086206896551725,0.0333970366917989,2.2137464321420985
frame_006,frame_005,6,5,50,-1,False,False,835,sundial,0.9179978389321465,0.08556024246883309,0.933074951171875,0.066925048828125,0.07314218424913975,4.89954990588196,0.01939655172413793,0.0355632489072719,1.8334830547749068
frame_006,frame_007,6,7,50,1,False,False,835,sundial,0.8135777015425791,0.2063138417735919,0.8813696503639221,0.11863034963607788,0.061462060052743565,4.94764534190959,0.023706896551724137,0.15201838981091745,6.412412079296882
frame_006,frame_008,6,8,50,2,False,False,835,sundial,0.27249739892244207,1.300126210163139,0.7117897272109985,0.28821027278900146,0.05628389795838616,4.928375682227925,0.023706896551724137,0.15335726130000327,6.46888811301832
frame_006,frame_009,6,9,50,3,False,False,416,"balance beam, beam",0.6837632276475824,0.38014357969620605,0.7975637912750244,0.20243620872497559,0.043532394511008286,4.920935992266517,0.02586206896551724,0.15444399549759663,5.971834492573737
frame_006,frame_010,6,10,50,4,False,False,416,"balance beam, beam",0.44009697162765277,0.8207601862893052,0.7814599275588989,0.21854007244110107,0.042280927095030424,5.039721894903569,0.028017241379310345,0.1177052343366255,4.201171440938018
frame_006,frame_011,6,11,50,5,False,False,421,"bannister, banister, balustrade, balusters, handrail",0.699575542220462,0.3572814961107973,0.8118842840194702,0.18811571598052979,0.05284835633780954,4.89261498843249,0.034482758620689655,0.20143018967514922,5.841475500579327
frame_006,frame_012,6,12,50,6,True,False,421,"bannister, banister, balustrade, balusters, handrail",0.9279659889472076,0.07476019670892942,0.9357255101203918,0.06427448987960815,0.04313196230602005,5.071673248641185,0.03879310344827586,0.1616337920279994,4.166559972277318
frame_006,frame_013,6,13,50,7,False,False,421,"bannister, banister, balustrade, balusters, handrail",0.8817728367743367,0.1258208108258705,0.8994880318641663,0.10051196813583374,0.05642965035916934,5.029770538795554,0.03879310344827586,0.15099069705129037,3.8922046350999295
frame_006,frame_014,6,14,50,8,False,False,912,"worm fence, snake fence, snake-rail fence, Virginia fence",0.22780530407661753,1.479263944321695,0.6400886178016663,0.35991138219833374,0.05922472476811101,5.0279935176422,0.034482758620689655,0.12399810529003849,3.5959450534111164
frame_006,frame_015,6,15,50,9,False,False,912,"worm fence, snake fence, snake-rail fence, Virginia fence",0.38930068308847143,0.9434032697089786,0.7088626027107239,0.2911373972892761,0.049761814392367966,5.0893550585729,0.036637931034482756,0.14304816013599506,3.9043733119471593
frame_006,frame_016,6,16,50,10,False,False,416,"balance beam, beam",0.3743695289956357,0.9825119239203445,0.6734764575958252,0.3265235424041748,0.05166195410490824,5.1521655717933355,0.04741379310344827,0.14738706650552136,3.1085272208437233
frame_006,frame_017,6,17,50,11,False,False,416,"balance beam, beam",0.5947444999422818,0.5196233775218942,0.7788784503936768,0.22112154960632324,0.03549064332200035,5.124136096759708,0.05387931034482758,0.15646077027405053,2.903911896286378
frame_007,frame_000,7,0,5,-7,False,False,791,shopping cart,0.3929778623810357,0.9340019985187071,0.6119171380996704,0.3880828619003296,0.034155659742270875,5.237177455122611,0.015086206896551725,0.15921641823406457,10.553774008657994
frame_007,frame_001,7,1,5,-6,False,False,791,shopping cart,0.40629182547548853,0.9006835956211067,0.6115250587463379,0.3884749412536621,0.034073844210592494,5.240618190366153,0.023706896551724137,0.17958544736514118,7.575240688856865
frame_007,frame_002,7,2,5,-5,False,False,791,shopping cart,0.289790483567422,1.2385970875663328,0.5736445188522339,0.4263554811477661,0.03583488321104733,5.343074151675547,0.010775862068965518,0.0816019111895838,7.572657358393377
frame_007,frame_003,7,3,5,-4,False,False,791,shopping cart,0.28919438560009847,1.2406562024402659,0.56560218334198,0.43439781665802,0.03570087597944591,5.33436007265998,0.01939655172413793,0.1508891356183627,7.779173214102254
frame_007,frame_004,7,4,5,-3,False,False,835,sundial,0.2359305692348542,1.4442177153986921,0.5948411226272583,0.4051588773727417,0.023165667128363224,5.428349307293732,0.015086206896551725,0.09813193663022124,6.504745513774664
frame_007,frame_005,7,5,5,-2,False,False,835,sundial,0.19069890050324204,1.6570595319758035,0.5394476652145386,0.4605523347854614,0.026391604756361244,5.3927311710855514,0.01939655172413793,0.12123214007937641,6.250190332981184
frame_007,frame_006,7,6,5,-1,False,True,835,sundial,0.20080815257349174,1.6054052915231432,0.5334793329238892,0.46652066707611084,0.025909068181853376,5.4315652120778015,0.023706896551724137,0.144124848032827,6.079448135202885
frame_007,frame_008,7,8,5,1,False,False,835,sundial,0.18773339201489336,1.6727324502271304,0.5629221200942993,0.4370778799057007,0.031263351837366275,5.342265312080956,0.023706896551724137,0.2009271655596815,8.475473165426566
frame_007,frame_009,7,9,5,2,False,False,510,"container ship, containership, container vessel",0.12155639167532369,2.10737699486108,0.5363771915435791,0.4636228084564209,0.03202029252255357,5.349641763374699,0.02586206896551724,0.18051724698713856,6.980000216836024
frame_007,frame_010,7,10,5,3,False,False,510,"container ship, containership, container vessel",0.14000769397045865,1.9660579009510621,0.5583903789520264,0.44160962104797363,0.030334178598228408,5.392957924229017,0.028017241379310345,0.15970604923204862,5.70027744951312
frame_007,frame_011,7,11,5,4,False,False,573,go-kart,0.1570752125144134,1.851030527745365,0.5755255222320557,0.42447447776794434,0.04226539226515147,5.298333264104031,0.034482758620689655,0.24169907227234533,7.009273095898014
frame_007,frame_012,7,12,5,5,False,False,573,go-kart,0.17562300081558974,1.7394156222153452,0.6232743263244629,0.3767256736755371,0.026538038371724516,5.3677723011328125,0.03879310344827586,0.23374592568002117,6.025450528640546
frame_007,frame_013,7,13,5,6,False,False,573,go-kart,0.31374986051524195,1.1591592331091762,0.6226118803024292,0.3773881196975708,0.021191395767842663,5.424080320978895,0.03879310344827586,0.24974057460230245,6.4377570341926855
frame_007,frame_014,7,14,5,7,False,False,912,"worm fence, snake fence, snake-rail fence, Virginia fence",0.4516102172486783,0.794935822408358,0.6702550649642944,0.32974493503570557,0.029693476820971048,5.433771206416141,0.034482758620689655,0.20003478438443856,5.801008747148718
frame_007,frame_015,7,15,5,8,True,False,912,"worm fence, snake fence, snake-rail fence, Virginia fence",0.5791508891089302,0.5461922324086723,0.6961313486099243,0.3038686513900757,0.025853351364259952,5.43936068776988,0.036637931034482756,0.20947928565527618,5.71755226729695
frame_007,frame_016,7,16,5,9,False,False,912,"worm fence, snake fence, snake-rail fence, Virginia fence",0.3546266000372215,1.0366898739500918,0.5739685297012329,0.4260314702987671,0.026669636123864034,5.400074757717493,0.04741379310344827,0.28825033191408206,6.079461545824277
frame_007,frame_017,7,17,5,10,False,False,791,shopping cart,0.22169746882069538,1.5064415795621904,0.5561524629592896,0.44384753704071045,0.0227399991624576,5.412177330175731,0.05387931034482758,0.2807308989722092,5.210365484924203
frame_007,frame_000,7,0,10,-7,False,True,835,sundial,0.23250623265405657,1.4588382471998085,0.5932960510253906,0.4067039489746094,0.05411820817247696,5.001247652048423,0.015086206896551725,0.09879349538790858,6.54859740856994
frame_007,frame_001,7,1,10,-6,False,False,421,"bannister, banister, balustrade, balusters, handrail",0.37845016637184486,0.9716708756132513,0.6741055250167847,0.32589447498321533,0.03988930574085498,4.930871058890065,0.023706896551724137,0.18430571484633657,7.774350153518197
frame_007,frame_002,7,2,10,-5,False,False,421,"bannister, banister, balustrade, balusters, handrail",0.35845623493306056,1.0259487046845517,0.7001522779464722,0.29984772205352783,0.03919647252667432,4.996864155854582,0.010775862068965518,0.12123630354800002,11.250728969254402
frame_007,frame_003,7,3,10,-4,False,False,421,"bannister, banister, balustrade, balusters, handrail",0.4393133190855636,0.8225424095764156,0.7421523928642273,0.2578476071357727,0.048315718659422906,5.028382712185186,0.01939655172413793,0.1357930592877973,7.000886612170883
frame_007,frame_004,7,4,10,-3,False,False,835,sundial,0.7228303037656676,0.3245807956231744,0.8197274208068848,0.18027257919311523,0.05334289455379293,5.1186742764674085,0.015086206896551725,0.07535093232537163,4.994690371281776
frame_007,frame_005,7,5,10,-2,False,False,835,sundial,0.7585654799784075,0.2763261556685874,0.8479368686676025,0.15206313133239746,0.05495819126275089,5.191017082608083,0.01939655172413793,0.06130196558442741,3.160456892352702
frame_007,frame_006,7,6,10,-1,False,False,835,sundial,0.37756410986302263,0.9740148972603913,0.7419441938400269,0.25805580615997314,0.06444879600353187,5.097837992598423,0.023706896551724137,0.08431490413492103,3.556555956236669
frame_007,frame_008,7,8,10,1,False,False,835,sundial,0.3527472487805627,1.0420034876260138,0.6925798058509827,0.30742019414901733,0.05796371762401091,4.988178308898762,0.023706896551724137,0.1861983246760229,7.854183877243148
frame_007,frame_009,7,9,10,2,False,False,416,"balance beam, beam",0.648255730270284,0.4334700150030739,0.7944905757904053,0.20550942420959473,0.04884719799556225,4.9727265633788775,0.02586206896551724,0.1854513403953801,7.170785161954698
frame_007,frame_010,7,10,10,3,False,False,416,"balance beam, beam",0.6233759681751054,0.4726054619987803,0.8036707639694214,0.1963292360305786,0.054957871858569526,5.031068890782901,0.028017241379310345,0.1689515997044971,6.0302724817605124
frame_007,frame_011,7,11,10,4,False,False,421,"bannister, banister, balustrade, balusters, handrail",0.6228520096389929,0.4734463331336176,0.7707735300064087,0.2292264699935913,0.06378253626722566,4.957486971793872,0.034482758620689655,0.27782209135525293,8.056840649302336
frame_007,frame_012,7,12,10,5,True,False,421,"bannister, banister, balustrade, balusters, handrail",0.8459632365683539,0.16727937591309772,0.8906229138374329,0.10937708616256714,0.0462282222612208,5.171398405923441,0.03879310344827586,0.2245989020438185,5.7896605860184325
frame_007,frame_013,7,13,10,6,False,False,421,"bannister, banister, balustrade, balusters, handrail",0.8342937220379208,0.18116975392811696,0.8695099353790283,0.13049006462097168,0.03972350022974351,5.219123954695176,0.03879310344827586,0.24016858687190362,6.1910124615868485
frame_007,frame_014,7,14,10,7,False,False,421,"bannister, banister, balustrade, balusters, handrail",0.24524956219564184,1.4054789656732556,0.644586443901062,0.355413556098938,0.0391655082703299,5.125144376178831,0.034482758620689655,0.2304346989327101,6.682606269048593
frame_007,frame_015,7,15,10,8,False,False,912,"worm fence, snake fence, snake-rail fence, Virginia fence",0.2911775764093349,1.2338219697133956,0.6753475666046143,0.32465243339538574,0.03517187677874725,5.188344336218222,0.036637931034482756,0.24115351844290214,6.582072503382741
frame_007,frame_016,7,16,10,9,False,False,416,"balance beam, beam",0.5152762879749611,0.6630520406683766,0.714651346206665,0.28534865379333496,0.034679215575483424,5.245669286706051,0.04741379310344827,0.24861502015492648,5.243516788722086
frame_007,frame_017,7,17,10,10,False,False,416,"balance beam, beam",0.864413765074711,0.14570373004918435,0.887563943862915,0.11243605613708496,0.034719415051524566,5.2681440834336835,0.05387931034482758,0.26930254742408694,4.998255280191054
frame_007,frame_000,7,0,20,-7,False,True,421,"bannister, banister, balustrade, balusters, handrail",0.16813503047406134,1.7829878695934083,0.560868501663208,0.439131498336792,0.019397907115579285,5.601735719285045,0.015086206896551725,0.047787968920579134,3.1676596541641024
frame_007,frame_001,7,1,20,-6,False,False,835,sundial,0.186779196574069,1.6778281267657058,0.6041889190673828,0.3958110809326172,0.026631762243421765,5.568305572738442,0.023706896551724137,0.07384228455632943,3.114801821285169
frame_007,frame_002,7,2,20,-5,False,False,835,sundial,0.3054762991920385,1.185883083766127,0.6697975397109985,0.33020246028900146,0.01857080681315043,5.63210299148645,0.010775862068965518,0.02450676446271682,2.2742277421401207
frame_007,frame_003,7,3,20,-4,False,False,421,"bannister, banister, balustrade, balusters, handrail",0.5018149426627155,0.6895238673689907,0.6902049779891968,0.3097950220108032,0.019275108776684494,5.6192581232232826,0.01939655172413793,0.031956117110524866,1.6475153710315042
frame_007,frame_004,7,4,20,-3,False,False,835,sundial,0.6357378769752826,0.4529689437169587,0.7735067009925842,0.22649329900741577,0.01736598792395275,5.654274582397369,0.015086206896551725,0.024295069038949374,1.6104160048675014
frame_007,frame_005,7,5,20,-2,False,False,835,sundial,0.6401604697872805,0.44603640001432054,0.7928293943405151,0.20717060565948486,0.017464449297851015,5.654804807711502,0.01939655172413793,0.02693286463743829,1.3885387990857074
frame_007,frame_006,7,6,20,-1,False,False,675,moving van,0.2787710154354131,1.2773645673530705,0.6678293943405151,0.33217060565948486,0.02125264002977004,5.643803911752622,0.023706896551724137,0.026961505997911056,1.1372853439118846
frame_007,frame_008,7,8,20,1,False,False,421,"bannister, banister, balustrade, balusters, handrail",0.48613919465874167,0.7212602873259604,0.6922610998153687,0.30773890018463135,0.024011384533554007,5.601592154193886,0.023706896551724137,0.0397872906982775,1.6783002621818874
frame_007,frame_009,7,9,20,2,False,False,421,"bannister, banister, balustrade, balusters, handrail",0.2700190702672723,1.30926269185846,0.6186428666114807,0.3813571333885193,0.02255228954299959,5.5721689948659865,0.02586206896551724,0.0417487514545411,1.614285056242256
frame_007,frame_010,7,10,20,3,False,False,421,"bannister, banister, balustrade, balusters, handrail",0.3571780814064835,1.0295207941064197,0.6853224039077759,0.3146775960922241,0.03336582331283647,5.5587958280791705,0.028017241379310345,0.05470525447505868,1.9525567751097868
frame_007,frame_011,7,11,20,4,False,False,421,"bannister, banister, balustrade, balusters, handrail",0.6422044600333366,0.44284855242194404,0.7766138315200806,0.22338616847991943,0.03692971887283611,5.617132449561931,0.034482758620689655,0.062177735263308,1.803154322635932
frame_007,frame_012,7,12,20,5,True,False,421,"bannister, banister, balustrade, balusters, handrail",0.8684405091756188,0.14105619400562475,0.9000714421272278,0.09992855787277222,0.04372827042202142,5.619379919284252,0.03879310344827586,0.06541200384868377,1.686176099210515
frame_007,frame_013,7,13,20,6,False,False,421,"bannister, banister, balustrade, balusters, handrail",0.7982223309984445,0.22536811006322321,0.8486945033073425,0.15130549669265747,0.04009942763544028,5.660226423050947,0.03879310344827586,0.06891403100982213,1.7764505771420815
frame_007,frame_014,7,14,20,7,False,False,421,"bannister, banister, balustrade, balusters, handrail",0.33957960039867335,1.0800468958466176,0.6879715919494629,0.3120284080505371,0.03483716384054899,5.661242305164833,0.034482758620689655,0.058797988564357695,1.7051416683663732
frame_007,frame_015,7,15,20,8,False,False,912,"worm fence, snake fence, snake-rail fence, Virginia fence",0.3544061259889903,1.0373117748786225,0.689274251461029,0.31072574853897095,0.030124675557034714,5.690887651312982,0.036637931034482756,0.07162524893903598,1.9549479710419233
frame_007,frame_016,7,16,20,9,False,False,471,cannon,0.2519118234676317,1.3786761595768855,0.6398072242736816,0.36019277572631836,0.037275542054898775,5.687484121338997,0.04741379310344827,0.07615842791787181,1.6062504797223873
frame_007,frame_017,7,17,20,10,False,False,416,"balance beam, beam",0.23688030179480743,1.4402003211487169,0.6630918979644775,0.33690810203552246,0.02067482061329755,5.717176986495292,0.05387931034482758,0.07410119257654164,1.375318134220613
frame_007,frame_000,7,0,30,-7,False,True,835,sundial,0.27242568404647705,1.3003894211689504,0.569024920463562,0.430975079536438,0.02280458265443485,5.394336072087984,0.015086206896551725,0.011888900158180431,0.7880642390565314
frame_007,frame_001,7,1,30,-6,False,False,835,sundial,0.25560264503452934,1.3641312081968966,0.5697537660598755,0.4302462339401245,0.0307043567077277,5.35822459371673,0.023706896551724137,0.023709117708771224,1.0000936924427135
frame_007,frame_002,7,2,30,-5,False,False,835,sundial,0.32380290062050965,1.1276202797166204,0.6313382387161255,0.3686617612838745,0.02287811067724159,5.423282602543205,0.010775862068965518,0.011728756150955097,1.088428570808633
frame_007,frame_003,7,3,30,-4,False,False,421,"bannister, banister, balustrade, balusters, handrail",0.3493917728971768,1.0515614279326786,0.6306904554367065,0.36930954456329346,0.023567277581074714,5.455984185843896,0.01939655172413793,0.014302852812527887,0.7373915227792155
frame_007,frame_004,7,4,30,-3,False,False,835,sundial,0.8093472027828037,0.2115272787361393,0.8488396406173706,0.1511603593826294,0.022993901723237464,5.442221770615907,0.015086206896551725,0.00860876561569375,0.5706381779545572
frame_007,frame_005,7,5,30,-2,False,False,835,sundial,0.830829571339205,0.1853305938013894,0.8619233965873718,0.13807660341262817,0.02555010058346543,5.450983568674549,0.01939655172413793,0.0059378664170530405,0.3061300019458456
frame_007,frame_006,7,6,30,-1,False,False,835,sundial,0.3603318635707619,1.0207298289164102,0.6445415616035461,0.35545843839645386,0.02173492131903435,5.469547413800619,0.023706896551724137,0.011872897654443612,0.500820410151076
frame_007,frame_008,7,8,30,1,False,False,835,sundial,0.2467696011484238,1.3993001665452063,0.626466691493988,0.37353330850601196,0.02350354597107722,5.443508206622347,0.023706896551724137,0.014468987016369433,0.6103281795995834
frame_007,frame_009,7,9,30,2,False,False,416,"balance beam, beam",0.20589020228991448,1.580412250879447,0.5804343223571777,0.41956567764282227,0.025742629414925708,5.43251516641348,0.02586206896551724,0.022578232285506806,0.8730249817062632
frame_007,frame_010,7,10,30,3,False,False,421,"bannister, banister, balustrade, balusters, handrail",0.2835220700406989,1.2604653103762913,0.6886866092681885,0.3113133907318115,0.02769470904281246,5.4264942147716315,0.028017241379310345,0.025881637648564434,0.9237753745333767
frame_007,frame_011,7,11,30,4,False,False,421,"bannister, banister, balustrade, balusters, handrail",0.7149072775242163,0.3356024264818518,0.7892047762870789,0.21079522371292114,0.022431373797714614,5.476779895039384,0.034482758620689655,0.030588285515615175,0.8870602799528401
frame_007,frame_012,7,12,30,5,False,False,421,"bannister, banister, balustrade, balusters, handrail",0.8422429119814562,0.17168681230647964,0.8837282061576843,0.11627179384231567,0.040368955755015874,5.384385028554496,0.03879310344827586,0.05955525612082858,1.5352021577813588
frame_007,frame_013,7,13,30,6,True,False,421,"bannister, banister, balustrade, balusters, handrail",0.8428693083151603,0.17094336465354487,0.8848204016685486,0.11517959833145142,0.039768848609000325,5.331674242734371,0.03879310344827586,0.058426591278389596,1.5061076862873761
frame_007,frame_014,7,14,30,7,False,False,421,"bannister, banister, balustrade, balusters, handrail",0.31085504004461156,1.1684285846468678,0.6604878902435303,0.3395121097564697,0.025651372828238626,5.4295051993745105,0.034482758620689655,0.016578311358777683,0.4807710294045528
frame_007,frame_015,7,15,30,8,False,False,612,"jinrikisha, ricksha, rickshaw",0.4426606265656394,0.8149518825134963,0.7234472036361694,0.27655279636383057,0.02749753374748701,5.459198124275819,0.036637931034482756,0.02038865274474215,0.5564902866800211
frame_007,frame_016,7,16,30,9,False,False,912,"worm fence, snake fence, snake-rail fence, Virginia fence",0.18317299818755486,1.6973242274109752,0.5946180820465088,0.4053819179534912,0.03497403029468713,5.400023216917326,0.04741379310344827,0.029626796548690593,0.6248560726632926
frame_007,frame_017,7,17,30,10,False,False,612,"jinrikisha, ricksha, rickshaw",0.2234241775706098,1.498683172730252,0.6773041486740112,0.32269585132598877,0.035815275392236987,5.3574647980730745,0.05387931034482758,0.025359581769245743,0.470673837637201
frame_007,frame_000,7,0,40,-7,False,False,835,sundial,0.41413559501970093,0.8815618345789895,0.6720808744430542,0.3279191255569458,0.10258814415717461,4.176936960459869,0.015086206896551725,0.3515134605736684,23.300320815168874
frame_007,frame_001,7,1,40,-6,False,False,835,sundial,0.5012578517667124,0.6906346361115494,0.6979684829711914,0.3020315170288086,0.13713645889228435,3.9936062425146215,0.023706896551724137,0.43498835008507314,18.34859949449763
frame_007,frame_002,7,2,40,-5,False,False,835,sundial,0.49448158282819765,0.704245372640858,0.707770824432373,0.29222917556762695,0.228226023677108,3.88113681642589,0.010775862068965518,0.3344309537847175,31.03519251122178
frame_007,frame_003,7,3,40,-4,False,False,835,sundial,0.43151551426798357,0.8404518148338846,0.6686115264892578,0.3313884735107422,0.07855073283345998,4.241726992656918,0.01939655172413793,0.3334779649858887,17.192641750383597
frame_007,frame_004,7,4,40,-3,False,False,835,sundial,0.8941529767404104,0.11187840352495204,0.9053211212158203,0.09467887878417969,0.0806273662962035,4.3897619375902375,0.015086206896551725,0.25287666913599993,16.762110639871995
frame_007,frame_005,7,5,40,-2,True,False,835,sundial,0.8876427731299287,0.11918589943862523,0.9141285419464111,0.08587145805358887,0.06283663295794166,4.61758196173009,0.01939655172413793,0.2353364907384866,12.13290352251753
frame_007,frame_006,7,6,40,-1,False,False,835,sundial,0.41567707926327385,0.8778465719312614,0.713974118232727,0.28602588176727295,0.08637700988064607,4.649669084013545,0.023706896551724137,0.29021168451144935,12.241656510301137
frame_007,frame_008,7,8,40,1,False,False,835,sundial,0.32193486603550686,1.1334060332918003,0.6587939262390137,0.34120607376098633,0.11175621844946546,3.980377867467048,0.023706896551724137,0.4802531308710905,20.257950247653273
frame_007,frame_009,7,9,40,2,False,False,416,"balance beam, beam",0.5704703229853771,0.5612941303400216,0.7172695398330688,0.28273046016693115,0.08646318266009571,4.201266921400773,0.02586206896551724,0.3761989871441032,14.546360836238657
frame_007,frame_010,7,10,40,3,False,False,416,"balance beam, beam",0.5936044387008297,0.5215421095611861,0.784339189529419,0.21566081047058105,0.11760685778061135,4.360378287992665,0.028017241379310345,0.35939049692904373,12.827476198082792
frame_007,frame_011,7,11,40,4,False,False,421,"bannister, banister, balustrade, balusters, handrail",0.6923046102329351,0.3677292320209875,0.7896678447723389,0.21033215522766113,0.12140058841073172,4.025964967339933,0.034482758620689655,0.5199249211357511,15.077822712936781
frame_007,frame_012,7,12,40,5,False,False,421,"bannister, banister, balustrade, balusters, handrail",0.7924011691439251,0.23268748871218015,0.856245219707489,0.143754780292511,0.06188656082908835,4.233847389907645,0.03879310344827586,0.40111333336590216,10.339810371209921
frame_007,frame_013,7,13,40,6,False,False,421,"bannister, banister, balustrade, balusters, handrail",0.7801067838020617,0.2483244663584302,0.8505700826644897,0.14942991733551025,0.06364513130310435,4.380751335889874,0.03879310344827586,0.49322375875748253,12.714212447970661
frame_007,frame_014,7,14,40,7,False,True,912,"worm fence, snake fence, snake-rail fence, Virginia fence",0.2813214934776703,1.26825715873489,0.6578179597854614,0.3421820402145386,0.07414591278515457,4.415339732896994,0.034482758620689655,0.4347940663489908,12.609027924120733
frame_007,frame_015,7,15,40,8,False,False,912,"worm fence, snake fence, snake-rail fence, Virginia fence",0.33798530227459755,1.0847528688392738,0.7093948125839233,0.29060518741607666,0.0715544224431466,4.426279102368484,0.036637931034482756,0.48158488070302463,13.144434390953144
frame_007,frame_016,7,16,40,9,False,False,416,"balance beam, beam",0.2348951300749897,1.4486161194394174,0.6672160625457764,0.33278393745422363,0.21397155163648837,3.927413963505966,0.04741379310344827,0.655483745720635,13.824748091562483
frame_007,frame_017,7,17,40,10,False,False,416,"balance beam, beam",0.5355137808251828,0.624528654924652,0.7981758117675781,0.20182418823242188,0.1367708284110397,4.295192924810633,0.05387931034482758,0.6030218827418391,11.192086143688535
frame_007,frame_000,7,0,50,-7,False,False,835,sundial,0.19406110671210702,1.6395821864634579,0.6338486671447754,0.3661513328552246,0.0462912437700253,4.705453737286492,0.015086206896551725,0.09624976532810774,6.379984444605999
frame_007,frame_001,7,1,50,-6,False,False,471,cannon,0.33315473296171444,1.0991482333756775,0.6695095300674438,0.33049046993255615,0.07283999022274956,4.645272647998286,0.023706896551724137,0.1263876437409046,5.331260608707249
frame_007,frame_002,7,2,50,-5,False,False,471,cannon,0.3136927089069615,1.1593414063031027,0.6858621835708618,0.3141378164291382,0.04401786169603525,4.829438424220945,0.010775862068965518,0.061133004965730466,5.6731428608197865
frame_007,frame_003,7,3,50,-4,False,True,421,"bannister, banister, balustrade, balusters, handrail",0.22990428682968633,1.4700922008897317,0.6222542524337769,0.37774574756622314,0.05508616122540283,4.81946610515665,0.01939655172413793,0.11053222029714116,5.698550024208166
frame_007,frame_004,7,4,50,-3,False,False,835,sundial,0.8622134355431528,0.14825243392905207,0.8927087783813477,0.10729122161865234,0.04111525404385656,4.929210620938903,0.015086206896551725,0.032101277634031526,2.1278561174558037
frame_007,frame_005,7,5,50,-2,False,False,835,sundial,0.9179978389321465,0.08556024246883309,0.933074951171875,0.066925048828125,0.08359795770107084,4.839121811512333,0.01939655172413793,0.03005633687196074,1.5495711453988648
frame_007,frame_006,7,6,50,-1,False,False,835,sundial,0.33867691325157534,1.0827086843054126,0.7286574244499207,0.27134257555007935,0.10229888745353394,4.793808634372448,0.023706896551724137,0.054920415699264244,2.3166429894962373
frame_007,frame_008,7,8,50,1,False,False,835,sundial,0.27249739892244207,1.300126210163139,0.7117897272109985,0.28821027278900146,0.05596244011382473,4.928302742900746,0.023706896551724137,0.14001070119836412,5.905905941458268
frame_007,frame_009,7,9,50,2,False,False,416,"balance beam, beam",0.6837632276475824,0.38014357969620605,0.7975637912750244,0.20243620872497559,0.05188250944228069,4.900459546093533,0.02586206896551724,0.14267919760775422,5.516928974166497
frame_007,frame_010,7,10,50,3,False,False,416,"balance beam, beam",0.44009697162765277,0.8207601862893052,0.7814599275588989,0.21854007244110107,0.04601821268901405,5.004231804447583,0.028017241379310345,0.10126728709843873,3.614463170282736
frame_007,frame_011,7,11,50,4,False,False,421,"bannister, banister, balustrade, balusters, handrail",0.699575542220462,0.3572814961107973,0.8118842840194702,0.18811571598052979,0.0693761639016642,4.853614439891376,0.034482758620689655,0.1872403189916005,5.429969250756415
frame_007,frame_012,7,12,50,5,True,False,421,"bannister, banister, balustrade, balusters, handrail",0.9279659889472076,0.07476019670892942,0.9357255101203918,0.06427448987960815,0.0556861972807297,5.040319962023183,0.03879310344827586,0.14437958762100417,3.721784925341441
frame_007,frame_013,7,13,50,6,False,False,421,"bannister, banister, balustrade, balusters, handrail",0.8817728367743367,0.1258208108258705,0.8994880318641663,0.10051196813583374,0.07517518754853762,4.971008422508885,0.03879310344827586,0.13063007139944557,3.3673529516301524
frame_007,frame_014,7,14,50,7,False,False,912,"worm fence, snake fence, snake-rail fence, Virginia fence",0.22780530407661753,1.479263944321695,0.6400886178016663,0.35991138219833374,0.07536725620425781,4.964212952269677,0.034482758620689655,0.09696291808701377,2.811924624523399
frame_007,frame_015,7,15,50,8,False,False,912,"worm fence, snake fence, snake-rail fence, Virginia fence",0.38930068308847143,0.9434032697089786,0.7088626027107239,0.2911373972892761,0.05503266871557575,5.027958885292052,0.036637931034482756,0.11658846195301709,3.18217919683529
frame_007,frame_016,7,16,50,9,False,False,416,"balance beam, beam",0.3743695289956357,0.9825119239203445,0.6734764575958252,0.3265235424041748,0.05885943758060056,5.135992611980145,0.04741379310344827,0.1267640227120747,2.673568479018303
frame_007,frame_017,7,17,50,10,False,False,416,"balance beam, beam",0.5947444999422818,0.5196233775218942,0.7788784503936768,0.22112154960632324,0.03698583321838518,5.124581914839052,0.05387931034482758,0.13512828466861118,2.5079809634494237
frame_008,frame_000,8,0,5,-8,False,False,791,shopping cart,0.3929778623810357,0.9340019985187071,0.6119171380996704,0.3880828619003296,0.03449129258684971,5.218683736782889,0.015086206896551725,0.16053720635734778,10.641323392829909
frame_008,frame_001,8,1,5,-7,False,False,791,shopping cart,0.40629182547548853,0.9006835956211067,0.6115250587463379,0.3884749412536621,0.03436879776292509,5.224740472847106,0.023706896551724137,0.1796515597049862,7.578029427555782
frame_008,frame_002,8,2,5,-6,False,False,791,shopping cart,0.289790483567422,1.2385970875663328,0.5736445188522339,0.4263554811477661,0.03719577959292458,5.325918925257643,0.010775862068965518,0.08216219115766361,7.624651339431183
frame_008,frame_003,8,3,5,-5,False,False,791,shopping cart,0.28919438560009847,1.2406562024402659,0.56560218334198,0.43439781665802,0.03610195864317829,5.320252619312962,0.01939655172413793,0.15234705988062602,7.8543373094011635
frame_008,frame_004,8,4,5,-4,False,False,835,sundial,0.2359305692348542,1.4442177153986921,0.5948411226272583,0.4051588773727417,0.02299288493237202,5.41503294243798,0.015086206896551725,0.09857742011966304,6.534274705074807
frame_008,frame_005,8,5,5,-3,False,False,835,sundial,0.19069890050324204,1.6570595319758035,0.5394476652145386,0.4605523347854614,0.027208138489478343,5.373299792703314,0.01939655172413793,0.12368260988354232,6.376525665107071
frame_008,frame_006,8,6,5,-2,False,True,835,sundial,0.20080815257349174,1.6054052915231432,0.5334793329238892,0.46652066707611084,0.02738564142261731,5.418530438179554,0.023706896551724137,0.14637773163636164,6.174478861751982
frame_008,frame_007,8,7,5,-1,False,False,835,sundial,0.3116288361384971,1.1659424271026808,0.5832433104515076,0.41675668954849243,0.03989031750944894,5.375795928536078,0.023706896551724137,0.21342694602065676,9.002736632144067
frame_008,frame_009,8,9,5,1,False,False,510,"container ship, containership, container vessel",0.12155639167532369,2.10737699486108,0.5363771915435791,0.4636228084564209,0.03281080375024174,5.347134287145556,0.02586206896551724,0.17884718691766546,6.915424560816398
frame_008,frame_010,8,10,5,2,False,False,510,"container ship, containership, container vessel",0.14000769397045865,1.9660579009510621,0.5583903789520264,0.44160962104797363,0.03197566077392933,5.386589419740996,0.028017241379310345,0.15726971553049038,5.613319077395964
frame_008,frame_011,8,11,5,3,False,False,573,go-kart,0.1570752125144134,1.851030527745365,0.5755255222320557,0.42447447776794434,0.0432108521860068,5.288871478750128,0.034482758620689655,0.24218498310641068,7.0233645100859095
frame_008,frame_012,8,12,5,4,False,False,573,go-kart,0.17562300081558974,1.7394156222153452,0.6232743263244629,0.3767256736755371,0.025124296435386356,5.3562766105423165,0.03879310344827586,0.23530003045484396,6.065511896169311
frame_008,frame_013,8,13,5,5,False,False,573,go-kart,0.31374986051524195,1.1591592331091762,0.6226118803024292,0.3773881196975708,0.022497291088552234,5.410639821277185,0.03879310344827586,0.24848620565136176,6.405422190123992
frame_008,frame_014,8,14,5,6,False,False,912,"worm fence, snake fence, snake-rail fence, Virginia fence",0.4516102172486783,0.794935822408358,0.6702550649642944,0.32974493503570557,0.029934033689632884,5.417957883811978,0.034482758620689655,0.20049599633100396,5.814383893599115
frame_008,frame_015,8,15,5,7,True,False,912,"worm fence, snake fence, snake-rail fence, Virginia fence",0.5791508891089302,0.5461922324086723,0.6961313486099243,0.3038686513900757,0.023982845233180984,5.427840629670916,0.036637931034482756,0.2065199526251777,5.636779883416615
frame_008,frame_016,8,16,5,8,False,False,912,"worm fence, snake fence, snake-rail fence, Virginia fence",0.3546266000372215,1.0366898739500918,0.5739685297012329,0.4260314702987671,0.027514854286496564,5.3829565447989385,0.04741379310344827,0.2880098034690031,6.074388582255339
frame_008,frame_017,8,17,5,9,False,False,791,shopping cart,0.22169746882069538,1.5064415795621904,0.5561524629592896,0.44384753704071045,0.02314475918093117,5.396263489444918,0.05387931034482758,0.2818531184520876,5.231193878470746
frame_008,frame_000,8,0,10,-8,False,True,835,sundial,0.23250623265405657,1.4588382471998085,0.5932960510253906,0.4067039489746094,0.04988484391747955,5.045236058521253,0.015086206896551725,0.0872435287079918,5.782999617215457
frame_008,frame_001,8,1,10,-7,False,False,421,"bannister, banister, balustrade, balusters, handrail",0.37845016637184486,0.9716708756132513,0.6741055250167847,0.32589447498321533,0.03850895143444321,4.967232877944596,0.023706896551724137,0.17791723575102822,7.504872489861555
frame_008,frame_002,8,2,10,-6,False,False,421,"bannister, banister, balustrade, balusters, handrail",0.35845623493306056,1.0259487046845517,0.7001522779464722,0.29984772205352783,0.039177640792886624,5.029312106604797,0.010775862068965518,0.11688404480316006,10.846839357733252
frame_008,frame_003,8,3,10,-5,False,False,421,"bannister, banister, balustrade, balusters, handrail",0.4393133190855636,0.8225424095764156,0.7421523928642273,0.2578476071357727,0.05584524469038838,5.042926212018907,0.01939655172413793,0.12369322578077889,6.377072973586823
frame_008,frame_004,8,4,10,-4,False,False,835,sundial,0.7228303037656676,0.3245807956231744,0.8197274208068848,0.18027257919311523,0.061280443867612014,5.133473012674248,0.015086206896551725,0.06821246494142666,4.52151196183171
frame_008,frame_005,8,5,10,-3,False,False,835,sundial,0.7585654799784075,0.2763261556685874,0.8479368686676025,0.15206313133239746,0.061932116255618966,5.179963103974957,0.01939655172413793,0.05292510915240855,2.728583405190841
frame_008,frame_006,8,6,10,-2,False,False,835,sundial,0.37756410986302263,0.9740148972603913,0.7419441938400269,0.25805580615997314,0.07130936469339733,5.084040524784843,0.023706896551724137,0.0747098833382731,3.1513987153598833
frame_008,frame_007,8,7,10,-1,False,False,835,sundial,0.7217806342253932,0.32603401696796497,0.8254615068435669,0.1745384931564331,0.08115694007561335,5.1040584325521,0.023706896551724137,0.1281027988238244,5.403608968568593
frame_008,frame_009,8,9,10,1,False,False,416,"balance beam, beam",0.648255730270284,0.4334700150030739,0.7944905757904053,0.20550942420959473,0.05455527790238617,4.999637775014558,0.02586206896551724,0.16870630854935698,6.523310597241803
frame_008,frame_010,8,10,10,2,False,False,416,"balance beam, beam",0.6233759681751054,0.4726054619987803,0.8036707639694214,0.1963292360305786,0.05011324268612745,5.050326734830904,0.028017241379310345,0.15581149667640848,5.561271881373349
frame_008,frame_011,8,11,10,3,False,False,421,"bannister, banister, balustrade, balusters, handrail",0.6228520096389929,0.4734463331336176,0.7707735300064087,0.2292264699935913,0.06329192079685443,4.991702946220727,0.034482758620689655,0.2598567039360882,7.535844414146557
frame_008,frame_012,8,12,10,4,True,False,421,"bannister, banister, balustrade, balusters, handrail",0.8459632365683539,0.16727937591309772,0.8906229138374329,0.10937708616256714,0.052742382819241214,5.198445443466328,0.03879310344827586,0.2181420885908471,5.62321828367517
frame_008,frame_013,8,13,10,5,False,False,421,"bannister, banister, balustrade, balusters, handrail",0.8342937220379208,0.18116975392811696,0.8695099353790283,0.13049006462097168,0.033769264561920954,5.254411042438958,0.03879310344827586,0.2221881593076885,5.727516995487082
frame_008,frame_014,8,14,10,6,False,False,421,"bannister, banister, balustrade, balusters, handrail",0.24524956219564184,1.4054789656732556,0.644586443901062,0.355413556098938,0.04681601420486244,5.155630537100528,0.034482758620689655,0.21029396068994902,6.098524860008522
frame_008,frame_015,8,15,10,7,False,False,912,"worm fence, snake fence, snake-rail fence, Virginia fence",0.2911775764093349,1.2338219697133956,0.6753475666046143,0.32465243339538574,0.04197458594399191,5.213821945026417,0.036637931034482756,0.22393548630573726,6.112121508580123
frame_008,frame_016,8,16,10,8,False,False,416,"balance beam, beam",0.5152762879749611,0.6630520406683766,0.714651346206665,0.28534865379333496,0.03285002033778225,5.25404913358644,0.04741379310344827,0.2274257327508195,4.7966154543809205
frame_008,frame_017,8,17,10,9,False,False,416,"balance beam, beam",0.864413765074711,0.14570373004918435,0.887563943862915,0.11243605613708496,0.03178463119721561,5.292592142365159,0.05387931034482758,0.239880777379215,4.45218722815823
frame_008,frame_000,8,0,20,-8,False,True,421,"bannister, banister, balustrade, balusters, handrail",0.16813503047406134,1.7829878695934083,0.560868501663208,0.439131498336792,0.020401355120874407,5.611158196981785,0.015086206896551725,0.0345874548098485,2.292654147395672
frame_008,frame_001,8,1,20,-7,False,False,835,sundial,0.186779196574069,1.6778281267657058,0.6041889190673828,0.3958110809326172,0.027675999442167098,5.576926934025609,0.023706896551724137,0.06019853388702957,2.539283611234702
frame_008,frame_002,8,2,20,-6,False,False,835,sundial,0.3054762991920385,1.185883083766127,0.6697975397109985,0.33020246028900146,0.015610217112911433,5.639759964523451,0.010775862068965518,0.020647397725391703,1.91607850891635
frame_008,frame_003,8,3,20,-5,False,False,421,"bannister, banister, balustrade, balusters, handrail",0.5018149426627155,0.6895238673689907,0.6902049779891968,0.3097950220108032,0.021022369470229566,5.614270513414965,0.01939655172413793,0.02966313012260229,1.5292991529874957
frame_008,frame_004,8,4,20,-4,False,False,835,sundial,0.6357378769752826,0.4529689437169587,0.7735067009925842,0.22649329900741577,0.01999488279429023,5.629479479165813,0.015086206896551725,0.020226246720466072,1.3407112111851796
frame_008,frame_005,8,5,20,-3,False,False,835,sundial,0.6401604697872805,0.44603640001432054,0.7928293943405151,0.20717060565948486,0.017327005468546645,5.639344617719141,0.01939655172413793,0.021476686120056335,1.1072424844117932
frame_008,frame_006,8,6,20,-2,False,False,675,moving van,0.2787710154354131,1.2773645673530705,0.6678293943405151,0.33217060565948486,0.021718293417833587,5.624474771765536,0.023706896551724137,0.022565364477400148,0.9518481015921517
frame_008,frame_007,8,7,20,-1,False,False,835,sundial,0.7333219354600511,0.310170470979102,0.8049387335777283,0.19506126642227173,0.02394248897064333,5.623810792627022,0.023706896551724137,0.03436288359296425,1.4494889079214013
frame_008,frame_009,8,9,20,1,False,False,421,"bannister, banister, balustrade, balusters, handrail",0.2700190702672723,1.30926269185846,0.6186428666114807,0.3813571333885193,0.03024368714210187,5.553635541471033,0.02586206896551724,0.03348974231011079,1.294936702657617
frame_008,frame_010,8,10,20,2,False,False,421,"bannister, banister, balustrade, balusters, handrail",0.3571780814064835,1.0295207941064197,0.6853224039077759,0.3146775960922241,0.03419544547572325,5.5493428585473445,0.028017241379310345,0.047699378334587574,1.7025008882498949
frame_008,frame_011,8,11,20,3,False,False,421,"bannister, banister, balustrade, balusters, handrail",0.6422044600333366,0.44284855242194404,0.7766138315200806,0.22338616847991943,0.03781060129692932,5.604146725966057,0.034482758620689655,0.05399506318329767,1.5658568323156326
frame_008,frame_012,8,12,20,4,True,False,421,"bannister, banister, balustrade, balusters, handrail",0.8684405091756188,0.14105619400562475,0.9000714421272278,0.09992855787277222,0.04346479032999306,5.614788032242085,0.03879310344827586,0.05825915221868218,1.5017914794149183
frame_008,frame_013,8,13,20,5,False,False,421,"bannister, banister, balustrade, balusters, handrail",0.7982223309984445,0.22536811006322321,0.8486945033073425,0.15130549669265747,0.04081563664925515,5.654321107533064,0.03879310344827586,0.06333607176567045,1.6326631832928382
frame_008,frame_014,8,14,20,6,False,False,421,"bannister, banister, balustrade, balusters, handrail",0.33957960039867335,1.0800468958466176,0.6879715919494629,0.3120284080505371,0.035937603003371336,5.658701753424494,0.034482758620689655,0.04942443854966397,1.433308717940255
frame_008,frame_015,8,15,20,7,False,False,912,"worm fence, snake fence, snake-rail fence, Virginia fence",0.3544061259889903,1.0373117748786225,0.689274251461029,0.31072574853897095,0.030673419548300083,5.695777926234344,0.036637931034482756,0.06414520599266123,1.7507867988585184
frame_008,frame_016,8,16,20,8,False,False,471,cannon,0.2519118234676317,1.3786761595768855,0.6398072242736816,0.36019277572631836,0.037233579790194295,5.676989051941531,0.04741379310344827,0.06438287065969332,1.35789327209535
frame_008,frame_017,8,17,20,9,False,False,416,"balance beam, beam",0.23688030179480743,1.4402003211487169,0.6630918979644775,0.33690810203552246,0.02164451988940375,5.697604272209058,0.05387931034482758,0.06547875590962304,1.2152857096826037
frame_008,frame_000,8,0,30,-8,False,True,835,sundial,0.27242568404647705,1.3003894211689504,0.569024920463562,0.430975079536438,0.028183311592836484,5.358403041738179,0.015086206896551725,0.00962181073051202,0.6377885969939396
frame_008,frame_001,8,1,30,-7,False,False,835,sundial,0.25560264503452934,1.3641312081968966,0.5697537660598755,0.4302462339401245,0.030287631068392645,5.331960895295799,0.023706896551724137,0.02514622340263689,1.0607134235294107
frame_008,frame_002,8,2,30,-6,False,False,835,sundial,0.32380290062050965,1.1276202797166204,0.6313382387161255,0.3686617612838745,0.02212322840082288,5.393423732423359,0.010775862068965518,0.012001467674612198,1.1137362002040119
frame_008,frame_003,8,3,30,-5,False,False,421,"bannister, banister, balustrade, balusters, handrail",0.3493917728971768,1.0515614279326786,0.6306904554367065,0.36930954456329346,0.02467139621617891,5.418928384452599,0.01939655172413793,0.013427474813753094,0.6922609237312706
frame_008,frame_004,8,4,30,-4,False,False,835,sundial,0.8093472027828037,0.2115272787361393,0.8488396406173706,0.1511603593826294,0.0251046643407491,5.4059424961176,0.015086206896551725,0.008051082428500184,0.5336717495462979
frame_008,frame_005,8,5,30,-3,False,False,835,sundial,0.830829571339205,0.1853305938013894,0.8619233965873718,0.13807660341262817,0.0287355967781521,5.404219604667174,0.01939655172413793,0.005532383034169414,0.28522508087273424
frame_008,frame_006,8,6,30,-2,False,False,835,sundial,0.3603318635707619,1.0207298289164102,0.6445415616035461,0.35545843839645386,0.025183370416802773,5.428487469104542,0.023706896551724137,0.01087619877029925,0.45877783903807745
frame_008,frame_007,8,7,30,-1,False,False,835,sundial,0.7263445414281675,0.3197308017624989,0.8086420297622681,0.19135797023773193,0.02420751888299382,5.442950889310137,0.023706896551724137,0.01713360753554095,0.7227267178628183
frame_008,frame_009,8,9,30,1,False,False,416,"balance beam, beam",0.20589020228991448,1.580412250879447,0.5804343223571777,0.41956567764282227,0.028157075767080438,5.388233478510228,0.02586206896551724,0.018944884786869055,0.7325355450922701
frame_008,frame_010,8,10,30,2,False,False,421,"bannister, banister, balustrade, balusters, handrail",0.2835220700406989,1.2604653103762913,0.6886866092681885,0.3113133907318115,0.025700058718675225,5.404697528443753,0.028017241379310345,0.02333124263781538,0.8327458910727951
frame_008,frame_011,8,11,30,3,False,False,421,"bannister, banister, balustrade, balusters, handrail",0.7149072775242163,0.3356024264818518,0.7892047762870789,0.21079522371292114,0.020892646309682964,5.448858670063511,0.034482758620689655,0.02515019863605303,0.7293557604455378
frame_008,frame_012,8,12,30,4,False,False,421,"bannister, banister, balustrade, balusters, handrail",0.8422429119814562,0.17168681230647964,0.8837282061576843,0.11627179384231567,0.044352978346854297,5.344828576215368,0.03879310344827586,0.06071162652529791,1.5650108170965682
frame_008,frame_013,8,13,30,5,True,False,421,"bannister, banister, balustrade, balusters, handrail",0.8428693083151603,0.17094336465354487,0.8848204016685486,0.11517959833145142,0.04204478515528149,5.2809702100511835,0.03879310344827586,0.05735480486901308,1.478479414401226
frame_008,frame_014,8,14,30,6,False,False,421,"bannister, banister, balustrade, balusters, handrail",0.31085504004461156,1.1684285846468678,0.6604878902435303,0.3395121097564697,0.025240635421674314,5.395975262141603,0.034482758620689655,0.013291216821946839,0.3854452878364583
frame_008,frame_015,8,15,30,7,False,False,612,"jinrikisha, ricksha, rickshaw",0.4426606265656394,0.8149518825134963,0.7234472036361694,0.27655279636383057,0.028701670657786376,5.425267857965004,0.036637931034482756,0.017723203492054408,0.48373920119489683
frame_008,frame_016,8,16,30,8,False,False,912,"worm fence, snake fence, snake-rail fence, Virginia fence",0.18317299818755486,1.6973242274109752,0.5946180820465088,0.4053819179534912,0.03792078078377111,5.356913481121753,0.04741379310344827,0.02720889994791288,0.5738604352650717
frame_008,frame_017,8,17,30,9,False,False,612,"jinrikisha, ricksha, rickshaw",0.2234241775706098,1.498683172730252,0.6773041486740112,0.32269585132598877,0.03962721980082444,5.324378028850835,0.05387931034482758,0.021750406555961322,0.4036875456786422
frame_008,frame_000,8,0,40,-8,False,False,835,sundial,0.41413559501970093,0.8815618345789895,0.6720808744430542,0.3279191255569458,0.09459210106370593,4.2770711297345185,0.015086206896551725,0.34181914279598385,22.65772603676236
frame_008,frame_001,8,1,40,-7,False,False,835,sundial,0.5012578517667124,0.6906346361115494,0.6979684829711914,0.3020315170288086,0.13430191430161117,4.084826344018978,0.023706896551724137,0.4278946216165881,18.049373130008806
frame_008,frame_002,8,2,40,-6,False,False,835,sundial,0.49448158282819765,0.704245372640858,0.707770824432373,0.29222917556762695,0.20703622999486931,3.9923298228774025,0.010775862068965518,0.31457498008931467,29.1925581522884
frame_008,frame_003,8,3,40,-5,False,False,835,sundial,0.43151551426798357,0.8404518148338846,0.6686115264892578,0.3313884735107422,0.07478250661860629,4.3362867284782105,0.01939655172413793,0.32965934804876795,16.99577083273648
frame_008,frame_004,8,4,40,-4,False,False,835,sundial,0.8941529767404104,0.11187840352495204,0.9053211212158203,0.09467887878417969,0.06916592930233033,4.509016875733979,0.015086206896551725,0.227680682201885,15.091976648810663
frame_008,frame_005,8,5,40,-3,True,False,835,sundial,0.8876427731299287,0.11918589943862523,0.9141285419464111,0.08587145805358887,0.06308170406077031,4.702418465862121,0.01939655172413793,0.2180163868966051,11.239955946669419
frame_008,frame_006,8,6,40,-2,False,False,835,sundial,0.41567707926327385,0.8778465719312614,0.713974118232727,0.28602588176727295,0.08868369997120407,4.7340716241003085,0.023706896551724137,0.27611685641566497,11.647111034260778
frame_008,frame_007,8,7,40,-1,False,False,835,sundial,0.8581187313512435,0.15301280753975943,0.8957337141036987,0.10426628589630127,0.06746194404474842,4.572800394114065,0.023706896551724137,0.3536813165682313,14.918920989787212
frame_008,frame_009,8,9,40,1,False,False,416,"balance beam, beam",0.5704703229853771,0.5612941303400216,0.7172695398330688,0.28273046016693115,0.08577404097330504,4.301233641213911,0.02586206896551724,0.36265807123402805,14.022778754382418
frame_008,frame_010,8,10,40,2,False,False,416,"balance beam, beam",0.5936044387008297,0.5215421095611861,0.784339189529419,0.21566081047058105,0.11189435190080621,4.437104285489065,0.028017241379310345,0.33439269200393723,11.935246853063605
frame_008,frame_011,8,11,40,3,False,False,421,"bannister, banister, balustrade, balusters, handrail",0.6923046102329351,0.3677292320209875,0.7896678447723389,0.21033215522766113,0.11604286852201784,4.055694210465479,0.034482758620689655,0.49935611245035694,14.48132726106035
frame_008,frame_012,8,12,40,4,False,False,421,"bannister, banister, balustrade, balusters, handrail",0.7924011691439251,0.23268748871218015,0.856245219707489,0.143754780292511,0.06103849913837131,4.275849859867946,0.03879310344827586,0.39522528508344534,10.188029571039925
frame_008,frame_013,8,13,40,5,False,False,421,"bannister, banister, balustrade, balusters, handrail",0.7801067838020617,0.2483244663584302,0.8505700826644897,0.14942991733551025,0.06566711691941084,4.448005862452433,0.03879310344827586,0.47401400647908715,12.219027722572024
frame_008,frame_014,8,14,40,6,False,True,912,"worm fence, snake fence, snake-rail fence, Virginia fence",0.2813214934776703,1.26825715873489,0.6578179597854614,0.3421820402145386,0.07353228400258123,4.435455390076315,0.034482758620689655,0.41656198421158164,12.080297542135868
frame_008,frame_015,8,15,40,7,False,False,912,"worm fence, snake fence, snake-rail fence, Virginia fence",0.33798530227459755,1.0847528688392738,0.7093948125839233,0.29060518741607666,0.07308998881906742,4.434280961699585,0.036637931034482756,0.4636652963200396,12.655335146617553
frame_008,frame_016,8,16,40,8,False,False,416,"balance beam, beam",0.2348951300749897,1.4486161194394174,0.6672160625457764,0.33278393745422363,0.2034629307516374,4.016617866427597,0.04741379310344827,0.625752055155842,13.197679708741395
frame_008,frame_017,8,17,40,9,False,False,416,"balance beam, beam",0.5355137808251828,0.624528654924652,0.7981758117675781,0.20182418823242188,0.12352365986977538,4.382298248289164,0.05387931034482758,0.5727280749588474,10.629833071236208
frame_008,frame_000,8,0,50,-8,False,False,835,sundial,0.19406110671210702,1.6395821864634579,0.6338486671447754,0.3661513328552246,0.04328259859473539,4.675333247707238,0.015086206896551725,0.1263342688868575,8.37415725192884
frame_008,frame_001,8,1,50,-7,False,False,471,cannon,0.33315473296171444,1.0991482333756775,0.6695095300674438,0.33049046993255615,0.05994038012723604,4.617238925004498,0.023706896551724137,0.162370916758811,6.8491004887353
frame_008,frame_002,8,2,50,-6,False,False,471,cannon,0.3136927089069615,1.1593414063031027,0.6858621835708618,0.3141378164291382,0.03838883760317291,4.77155261599642,0.010775862068965518,0.07924800464074408,7.35421483066105
frame_008,frame_003,8,3,50,-5,False,True,421,"bannister, banister, balustrade, balusters, handrail",0.22990428682968633,1.4700922008897317,0.6222542524337769,0.37774574756622314,0.04816516378999084,4.767334015800021,0.01939655172413793,0.137418255337133,7.084674497381079
frame_008,frame_004,8,4,50,-4,False,False,835,sundial,0.8622134355431528,0.14825243392905207,0.8927087783813477,0.10729122161865234,0.03771119559328539,4.913173715555695,0.015086206896551725,0.04243210394330185,2.8126423185274367
frame_008,frame_005,8,5,50,-3,False,False,835,sundial,0.9179978389321465,0.08556024246883309,0.933074951171875,0.066925048828125,0.08003209410557027,4.8237078651652725,0.01939655172413793,0.041649628617114194,2.1472697420378872
frame_008,frame_006,8,6,50,-2,False,False,835,sundial,0.33867691325157534,1.0827086843054126,0.7286574244499207,0.27134257555007935,0.09043162392397892,4.776755917911987,0.023706896551724137,0.07138020116536618,3.010946667339083
frame_008,frame_007,8,7,50,-1,False,False,835,sundial,0.8135777015425791,0.2063138417735919,0.8813696503639221,0.11863034963607788,0.07870652433367001,4.7765191772410365,0.023706896551724137,0.18154477718330803,7.657888783004993
frame_008,frame_009,8,9,50,1,False,False,416,"balance beam, beam",0.6837632276475824,0.38014357969620605,0.7975637912750244,0.20243620872497559,0.05977603193926997,4.784277732053912,0.02586206896551724,0.16571941281795038,6.407817295627415
frame_008,frame_010,8,10,50,2,False,False,416,"balance beam, beam",0.44009697162765277,0.8207601862893052,0.7814599275588989,0.21854007244110107,0.04942765012666534,4.9008091371718,0.028017241379310345,0.11322619485376943,4.041304185549924
frame_008,frame_011,8,11,50,3,False,False,421,"bannister, banister, balustrade, balusters, handrail",0.699575542220462,0.3572814961107973,0.8118842840194702,0.18811571598052979,0.058821030402867416,4.711687325635136,0.034482758620689655,0.23431573995810764,6.795156458785121
frame_008,frame_012,8,12,50,4,True,False,421,"bannister, banister, balustrade, balusters, handrail",0.9279659889472076,0.07476019670892942,0.9357255101203918,0.06427448987960815,0.044230282215777766,4.9739439281508915,0.03879310344827586,0.17194175079521085,4.432276242720991
frame_008,frame_013,8,13,50,5,False,False,421,"bannister, banister, balustrade, balusters, handrail",0.8817728367743367,0.1258208108258705,0.8994880318641663,0.10051196813583374,0.06544498391021239,4.939314913928537,0.03879310344827586,0.15178950588877682,3.91279615179958
frame_008,frame_014,8,14,50,6,False,False,912,"worm fence, snake fence, snake-rail fence, Virginia fence",0.22780530407661753,1.479263944321695,0.6400886178016663,0.35991138219833374,0.07260258528793767,4.932787586589007,0.034482758620689655,0.11459354840594832,3.323212903772501
frame_008,frame_015,8,15,50,7,False,False,912,"worm fence, snake fence, snake-rail fence, Virginia fence",0.38930068308847143,0.9434032697089786,0.7088626027107239,0.2911373972892761,0.04778898056367397,4.939537929551715,0.036637931034482756,0.14265065330336502,3.8935237136918457
frame_008,frame_016,8,16,50,8,False,False,416,"balance beam, beam",0.3743695289956357,0.9825119239203445,0.6734764575958252,0.3265235424041748,0.04904850147226136,5.021854801765264,0.04741379310344827,0.1556987631669287,3.2838284595206786
frame_008,frame_017,8,17,50,9,False,False,416,"balance beam, beam",0.5947444999422818,0.5196233775218942,0.7788784503936768,0.22112154960632324,0.053837406955707184,4.997623196788934,0.05387931034482758,0.16904168029034583,3.137413586188819
frame_009,frame_000,9,0,5,-9,False,False,791,shopping cart,0.3929778623810357,0.9340019985187071,0.6119171380996704,0.3880828619003296,0.034770146172193435,5.234226181223552,0.015086206896551725,0.15777857394798817,10.458465473123786
frame_009,frame_001,9,1,5,-8,False,False,791,shopping cart,0.40629182547548853,0.9006835956211067,0.6115250587463379,0.3884749412536621,0.03454968694027527,5.23568458057342,0.023706896551724137,0.17970679546147583,7.580359372193163
frame_009,frame_002,9,2,5,-7,False,False,791,shopping cart,0.289790483567422,1.2385970875663328,0.5736445188522339,0.4263554811477661,0.03696496483431225,5.339767450174942,0.010775862068965518,0.082766935893832,7.680771650947609
frame_009,frame_003,9,3,5,-6,False,False,791,shopping cart,0.28919438560009847,1.2406562024402659,0.56560218334198,0.43439781665802,0.03519732505889781,5.337294831254738,0.01939655172413793,0.15213392492145225,7.843349018172649
frame_009,frame_004,9,4,5,-5,False,False,835,sundial,0.2359305692348542,1.4442177153986921,0.5948411226272583,0.4051588773727417,0.02179345335702021,5.435169775368517,0.015086206896551725,0.09810373523762698,6.502876164322703
frame_009,frame_005,9,5,5,-4,False,False,835,sundial,0.19069890050324204,1.6570595319758035,0.5394476652145386,0.4605523347854614,0.02597958199858804,5.381860745597635,0.01939655172413793,0.12381034983824399,6.383111369438357
frame_009,frame_006,9,6,5,-3,False,True,835,sundial,0.20080815257349174,1.6054052915231432,0.5334793329238892,0.46652066707611084,0.02800390544284231,5.417731102195541,0.023706896551724137,0.1450717059322555,6.119388322960596
frame_009,frame_007,9,7,5,-2,False,False,835,sundial,0.3116288361384971,1.1659424271026808,0.5832433104515076,0.41675668954849243,0.03830087578516841,5.387962040973213,0.023706896551724137,0.2088862091624645,8.811200095580322
frame_009,frame_008,9,8,5,-1,False,False,835,sundial,0.18773339201489336,1.6727324502271304,0.5629221200942993,0.4370778799057007,0.0333727448181925,5.333913505492946,0.023706896551724137,0.1962466364452903,8.278039937328609
frame_009,frame_010,9,10,5,1,False,False,510,"container ship, containership, container vessel",0.14000769397045865,1.9660579009510621,0.5583903789520264,0.44160962104797363,0.03224266639484615,5.40019869130748,0.028017241379310345,0.15427100553721418,5.506288197635953
frame_009,frame_011,9,11,5,2,False,False,573,go-kart,0.1570752125144134,1.851030527745365,0.5755255222320557,0.42447447776794434,0.04264048152052349,5.300789503599839,0.034482758620689655,0.2425933254872922,7.035206439131474
frame_009,frame_012,9,12,5,3,False,False,573,go-kart,0.17562300081558974,1.7394156222153452,0.6232743263244629,0.3767256736755371,0.024292628750287704,5.37357902012268,0.03879310344827586,0.23548280349265718,6.070223378921829
frame_009,frame_013,9,13,5,4,False,False,573,go-kart,0.31374986051524195,1.1591592331091762,0.6226118803024292,0.3773881196975708,0.023691175776235408,5.427347837166826,0.03879310344827586,0.24537701253840785,6.325274100990069
frame_009,frame_014,9,14,5,5,False,False,912,"worm fence, snake fence, snake-rail fence, Virginia fence",0.4516102172486783,0.794935822408358,0.6702550649642944,0.32974493503570557,0.02710226564186414,5.43539591457834,0.034482758620689655,0.20107054018831877,5.831045665461245
frame_009,frame_015,9,15,5,6,True,False,912,"worm fence, snake fence, snake-rail fence, Virginia fence",0.5791508891089302,0.5461922324086723,0.6961313486099243,0.3038686513900757,0.022825641233555318,5.433511926190116,0.036637931034482756,0.20527044881249717,5.6026757793528645
frame_009,frame_016,9,16,5,7,False,False,912,"worm fence, snake fence, snake-rail fence, Virginia fence",0.3546266000372215,1.0366898739500918,0.5739685297012329,0.4260314702987671,0.02763698409887136,5.392862874056285,0.04741379310344827,0.28524516180219683,6.016079776191788
frame_009,frame_017,9,17,5,8,False,False,791,shopping cart,0.22169746882069538,1.5064415795621904,0.5561524629592896,0.44384753704071045,0.022862577439763044,5.4117193347568255,0.05387931034482758,0.2790221392169886,5.178650903867308
frame_009,frame_000,9,0,10,-9,False,True,835,sundial,0.23250623265405657,1.4588382471998085,0.5932960510253906,0.4067039489746094,0.05667327775297039,4.941995663288251,0.015086206896551725,0.11171938687104495,7.405399358309265
frame_009,frame_001,9,1,10,-8,False,False,421,"bannister, banister, balustrade, balusters, handrail",0.37845016637184486,0.9716708756132513,0.6741055250167847,0.32589447498321533,0.048277438327632274,4.846754180254019,0.023706896551724137,0.20653208607631493,8.711898903582739
frame_009,frame_002,9,2,10,-7,False,False,421,"bannister, banister, balustrade, balusters, handrail",0.35845623493306056,1.0259487046845517,0.7001522779464722,0.29984772205352783,0.047477964696083896,4.909335009552482,0.010775862068965518,0.14284874148792326,13.256363210079277
frame_009,frame_003,9,3,10,-6,False,False,421,"bannister, banister, balustrade, balusters, handrail",0.4393133190855636,0.8225424095764156,0.7421523928642273,0.2578476071357727,0.05778014303732626,4.946341407015668,0.01939655172413793,0.14575639420065517,7.514551878789333
frame_009,frame_004,9,4,10,-5,False,False,835,sundial,0.7228303037656676,0.3245807956231744,0.8197274208068848,0.18027257919311523,0.06381721031969353,5.0410789161908465,0.015086206896551725,0.08552499860251149,5.66908562165219
frame_009,frame_005,9,5,10,-4,False,False,835,sundial,0.7585654799784075,0.2763261556685874,0.8479368686676025,0.15206313133239746,0.06664440017111889,5.117227047798069,0.01939655172413793,0.06508272507119015,3.355376048114692
frame_009,frame_006,9,6,10,-3,False,False,835,sundial,0.37756410986302263,0.9740148972603913,0.7419441938400269,0.25805580615997314,0.07965030588879991,5.009213162012624,0.023706896551724137,0.08684305513078991,3.6631979618805928
frame_009,frame_007,9,7,10,-2,False,False,835,sundial,0.7217806342253932,0.32603401696796497,0.8254615068435669,0.1745384931564331,0.08935474953733866,5.01305357164409,0.023706896551724137,0.14318077826034828,6.039625555709237
frame_009,frame_008,9,8,10,-1,False,False,835,sundial,0.3527472487805627,1.0420034876260138,0.6925798058509827,0.30742019414901733,0.06756304347718217,4.904643973214927,0.023706896551724137,0.18306726058276315,7.722109900945646
frame_009,frame_010,9,10,10,1,False,False,416,"balance beam, beam",0.6233759681751054,0.4726054619987803,0.8036707639694214,0.1963292360305786,0.05451703741815502,4.958583039024523,0.028017241379310345,0.17221808616220133,6.146860921481648
frame_009,frame_011,9,11,10,2,False,False,421,"bannister, banister, balustrade, balusters, handrail",0.6228520096389929,0.4734463331336176,0.7707735300064087,0.2292264699935913,0.0764388277450981,4.879299471488394,0.034482758620689655,0.29067969824154205,8.42971124900472
frame_009,frame_012,9,12,10,3,True,False,421,"bannister, banister, balustrade, balusters, handrail",0.8459632365683539,0.16727937591309772,0.8906229138374329,0.10937708616256714,0.061956604939200924,5.115722433540323,0.03879310344827586,0.2453516503470916,6.3246203200583615
frame_009,frame_013,9,13,10,4,False,False,421,"bannister, banister, balustrade, balusters, handrail",0.8342937220379208,0.18116975392811696,0.8695099353790283,0.13049006462097168,0.0318890920053681,5.1925254374602545,0.03879310344827586,0.23793793271642574,6.133511154467864
frame_009,frame_014,9,14,10,5,False,False,421,"bannister, banister, balustrade, balusters, handrail",0.24524956219564184,1.4054789656732556,0.644586443901062,0.355413556098938,0.04456970064627532,5.063824596180428,0.034482758620689655,0.23408488906118344,6.78846178277432
frame_009,frame_015,9,15,10,6,False,False,912,"worm fence, snake fence, snake-rail fence, Virginia fence",0.2911775764093349,1.2338219697133956,0.6753475666046143,0.32465243339538574,0.04199015324404609,5.132104763111907,0.036637931034482756,0.2507869658648141,6.8450089506631615
frame_009,frame_016,9,16,10,7,False,False,416,"balance beam, beam",0.5152762879749611,0.6630520406683766,0.714651346206665,0.28534865379333496,0.03897313418780756,5.156314907954037,0.04741379310344827,0.25771733670744723,5.435492919647978
frame_009,frame_017,9,17,10,8,False,False,416,"balance beam, beam",0.864413765074711,0.14570373004918435,0.887563943862915,0.11243605613708496,0.03926161689487745,5.209879031922615,0.05387931034482758,0.2693567015892234,4.999260381495987
frame_009,frame_000,9,0,20,-9,False,True,421,"bannister, banister, balustrade, balusters, handrail",0.16813503047406134,1.7829878695934083,0.560868501663208,0.439131498336792,0.02208283738254485,5.60008276680379,0.015086206896551725,0.0408183237694028,2.705671747000414
frame_009,frame_001,9,1,20,-8,False,False,835,sundial,0.186779196574069,1.6778281267657058,0.6041889190673828,0.3958110809326172,0.02709920906984767,5.569182379651075,0.023706896551724137,0.07005199808997083,2.954920646704224
frame_009,frame_002,9,2,20,-7,False,False,835,sundial,0.3054762991920385,1.185883083766127,0.6697975397109985,0.33020246028900146,0.018363415987350404,5.639356609971792,0.010775862068965518,0.02741000770342764,2.543648714878085
frame_009,frame_003,9,3,20,-6,False,False,421,"bannister, banister, balustrade, balusters, handrail",0.5018149426627155,0.6895238673689907,0.6902049779891968,0.3097950220108032,0.022406659916990448,5.60497127706257,0.01939655172413793,0.034380653423451195,1.7725136876090393
frame_009,frame_004,9,4,20,-5,False,False,835,sundial,0.6357378769752826,0.4529689437169587,0.7735067009925842,0.22649329900741577,0.01992412635895076,5.636871113477174,0.015086206896551725,0.026351849275392237,1.7467511519688568
frame_009,frame_005,9,5,20,-4,False,False,835,sundial,0.6401604697872805,0.44603640001432054,0.7928293943405151,0.20717060565948486,0.017739957498342274,5.635928554422047,0.01939655172413793,0.029360905465767303,1.5137177929017809
frame_009,frame_006,9,6,20,-3,False,False,675,moving van,0.2787710154354131,1.2773645673530705,0.6678293943405151,0.33217060565948486,0.02197177364419731,5.628263777430659,0.023706896551724137,0.029619968593472542,1.2494241297610236
frame_009,frame_007,9,7,20,-2,False,False,835,sundial,0.7333219354600511,0.310170470979102,0.8049387335777283,0.19506126642227173,0.02058107199458031,5.6250455120509955,0.023706896551724137,0.04611724430183686,1.9453092141865733
frame_009,frame_008,9,8,20,-1,False,False,421,"bannister, banister, balustrade, balusters, handrail",0.48613919465874167,0.7212602873259604,0.6922610998153687,0.30773890018463135,0.02249419500319833,5.599875595274185,0.023706896551724137,0.0457174975363434,1.9284471688057583
frame_009,frame_010,9,10,20,1,False,False,421,"bannister, banister, balustrade, balusters, handrail",0.3571780814064835,1.0295207941064197,0.6853224039077759,0.3146775960922241,0.03028852451652188,5.549909443432716,0.028017241379310345,0.06201326728374163,2.2133966168966244
frame_009,frame_011,9,11,20,2,False,False,421,"bannister, banister, balustrade, balusters, handrail",0.6422044600333366,0.44284855242194404,0.7766138315200806,0.22338616847991943,0.03381623089863738,5.593685856568075,0.034482758620689655,0.06987089173637935,2.0262558603550014
frame_009,frame_012,9,12,20,3,True,False,421,"bannister, banister, balustrade, balusters, handrail",0.8684405091756188,0.14105619400562475,0.9000714421272278,0.09992855787277222,0.03867639961265143,5.6185584003517555,0.03879310344827586,0.07258507265776444,1.8710818729557055
frame_009,frame_013,9,13,20,4,False,False,421,"bannister, banister, balustrade, balusters, handrail",0.7982223309984445,0.22536811006322321,0.8486945033073425,0.15130549669265747,0.037318289155307174,5.6576608340478485,0.03879310344827586,0.07801659181270504,2.0110943667275074
frame_009,frame_014,9,14,20,5,False,False,421,"bannister, banister, balustrade, balusters, handrail",0.33957960039867335,1.0800468958466176,0.6879715919494629,0.3120284080505371,0.03450730788815581,5.654057050958906,0.034482758620689655,0.0684073895042423,1.9838142956230267
frame_009,frame_015,9,15,20,6,False,False,912,"worm fence, snake fence, snake-rail fence, Virginia fence",0.3544061259889903,1.0373117748786225,0.689274251461029,0.31072574853897095,0.03185350767104687,5.6821207421057265,0.036637931034482756,0.0826074899084158,2.2546985480885255
frame_009,frame_016,9,16,20,7,False,False,471,cannon,0.2519118234676317,1.3786761595768855,0.6398072242736816,0.36019277572631836,0.03715075478750726,5.677680653243902,0.04741379310344827,0.08480398310886475,1.7885930982960567
frame_009,frame_017,9,17,20,8,False,False,416,"balance beam, beam",0.23688030179480743,1.4402003211487169,0.6630918979644775,0.33690810203552246,0.0214639438321383,5.703616030613551,0.05387931034482758,0.08157023061036305,1.5139434801283382
frame_009,frame_000,9,0,30,-9,False,True,835,sundial,0.27242568404647705,1.3003894211689504,0.569024920463562,0.430975079536438,0.03270999715124864,5.34626661535494,0.015086206896551725,0.0103207691584997,0.684119555649123
frame_009,frame_001,9,1,30,-8,False,False,835,sundial,0.25560264503452934,1.3641312081968966,0.5697537660598755,0.4302462339401245,0.02967388144852067,5.3177341472834065,0.023706896551724137,0.02588619150925621,1.091926623663171
frame_009,frame_002,9,2,30,-7,False,False,835,sundial,0.32380290062050965,1.1276202797166204,0.6313382387161255,0.3686617612838745,0.0250420661442207,5.38617394391486,0.010775862068965518,0.011961211119001242,1.1100003918433152
frame_009,frame_003,9,3,30,-6,False,False,421,"bannister, banister, balustrade, balusters, handrail",0.3493917728971768,1.0515614279326786,0.6306904554367065,0.36930954456329346,0.027288198746579194,5.4182640220824405,0.01939655172413793,0.014263412011439993,0.7353581303675729
frame_009,frame_004,9,4,30,-5,False,False,835,sundial,0.8093472027828037,0.2115272787361393,0.8488396406173706,0.1511603593826294,0.027486108142371613,5.385229297615142,0.015086206896551725,0.007530650780196128,0.4991745660015719
frame_009,frame_005,9,5,30,-4,False,False,835,sundial,0.830829571339205,0.1853305938013894,0.8619233965873718,0.13807660341262817,0.03052185320963254,5.384668139493522,0.01939655172413793,0.005407448739032643,0.27878402387901624
frame_009,frame_006,9,6,30,-3,False,False,835,sundial,0.3603318635707619,1.0207298289164102,0.6445415616035461,0.35545843839645386,0.030744905073462406,5.41387355940538,0.023706896551724137,0.010419650640834896,0.43951980884976294
frame_009,frame_007,9,7,30,-2,False,False,835,sundial,0.7263445414281675,0.3197308017624989,0.8086420297622681,0.19135797023773193,0.025488897483383996,5.438450218781624,0.023706896551724137,0.017613161238283787,0.7429551649603343
frame_009,frame_008,9,8,30,-1,False,False,835,sundial,0.2467696011484238,1.3993001665452063,0.626466691493988,0.37353330850601196,0.03459211059956567,5.395485149754965,0.023706896551724137,0.011534696030597683,0.48655445074521136
frame_009,frame_010,9,10,30,1,False,False,421,"bannister, banister, balustrade, balusters, handrail",0.2835220700406989,1.2604653103762913,0.6886866092681885,0.3113133907318115,0.03173155355662788,5.398974542217008,0.028017241379310345,0.02340162355057426,0.8352579482666505
frame_009,frame_011,9,11,30,2,False,False,421,"bannister, banister, balustrade, balusters, handrail",0.7149072775242163,0.3356024264818518,0.7892047762870789,0.21079522371292114,0.022507600816294403,5.460225979594979,0.034482758620689655,0.026670436358442604,0.7734426543948355
frame_009,frame_012,9,12,30,3,False,False,421,"bannister, banister, balustrade, balusters, handrail",0.8422429119814562,0.17168681230647964,0.8837282061576843,0.11627179384231567,0.05247936854975735,5.334001936300013,0.03879310344827586,0.06938578396389945,1.788611319958297
frame_009,frame_013,9,13,30,4,True,False,421,"bannister, banister, balustrade, balusters, handrail",0.8428693083151603,0.17094336465354487,0.8848204016685486,0.11517959833145142,0.04708896576625901,5.265305957930176,0.03879310344827586,0.06286834105162553,1.620606124886347
frame_009,frame_014,9,14,30,5,False,False,421,"bannister, banister, balustrade, balusters, handrail",0.31085504004461156,1.1684285846468678,0.6604878902435303,0.3395121097564697,0.032515940055874486,5.362083050832995,0.034482758620689655,0.013937531410565807,0.4041884109064084
frame_009,frame_015,9,15,30,6,False,False,612,"jinrikisha, ricksha, rickshaw",0.4426606265656394,0.8149518825134963,0.7234472036361694,0.27655279636383057,0.028697812887009906,5.399476830061419,0.036637931034482756,0.018189150929370287,0.496456825366342
frame_009,frame_016,9,16,30,7,False,False,912,"worm fence, snake fence, snake-rail fence, Virginia fence",0.18317299818755486,1.6973242274109752,0.5946180820465088,0.4053819179534912,0.02967082695762093,5.334156230174586,0.04741379310344827,0.027890650110216873,0.5882391659609377
frame_009,frame_017,9,17,30,8,False,False,612,"jinrikisha, ricksha, rickshaw",0.2234241775706098,1.498683172730252,0.6773041486740112,0.32269585132598877,0.03238232842055587,5.300222972059375,0.05387931034482758,0.0235892266193191,0.43781604605456254
frame_009,frame_000,9,0,40,-9,False,False,835,sundial,0.41413559501970093,0.8815618345789895,0.6720808744430542,0.3279191255569458,0.10351502324985745,4.154710850577755,0.015086206896551725,0.36532808758298657,24.216033234072253
frame_009,frame_001,9,1,40,-8,False,False,835,sundial,0.5012578517667124,0.6906346361115494,0.6979684829711914,0.3020315170288086,0.1305607854402083,3.9922714854243906,0.023706896551724137,0.43866074147528267,18.503507640411925
frame_009,frame_002,9,2,40,-7,False,False,835,sundial,0.49448158282819765,0.704245372640858,0.707770824432373,0.29222917556762695,0.22123529308578552,3.901241872743632,0.010775862068965518,0.32824613214061815,30.461241062649364
frame_009,frame_003,9,3,40,-6,False,False,835,sundial,0.43151551426798357,0.8404518148338846,0.6686115264892578,0.3313884735107422,0.07829560348800635,4.260956667421292,0.01939655172413793,0.3432562269178519,17.6967654766537
frame_009,frame_004,9,4,40,-5,False,False,835,sundial,0.8941529767404104,0.11187840352495204,0.9053211212158203,0.09467887878417969,0.0668043644699522,4.417276429690128,0.015086206896551725,0.23092059748539417,15.30673674760327
frame_009,frame_005,9,5,40,-4,True,False,835,sundial,0.8876427731299287,0.11918589943862523,0.9141285419464111,0.08587145805358887,0.061094664652724166,4.6227964700017115,0.01939655172413793,0.24089174587821424,12.419307787499045
frame_009,frame_006,9,6,40,-3,False,False,835,sundial,0.41567707926327385,0.8778465719312614,0.713974118232727,0.28602588176727295,0.09072425219452245,4.64017834439791,0.023706896551724137,0.30118168527959094,12.70439108815729
frame_009,frame_007,9,7,40,-2,False,False,835,sundial,0.8581187313512435,0.15301280753975943,0.8957337141036987,0.10426628589630127,0.09260880868463764,4.44600108076231,0.023706896551724137,0.3895234339386003,16.430806667955505
frame_009,frame_008,9,8,40,-1,False,False,835,sundial,0.32193486603550686,1.1334060332918003,0.6587939262390137,0.34120607376098633,0.11951661741171041,3.994581062170823,0.023706896551724137,0.46447032527146764,19.592202811451
frame_009,frame_010,9,10,40,1,False,False,416,"balance beam, beam",0.5936044387008297,0.5215421095611861,0.784339189529419,0.21566081047058105,0.12355404398068866,4.3634770505546845,0.028017241379310345,0.3619396857457503,12.918462629694472
frame_009,frame_011,9,11,40,2,False,False,421,"bannister, banister, balustrade, balusters, handrail",0.6923046102329351,0.3677292320209875,0.7896678447723389,0.21033215522766113,0.11779886471581574,3.989129046084836,0.034482758620689655,0.5275434227854234,15.29875926077728
frame_009,frame_012,9,12,40,3,False,False,421,"bannister, banister, balustrade, balusters, handrail",0.7924011691439251,0.23268748871218015,0.856245219707489,0.143754780292511,0.06647329889862899,4.222460378185034,0.03879310344827586,0.4022476807489349,10.369051325972544
frame_009,frame_013,9,13,40,4,False,False,421,"bannister, banister, balustrade, balusters, handrail",0.7801067838020617,0.2483244663584302,0.8505700826644897,0.14942991733551025,0.06002202940023161,4.3636463407245,0.03879310344827586,0.48866676352996014,12.596743237661194
frame_009,frame_014,9,14,40,5,False,True,912,"worm fence, snake fence, snake-rail fence, Virginia fence",0.2813214934776703,1.26825715873489,0.6578179597854614,0.3421820402145386,0.0788308677005416,4.332801841810698,0.034482758620689655,0.45157166023060147,13.095578146687442
frame_009,frame_015,9,15,40,6,False,False,912,"worm fence, snake fence, snake-rail fence, Virginia fence",0.33798530227459755,1.0847528688392738,0.7093948125839233,0.29060518741607666,0.07466373681202255,4.362663250258403,0.036637931034482756,0.48827945985417476,13.327157021902183
frame_009,frame_016,9,16,40,7,False,False,416,"balance beam, beam",0.2348951300749897,1.4486161194394174,0.6672160625457764,0.33278393745422363,0.20388265729642643,3.976918913577399,0.04741379310344827,0.6322568228459436,13.334871172750812
frame_009,frame_017,9,17,40,8,False,False,416,"balance beam, beam",0.5355137808251828,0.624528654924652,0.7981758117675781,0.20182418823242188,0.12565131540070507,4.304449378856666,0.05387931034482758,0.5939860067650099,11.024380285558584
frame_009,frame_000,9,0,50,-9,False,False,835,sundial,0.19406110671210702,1.6395821864634579,0.6338486671447754,0.3661513328552246,0.03351452949623779,4.737417467356302,0.015086206896551725,0.10588288409676533,7.018522602985588
frame_009,frame_001,9,1,50,-8,False,False,471,cannon,0.33315473296171444,1.0991482333756775,0.6695095300674438,0.33049046993255615,0.07018448270162243,4.635276482423258,0.023706896551724137,0.14668812835127637,6.187571959544749
frame_009,frame_002,9,2,50,-7,False,False,471,cannon,0.3136927089069615,1.1593414063031027,0.6858621835708618,0.3141378164291382,0.03764229733440619,4.797020606505413,0.010775862068965518,0.06596707482953831,6.121744544181155
frame_009,frame_003,9,3,50,-6,False,True,421,"bannister, banister, balustrade, balusters, handrail",0.22990428682968633,1.4700922008897317,0.6222542524337769,0.37774574756622314,0.05283561033482284,4.811942777076026,0.01939655172413793,0.12198951774321264,6.289237359205629
frame_009,frame_004,9,4,50,-5,False,False,835,sundial,0.8622134355431528,0.14825243392905207,0.8927087783813477,0.10729122161865234,0.03462289619800313,4.92461679280113,0.015086206896551725,0.03611051217056422,2.393611092448828
frame_009,frame_005,9,5,50,-4,False,False,835,sundial,0.9179978389321465,0.08556024246883309,0.933074951171875,0.066925048828125,0.08534918785641898,4.80337960550858,0.01939655172413793,0.03169178123569474,1.6338873881513731
frame_009,frame_006,9,6,50,-3,False,False,835,sundial,0.33867691325157534,1.0827086843054126,0.7286574244499207,0.27134257555007935,0.09125222981724505,4.782102989432715,0.023706896551724137,0.055768132963539496,2.3524012450074845
frame_009,frame_007,9,7,50,-2,False,False,835,sundial,0.8135777015425791,0.2063138417735919,0.8813696503639221,0.11863034963607788,0.06596285866027594,4.860790308902666,0.023706896551724137,0.1517319221986134,6.400328354559693
frame_009,frame_008,9,8,50,-1,False,False,835,sundial,0.27249739892244207,1.300126210163139,0.7117897272109985,0.28821027278900146,0.06777580019388635,4.850851890159099,0.023706896551724137,0.14970628812922943,6.314883426542042
frame_009,frame_010,9,10,50,1,False,False,416,"balance beam, beam",0.44009697162765277,0.8207601862893052,0.7814599275588989,0.21854007244110107,0.04722038704351742,4.939998432187455,0.028017241379310345,0.11440926359089404,4.083530638936526
frame_009,frame_011,9,11,50,2,False,False,421,"bannister, banister, balustrade, balusters, handrail",0.699575542220462,0.3572814961107973,0.8118842840194702,0.18811571598052979,0.06177092136877872,4.787490744097294,0.034482758620689655,0.20960534663798927,6.078555052501689
frame_009,frame_012,9,12,50,3,True,False,421,"bannister, banister, balustrade, balusters, handrail",0.9279659889472076,0.07476019670892942,0.9357255101203918,0.06427448987960815,0.04638031366700714,4.9846471618723776,0.03879310344827586,0.1653675280872269,4.26280739069296
frame_009,frame_013,9,13,50,4,False,False,421,"bannister, banister, balustrade, balusters, handrail",0.8817728367743367,0.1258208108258705,0.8994880318641663,0.10051196813583374,0.06989674363158595,4.969018119123582,0.03879310344827586,0.14311351817540213,3.689148468521477
frame_009,frame_014,9,14,50,5,False,False,912,"worm fence, snake fence, snake-rail fence, Virginia fence",0.22780530407661753,1.479263944321695,0.6400886178016663,0.35991138219833374,0.08343827074911582,4.920864902230285,0.034482758620689655,0.10938875595529154,3.1722739227034547
frame_009,frame_015,9,15,50,6,False,False,912,"worm fence, snake fence, snake-rail fence, Virginia fence",0.38930068308847143,0.9434032697089786,0.7088626027107239,0.2911373972892761,0.0518432971906613,4.986161793356138,0.036637931034482756,0.1378324823887552,3.762015989904848
frame_009,frame_016,9,16,50,7,False,False,416,"balance beam, beam",0.3743695289956357,0.9825119239203445,0.6734764575958252,0.3265235424041748,0.0577641865980981,5.083207676994244,0.04741379310344827,0.13993137739194095,2.9512799595391184
frame_009,frame_017,9,17,50,8,False,False,416,"balance beam, beam",0.5947444999422818,0.5196233775218942,0.7788784503936768,0.22112154960632324,0.03005801349344711,5.089546302526749,0.05387931034482758,0.15079412603835218,2.7987389792718167
frame_010,frame_000,10,0,5,-10,False,False,791,shopping cart,0.3929778623810357,0.9340019985187071,0.6119171380996704,0.3880828619003296,0.03374963574722289,5.278336994872521,0.015086206896551725,0.15573330684212697,10.322893482106702
frame_010,frame_001,10,1,5,-9,False,False,791,shopping cart,0.40629182547548853,0.9006835956211067,0.6115250587463379,0.3884749412536621,0.03244044687376717,5.279301955756779,0.023706896551724137,0.17665740242634023,7.45173042962017
frame_010,frame_002,10,2,5,-8,False,False,791,shopping cart,0.289790483567422,1.2385970875663328,0.5736445188522339,0.4263554811477661,0.03512868623330663,5.3819605448358185,0.010775862068965518,0.07943850026025914,7.371892824152048
frame_010,frame_003,10,3,5,-7,False,False,791,shopping cart,0.28919438560009847,1.2406562024402659,0.56560218334198,0.43439781665802,0.033578031245985435,5.368505951243442,0.01939655172413793,0.1504308197772703,7.755544486294824
frame_010,frame_004,10,4,5,-6,False,False,835,sundial,0.2359305692348542,1.4442177153986921,0.5948411226272583,0.4051588773727417,0.02307517051597185,5.460235093471123,0.015086206896551725,0.09799839242961654,6.495893441048867
frame_010,frame_005,10,5,5,-5,False,False,835,sundial,0.19069890050324204,1.6570595319758035,0.5394476652145386,0.4605523347854614,0.026107076515885088,5.411047462639893,0.01939655172413793,0.1250607490504978,6.447576395492331
frame_010,frame_006,10,6,5,-4,False,True,835,sundial,0.20080815257349174,1.6054052915231432,0.5334793329238892,0.46652066707611084,0.027491813699582986,5.450402539841597,0.023706896551724137,0.14555390783521507,6.139728475958163
frame_010,frame_007,10,7,5,-3,False,False,835,sundial,0.3116288361384971,1.1659424271026808,0.5832433104515076,0.41675668954849243,0.03776388960476934,5.423887425927575,0.023706896551724137,0.2038296776923961,8.597906404479254
frame_010,frame_008,10,8,5,-2,False,False,835,sundial,0.18773339201489336,1.6727324502271304,0.5629221200942993,0.4370778799057007,0.0326363556450332,5.370540592564669,0.023706896551724137,0.19264800681758165,8.126243196668899
frame_010,frame_009,10,9,5,-1,False,False,510,"container ship, containership, container vessel",0.12155639167532369,2.10737699486108,0.5363771915435791,0.4636228084564209,0.03240551795833987,5.391975327069117,0.02586206896551724,0.1742326463910684,6.736995660454644
frame_010,frame_011,10,11,5,1,False,False,573,go-kart,0.1570752125144134,1.851030527745365,0.5755255222320557,0.42447447776794434,0.04023563869678061,5.331094459706212,0.034482758620689655,0.24031369458159252,6.969097142866183
frame_010,frame_012,10,12,5,2,False,False,573,go-kart,0.17562300081558974,1.7394156222153452,0.6232743263244629,0.3767256736755371,0.02404350687819225,5.40108379901508,0.03879310344827586,0.23394862288271123,6.030675612087667
frame_010,frame_013,10,13,5,3,False,False,573,go-kart,0.31374986051524195,1.1591592331091762,0.6226118803024292,0.3773881196975708,0.023393854422437722,5.459756362076828,0.03879310344827586,0.2427614095140607,6.257849667473565
frame_010,frame_014,10,14,5,4,False,False,912,"worm fence, snake fence, snake-rail fence, Virginia fence",0.4516102172486783,0.794935822408358,0.6702550649642944,0.32974493503570557,0.027175035725296743,5.466683365884593,0.034482758620689655,0.1967941544408171,5.707030478783696
frame_010,frame_015,10,15,5,5,True,False,912,"worm fence, snake fence, snake-rail fence, Virginia fence",0.5791508891089302,0.5461922324086723,0.6961313486099243,0.3038686513900757,0.022514537104917458,5.464554971630848,0.036637931034482756,0.20275004346731682,5.533883539343236
frame_010,frame_016,10,16,5,6,False,False,912,"worm fence, snake fence, snake-rail fence, Virginia fence",0.3546266000372215,1.0366898739500918,0.5739685297012329,0.4260314702987671,0.026240885129608548,5.425749915775665,0.04741379310344827,0.2793035107067215,5.890764953087217
frame_010,frame_017,10,17,5,7,False,False,791,shopping cart,0.22169746882069538,1.5064415795621904,0.5561524629592896,0.44384753704071045,0.023723276217235408,5.4324002617671,0.05387931034482758,0.27751789195063326,5.150732074603754
frame_010,frame_000,10,0,10,-10,False,True,835,sundial,0.23250623265405657,1.4588382471998085,0.5932960510253906,0.4067039489746094,0.05264162615755423,5.004938646003186,0.015086206896551725,0.11903494088553379,7.890316081555382
frame_010,frame_001,10,1,10,-9,False,False,421,"bannister, banister, balustrade, balusters, handrail",0.37845016637184486,0.9716708756132513,0.6741055250167847,0.32589447498321533,0.050046256877336354,4.916340067241606,0.023706896551724137,0.20816503610821285,8.780779704928252
frame_010,frame_002,10,2,10,-8,False,False,421,"bannister, banister, balustrade, balusters, handrail",0.35845623493306056,1.0259487046845517,0.7001522779464722,0.29984772205352783,0.05232931362295439,4.989937666237022,0.010775862068965518,0.13723886173790373,12.735766369277465
frame_010,frame_003,10,3,10,-7,False,False,421,"bannister, banister, balustrade, balusters, handrail",0.4393133190855636,0.8225424095764156,0.7421523928642273,0.2578476071357727,0.05403273464767295,5.0191371048081095,0.01939655172413793,0.15109210093377742,7.789637203696969
frame_010,frame_004,10,4,10,-6,False,False,835,sundial,0.7228303037656676,0.3245807956231744,0.8197274208068848,0.18027257919311523,0.060532226114056675,5.1212341181349395,0.015086206896551725,0.08669149607647103,5.746407739926079
frame_010,frame_005,10,5,10,-5,False,False,835,sundial,0.7585654799784075,0.2763261556685874,0.8479368686676025,0.15206313133239746,0.06144299379806159,5.206286436914808,0.01939655172413793,0.06683519517833132,3.445725618082859
frame_010,frame_006,10,6,10,-4,False,False,835,sundial,0.37756410986302263,0.9740148972603913,0.7419441938400269,0.25805580615997314,0.07207113452916672,5.1129332094217395,0.023706896551724137,0.09110081002685075,3.8427978047689773
frame_010,frame_007,10,7,10,-3,False,False,835,sundial,0.7217806342253932,0.32603401696796497,0.8254615068435669,0.1745384931564331,0.08162747288652826,5.095939992303607,0.023706896551724137,0.1413121510781376,5.960803463659623
frame_010,frame_008,10,8,10,-2,False,False,835,sundial,0.3527472487805627,1.0420034876260138,0.6925798058509827,0.30742019414901733,0.06276096454227997,4.989388791953833,0.023706896551724137,0.1859304016553835,7.842882397099813
frame_010,frame_009,10,9,10,-1,False,False,416,"balance beam, beam",0.648255730270284,0.4334700150030739,0.7944905757904053,0.20550942420959473,0.056514492897712036,4.975521754623407,0.02586206896551724,0.18278016772969677,7.0674998188816085
frame_010,frame_011,10,11,10,1,False,False,421,"bannister, banister, balustrade, balusters, handrail",0.6228520096389929,0.4734463331336176,0.7707735300064087,0.2292264699935913,0.07534928618443892,4.936774675739803,0.034482758620689655,0.27488434728650946,7.971646071308775
frame_010,frame_012,10,12,10,2,True,False,421,"bannister, banister, balustrade, balusters, handrail",0.8459632365683539,0.16727937591309772,0.8906229138374329,0.10937708616256714,0.05946243435654538,5.137421347720466,0.03879310344827586,0.23245745316845168,5.992236570564532
frame_010,frame_013,10,13,10,3,False,False,421,"bannister, banister, balustrade, balusters, handrail",0.8342937220379208,0.18116975392811696,0.8695099353790283,0.13049006462097168,0.032153036261835466,5.218552430814522,0.03879310344827586,0.22895149383383429,5.901860729938839
frame_010,frame_014,10,14,10,4,False,False,421,"bannister, banister, balustrade, balusters, handrail",0.24524956219564184,1.4054789656732556,0.644586443901062,0.355413556098938,0.04242420209653892,5.1222366106113055,0.034482758620689655,0.22211060113048653,6.441207432784109
frame_010,frame_015,10,15,10,5,False,False,912,"worm fence, snake fence, snake-rail fence, Virginia fence",0.2911775764093349,1.2338219697133956,0.6753475666046143,0.32465243339538574,0.040466551057125114,5.187913552387882,0.036637931034482756,0.23837581208990744,6.506257459395121
frame_010,frame_016,10,16,10,6,False,False,416,"balance beam, beam",0.5152762879749611,0.6630520406683766,0.714651346206665,0.28534865379333496,0.0360934766188099,5.211540105855546,0.04741379310344827,0.24517038749038061,5.170866354342573
frame_010,frame_017,10,17,10,7,False,False,416,"balance beam, beam",0.864413765074711,0.14570373004918435,0.887563943862915,0.11243605613708496,0.032884460162419804,5.262158031848845,0.05387931034482758,0.2616970893610455,4.857097978541005
frame_010,frame_000,10,0,20,-10,False,True,421,"bannister, banister, balustrade, balusters, handrail",0.16813503047406134,1.7829878695934083,0.560868501663208,0.439131498336792,0.016409734086951098,5.6601120068528505,0.015086206896551725,0.03972715981278904,2.633343164733445
frame_010,frame_001,10,1,20,-9,False,False,835,sundial,0.186779196574069,1.6778281267657058,0.6041889190673828,0.3958110809326172,0.02113109656813128,5.631920666980426,0.023706896551724137,0.06754317930934148,2.849094109048586
frame_010,frame_002,10,2,20,-8,False,False,835,sundial,0.3054762991920385,1.185883083766127,0.6697975397109985,0.33020246028900146,0.014245931114369023,5.6833059386322615,0.010775862068965518,0.027233009332232133,2.527223266031142
frame_010,frame_003,10,3,20,-7,False,False,421,"bannister, banister, balustrade, balusters, handrail",0.5018149426627155,0.6895238673689907,0.6902049779891968,0.3097950220108032,0.018058959886115264,5.661589981470366,0.01939655172413793,0.034210286655772304,1.7637303342531498
frame_010,frame_004,10,4,20,-6,False,False,835,sundial,0.6357378769752826,0.4529689437169587,0.7735067009925842,0.22649329900741577,0.022484362401381946,5.679560253915036,0.015086206896551725,0.02454972599964376,1.6272961234049579
frame_010,frame_005,10,5,20,-5,False,False,835,sundial,0.6401604697872805,0.44603640001432054,0.7928293943405151,0.20717060565948486,0.019620420737501056,5.6773793008482425,0.01939655172413793,0.026570561434542603,1.369860056180863
frame_010,frame_006,10,6,20,-4,False,False,675,moving van,0.2787710154354131,1.2773645673530705,0.6678293943405151,0.33217060565948486,0.025246301553391387,5.671945057403924,0.023706896551724137,0.029552799168587884,1.2465908012931617
frame_010,frame_007,10,7,20,-3,False,False,835,sundial,0.7333219354600511,0.310170470979102,0.8049387335777283,0.19506126642227173,0.0206043776677908,5.6808445004615145,0.023706896551724137,0.04580453271702479,1.9321184709726822
frame_010,frame_008,10,8,20,-2,False,False,421,"bannister, banister, balustrade, balusters, handrail",0.48613919465874167,0.7212602873259604,0.6922610998153687,0.30773890018463135,0.022007931073636185,5.648370818326457,0.023706896551724137,0.04530105016666222,1.9108806615755702
frame_010,frame_009,10,9,20,-1,False,False,421,"bannister, banister, balustrade, balusters, handrail",0.2700190702672723,1.30926269185846,0.6186428666114807,0.3813571333885193,0.019731165820405155,5.637048687486746,0.02586206896551724,0.04504938011427177,1.7419093644185086
frame_010,frame_011,10,11,20,1,False,False,421,"bannister, banister, balustrade, balusters, handrail",0.6422044600333366,0.44284855242194404,0.7766138315200806,0.22338616847991943,0.029576459255675102,5.649177239229873,0.034482758620689655,0.06988158856194268,2.026566068296338
frame_010,frame_012,10,12,20,2,True,False,421,"bannister, banister, balustrade, balusters, handrail",0.8684405091756188,0.14105619400562475,0.9000714421272278,0.09992855787277222,0.0336396801577972,5.667741623841633,0.03879310344827586,0.0709956559106267,1.8301102412517105
frame_010,frame_013,10,13,20,3,False,False,421,"bannister, banister, balustrade, balusters, handrail",0.7982223309984445,0.22536811006322321,0.8486945033073425,0.15130549669265747,0.033041506963860434,5.703064490734481,0.03879310344827586,0.07602633014009494,1.9597898436113361
frame_010,frame_014,10,14,20,4,False,False,421,"bannister, banister, balustrade, balusters, handrail",0.33957960039867335,1.0800468958466176,0.6879715919494629,0.3120284080505371,0.02916937287641959,5.701241856671532,0.034482758620689655,0.069201962453719,2.006856911157851
frame_010,frame_015,10,15,20,5,False,False,912,"worm fence, snake fence, snake-rail fence, Virginia fence",0.3544061259889903,1.0373117748786225,0.689274251461029,0.31072574853897095,0.027048718821094764,5.725857411584126,0.036637931034482756,0.07991592855693268,2.1812347559068685
frame_010,frame_016,10,16,20,6,False,False,471,cannon,0.2519118234676317,1.3786761595768855,0.6398072242736816,0.36019277572631836,0.03158959757060044,5.716328060079833,0.04741379310344827,0.07891098977949197,1.6643045117129216
frame_010,frame_017,10,17,20,7,False,False,416,"balance beam, beam",0.23688030179480743,1.4402003211487169,0.6630918979644775,0.33690810203552246,0.0180302022652273,5.74855640464278,0.05387931034482758,0.0832325511581103,1.5447961494945273
frame_010,frame_000,10,0,30,-10,False,True,835,sundial,0.27242568404647705,1.3003894211689504,0.569024920463562,0.430975079536438,0.03048826554895889,5.363060212914107,0.015086206896551725,0.009289569356654691,0.6157657402125395
frame_010,frame_001,10,1,30,-9,False,False,835,sundial,0.25560264503452934,1.3641312081968966,0.5697537660598755,0.4302462339401245,0.03037179421813965,5.320898734599583,0.023706896551724137,0.024012088541791553,1.012873553035571
frame_010,frame_002,10,2,30,-8,False,False,835,sundial,0.32380290062050965,1.1276202797166204,0.6313382387161255,0.3686617612838745,0.023978142501954472,5.396644278446985,0.010775862068965518,0.008587634171787536,0.7969324511418833
frame_010,frame_003,10,3,30,-7,False,False,421,"bannister, banister, balustrade, balusters, handrail",0.3493917728971768,1.0515614279326786,0.6306904554367065,0.36930954456329346,0.02689159308686025,5.438225682604218,0.01939655172413793,0.012190767536695872,0.6285017930029871
frame_010,frame_004,10,4,30,-6,False,False,835,sundial,0.8093472027828037,0.2115272787361393,0.8488396406173706,0.1511603593826294,0.029333972780527014,5.411443736609813,0.015086206896551725,0.0056828777456899805,0.3766936105714501
frame_010,frame_005,10,5,30,-5,False,False,835,sundial,0.830829571339205,0.1853305938013894,0.8619233965873718,0.13807660341262817,0.03425830913236411,5.4000907921289105,0.01939655172413793,0.004171324178131041,0.21505493540586698
frame_010,frame_006,10,6,30,-4,False,False,835,sundial,0.3603318635707619,1.0207298289164102,0.6445415616035461,0.35545843839645386,0.029976036922944337,5.428400899088588,0.023706896551724137,0.008798803647461531,0.37114953567474096
frame_010,frame_007,10,7,30,-3,False,False,835,sundial,0.7263445414281675,0.3197308017624989,0.8086420297622681,0.19135797023773193,0.024266162747093523,5.458924230933706,0.023706896551724137,0.014297877675947144,0.6031104765126796
frame_010,frame_008,10,8,30,-2,False,False,835,sundial,0.2467696011484238,1.3993001665452063,0.626466691493988,0.37353330850601196,0.03448982136131057,5.405127568474095,0.023706896551724137,0.009502849842441439,0.40084748426298433
frame_010,frame_009,10,9,30,-1,False,False,416,"balance beam, beam",0.20589020228991448,1.580412250879447,0.5804343223571777,0.41956567764282227,0.035046938627124706,5.4091471107637865,0.02586206896551724,0.015626400861883306,0.6042208333261545
frame_010,frame_011,10,11,30,1,False,False,421,"bannister, banister, balustrade, balusters, handrail",0.7149072775242163,0.3356024264818518,0.7892047762870789,0.21079522371292114,0.020169183826794543,5.481026903376969,0.034482758620689655,0.02367809998888739,0.6866648996777344
frame_010,frame_012,10,12,30,2,False,False,421,"bannister, banister, balustrade, balusters, handrail",0.8422429119814562,0.17168681230647964,0.8837282061576843,0.11627179384231567,0.05166002746419469,5.347082560142243,0.03879310344827586,0.06557900027152862,1.690480895888293
frame_010,frame_013,10,13,30,3,True,False,421,"bannister, banister, balustrade, balusters, handrail",0.8428693083151603,0.17094336465354487,0.8848204016685486,0.11517959833145142,0.04821302455304726,5.247131371218124,0.03879310344827586,0.06131762566250687,1.5806321281890658
frame_010,frame_014,10,14,30,4,False,False,421,"bannister, banister, balustrade, balusters, handrail",0.31085504004461156,1.1684285846468678,0.6604878902435303,0.3395121097564697,0.03156248465111425,5.350999444945459,0.034482758620689655,0.01022815591810301,0.2966165216249873
frame_010,frame_015,10,15,30,5,False,False,612,"jinrikisha, ricksha, rickshaw",0.4426606265656394,0.8149518825134963,0.7234472036361694,0.27655279636383057,0.030769128004739958,5.381365222182569,0.036637931034482756,0.014120033709859635,0.38539386125734537
frame_010,frame_016,10,16,30,6,False,False,912,"worm fence, snake fence, snake-rail fence, Virginia fence",0.18317299818755486,1.6973242274109752,0.5946180820465088,0.4053819179534912,0.028367833553565074,5.316470811147145,0.04741379310344827,0.02431307737348114,0.5127849046043296
frame_010,frame_017,10,17,30,7,False,False,612,"jinrikisha, ricksha, rickshaw",0.2234241775706098,1.498683172730252,0.6773041486740112,0.32269585132598877,0.032392762281104555,5.270737748224138,0.05387931034482758,0.01922906009618681,0.35689135538522726
frame_010,frame_000,10,0,40,-10,False,False,835,sundial,0.41413559501970093,0.8815618345789895,0.6720808744430542,0.3279191255569458,0.08958026768764975,4.389197974494969,0.015086206896551725,0.3343057721663814,22.15969689788585
frame_010,frame_001,10,1,40,-9,False,False,835,sundial,0.5012578517667124,0.6906346361115494,0.6979684829711914,0.3020315170288086,0.11407299270301086,4.237400230376725,0.023706896551724137,0.40196100074942404,16.955445849793886
frame_010,frame_002,10,2,40,-8,False,False,835,sundial,0.49448158282819765,0.704245372640858,0.707770824432373,0.29222917556762695,0.19270111421522876,4.125194082613595,0.010775862068965518,0.30009826335498,27.849118839342143
frame_010,frame_003,10,3,40,-7,False,False,835,sundial,0.43151551426798357,0.8404518148338846,0.6686115264892578,0.3313884735107422,0.07802928088692114,4.446737919354693,0.01939655172413793,0.32785625216919173,16.902811222944994
frame_010,frame_004,10,4,40,-6,False,False,835,sundial,0.8941529767404104,0.11187840352495204,0.9053211212158203,0.09467887878417969,0.05379542417898309,4.600936572033509,0.015086206896551725,0.2203043295136216,14.603029842045775
frame_010,frame_005,10,5,40,-5,True,False,835,sundial,0.8876427731299287,0.11918589943862523,0.9141285419464111,0.08587145805358887,0.054604952157603005,4.786874825361869,0.01939655172413793,0.21894391228022753,11.287775033113952
frame_010,frame_006,10,6,40,-4,False,False,835,sundial,0.41567707926327385,0.8778465719312614,0.713974118232727,0.28602588176727295,0.0861042368947965,4.8126289869579555,0.023706896551724137,0.27816268030524083,11.733407605602887
frame_010,frame_007,10,7,40,-3,False,False,835,sundial,0.8581187313512435,0.15301280753975943,0.8957337141036987,0.10426628589630127,0.06767905424454881,4.677535949050325,0.023706896551724137,0.3443509411821003,14.525348791681322
frame_010,frame_008,10,8,40,-2,False,False,835,sundial,0.32193486603550686,1.1334060332918003,0.6587939262390137,0.34120607376098633,0.1154216905573352,4.199730067017744,0.023706896551724137,0.42092837765738766,17.755524293911627
frame_010,frame_009,10,9,40,-1,False,False,416,"balance beam, beam",0.5704703229853771,0.5612941303400216,0.7172695398330688,0.28273046016693115,0.08727701651988415,4.442502418074587,0.02586206896551724,0.3452572929145649,13.349948659363177
frame_010,frame_011,10,11,40,1,False,False,421,"bannister, banister, balustrade, balusters, handrail",0.6923046102329351,0.3677292320209875,0.7896678447723389,0.21033215522766113,0.12362828686022621,4.166098149214555,0.034482758620689655,0.5002555789826654,14.507411790497295
frame_010,frame_012,10,12,40,2,False,False,421,"bannister, banister, balustrade, balusters, handrail",0.7924011691439251,0.23268748871218015,0.856245219707489,0.143754780292511,0.06298431802087513,4.387201623028828,0.03879310344827586,0.3774254463141352,9.729189282764374
frame_010,frame_013,10,13,40,3,False,False,421,"bannister, banister, balustrade, balusters, handrail",0.7801067838020617,0.2483244663584302,0.8505700826644897,0.14942991733551025,0.06233755897665535,4.560716404340308,0.03879310344827586,0.447240913930674,11.528876892435152
frame_010,frame_014,10,14,40,4,False,True,912,"worm fence, snake fence, snake-rail fence, Virginia fence",0.2813214934776703,1.26825715873489,0.6578179597854614,0.3421820402145386,0.06486403748285015,4.557235183375785,0.034482758620689655,0.4008425522027373,11.624434013879382
frame_010,frame_015,10,15,40,5,False,False,912,"worm fence, snake fence, snake-rail fence, Virginia fence",0.33798530227459755,1.0847528688392738,0.7093948125839233,0.29060518741607666,0.06384706464659468,4.582529636814437,0.036637931034482756,0.43528743576580575,11.880786482078465
frame_010,frame_016,10,16,40,6,False,False,416,"balance beam, beam",0.2348951300749897,1.4486161194394174,0.6672160625457764,0.33278393745422363,0.1915663436975026,4.149632407301786,0.04741379310344827,0.601128696112606,12.678350681647691
frame_010,frame_017,10,17,40,7,False,False,416,"balance beam, beam",0.5355137808251828,0.624528654924652,0.7981758117675781,0.20182418823242188,0.0979309532965469,4.527849615975,0.05387931034482758,0.5431716874682077,10.081266519409935
frame_010,frame_000,10,0,50,-10,False,False,835,sundial,0.19406110671210702,1.6395821864634579,0.6338486671447754,0.3661513328552246,0.03837976263846681,4.839252046792613,0.015086206896551725,0.10501039138118066,6.960688800123975
frame_010,frame_001,10,1,50,-9,False,False,471,cannon,0.33315473296171444,1.0991482333756775,0.6695095300674438,0.33049046993255615,0.0448218209341834,4.737607833239917,0.023706896551724137,0.13955190686316388,5.886553162228004
frame_010,frame_002,10,2,50,-8,False,False,471,cannon,0.3136927089069615,1.1593414063031027,0.6858621835708618,0.3141378164291382,0.0386165747354294,4.8993235817855565,0.010775862068965518,0.05810996432478458,5.392604689340009
frame_010,frame_003,10,3,50,-7,False,True,421,"bannister, banister, balustrade, balusters, handrail",0.22990428682968633,1.4700922008897317,0.6222542524337769,0.37774574756622314,0.035673603867877296,4.935709004122174,0.01939655172413793,0.1171295857940705,6.038680867605412
frame_010,frame_004,10,4,50,-6,False,False,835,sundial,0.8622134355431528,0.14825243392905207,0.8927087783813477,0.10729122161865234,0.03177764998629959,5.05124004398192,0.015086206896551725,0.03312795572236153,2.19591020788225
frame_010,frame_005,10,5,50,-5,False,False,835,sundial,0.9179978389321465,0.08556024246883309,0.933074951171875,0.066925048828125,0.06808262141251421,4.9465338181139344,0.01939655172413793,0.029397984085412977,1.5156294017368468
frame_010,frame_006,10,6,50,-4,False,False,835,sundial,0.33867691325157534,1.0827086843054126,0.7286574244499207,0.27134257555007935,0.07552149269579077,4.955486977803302,0.023706896551724137,0.05733562680046058,2.41852098503761
frame_010,frame_007,10,7,50,-3,False,False,835,sundial,0.8135777015425791,0.2063138417735919,0.8813696503639221,0.11863034963607788,0.058153748648580174,4.985751902341017,0.023706896551724137,0.13725666035474637,5.789735491327484
frame_010,frame_008,10,8,50,-2,False,False,835,sundial,0.27249739892244207,1.300126210163139,0.7117897272109985,0.28821027278900146,0.05321327554719855,5.024010133960598,0.023706896551724137,0.12590084439457155,5.310726527189201
frame_010,frame_009,10,9,50,-1,False,False,416,"balance beam, beam",0.6837632276475824,0.38014357969620605,0.7975637912750244,0.20243620872497559,0.044764416691490505,4.977814238161346,0.02586206896551724,0.13713283842538668,5.302469752448285
frame_010,frame_011,10,11,50,1,False,False,421,"bannister, banister, balustrade, balusters, handrail",0.699575542220462,0.3572814961107973,0.8118842840194702,0.18811571598052979,0.05353637826068518,4.908673173458664,0.034482758620689655,0.19490881018936307,5.652355495491529
frame_010,frame_012,10,12,50,2,True,False,421,"bannister, banister, balustrade, balusters, handrail",0.9279659889472076,0.07476019670892942,0.9357255101203918,0.06427448987960815,0.03729527085262085,5.102899317436353,0.03879310344827586,0.15442084905580153,3.980626331216217
frame_010,frame_013,10,13,50,3,False,False,421,"bannister, banister, balustrade, balusters, handrail",0.8817728367743367,0.1258208108258705,0.8994880318641663,0.10051196813583374,0.05690379519690733,5.08902002070381,0.03879310344827586,0.13720593116514485,3.536864003368178
frame_010,frame_014,10,14,50,4,False,False,912,"worm fence, snake fence, snake-rail fence, Virginia fence",0.22780530407661753,1.479263944321695,0.6400886178016663,0.35991138219833374,0.07190002565066307,5.058650855529196,0.034482758620689655,0.09799604659194326,2.8418853511663547
frame_010,frame_015,10,15,50,5,False,False,912,"worm fence, snake fence, snake-rail fence, Virginia fence",0.38930068308847143,0.9434032697089786,0.7088626027107239,0.2911373972892761,0.047920611180725034,5.078626850624383,0.036637931034482756,0.11792566865738566,3.2186770739427617
frame_010,frame_016,10,16,50,6,False,False,416,"balance beam, beam",0.3743695289956357,0.9825119239203445,0.6734764575958252,0.3265235424041748,0.04137039930567145,5.185771309976453,0.04741379310344827,0.11852347224846345,2.499767778331229
frame_010,frame_017,10,17,50,7,False,False,416,"balance beam, beam",0.5947444999422818,0.5196233775218942,0.7788784503936768,0.22112154960632324,0.028855200622161466,5.157343967165394,0.05387931034482758,0.13570600091956472,2.5187033770671214
frame_011,frame_000,11,0,5,-11,False,False,791,shopping cart,0.3929778623810357,0.9340019985187071,0.6119171380996704,0.3880828619003296,0.03687075923362544,5.212284320218136,0.015086206896551725,0.16810706838884665,11.14309710463212
frame_011,frame_001,11,1,5,-10,False,False,791,shopping cart,0.40629182547548853,0.9006835956211067,0.6115250587463379,0.3884749412536621,0.03575487844562145,5.2103824736127144,0.023706896551724137,0.18998109327684135,8.013747934586762
frame_011,frame_002,11,2,5,-9,False,False,791,shopping cart,0.289790483567422,1.2385970875663328,0.5736445188522339,0.4263554811477661,0.03761425975487263,5.3149845650113825,0.010775862068965518,0.08367726507384518,7.765250198852832
frame_011,frame_003,11,3,5,-8,False,False,791,shopping cart,0.28919438560009847,1.2406562024402659,0.56560218334198,0.43439781665802,0.035863918081293314,5.306161989778919,0.01939655172413793,0.15913613803919668,8.204352005576363
frame_011,frame_004,11,4,5,-7,False,False,835,sundial,0.2359305692348542,1.4442177153986921,0.5948411226272583,0.4051588773727417,0.02388576615261827,5.409889437854577,0.015086206896551725,0.10303617688072741,6.829826581808217
frame_011,frame_005,11,5,5,-6,False,False,835,sundial,0.19069890050324204,1.6570595319758035,0.5394476652145386,0.4605523347854614,0.02972489435004617,5.359510914409723,0.01939655172413793,0.13410141621947874,6.913673013982015
frame_011,frame_006,11,6,5,-5,False,True,835,sundial,0.20080815257349174,1.6054052915231432,0.5334793329238892,0.46652066707611084,0.028796098820859973,5.406038760047521,0.023706896551724137,0.1543595103935792,6.511164802056432
frame_011,frame_007,11,7,5,-4,False,False,835,sundial,0.3116288361384971,1.1659424271026808,0.5832433104515076,0.41675668954849243,0.03777786708586448,5.373862850541852,0.023706896551724137,0.21676119649113404,9.143381379262381
frame_011,frame_008,11,8,5,-3,False,False,835,sundial,0.18773339201489336,1.6727324502271304,0.5629221200942993,0.4370778799057007,0.03532555299073331,5.310112041828269,0.023706896551724137,0.20692387153849764,8.72842512671481
frame_011,frame_009,11,9,5,-2,False,False,510,"container ship, containership, container vessel",0.12155639167532369,2.10737699486108,0.5363771915435791,0.4636228084564209,0.032895687622997924,5.327519463786004,0.02586206896551724,0.1862281222414794,7.200820726670536
frame_011,frame_010,11,10,5,-1,False,False,510,"container ship, containership, container vessel",0.14000769397045865,1.9660579009510621,0.5583903789520264,0.44160962104797363,0.0344068938858285,5.365059161985375,0.028017241379310345,0.1645192191027886,5.872070589514916
frame_011,frame_012,11,12,5,1,False,False,573,go-kart,0.17562300081558974,1.7394156222153452,0.6232743263244629,0.3767256736755371,0.02632708077734961,5.341381212688981,0.03879310344827586,0.24729752122030838,6.374780547012393
frame_011,frame_013,11,13,5,2,False,False,573,go-kart,0.31374986051524195,1.1591592331091762,0.6226118803024292,0.3773881196975708,0.024506680645824903,5.408535128215139,0.03879310344827586,0.258456811546979,6.662442253211014
frame_011,frame_014,11,14,5,3,False,False,912,"worm fence, snake fence, snake-rail fence, Virginia fence",0.4516102172486783,0.794935822408358,0.6702550649642944,0.32974493503570557,0.03119937544057647,5.409371736819375,0.034482758620689655,0.20853836062358205,6.047612458083879
frame_011,frame_015,11,15,5,4,True,False,912,"worm fence, snake fence, snake-rail fence, Virginia fence",0.5791508891089302,0.5461922324086723,0.6961313486099243,0.3038686513900757,0.02425440196803405,5.409800047058037,0.036637931034482756,0.21850908829918878,5.964012762989624
frame_011,frame_016,11,16,5,5,False,False,912,"worm fence, snake fence, snake-rail fence, Virginia fence",0.3546266000372215,1.0366898739500918,0.5739685297012329,0.4260314702987671,0.029302090237989242,5.363463204569778,0.04741379310344827,0.29758058457017866,6.276245056389223
frame_011,frame_017,11,17,5,6,False,False,791,shopping cart,0.22169746882069538,1.5064415795621904,0.5561524629592896,0.44384753704071045,0.024387614611484348,5.3788544282247335,0.05387931034482758,0.2914343736474533,5.409021974896733
frame_011,frame_000,11,0,10,-11,False,True,835,sundial,0.23250623265405657,1.4588382471998085,0.5932960510253906,0.4067039489746094,0.054646964759830816,4.920990172462025,0.015086206896551725,0.13114005521086172,8.692712231119977
frame_011,frame_001,11,1,10,-10,False,False,421,"bannister, banister, balustrade, balusters, handrail",0.37845016637184486,0.9716708756132513,0.6741055250167847,0.32589447498321533,0.052460611706092425,4.815295477284932,0.023706896551724137,0.230217030812919,9.710972936108584
frame_011,frame_002,11,2,10,-9,False,False,421,"bannister, banister, balustrade, balusters, handrail",0.35845623493306056,1.0259487046845517,0.7001522779464722,0.29984772205352783,0.05360553377505903,4.90007115542484,0.010775862068965518,0.1525459949823285,14.156268334360083
frame_011,frame_003,11,3,10,-8,False,False,421,"bannister, banister, balustrade, balusters, handrail",0.4393133190855636,0.8225424095764156,0.7421523928642273,0.2578476071357727,0.05436967690972487,4.940709246467608,0.01939655172413793,0.1667791834750693,8.598393459159128
frame_011,frame_004,11,4,10,-7,False,False,835,sundial,0.7228303037656676,0.3245807956231744,0.8197274208068848,0.18027257919311523,0.06076657506299609,5.063163709021676,0.015086206896551725,0.10030854380639803,6.649023475166955
frame_011,frame_005,11,5,10,-6,False,False,835,sundial,0.7585654799784075,0.2763261556685874,0.8479368686676025,0.15206313133239746,0.06257239080887855,5.165713908908828,0.01939655172413793,0.07542492304007851,3.88857381006627
frame_011,frame_006,11,6,10,-5,False,False,835,sundial,0.37756410986302263,0.9740148972603913,0.7419441938400269,0.25805580615997314,0.07084000775233884,5.071319086100917,0.023706896551724137,0.10343487687754037,4.363071170107157
frame_011,frame_007,11,7,10,-4,False,False,835,sundial,0.7217806342253932,0.32603401696796497,0.8254615068435669,0.1745384931564331,0.08097856536808618,5.056345067746828,0.023706896551724137,0.15499136263960656,6.537817478616131
frame_011,frame_008,11,8,10,-3,False,False,835,sundial,0.3527472487805627,1.0420034876260138,0.6925798058509827,0.30742019414901733,0.0633821336956349,4.903448004892033,0.023706896551724137,0.19655971451591636,8.291246139580473
frame_011,frame_009,11,9,10,-2,False,False,416,"balance beam, beam",0.648255730270284,0.4334700150030739,0.7944905757904053,0.20550942420959473,0.06028778086426797,4.888675862651798,0.02586206896551724,0.19505464187443994,7.542112819145011
frame_011,frame_010,11,10,10,-1,False,False,416,"balance beam, beam",0.6233759681751054,0.4726054619987803,0.8036707639694214,0.1963292360305786,0.06131324389642674,4.92142273711783,0.028017241379310345,0.18852293364311207,6.728818554646462
frame_011,frame_012,11,12,10,1,True,False,421,"bannister, banister, balustrade, balusters, handrail",0.8459632365683539,0.16727937591309772,0.8906229138374329,0.10937708616256714,0.06931493403082378,5.049545958732089,0.03879310344827586,0.25279040997275787,6.516375012631092
frame_011,frame_013,11,13,10,2,False,False,421,"bannister, banister, balustrade, balusters, handrail",0.8342937220379208,0.18116975392811696,0.8695099353790283,0.13049006462097168,0.038264188659912,5.144543043720941,0.03879310344827586,0.24901690842963928,6.419102528408479
frame_011,frame_014,11,14,10,3,False,False,421,"bannister, banister, balustrade, balusters, handrail",0.24524956219564184,1.4054789656732556,0.644586443901062,0.355413556098938,0.046570628699001825,5.0508020694658375,0.034482758620689655,0.2420439796818439,7.019275410773473
frame_011,frame_015,11,15,10,4,False,False,912,"worm fence, snake fence, snake-rail fence, Virginia fence",0.2911775764093349,1.2338219697133956,0.6753475666046143,0.32465243339538574,0.03987683760747983,5.122590573834265,0.036637931034482756,0.2579873830559375,7.041537984585589
frame_011,frame_016,11,16,10,5,False,False,416,"balance beam, beam",0.5152762879749611,0.6630520406683766,0.714651346206665,0.28534865379333496,0.04555668344531341,5.130333135541371,0.04741379310344827,0.27398107657030824,5.778509978573774
frame_011,frame_017,11,17,10,6,False,False,416,"balance beam, beam",0.864413765074711,0.14570373004918435,0.887563943862915,0.11243605613708496,0.03456442477414831,5.1877264372269,0.05387931034482758,0.29036572287687773,5.389187816594851
frame_011,frame_000,11,0,20,-11,False,True,421,"bannister, banister, balustrade, balusters, handrail",0.16813503047406134,1.7829878695934083,0.560868501663208,0.439131498336792,0.020357304989526592,5.599400014990055,0.015086206896551725,0.04211512202675546,2.7916309457735045
frame_011,frame_001,11,1,20,-10,False,False,835,sundial,0.186779196574069,1.6778281267657058,0.6041889190673828,0.3958110809326172,0.026129508586890924,5.5647273193946525,0.023706896551724137,0.06924299656630026,2.9207954915239385
frame_011,frame_002,11,2,20,-9,False,False,835,sundial,0.3054762991920385,1.185883083766127,0.6697975397109985,0.33020246028900146,0.01719015283203438,5.619815656483061,0.010775862068965518,0.027518617772291594,2.5537277292686595
frame_011,frame_003,11,3,20,-8,False,False,421,"bannister, banister, balustrade, balusters, handrail",0.5018149426627155,0.6895238673689907,0.6902049779891968,0.3097950220108032,0.021056916575427635,5.597876456801275,0.01939655172413793,0.03574744925210195,1.842979605886145
frame_011,frame_004,11,4,20,-7,False,False,835,sundial,0.6357378769752826,0.4529689437169587,0.7735067009925842,0.22649329900741577,0.022036494559812162,5.622168251974711,0.015086206896551725,0.02432975368479682,1.6127151013922463
frame_011,frame_005,11,5,20,-6,False,False,835,sundial,0.6401604697872805,0.44603640001432054,0.7928293943405151,0.20717060565948486,0.018974354240410198,5.626355515008631,0.01939655172413793,0.025831200918626188,1.33174191402695
frame_011,frame_006,11,6,20,-5,False,False,675,moving van,0.2787710154354131,1.2773645673530705,0.6678293943405151,0.33217060565948486,0.024694165125778048,5.616684920568995,0.023706896551724137,0.028440472276223053,1.1996708305606816
frame_011,frame_007,11,7,20,-4,False,False,835,sundial,0.7333219354600511,0.310170470979102,0.8049387335777283,0.19506126642227173,0.019967753456776757,5.618877444298416,0.023706896551724137,0.04708321734063086,1.98605571327752
frame_011,frame_008,11,8,20,-3,False,False,421,"bannister, banister, balustrade, balusters, handrail",0.48613919465874167,0.7212602873259604,0.6922610998153687,0.30773890018463135,0.02226738470905495,5.580592091986118,0.023706896551724137,0.047263195405152864,1.9936475152719026
frame_011,frame_009,11,9,20,-2,False,False,421,"bannister, banister, balustrade, balusters, handrail",0.2700190702672723,1.30926269185846,0.6186428666114807,0.3813571333885193,0.02305249491071681,5.551929824916815,0.02586206896551724,0.04670796676270651,1.8060413814913185
frame_011,frame_010,11,10,20,-1,False,False,421,"bannister, banister, balustrade, balusters, handrail",0.3571780814064835,1.0295207941064197,0.6853224039077759,0.3146775960922241,0.032456371597946176,5.5203679889888555,0.028017241379310345,0.06731907080701603,2.4027729888042644
frame_011,frame_012,11,12,20,1,True,False,421,"bannister, banister, balustrade, balusters, handrail",0.8684405091756188,0.14105619400562475,0.9000714421272278,0.09992855787277222,0.04077131282816803,5.5905631916556775,0.03879310344827586,0.07421233361019164,1.913029044173829
frame_011,frame_013,11,13,20,2,False,False,421,"bannister, banister, balustrade, balusters, handrail",0.7982223309984445,0.22536811006322321,0.8486945033073425,0.15130549669265747,0.040541741950544205,5.63294232935055,0.03879310344827586,0.08236294893888287,2.1231337948689806
frame_011,frame_014,11,14,20,3,False,False,421,"bannister, banister, balustrade, balusters, handrail",0.33957960039867335,1.0800468958466176,0.6879715919494629,0.3120284080505371,0.03478537532990727,5.6344884596707505,0.034482758620689655,0.07452588459581574,2.161250653278657
frame_011,frame_015,11,15,20,4,False,False,912,"worm fence, snake fence, snake-rail fence, Virginia fence",0.3544061259889903,1.0373117748786225,0.689274251461029,0.31072574853897095,0.0326684086543834,5.665245859297431,0.036637931034482756,0.08615695099334587,2.351577956524264
frame_011,frame_016,11,16,20,5,False,False,471,cannon,0.2519118234676317,1.3786761595768855,0.6398072242736816,0.36019277572631836,0.037501986527939554,5.657805222193685,0.04741379310344827,0.08180991290665052,1.7254454358493565
frame_011,frame_017,11,17,20,6,False,False,416,"balance beam, beam",0.23688030179480743,1.4402003211487169,0.6630918979644775,0.33690810203552246,0.020668679932453426,5.685774608516131,0.05387931034482758,0.08528202090903717,1.58283430807173
frame_011,frame_000,11,0,30,-11,False,True,835,sundial,0.27242568404647705,1.3003894211689504,0.569024920463562,0.430975079536438,0.030057458184758825,5.267929508276466,0.015086206896551725,0.00937047029617355,0.6211283167749324
frame_011,frame_001,11,1,30,-10,False,False,835,sundial,0.25560264503452934,1.3641312081968966,0.5697537660598755,0.4302462339401245,0.03235137027653425,5.219975233312247,0.023706896551724137,0.02424052971549845,1.0225096170901165
frame_011,frame_002,11,2,30,-9,False,False,835,sundial,0.32380290062050965,1.1276202797166204,0.6313382387161255,0.3686617612838745,0.02611302056990649,5.302558139158317,0.010775862068965518,0.011275299174442206,1.0463477633882368
frame_011,frame_003,11,3,30,-8,False,False,421,"bannister, banister, balustrade, balusters, handrail",0.3493917728971768,1.0515614279326786,0.6306904554367065,0.36930954456329346,0.02736270786009158,5.343230892589631,0.01939655172413793,0.012591686499974653,0.6491713928875821
frame_011,frame_004,11,4,30,-7,False,False,835,sundial,0.8093472027828037,0.2115272787361393,0.8488396406173706,0.1511603593826294,0.02760045622296777,5.331334604441617,0.015086206896551725,0.007086198506572557,0.46971372957852375
frame_011,frame_005,11,5,30,-6,False,False,835,sundial,0.830829571339205,0.1853305938013894,0.8619233965873718,0.13807660341262817,0.033648729319903335,5.308660143488327,0.01939655172413793,0.004571663004150749,0.23569462599177196
frame_011,frame_006,11,6,30,-5,False,False,835,sundial,0.3603318635707619,1.0207298289164102,0.6445415616035461,0.35545843839645386,0.030008266857422916,5.336499079964059,0.023706896551724137,0.008687174282432859,0.3664408060953497
frame_011,frame_007,11,7,30,-4,False,False,835,sundial,0.7263445414281675,0.3197308017624989,0.8086420297622681,0.19135797023773193,0.026088206121637807,5.3687764577761286,0.023706896551724137,0.01267777582407323,0.5347716347609072
frame_011,frame_008,11,8,30,-3,False,False,835,sundial,0.2467696011484238,1.3993001665452063,0.626466691493988,0.37353330850601196,0.03294061885659756,5.327672078820501,0.023706896551724137,0.009949156350606942,0.41967350424378375
frame_011,frame_009,11,9,30,-2,False,False,416,"balance beam, beam",0.20589020228991448,1.580412250879447,0.5804343223571777,0.41956567764282227,0.03690774699769859,5.31534000301874,0.02586206896551724,0.01710610891419364,0.6614362113488207
frame_011,frame_010,11,10,30,-1,False,False,421,"bannister, banister, balustrade, balusters, handrail",0.2835220700406989,1.2604653103762913,0.6886866092681885,0.3113133907318115,0.03477142789836642,5.327534477185561,0.028017241379310345,0.021172521376282775,0.7556961475842467
frame_011,frame_012,11,12,30,1,False,False,421,"bannister, banister, balustrade, balusters, handrail",0.8422429119814562,0.17168681230647964,0.8837282061576843,0.11627179384231567,0.05584653387388028,5.256602593453236,0.03879310344827586,0.06956846362882181,1.7933203957651844
frame_011,frame_013,11,13,30,2,True,False,421,"bannister, banister, balustrade, balusters, handrail",0.8428693083151603,0.17094336465354487,0.8848204016685486,0.11517959833145142,0.04984591154920508,5.171642242857933,0.03879310344827586,0.06265950958705019,1.615222913799516
frame_011,frame_014,11,14,30,3,False,False,421,"bannister, banister, balustrade, balusters, handrail",0.31085504004461156,1.1684285846468678,0.6604878902435303,0.3395121097564697,0.030653508749580335,5.288754390400067,0.034482758620689655,0.010937030588106491,0.31717388705508825
frame_011,frame_015,11,15,30,4,False,False,612,"jinrikisha, ricksha, rickshaw",0.4426606265656394,0.8149518825134963,0.7234472036361694,0.27655279636383057,0.028181030035442898,5.340152818059355,0.036637931034482756,0.014739665971603103,0.4023061771072847
frame_011,frame_016,11,16,30,5,False,False,912,"worm fence, snake fence, snake-rail fence, Virginia fence",0.18317299818755486,1.6973242274109752,0.5946180820465088,0.4053819179534912,0.03473440574161266,5.256705413099536,0.04741379310344827,0.022807530511921137,0.48103155261506403
frame_011,frame_017,11,17,30,6,False,False,612,"jinrikisha, ricksha, rickshaw",0.2234241775706098,1.498683172730252,0.6773041486740112,0.32269585132598877,0.03650952875526173,5.2224535232516605,0.05387931034482758,0.01934227411355771,0.3589926075476311
frame_011,frame_000,11,0,40,-11,False,False,835,sundial,0.41413559501970093,0.8815618345789895,0.6720808744430542,0.3279191255569458,0.10039117251070248,4.170136992426414,0.015086206896551725,0.36136673946513065,23.953452444545803
frame_011,frame_001,11,1,40,-10,False,False,835,sundial,0.5012578517667124,0.6906346361115494,0.6979684829711914,0.3020315170288086,0.12734879800785567,4.028546144515774,0.023706896551724137,0.43037243884040205,18.153891965631505
frame_011,frame_002,11,2,40,-9,False,False,835,sundial,0.49448158282819765,0.704245372640858,0.707770824432373,0.29222917556762695,0.2111786008036738,3.931141987185398,0.010775862068965518,0.3217043159766564,29.85416052263371
frame_011,frame_003,11,3,40,-8,False,False,835,sundial,0.43151551426798357,0.8404518148338846,0.6686115264892578,0.3313884735107422,0.07420733491514198,4.291116222298663,0.01939655172413793,0.3398050028730704,17.518835703678295
frame_011,frame_004,11,4,40,-7,False,False,835,sundial,0.8941529767404104,0.11187840352495204,0.9053211212158203,0.09467887878417969,0.06187325093445286,4.44105856777657,0.015086206896551725,0.23939077564371442,15.868188556954783
frame_011,frame_005,11,5,40,-6,True,False,835,sundial,0.8876427731299287,0.11918589943862523,0.9141285419464111,0.08587145805358887,0.06621894124486873,4.6440688496435065,0.01939655172413793,0.2414425774131091,12.44770621329807
frame_011,frame_006,11,6,40,-5,False,False,835,sundial,0.41567707926327385,0.8778465719312614,0.713974118232727,0.28602588176727295,0.08886480900331291,4.667697652317429,0.023706896551724137,0.30464368082215815,12.850424354680126
frame_011,frame_007,11,7,40,-4,False,False,835,sundial,0.8581187313512435,0.15301280753975943,0.8957337141036987,0.10426628589630127,0.08311043893476602,4.4816299682480105,0.023706896551724137,0.37388790336031563,15.771271559926042
frame_011,frame_008,11,8,40,-3,False,False,835,sundial,0.32193486603550686,1.1334060332918003,0.6587939262390137,0.34120607376098633,0.12563402763027373,3.999186287951383,0.023706896551724137,0.4542406645712337,19.16069712373204
frame_011,frame_009,11,9,40,-2,False,False,416,"balance beam, beam",0.5704703229853771,0.5612941303400216,0.7172695398330688,0.28273046016693115,0.0894892877408686,4.2019009167103905,0.02586206896551724,0.3746185065358838,14.485248919387507
frame_011,frame_010,11,10,40,-1,False,False,416,"balance beam, beam",0.5936044387008297,0.5215421095611861,0.784339189529419,0.21566081047058105,0.11653928552292057,4.38398841936907,0.028017241379310345,0.34886842431374776,12.451919144736843
frame_011,frame_012,11,12,40,1,False,False,421,"bannister, banister, balustrade, balusters, handrail",0.7924011691439251,0.23268748871218015,0.856245219707489,0.143754780292511,0.06158960264782042,4.267544415661619,0.03879310344827586,0.3926976851204157,10.122873660881826
frame_011,frame_013,11,13,40,2,False,False,421,"bannister, banister, balustrade, balusters, handrail",0.7801067838020617,0.2483244663584302,0.8505700826644897,0.14942991733551025,0.060952150526873326,4.381726406503705,0.03879310344827586,0.4786722082218422,12.33910581194082
frame_011,frame_014,11,14,40,3,False,True,912,"worm fence, snake fence, snake-rail fence, Virginia fence",0.2813214934776703,1.26825715873489,0.6578179597854614,0.3421820402145386,0.07811789368814998,4.342166858340842,0.034482758620689655,0.4403245452166757,12.769411811283595
frame_011,frame_015,11,15,40,4,False,False,912,"worm fence, snake fence, snake-rail fence, Virginia fence",0.33798530227459755,1.0847528688392738,0.7093948125839233,0.29060518741607666,0.08126331129275123,4.3426961807300195,0.036637931034482756,0.4840071455543086,13.210547972776425
frame_011,frame_016,11,16,40,5,False,False,416,"balance beam, beam",0.2348951300749897,1.4486161194394174,0.6672160625457764,0.33278393745422363,0.20571605251445063,3.9860535344268238,0.04741379310344827,0.6268392375674218,13.22060937414926
frame_011,frame_017,11,17,40,6,False,False,416,"balance beam, beam",0.5355137808251828,0.624528654924652,0.7981758117675781,0.20182418823242188,0.11440854341990722,4.360939952901663,0.05387931034482758,0.5818591464667,10.799305758421953
frame_011,frame_000,11,0,50,-11,False,False,835,sundial,0.19406110671210702,1.6395821864634579,0.6338486671447754,0.3661513328552246,0.032885405897858454,4.796438651396935,0.015086206896551725,0.10541751522196022,6.987675294712791
frame_011,frame_001,11,1,50,-10,False,False,471,cannon,0.33315473296171444,1.0991482333756775,0.6695095300674438,0.33049046993255615,0.05697404176780971,4.687109949378075,0.023706896551724137,0.1453397128353908,6.1306933414201215
frame_011,frame_002,11,2,50,-9,False,False,471,cannon,0.3136927089069615,1.1593414063031027,0.6858621835708618,0.3141378164291382,0.04041621918596729,4.863332244641727,0.010775862068965518,0.06829971404216165,6.3382134631126
frame_011,frame_003,11,3,50,-8,False,True,421,"bannister, banister, balustrade, balusters, handrail",0.22990428682968633,1.4700922008897317,0.6222542524337769,0.37774574756622314,0.04426358684060522,4.880122439970991,0.01939655172413793,0.11754883779292043,6.060295637323898
frame_011,frame_004,11,4,50,-7,False,False,835,sundial,0.8622134355431528,0.14825243392905207,0.8927087783813477,0.10729122161865234,0.03332417812553576,5.010470498569536,0.015086206896551725,0.0390820254291557,2.590579971304035
frame_011,frame_005,11,5,50,-6,False,False,835,sundial,0.9179978389321465,0.08556024246883309,0.933074951171875,0.066925048828125,0.07362661586911536,4.901627157949543,0.01939655172413793,0.03380082605932498,1.742620365725199
frame_011,frame_006,11,6,50,-5,False,False,835,sundial,0.33867691325157534,1.0827086843054126,0.7286574244499207,0.27134257555007935,0.08426207309606772,4.880042068528278,0.023706896551724137,0.060014320460959864,2.5315131539895797
frame_011,frame_007,11,7,50,-4,False,False,835,sundial,0.8135777015425791,0.2063138417735919,0.8813696503639221,0.11863034963607788,0.05802668299124141,4.901861287944156,0.023706896551724137,0.1442345593431641,6.084075957748013
frame_011,frame_008,11,8,50,-3,False,False,835,sundial,0.27249739892244207,1.300126210163139,0.7117897272109985,0.28821027278900146,0.07385157652044183,4.882452628080171,0.023706896551724137,0.14722154903373932,6.2100726137868225
frame_011,frame_009,11,9,50,-2,False,False,416,"balance beam, beam",0.6837632276475824,0.38014357969620605,0.7975637912750244,0.20243620872497559,0.046063833425415514,4.889100306542414,0.02586206896551724,0.14595264781356884,5.643502382124662
frame_011,frame_010,11,10,50,-1,False,False,416,"balance beam, beam",0.44009697162765277,0.8207601862893052,0.7814599275588989,0.21854007244110107,0.04238902350653158,4.9589037830120475,0.028017241379310345,0.10478122037376912,3.739883557956067
frame_011,frame_012,11,12,50,1,True,False,421,"bannister, banister, balustrade, balusters, handrail",0.9279659889472076,0.07476019670892942,0.9357255101203918,0.06427448987960815,0.04189923458596185,5.02079942365089,0.03879310344827586,0.16556462132983055,4.267888016502298
frame_011,frame_013,11,13,50,2,False,False,421,"bannister, banister, balustrade, balusters, handrail",0.8817728367743367,0.1258208108258705,0.8994880318641663,0.10051196813583374,0.06623161603825926,5.006706582531862,0.03879310344827586,0.14244362730964114,3.671880170648527
frame_011,frame_014,11,14,50,3,False,False,912,"worm fence, snake fence, snake-rail fence, Virginia fence",0.22780530407661753,1.479263944321695,0.6400886178016663,0.35991138219833374,0.08705206293531696,4.959045962329176,0.034482758620689655,0.10394107503996235,3.014291176158908
frame_011,frame_015,11,15,50,4,False,False,912,"worm fence, snake fence, snake-rail fence, Virginia fence",0.38930068308847143,0.9434032697089786,0.7088626027107239,0.2911373972892761,0.05474387135020369,5.004972747132616,0.036637931034482756,0.13668593910065988,3.7307221025121287
frame_011,frame_016,11,16,50,5,False,False,416,"balance beam, beam",0.3743695289956357,0.9825119239203445,0.6734764575958252,0.3265235424041748,0.04599122702475166,5.097657628373781,0.04741379310344827,0.1372214639380297,2.894125421238445
frame_011,frame_017,11,17,50,6,False,False,416,"balance beam, beam",0.5947444999422818,0.5196233775218942,0.7788784503936768,0.22112154960632324,0.0330087251948493,5.080389237498229,0.05387931034482758,0.1472155018412203,2.7323197141730486
frame_012,frame_000,12,0,5,-12,False,False,791,shopping cart,0.3929778623810357,0.9340019985187071,0.6119171380996704,0.3880828619003296,0.03752657418731987,5.220160135262855,0.015086206896551725,0.1675275680291477,11.104684509360647
frame_012,frame_001,12,1,5,-11,False,False,791,shopping cart,0.40629182547548853,0.9006835956211067,0.6115250587463379,0.3884749412536621,0.03600120587962013,5.220191132124796,0.023706896551724137,0.1891757377478846,7.979776574092587
frame_012,frame_002,12,2,5,-10,False,False,791,shopping cart,0.289790483567422,1.2385970875663328,0.5736445188522339,0.4263554811477661,0.038128133272447594,5.326875946135694,0.010775862068965518,0.08416337063517204,7.810360794943965
frame_012,frame_003,12,3,5,-9,False,False,791,shopping cart,0.28919438560009847,1.2406562024402659,0.56560218334198,0.43439781665802,0.03543530401615613,5.318691366657296,0.01939655172413793,0.1570394652518661,8.096256875207319
frame_012,frame_004,12,4,5,-8,False,False,835,sundial,0.2359305692348542,1.4442177153986921,0.5948411226272583,0.4051588773727417,0.022960601392048287,5.429588817457358,0.015086206896551725,0.1017876650053055,6.747068080351679
frame_012,frame_005,12,5,5,-7,False,False,835,sundial,0.19069890050324204,1.6570595319758035,0.5394476652145386,0.4605523347854614,0.030077605891059508,5.374546692850843,0.01939655172413793,0.1335046555713822,6.882906687235704
frame_012,frame_006,12,6,5,-6,False,True,835,sundial,0.20080815257349174,1.6054052915231432,0.5334793329238892,0.46652066707611084,0.029094662552661674,5.418737845745341,0.023706896551724137,0.1523590187530787,6.426780427402592
frame_012,frame_007,12,7,5,-5,False,False,835,sundial,0.3116288361384971,1.1659424271026808,0.5832433104515076,0.41675668954849243,0.03819267443773865,5.389356768140403,0.023706896551724137,0.21215573001976906,8.949114429924805
frame_012,frame_008,12,8,5,-4,False,False,835,sundial,0.18773339201489336,1.6727324502271304,0.5629221200942993,0.4370778799057007,0.03643434159026438,5.32870832996838,0.023706896551724137,0.20195304154558671,8.518746479741113
frame_012,frame_009,12,9,5,-3,False,False,510,"container ship, containership, container vessel",0.12155639167532369,2.10737699486108,0.5363771915435791,0.4636228084564209,0.03201918712710777,5.341877950144159,0.02586206896551724,0.18281573147532656,7.068874950379294
frame_012,frame_010,12,10,5,-2,False,False,510,"container ship, containership, container vessel",0.14000769397045865,1.9660579009510621,0.5583903789520264,0.44160962104797363,0.03473163717918388,5.378916030207016,0.028017241379310345,0.1611723487472519,5.752613062978837
frame_012,frame_011,12,11,5,-1,False,False,573,go-kart,0.1570752125144134,1.851030527745365,0.5755255222320557,0.42447447776794434,0.045783445626317226,5.271755457106191,0.034482758620689655,0.25421695253700605,7.372291623573175
frame_012,frame_013,12,13,5,1,False,False,573,go-kart,0.31374986051524195,1.1591592331091762,0.6226118803024292,0.3773881196975708,0.0247018526141918,5.424871816840877,0.03879310344827586,0.252907819709444,6.519401574732334
frame_012,frame_014,12,14,5,2,False,False,912,"worm fence, snake fence, snake-rail fence, Virginia fence",0.4516102172486783,0.794935822408358,0.6702550649642944,0.32974493503570557,0.029268687403979803,5.426388971731116,0.034482758620689655,0.20458238278207624,5.932889100680211
frame_012,frame_015,12,15,5,3,True,False,912,"worm fence, snake fence, snake-rail fence, Virginia fence",0.5791508891089302,0.5461922324086723,0.6961313486099243,0.3038686513900757,0.023951928848074573,5.4204025044397355,0.036637931034482756,0.21266810521924026,5.804588283631029
frame_012,frame_016,12,16,5,4,False,False,912,"worm fence, snake fence, snake-rail fence, Virginia fence",0.3546266000372215,1.0366898739500918,0.5739685297012329,0.4260314702987671,0.03010455547687979,5.368188064298105,0.04741379310344827,0.2927616671655918,6.174609707492483
frame_012,frame_017,12,17,5,5,False,False,791,shopping cart,0.22169746882069538,1.5064415795621904,0.5561524629592896,0.44384753704071045,0.02351297468160566,5.390353803558131,0.05387931034482758,0.28496250419969665,5.28890407794637
frame_012,frame_000,12,0,10,-12,False,True,835,sundial,0.23250623265405657,1.4588382471998085,0.5932960510253906,0.4067039489746094,0.05854245144538887,4.980425699452967,0.015086206896551725,0.11424241728238496,7.572640231289517
frame_012,frame_001,12,1,10,-11,False,False,421,"bannister, banister, balustrade, balusters, handrail",0.37845016637184486,0.9716708756132513,0.6741055250167847,0.32589447498321533,0.04594758487977221,4.889407869907661,0.023706896551724137,0.21092770763291657,8.89731421287939
frame_012,frame_002,12,2,10,-10,False,False,421,"bannister, banister, balustrade, balusters, handrail",0.35845623493306056,1.0259487046845517,0.7001522779464722,0.29984772205352783,0.046968635175870216,4.982536637250247,0.010775862068965518,0.14186915011488016,13.165457130660878
frame_012,frame_003,12,3,10,-9,False,False,421,"bannister, banister, balustrade, balusters, handrail",0.4393133190855636,0.8225424095764156,0.7421523928642273,0.2578476071357727,0.05885983287037463,5.005829606516256,0.01939655172413793,0.14468817098867873,7.459479037638547
frame_012,frame_004,12,4,10,-8,False,False,835,sundial,0.7228303037656676,0.3245807956231744,0.8197274208068848,0.18027257919311523,0.06602063189000257,5.110342250041314,0.015086206896551725,0.08259137010732732,5.474627961399983
frame_012,frame_005,12,5,10,-7,False,False,835,sundial,0.7585654799784075,0.2763261556685874,0.8479368686676025,0.15206313133239746,0.06380209215304851,5.185552657520814,0.01939655172413793,0.057873698803236534,2.98371069385575
frame_012,frame_006,12,6,10,-6,False,False,835,sundial,0.37756410986302263,0.9740148972603913,0.7419441938400269,0.25805580615997314,0.0742700179576093,5.103609174241588,0.023706896551724137,0.08187139265391961,3.453484199219882
frame_012,frame_007,12,7,10,-5,False,False,835,sundial,0.7217806342253932,0.32603401696796497,0.8254615068435669,0.1745384931564331,0.08507622069017488,5.0882280189268405,0.023706896551724137,0.12660033122615774,5.340232153539745
frame_012,frame_008,12,8,10,-4,False,False,835,sundial,0.3527472487805627,1.0420034876260138,0.6925798058509827,0.30742019414901733,0.06526938053513716,4.98751306528235,0.023706896551724137,0.17035681939277816,7.185960381659006
frame_012,frame_009,12,9,10,-3,False,False,416,"balance beam, beam",0.648255730270284,0.4334700150030739,0.7944905757904053,0.20550942420959473,0.055035118458889566,4.9786161902918336,0.02586206896551724,0.16836136995125403,6.509972971448489
frame_012,frame_010,12,10,10,-2,False,False,416,"balance beam, beam",0.6233759681751054,0.4726054619987803,0.8036707639694214,0.1963292360305786,0.057078774022933994,5.009238478809929,0.028017241379310345,0.16250442080826666,5.800157788848902
frame_012,frame_011,12,11,10,-1,False,False,421,"bannister, banister, balustrade, balusters, handrail",0.6228520096389929,0.4734463331336176,0.7707735300064087,0.2292264699935913,0.06890711912906168,4.923559128364088,0.034482758620689655,0.2690385122708178,7.802116855853717
frame_012,frame_013,12,13,10,1,False,False,421,"bannister, banister, balustrade, balusters, handrail",0.8342937220379208,0.18116975392811696,0.8695099353790283,0.13049006462097168,0.03322060042222761,5.210798031665949,0.03879310344827586,0.21229221167623952,5.472421456543063
frame_012,frame_014,12,14,10,2,False,False,421,"bannister, banister, balustrade, balusters, handrail",0.24524956219564184,1.4054789656732556,0.644586443901062,0.355413556098938,0.04971728124308783,5.120808877524972,0.034482758620689655,0.20648525866942752,5.988072501413398
frame_012,frame_015,12,15,10,3,False,False,912,"worm fence, snake fence, snake-rail fence, Virginia fence",0.2911775764093349,1.2338219697133956,0.6753475666046143,0.32465243339538574,0.04485529360574843,5.182840982706343,0.036637931034482756,0.22697045156531287,6.194958207429717
frame_012,frame_016,12,16,10,4,False,False,416,"balance beam, beam",0.5152762879749611,0.6630520406683766,0.714651346206665,0.28534865379333496,0.041773333824603257,5.187798172597846,0.04741379310344827,0.235757333743495,4.972336493499167
frame_012,frame_017,12,17,10,5,True,False,416,"balance beam, beam",0.864413765074711,0.14570373004918435,0.887563943862915,0.11243605613708496,0.02951784134426698,5.2441931047007895,0.05387931034482758,0.2504419429083441,4.648202460378867
frame_012,frame_000,12,0,20,-12,False,True,421,"bannister, banister, balustrade, balusters, handrail",0.16813503047406134,1.7829878695934083,0.560868501663208,0.439131498336792,0.016896823518428108,5.612103055502519,0.015086206896551725,0.032981001961921455,2.186169272904508
frame_012,frame_001,12,1,20,-11,False,False,835,sundial,0.186779196574069,1.6778281267657058,0.6041889190673828,0.3958110809326172,0.02034862940212147,5.5876941574298415,0.023706896551724137,0.05679334223394361,2.395646436049985
frame_012,frame_002,12,2,20,-10,False,False,835,sundial,0.3054762991920385,1.185883083766127,0.6697975397109985,0.33020246028900146,0.01550963490055311,5.626405891367561,0.010775862068965518,0.021198786837793356,1.9672474185472233
frame_012,frame_003,12,3,20,-9,False,False,421,"bannister, banister, balustrade, balusters, handrail",0.5018149426627155,0.6895238673689907,0.6902049779891968,0.3097950220108032,0.01942326518606544,5.6097390705457855,0.01939655172413793,0.027086658765059037,1.396467740776377
frame_012,frame_004,12,4,20,-8,False,False,835,sundial,0.6357378769752826,0.4529689437169587,0.7735067009925842,0.22649329900741577,0.026201737849020114,5.605053096508982,0.015086206896551725,0.017578938961116432,1.1652325254225748
frame_012,frame_005,12,5,20,-7,False,False,835,sundial,0.6401604697872805,0.44603640001432054,0.7928293943405151,0.20717060565948486,0.020192284130693093,5.616613023102545,0.01939655172413793,0.01775833156160946,0.9155406493985321
frame_012,frame_006,12,6,20,-6,False,False,675,moving van,0.2787710154354131,1.2773645673530705,0.6678293943405151,0.33217060565948486,0.026931973097399652,5.605794084800929,0.023706896551724137,0.020589506893367165,0.8685028362293059
frame_012,frame_007,12,7,20,-5,False,False,835,sundial,0.7333219354600511,0.310170470979102,0.8049387335777283,0.19506126642227173,0.01979280285190473,5.6157691617484735,0.023706896551724137,0.03258425673840062,1.3744631933288989
frame_012,frame_008,12,8,20,-4,False,False,421,"bannister, banister, balustrade, balusters, handrail",0.48613919465874167,0.7212602873259604,0.6922610998153687,0.30773890018463135,0.022835532098392734,5.573859388769831,0.023706896551724137,0.0341282940531381,1.4395934946050981
frame_012,frame_009,12,9,20,-3,False,False,421,"bannister, banister, balustrade, balusters, handrail",0.2700190702672723,1.30926269185846,0.6186428666114807,0.3813571333885193,0.02500990212340112,5.553186931291215,0.02586206896551724,0.03347074312469522,1.294202067488215
frame_012,frame_010,12,10,20,-2,False,False,421,"bannister, banister, balustrade, balusters, handrail",0.3571780814064835,1.0295207941064197,0.6853224039077759,0.3146775960922241,0.03285509344431463,5.544892309901788,0.028017241379310345,0.05252976756560228,1.8749086269568813
frame_012,frame_011,12,11,20,-1,False,False,421,"bannister, banister, balustrade, balusters, handrail",0.6422044600333366,0.44284855242194404,0.7766138315200806,0.22338616847991943,0.03609191974253147,5.577716255013365,0.034482758620689655,0.05755800307169062,1.669182089079028
frame_012,frame_013,12,13,20,1,True,False,421,"bannister, banister, balustrade, balusters, handrail",0.7982223309984445,0.22536811006322321,0.8486945033073425,0.15130549669265747,0.03854045191140932,5.631721653698561,0.03879310344827586,0.060445604278190186,1.5581533547266804
frame_012,frame_014,12,14,20,2,False,False,421,"bannister, banister, balustrade, balusters, handrail",0.33957960039867335,1.0800468958466176,0.6879715919494629,0.3120284080505371,0.033486172674069885,5.62840658325698,0.034482758620689655,0.05402685394792146,1.5667787644897224
frame_012,frame_015,12,15,20,3,False,False,912,"worm fence, snake fence, snake-rail fence, Virginia fence",0.3544061259889903,1.0373117748786225,0.689274251461029,0.31072574853897095,0.03044034325009041,5.651632322736415,0.036637931034482756,0.06920494025834811,1.888887781169031
frame_012,frame_016,12,16,20,4,False,False,471,cannon,0.2519118234676317,1.3786761595768855,0.6398072242736816,0.36019277572631836,0.03523524056441163,5.639312044098935,0.04741379310344827,0.06231935992129195,1.3143719547036121
frame_012,frame_017,12,17,20,5,False,False,416,"balance beam, beam",0.23688030179480743,1.4402003211487169,0.6630918979644775,0.33690810203552246,0.0207745578075104,5.660248334620968,0.05387931034482758,0.06429910804414239,1.1933914452992829
frame_012,frame_000,12,0,30,-12,False,True,835,sundial,0.27242568404647705,1.3003894211689504,0.569024920463562,0.430975079536438,0.026766208662440387,5.299858277085062,0.015086206896551725,0.0063467672678352936,0.42070000175365374
frame_012,frame_001,12,1,30,-11,False,False,835,sundial,0.25560264503452934,1.3641312081968966,0.5697537660598755,0.4302462339401245,0.030566228534804483,5.261478247569602,0.023706896551724137,0.019542947894251372,0.8243570748120579
frame_012,frame_002,12,2,30,-10,False,False,835,sundial,0.32380290062050965,1.1276202797166204,0.6313382387161255,0.3686617612838745,0.028876649592221058,5.335383733345734,0.010775862068965518,0.00822402982691237,0.7631899679374679
frame_012,frame_003,12,3,30,-9,False,False,421,"bannister, banister, balustrade, balusters, handrail",0.3493917728971768,1.0515614279326786,0.6306904554367065,0.36930954456329346,0.028219267143496794,5.379367605995337,0.01939655172413793,0.008514021551293622,0.4389451110889156
frame_012,frame_004,12,4,30,-8,False,False,835,sundial,0.8093472027828037,0.2115272787361393,0.8488396406173706,0.1511603593826294,0.025540424140452104,5.370851758122544,0.015086206896551725,0.003846322530689929,0.2549562363200181
frame_012,frame_005,12,5,30,-7,False,False,835,sundial,0.830829571339205,0.1853305938013894,0.8619233965873718,0.13807660341262817,0.033123314273489426,5.341508158464587,0.01939655172413793,0.0026451539730180116,0.1363723826089286
frame_012,frame_006,12,6,30,-6,False,False,835,sundial,0.3603318635707619,1.0207298289164102,0.6445415616035461,0.35545843839645386,0.027471682691912223,5.360868108261949,0.023706896551724137,0.005705026052075265,0.24064837165117484
frame_012,frame_007,12,7,30,-5,False,False,835,sundial,0.7263445414281675,0.3197308017624989,0.8086420297622681,0.19135797023773193,0.02583914442237477,5.387630717123987,0.023706896551724137,0.00896390424738123,0.3781137791622628
frame_012,frame_008,12,8,30,-4,False,False,835,sundial,0.2467696011484238,1.3993001665452063,0.626466691493988,0.37353330850601196,0.030518267093646276,5.340596187350011,0.023706896551724137,0.007245902795296395,0.30564535427432066
frame_012,frame_009,12,9,30,-3,False,False,416,"balance beam, beam",0.20589020228991448,1.580412250879447,0.5804343223571777,0.41956567764282227,0.031252269154724586,5.321627682353904,0.02586206896551724,0.011630568880112255,0.44971533003100717
frame_012,frame_010,12,10,30,-2,False,False,421,"bannister, banister, balustrade, balusters, handrail",0.2835220700406989,1.2604653103762913,0.6886866092681885,0.3113133907318115,0.03397553843044394,5.353332594218742,0.028017241379310345,0.01776332622491238,0.6340141052584111
frame_012,frame_011,12,11,30,-1,False,False,421,"bannister, banister, balustrade, balusters, handrail",0.7149072775242163,0.3356024264818518,0.7892047762870789,0.21079522371292114,0.02032706503195032,5.412103935312725,0.034482758620689655,0.01628680838694309,0.47231744322134955
frame_012,frame_013,12,13,30,1,True,False,421,"bannister, banister, balustrade, balusters, handrail",0.8428693083151603,0.17094336465354487,0.8848204016685486,0.11517959833145142,0.05156518911741933,5.179327304945811,0.03879310344827586,0.061818248617260665,1.5935370754671638
frame_012,frame_014,12,14,30,2,False,False,421,"bannister, banister, balustrade, balusters, handrail",0.31085504004461156,1.1684285846468678,0.6604878902435303,0.3395121097564697,0.02975598204120947,5.301708356281434,0.034482758620689655,0.008010531767508395,0.23230542125774345
frame_012,frame_015,12,15,30,3,False,False,612,"jinrikisha, ricksha, rickshaw",0.4426606265656394,0.8149518825134963,0.7234472036361694,0.27655279636383057,0.02743166507630619,5.3491661943574735,0.036637931034482756,0.010147363969512513,0.2769633459914004
frame_012,frame_016,12,16,30,4,False,False,912,"worm fence, snake fence, snake-rail fence, Virginia fence",0.18317299818755486,1.6973242274109752,0.5946180820465088,0.4053819179534912,0.031050827505138545,5.284402437950986,0.04741379310344827,0.01809611621931594,0.381663542080118
frame_012,frame_017,12,17,30,5,False,False,612,"jinrikisha, ricksha, rickshaw",0.2234241775706098,1.498683172730252,0.6773041486740112,0.32269585132598877,0.031940334422679136,5.25456188314411,0.05387931034482758,0.016345666966787773,0.3033755789035811
frame_012,frame_000,12,0,40,-12,False,False,835,sundial,0.41413559501970093,0.8815618345789895,0.6720808744430542,0.3279191255569458,0.08939565436428201,4.414312627725332,0.015086206896551725,0.32609346133165973,21.615338008270015
frame_012,frame_001,12,1,40,-11,False,False,835,sundial,0.5012578517667124,0.6906346361115494,0.6979684829711914,0.3020315170288086,0.1135003268565426,4.258922105469002,0.023706896551724137,0.3923658509208814,16.550704984299
frame_012,frame_002,12,2,40,-10,False,False,835,sundial,0.49448158282819765,0.704245372640858,0.707770824432373,0.29222917556762695,0.19031220227290152,4.20193323864239,0.010775862068965518,0.29666941195196683,27.53092142914252
frame_012,frame_003,12,3,40,-9,False,False,835,sundial,0.43151551426798357,0.8404518148338846,0.6686115264892578,0.3313884735107422,0.0648019833663172,4.542712031928453,0.01939655172413793,0.3100671250204301,15.985682889942174
frame_012,frame_004,12,4,40,-8,False,False,835,sundial,0.8941529767404104,0.11187840352495204,0.9053211212158203,0.09467887878417969,0.050179310160792676,4.715272365358834,0.015086206896551725,0.21361885320521776,14.159878269603006
frame_012,frame_005,12,5,40,-7,True,False,835,sundial,0.8876427731299287,0.11918589943862523,0.9141285419464111,0.08587145805358887,0.053846031434141656,4.865975753568492,0.01939655172413793,0.21112191679743303,10.884507710445435
frame_012,frame_006,12,6,40,-6,False,False,835,sundial,0.41567707926327385,0.8778465719312614,0.713974118232727,0.28602588176727295,0.07290381914726983,4.905785917260904,0.023706896551724137,0.26164630483343637,11.036716858428589
frame_012,frame_007,12,7,40,-5,False,False,835,sundial,0.8581187313512435,0.15301280753975943,0.8957337141036987,0.10426628589630127,0.0593543348994497,4.751943847077893,0.023706896551724137,0.32421563752154553,13.676005073636103
frame_012,frame_008,12,8,40,-4,False,False,835,sundial,0.32193486603550686,1.1334060332918003,0.6587939262390137,0.34120607376098633,0.12415590695758912,4.237573317113535,0.023706896551724137,0.4061443437335542,17.13190686294265
frame_012,frame_009,12,9,40,-3,False,False,416,"balance beam, beam",0.5704703229853771,0.5612941303400216,0.7172695398330688,0.28273046016693115,0.08346680589093583,4.480450771295638,0.02586206896551724,0.3383511804274101,13.082912309859857
frame_012,frame_010,12,10,40,-2,False,False,416,"balance beam, beam",0.5936044387008297,0.5215421095611861,0.784339189529419,0.21566081047058105,0.0997969660697107,4.628383974414325,0.028017241379310345,0.3139561161512011,11.205818299550563
frame_012,frame_011,12,11,40,-1,False,False,421,"bannister, banister, balustrade, balusters, handrail",0.6923046102329351,0.3677292320209875,0.7896678447723389,0.21033215522766113,0.10663231963236985,4.244234174932661,0.034482758620689655,0.47044940484992176,13.643032740647731
frame_012,frame_013,12,13,40,1,False,False,421,"bannister, banister, balustrade, balusters, handrail",0.7801067838020617,0.2483244663584302,0.8505700826644897,0.14942991733551025,0.059295107625270314,4.6355216136294315,0.03879310344827586,0.42784259109034123,11.028831236995462
frame_012,frame_014,12,14,40,2,False,True,912,"worm fence, snake fence, snake-rail fence, Virginia fence",0.2813214934776703,1.26825715873489,0.6578179597854614,0.3421820402145386,0.06196504865494537,4.6463228504886915,0.034482758620689655,0.3838607913568155,11.131962949347649
frame_012,frame_015,12,15,40,3,False,False,912,"worm fence, snake fence, snake-rail fence, Virginia fence",0.33798530227459755,1.0847528688392738,0.7093948125839233,0.29060518741607666,0.062170691684975646,4.643182331330301,0.036637931034482756,0.42236010916256567,11.527946508907675
frame_012,frame_016,12,16,40,4,False,False,416,"balance beam, beam",0.2348951300749897,1.4486161194394174,0.6672160625457764,0.33278393745422363,0.1778739732717686,4.282006358269656,0.04741379310344827,0.575523862214418,12.13832145761318
frame_012,frame_017,12,17,40,5,False,False,416,"balance beam, beam",0.5355137808251828,0.624528654924652,0.7981758117675781,0.20182418823242188,0.09031796309389287,4.642557192388254,0.05387931034482758,0.5196211062546117,9.644167732085593
frame_012,frame_000,12,0,50,-12,False,False,835,sundial,0.19406110671210702,1.6395821864634579,0.6338486671447754,0.3661513328552246,0.038157687011381704,4.831363020821369,0.015086206896551725,0.09499900077784595,6.297076622988646
frame_012,frame_001,12,1,50,-11,False,False,471,cannon,0.33315473296171444,1.0991482333756775,0.6695095300674438,0.33049046993255615,0.05671795447282032,4.745818372220288,0.023706896551724137,0.13043305743037187,5.501903513426595
frame_012,frame_002,12,2,50,-10,False,False,471,cannon,0.3136927089069615,1.1593414063031027,0.6858621835708618,0.3141378164291382,0.03194805969393269,4.915114888738215,0.010775862068965518,0.061413958470030186,5.699215346018801
frame_012,frame_003,12,3,50,-9,False,True,421,"bannister, banister, balustrade, balusters, handrail",0.22990428682968633,1.4700922008897317,0.6222542524337769,0.37774574756622314,0.04625400921438194,4.9307397014559315,0.01939655172413793,0.1016428315648852,5.240252649567415
frame_012,frame_004,12,4,50,-8,False,False,835,sundial,0.8622134355431528,0.14825243392905207,0.8927087783813477,0.10729122161865234,0.030497027630882273,5.0428824677715145,0.015086206896551725,0.03152890394208794,2.0899159184469718
frame_012,frame_005,12,5,50,-7,True,False,835,sundial,0.9179978389321465,0.08556024246883309,0.933074951171875,0.066925048828125,0.07174233157403265,4.942748238360411,0.01939655172413793,0.03090697619798998,1.5934263284297057
frame_012,frame_006,12,6,50,-6,False,False,835,sundial,0.33867691325157534,1.0827086843054126,0.7286574244499207,0.27134257555007935,0.07519933531590908,4.9291213756641366,0.023706896551724137,0.05567517374122086,2.348480055993316
frame_012,frame_007,12,7,50,-5,False,False,835,sundial,0.8135777015425791,0.2063138417735919,0.8813696503639221,0.11863034963607788,0.05282906097653534,4.958922825688354,0.023706896551724137,0.13379632820603019,5.643772389781637
frame_012,frame_008,12,8,50,-4,False,False,835,sundial,0.27249739892244207,1.300126210163139,0.7117897272109985,0.28821027278900146,0.060328364061232306,4.971616489110438,0.023706896551724137,0.13717153743204394,5.786144851678944
frame_012,frame_009,12,9,50,-3,False,False,416,"balance beam, beam",0.6837632276475824,0.38014357969620605,0.7975637912750244,0.20243620872497559,0.04745823242368324,4.974496922381862,0.02586206896551724,0.13202162614184115,5.104836210817858
frame_012,frame_010,12,10,50,-2,False,False,416,"balance beam, beam",0.44009697162765277,0.8207601862893052,0.7814599275588989,0.21854007244110107,0.04310411710290182,5.040068372871552,0.028017241379310345,0.08784888370679736,3.1355293876887673
frame_012,frame_011,12,11,50,-1,False,False,421,"bannister, banister, balustrade, balusters, handrail",0.699575542220462,0.3572814961107973,0.8118842840194702,0.18811571598052979,0.06289568427421577,4.891285816788409,0.034482758620689655,0.18075484239503223,5.2418904294559345
frame_012,frame_013,12,13,50,1,False,False,421,"bannister, banister, balustrade, balusters, handrail",0.8817728367743367,0.1258208108258705,0.8994880318641663,0.10051196813583374,0.06295594485218504,5.077692870248241,0.03879310344827586,0.13046544247424907,3.363109183780643
frame_012,frame_014,12,14,50,2,False,False,912,"worm fence, snake fence, snake-rail fence, Virginia fence",0.22780530407661753,1.479263944321695,0.6400886178016663,0.35991138219833374,0.08137808863544484,5.028947026508123,0.034482758620689655,0.0936664035777965,2.7163257037560986
frame_012,frame_015,12,15,50,3,False,False,912,"worm fence, snake fence, snake-rail fence, Virginia fence",0.38930068308847143,0.9434032697089786,0.7088626027107239,0.2911373972892761,0.05585104656639237,5.0493210745630055,0.036637931034482756,0.1204567597094223,3.2877609708924678
frame_012,frame_016,12,16,50,4,False,False,416,"balance beam, beam",0.3743695289956357,0.9825119239203445,0.6734764575958252,0.3265235424041748,0.0525842634681594,5.1715277851343595,0.04741379310344827,0.12322856866404631,2.5990025390962495
frame_012,frame_017,12,17,50,5,False,False,416,"balance beam, beam",0.5947444999422818,0.5196233775218942,0.7788784503936768,0.22112154960632324,0.0319020715075547,5.154639342178594,0.05387931034482758,0.13161759297207903,2.442822525561787
frame_013,frame_000,13,0,5,-13,False,False,791,shopping cart,0.3929778623810357,0.9340019985187071,0.6119171380996704,0.3880828619003296,0.03741005380235333,5.221040424744382,0.015086206896551725,0.1695481569566169,11.238620689695749
frame_013,frame_001,13,1,5,-12,False,False,791,shopping cart,0.40629182547548853,0.9006835956211067,0.6115250587463379,0.3884749412536621,0.03612389031697859,5.227210811541461,0.023706896551724137,0.18694535211980434,7.8856948530535655
frame_013,frame_002,13,2,5,-11,False,False,791,shopping cart,0.289790483567422,1.2385970875663328,0.5736445188522339,0.4263554811477661,0.036806434633683126,5.333984014627793,0.010775862068965518,0.08150010376461864,7.563209629356609
frame_013,frame_003,13,3,5,-10,False,False,791,shopping cart,0.28919438560009847,1.2406562024402659,0.56560218334198,0.43439781665802,0.036389153078069406,5.320045939451331,0.01939655172413793,0.1572503915716521,8.107131298805175
frame_013,frame_004,13,4,5,-9,False,False,835,sundial,0.2359305692348542,1.4442177153986921,0.5948411226272583,0.4051588773727417,0.023321647396051356,5.423417304508957,0.015086206896551725,0.10218524740676582,6.7734221138199056
frame_013,frame_005,13,5,5,-8,False,False,835,sundial,0.19069890050324204,1.6570595319758035,0.5394476652145386,0.4605523347854614,0.029638336759852186,5.37689217024711,0.01939655172413793,0.1328267864715375,6.847958769199267
frame_013,frame_006,13,6,5,-7,False,True,835,sundial,0.20080815257349174,1.6054052915231432,0.5334793329238892,0.46652066707611084,0.02946809827273085,5.422462081099971,0.023706896551724137,0.15391321420132495,6.492339217219525
frame_013,frame_007,13,7,5,-6,False,False,835,sundial,0.3116288361384971,1.1659424271026808,0.5832433104515076,0.41675668954849243,0.03772439435947841,5.387732413185756,0.023706896551724137,0.21499757240562706,9.06898850874645
frame_013,frame_008,13,8,5,-5,False,False,835,sundial,0.18773339201489336,1.6727324502271304,0.5629221200942993,0.4370778799057007,0.03408534124505146,5.338444686813247,0.023706896551724137,0.20157855361646315,8.502949898003537
frame_013,frame_009,13,9,5,-4,False,False,510,"container ship, containership, container vessel",0.12155639167532369,2.10737699486108,0.5363771915435791,0.4636228084564209,0.03359999465433072,5.35000333411333,0.02586206896551724,0.18375010813594916,7.105004181256701
frame_013,frame_010,13,10,5,-3,False,False,510,"container ship, containership, container vessel",0.14000769397045865,1.9660579009510621,0.5583903789520264,0.44160962104797363,0.033669911789216585,5.376983594747996,0.028017241379310345,0.16514001630232325,5.89422827417523
frame_013,frame_011,13,11,5,-2,False,False,573,go-kart,0.1570752125144134,1.851030527745365,0.5755255222320557,0.42447447776794434,0.043777190200749334,5.275020117258945,0.034482758620689655,0.2548805103400483,7.391534799861401
frame_013,frame_012,13,12,5,-1,False,False,573,go-kart,0.17562300081558974,1.7394156222153452,0.6232743263244629,0.3767256736755371,0.026617776520584308,5.346999162534072,0.03879310344827586,0.24849557893238938,6.4056638124793706
frame_013,frame_014,13,14,5,1,False,False,912,"worm fence, snake fence, snake-rail fence, Virginia fence",0.4516102172486783,0.794935822408358,0.6702550649642944,0.32974493503570557,0.030205079548117304,5.414890987180215,0.034482758620689655,0.2104845763941831,6.10405271543131
frame_013,frame_015,13,15,5,2,True,False,912,"worm fence, snake fence, snake-rail fence, Virginia fence",0.5791508891089302,0.5461922324086723,0.6961313486099243,0.3038686513900757,0.02380517540249949,5.422458343514305,0.036637931034482756,0.21708128989705358,5.925042265425463
frame_013,frame_016,13,16,5,3,False,False,912,"worm fence, snake fence, snake-rail fence, Virginia fence",0.3546266000372215,1.0366898739500918,0.5739685297012329,0.4260314702987671,0.028164794776243795,5.376708583455883,0.04741379310344827,0.2942118004037787,6.2051943357887875
frame_013,frame_017,13,17,5,4,False,False,791,shopping cart,0.22169746882069538,1.5064415795621904,0.5561524629592896,0.44384753704071045,0.024139816103393316,5.38717028797954,0.05387931034482758,0.2903884013921059,5.389608729837486
frame_013,frame_000,13,0,10,-13,False,True,835,sundial,0.23250623265405657,1.4588382471998085,0.5932960510253906,0.4067039489746094,0.059054396051070886,4.950471759816121,0.015086206896551725,0.12279041439988791,8.139250325935427
frame_013,frame_001,13,1,10,-12,False,False,421,"bannister, banister, balustrade, balusters, handrail",0.37845016637184486,0.9716708756132513,0.6741055250167847,0.32589447498321533,0.048603798797104386,4.85998134741982,0.023706896551724137,0.21945547948155325,9.25703113449461
frame_013,frame_002,13,2,10,-11,False,False,421,"bannister, banister, balustrade, balusters, handrail",0.35845623493306056,1.0259487046845517,0.7001522779464722,0.29984772205352783,0.04922830387544376,4.942198860529449,0.010775862068965518,0.1448488117578418,13.441969731127719
frame_013,frame_003,13,3,10,-10,False,False,421,"bannister, banister, balustrade, balusters, handrail",0.4393133190855636,0.8225424095764156,0.7421523928642273,0.2578476071357727,0.05554415769382817,4.98433676928006,0.01939655172413793,0.15043259183708238,7.755635845822914
frame_013,frame_004,13,4,10,-9,False,False,835,sundial,0.7228303037656676,0.3245807956231744,0.8197274208068848,0.18027257919311523,0.0628446796449639,5.083907750797812,0.015086206896551725,0.09337256887228047,6.189267422391162
frame_013,frame_005,13,5,10,-8,False,False,835,sundial,0.7585654799784075,0.2763261556685874,0.8479368686676025,0.15206313133239746,0.06407822630819784,5.195915911131697,0.01939655172413793,0.0636107946376359,3.279489856873673
frame_013,frame_006,13,6,10,-7,False,False,835,sundial,0.37756410986302263,0.9740148972603913,0.7419441938400269,0.25805580615997314,0.07772494792846578,5.094644789756979,0.023706896551724137,0.08708048719620552,3.6732132780944875
frame_013,frame_007,13,7,10,-6,False,False,835,sundial,0.7217806342253932,0.32603401696796497,0.8254615068435669,0.1745384931564331,0.08556751229665838,5.067436949378383,0.023706896551724137,0.1438473306827008,6.067741948797561
frame_013,frame_008,13,8,10,-5,False,False,835,sundial,0.3527472487805627,1.0420034876260138,0.6925798058509827,0.30742019414901733,0.0672754119634637,4.941296794366515,0.023706896551724137,0.18481026510178597,7.795633000657154
frame_013,frame_009,13,9,10,-4,False,False,416,"balance beam, beam",0.648255730270284,0.4334700150030739,0.7944905757904053,0.20550942420959473,0.057243775904583696,4.920765291319892,0.02586206896551724,0.18150090943551955,7.018035164840089
frame_013,frame_010,13,10,10,-3,False,False,416,"balance beam, beam",0.6233759681751054,0.4726054619987803,0.8036707639694214,0.1963292360305786,0.05904893976551384,4.960719682071332,0.028017241379310345,0.17564296779213878,6.269102850427108
frame_013,frame_011,13,11,10,-2,False,False,421,"bannister, banister, balustrade, balusters, handrail",0.6228520096389929,0.4734463331336176,0.7707735300064087,0.2292264699935913,0.07263016716096218,4.8859529687440855,0.034482758620689655,0.28528799409742467,8.273351828825316
frame_013,frame_012,13,12,10,-1,True,False,421,"bannister, banister, balustrade, balusters, handrail",0.8459632365683539,0.16727937591309772,0.8906229138374329,0.10937708616256714,0.06133180873935449,5.099630365903713,0.03879310344827586,0.2387313451340025,6.153963563454286
frame_013,frame_014,13,14,10,1,False,False,421,"bannister, banister, balustrade, balusters, handrail",0.24524956219564184,1.4054789656732556,0.644586443901062,0.355413556098938,0.043304666612202024,5.077678018103116,0.034482758620689655,0.2330245710641438,6.75771256086017
frame_013,frame_015,13,15,10,2,False,False,912,"worm fence, snake fence, snake-rail fence, Virginia fence",0.2911775764093349,1.2338219697133956,0.6753475666046143,0.32465243339538574,0.03994655166403637,5.149097176130201,0.036637931034482756,0.2471094248698259,6.744633714094072
frame_013,frame_016,13,16,10,3,False,False,416,"balance beam, beam",0.5152762879749611,0.6630520406683766,0.714651346206665,0.28534865379333496,0.0395733156009833,5.181907062106325,0.04741379310344827,0.25049900034261563,5.283251643589712
frame_013,frame_017,13,17,10,4,False,False,416,"balance beam, beam",0.864413765074711,0.14570373004918435,0.887563943862915,0.11243605613708496,0.03355411033302064,5.220974003805573,0.05387931034482758,0.2736579246665752,5.079091081811636
frame_013,frame_000,13,0,20,-13,False,True,421,"bannister, banister, balustrade, balusters, handrail",0.16813503047406134,1.7829878695934083,0.560868501663208,0.439131498336792,0.01712128150759161,5.655567200312396,0.015086206896551725,0.03784214188601242,2.5083934050156804
frame_013,frame_001,13,1,20,-12,False,False,835,sundial,0.186779196574069,1.6778281267657058,0.6041889190673828,0.3958110809326172,0.021132291968220637,5.625086762128738,0.023706896551724137,0.06162348267901425,2.599390542096601
frame_013,frame_002,13,2,20,-11,False,False,835,sundial,0.3054762991920385,1.185883083766127,0.6697975397109985,0.33020246028900146,0.01612406957162653,5.671357524351234,0.010775862068965518,0.022914525883547004,2.1264680019931617
frame_013,frame_003,13,3,20,-10,False,False,421,"bannister, banister, balustrade, balusters, handrail",0.5018149426627155,0.6895238673689907,0.6902049779891968,0.3097950220108032,0.019303355456160746,5.649721404292656,0.01939655172413793,0.030315946434441413,1.5629554606200906
frame_013,frame_004,13,4,20,-9,False,False,835,sundial,0.6357378769752826,0.4529689437169587,0.7735067009925842,0.22649329900741577,0.024655317397746897,5.65410348905786,0.015086206896551725,0.02125922757798289,1.4091830851691514
frame_013,frame_005,13,5,20,-8,False,False,835,sundial,0.6401604697872805,0.44603640001432054,0.7928293943405151,0.20717060565948486,0.02046160000839858,5.665084971175956,0.01939655172413793,0.021867487907076936,1.1273904876537442
frame_013,frame_006,13,6,20,-7,False,False,675,moving van,0.2787710154354131,1.2773645673530705,0.6678293943405151,0.33217060565948486,0.02618910860423107,5.647356371423362,0.023706896551724137,0.024302670775229858,1.0251308399733323
frame_013,frame_007,13,7,20,-6,False,False,835,sundial,0.7333219354600511,0.310170470979102,0.8049387335777283,0.19506126642227173,0.020214481246234563,5.646532465138392,0.023706896551724137,0.03841397031920542,1.6203711116464832
frame_013,frame_008,13,8,20,-5,False,False,421,"bannister, banister, balustrade, balusters, handrail",0.48613919465874167,0.7212602873259604,0.6922610998153687,0.30773890018463135,0.0230894549893981,5.613293676112339,0.023706896551724137,0.03856829210712434,1.6268806852459723
frame_013,frame_009,13,9,20,-4,False,False,421,"bannister, banister, balustrade, balusters, handrail",0.2700190702672723,1.30926269185846,0.6186428666114807,0.3813571333885193,0.02616566435060318,5.5853969113452155,0.02586206896551724,0.036837793929679084,1.424394698614258
frame_013,frame_010,13,10,20,-3,False,False,421,"bannister, banister, balustrade, balusters, handrail",0.3571780814064835,1.0295207941064197,0.6853224039077759,0.3146775960922241,0.03299989994389912,5.5567307917099,0.028017241379310345,0.05437724769426526,1.9408494561645446
frame_013,frame_011,13,11,20,-2,False,False,421,"bannister, banister, balustrade, balusters, handrail",0.6422044600333366,0.44284855242194404,0.7766138315200806,0.22338616847991943,0.03592147354410824,5.5941161659927,0.034482758620689655,0.06056741136922573,1.7564549297075462
frame_013,frame_012,13,12,20,-1,True,False,421,"bannister, banister, balustrade, balusters, handrail",0.8684405091756188,0.14105619400562475,0.9000714421272278,0.09992855787277222,0.04085134379169661,5.6179874777023,0.03879310344827586,0.062182359812913104,1.6029230529550933
frame_013,frame_014,13,14,20,1,False,False,421,"bannister, banister, balustrade, balusters, handrail",0.33957960039867335,1.0800468958466176,0.6879715919494629,0.3120284080505371,0.033827896964710266,5.662912742725224,0.034482758620689655,0.05998650484326045,1.739608640454553
frame_013,frame_015,13,15,20,2,False,False,912,"worm fence, snake fence, snake-rail fence, Virginia fence",0.3544061259889903,1.0373117748786225,0.689274251461029,0.31072574853897095,0.031126847475947253,5.689337521588429,0.036637931034482756,0.07148943267641289,1.951240985991505
frame_013,frame_016,13,16,20,3,False,False,471,cannon,0.2519118234676317,1.3786761595768855,0.6398072242736816,0.36019277572631836,0.03435563334899997,5.679861283375485,0.04741379310344827,0.06741381675742492,1.4218186807020528
frame_013,frame_017,13,17,20,4,False,False,416,"balance beam, beam",0.23688030179480743,1.4402003211487169,0.6630918979644775,0.33690810203552246,0.019802242422810572,5.713063461068051,0.05387931034482758,0.07110463625056039,1.319702048810401
frame_013,frame_000,13,0,30,-13,False,True,835,sundial,0.27242568404647705,1.3003894211689504,0.569024920463562,0.430975079536438,0.024657985576495647,5.390451781823026,0.015086206896551725,0.008363608458313118,0.5543877606653267
frame_013,frame_001,13,1,30,-12,False,False,835,sundial,0.25560264503452934,1.3641312081968966,0.5697537660598755,0.4302462339401245,0.03550998483506962,5.33966419870606,0.023706896551724137,0.02574779426150934,1.0860887761218485
frame_013,frame_002,13,2,30,-11,False,False,835,sundial,0.32380290062050965,1.1276202797166204,0.6313382387161255,0.3686617612838745,0.02205233231946604,5.42664783154737,0.010775862068965518,0.0102256986719612,0.9489448367579993
frame_013,frame_003,13,3,30,-10,False,False,421,"bannister, banister, balustrade, balusters, handrail",0.3493917728971768,1.0515614279326786,0.6306904554367065,0.36930954456329346,0.025538423479557894,5.452237425532035,0.01939655172413793,0.011280840834560147,0.5815900163595453
frame_013,frame_004,13,4,30,-9,False,False,835,sundial,0.8093472027828037,0.2115272787361393,0.8488396406173706,0.1511603593826294,0.025224897764233853,5.4449339821839615,0.015086206896551725,0.005403288616436021,0.3581608454323305
frame_013,frame_005,13,5,30,-8,False,False,835,sundial,0.830829571339205,0.1853305938013894,0.8619233965873718,0.13807660341262817,0.030766645784107715,5.426020941121348,0.01939655172413793,0.0036790999114595046,0.18967803987969
frame_013,frame_006,13,6,30,-7,False,False,835,sundial,0.3603318635707619,1.0207298289164102,0.6445415616035461,0.35545843839645386,0.02637371988898332,5.457775005165864,0.023706896551724137,0.007544727702295295,0.318250332169547
frame_013,frame_007,13,7,30,-6,False,False,835,sundial,0.7263445414281675,0.3197308017624989,0.8086420297622681,0.19135797023773193,0.02663879896839495,5.471407942828696,0.023706896551724137,0.011863588630745572,0.5004277386059951
frame_013,frame_008,13,8,30,-5,False,False,835,sundial,0.2467696011484238,1.3993001665452063,0.626466691493988,0.37353330850601196,0.030526579936906193,5.439591820402619,0.023706896551724137,0.009173962181790386,0.3869744047591581
frame_013,frame_009,13,9,30,-4,False,False,416,"balance beam, beam",0.20589020228991448,1.580412250879447,0.5804343223571777,0.41956567764282227,0.031226133746397284,5.422395488369657,0.02586206896551724,0.014768117836611359,0.5710338896823058
frame_013,frame_010,13,10,30,-3,False,False,421,"bannister, banister, balustrade, balusters, handrail",0.2835220700406989,1.2604653103762913,0.6886866092681885,0.3113133907318115,0.034028571472625925,5.438933165899523,0.028017241379310345,0.018501366808168315,0.6603564768453921
frame_013,frame_011,13,11,30,-2,False,False,421,"bannister, banister, balustrade, balusters, handrail",0.7149072775242163,0.3356024264818518,0.7892047762870789,0.21079522371292114,0.02001599410441069,5.486106908036012,0.034482758620689655,0.020578268176757272,0.5967697771259609
frame_013,frame_012,13,12,30,-1,True,False,421,"bannister, banister, balustrade, balusters, handrail",0.8422429119814562,0.17168681230647964,0.8837282061576843,0.11627179384231567,0.049768131240038774,5.37473035951693,0.03879310344827586,0.06343865837266424,1.6353076380509004
frame_013,frame_014,13,14,30,1,False,False,421,"bannister, banister, balustrade, balusters, handrail",0.31085504004461156,1.1684285846468678,0.6604878902435303,0.3395121097564697,0.02884876730566195,5.372115783540458,0.034482758620689655,0.010424464920984783,0.30230948270855873
frame_013,frame_015,13,15,30,2,False,False,612,"jinrikisha, ricksha, rickshaw",0.4426606265656394,0.8149518825134963,0.7234472036361694,0.27655279636383057,0.027029846177192438,5.420347571247817,0.036637931034482756,0.01368658130977539,0.373563160455046
frame_013,frame_016,13,16,30,3,False,False,912,"worm fence, snake fence, snake-rail fence, Virginia fence",0.18317299818755486,1.6973242274109752,0.5946180820465088,0.4053819179534912,0.029448127228246808,5.359515234702892,0.04741379310344827,0.01973097224671127,0.4161441419306377
frame_013,frame_017,13,17,30,4,False,False,612,"jinrikisha, ricksha, rickshaw",0.2234241775706098,1.498683172730252,0.6773041486740112,0.32269585132598877,0.032375480359856865,5.334941841133112,0.05387931034482758,0.0191958672257233,0.35627529570942446
frame_013,frame_000,13,0,40,-13,False,False,835,sundial,0.41413559501970093,0.8815618345789895,0.6720808744430542,0.3279191255569458,0.10217125840248625,4.258343268055297,0.015086206896551725,0.3562194227546254,23.61225887973517
frame_013,frame_001,13,1,40,-12,False,False,835,sundial,0.5012578517667124,0.6906346361115494,0.6979684829711914,0.3020315170288086,0.13948371683253918,4.077168669463967,0.023706896551724137,0.42298762777574056,17.842387207994875
frame_013,frame_002,13,2,40,-11,False,False,835,sundial,0.49448158282819765,0.704245372640858,0.707770824432373,0.29222917556762695,0.21518563138209879,4.010032005783065,0.010775862068965518,0.3204634138024704,29.73900480086925
frame_013,frame_003,13,3,40,-10,False,False,835,sundial,0.43151551426798357,0.8404518148338846,0.6686115264892578,0.3313884735107422,0.0708946488676782,4.402541398227653,0.01939655172413793,0.3357597725205456,17.310281605503686
frame_013,frame_004,13,4,40,-9,False,False,835,sundial,0.8941529767404104,0.11187840352495204,0.9053211212158203,0.09467887878417969,0.062220151203180085,4.55290095355384,0.015086206896551725,0.24416586074298388,16.18470848353493
frame_013,frame_005,13,5,40,-8,True,False,835,sundial,0.8876427731299287,0.11918589943862523,0.9141285419464111,0.08587145805358887,0.06351356897985613,4.735198845193066,0.01939655172413793,0.2362600134568006,12.180516249328386
frame_013,frame_006,13,6,40,-7,False,False,835,sundial,0.41567707926327385,0.8778465719312614,0.713974118232727,0.28602588176727295,0.08722525318111057,4.799971737446403,0.023706896551724137,0.28497724701000215,12.020858419331
frame_013,frame_007,13,7,40,-6,False,False,835,sundial,0.8581187313512435,0.15301280753975943,0.8957337141036987,0.10426628589630127,0.0702178098515885,4.589826150880163,0.023706896551724137,0.3623776938882003,15.285749996738632
frame_013,frame_008,13,8,40,-5,False,False,835,sundial,0.32193486603550686,1.1334060332918003,0.6587939262390137,0.34120607376098633,0.1488893538683486,4.016416789522575,0.023706896551724137,0.4230565421406796,17.84529414120685
frame_013,frame_009,13,9,40,-4,False,False,416,"balance beam, beam",0.5704703229853771,0.5612941303400216,0.7172695398330688,0.28273046016693115,0.10074889798037612,4.364918265735364,0.02586206896551724,0.3554101367323677,13.742525286984884
frame_013,frame_010,13,10,40,-3,False,False,416,"balance beam, beam",0.5936044387008297,0.5215421095611861,0.784339189529419,0.21566081047058105,0.11895663499926054,4.497721578219602,0.028017241379310345,0.3321796608580169,11.856258664470758
frame_013,frame_011,13,11,40,-2,False,False,421,"bannister, banister, balustrade, balusters, handrail",0.6923046102329351,0.3677292320209875,0.7896678447723389,0.21033215522766113,0.1299178175550408,4.1179958230918166,0.034482758620689655,0.5063914277796886,14.68535140561097
frame_013,frame_012,13,12,40,-1,False,False,421,"bannister, banister, balustrade, balusters, handrail",0.7924011691439251,0.23268748871218015,0.856245219707489,0.143754780292511,0.06436871062692875,4.337260205715619,0.03879310344827586,0.3971384398020158,10.23734644822974
frame_013,frame_014,13,14,40,1,False,True,912,"worm fence, snake fence, snake-rail fence, Virginia fence",0.2813214934776703,1.26825715873489,0.6578179597854614,0.3421820402145386,0.07289115384637371,4.514550996040363,0.034482758620689655,0.4104836217391053,11.904025030434054
frame_013,frame_015,13,15,40,2,False,False,912,"worm fence, snake fence, snake-rail fence, Virginia fence",0.33798530227459755,1.0847528688392738,0.7093948125839233,0.29060518741607666,0.06761423375587015,4.496691395616997,0.036637931034482756,0.4477334511636973,12.22048949058562
frame_013,frame_016,13,16,40,3,False,False,416,"balance beam, beam",0.2348951300749897,1.4486161194394174,0.6672160625457764,0.33278393745422363,0.2034637173763282,4.060551068094324,0.04741379310344827,0.6203207275758428,13.083128072508686
frame_013,frame_017,13,17,40,4,False,False,416,"balance beam, beam",0.5355137808251828,0.624528654924652,0.7981758117675781,0.20182418823242188,0.10469095517938644,4.479994726110401,0.05387931034482758,0.5611701123065338,10.415317284409268
frame_013,frame_000,13,0,50,-13,False,False,835,sundial,0.19406110671210702,1.6395821864634579,0.6338486671447754,0.3661513328552246,0.05466307655639606,4.687767629957003,0.015086206896551725,0.110154130539922,7.301645224360543
frame_013,frame_001,13,1,50,-12,False,False,471,cannon,0.33315473296171444,1.0991482333756775,0.6695095300674438,0.33049046993255615,0.06515128353820245,4.628324558607207,0.023706896551724137,0.15083662035815804,6.362562895107757
frame_013,frame_002,13,2,50,-11,False,False,471,cannon,0.3136927089069615,1.1593414063031027,0.6858621835708618,0.3141378164291382,0.03772961374849785,4.809178987747364,0.010775862068965518,0.07553973148657334,7.010087081954005
frame_013,frame_003,13,3,50,-10,False,True,421,"bannister, banister, balustrade, balusters, handrail",0.22990428682968633,1.4700922008897317,0.6222542524337769,0.37774574756622314,0.05157261611856476,4.8229865661197255,0.01939655172413793,0.12049728671923257,6.212304559747102
frame_013,frame_004,13,4,50,-9,False,False,835,sundial,0.8622134355431528,0.14825243392905207,0.8927087783813477,0.10729122161865234,0.04099903153058213,4.93971416430867,0.015086206896551725,0.0402706462586866,2.669368552004369
frame_013,frame_005,13,5,50,-8,False,False,835,sundial,0.9179978389321465,0.08556024246883309,0.933074951171875,0.066925048828125,0.07556697064908918,4.86626690230842,0.01939655172413793,0.03544893632334015,1.827589606003314
frame_013,frame_006,13,6,50,-7,False,False,835,sundial,0.33867691325157534,1.0827086843054126,0.7286574244499207,0.27134257555007935,0.0854248862705754,4.817232472480236,0.023706896551724137,0.05999219589135266,2.530579899417058
frame_013,frame_007,13,7,50,-6,False,False,835,sundial,0.8135777015425791,0.2063138417735919,0.8813696503639221,0.11863034963607788,0.04923846502854695,4.862722798971278,0.023706896551724137,0.1400001440146414,5.905460620253964
frame_013,frame_008,13,8,50,-5,False,False,835,sundial,0.27249739892244207,1.300126210163139,0.7117897272109985,0.28821027278900146,0.09020726607971276,4.795197550650913,0.023706896551724137,0.15827975840636363,6.676527990959339
frame_013,frame_009,13,9,50,-4,False,False,416,"balance beam, beam",0.6837632276475824,0.38014357969620605,0.7975637912750244,0.20243620872497559,0.05765313851571211,4.902723376290616,0.02586206896551724,0.1496443299387644,5.78624742429889
frame_013,frame_010,13,10,50,-3,False,False,416,"balance beam, beam",0.44009697162765277,0.8207601862893052,0.7814599275588989,0.21854007244110107,0.05224527791206612,5.023126178490495,0.028017241379310345,0.10985803452920943,3.921086770888706
frame_013,frame_011,13,11,50,-2,False,False,421,"bannister, banister, balustrade, balusters, handrail",0.699575542220462,0.3572814961107973,0.8118842840194702,0.18811571598052979,0.06980731247909233,4.825164155817895,0.034482758620689655,0.2045220511803523,5.931139484230217
frame_013,frame_012,13,12,50,-1,True,False,421,"bannister, banister, balustrade, balusters, handrail",0.9279659889472076,0.07476019670892942,0.9357255101203918,0.06427448987960815,0.055959825285487014,5.016288577173667,0.03879310344827586,0.17064118237360618,4.39875047896407
frame_013,frame_014,13,14,50,1,False,False,912,"worm fence, snake fence, snake-rail fence, Virginia fence",0.22780530407661753,1.479263944321695,0.6400886178016663,0.35991138219833374,0.1033002428005153,4.922631253560595,0.034482758620689655,0.10137764354289236,2.9399516627438786
frame_013,frame_015,13,15,50,2,False,False,912,"worm fence, snake fence, snake-rail fence, Virginia fence",0.38930068308847143,0.9434032697089786,0.7088626027107239,0.2911373972892761,0.06457624563608669,4.972505713865397,0.036637931034482756,0.13603188100168787,3.712870163810775
frame_013,frame_016,13,16,50,3,False,False,416,"balance beam, beam",0.3743695289956357,0.9825119239203445,0.6734764575958252,0.3265235424041748,0.0681378773498904,5.109215672389125,0.04741379310344827,0.14169996893012232,2.9885811628898526
frame_013,frame_017,13,17,50,4,False,False,416,"balance beam, beam",0.5947444999422818,0.5196233775218942,0.7788784503936768,0.22112154960632324,0.0398268365527896,5.13771607890967,0.05387931034482758,0.15605453416620216,2.896372154124712
frame_014,frame_000,14,0,5,-14,False,False,791,shopping cart,0.3929778623810357,0.9340019985187071,0.6119171380996704,0.3880828619003296,0.03562251788342835,5.241327327169218,0.015086206896551725,0.16170733603441534,10.718886274281244
frame_014,frame_001,14,1,5,-13,False,False,791,shopping cart,0.40629182547548853,0.9006835956211067,0.6115250587463379,0.3884749412536621,0.03425324704086205,5.243146347647515,0.023706896551724137,0.17910824391778465,7.5551113798047345
frame_014,frame_002,14,2,5,-12,False,False,791,shopping cart,0.289790483567422,1.2385970875663328,0.5736445188522339,0.4263554811477661,0.03609338004180909,5.349665120732855,0.010775862068965518,0.07838066517641396,7.273725728371215
frame_014,frame_003,14,3,5,-11,False,False,791,shopping cart,0.28919438560009847,1.2406562024402659,0.56560218334198,0.43439781665802,0.035171225997116425,5.336638634758284,0.01939655172413793,0.15193431594522022,7.833058066509131
frame_014,frame_004,14,4,5,-10,False,False,835,sundial,0.2359305692348542,1.4442177153986921,0.5948411226272583,0.4051588773727417,0.02406200748425734,5.432401575457545,0.015086206896551725,0.10041188186713619,6.655873312335884
frame_014,frame_005,14,5,5,-9,False,False,835,sundial,0.19069890050324204,1.6570595319758035,0.5394476652145386,0.4605523347854614,0.028328178015563348,5.382952384807966,0.01939655172413793,0.1292089287844222,6.6614381062191
frame_014,frame_006,14,6,5,-8,False,True,835,sundial,0.20080815257349174,1.6054052915231432,0.5334793329238892,0.46652066707611084,0.02849103372229503,5.431203393498505,0.023706896551724137,0.15028435664724377,6.339267407665556
frame_014,frame_007,14,7,5,-7,False,False,835,sundial,0.3116288361384971,1.1659424271026808,0.5832433104515076,0.41675668954849243,0.03788342331413749,5.3936195618012,0.023706896551724137,0.21189534968912474,8.938131114159445
frame_014,frame_008,14,8,5,-6,False,False,835,sundial,0.18773339201489336,1.6727324502271304,0.5629221200942993,0.4370778799057007,0.03278593413294149,5.349449079800919,0.023706896551724137,0.1948597261347611,8.219537538775377
frame_014,frame_009,14,9,5,-5,False,False,510,"container ship, containership, container vessel",0.12155639167532369,2.10737699486108,0.5363771915435791,0.4636228084564209,0.03326653647707782,5.36716539260507,0.02586206896551724,0.17892291034283683,6.918352533256358
frame_014,frame_010,14,10,5,-4,False,False,510,"container ship, containership, container vessel",0.14000769397045865,1.9660579009510621,0.5583903789520264,0.44160962104797363,0.03329056905818055,5.3957947695378605,0.028017241379310345,0.15928758903305973,5.685341639333824
frame_014,frame_011,14,11,5,-3,False,False,573,go-kart,0.1570752125144134,1.851030527745365,0.5755255222320557,0.42447447776794434,0.04351866977788891,5.299947652693927,0.034482758620689655,0.2468417505606388,7.158410766258526
frame_014,frame_012,14,12,5,-2,False,False,573,go-kart,0.17562300081558974,1.7394156222153452,0.6232743263244629,0.3767256736755371,0.025545742474445368,5.368509012697926,0.03879310344827586,0.2403953300125256,6.196857395878438
frame_014,frame_013,14,13,5,-1,False,False,573,go-kart,0.31374986051524195,1.1591592331091762,0.6226118803024292,0.3773881196975708,0.023468852290751498,5.427617443343534,0.03879310344827586,0.2500677725372827,6.446191469849953
frame_014,frame_015,14,15,5,1,True,False,912,"worm fence, snake fence, snake-rail fence, Virginia fence",0.5791508891089302,0.5461922324086723,0.6961313486099243,0.3038686513900757,0.02328732097669231,5.434327598906272,0.036637931034482756,0.20978193312744256,5.725812763007845
frame_014,frame_016,14,16,5,2,False,False,912,"worm fence, snake fence, snake-rail fence, Virginia fence",0.3546266000372215,1.0366898739500918,0.5739685297012329,0.4260314702987671,0.02766626302866286,5.394193952646666,0.04741379310344827,0.2875748534399877,6.065215090734286
frame_014,frame_017,14,17,5,3,False,False,791,shopping cart,0.22169746882069538,1.5064415795621904,0.5561524629592896,0.44384753704071045,0.023961216483639292,5.407413268666477,0.05387931034482758,0.2839429850247612,5.269981802059568
frame_014,frame_000,14,0,10,-14,False,True,835,sundial,0.23250623265405657,1.4588382471998085,0.5932960510253906,0.4067039489746094,0.05703224156179609,4.922766914972448,0.015086206896551725,0.12181338927515792,8.07448751766761
frame_014,frame_001,14,1,10,-13,False,False,421,"bannister, banister, balustrade, balusters, handrail",0.37845016637184486,0.9716708756132513,0.6741055250167847,0.32589447498321533,0.0471082706470483,4.852454748466531,0.023706896551724137,0.20965826988961858,8.843767020798458
frame_014,frame_002,14,2,10,-12,False,False,421,"bannister, banister, balustrade, balusters, handrail",0.35845623493306056,1.0259487046845517,0.7001522779464722,0.29984772205352783,0.04990088596074934,4.9295169422975444,0.010775862068965518,0.1376395103121372,12.772946556966332
frame_014,frame_003,14,3,10,-11,False,False,421,"bannister, banister, balustrade, balusters, handrail",0.4393133190855636,0.8225424095764156,0.7421523928642273,0.2578476071357727,0.05200694492502856,4.96721167039428,0.01939655172413793,0.15060552015048506,7.7645512610916745
frame_014,frame_004,14,4,10,-10,False,False,835,sundial,0.7228303037656676,0.3245807956231744,0.8197274208068848,0.18027257919311523,0.057723391421904593,5.077633635060626,0.015086206896551725,0.08677121381081618,5.751691886888387
frame_014,frame_005,14,5,10,-9,False,False,835,sundial,0.7585654799784075,0.2763261556685874,0.8479368686676025,0.15206313133239746,0.05938898029603394,5.1680094567110215,0.01939655172413793,0.06584181039982202,3.39451111394638
frame_014,frame_006,14,6,10,-8,False,False,835,sundial,0.37756410986302263,0.9740148972603913,0.7419441938400269,0.25805580615997314,0.07012654119277754,5.078173257510198,0.023706896551724137,0.08955242002449369,3.777483899215007
frame_014,frame_007,14,7,10,-7,False,False,835,sundial,0.7217806342253932,0.32603401696796497,0.8254615068435669,0.1745384931564331,0.07882150353858093,5.050371582594136,0.023706896551724137,0.14661672648302637,6.184560098920385
frame_014,frame_008,14,8,10,-6,False,False,835,sundial,0.3527472487805627,1.0420034876260138,0.6925798058509827,0.30742019414901733,0.06014804537138542,4.942239434738559,0.023706896551724137,0.18796961727524228,7.92890021961022
frame_014,frame_009,14,9,10,-5,False,False,416,"balance beam, beam",0.648255730270284,0.4334700150030739,0.7944905757904053,0.20550942420959473,0.0627111125298876,4.943202874207259,0.02586206896551724,0.18781258357402614,7.2620865648623445
frame_014,frame_010,14,10,10,-4,False,False,416,"balance beam, beam",0.6233759681751054,0.4726054619987803,0.8036707639694214,0.1963292360305786,0.055781870828812044,4.979971375877486,0.028017241379310345,0.17772858020784404,6.343543170495357
frame_014,frame_011,14,11,10,-3,False,False,421,"bannister, banister, balustrade, balusters, handrail",0.6228520096389929,0.4734463331336176,0.7707735300064087,0.2292264699935913,0.07760712347911738,4.901305386359686,0.034482758620689655,0.28100389327524666,8.149112904982154
frame_014,frame_012,14,12,10,-2,True,False,421,"bannister, banister, balustrade, balusters, handrail",0.8459632365683539,0.16727937591309772,0.8906229138374329,0.10937708616256714,0.064421050080222,5.083391838729808,0.03879310344827586,0.2352410725618147,6.063992092704557
frame_014,frame_013,14,13,10,-1,False,False,421,"bannister, banister, balustrade, balusters, handrail",0.8342937220379208,0.18116975392811696,0.8695099353790283,0.13049006462097168,0.03408994161986044,5.177865926791316,0.03879310344827586,0.2320657485597326,5.982139296206441
frame_014,frame_015,14,15,10,1,False,False,912,"worm fence, snake fence, snake-rail fence, Virginia fence",0.2911775764093349,1.2338219697133956,0.6753475666046143,0.32465243339538574,0.03471206814516778,5.147650716262706,0.036637931034482756,0.2520747207000325,6.880157082636182
frame_014,frame_016,14,16,10,2,False,False,416,"balance beam, beam",0.5152762879749611,0.6630520406683766,0.714651346206665,0.28534865379333496,0.0416345040631316,5.162802859896679,0.04741379310344827,0.25962158824153964,5.475655315639745
frame_014,frame_017,14,17,10,3,False,False,416,"balance beam, beam",0.864413765074711,0.14570373004918435,0.887563943862915,0.11243605613708496,0.03316514181278158,5.216959010271716,0.05387931034482758,0.276997629537304,5.141076004212363
frame_014,frame_000,14,0,20,-14,False,True,421,"bannister, banister, balustrade, balusters, handrail",0.16813503047406134,1.7829878695934083,0.560868501663208,0.439131498336792,0.013640016005145368,5.683283068347587,0.015086206896551725,0.03737477616537184,2.4774137343903617
frame_014,frame_001,14,1,20,-13,False,False,835,sundial,0.186779196574069,1.6778281267657058,0.6041889190673828,0.3958110809326172,0.017359079529815052,5.6575697602732244,0.023706896551724137,0.06222583061237133,2.6247986731036637
frame_014,frame_002,14,2,20,-12,False,False,835,sundial,0.3054762991920385,1.185883083766127,0.6697975397109985,0.33020246028900146,0.01447680583457254,5.702198114875465,0.010775862068965518,0.02463985591574197,2.2865786289808545
frame_014,frame_003,14,3,20,-11,False,False,421,"bannister, banister, balustrade, balusters, handrail",0.5018149426627155,0.6895238673689907,0.6902049779891968,0.3097950220108032,0.01902904169129922,5.680977434057812,0.01939655172413793,0.03395800633776873,1.7507238823027433
frame_014,frame_004,14,4,20,-10,False,False,835,sundial,0.6357378769752826,0.4529689437169587,0.7735067009925842,0.22649329900741577,0.023067694245813435,5.690804027586426,0.015086206896551725,0.02396705942105211,1.588673653052597
frame_014,frame_005,14,5,20,-9,False,False,835,sundial,0.6401604697872805,0.44603640001432054,0.7928293943405151,0.20717060565948486,0.019867571022364163,5.696111395575748,0.01939655172413793,0.02551417843971831,1.315397644003255
frame_014,frame_006,14,6,20,-8,False,False,675,moving van,0.2787710154354131,1.2773645673530705,0.6678293943405151,0.33217060565948486,0.022229824270247302,5.685562805621977,0.023706896551724137,0.028582986573255816,1.2056823427264272
frame_014,frame_007,14,7,20,-7,False,False,835,sundial,0.7333219354600511,0.310170470979102,0.8049387335777283,0.19506126642227173,0.019596021469573788,5.670124534964973,0.023706896551724137,0.04456918349185315,1.880009194565442
frame_014,frame_008,14,8,20,-6,False,False,421,"bannister, banister, balustrade, balusters, handrail",0.48613919465874167,0.7212602873259604,0.6922610998153687,0.30773890018463135,0.022330843276554633,5.648334851492805,0.023706896551724137,0.041341198002247524,1.7438468975493502
frame_014,frame_009,14,9,20,-5,False,False,421,"bannister, banister, balustrade, balusters, handrail",0.2700190702672723,1.30926269185846,0.6186428666114807,0.3813571333885193,0.02206609615562284,5.654070201765216,0.02586206896551724,0.03880861919130935,1.5005999420639617
frame_014,frame_010,14,10,20,-4,False,False,421,"bannister, banister, balustrade, balusters, handrail",0.3571780814064835,1.0295207941064197,0.6853224039077759,0.3146775960922241,0.028298238313543833,5.627881864447171,0.028017241379310345,0.05493857867010719,1.9608846540715181
frame_014,frame_011,14,11,20,-3,False,False,421,"bannister, banister, balustrade, balusters, handrail",0.6422044600333366,0.44284855242194404,0.7766138315200806,0.22338616847991943,0.03013680809497192,5.663138588552787,0.034482758620689655,0.06290835866247664,1.8243424012118226
frame_014,frame_012,14,12,20,-2,True,False,421,"bannister, banister, balustrade, balusters, handrail",0.8684405091756188,0.14105619400562475,0.9000714421272278,0.09992855787277222,0.035250503605748745,5.683682597435264,0.03879310344827586,0.06467585732065069,1.6671998775989956
frame_014,frame_013,14,13,20,-1,False,False,421,"bannister, banister, balustrade, balusters, handrail",0.7982223309984445,0.22536811006322321,0.8486945033073425,0.15130549669265747,0.03506351258096006,5.712203566247991,0.03879310344827586,0.07193358978881606,1.854288092333925
frame_014,frame_015,14,15,20,1,False,False,912,"worm fence, snake fence, snake-rail fence, Virginia fence",0.3544061259889903,1.0373117748786225,0.689274251461029,0.31072574853897095,0.028300706533755233,5.726416192881308,0.036637931034482756,0.07769182401001967,2.1205297847440665
frame_014,frame_016,14,16,20,2,False,False,471,cannon,0.2519118234676317,1.3786761595768855,0.6398072242736816,0.36019277572631836,0.033811338929038086,5.726927525970936,0.04741379310344827,0.07765772286551871,1.6378719731636675
frame_014,frame_017,14,17,20,3,False,False,416,"balance beam, beam",0.23688030179480743,1.4402003211487169,0.6630918979644775,0.33690810203552246,0.018377976325836612,5.7691424044235395,0.05387931034482758,0.08108465300182999,1.5049311597139647
frame_014,frame_000,14,0,30,-14,False,True,835,sundial,0.27242568404647705,1.3003894211689504,0.569024920463562,0.430975079536438,0.021926264546688157,5.400310835962489,0.015086206896551725,0.009020604909885807,0.597937239741002
frame_014,frame_001,14,1,30,-13,False,False,835,sundial,0.25560264503452934,1.3641312081968966,0.5697537660598755,0.4302462339401245,0.03502701227509453,5.341185067580824,0.023706896551724137,0.02330472582411425,0.9830357074899103
frame_014,frame_002,14,2,30,-12,False,False,835,sundial,0.32380290062050965,1.1276202797166204,0.6313382387161255,0.3686617612838745,0.02442150935641719,5.433619091052606,0.010775862068965518,0.009135372849829555,0.8477626004641826
frame_014,frame_003,14,3,30,-11,False,False,421,"bannister, banister, balustrade, balusters, handrail",0.3493917728971768,1.0515614279326786,0.6306904554367065,0.36930954456329346,0.03322993960451028,5.453163086246348,0.01939655172413793,0.012341800831276043,0.6362883984124538
frame_014,frame_004,14,4,30,-10,False,False,835,sundial,0.8093472027828037,0.2115272787361393,0.8488396406173706,0.1511603593826294,0.029208557891999058,5.448098815808902,0.015086206896551725,0.006042916880840576,0.4005590618157182
frame_014,frame_005,14,5,30,-9,False,False,835,sundial,0.830829571339205,0.1853305938013894,0.8619233965873718,0.13807660341262817,0.041310943369757436,5.42061621935874,0.01939655172413793,0.004986094901204134,0.257060892684302
frame_014,frame_006,14,6,30,-8,False,False,835,sundial,0.3603318635707619,1.0207298289164102,0.6445415616035461,0.35545843839645386,0.024299386910555307,5.468658841199458,0.023706896551724137,0.010203063147919623,0.43038375460315503
frame_014,frame_007,14,7,30,-7,False,False,835,sundial,0.7263445414281675,0.3197308017624989,0.8086420297622681,0.19135797023773193,0.020686555137376442,5.483076490922414,0.023706896551724137,0.01623116591005849,0.6846600892970127
frame_014,frame_008,14,8,30,-6,False,False,835,sundial,0.2467696011484238,1.3993001665452063,0.626466691493988,0.37353330850601196,0.026429470283514313,5.4392345504713315,0.023706896551724137,0.01121768641951691,0.47318240896871333
frame_014,frame_009,14,9,30,-5,False,False,416,"balance beam, beam",0.20589020228991448,1.580412250879447,0.5804343223571777,0.41956567764282227,0.026889510495104907,5.4280623078742085,0.02586206896551724,0.017326872241037693,0.6699723933201241
frame_014,frame_010,14,10,30,-4,False,False,421,"bannister, banister, balustrade, balusters, handrail",0.2835220700406989,1.2604653103762913,0.6886866092681885,0.3113133907318115,0.029635773845911425,5.4437002845673295,0.028017241379310345,0.021514045274321204,0.7678859236373107
frame_014,frame_011,14,11,30,-3,False,False,421,"bannister, banister, balustrade, balusters, handrail",0.7149072775242163,0.3356024264818518,0.7892047762870789,0.21079522371292114,0.019599575257628524,5.495203213058242,0.034482758620689655,0.024706048173957985,0.7164753970447816
frame_014,frame_012,14,12,30,-2,False,False,421,"bannister, banister, balustrade, balusters, handrail",0.8422429119814562,0.17168681230647964,0.8837282061576843,0.11627179384231567,0.044258218349811605,5.380976561500395,0.03879310344827586,0.06111321343128291,1.575362835117515
frame_014,frame_013,14,13,30,-1,True,False,421,"bannister, banister, balustrade, balusters, handrail",0.8428693083151603,0.17094336465354487,0.8848204016685486,0.11517959833145142,0.04510285048649249,5.283291429427951,0.03879310344827586,0.06084664341955516,1.5684912525929775
frame_014,frame_015,14,15,30,1,False,False,612,"jinrikisha, ricksha, rickshaw",0.4426606265656394,0.8149518825134963,0.7234472036361694,0.27655279636383057,0.02537411476132012,5.4308833716712615,0.036637931034482756,0.0172071131463381,0.4696529705824047
frame_014,frame_016,14,16,30,2,False,False,912,"worm fence, snake fence, snake-rail fence, Virginia fence",0.18317299818755486,1.6973242274109752,0.5946180820465088,0.4053819179534912,0.03446352068123349,5.3565412344395655,0.04741379310344827,0.024311681322178806,0.5127554606132257
frame_014,frame_017,14,17,30,3,False,False,612,"jinrikisha, ricksha, rickshaw",0.2234241775706098,1.498683172730252,0.6773041486740112,0.32269585132598877,0.03620047197787792,5.328843528739105,0.05387931034482758,0.02335964621307579,0.43355503371468673
frame_014,frame_000,14,0,40,-14,False,False,835,sundial,0.41413559501970093,0.8815618345789895,0.6720808744430542,0.3279191255569458,0.10202054193128328,4.140045202806574,0.015086206896551725,0.3680211175455742,24.394542648735204
frame_014,frame_001,14,1,40,-13,False,False,835,sundial,0.5012578517667124,0.6906346361115494,0.6979684829711914,0.3020315170288086,0.14515826404953072,3.9490164139027306,0.023706896551724137,0.42877474844411295,18.086498479824403
frame_014,frame_002,14,2,40,-12,False,False,835,sundial,0.49448158282819765,0.704245372640858,0.707770824432373,0.29222917556762695,0.21526759211114316,3.861616003358367,0.010775862068965518,0.31964924313711973,29.66344976312471
frame_014,frame_003,14,3,40,-11,False,False,835,sundial,0.43151551426798357,0.8404518148338846,0.6686115264892578,0.3313884735107422,0.08198982528417227,4.220721752461188,0.01939655172413793,0.3390003037865718,17.47734899521881
frame_014,frame_004,14,4,40,-10,False,False,835,sundial,0.8941529767404104,0.11187840352495204,0.9053211212158203,0.09467887878417969,0.06549827790763948,4.383318076914363,0.015086206896551725,0.2619896713249483,17.366172499253718
frame_014,frame_005,14,5,40,-9,True,False,835,sundial,0.8876427731299287,0.11918589943862523,0.9141285419464111,0.08587145805358887,0.0736891676199823,4.533198781505981,0.01939655172413793,0.2561706299312699,13.207019143123247
frame_014,frame_006,14,6,40,-8,False,False,835,sundial,0.41567707926327385,0.8778465719312614,0.713974118232727,0.28602588176727295,0.09230460265312555,4.635887484083874,0.023706896551724137,0.3092167669858757,13.043325443767849
frame_014,frame_007,14,7,40,-7,False,False,835,sundial,0.8581187313512435,0.15301280753975943,0.8957337141036987,0.10426628589630127,0.07982747363459965,4.41528007651802,0.023706896551724137,0.3926830269731567,16.564084046867702
frame_014,frame_008,14,8,40,-6,False,True,835,sundial,0.32193486603550686,1.1334060332918003,0.6587939262390137,0.34120607376098633,0.13654609435018641,3.8861683315076894,0.023706896551724137,0.4589414860256208,19.358986319626187
frame_014,frame_009,14,9,40,-5,False,False,416,"balance beam, beam",0.5704703229853771,0.5612941303400216,0.7172695398330688,0.28273046016693115,0.10219833308306207,4.221704981077872,0.02586206896551724,0.38137211943357807,14.746388618098353
frame_014,frame_010,14,10,40,-4,False,False,416,"balance beam, beam",0.5936044387008297,0.5215421095611861,0.784339189529419,0.21566081047058105,0.12249101773117878,4.367378523381694,0.028017241379310345,0.34863543379678763,12.443603175516111
frame_014,frame_011,14,11,40,-3,False,False,421,"bannister, banister, balustrade, balusters, handrail",0.6923046102329351,0.3677292320209875,0.7896678447723389,0.21033215522766113,0.1343080828236749,3.998925999161035,0.034482758620689655,0.517810489754266,15.016504202873715
frame_014,frame_012,14,12,40,-2,False,False,421,"bannister, banister, balustrade, balusters, handrail",0.7924011691439251,0.23268748871218015,0.856245219707489,0.143754780292511,0.07010937379764466,4.189080266578357,0.03879310344827586,0.40058884935728906,10.326290338987896
frame_014,frame_013,14,13,40,-1,False,False,421,"bannister, banister, balustrade, balusters, handrail",0.7801067838020617,0.2483244663584302,0.8505700826644897,0.14942991733551025,0.06329616165170421,4.350652301724699,0.03879310344827586,0.4824100539738167,12.43545916910283
frame_014,frame_015,14,15,40,1,False,False,912,"worm fence, snake fence, snake-rail fence, Virginia fence",0.33798530227459755,1.0847528688392738,0.7093948125839233,0.29060518741607666,0.07369860372483492,4.318456227222177,0.036637931034482756,0.4666381010629216,12.736475229011507
frame_014,frame_016,14,16,40,2,False,False,416,"balance beam, beam",0.2348951300749897,1.4486161194394174,0.6672160625457764,0.33278393745422363,0.20711067460982005,3.9160544552598893,0.04741379310344827,0.6341419450897762,13.374630114620734
frame_014,frame_017,14,17,40,3,False,False,416,"balance beam, beam",0.5355137808251828,0.624528654924652,0.7981758117675781,0.20182418823242188,0.11084201711824218,4.333701296096851,0.05387931034482758,0.5872262416317678,10.898919044685611
frame_014,frame_000,14,0,50,-14,False,False,835,sundial,0.19406110671210702,1.6395821864634579,0.6338486671447754,0.3661513328552246,0.045860574035223464,4.6975359393044736,0.015086206896551725,0.11201635562988604,7.425084144609589
frame_014,frame_001,14,1,50,-13,False,False,471,cannon,0.33315473296171444,1.0991482333756775,0.6695095300674438,0.33049046993255615,0.0562150894176205,4.640179780633538,0.023706896551724137,0.15335527651864642,6.468804391331995
frame_014,frame_002,14,2,50,-12,False,False,471,cannon,0.3136927089069615,1.1593414063031027,0.6858621835708618,0.3141378164291382,0.039832477205292094,4.807723146136797,0.010775862068965518,0.06863123714533093,6.36897880708671
frame_014,frame_003,14,3,50,-11,False,True,421,"bannister, banister, balustrade, balusters, handrail",0.22990428682968633,1.4700922008897317,0.6222542524337769,0.37774574756622314,0.04534532427177655,4.822618723523861,0.01939655172413793,0.1309693764620138,6.752198964263822
frame_014,frame_004,14,4,50,-10,False,False,835,sundial,0.8622134355431528,0.14825243392905207,0.8927087783813477,0.10729122161865234,0.0369627173998058,4.93481288273205,0.015086206896551725,0.040871577159180134,2.70920168597994
frame_014,frame_005,14,5,50,-9,False,False,835,sundial,0.9179978389321465,0.08556024246883309,0.933074951171875,0.066925048828125,0.07288800948712214,4.862862744307635,0.01939655172413793,0.0406421080854445,2.0953264612940274
frame_014,frame_006,14,6,50,-8,False,False,835,sundial,0.33867691325157534,1.0827086843054126,0.7286574244499207,0.27134257555007935,0.0898064480513486,4.816883641620027,0.023706896551724137,0.06587643881632785,2.778787964616011
frame_014,frame_007,14,7,50,-7,False,False,835,sundial,0.8135777015425791,0.2063138417735919,0.8813696503639221,0.11863034963607788,0.06336359806753285,4.83983531995382,0.023706896551724137,0.16805282141382175,7.0887735578193904
frame_014,frame_008,14,8,50,-6,False,False,835,sundial,0.27249739892244207,1.300126210163139,0.7117897272109985,0.28821027278900146,0.07557383879234507,4.828902590633174,0.023706896551724137,0.15782172498760322,6.65720730856799
frame_014,frame_009,14,9,50,-5,False,False,416,"balance beam, beam",0.6837632276475824,0.38014357969620605,0.7975637912750244,0.20243620872497559,0.055212713721827615,4.880685866720384,0.02586206896551724,0.15168447276506877,5.865132946915993
frame_014,frame_010,14,10,50,-4,False,False,416,"balance beam, beam",0.44009697162765277,0.8207601862893052,0.7814599275588989,0.21854007244110107,0.0512156000303451,4.985544687429808,0.028017241379310345,0.110134079988736,3.9309394703671927
frame_014,frame_011,14,11,50,-3,False,False,421,"bannister, banister, balustrade, balusters, handrail",0.699575542220462,0.3572814961107973,0.8118842840194702,0.18811571598052979,0.05986113814524788,4.840799460943321,0.034482758620689655,0.20624776936545763,5.981185311598272
frame_014,frame_012,14,12,50,-2,True,False,421,"bannister, banister, balustrade, balusters, handrail",0.9279659889472076,0.07476019670892942,0.9357255101203918,0.06427448987960815,0.0525058888143035,5.01607733518637,0.03879310344827586,0.16974219666653736,4.375576625181852
frame_014,frame_013,14,13,50,-1,False,False,421,"bannister, banister, balustrade, balusters, handrail",0.8817728367743367,0.1258208108258705,0.8994880318641663,0.10051196813583374,0.06377589718038124,5.017507672287511,0.03879310344827586,0.15741459481323686,4.05779844407455
frame_014,frame_015,14,15,50,1,False,False,912,"worm fence, snake fence, snake-rail fence, Virginia fence",0.38930068308847143,0.9434032697089786,0.7088626027107239,0.2911373972892761,0.052093885996331475,4.959387017525832,0.036637931034482756,0.14595544603500277,3.983725115308311
frame_014,frame_016,14,16,50,2,False,False,416,"balance beam, beam",0.3743695289956357,0.9825119239203445,0.6734764575958252,0.3265235424041748,0.055056639272602854,5.110249479223676,0.04741379310344827,0.15662748591026288,3.303416066470999
frame_014,frame_017,14,17,50,3,False,False,416,"balance beam, beam",0.5947444999422818,0.5196233775218942,0.7788784503936768,0.22112154960632324,0.03382953636948058,5.129683359117342,0.05387931034482758,0.17412882710742275,3.2318310311137664
frame_015,frame_000,15,0,5,-15,False,False,791,shopping cart,0.3929778623810357,0.9340019985187071,0.6119171380996704,0.3880828619003296,0.03551528115292228,5.247628469039621,0.015086206896551725,0.15880721479442644,10.526649666373409
frame_015,frame_001,15,1,5,-14,False,False,791,shopping cart,0.40629182547548853,0.9006835956211067,0.6115250587463379,0.3884749412536621,0.03359516372370638,5.245801119686077,0.023706896551724137,0.17755007695222164,7.489385064166441
frame_015,frame_002,15,2,5,-13,False,False,791,shopping cart,0.289790483567422,1.2385970875663328,0.5736445188522339,0.4263554811477661,0.034683808500127776,5.343629948861803,0.010775862068965518,0.07579937816383939,7.034182293604295
frame_015,frame_003,15,3,5,-12,False,False,791,shopping cart,0.28919438560009847,1.2406562024402659,0.56560218334198,0.43439781665802,0.03525003756230907,5.334543985129002,0.01939655172413793,0.1521333916070574,7.8433215228527375
frame_015,frame_004,15,4,5,-11,False,False,835,sundial,0.2359305692348542,1.4442177153986921,0.5948411226272583,0.4051588773727417,0.023704959118775338,5.420891744164296,0.015086206896551725,0.09901915367283325,6.5635553291706605
frame_015,frame_005,15,5,5,-10,False,False,835,sundial,0.19069890050324204,1.6570595319758035,0.5394476652145386,0.4605523347854614,0.028774233538281898,5.380828703317674,0.01939655172413793,0.12858970185376117,6.629513517793909
frame_015,frame_006,15,6,5,-9,False,True,835,sundial,0.20080815257349174,1.6054052915231432,0.5334793329238892,0.46652066707611084,0.026597499921918188,5.429240330191632,0.023706896551724137,0.15218436388088577,6.419413167339182
frame_015,frame_007,15,7,5,-8,False,False,835,sundial,0.3116288361384971,1.1659424271026808,0.5832433104515076,0.41675668954849243,0.036662809971438046,5.388986927730905,0.023706896551724137,0.213429296509843,9.002835780051559
frame_015,frame_008,15,8,5,-7,False,False,835,sundial,0.18773339201489336,1.6727324502271304,0.5629221200942993,0.4370778799057007,0.03126994174789485,5.341339473065995,0.023706896551724137,0.19871625195724926,8.38221280983306
frame_015,frame_009,15,9,5,-6,False,False,510,"container ship, containership, container vessel",0.12155639167532369,2.10737699486108,0.5363771915435791,0.4636228084564209,0.03455424993646102,5.352748861231804,0.02586206896551724,0.1851988509634535,7.161022237253536
frame_015,frame_010,15,10,5,-5,False,False,510,"container ship, containership, container vessel",0.14000769397045865,1.9660579009510621,0.5583903789520264,0.44160962104797363,0.03301710769460589,5.388142525767281,0.028017241379310345,0.16376547644707518,5.8451677747263755
frame_015,frame_011,15,11,5,-4,False,False,573,go-kart,0.1570752125144134,1.851030527745365,0.5755255222320557,0.42447447776794434,0.041214908826051694,5.29234323214659,0.034482758620689655,0.24547201539451258,7.118688446440864
frame_015,frame_012,15,12,5,-3,False,False,573,go-kart,0.17562300081558974,1.7394156222153452,0.6232743263244629,0.3767256736755371,0.025822590667741712,5.361183603147044,0.03879310344827586,0.24208368899991706,6.240379538664528
frame_015,frame_013,15,13,5,-2,False,False,573,go-kart,0.31374986051524195,1.1591592331091762,0.6226118803024292,0.3773881196975708,0.022791359748552238,5.413925948357346,0.03879310344827586,0.25354577679165813,6.535846690629409
frame_015,frame_014,15,14,5,-1,True,False,912,"worm fence, snake fence, snake-rail fence, Virginia fence",0.4516102172486783,0.794935822408358,0.6702550649642944,0.32974493503570557,0.03113835636814119,5.422983007352252,0.034482758620689655,0.20565865851412707,5.964101096909685
frame_015,frame_016,15,16,5,1,False,False,912,"worm fence, snake fence, snake-rail fence, Virginia fence",0.3546266000372215,1.0366898739500918,0.5739685297012329,0.4260314702987671,0.027769442494340133,5.408302532222417,0.04741379310344827,0.2862585920864493,6.037453942186931
frame_015,frame_017,15,17,5,2,False,False,791,shopping cart,0.22169746882069538,1.5064415795621904,0.5561524629592896,0.44384753704071045,0.02441209887494008,5.40620755368615,0.05387931034482758,0.28378771226265653,5.267099939594906
frame_015,frame_000,15,0,10,-15,False,True,835,sundial,0.23250623265405657,1.4588382471998085,0.5932960510253906,0.4067039489746094,0.06041529059169467,4.874674055829839,0.015086206896551725,0.12659496759541156,8.391437852038708
frame_015,frame_001,15,1,10,-14,False,False,421,"bannister, banister, balustrade, balusters, handrail",0.37845016637184486,0.9716708756132513,0.6741055250167847,0.32589447498321533,0.04819253827701204,4.8191875793885695,0.023706896551724137,0.20515698816054498,8.653894773317534
frame_015,frame_002,15,2,10,-13,False,False,421,"bannister, banister, balustrade, balusters, handrail",0.35845623493306056,1.0259487046845517,0.7001522779464722,0.29984772205352783,0.05431421146660927,4.869795668564981,0.010775862068965518,0.13718189600461703,12.730479949228458
frame_015,frame_003,15,3,10,-12,False,False,421,"bannister, banister, balustrade, balusters, handrail",0.4393133190855636,0.8225424095764156,0.7421523928642273,0.2578476071357727,0.048465296243684244,4.906608613834303,0.01939655172413793,0.15803713558575402,8.147692323532207
frame_015,frame_004,15,4,10,-11,False,False,835,sundial,0.7228303037656676,0.3245807956231744,0.8197274208068848,0.18027257919311523,0.05670583614401258,5.003115986419048,0.015086206896551725,0.09615518281786667,6.373714975355734
frame_015,frame_005,15,5,10,-10,False,False,835,sundial,0.7585654799784075,0.2763261556685874,0.8479368686676025,0.15206313133239746,0.05572670736733233,5.126152899798598,0.01939655172413793,0.07494224217432292,3.863688929876204
frame_015,frame_006,15,6,10,-9,False,False,835,sundial,0.37756410986302263,0.9740148972603913,0.7419441938400269,0.25805580615997314,0.06712157269226084,5.035401928578595,0.023706896551724137,0.10143329094843996,4.278640636370558
frame_015,frame_007,15,7,10,-8,False,False,835,sundial,0.7217806342253932,0.32603401696796497,0.8254615068435669,0.1745384931564331,0.07440707944481198,4.996943171891756,0.023706896551724137,0.16484031142850766,6.953264045711596
frame_015,frame_008,15,8,10,-7,False,False,835,sundial,0.3527472487805627,1.0420034876260138,0.6925798058509827,0.30742019414901733,0.05746346753499274,4.8576616066476745,0.023706896551724137,0.2192956307631922,9.250288424920107
frame_015,frame_009,15,9,10,-6,False,False,416,"balance beam, beam",0.648255730270284,0.4334700150030739,0.7944905757904053,0.20550942420959473,0.07137209153154551,4.884081513634156,0.02586206896551724,0.21239150384210215,8.212471481894616
frame_015,frame_010,15,10,10,-5,False,False,416,"balance beam, beam",0.6233759681751054,0.4726054619987803,0.8036707639694214,0.1963292360305786,0.06065578780587191,4.940968887348366,0.028017241379310345,0.1998948699551722,7.134709204553838
frame_015,frame_011,15,11,10,-4,False,False,421,"bannister, banister, balustrade, balusters, handrail",0.6228520096389929,0.4734463331336176,0.7707735300064087,0.2292264699935913,0.07921467537906064,4.848592433874969,0.034482758620689655,0.30456814162630597,8.832476107162874
frame_015,frame_012,15,12,10,-3,True,False,421,"bannister, banister, balustrade, balusters, handrail",0.8459632365683539,0.16727937591309772,0.8906229138374329,0.10937708616256714,0.0659661507610669,5.017979616475637,0.03879310344827586,0.2559150627603969,6.596921617823564
frame_015,frame_013,15,13,10,-2,False,False,421,"bannister, banister, balustrade, balusters, handrail",0.8342937220379208,0.18116975392811696,0.8695099353790283,0.13049006462097168,0.03734571871592171,5.117296089632351,0.03879310344827586,0.25942422279276445,6.6873799653245944
frame_015,frame_014,15,14,10,-1,False,False,421,"bannister, banister, balustrade, balusters, handrail",0.24524956219564184,1.4054789656732556,0.644586443901062,0.355413556098938,0.0392511528896861,5.036490979009666,0.034482758620689655,0.25816538932235356,7.486796290348253
frame_015,frame_016,15,16,10,1,False,False,416,"balance beam, beam",0.5152762879749611,0.6630520406683766,0.714651346206665,0.28534865379333496,0.04031958888682382,5.122890646836799,0.04741379310344827,0.28781006295583006,6.070175873250235
frame_015,frame_017,15,17,10,2,False,False,416,"balance beam, beam",0.864413765074711,0.14570373004918435,0.887563943862915,0.11243605613708496,0.035010173898340644,5.169654936414142,0.05387931034482758,0.30241883541795817,5.612893585357304
frame_015,frame_000,15,0,20,-15,False,True,421,"bannister, banister, balustrade, balusters, handrail",0.16813503047406134,1.7829878695934083,0.560868501663208,0.439131498336792,0.014343087527616006,5.669371731305009,0.015086206896551725,0.03923752708423883,2.600887509583831
frame_015,frame_001,15,1,20,-14,False,False,835,sundial,0.186779196574069,1.6778281267657058,0.6041889190673828,0.3958110809326172,0.021293614308893875,5.6387807646627435,0.023706896551724137,0.06422733264705795,2.7092256680213533
frame_015,frame_002,15,2,20,-13,False,False,835,sundial,0.3054762991920385,1.185883083766127,0.6697975397109985,0.33020246028900146,0.01836915119432684,5.690222429866575,0.010775862068965518,0.02715995708950699,2.5204440179062484
frame_015,frame_003,15,3,20,-12,False,False,421,"bannister, banister, balustrade, balusters, handrail",0.5018149426627155,0.6895238673689907,0.6902049779891968,0.3097950220108032,0.02045931871559694,5.664222728817974,0.01939655172413793,0.0378890299932266,1.9533899907619048
frame_015,frame_004,15,4,20,-11,False,False,835,sundial,0.6357378769752826,0.4529689437169587,0.7735067009925842,0.22649329900741577,0.026211531835102785,5.682738710645461,0.015086206896551725,0.027783112137210245,1.8416234330950791
frame_015,frame_005,15,5,20,-10,False,False,835,sundial,0.6401604697872805,0.44603640001432054,0.7928293943405151,0.20717060565948486,0.021270671623522478,5.691719747377305,0.01939655172413793,0.02872065044524591,1.4807090896215669
frame_015,frame_006,15,6,20,-9,False,False,675,moving van,0.2787710154354131,1.2773645673530705,0.6678293943405151,0.33217060565948486,0.02366720897006388,5.685125148876962,0.023706896551724137,0.03211993239764235,1.3548771484096411
frame_015,frame_007,15,7,20,-8,False,False,835,sundial,0.7333219354600511,0.310170470979102,0.8049387335777283,0.19506126642227173,0.02085730811365274,5.674864908426305,0.023706896551724137,0.049624580784927104,2.0932550440187434
frame_015,frame_008,15,8,20,-7,False,False,421,"bannister, banister, balustrade, balusters, handrail",0.48613919465874167,0.7212602873259604,0.6922610998153687,0.30773890018463135,0.025138918473833646,5.650620694044026,0.023706896551724137,0.04811596069333326,2.029618705609694
frame_015,frame_009,15,9,20,-6,False,False,421,"bannister, banister, balustrade, balusters, handrail",0.2700190702672723,1.30926269185846,0.6186428666114807,0.3813571333885193,0.021086292467618614,5.67386032751729,0.02586206896551724,0.045050377819836,1.7419479423669921
frame_015,frame_010,15,10,20,-5,False,False,421,"bannister, banister, balustrade, balusters, handrail",0.3571780814064835,1.0295207941064197,0.6853224039077759,0.3146775960922241,0.028920637398104604,5.654277516476196,0.028017241379310345,0.06120571414611886,2.184573181830704
frame_015,frame_011,15,11,20,-4,False,False,421,"bannister, banister, balustrade, balusters, handrail",0.6422044600333366,0.44284855242194404,0.7766138315200806,0.22338616847991943,0.0304116109102079,5.679869357423703,0.034482758620689655,0.07296191050328853,2.1158954045953675
frame_015,frame_012,15,12,20,-3,True,False,421,"bannister, banister, balustrade, balusters, handrail",0.8684405091756188,0.14105619400562475,0.9000714421272278,0.09992855787277222,0.03629918335040638,5.710616268950641,0.03879310344827586,0.0705444353218892,1.818478777186477
frame_015,frame_013,15,13,20,-2,False,False,421,"bannister, banister, balustrade, balusters, handrail",0.7982223309984445,0.22536811006322321,0.8486945033073425,0.15130549669265747,0.035602547444118844,5.723136178321593,0.03879310344827586,0.07805377478521257,2.012052861129924
frame_015,frame_014,15,14,20,-1,False,False,421,"bannister, banister, balustrade, balusters, handrail",0.33957960039867335,1.0800468958466176,0.6879715919494629,0.3120284080505371,0.03163425246766308,5.71258935845364,0.034482758620689655,0.06989676657094797,2.027006230557491
frame_015,frame_016,15,16,20,1,False,False,471,cannon,0.2519118234676317,1.3786761595768855,0.6398072242736816,0.36019277572631836,0.03389149107383838,5.734429825922784,0.04741379310344827,0.08516727735014537,1.796255304112157
frame_015,frame_017,15,17,20,2,False,False,416,"balance beam, beam",0.23688030179480743,1.4402003211487169,0.6630918979644775,0.33690810203552246,0.018431108523782255,5.776485011359908,0.05387931034482758,0.0881450459406863,1.6359720526591377
frame_015,frame_000,15,0,30,-15,False,True,835,sundial,0.27242568404647705,1.3003894211689504,0.569024920463562,0.430975079536438,0.02445233967094008,5.404455074046501,0.015086206896551725,0.008946521430354896,0.5930265633835246
frame_015,frame_001,15,1,30,-14,False,False,835,sundial,0.25560264503452934,1.3641312081968966,0.5697537660598755,0.4302462339401245,0.032228875439742295,5.340997905451825,0.023706896551724137,0.02490532353517997,1.0505518291203189
frame_015,frame_002,15,2,30,-13,False,False,835,sundial,0.32380290062050965,1.1276202797166204,0.6313382387161255,0.3686617612838745,0.023315902701821732,5.429903169055521,0.010775862068965518,0.010102738176581083,0.9375341027867244
frame_015,frame_003,15,3,30,-12,False,False,421,"bannister, banister, balustrade, balusters, handrail",0.3493917728971768,1.0515614279326786,0.6306904554367065,0.36930954456329346,0.03198501411284328,5.465012617717831,0.01939655172413793,0.013682946088574009,0.7054318872331489
frame_015,frame_004,15,4,30,-11,False,False,835,sundial,0.8093472027828037,0.2115272787361393,0.8488396406173706,0.1511603593826294,0.02633984771552506,5.448046508791225,0.015086206896551725,0.006992762591223651,0.463520263189682
frame_015,frame_005,15,5,30,-10,False,False,835,sundial,0.830829571339205,0.1853305938013894,0.8619233965873718,0.13807660341262817,0.038975491708804974,5.427558071159335,0.01939655172413793,0.006067306117670936,0.312803337622146
frame_015,frame_006,15,6,30,-9,False,False,835,sundial,0.3603318635707619,1.0207298289164102,0.6445415616035461,0.35545843839645386,0.0286571204351838,5.463637477904755,0.023706896551724137,0.01197619876628593,0.5051778388687883
frame_015,frame_007,15,7,30,-8,False,False,835,sundial,0.7263445414281675,0.3197308017624989,0.8086420297622681,0.19135797023773193,0.020044971476017203,5.487450670196789,0.023706896551724137,0.016795799202886732,0.7084773481944949
frame_015,frame_008,15,8,30,-7,False,False,835,sundial,0.2467696011484238,1.3993001665452063,0.626466691493988,0.37353330850601196,0.030448563874465467,5.442020132501786,0.023706896551724137,0.012613004184003006,0.5320394492161268
frame_015,frame_009,15,9,30,-6,False,False,416,"balance beam, beam",0.20589020228991448,1.580412250879447,0.5804343223571777,0.41956567764282227,0.031336341132022105,5.4402037581834275,0.02586206896551724,0.021094376565365433,0.8156492271941301
frame_015,frame_010,15,10,30,-5,False,False,421,"bannister, banister, balustrade, balusters, handrail",0.2835220700406989,1.2604653103762913,0.6886866092681885,0.3113133907318115,0.029907487843024456,5.454656107830048,0.028017241379310345,0.024355231530381456,0.8692944176997689
frame_015,frame_011,15,11,30,-4,False,False,421,"bannister, banister, balustrade, balusters, handrail",0.7149072775242163,0.3356024264818518,0.7892047762870789,0.21079522371292114,0.0201481340877846,5.512026205046652,0.034482758620689655,0.028691602847318136,0.832056482572226
frame_015,frame_012,15,12,30,-3,False,False,421,"bannister, banister, balustrade, balusters, handrail",0.8422429119814562,0.17168681230647964,0.8837282061576843,0.11627179384231567,0.04451033484446924,5.392748031865887,0.03879310344827586,0.06366698343826607,1.641193350853081
frame_015,frame_013,15,13,30,-2,True,False,421,"bannister, banister, balustrade, balusters, handrail",0.8428693083151603,0.17094336465354487,0.8848204016685486,0.11517959833145142,0.04408778248553387,5.2950437373659724,0.03879310344827586,0.061585651440001984,1.587541237120051
frame_015,frame_014,15,14,30,-1,False,False,421,"bannister, banister, balustrade, balusters, handrail",0.31085504004461156,1.1684285846468678,0.6604878902435303,0.3395121097564697,0.03149778405745781,5.397141368449194,0.034482758620689655,0.01490377633605839,0.43220951374569333
frame_015,frame_016,15,16,30,1,False,False,912,"worm fence, snake fence, snake-rail fence, Virginia fence",0.18317299818755486,1.6973242274109752,0.5946180820465088,0.4053819179534912,0.029244843711983513,5.365749839648254,0.04741379310344827,0.026042726535606124,0.5492647778418747
frame_015,frame_017,15,17,30,2,False,False,612,"jinrikisha, ricksha, rickshaw",0.2234241775706098,1.498683172730252,0.6773041486740112,0.32269585132598877,0.030210213606067748,5.334384600143597,0.05387931034482758,0.024800086534917856,0.46028960608807545
frame_015,frame_000,15,0,40,-15,False,False,835,sundial,0.41413559501970093,0.8815618345789895,0.6720808744430542,0.3279191255569458,0.10975334750815863,4.094676351990762,0.015086206896551725,0.3721406703835354,24.6676101511372
frame_015,frame_001,15,1,40,-14,False,False,835,sundial,0.5012578517667124,0.6906346361115494,0.6979684829711914,0.3020315170288086,0.15609041037641555,3.8934890391570325,0.023706896551724137,0.43054558929893744,18.161195766791543
frame_015,frame_002,15,2,40,-13,False,False,835,sundial,0.49448158282819765,0.704245372640858,0.707770824432373,0.29222917556762695,0.20138301574757586,3.826205620794176,0.010775862068965518,0.3073768138242811,28.524568322893284
frame_015,frame_003,15,3,40,-12,False,False,835,sundial,0.43151551426798357,0.8404518148338846,0.6686115264892578,0.3313884735107422,0.0802927400530144,4.145068205074292,0.01939655172413793,0.3525246920402206,18.174606345184706
frame_015,frame_004,15,4,40,-11,False,False,835,sundial,0.8941529767404104,0.11187840352495204,0.9053211212158203,0.09467887878417969,0.07284526574430907,4.302823170971973,0.015086206896551725,0.2604358865167572,17.263178763396475
frame_015,frame_005,15,5,40,-10,True,False,835,sundial,0.8876427731299287,0.11918589943862523,0.9141285419464111,0.08587145805358887,0.07987120619570245,4.446562047557823,0.01939655172413793,0.2710533280260646,13.974304911565996
frame_015,frame_006,15,6,40,-9,False,False,835,sundial,0.41567707926327385,0.8778465719312614,0.713974118232727,0.28602588176727295,0.10645671150325293,4.519903996717181,0.023706896551724137,0.3367003162320023,14.202631521059008
frame_015,frame_007,15,7,40,-8,False,False,835,sundial,0.8581187313512435,0.15301280753975943,0.8957337141036987,0.10426628589630127,0.09460292713683303,4.288389795726067,0.023706896551724137,0.41369157376409466,17.450262747867267
frame_015,frame_008,15,8,40,-7,False,False,835,sundial,0.32193486603550686,1.1334060332918003,0.6587939262390137,0.34120607376098633,0.1274489422697652,3.820533264179166,0.023706896551724137,0.4825428252755208,20.354533720712876
frame_015,frame_009,15,9,40,-6,False,False,416,"balance beam, beam",0.5704703229853771,0.5612941303400216,0.7172695398330688,0.28273046016693115,0.1120141451010835,4.119977429866884,0.02586206896551724,0.41622680054388916,16.094102954363713
frame_015,frame_010,15,10,40,-5,False,False,416,"balance beam, beam",0.5936044387008297,0.5215421095611861,0.784339189529419,0.21566081047058105,0.12890425245603487,4.278259351103313,0.028017241379310345,0.3759798551033996,13.419588674459801
frame_015,frame_011,15,11,40,-4,False,False,421,"bannister, banister, balustrade, balusters, handrail",0.6923046102329351,0.3677292320209875,0.7896678447723389,0.21033215522766113,0.13673875496987375,3.958263977248798,0.034482758620689655,0.5350513755090069,15.516489889761202
frame_015,frame_012,15,12,40,-3,False,False,421,"bannister, banister, balustrade, balusters, handrail",0.7924011691439251,0.23268748871218015,0.856245219707489,0.143754780292511,0.0669676751389705,4.143813886783175,0.03879310344827586,0.41809965822023426,10.77768007856604
frame_015,frame_013,15,13,40,-2,False,False,421,"bannister, banister, balustrade, balusters, handrail",0.7801067838020617,0.2483244663584302,0.8505700826644897,0.14942991733551025,0.06742932589310631,4.252969787504604,0.03879310344827586,0.5073223480331419,13.07764274929877
frame_015,frame_014,15,14,40,-1,False,True,912,"worm fence, snake fence, snake-rail fence, Virginia fence",0.2813214934776703,1.26825715873489,0.6578179597854614,0.3421820402145386,0.08117625822816986,4.2572261957491975,0.034482758620689655,0.43973969407375463,12.752451128138885
frame_015,frame_016,15,16,40,1,False,False,416,"balance beam, beam",0.2348951300749897,1.4486161194394174,0.6672160625457764,0.33278393745422363,0.1976476248793906,3.892211675263673,0.04741379310344827,0.644570580663072,13.594579519439339
frame_015,frame_017,15,17,40,2,False,False,416,"balance beam, beam",0.5355137808251828,0.624528654924652,0.7981758117675781,0.20182418823242188,0.12092708032463657,4.245996271677263,0.05387931034482758,0.6048055039658824,11.225190153606778
frame_015,frame_000,15,0,50,-15,False,False,835,sundial,0.19406110671210702,1.6395821864634579,0.6338486671447754,0.3661513328552246,0.053138806053361354,4.646785737646461,0.015086206896551725,0.10605459621174006,7.029904663178198
frame_015,frame_001,15,1,50,-14,False,False,471,cannon,0.33315473296171444,1.0991482333756775,0.6695095300674438,0.33049046993255615,0.056788258004109714,4.603616141876767,0.023706896551724137,0.14331495861655405,6.04528552709828
frame_015,frame_002,15,2,50,-13,False,False,471,cannon,0.3136927089069615,1.1593414063031027,0.6858621835708618,0.3141378164291382,0.03770778715426199,4.760204933877341,0.010775862068965518,0.06514340943935773,6.0453083959723966
frame_015,frame_003,15,3,50,-12,False,True,421,"bannister, banister, balustrade, balusters, handrail",0.22990428682968633,1.4700922008897317,0.6222542524337769,0.37774574756622314,0.04824974438001688,4.790040355972871,0.01939655172413793,0.12520506200047357,6.455016529802193
frame_015,frame_004,15,4,50,-11,False,False,835,sundial,0.8622134355431528,0.14825243392905207,0.8927087783813477,0.10729122161865234,0.040546931096035764,4.875089029619801,0.015086206896551725,0.03470756419774188,2.3006156839646046
frame_015,frame_005,15,5,50,-10,False,False,835,sundial,0.9179978389321465,0.08556024246883309,0.933074951171875,0.066925048828125,0.0786533135656325,4.805444276379234,0.01939655172413793,0.03890175738725402,2.0056017141873186
frame_015,frame_006,15,6,50,-9,False,False,835,sundial,0.33867691325157534,1.0827086843054126,0.7286574244499207,0.27134257555007935,0.10023575940505297,4.723589359450656,0.023706896551724137,0.060171562228262254,2.538145897628517
frame_015,frame_007,15,7,50,-8,False,False,835,sundial,0.8135777015425791,0.2063138417735919,0.8813696503639221,0.11863034963607788,0.059746990741766565,4.805677843745725,0.023706896551724137,0.15932404887573148,6.7205780616672195
frame_015,frame_008,15,8,50,-7,False,False,835,sundial,0.27249739892244207,1.300126210163139,0.7117897272109985,0.28821027278900146,0.07885250565955662,4.7642981507904105,0.023706896551724137,0.15483224970478981,6.531105805729316
frame_015,frame_009,15,9,50,-6,False,False,416,"balance beam, beam",0.6837632276475824,0.38014357969620605,0.7975637912750244,0.20243620872497559,0.06221333572826288,4.838551913052706,0.02586206896551724,0.1519378432853506,5.87492994036689
frame_015,frame_010,15,10,50,-5,False,False,416,"balance beam, beam",0.44009697162765277,0.8207601862893052,0.7814599275588989,0.21854007244110107,0.06110616765130604,4.95341562860274,0.028017241379310345,0.10650378020560437,3.8013656934923405
frame_015,frame_011,15,11,50,-4,False,False,421,"bannister, banister, balustrade, balusters, handrail",0.699575542220462,0.3572814961107973,0.8118842840194702,0.18811571598052979,0.06252046764634779,4.826281623605498,0.034482758620689655,0.1957046023149396,5.6754334671332485
frame_015,frame_012,15,12,50,-3,True,False,421,"bannister, banister, balustrade, balusters, handrail",0.9279659889472076,0.07476019670892942,0.9357255101203918,0.06427448987960815,0.05821805363570705,4.968367165371441,0.03879310344827586,0.16757471641616786,4.319703800950105
frame_015,frame_013,15,13,50,-2,False,False,421,"bannister, banister, balustrade, balusters, handrail",0.8817728367743367,0.1258208108258705,0.8994880318641663,0.10051196813583374,0.0672023675573003,4.97057176270509,0.03879310344827586,0.14706179832242033,3.790926356755724
frame_015,frame_014,15,14,50,-1,False,False,912,"worm fence, snake fence, snake-rail fence, Virginia fence",0.22780530407661753,1.479263944321695,0.6400886178016663,0.35991138219833374,0.0743609658412747,4.924043531770389,0.034482758620689655,0.11050601865425178,3.2046745409733015
frame_015,frame_016,15,16,50,1,False,False,416,"balance beam, beam",0.3743695289956357,0.9825119239203445,0.6734764575958252,0.3265235424041748,0.06435519388891692,5.06548150565579,0.04741379310344827,0.146455260076632,3.0888745761616936
frame_015,frame_017,15,17,50,2,False,False,416,"balance beam, beam",0.5947444999422818,0.5196233775218942,0.7788784503936768,0.22112154960632324,0.0364042705103803,5.101395923707923,0.05387931034482758,0.16287272981181627,3.0229178653073103
frame_016,frame_000,16,0,5,-16,False,False,791,shopping cart,0.3929778623810357,0.9340019985187071,0.6119171380996704,0.3880828619003296,0.03682146235866523,5.221635896702946,0.015086206896551725,0.16640015104971884,11.029952869581363
frame_016,frame_001,16,1,5,-15,False,False,791,shopping cart,0.40629182547548853,0.9006835956211067,0.6115250587463379,0.3884749412536621,0.034360122112107976,5.218972145158926,0.023706896551724137,0.18666195988613868,7.873740853378941
frame_016,frame_002,16,2,5,-14,False,False,791,shopping cart,0.289790483567422,1.2385970875663328,0.5736445188522339,0.4263554811477661,0.03658735348510206,5.3207272164223784,0.010775862068965518,0.07891910595864031,7.32369303296182
frame_016,frame_003,16,3,5,-13,False,False,791,shopping cart,0.28919438560009847,1.2406562024402659,0.56560218334198,0.43439781665802,0.037226394846760144,5.303635096165655,0.01939655172413793,0.1577262372489427,8.1316637870566
frame_016,frame_004,16,4,5,-12,False,False,835,sundial,0.2359305692348542,1.4442177153986921,0.5948411226272583,0.4051588773727417,0.02607501492175311,5.402774144174277,0.015086206896551725,0.10355684750646206,6.864339606142628
frame_016,frame_005,16,5,5,-11,False,False,835,sundial,0.19069890050324204,1.6570595319758035,0.5394476652145386,0.4605523347854614,0.030748980386284788,5.360449741600521,0.01939655172413793,0.13342517357457387,6.878808948733586
frame_016,frame_006,16,6,5,-10,False,True,835,sundial,0.20080815257349174,1.6054052915231432,0.5334793329238892,0.46652066707611084,0.027563043188591485,5.412789571072246,0.023706896551724137,0.15687159637645534,6.617129156243207
frame_016,frame_007,16,7,5,-9,False,False,835,sundial,0.3116288361384971,1.1659424271026808,0.5832433104515076,0.41675668954849243,0.0389547605497871,5.371798489305256,0.023706896551724137,0.2194398567146066,9.25637213777977
frame_016,frame_008,16,8,5,-8,False,False,835,sundial,0.18773339201489336,1.6727324502271304,0.5629221200942993,0.4370778799057007,0.03349503035283675,5.316697455066313,0.023706896551724137,0.20746188305263935,8.75111943058406
frame_016,frame_009,16,9,5,-7,False,False,510,"container ship, containership, container vessel",0.12155639167532369,2.10737699486108,0.5363771915435791,0.4636228084564209,0.03437613295617662,5.333695009446409,0.02586206896551724,0.18950266284832504,7.327436296801902
frame_016,frame_010,16,10,5,-6,False,False,510,"container ship, containership, container vessel",0.14000769397045865,1.9660579009510621,0.5583903789520264,0.44160962104797363,0.03525472420819094,5.369900449195491,0.028017241379310345,0.16644538418780105,5.94081986639536
frame_016,frame_011,16,11,5,-5,False,False,573,go-kart,0.1570752125144134,1.851030527745365,0.5755255222320557,0.42447447776794434,0.04343856847992696,5.262780033215818,0.034482758620689655,0.25250191130303284,7.322555427787953
frame_016,frame_012,16,12,5,-4,False,False,573,go-kart,0.17562300081558974,1.7394156222153452,0.6232743263244629,0.3767256736755371,0.02811864749115623,5.341064962562924,0.03879310344827586,0.2475824240969782,6.382124710055438
frame_016,frame_013,16,13,5,-3,False,False,573,go-kart,0.31374986051524195,1.1591592331091762,0.6226118803024292,0.3773881196975708,0.024357685920818432,5.402084960849056,0.03879310344827586,0.26076619272803536,6.7219729681004665
frame_016,frame_014,16,14,5,-2,False,False,912,"worm fence, snake fence, snake-rail fence, Virginia fence",0.4516102172486783,0.794935822408358,0.6702550649642944,0.32974493503570557,0.0357417914926702,5.403127598389887,0.034482758620689655,0.20491582806041933,5.9425590137521604
frame_016,frame_015,16,15,5,-1,True,False,912,"worm fence, snake fence, snake-rail fence, Virginia fence",0.5791508891089302,0.5461922324086723,0.6961313486099243,0.3038686513900757,0.026042222987864017,5.412194208137693,0.036637931034482756,0.21551000033443482,5.882155303245751
frame_016,frame_017,16,17,5,1,False,False,791,shopping cart,0.22169746882069538,1.5064415795621904,0.5561524629592896,0.44384753704071045,0.02566648325773105,5.381973629339306,0.05387931034482758,0.2895562457889569,5.37416392184304
frame_016,frame_000,16,0,10,-16,False,True,835,sundial,0.23250623265405657,1.4588382471998085,0.5932960510253906,0.4067039489746094,0.06959684080970327,4.785940209251577,0.015086206896551725,0.1607425792314111,10.654936680482107
frame_016,frame_001,16,1,10,-15,False,False,421,"bannister, banister, balustrade, balusters, handrail",0.37845016637184486,0.9716708756132513,0.6741055250167847,0.32589447498321533,0.054383285053673895,4.71297999332853,0.023706896551724137,0.23975868162450276,10.113457115797207
frame_016,frame_002,16,2,10,-14,False,False,421,"bannister, banister, balustrade, balusters, handrail",0.35845623493306056,1.0259487046845517,0.7001522779464722,0.29984772205352783,0.05516072014036939,4.779534130817823,0.010775862068965518,0.1566892310316731,14.540760639739261
frame_016,frame_003,16,3,10,-13,False,False,421,"bannister, banister, balustrade, balusters, handrail",0.4393133190855636,0.8225424095764156,0.7421523928642273,0.2578476071357727,0.05173134779016938,4.853683498949365,0.01939655172413793,0.18856578032124263,9.721613563228509
frame_016,frame_004,16,4,10,-12,False,False,835,sundial,0.7228303037656676,0.3245807956231744,0.8197274208068848,0.18027257919311523,0.05100581815345667,4.986803619208471,0.015086206896551725,0.1095036500781163,7.2585276623208514
frame_016,frame_005,16,5,10,-11,False,False,835,sundial,0.7585654799784075,0.2763261556685874,0.8479368686676025,0.15206313133239746,0.049820583190116265,5.122045745983751,0.01939655172413793,0.08724249237461308,4.497835162424496
frame_016,frame_006,16,6,10,-10,False,False,835,sundial,0.37756410986302263,0.9740148972603913,0.7419441938400269,0.25805580615997314,0.06078765079077528,5.032818894716712,0.023706896551724137,0.11763362529313542,4.962000194183167
frame_016,frame_007,16,7,10,-9,False,False,835,sundial,0.7217806342253932,0.32603401696796497,0.8254615068435669,0.1745384931564331,0.06548211684270501,4.996999552773991,0.023706896551724137,0.17966715697414987,7.578687348727777
frame_016,frame_008,16,8,10,-8,False,False,835,sundial,0.3527472487805627,1.0420034876260138,0.6925798058509827,0.30742019414901733,0.0642279081210555,4.772953143108979,0.023706896551724137,0.24334409312410224,10.264696291780313
frame_016,frame_009,16,9,10,-7,False,False,416,"balance beam, beam",0.648255730270284,0.4334700150030739,0.7944905757904053,0.20550942420959473,0.0745078321368203,4.780272524658769,0.02586206896551724,0.22048269469265921,8.52533086144949
frame_016,frame_010,16,10,10,-6,False,False,416,"balance beam, beam",0.6233759681751054,0.4726054619987803,0.8036707639694214,0.1963292360305786,0.06519329677985654,4.836691540761517,0.028017241379310345,0.20455585060014228,7.301070359882002
frame_016,frame_011,16,11,10,-5,False,False,421,"bannister, banister, balustrade, balusters, handrail",0.6228520096389929,0.4734463331336176,0.7707735300064087,0.2292264699935913,0.08535522360488028,4.751840496132442,0.034482758620689655,0.324572852936864,9.412612735169056
frame_016,frame_012,16,12,10,-4,True,False,421,"bannister, banister, balustrade, balusters, handrail",0.8459632365683539,0.16727937591309772,0.8906229138374329,0.10937708616256714,0.0681379592454686,4.923939752781958,0.03879310344827586,0.2660914110154108,6.859245261730589
frame_016,frame_013,16,13,10,-3,False,False,421,"bannister, banister, balustrade, balusters, handrail",0.8342937220379208,0.18116975392811696,0.8695099353790283,0.13049006462097168,0.044957455104469295,5.015481562513658,0.03879310344827586,0.28173453690170075,7.262490284577175
frame_016,frame_014,16,14,10,-2,False,False,421,"bannister, banister, balustrade, balusters, handrail",0.24524956219564184,1.4054789656732556,0.644586443901062,0.355413556098938,0.037257339536649524,4.9647160051643855,0.034482758620689655,0.26614306721735576,7.718148949303317
frame_016,frame_015,16,15,10,-1,False,False,912,"worm fence, snake fence, snake-rail fence, Virginia fence",0.2911775764093349,1.2338219697133956,0.6753475666046143,0.32465243339538574,0.034092124441046485,5.018687185612028,0.036637931034482756,0.291973518425574,7.969159561733314
frame_016,frame_017,16,17,10,1,False,False,416,"balance beam, beam",0.864413765074711,0.14570373004918435,0.887563943862915,0.11243605613708496,0.03699484750175837,5.0592303822339115,0.05387931034482758,0.3336472621170508,6.192493184892464
frame_016,frame_000,16,0,20,-16,False,True,421,"bannister, banister, balustrade, balusters, handrail",0.16813503047406134,1.7829878695934083,0.560868501663208,0.439131498336792,0.017938166532756452,5.583132398956688,0.015086206896551725,0.04990642427661297,3.3080829806212027
frame_016,frame_001,16,1,20,-15,False,False,835,sundial,0.186779196574069,1.6778281267657058,0.6041889190673828,0.3958110809326172,0.018767869043646017,5.548234590832028,0.023706896551724137,0.08042428851204007,3.3924427154169634
frame_016,frame_002,16,2,20,-14,False,False,835,sundial,0.3054762991920385,1.185883083766127,0.6697975397109985,0.33020246028900146,0.016340822147110416,5.6048502566711855,0.010775862068965518,0.03467739455171213,3.218062214398885
frame_016,frame_003,16,3,20,-13,False,False,421,"bannister, banister, balustrade, balusters, handrail",0.5018149426627155,0.6895238673689907,0.6902049779891968,0.3097950220108032,0.01840336632296449,5.586925149753667,0.01939655172413793,0.04665795445931526,2.405476763235809
frame_016,frame_004,16,4,20,-12,False,False,835,sundial,0.6357378769752826,0.4529689437169587,0.7735067009925842,0.22649329900741577,0.025808485029174762,5.6197449048668355,0.015086206896551725,0.029509990950832357,1.9560908287408876
frame_016,frame_005,16,5,20,-11,False,False,835,sundial,0.6401604697872805,0.44603640001432054,0.7928293943405151,0.20717060565948486,0.01908197614336934,5.6282945268940034,0.01939655172413793,0.02940267701562014,1.5158713483608606
frame_016,frame_006,16,6,20,-10,False,False,675,moving van,0.2787710154354131,1.2773645673530705,0.6678293943405151,0.33217060565948486,0.02514306885493469,5.621929848799376,0.023706896551724137,0.03412189511093716,1.4393235755886222
frame_016,frame_007,16,7,20,-9,False,False,835,sundial,0.7333219354600511,0.310170470979102,0.8049387335777283,0.19506126642227173,0.02116983911272919,5.621442501150167,0.023706896551724137,0.05239792788877403,2.2102398673082866
frame_016,frame_008,16,8,20,-8,False,False,421,"bannister, banister, balustrade, balusters, handrail",0.48613919465874167,0.7212602873259604,0.6922610998153687,0.30773890018463135,0.023280652228230864,5.595327210694014,0.023706896551724137,0.053639311432917655,2.262603682261254
frame_016,frame_009,16,9,20,-7,False,False,421,"bannister, banister, balustrade, balusters, handrail",0.2700190702672723,1.30926269185846,0.6186428666114807,0.3813571333885193,0.01798420953137345,5.60527599972829,0.02586206896551724,0.050860838500670545,1.9666190886925945
frame_016,frame_010,16,10,20,-6,False,False,421,"bannister, banister, balustrade, balusters, handrail",0.3571780814064835,1.0295207941064197,0.6853224039077759,0.3146775960922241,0.02537026271796365,5.580118764102224,0.028017241379310345,0.06664958590313483,2.3788775276195815
frame_016,frame_011,16,11,20,-5,False,False,421,"bannister, banister, balustrade, balusters, handrail",0.6422044600333366,0.44284855242194404,0.7766138315200806,0.22338616847991943,0.028319334683877866,5.591976161856907,0.034482758620689655,0.08290540611199271,2.4042567772477885
frame_016,frame_012,16,12,20,-4,True,False,421,"bannister, banister, balustrade, balusters, handrail",0.8684405091756188,0.14105619400562475,0.9000714421272278,0.09992855787277222,0.03374251393859583,5.628236933048385,0.03879310344827586,0.08083894824021827,2.0838484435256266
frame_016,frame_013,16,13,20,-3,False,False,421,"bannister, banister, balustrade, balusters, handrail",0.7982223309984445,0.22536811006322321,0.8486945033073425,0.15130549669265747,0.03287324304541455,5.655380649001071,0.03879310344827586,0.09198359910450596,2.3711327769161534
frame_016,frame_014,16,14,20,-2,False,False,421,"bannister, banister, balustrade, balusters, handrail",0.33957960039867335,1.0800468958466176,0.6879715919494629,0.3120284080505371,0.02657759020213378,5.645862153594864,0.034482758620689655,0.07911164876004415,2.2942378140412805
frame_016,frame_015,16,15,20,-1,False,False,912,"worm fence, snake fence, snake-rail fence, Virginia fence",0.3544061259889903,1.0373117748786225,0.689274251461029,0.31072574853897095,0.022480633283435542,5.677518568453767,0.036637931034482756,0.09230875737547282,2.5194860836599644
frame_016,frame_017,16,17,20,1,False,False,416,"balance beam, beam",0.23688030179480743,1.4402003211487169,0.6630918979644775,0.33690810203552246,0.01741943292128353,5.714429032865116,0.05387931034482758,0.09939910661175973,1.8448474187142607
frame_016,frame_000,16,0,30,-16,False,True,835,sundial,0.27242568404647705,1.3003894211689504,0.569024920463562,0.430975079536438,0.023290312229721968,5.378501073569254,0.015086206896551725,0.011438719383036379,0.7582236848184114
frame_016,frame_001,16,1,30,-15,False,False,835,sundial,0.25560264503452934,1.3641312081968966,0.5697537660598755,0.4302462339401245,0.03147671461572825,5.304161775001407,0.023706896551724137,0.025695895927762606,1.0838996100438045
frame_016,frame_002,16,2,30,-14,False,False,835,sundial,0.32380290062050965,1.1276202797166204,0.6313382387161255,0.3686617612838745,0.02212350082102565,5.380178506001001,0.010775862068965518,0.011553602004602646,1.0721742660271254
frame_016,frame_003,16,3,30,-13,False,False,421,"bannister, banister, balustrade, balusters, handrail",0.3493917728971768,1.0515614279326786,0.6306904554367065,0.36930954456329346,0.029998451721354114,5.431342914751556,0.01939655172413793,0.015238265459305206,0.7856172414575128
frame_016,frame_004,16,4,30,-12,False,False,835,sundial,0.8093472027828037,0.2115272787361393,0.8488396406173706,0.1511603593826294,0.03212331234076534,5.4008566285725905,0.015086206896551725,0.009143117243939503,0.6060580573125613
frame_016,frame_005,16,5,30,-11,False,False,835,sundial,0.830829571339205,0.1853305938013894,0.8619233965873718,0.13807660341262817,0.03344472486815114,5.3906023660588005,0.01939655172413793,0.006624755515340439,0.34154295101310705
frame_016,frame_006,16,6,30,-10,False,False,835,sundial,0.3603318635707619,1.0207298289164102,0.6445415616035461,0.35545843839645386,0.027507006856479277,5.421020221068439,0.023706896551724137,0.012286736685906626,0.5182768929327887
frame_016,frame_007,16,7,30,-9,False,False,835,sundial,0.7263445414281675,0.3197308017624989,0.8086420297622681,0.19135797023773193,0.019868422527868503,5.4492283666557615,0.023706896551724137,0.017699329444040113,0.7465898965486012
frame_016,frame_008,16,8,30,-8,False,False,835,sundial,0.2467696011484238,1.3993001665452063,0.626466691493988,0.37353330850601196,0.031336553594126466,5.399887569628747,0.023706896551724137,0.015879754078071528,0.669836899293199
frame_016,frame_009,16,9,30,-7,False,False,416,"balance beam, beam",0.20589020228991448,1.580412250879447,0.5804343223571777,0.41956567764282227,0.03424521910210306,5.393247462967849,0.02586206896551724,0.024309052809231662,0.9399500419569576
frame_016,frame_010,16,10,30,-6,False,False,421,"bannister, banister, balustrade, balusters, handrail",0.2835220700406989,1.2604653103762913,0.6886866092681885,0.3113133907318115,0.033138300855095996,5.404313579694989,0.028017241379310345,0.028829647868029846,1.0289966623666038
frame_016,frame_011,16,11,30,-5,False,False,421,"bannister, banister, balustrade, balusters, handrail",0.7149072775242163,0.3356024264818518,0.7892047762870789,0.21079522371292114,0.02346495013152125,5.466883576983752,0.034482758620689655,0.03439396423688329,0.9974249628696155
frame_016,frame_012,16,12,30,-4,False,False,421,"bannister, banister, balustrade, balusters, handrail",0.8422429119814562,0.17168681230647964,0.8837282061576843,0.11627179384231567,0.048308060299697975,5.33023867964412,0.03879310344827586,0.07028621066479243,1.8118223193590937
frame_016,frame_013,16,13,30,-3,True,False,421,"bannister, banister, balustrade, balusters, handrail",0.8428693083151603,0.17094336465354487,0.8848204016685486,0.11517959833145142,0.04485442352090502,5.254232780967409,0.03879310344827586,0.06586227968310139,1.6977832096088359
frame_016,frame_014,16,14,30,-2,False,False,421,"bannister, banister, balustrade, balusters, handrail",0.31085504004461156,1.1684285846468678,0.6604878902435303,0.3395121097564697,0.03171161507959182,5.3529561261690315,0.034482758620689655,0.017819077432121765,0.5167532455315312
frame_016,frame_015,16,15,30,-1,False,False,612,"jinrikisha, ricksha, rickshaw",0.4426606265656394,0.8149518825134963,0.7234472036361694,0.27655279636383057,0.029496118438569262,5.398612742246101,0.036637931034482756,0.02091542175325948,0.5708679819713176
frame_016,frame_017,16,17,30,1,False,False,612,"jinrikisha, ricksha, rickshaw",0.2234241775706098,1.498683172730252,0.6773041486740112,0.32269585132598877,0.0302925678372937,5.317783048956519,0.05387931034482758,0.029481184537583843,0.5471707850175561
frame_016,frame_000,16,0,40,-16,False,False,835,sundial,0.41413559501970093,0.8815618345789895,0.6720808744430542,0.3279191255569458,0.12305563533713225,3.9424579458096503,0.015086206896551725,0.406403578369794,26.93875148051206
frame_016,frame_001,16,1,40,-15,False,False,835,sundial,0.5012578517667124,0.6906346361115494,0.6979684829711914,0.3020315170288086,0.16412393623358623,3.7586352729007246,0.023706896551724137,0.46603080274223907,19.658026588399903
frame_016,frame_002,16,2,40,-14,False,False,835,sundial,0.49448158282819765,0.704245372640858,0.707770824432373,0.29222917556762695,0.23282970806416908,3.630538710044539,0.010775862068965518,0.33658473188192745,31.235063118642866
frame_016,frame_003,16,3,40,-13,False,False,835,sundial,0.43151551426798357,0.8404518148338846,0.6686115264892578,0.3313884735107422,0.09612405532352486,4.031226567544472,0.01939655172413793,0.35890066175210444,18.503323005886273
frame_016,frame_004,16,4,40,-12,False,False,835,sundial,0.8941529767404104,0.11187840352495204,0.9053211212158203,0.09467887878417969,0.07526741275131782,4.224008507419125,0.015086206896551725,0.2849136451211872,18.88570447660441
frame_016,frame_005,16,5,40,-11,True,False,835,sundial,0.8876427731299287,0.11918589943862523,0.9141285419464111,0.08587145805358887,0.09066382743561727,4.348614049351784,0.01939655172413793,0.28510860702379204,14.698932628782167
frame_016,frame_006,16,6,40,-10,False,False,835,sundial,0.41567707926327385,0.8778465719312614,0.713974118232727,0.28602588176727295,0.10875136417692076,4.461344648896678,0.023706896551724137,0.35115676553182995,14.81243083697901
frame_016,frame_007,16,7,40,-9,False,False,835,sundial,0.8581187313512435,0.15301280753975943,0.8957337141036987,0.10426628589630127,0.10186010514082443,4.181449250623754,0.023706896551724137,0.41994298830150306,17.713958779263404
frame_016,frame_008,16,8,40,-8,False,False,835,sundial,0.32193486603550686,1.1334060332918003,0.6587939262390137,0.34120607376098633,0.1309634116436185,3.7155375606384515,0.023706896551724137,0.49614248585278586,20.928192130517512
frame_016,frame_009,16,9,40,-7,False,False,416,"balance beam, beam",0.5704703229853771,0.5612941303400216,0.7172695398330688,0.28273046016693115,0.09862398370604762,4.018548371083967,0.02586206896551724,0.409986936620443,15.852828215990463
frame_016,frame_010,16,10,40,-6,False,False,416,"balance beam, beam",0.5936044387008297,0.5215421095611861,0.784339189529419,0.21566081047058105,0.1194875893811035,4.193670175467697,0.028017241379310345,0.3731795000741986,13.319637541109858
frame_016,frame_011,16,11,40,-5,False,False,421,"bannister, banister, balustrade, balusters, handrail",0.6923046102329351,0.3677292320209875,0.7896678447723389,0.21033215522766113,0.12639674241643567,3.838450215140025,0.034482758620689655,0.544000511767134,15.776014841246887
frame_016,frame_012,16,12,40,-4,False,False,421,"bannister, banister, balustrade, balusters, handrail",0.7924011691439251,0.23268748871218015,0.856245219707489,0.143754780292511,0.07781984844803945,4.053232452244437,0.03879310344827586,0.4142237764721583,10.677768460171192
frame_016,frame_013,16,13,40,-3,False,False,421,"bannister, banister, balustrade, balusters, handrail",0.7801067838020617,0.2483244663584302,0.8505700826644897,0.14942991733551025,0.06707996936767315,4.17055408978594,0.03879310344827586,0.5105936952290187,13.161970810348036
frame_016,frame_014,16,14,40,-2,False,True,912,"worm fence, snake fence, snake-rail fence, Virginia fence",0.2813214934776703,1.26825715873489,0.6578179597854614,0.3421820402145386,0.08343720564066036,4.133813268067717,0.034482758620689655,0.42980604952029744,12.464375436088625
frame_016,frame_015,16,15,40,-1,False,False,912,"worm fence, snake fence, snake-rail fence, Virginia fence",0.33798530227459755,1.0847528688392738,0.7093948125839233,0.29060518741607666,0.08538364058141072,4.1009831785113935,0.036637931034482756,0.4965534246304105,13.552987589912382
frame_016,frame_017,16,17,40,1,False,False,416,"balance beam, beam",0.5355137808251828,0.624528654924652,0.7981758117675781,0.20182418823242188,0.12916721399111167,4.152815723089129,0.05387931034482758,0.6205744717908059,11.51786219643736
frame_016,frame_000,16,0,50,-16,False,False,835,sundial,0.19406110671210702,1.6395821864634579,0.6338486671447754,0.3661513328552246,0.048515681645607545,4.486494124890943,0.015086206896551725,0.15347661458928735,10.17330702420419
frame_016,frame_001,16,1,50,-15,False,False,471,cannon,0.33315473296171444,1.0991482333756775,0.6695095300674438,0.33049046993255615,0.0800415334045796,4.407199296589496,0.023706896551724137,0.21119792806982723,8.908712602218168
frame_016,frame_002,16,2,50,-14,False,False,471,cannon,0.3136927089069615,1.1593414063031027,0.6858621835708618,0.3141378164291382,0.0598836686590932,4.557219694808097,0.010775862068965518,0.09718640090271001,9.018898003771488
frame_016,frame_003,16,3,50,-13,False,True,421,"bannister, banister, balustrade, balusters, handrail",0.22990428682968633,1.4700922008897317,0.6222542524337769,0.37774574756622314,0.06102091672536841,4.591939613633292,0.01939655172413793,0.18062901039914286,9.312428980578032
frame_016,frame_004,16,4,50,-12,False,False,835,sundial,0.8622134355431528,0.14825243392905207,0.8927087783813477,0.10729122161865234,0.04666951651118157,4.743895608560074,0.015086206896551725,0.052566895966053566,3.484434246892693
frame_016,frame_005,16,5,50,-11,False,False,835,sundial,0.9179978389321465,0.08556024246883309,0.933074951171875,0.066925048828125,0.09496949532962776,4.644910250439288,0.01939655172413793,0.05589958943292507,2.881934388541915
frame_016,frame_006,16,6,50,-10,False,False,835,sundial,0.33867691325157534,1.0827086843054126,0.7286574244499207,0.27134257555007935,0.11602003663492116,4.496933745938052,0.023706896551724137,0.085539315451147,3.6082038517574735
frame_016,frame_007,16,7,50,-9,False,False,835,sundial,0.8135777015425791,0.2063138417735919,0.8813696503639221,0.11863034963607788,0.06878826824214766,4.571217627204895,0.023706896551724137,0.2267743157157604,9.565752953828438
frame_016,frame_008,16,8,50,-8,False,False,835,sundial,0.27249739892244207,1.300126210163139,0.7117897272109985,0.28821027278900146,0.12011358761145115,4.349923290288697,0.023706896551724137,0.23556035533612002,9.9363640796327
frame_016,frame_009,16,9,50,-7,False,False,416,"balance beam, beam",0.6837632276475824,0.38014357969620605,0.7975637912750244,0.20243620872497559,0.0687983804684885,4.629908027255118,0.02586206896551724,0.2036295911489446,7.873677524425858
frame_016,frame_010,16,10,50,-6,False,False,416,"balance beam, beam",0.44009697162765277,0.8207601862893052,0.7814599275588989,0.21854007244110107,0.06674787343012414,4.757845110023263,0.028017241379310345,0.14610202038663747,5.214718266107676
frame_016,frame_011,16,11,50,-5,False,False,421,"bannister, banister, balustrade, balusters, handrail",0.699575542220462,0.3572814961107973,0.8118842840194702,0.18811571598052979,0.06617279532410383,4.534162595613942,0.034482758620689655,0.27810602257711625,8.065074654736371
frame_016,frame_012,16,12,50,-4,True,False,421,"bannister, banister, balustrade, balusters, handrail",0.9279659889472076,0.07476019670892942,0.9357255101203918,0.06427448987960815,0.07303175320861309,4.767967747395992,0.03879310344827586,0.22816490248125054,5.881584152850014
frame_016,frame_013,16,13,50,-3,False,False,421,"bannister, banister, balustrade, balusters, handrail",0.8817728367743367,0.1258208108258705,0.8994880318641663,0.10051196813583374,0.07609906525672139,4.716744456405543,0.03879310344827586,0.20059386588995312,5.170864098496569
frame_016,frame_014,16,14,50,-2,False,False,912,"worm fence, snake fence, snake-rail fence, Virginia fence",0.22780530407661753,1.479263944321695,0.6400886178016663,0.35991138219833374,0.08707667066346594,4.7174580877029,0.034482758620689655,0.15316764283295864,4.441861642155801
frame_016,frame_015,16,15,50,-1,False,False,912,"worm fence, snake fence, snake-rail fence, Virginia fence",0.38930068308847143,0.9434032697089786,0.7088626027107239,0.2911373972892761,0.0654795464434889,4.744832062833899,0.036637931034482756,0.19255603074146357,5.2556469567081825
frame_016,frame_017,16,17,50,1,False,False,416,"balance beam, beam",0.5947444999422818,0.5196233775218942,0.7788784503936768,0.22112154960632324,0.03421848278536129,4.919810684697564,0.05387931034482758,0.23643838123494826,4.38829635572064
frame_017,frame_000,17,0,5,-17,False,False,791,shopping cart,0.3929778623810357,0.9340019985187071,0.6119171380996704,0.3880828619003296,0.034139037212494505,5.278679124003096,0.015086206896551725,0.15655574751557655,10.37740954960393
frame_017,frame_001,17,1,5,-16,False,False,791,shopping cart,0.40629182547548853,0.9006835956211067,0.6115250587463379,0.3884749412536621,0.033268291754084814,5.267757853253144,0.023706896551724137,0.17925064307778146,7.5611180352809635
frame_017,frame_002,17,2,5,-15,False,False,791,shopping cart,0.289790483567422,1.2385970875663328,0.5736445188522339,0.4263554811477661,0.03410621392477512,5.373519660494538,0.010775862068965518,0.07524468309308416,6.98270659103821
frame_017,frame_003,17,3,5,-14,False,False,791,shopping cart,0.28919438560009847,1.2406562024402659,0.56560218334198,0.43439781665802,0.0340865558024263,5.367547981692684,0.01939655172413793,0.15142673083643488,7.806889234233975
frame_017,frame_004,17,4,5,-13,False,False,835,sundial,0.2359305692348542,1.4442177153986921,0.5948411226272583,0.4051588773727417,0.026261124622338615,5.468560851397443,0.015086206896551725,0.09551170977088308,6.331061904812821
frame_017,frame_005,17,5,5,-12,False,False,835,sundial,0.19069890050324204,1.6570595319758035,0.5394476652145386,0.4605523347854614,0.028992064768450457,5.424087725328716,0.01939655172413793,0.12529046804337782,6.459419685791922
frame_017,frame_006,17,6,5,-11,False,True,835,sundial,0.20080815257349174,1.6054052915231432,0.5334793329238892,0.46652066707611084,0.026315573468885113,5.4684450647401945,0.023706896551724137,0.14453347978143255,6.096684965325882
frame_017,frame_007,17,7,5,-10,False,False,835,sundial,0.3116288361384971,1.1659424271026808,0.5832433104515076,0.41675668954849243,0.03718016223462656,5.429299812874196,0.023706896551724137,0.202836554231388,8.556014651214912
frame_017,frame_008,17,8,5,-9,False,False,835,sundial,0.18773339201489336,1.6727324502271304,0.5629221200942993,0.4370778799057007,0.035101588710482225,5.373069990862593,0.023706896551724137,0.19180220261601277,8.090565637620903
frame_017,frame_009,17,9,5,-8,False,False,510,"container ship, containership, container vessel",0.12155639167532369,2.10737699486108,0.5363771915435791,0.4636228084564209,0.03419707323922952,5.3901989427406924,0.02586206896551724,0.17764108179782437,6.8687884961825425
frame_017,frame_010,17,10,5,-7,False,False,510,"container ship, containership, container vessel",0.14000769397045865,1.9660579009510621,0.5583903789520264,0.44160962104797363,0.03413503636644268,5.430276578111298,0.028017241379310345,0.1530685470844843,5.463369680553901
frame_017,frame_011,17,11,5,-6,False,False,573,go-kart,0.1570752125144134,1.851030527745365,0.5755255222320557,0.42447447776794434,0.042483630982995346,5.323494461300945,0.034482758620689655,0.23978303208640106,6.95370793050563
frame_017,frame_012,17,12,5,-5,False,False,573,go-kart,0.17562300081558974,1.7394156222153452,0.6232743263244629,0.3767256736755371,0.02440906330019012,5.413676141914825,0.03879310344827586,0.233017240821097,6.0066666522771675
frame_017,frame_013,17,13,5,-4,False,False,573,go-kart,0.31374986051524195,1.1591592331091762,0.6226118803024292,0.3773881196975708,0.024521512900018638,5.4719558275583235,0.03879310344827586,0.2383411078604661,6.143904113736459
frame_017,frame_014,17,14,5,-3,False,False,912,"worm fence, snake fence, snake-rail fence, Virginia fence",0.4516102172486783,0.794935822408358,0.6702550649642944,0.32974493503570557,0.031730979566271,5.4703131395732125,0.034482758620689655,0.1882461258387897,5.4591376493249015
frame_017,frame_015,17,15,5,-2,True,False,912,"worm fence, snake fence, snake-rail fence, Virginia fence",0.5791508891089302,0.5461922324086723,0.6961313486099243,0.3038686513900757,0.023819005531368467,5.459116831455885,0.036637931034482756,0.20079028466927676,5.480393652149672
frame_017,frame_016,17,16,5,-1,False,False,912,"worm fence, snake fence, snake-rail fence, Virginia fence",0.3546266000372215,1.0366898739500918,0.5739685297012329,0.4260314702987671,0.02678414014329118,5.425296734796099,0.04741379310344827,0.2713121793711814,5.722220510374008
frame_017,frame_000,17,0,10,-17,False,True,835,sundial,0.23250623265405657,1.4588382471998085,0.5932960510253906,0.4067039489746094,0.06426449732658371,4.809352488847412,0.015086206896551725,0.1584646378116045,10.503941706369211
frame_017,frame_001,17,1,10,-16,False,False,421,"bannister, banister, balustrade, balusters, handrail",0.37845016637184486,0.9716708756132513,0.6741055250167847,0.32589447498321533,0.05901479338428192,4.707269341395742,0.023706896551724137,0.2516536428937657,10.615208209337025
frame_017,frame_002,17,2,10,-15,False,False,421,"bannister, banister, balustrade, balusters, handrail",0.35845623493306056,1.0259487046845517,0.7001522779464722,0.29984772205352783,0.058591823955826565,4.776988778550429,0.010775862068965518,0.17018181810577448,15.792872720215872
frame_017,frame_003,17,3,10,-14,False,False,421,"bannister, banister, balustrade, balusters, handrail",0.4393133190855636,0.8225424095764156,0.7421523928642273,0.2578476071357727,0.05022774758827967,4.873892006628734,0.01939655172413793,0.19053658386473665,9.8232194348042
frame_017,frame_004,17,4,10,-13,False,False,835,sundial,0.7228303037656676,0.3245807956231744,0.8197274208068848,0.18027257919311523,0.06094703762837545,5.023585444737071,0.015086206896551725,0.1011412496884721,6.7042199793501505
frame_017,frame_005,17,5,10,-12,False,False,835,sundial,0.7585654799784075,0.2763261556685874,0.8479368686676025,0.15206313133239746,0.060986754564151466,5.144691283900135,0.01939655172413793,0.07643744848721815,3.940775122007691
frame_017,frame_006,17,6,10,-11,False,False,835,sundial,0.37756410986302263,0.9740148972603913,0.7419441938400269,0.25805580615997314,0.07450886926243999,5.023137578002128,0.023706896551724137,0.10322135362594786,4.354064371130892
frame_017,frame_007,17,7,10,-10,False,False,835,sundial,0.7217806342253932,0.32603401696796497,0.8254615068435669,0.1745384931564331,0.08386864636877092,5.017371193205463,0.023706896551724137,0.16070576761426048,6.7788614702742604
frame_017,frame_008,17,8,10,-9,False,False,835,sundial,0.3527472487805627,1.0420034876260138,0.6925798058509827,0.30742019414901733,0.07322467748215426,4.766209701400495,0.023706896551724137,0.224175302156589,9.456121836423392
frame_017,frame_009,17,9,10,-8,False,False,416,"balance beam, beam",0.648255730270284,0.4334700150030739,0.7944905757904053,0.20550942420959473,0.0768709704156327,4.762771686868454,0.02586206896551724,0.20999936441774716,8.11997542415289
frame_017,frame_010,17,10,10,-7,False,False,416,"balance beam, beam",0.6233759681751054,0.4726054619987803,0.8036707639694214,0.1963292360305786,0.07010676762445253,4.827583255238369,0.028017241379310345,0.18603856972708935,6.640145873336112
frame_017,frame_011,17,11,10,-6,False,False,421,"bannister, banister, balustrade, balusters, handrail",0.6228520096389929,0.4734463331336176,0.7707735300064087,0.2292264699935913,0.09569394757312571,4.743811107090843,0.034482758620689655,0.31542487836046695,9.147321472453541
frame_017,frame_012,17,12,10,-5,True,False,421,"bannister, banister, balustrade, balusters, handrail",0.8459632365683539,0.16727937591309772,0.8906229138374329,0.10937708616256714,0.08155594060022713,4.943488957271954,0.03879310344827586,0.2631430861997326,6.783243999815329
frame_017,frame_013,17,13,10,-4,False,False,421,"bannister, banister, balustrade, balusters, handrail",0.8342937220379208,0.18116975392811696,0.8695099353790283,0.13049006462097168,0.04525980597087794,5.055479719727649,0.03879310344827586,0.2549252484092393,6.571406403438169
frame_017,frame_014,17,14,10,-3,False,False,421,"bannister, banister, balustrade, balusters, handrail",0.24524956219564184,1.4054789656732556,0.644586443901062,0.355413556098938,0.04585164228109351,4.980692916658395,0.034482758620689655,0.2428548272507143,7.042789990270715
frame_017,frame_015,17,15,10,-2,False,False,912,"worm fence, snake fence, snake-rail fence, Virginia fence",0.2911775764093349,1.2338219697133956,0.6753475666046143,0.32465243339538574,0.03915186606607982,5.059963994617874,0.036637931034482756,0.266951806903384,7.286214023715893
frame_017,frame_016,17,16,10,-1,False,False,416,"balance beam, beam",0.5152762879749611,0.6630520406683766,0.714651346206665,0.28534865379333496,0.05691131996633595,5.039281007532158,0.04741379310344827,0.28815266379763893,6.077401636459294
frame_017,frame_000,17,0,20,-17,False,True,421,"bannister, banister, balustrade, balusters, handrail",0.16813503047406134,1.7829878695934083,0.560868501663208,0.439131498336792,0.017000751636848922,5.575543955250111,0.015086206896551725,0.05214801334832846,3.456668313374915
frame_017,frame_001,17,1,20,-16,False,False,835,sundial,0.186779196574069,1.6778281267657058,0.6041889190673828,0.3958110809326172,0.01916205510033514,5.540563486828943,0.023706896551724137,0.08383746082263245,3.5364165292455874
frame_017,frame_002,17,2,20,-15,False,False,835,sundial,0.3054762991920385,1.185883083766127,0.6697975397109985,0.33020246028900146,0.01877816776289952,5.593284628931856,0.010775862068965518,0.03500542575116115,3.248503509707754
frame_017,frame_003,17,3,20,-14,False,False,421,"bannister, banister, balustrade, balusters, handrail",0.5018149426627155,0.6895238673689907,0.6902049779891968,0.3097950220108032,0.022775826847853384,5.578604982391877,0.01939655172413793,0.04462216169903696,2.3005203364836833
frame_017,frame_004,17,4,20,-13,False,False,835,sundial,0.6357378769752826,0.4529689437169587,0.7735067009925842,0.22649329900741577,0.0311635008367551,5.602397389946846,0.015086206896551725,0.027668573851522334,1.8340311810151946
frame_017,frame_005,17,5,20,-12,False,False,835,sundial,0.6401604697872805,0.44603640001432054,0.7928293943405151,0.20717060565948486,0.02356539320682928,5.605176456674603,0.01939655172413793,0.027672136718059043,1.4266523819088217
frame_017,frame_006,17,6,20,-11,False,False,675,moving van,0.2787710154354131,1.2773645673530705,0.6678293943405151,0.33217060565948486,0.03291075290309953,5.590968293545522,0.023706896551724137,0.03040503977118269,1.282539859438979
frame_017,frame_007,17,7,20,-10,False,False,835,sundial,0.7333219354600511,0.310170470979102,0.8049387335777283,0.19506126642227173,0.025900131295235166,5.605788221066436,0.023706896551724137,0.048589411806732104,2.0495897343930634
frame_017,frame_008,17,8,20,-9,False,False,421,"bannister, banister, balustrade, balusters, handrail",0.48613919465874167,0.7212602873259604,0.6922610998153687,0.30773890018463135,0.027602557046863613,5.576379428344337,0.023706896551724137,0.049903419309409516,2.105016959960547
frame_017,frame_009,17,9,20,-8,False,False,421,"bannister, banister, balustrade, balusters, handrail",0.2700190702672723,1.30926269185846,0.6186428666114807,0.3813571333885193,0.021202314643123617,5.581785700916017,0.02586206896551724,0.050203625719386434,1.9412068611496087
frame_017,frame_010,17,10,20,-7,False,False,421,"bannister, banister, balustrade, balusters, handrail",0.3571780814064835,1.0295207941064197,0.6853224039077759,0.3146775960922241,0.02827725942999092,5.549275331449681,0.028017241379310345,0.0646133274024456,2.3061987626719045
frame_017,frame_011,17,11,20,-6,False,False,421,"bannister, banister, balustrade, balusters, handrail",0.6422044600333366,0.44284855242194404,0.7766138315200806,0.22338616847991943,0.031878177334442176,5.564819109606672,0.034482758620689655,0.0774833247279609,2.247016417110866
frame_017,frame_012,17,12,20,-5,True,False,421,"bannister, banister, balustrade, balusters, handrail",0.8684405091756188,0.14105619400562475,0.9000714421272278,0.09992855787277222,0.037728793299647644,5.60866165967652,0.03879310344827586,0.07553682742255587,1.9471715513369956
frame_017,frame_013,17,13,20,-4,False,False,421,"bannister, banister, balustrade, balusters, handrail",0.7982223309984445,0.22536811006322321,0.8486945033073425,0.15130549669265747,0.037151224941487725,5.630010075265041,0.03879310344827586,0.08683284123053656,2.238357685053831
frame_017,frame_014,17,14,20,-3,False,False,421,"bannister, banister, balustrade, balusters, handrail",0.33957960039867335,1.0800468958466176,0.6879715919494629,0.3120284080505371,0.02882527019354363,5.620525164649532,0.034482758620689655,0.07430721062928852,2.154909108249367
frame_017,frame_015,17,15,20,-2,False,False,912,"worm fence, snake fence, snake-rail fence, Virginia fence",0.3544061259889903,1.0373117748786225,0.689274251461029,0.31072574853897095,0.024379396397558137,5.657458676518638,0.036637931034482756,0.08867400361673616,2.4202786869509167
frame_017,frame_016,17,16,20,-1,False,False,471,cannon,0.2519118234676317,1.3786761595768855,0.6398072242736816,0.36019277572631836,0.033748570826192155,5.660363998111325,0.04741379310344827,0.08637221901729053,1.8216686192737641
frame_017,frame_000,17,0,30,-17,False,True,835,sundial,0.27242568404647705,1.3003894211689504,0.569024920463562,0.430975079536438,0.02360431708895021,5.390896264411907,0.015086206896551725,0.008419245933760653,0.5580757304664203
frame_017,frame_001,17,1,30,-16,False,False,835,sundial,0.25560264503452934,1.3641312081968966,0.5697537660598755,0.4302462339401245,0.034611896109679775,5.318396256628439,0.023706896551724137,0.024454895477417225,1.0315519546837812
frame_017,frame_002,17,2,30,-15,False,False,835,sundial,0.32380290062050965,1.1276202797166204,0.6313382387161255,0.3686617612838745,0.021595883802069036,5.394077371626327,0.010775862068965518,0.009411872926907868,0.8734218076170501
frame_017,frame_003,17,3,30,-14,False,False,421,"bannister, banister, balustrade, balusters, handrail",0.3493917728971768,1.0515614279326786,0.6306904554367065,0.36930954456329346,0.028177931879190734,5.443725624401522,0.01939655172413793,0.011258102419336096,0.5804177247302165
frame_017,frame_004,17,4,30,-13,False,False,835,sundial,0.8093472027828037,0.2115272787361393,0.8488396406173706,0.1511603593826294,0.03073734600668856,5.4129568234097505,0.015086206896551725,0.005766058640343442,0.38220731558847953
frame_017,frame_005,17,5,30,-12,False,False,835,sundial,0.830829571339205,0.1853305938013894,0.8619233965873718,0.13807660341262817,0.03290627538158301,5.4100199092885175,0.01939655172413793,0.004285127015377307,0.2209221039038967
frame_017,frame_006,17,6,30,-11,False,False,835,sundial,0.3603318635707619,1.0207298289164102,0.6445415616035461,0.35545843839645386,0.02439776791654155,5.435594559149105,0.023706896551724137,0.008030465604642135,0.33873964005035917
frame_017,frame_007,17,7,30,-10,False,False,835,sundial,0.7263445414281675,0.3197308017624989,0.8086420297622681,0.19135797023773193,0.023434390796363273,5.457149523804879,0.023706896551724137,0.012297464822952945,0.518729425259106
frame_017,frame_008,17,8,30,-9,False,False,835,sundial,0.2467696011484238,1.3993001665452063,0.626466691493988,0.37353330850601196,0.028914003467228562,5.422412631452431,0.023706896551724137,0.01023998074571551,0.4319410060010906
frame_017,frame_009,17,9,30,-8,False,False,416,"balance beam, beam",0.20589020228991448,1.580412250879447,0.5804343223571777,0.41956567764282227,0.028391891191153262,5.401166906096408,0.02586206896551724,0.017038146920303456,0.6588083475850669
frame_017,frame_010,17,10,30,-7,False,False,421,"bannister, banister, balustrade, balusters, handrail",0.2835220700406989,1.2604653103762913,0.6886866092681885,0.3113133907318115,0.025222992969750585,5.416442691987104,0.028017241379310345,0.021277163582425117,0.759431069403481
frame_017,frame_011,17,11,30,-6,False,False,421,"bannister, banister, balustrade, balusters, handrail",0.7149072775242163,0.3356024264818518,0.7892047762870789,0.21079522371292114,0.020190956188784734,5.45698097445705,0.034482758620689655,0.023789375751731557,0.6898918968002151
frame_017,frame_012,17,12,30,-5,False,False,421,"bannister, banister, balustrade, balusters, handrail",0.8422429119814562,0.17168681230647964,0.8837282061576843,0.11627179384231567,0.042480461192765405,5.349966363166746,0.03879310344827586,0.05763114105585305,1.4856027472175453
frame_017,frame_013,17,13,30,-4,True,False,421,"bannister, banister, balustrade, balusters, handrail",0.8428693083151603,0.17094336465354487,0.8848204016685486,0.11517959833145142,0.038864661343988714,5.239467498955827,0.03879310344827586,0.05285648799166879,1.3625228015630177
frame_017,frame_014,17,14,30,-3,False,False,421,"bannister, banister, balustrade, balusters, handrail",0.31085504004461156,1.1684285846468678,0.6604878902435303,0.3395121097564697,0.03419401532498478,5.3391174559670835,0.034482758620689655,0.011512895410046351,0.3338739668913442
frame_017,frame_015,17,15,30,-2,False,False,612,"jinrikisha, ricksha, rickshaw",0.4426606265656394,0.8149518825134963,0.7234472036361694,0.27655279636383057,0.02668894439932945,5.388716353057193,0.036637931034482756,0.015111756222917227,0.4124620522019761
frame_017,frame_016,17,16,30,-1,False,False,912,"worm fence, snake fence, snake-rail fence, Virginia fence",0.18317299818755486,1.6973242274109752,0.5946180820465088,0.4053819179534912,0.02909032837037515,5.334678492661435,0.04741379310344827,0.022651841401498486,0.47774792774069536
frame_017,frame_000,17,0,40,-17,False,False,835,sundial,0.41413559501970093,0.8815618345789895,0.6720808744430542,0.3279191255569458,0.1314165907606184,3.9631168885965344,0.015086206896551725,0.4192096148209027,27.78760875384269
frame_017,frame_001,17,1,40,-16,False,False,835,sundial,0.5012578517667124,0.6906346361115494,0.6979684829711914,0.3020315170288086,0.17405664724573744,3.748447452171539,0.023706896551724137,0.4723182341850982,19.923241878353235
frame_017,frame_002,17,2,40,-15,False,False,835,sundial,0.49448158282819765,0.704245372640858,0.707770824432373,0.29222917556762695,0.24627030025344587,3.643230423748016,0.010775862068965518,0.3415561708895727,31.696412658552344
frame_017,frame_003,17,3,40,-14,False,False,835,sundial,0.43151551426798357,0.8404518148338846,0.6686115264892578,0.3313884735107422,0.09584675002479247,4.070238826538562,0.01939655172413793,0.3637345158440656,18.752535039071823
frame_017,frame_004,17,4,40,-13,False,False,835,sundial,0.8941529767404104,0.11187840352495204,0.9053211212158203,0.09467887878417969,0.0796163176773243,4.254748821540099,0.015086206896551725,0.28900975161400433,19.157217821271143
frame_017,frame_005,17,5,40,-12,True,False,835,sundial,0.8876427731299287,0.11918589943862523,0.9141285419464111,0.08587145805358887,0.08895702079240496,4.40838726492181,0.01939655172413793,0.2908294729558892,14.993875050170287
frame_017,frame_006,17,6,40,-11,False,False,835,sundial,0.41567707926327385,0.8778465719312614,0.713974118232727,0.28602588176727295,0.11483627506619232,4.503931605568952,0.023706896551724137,0.34399580243534417,14.510368393636336
frame_017,frame_007,17,7,40,-10,False,False,835,sundial,0.8581187313512435,0.15301280753975943,0.8957337141036987,0.10426628589630127,0.09360429086899207,4.250599888835312,0.023706896551724137,0.42231552496282665,17.81403668934105
frame_017,frame_008,17,8,40,-9,False,False,835,sundial,0.32193486603550686,1.1334060332918003,0.6587939262390137,0.34120607376098633,0.15227401533573798,3.675297885137419,0.023706896551724137,0.4851387659798508,20.464035219513708
frame_017,frame_009,17,9,40,-8,False,False,416,"balance beam, beam",0.5704703229853771,0.5612941303400216,0.7172695398330688,0.28273046016693115,0.10471621964802158,4.09222851148302,0.02586206896551724,0.4047285317501319,15.649503227671767
frame_017,frame_010,17,10,40,-7,False,False,416,"balance beam, beam",0.5936044387008297,0.5215421095611861,0.784339189529419,0.21566081047058105,0.1295865003844887,4.23515245245855,0.028017241379310345,0.36173376847880095,12.911112967243357
frame_017,frame_011,17,11,40,-6,False,False,421,"bannister, banister, balustrade, balusters, handrail",0.6923046102329351,0.3677292320209875,0.7896678447723389,0.21033215522766113,0.1363017858361347,3.859037021765103,0.034482758620689655,0.555473898712546,16.108743062663837
frame_017,frame_012,17,12,40,-5,False,False,421,"bannister, banister, balustrade, balusters, handrail",0.7924011691439251,0.23268748871218015,0.856245219707489,0.143754780292511,0.08339762667406585,4.060303526591145,0.03879310344827586,0.42620937329469216,10.986730511596509
frame_017,frame_013,17,13,40,-4,False,False,421,"bannister, banister, balustrade, balusters, handrail",0.7801067838020617,0.2483244663584302,0.8505700826644897,0.14942991733551025,0.07881362594319094,4.217864891116159,0.03879310344827586,0.4999884990590796,12.888592420189607
frame_017,frame_014,17,14,40,-3,False,True,912,"worm fence, snake fence, snake-rail fence, Virginia fence",0.2813214934776703,1.26825715873489,0.6578179597854614,0.3421820402145386,0.08454760793298799,4.175105523540121,0.034482758620689655,0.43011701682164866,12.473393487827812
frame_017,frame_015,17,15,40,-2,False,False,912,"worm fence, snake fence, snake-rail fence, Virginia fence",0.33798530227459755,1.0847528688392738,0.7093948125839233,0.29060518741607666,0.09538775893536446,4.118149642291824,0.036637931034482756,0.5099828046446843,13.919530667949031
frame_017,frame_016,17,16,40,-1,False,False,416,"balance beam, beam",0.2348951300749897,1.4486161194394174,0.6672160625457764,0.33278393745422363,0.23849684069177526,3.689147015038957,0.04741379310344827,0.6653785263275125,14.033438009816628
frame_017,frame_000,17,0,50,-17,False,False,835,sundial,0.19406110671210702,1.6395821864634579,0.6338486671447754,0.3661513328552246,0.05597641347487678,4.475850561600045,0.015086206896551725,0.14524381099517547,9.627589757394487
frame_017,frame_001,17,1,50,-16,False,False,471,cannon,0.33315473296171444,1.0991482333756775,0.6695095300674438,0.33049046993255615,0.05538100100172517,4.459371097616069,0.023706896551724137,0.20314311131263932,8.568945786278604
frame_017,frame_002,17,2,50,-15,False,False,471,cannon,0.3136927089069615,1.1593414063031027,0.6858621835708618,0.3141378164291382,0.054362620567399766,4.586439081363794,0.010775862068965518,0.09760293677518429,9.057552532737102
frame_017,frame_003,17,3,50,-14,False,True,421,"bannister, banister, balustrade, balusters, handrail",0.22990428682968633,1.4700922008897317,0.6222542524337769,0.37774574756622314,0.04543371624614973,4.62301631271031,0.01939655172413793,0.17422457196681163,8.982244599177843
frame_017,frame_004,17,4,50,-13,False,False,835,sundial,0.8622134355431528,0.14825243392905207,0.8927087783813477,0.10729122161865234,0.04777456837357751,4.7572403012759095,0.015086206896551725,0.048216910276545566,3.1960923383310202
frame_017,frame_005,17,5,50,-12,False,False,835,sundial,0.9179978389321465,0.08556024246883309,0.933074951171875,0.066925048828125,0.08661806680424415,4.679409218623551,0.01939655172413793,0.05359776971825643,2.7632627943634427
frame_017,frame_006,17,6,50,-11,False,False,835,sundial,0.33867691325157534,1.0827086843054126,0.7286574244499207,0.27134257555007935,0.10693565889347076,4.562003245106979,0.023706896551724137,0.08175030219732715,3.4483763835963455
frame_017,frame_007,17,7,50,-10,False,False,835,sundial,0.8135777015425791,0.2063138417735919,0.8813696503639221,0.11863034963607788,0.07964999070137485,4.618922840430953,0.023706896551724137,0.22385624979110325,9.442663627551992
frame_017,frame_008,17,8,50,-9,False,False,835,sundial,0.27249739892244207,1.300126210163139,0.7117897272109985,0.28821027278900146,0.14373168396672822,4.380372838332979,0.023706896551724137,0.22775852836818222,9.607268832985142
frame_017,frame_009,17,9,50,-8,False,False,416,"balance beam, beam",0.6837632276475824,0.38014357969620605,0.7975637912750244,0.20243620872497559,0.0790089887702975,4.6546749238481535,0.02586206896551724,0.20172321012603453,7.799964124873335
frame_017,frame_010,17,10,50,-7,False,False,416,"balance beam, beam",0.44009697162765277,0.8207601862893052,0.7814599275588989,0.21854007244110107,0.08065978953948112,4.782038571948451,0.028017241379310345,0.1487709591461477,5.309978849524041
frame_017,frame_011,17,11,50,-6,False,False,421,"bannister, banister, balustrade, balusters, handrail",0.699575542220462,0.3572814961107973,0.8118842840194702,0.18811571598052979,0.08221087559038116,4.576416916379168,0.034482758620689655,0.2806408096329018,8.138583479354152
frame_017,frame_012,17,12,50,-5,True,False,421,"bannister, banister, balustrade, balusters, handrail",0.9279659889472076,0.07476019670892942,0.9357255101203918,0.06427448987960815,0.09238620009310315,4.781154493775537,0.03879310344827586,0.23216250019664184,5.984633338402323
frame_017,frame_013,17,13,50,-4,False,False,421,"bannister, banister, balustrade, balusters, handrail",0.8817728367743367,0.1258208108258705,0.8994880318641663,0.10051196813583374,0.0867787981736654,4.761163333758127,0.03879310344827586,0.1891619539887117,4.876174813931234
frame_017,frame_014,17,14,50,-3,False,False,912,"worm fence, snake fence, snake-rail fence, Virginia fence",0.22780530407661753,1.479263944321695,0.6400886178016663,0.35991138219833374,0.11023711322840819,4.737155759164449,0.034482758620689655,0.14353345880517204,4.16247030534999
frame_017,frame_015,17,15,50,-2,False,False,912,"worm fence, snake fence, snake-rail fence, Virginia fence",0.38930068308847143,0.9434032697089786,0.7088626027107239,0.2911373972892761,0.0592738737912398,4.794117954817587,0.036637931034482756,0.19044503441091912,5.198029174509792
frame_017,frame_016,17,16,50,-1,False,False,416,"balance beam, beam",0.3743695289956357,0.9825119239203445,0.6734764575958252,0.3265235424041748,0.06544437126491834,4.854090328883373,0.04741379310344827,0.21026062386929317,4.434587703425093
