source_frame,target_frame,source_index,target_index,tick,gap,row_max_certainty,row_min_certainty,target_pred_label,target_pred_name,target_pred_confidence,target_self_nll_loss,target_certainty_score,target_uncertainty_score,attention_peak,attention_entropy
frame_000,frame_001,0,1,5,1,False,False,359,"black-footed ferret, ferret, Mustela nigripes",0.23385739431658306,1.4530437753974486,0.5471526384353638,0.45284736156463623,0.021574441416853107,5.42264090425222
frame_000,frame_002,0,2,5,2,False,False,452,"bonnet, poke bonnet",0.21241509519128746,1.5492129225008506,0.5305840373039246,0.46941596269607544,0.02712499511588071,5.390912603216604
frame_000,frame_003,0,3,5,3,False,False,452,"bonnet, poke bonnet",0.42350864493434687,0.8591813520302565,0.6070246696472168,0.3929753303527832,0.03564846172410117,5.260715721680773
frame_000,frame_004,0,4,5,4,False,False,452,"bonnet, poke bonnet",0.2460023511613723,1.4024141855288934,0.5142706632614136,0.4857293367385864,0.044098761681252006,5.332496352488231
frame_000,frame_005,0,5,5,5,False,True,411,apron,0.09575743003612179,2.345937055643495,0.48953211307525635,0.5104678869247437,0.051207594353673044,5.369435967793267
frame_000,frame_006,0,6,5,6,False,False,359,"black-footed ferret, ferret, Mustela nigripes",0.19767809991887428,1.6211153292516887,0.5310007333755493,0.4689992666244507,0.05027035575105515,5.28936004947607
frame_000,frame_007,0,7,5,7,False,False,452,"bonnet, poke bonnet",0.44331995157814924,0.8134635313001954,0.6498110294342041,0.3501889705657959,0.02497117075425921,5.445109811512452
frame_000,frame_008,0,8,5,8,False,False,285,Egyptian cat,0.5191619695251346,0.6555393644931922,0.6891446113586426,0.3108553886413574,0.014523543388182432,5.548681561332456
frame_000,frame_009,0,9,5,9,False,False,452,"bonnet, poke bonnet",0.4715944427477647,0.7516358942141257,0.6695315837860107,0.33046841621398926,0.025790572196936177,5.506184073979192
frame_000,frame_010,0,10,5,10,False,False,359,"black-footed ferret, ferret, Mustela nigripes",0.19242948987383107,1.6480254787232447,0.5576224327087402,0.44237756729125977,0.030538821249851463,5.3717492832935605
frame_000,frame_011,0,11,5,11,False,False,285,Egyptian cat,0.4738782610246267,0.7468048235557543,0.6628512144088745,0.3371487855911255,0.02168045005036076,5.344032536058913
frame_000,frame_012,0,12,5,12,True,False,285,Egyptian cat,0.5649142611741608,0.5710813094851415,0.7071616649627686,0.29283833503723145,0.032332289569802004,5.3563375522857095
frame_000,frame_013,0,13,5,13,False,False,285,Egyptian cat,0.31342014997011164,1.1602106563915155,0.590308666229248,0.40969133377075195,0.030655438019091923,5.3395833987206025
frame_000,frame_014,0,14,5,14,False,False,452,"bonnet, poke bonnet",0.23302859013760355,1.456594128490778,0.5613734722137451,0.4386265277862549,0.023757320232237755,5.337793846760945
frame_000,frame_015,0,15,5,15,False,False,359,"black-footed ferret, ferret, Mustela nigripes",0.24221995725738119,1.41790905135122,0.5859725475311279,0.41402745246887207,0.026559653902072544,5.323625690066436
frame_000,frame_001,0,1,10,1,False,False,179,"Staffordshire bullterrier, Staffordshire bull terrier",0.19341174841447875,1.6429339510939958,0.47941380739212036,0.5205861926078796,0.08219620675785441,4.659408569549269
frame_000,frame_002,0,2,10,2,False,True,86,partridge,0.07924246388130926,2.535242963726696,0.4395156502723694,0.5604843497276306,0.05137800943854522,4.937320566153842
frame_000,frame_003,0,3,10,3,False,False,86,partridge,0.6505952907097935,0.4298675033493575,0.7204797267913818,0.27952027320861816,0.057734227913942754,4.848450353855393
frame_000,frame_004,0,4,10,4,False,False,179,"Staffordshire bullterrier, Staffordshire bull terrier",0.08990158621946841,2.409039693394721,0.4511691927909851,0.5488308072090149,0.06127722494537563,5.014658041082681
frame_000,frame_005,0,5,10,5,False,False,359,"black-footed ferret, ferret, Mustela nigripes",0.3258567716103659,1.1212973450467576,0.5600395202636719,0.4399604797363281,0.08389007176048097,4.9410123605905545
frame_000,frame_006,0,6,10,6,False,False,735,poncho,0.3153688322974792,1.1540124289383362,0.5591838359832764,0.44081616401672363,0.0821478867321122,4.654533541780777
frame_000,frame_007,0,7,10,7,False,False,452,"bonnet, poke bonnet",0.2554848175949607,1.3645922934328754,0.5537025928497314,0.44629740715026855,0.05498452858749489,4.775679159580333
frame_000,frame_008,0,8,10,8,True,False,285,Egyptian cat,0.9983422915093401,0.0016590840097299164,0.9977468252182007,0.0022531747817993164,0.04736235675237288,4.660120146233832
frame_000,frame_009,0,9,10,9,False,False,285,Egyptian cat,0.9908343413457807,0.009207921747781178,0.9884383082389832,0.011561691761016846,0.0597611470546033,4.6388289193236005
frame_000,frame_010,0,10,10,10,False,False,285,Egyptian cat,0.7750272904812815,0.2548570367245375,0.8198966383934021,0.1801033616065979,0.0736402722583867,4.569813982697651
frame_000,frame_011,0,11,10,11,False,False,285,Egyptian cat,0.9927004897722851,0.0073262820126679395,0.9914448261260986,0.008555173873901367,0.0699327284260682,4.517616586427577
frame_000,frame_012,0,12,10,12,False,False,285,Egyptian cat,0.9957637413287515,0.0042452570369415354,0.9949667453765869,0.005033254623413086,0.0759109547283363,4.492470677102611
frame_000,frame_013,0,13,10,13,False,False,285,Egyptian cat,0.9861438344768446,0.01395305826711657,0.9849602580070496,0.01503974199295044,0.1056111182407887,4.341177596089296
frame_000,frame_014,0,14,10,14,False,False,285,Egyptian cat,0.9592124693166382,0.04164267564874269,0.9606310129165649,0.03936898708343506,0.09821074554320176,4.373968014190318
frame_000,frame_015,0,15,10,15,False,False,285,Egyptian cat,0.9055422932904367,0.09922129563683724,0.9173482656478882,0.08265173435211182,0.08253507952855223,4.41886950095247
frame_000,frame_001,0,1,20,1,False,False,179,"Staffordshire bullterrier, Staffordshire bull terrier",0.34809961673095474,1.0552665851967928,0.5549149513244629,0.4450850486755371,0.03478312090946108,5.056851624097444
frame_000,frame_002,0,2,20,2,False,True,452,"bonnet, poke bonnet",0.09751649791252708,2.3277337059333725,0.39947032928466797,0.600529670715332,0.03806507124310266,5.016377178722117
frame_000,frame_003,0,3,20,3,False,False,452,"bonnet, poke bonnet",0.13718925061807521,1.9863939150244958,0.4539071321487427,0.5460928678512573,0.049760277754073975,4.8422106225308585
frame_000,frame_004,0,4,20,4,False,False,237,miniature pinscher,0.11928493027518894,2.1262402757515204,0.46534234285354614,0.5346576571464539,0.03715444386220308,5.061107695577955
frame_000,frame_005,0,5,20,5,False,False,240,Appenzeller,0.10668264259665633,2.2378968087278786,0.4267544150352478,0.5732455849647522,0.02794436211302588,5.163086879516981
frame_000,frame_006,0,6,20,6,False,False,703,park bench,0.11443577502051339,2.1677415302119627,0.47908276319503784,0.5209172368049622,0.026310311727807484,5.169152075720362
frame_000,frame_007,0,7,20,7,False,False,452,"bonnet, poke bonnet",0.20130409679728967,1.6029385948430885,0.5207684636116028,0.4792315363883972,0.0293941573795476,5.223146062740893
frame_000,frame_008,0,8,20,8,True,False,285,Egyptian cat,0.9988088373017521,0.0011918726964063042,0.9980785846710205,0.0019214153289794922,0.017714995842166247,5.461439432187011
frame_000,frame_009,0,9,20,9,False,False,285,Egyptian cat,0.9897294398172327,0.010323666318776237,0.9875651001930237,0.012434899806976318,0.021641146290560496,5.398874799715934
frame_000,frame_010,0,10,20,10,False,False,285,Egyptian cat,0.6660570700112189,0.4063799214054509,0.7878318428993225,0.2121681571006775,0.03197005329103443,5.185398232386639
frame_000,frame_011,0,11,20,11,False,False,285,Egyptian cat,0.9968313350160349,0.0031736958330499387,0.9953821301460266,0.004617869853973389,0.03472390760250354,5.103576493391734
frame_000,frame_012,0,12,20,12,False,False,285,Egyptian cat,0.9978700213539433,0.002132250276829617,0.9968751072883606,0.0031248927116394043,0.033012777996386626,5.0625278573405526
frame_000,frame_013,0,13,20,13,False,False,285,Egyptian cat,0.9741864551682043,0.026152561249560335,0.9733821153640747,0.026617884635925293,0.03846855056869929,5.03284005640809
frame_000,frame_014,0,14,20,14,False,False,285,Egyptian cat,0.9249397782930553,0.07802664813715321,0.9295470714569092,0.07045292854309082,0.04016054469548611,4.987673949845096
frame_000,frame_015,0,15,20,15,False,False,285,Egyptian cat,0.9086227283430305,0.0958253112844325,0.9170733094215393,0.0829266905784607,0.04165318538222527,4.945193436469204
frame_000,frame_001,0,1,30,1,False,False,749,"quill, quill pen",0.22991580292827052,1.4700421113053785,0.5759024620056152,0.42409753799438477,0.011671139020920929,5.892612733681183
frame_000,frame_002,0,2,30,2,False,True,749,"quill, quill pen",0.16170490435381032,1.8219821829034828,0.5112547278404236,0.4887452721595764,0.012877652133849407,5.890449888661637
frame_000,frame_003,0,3,30,3,False,False,749,"quill, quill pen",0.17655609812872652,1.7341166166847017,0.5644675493240356,0.43553245067596436,0.012262136730956118,5.891650174247852
frame_000,frame_004,0,4,30,4,False,False,237,miniature pinscher,0.21517107658779808,1.5363218622003867,0.5203133821487427,0.4796866178512573,0.008621024821341475,5.9389758912090365
frame_000,frame_005,0,5,30,5,False,False,255,Leonberg,0.2203428760308035,1.512570418460462,0.5354921817779541,0.4645078182220459,0.01378184380563714,5.913958763385859
frame_000,frame_006,0,6,30,6,False,False,187,Yorkshire terrier,0.18859686633595274,1.6681435243187348,0.5936232209205627,0.40637677907943726,0.009305243300408675,5.901091118032218
frame_000,frame_007,0,7,30,7,False,False,187,Yorkshire terrier,0.3134099448894993,1.1602432173061779,0.7024943828582764,0.29750561714172363,0.009305969876841985,5.9239431810874335
frame_000,frame_008,0,8,30,8,True,False,285,Egyptian cat,0.9994469670532103,0.0005531859259140237,0.999130368232727,0.0008696317672729492,0.013137757681622059,5.973533618442225
frame_000,frame_009,0,9,30,9,False,False,285,Egyptian cat,0.9881334985810282,0.011937470340873446,0.9870608448982239,0.012939155101776123,0.009317151344563613,5.983224528089614
frame_000,frame_010,0,10,30,10,False,False,285,Egyptian cat,0.7024989646724703,0.35311135155116524,0.8278930187225342,0.17210698127746582,0.011800901870029409,5.887976870459965
frame_000,frame_011,0,11,30,11,False,False,285,Egyptian cat,0.9961973382830535,0.0038099102165762844,0.9947184324264526,0.005281567573547363,0.01229351566073309,5.872694778908068
frame_000,frame_012,0,12,30,12,False,False,285,Egyptian cat,0.9951469478203389,0.0048648664764883165,0.9941042065620422,0.005895793437957764,0.009518801250037897,5.902721683260156
frame_000,frame_013,0,13,30,13,False,False,285,Egyptian cat,0.969101647196429,0.031385773525371086,0.9697583317756653,0.030241668224334717,0.012168416655666573,5.887571891148037
frame_000,frame_014,0,14,30,14,False,False,285,Egyptian cat,0.9433070772949376,0.058363410656565584,0.9469696283340454,0.05303037166595459,0.018760930848079522,5.852939900741232
frame_000,frame_015,0,15,30,15,False,False,285,Egyptian cat,0.9360606150364864,0.06607504494699512,0.9411917328834534,0.05880826711654663,0.011460916025442643,5.86240385628882
frame_000,frame_001,0,1,40,1,False,False,281,"tabby, tabby cat",0.10642572445681629,2.240307960085863,0.5505198240280151,0.44948017597198486,0.11433451639305202,3.93720368947592
frame_000,frame_002,0,2,40,2,False,False,32,"tailed frog, bell toad, ribbed toad, tailed toad, Ascaphus trui",0.637166434208702,0.45072437934455145,0.72383052110672,0.27616947889328003,0.07785038909105602,4.107313994051072
frame_000,frame_003,0,3,40,3,False,True,452,"bonnet, poke bonnet",0.25326232184106834,1.3733294821857456,0.5361505150794983,0.4638494849205017,0.13055903956121026,3.799346422304441
frame_000,frame_004,0,4,40,4,False,False,159,Rhodesian ridgeback,0.24572640149095465,1.4035365510521505,0.5584396123886108,0.44156038761138916,0.12340416127050546,3.5558451343524724
frame_000,frame_005,0,5,40,5,False,False,255,Leonberg,0.17985725539193825,1.7155917683034119,0.5430154800415039,0.4569845199584961,0.1510089945269925,3.687538212351912
frame_000,frame_006,0,6,40,6,False,False,32,"tailed frog, bell toad, ribbed toad, tailed toad, Ascaphus trui",0.46446316293146966,0.7668730286492025,0.6848572492599487,0.31514275074005127,0.12423957367868751,3.488416570924915
frame_000,frame_007,0,7,40,7,False,False,187,Yorkshire terrier,0.4049646156274907,0.9039555845134863,0.7023158073425293,0.2976841926574707,0.09357232615818885,3.824180766220419
frame_000,frame_008,0,8,40,8,True,False,285,Egyptian cat,0.9999111748564928,8.882908869378703e-05,0.999836266040802,0.00016373395919799805,0.07151202629431858,4.079124407098781
frame_000,frame_009,0,9,40,9,False,False,285,Egyptian cat,0.9973666745062049,0.0026367987942670368,0.9968904256820679,0.003109574317932129,0.06261509496295321,4.092894728034804
frame_000,frame_010,0,10,40,10,False,False,285,Egyptian cat,0.8806338632152141,0.12711333169258587,0.9265038967132568,0.07349610328674316,0.07458776136532023,3.8750960776400465
frame_000,frame_011,0,11,40,11,False,False,285,Egyptian cat,0.9989997200969949,0.0010007805168110728,0.9986549019813538,0.0013450980186462402,0.07679562289669237,3.914361151306439
frame_000,frame_012,0,12,40,12,False,False,285,Egyptian cat,0.9991511313602377,0.0008492291327679702,0.9989095330238342,0.0010904669761657715,0.08655305991217116,3.8688947246670766
frame_000,frame_013,0,13,40,13,False,False,285,Egyptian cat,0.9962999861193003,0.003706875863575654,0.9955837726593018,0.004416227340698242,0.11798945827422112,3.6354389525116604
frame_000,frame_014,0,14,40,14,False,False,285,Egyptian cat,0.9888182266404848,0.011244759357492917,0.988090991973877,0.011909008026123047,0.10072178310188017,3.6559998814815167
frame_000,frame_015,0,15,40,15,False,False,285,Egyptian cat,0.9746514968466734,0.02567531101249987,0.9751741886138916,0.0248258113861084,0.11595486656599496,3.782419340998121
frame_000,frame_001,0,1,50,1,False,False,359,"black-footed ferret, ferret, Mustela nigripes",0.1897769356385125,1.6619059194816703,0.6113784313201904,0.38862156867980957,0.08340342433106741,4.476041459911734
frame_000,frame_002,0,2,50,2,False,False,32,"tailed frog, bell toad, ribbed toad, tailed toad, Ascaphus trui",0.24763942737025169,1.3957815126813333,0.5630105137825012,0.4369894862174988,0.06988838564323682,4.492129267178781
frame_000,frame_003,0,3,50,3,False,False,452,"bonnet, poke bonnet",0.36729675048674926,1.0015851732232868,0.5991365909576416,0.4008634090423584,0.060110954804818706,4.314563576621213
frame_000,frame_004,0,4,50,4,False,True,106,wombat,0.2834766853523643,1.2606253978121096,0.5615552663803101,0.43844473361968994,0.08876121055226724,4.329130929963839
frame_000,frame_005,0,5,50,5,False,False,255,Leonberg,0.35593751340431634,1.033000087681451,0.6171365976333618,0.3828634023666382,0.14419396851173147,4.252842692749137
frame_000,frame_006,0,6,50,6,False,False,359,"black-footed ferret, ferret, Mustela nigripes",0.35460302754000034,1.036756347476615,0.6387323141098022,0.36126768589019775,0.08213217537939158,4.195244167496912
frame_000,frame_007,0,7,50,7,False,False,187,Yorkshire terrier,0.31459349910086487,1.1564739525865146,0.6784020662307739,0.3215979337692261,0.0730059526008321,4.492235403224763
frame_000,frame_008,0,8,50,8,True,False,285,Egyptian cat,0.9999670671450581,3.293339724019795e-05,0.9999382495880127,6.175041198730469e-05,0.06041000896932851,4.543063360454024
frame_000,frame_009,0,9,50,9,False,False,285,Egyptian cat,0.9993443894676697,0.0006558255388942058,0.9990822076797485,0.0009177923202514648,0.061450149285993544,4.630453497689398
frame_000,frame_010,0,10,50,10,False,False,285,Egyptian cat,0.9088304024665833,0.09559677815646772,0.9408591985702515,0.059140801429748535,0.07763341272517213,4.369722977699593
frame_000,frame_011,0,11,50,11,False,False,285,Egyptian cat,0.9997179201179066,0.00028211967410651795,0.999549150466919,0.0004508495330810547,0.05493757162865325,4.321408654200567
frame_000,frame_012,0,12,50,12,False,False,285,Egyptian cat,0.9996655376202674,0.0003345183247489558,0.999516487121582,0.00048351287841796875,0.0790064635723464,4.254731759066443
frame_000,frame_013,0,13,50,13,False,False,285,Egyptian cat,0.9951208438678264,0.004891098074691236,0.9941160082817078,0.005883991718292236,0.06745335945877438,4.210455284260062
frame_000,frame_014,0,14,50,14,False,False,285,Egyptian cat,0.9869806481515863,0.013104846476851506,0.9865276217460632,0.013472378253936768,0.07498141548316431,4.1917578351710265
frame_000,frame_015,0,15,50,15,False,False,285,Egyptian cat,0.9336466154563402,0.0686572683904636,0.9492235779762268,0.05077642202377319,0.07333710678972302,4.322056561430508
frame_001,frame_000,1,0,5,-1,False,False,359,"black-footed ferret, ferret, Mustela nigripes",0.3789808661243953,0.9702695603340361,0.601797878742218,0.398202121257782,0.036890045268174784,5.344635625544475
frame_001,frame_002,1,2,5,1,False,False,452,"bonnet, poke bonnet",0.21241509519128746,1.5492129225008506,0.5305840373039246,0.46941596269607544,0.026963537239130777,5.366314850774985
frame_001,frame_003,1,3,5,2,False,False,452,"bonnet, poke bonnet",0.42350864493434687,0.8591813520302565,0.6070246696472168,0.3929753303527832,0.036427977756970764,5.235320017381996
frame_001,frame_004,1,4,5,3,False,False,452,"bonnet, poke bonnet",0.2460023511613723,1.4024141855288934,0.5142706632614136,0.4857293367385864,0.04327099039826476,5.310823081279427
frame_001,frame_005,1,5,5,4,False,True,411,apron,0.09575743003612179,2.345937055643495,0.48953211307525635,0.5104678869247437,0.050547376692493505,5.353180877422162
frame_001,frame_006,1,6,5,5,False,False,359,"black-footed ferret, ferret, Mustela nigripes",0.19767809991887428,1.6211153292516887,0.5310007333755493,0.4689992666244507,0.05168033441004025,5.245117408147282
frame_001,frame_007,1,7,5,6,False,False,452,"bonnet, poke bonnet",0.44331995157814924,0.8134635313001954,0.6498110294342041,0.3501889705657959,0.02602610904706886,5.418233516648648
frame_001,frame_008,1,8,5,7,False,False,285,Egyptian cat,0.5191619695251346,0.6555393644931922,0.6891446113586426,0.3108553886413574,0.015293801960989187,5.5174555708430955
frame_001,frame_009,1,9,5,8,False,False,452,"bonnet, poke bonnet",0.4715944427477647,0.7516358942141257,0.6695315837860107,0.33046841621398926,0.024729386083309695,5.481296413939923
frame_001,frame_010,1,10,5,9,False,False,359,"black-footed ferret, ferret, Mustela nigripes",0.19242948987383107,1.6480254787232447,0.5576224327087402,0.44237756729125977,0.02789121639577555,5.344669885622148
frame_001,frame_011,1,11,5,10,False,False,285,Egyptian cat,0.4738782610246267,0.7468048235557543,0.6628512144088745,0.3371487855911255,0.021830228836035685,5.303500179502634
frame_001,frame_012,1,12,5,11,True,False,285,Egyptian cat,0.5649142611741608,0.5710813094851415,0.7071616649627686,0.29283833503723145,0.03153563318471912,5.323431221968945
frame_001,frame_013,1,13,5,12,False,False,285,Egyptian cat,0.31342014997011164,1.1602106563915155,0.590308666229248,0.40969133377075195,0.030965436099468852,5.2982870908703585
frame_001,frame_014,1,14,5,13,False,False,452,"bonnet, poke bonnet",0.23302859013760355,1.456594128490778,0.5613734722137451,0.4386265277862549,0.0239650401092554,5.296135012377819
frame_001,frame_015,1,15,5,14,False,False,359,"black-footed ferret, ferret, Mustela nigripes",0.24221995725738119,1.41790905135122,0.5859725475311279,0.41402745246887207,0.02633761055087245,5.279209739153787
frame_001,frame_000,1,0,10,-1,False,False,359,"black-footed ferret, ferret, Mustela nigripes",0.2095988355838609,1.5625598819711923,0.5145654082298279,0.4854345917701721,0.04235287304541483,4.933594728222182
frame_001,frame_002,1,2,10,1,False,True,86,partridge,0.07924246388130926,2.535242963726696,0.4395156502723694,0.5604843497276306,0.04384147331642132,4.986380125929418
frame_001,frame_003,1,3,10,2,False,False,86,partridge,0.6505952907097935,0.4298675033493575,0.7204797267913818,0.27952027320861816,0.05362766315149104,4.884997473410292
frame_001,frame_004,1,4,10,3,False,False,179,"Staffordshire bullterrier, Staffordshire bull terrier",0.08990158621946841,2.409039693394721,0.4511691927909851,0.5488308072090149,0.05258851040145987,5.060171897614149
frame_001,frame_005,1,5,10,4,False,False,359,"black-footed ferret, ferret, Mustela nigripes",0.3258567716103659,1.1212973450467576,0.5600395202636719,0.4399604797363281,0.06941812424859094,5.054106023690354
frame_001,frame_006,1,6,10,5,False,False,735,poncho,0.3153688322974792,1.1540124289383362,0.5591838359832764,0.44081616401672363,0.07362848523285646,4.726235593605208
frame_001,frame_007,1,7,10,6,False,False,452,"bonnet, poke bonnet",0.2554848175949607,1.3645922934328754,0.5537025928497314,0.44629740715026855,0.050805314488219816,4.814095818734752
frame_001,frame_008,1,8,10,7,True,False,285,Egyptian cat,0.9983422915093401,0.0016590840097299164,0.9977468252182007,0.0022531747817993164,0.04886835847376486,4.6767296205483255
frame_001,frame_009,1,9,10,8,False,False,285,Egyptian cat,0.9908343413457807,0.009207921747781178,0.9884383082389832,0.011561691761016846,0.05764706460919064,4.664088012596665
frame_001,frame_010,1,10,10,9,False,False,285,Egyptian cat,0.7750272904812815,0.2548570367245375,0.8198966383934021,0.1801033616065979,0.07376180615999912,4.563215194573447
frame_001,frame_011,1,11,10,10,False,False,285,Egyptian cat,0.9927004897722851,0.0073262820126679395,0.9914448261260986,0.008555173873901367,0.06941471932653272,4.499002267210292
frame_001,frame_012,1,12,10,11,False,False,285,Egyptian cat,0.9957637413287515,0.0042452570369415354,0.9949667453765869,0.005033254623413086,0.07170726423436172,4.500303531946328
frame_001,frame_013,1,13,10,12,False,False,285,Egyptian cat,0.9861438344768446,0.01395305826711657,0.9849602580070496,0.01503974199295044,0.09766369584671715,4.366486510608071
frame_001,frame_014,1,14,10,13,False,False,285,Egyptian cat,0.9592124693166382,0.04164267564874269,0.9606310129165649,0.03936898708343506,0.08762793366740874,4.395355506451556
frame_001,frame_015,1,15,10,14,False,False,285,Egyptian cat,0.9055422932904367,0.09922129563683724,0.9173482656478882,0.08265173435211182,0.07597016459621653,4.443378815701059
frame_001,frame_000,1,0,20,-1,False,False,198,standard schnauzer,0.2167652532574265,1.5289402932142373,0.5381695032119751,0.4618304967880249,0.03789688641761181,5.161862930122558
frame_001,frame_002,1,2,20,1,False,True,452,"bonnet, poke bonnet",0.09751649791252708,2.3277337059333725,0.39947032928466797,0.600529670715332,0.04159396482716473,4.948477812800988
frame_001,frame_003,1,3,20,2,False,False,452,"bonnet, poke bonnet",0.13718925061807521,1.9863939150244958,0.4539071321487427,0.5460928678512573,0.04355945459424932,4.81088594277005
frame_001,frame_004,1,4,20,3,False,False,237,miniature pinscher,0.11928493027518894,2.1262402757515204,0.46534234285354614,0.5346576571464539,0.0428108504113866,4.991069016155173
frame_001,frame_005,1,5,20,4,False,False,240,Appenzeller,0.10668264259665633,2.2378968087278786,0.4267544150352478,0.5732455849647522,0.03457591294976771,5.131592984992485
frame_001,frame_006,1,6,20,5,False,False,703,park bench,0.11443577502051339,2.1677415302119627,0.47908276319503784,0.5209172368049622,0.02936718258815044,5.131099881982678
frame_001,frame_007,1,7,20,6,False,False,452,"bonnet, poke bonnet",0.20130409679728967,1.6029385948430885,0.5207684636116028,0.4792315363883972,0.03326778839820083,5.161310963936617
frame_001,frame_008,1,8,20,7,True,False,285,Egyptian cat,0.9988088373017521,0.0011918726964063042,0.9980785846710205,0.0019214153289794922,0.021227068830921597,5.39707305912418
frame_001,frame_009,1,9,20,8,False,False,285,Egyptian cat,0.9897294398172327,0.010323666318776237,0.9875651001930237,0.012434899806976318,0.023461408907737007,5.3543808643795545
frame_001,frame_010,1,10,20,9,False,False,285,Egyptian cat,0.6660570700112189,0.4063799214054509,0.7878318428993225,0.2121681571006775,0.04279164316940977,5.091585298447487
frame_001,frame_011,1,11,20,10,False,False,285,Egyptian cat,0.9968313350160349,0.0031736958330499387,0.9953821301460266,0.004617869853973389,0.0434088038703068,4.999392592175775
frame_001,frame_012,1,12,20,11,False,False,285,Egyptian cat,0.9978700213539433,0.002132250276829617,0.9968751072883606,0.0031248927116394043,0.03735232048923846,4.987183978831913
frame_001,frame_013,1,13,20,12,False,False,285,Egyptian cat,0.9741864551682043,0.026152561249560335,0.9733821153640747,0.026617884635925293,0.0431697289392332,4.943079367799227
frame_001,frame_014,1,14,20,13,False,False,285,Egyptian cat,0.9249397782930553,0.07802664813715321,0.9295470714569092,0.07045292854309082,0.04744348692876523,4.90834378657797
frame_001,frame_015,1,15,20,14,False,False,285,Egyptian cat,0.9086227283430305,0.0958253112844325,0.9170733094215393,0.0829266905784607,0.04201997152692663,4.870009808899897
frame_001,frame_000,1,0,30,-1,False,False,198,standard schnauzer,0.21914889466251447,1.5180038958785467,0.6094505786895752,0.3905494213104248,0.009905148385905426,5.901975702625151
frame_001,frame_002,1,2,30,1,False,True,749,"quill, quill pen",0.16170490435381032,1.8219821829034828,0.5112547278404236,0.4887452721595764,0.011141155829880185,5.902921983206343
frame_001,frame_003,1,3,30,2,False,False,749,"quill, quill pen",0.17655609812872652,1.7341166166847017,0.5644675493240356,0.43553245067596436,0.011352326753249216,5.897642532888129
frame_001,frame_004,1,4,30,3,False,False,237,miniature pinscher,0.21517107658779808,1.5363218622003867,0.5203133821487427,0.4796866178512573,0.010639107887680507,5.942576616711298
frame_001,frame_005,1,5,30,4,False,False,255,Leonberg,0.2203428760308035,1.512570418460462,0.5354921817779541,0.4645078182220459,0.0164525900759135,5.915670102890021
frame_001,frame_006,1,6,30,5,False,False,187,Yorkshire terrier,0.18859686633595274,1.6681435243187348,0.5936232209205627,0.40637677907943726,0.010553425127099272,5.893923649625476
frame_001,frame_007,1,7,30,6,False,False,187,Yorkshire terrier,0.3134099448894993,1.1602432173061779,0.7024943828582764,0.29750561714172363,0.010515454274361558,5.928484920281506
frame_001,frame_008,1,8,30,7,True,False,285,Egyptian cat,0.9994469670532103,0.0005531859259140237,0.999130368232727,0.0008696317672729492,0.011154452319661135,5.966502402630512
frame_001,frame_009,1,9,30,8,False,False,285,Egyptian cat,0.9881334985810282,0.011937470340873446,0.9870608448982239,0.012939155101776123,0.008938967987271925,5.979258724286851
frame_001,frame_010,1,10,30,9,False,False,285,Egyptian cat,0.7024989646724703,0.35311135155116524,0.8278930187225342,0.17210698127746582,0.010181648670430914,5.878887689534439
frame_001,frame_011,1,11,30,10,False,False,285,Egyptian cat,0.9961973382830535,0.0038099102165762844,0.9947184324264526,0.005281567573547363,0.010325403982770374,5.86793649786703
frame_001,frame_012,1,12,30,11,False,False,285,Egyptian cat,0.9951469478203389,0.0048648664764883165,0.9941042065620422,0.005895793437957764,0.00929303174083336,5.888126261847873
frame_001,frame_013,1,13,30,12,False,False,285,Egyptian cat,0.969101647196429,0.031385773525371086,0.9697583317756653,0.030241668224334717,0.011147419078003607,5.871736199068201
frame_001,frame_014,1,14,30,13,False,False,285,Egyptian cat,0.9433070772949376,0.058363410656565584,0.9469696283340454,0.05303037166595459,0.016840070446124716,5.847687046309895
frame_001,frame_015,1,15,30,14,False,False,285,Egyptian cat,0.9360606150364864,0.06607504494699512,0.9411917328834534,0.05880826711654663,0.010047246910579236,5.867052198215733
frame_001,frame_000,1,0,40,-1,False,False,359,"black-footed ferret, ferret, Mustela nigripes",0.31397885287339145,1.1584296428788008,0.6505299806594849,0.34947001934051514,0.10551597891749404,4.0049735808198825
frame_001,frame_002,1,2,40,1,False,False,32,"tailed frog, bell toad, ribbed toad, tailed toad, Ascaphus trui",0.637166434208702,0.45072437934455145,0.72383052110672,0.27616947889328003,0.0799888062502969,4.216941743583196
frame_001,frame_003,1,3,40,2,False,True,452,"bonnet, poke bonnet",0.25326232184106834,1.3733294821857456,0.5361505150794983,0.4638494849205017,0.11763785089390083,3.9495043725310417
frame_001,frame_004,1,4,40,3,False,False,159,Rhodesian ridgeback,0.24572640149095465,1.4035365510521505,0.5584396123886108,0.44156038761138916,0.11234458460252518,3.7253927606826616
frame_001,frame_005,1,5,40,4,False,False,255,Leonberg,0.17985725539193825,1.7155917683034119,0.5430154800415039,0.4569845199584961,0.13487919652609995,3.8486019387760573
frame_001,frame_006,1,6,40,5,False,False,32,"tailed frog, bell toad, ribbed toad, tailed toad, Ascaphus trui",0.46446316293146966,0.7668730286492025,0.6848572492599487,0.31514275074005127,0.1223391836407852,3.5497077711287797
frame_001,frame_007,1,7,40,6,False,False,187,Yorkshire terrier,0.4049646156274907,0.9039555845134863,0.7023158073425293,0.2976841926574707,0.08869406785005904,3.8942356816251253
frame_001,frame_008,1,8,40,7,True,False,285,Egyptian cat,0.9999111748564928,8.882908869378703e-05,0.999836266040802,0.00016373395919799805,0.07413221294369136,4.1100676193878645
frame_001,frame_009,1,9,40,8,False,False,285,Egyptian cat,0.9973666745062049,0.0026367987942670368,0.9968904256820679,0.003109574317932129,0.06372408430150656,4.109295110953085
frame_001,frame_010,1,10,40,9,False,False,285,Egyptian cat,0.8806338632152141,0.12711333169258587,0.9265038967132568,0.07349610328674316,0.07182011763548583,3.909603828272731
frame_001,frame_011,1,11,40,10,False,False,285,Egyptian cat,0.9989997200969949,0.0010007805168110728,0.9986549019813538,0.0013450980186462402,0.07950696747443112,3.9401644598855503
frame_001,frame_012,1,12,40,11,False,False,285,Egyptian cat,0.9991511313602377,0.0008492291327679702,0.9989095330238342,0.0010904669761657715,0.08579347110805464,3.929358160701481
frame_001,frame_013,1,13,40,12,False,False,285,Egyptian cat,0.9962999861193003,0.003706875863575654,0.9955837726593018,0.004416227340698242,0.11599989082115038,3.714529728005481
frame_001,frame_014,1,14,40,13,False,False,285,Egyptian cat,0.9888182266404848,0.011244759357492917,0.988090991973877,0.011909008026123047,0.09427710235394306,3.718817758300056
frame_001,frame_015,1,15,40,14,False,False,285,Egyptian cat,0.9746514968466734,0.02567531101249987,0.9751741886138916,0.0248258113861084,0.11881945166302857,3.852244112550344
frame_001,frame_000,1,0,50,-1,False,False,359,"black-footed ferret, ferret, Mustela nigripes",0.7112873656126041,0.3406787597895615,0.8075382709503174,0.19246172904968262,0.05818397949827693,4.603459048997864
frame_001,frame_002,1,2,50,1,False,False,32,"tailed frog, bell toad, ribbed toad, tailed toad, Ascaphus trui",0.24763942737025169,1.3957815126813333,0.5630105137825012,0.4369894862174988,0.07364380429372758,4.591078333127437
frame_001,frame_003,1,3,50,2,False,False,452,"bonnet, poke bonnet",0.36729675048674926,1.0015851732232868,0.5991365909576416,0.4008634090423584,0.055621124193117245,4.444458371233915
frame_001,frame_004,1,4,50,3,False,True,106,wombat,0.2834766853523643,1.2606253978121096,0.5615552663803101,0.43844473361968994,0.06915670818103467,4.3890077106202146
frame_001,frame_005,1,5,50,4,False,False,255,Leonberg,0.35593751340431634,1.033000087681451,0.6171365976333618,0.3828634023666382,0.12220337249165156,4.387603222838845
frame_001,frame_006,1,6,50,5,False,False,359,"black-footed ferret, ferret, Mustela nigripes",0.35460302754000034,1.036756347476615,0.6387323141098022,0.36126768589019775,0.08370117074557323,4.2088937859824
frame_001,frame_007,1,7,50,6,False,False,187,Yorkshire terrier,0.31459349910086487,1.1564739525865146,0.6784020662307739,0.3215979337692261,0.06570298081236091,4.505049072345194
frame_001,frame_008,1,8,50,7,True,False,285,Egyptian cat,0.9999670671450581,3.293339724019795e-05,0.9999382495880127,6.175041198730469e-05,0.06950967776595197,4.5456547359980775
frame_001,frame_009,1,9,50,8,False,False,285,Egyptian cat,0.9993443894676697,0.0006558255388942058,0.9990822076797485,0.0009177923202514648,0.053796664268473945,4.641805463489087
frame_001,frame_010,1,10,50,9,False,False,285,Egyptian cat,0.9088304024665833,0.09559677815646772,0.9408591985702515,0.059140801429748535,0.07202683544993603,4.379580045280671
frame_001,frame_011,1,11,50,10,False,False,285,Egyptian cat,0.9997179201179066,0.00028211967410651795,0.999549150466919,0.0004508495330810547,0.06567165081804484,4.309225103572155
frame_001,frame_012,1,12,50,11,False,False,285,Egyptian cat,0.9996655376202674,0.0003345183247489558,0.999516487121582,0.00048351287841796875,0.08819276875008061,4.282335848626086
frame_001,frame_013,1,13,50,12,False,False,285,Egyptian cat,0.9951208438678264,0.004891098074691236,0.9941160082817078,0.005883991718292236,0.07124994652447629,4.250619578014955
frame_001,frame_014,1,14,50,13,False,False,285,Egyptian cat,0.9869806481515863,0.013104846476851506,0.9865276217460632,0.013472378253936768,0.08009615561867757,4.243763960382926
frame_001,frame_015,1,15,50,14,False,False,285,Egyptian cat,0.9336466154563402,0.0686572683904636,0.9492235779762268,0.05077642202377319,0.08393771254012063,4.3595788524850345
frame_002,frame_000,2,0,5,-2,False,False,359,"black-footed ferret, ferret, Mustela nigripes",0.3789808661243953,0.9702695603340361,0.601797878742218,0.398202121257782,0.03350344676138755,5.443818481125692
frame_002,frame_001,2,1,5,-1,False,False,359,"black-footed ferret, ferret, Mustela nigripes",0.23385739431658306,1.4530437753974486,0.5471526384353638,0.45284736156463623,0.021411981614349488,5.489970667659705
frame_002,frame_003,2,3,5,1,False,False,452,"bonnet, poke bonnet",0.42350864493434687,0.8591813520302565,0.6070246696472168,0.3929753303527832,0.0352292286262439,5.334670179361406
frame_002,frame_004,2,4,5,2,False,False,452,"bonnet, poke bonnet",0.2460023511613723,1.4024141855288934,0.5142706632614136,0.4857293367385864,0.03860504656763145,5.430170893883035
frame_002,frame_005,2,5,5,3,False,True,411,apron,0.09575743003612179,2.345937055643495,0.48953211307525635,0.5104678869247437,0.04106812902990906,5.466794470507666
frame_002,frame_006,2,6,5,4,False,False,359,"black-footed ferret, ferret, Mustela nigripes",0.19767809991887428,1.6211153292516887,0.5310007333755493,0.4689992666244507,0.0470562689098771,5.363647725297374
frame_002,frame_007,2,7,5,5,False,False,452,"bonnet, poke bonnet",0.44331995157814924,0.8134635313001954,0.6498110294342041,0.3501889705657959,0.02150599831390629,5.5170020006435205
frame_002,frame_008,2,8,5,6,False,False,285,Egyptian cat,0.5191619695251346,0.6555393644931922,0.6891446113586426,0.3108553886413574,0.013320294382210753,5.627987914305415
frame_002,frame_009,2,9,5,7,False,False,452,"bonnet, poke bonnet",0.4715944427477647,0.7516358942141257,0.6695315837860107,0.33046841621398926,0.019656326724315196,5.593450662138829
frame_002,frame_010,2,10,5,8,False,False,359,"black-footed ferret, ferret, Mustela nigripes",0.19242948987383107,1.6480254787232447,0.5576224327087402,0.44237756729125977,0.02600673266631106,5.454631031244244
frame_002,frame_011,2,11,5,9,False,False,285,Egyptian cat,0.4738782610246267,0.7468048235557543,0.6628512144088745,0.3371487855911255,0.01987939703847194,5.409186004695432
frame_002,frame_012,2,12,5,10,True,False,285,Egyptian cat,0.5649142611741608,0.5710813094851415,0.7071616649627686,0.29283833503723145,0.022444169705612374,5.429499333096312
frame_002,frame_013,2,13,5,11,False,False,285,Egyptian cat,0.31342014997011164,1.1602106563915155,0.590308666229248,0.40969133377075195,0.02680015187867373,5.408774668213276
frame_002,frame_014,2,14,5,12,False,False,452,"bonnet, poke bonnet",0.23302859013760355,1.456594128490778,0.5613734722137451,0.4386265277862549,0.021464895768759977,5.401298059034319
frame_002,frame_015,2,15,5,13,False,False,359,"black-footed ferret, ferret, Mustela nigripes",0.24221995725738119,1.41790905135122,0.5859725475311279,0.41402745246887207,0.02489642491547665,5.385135069644653
frame_002,frame_000,2,0,10,-2,False,False,359,"black-footed ferret, ferret, Mustela nigripes",0.2095988355838609,1.5625598819711923,0.5145654082298279,0.4854345917701721,0.03661361329984822,5.054885223135382
frame_002,frame_001,2,1,10,-1,False,False,179,"Staffordshire bullterrier, Staffordshire bull terrier",0.19341174841447875,1.6429339510939958,0.47941380739212036,0.5205861926078796,0.07056981485773593,4.857319466773486
frame_002,frame_003,2,3,10,1,False,False,86,partridge,0.6505952907097935,0.4298675033493575,0.7204797267913818,0.27952027320861816,0.04575037206078381,4.957682392034978
frame_002,frame_004,2,4,10,2,False,True,179,"Staffordshire bullterrier, Staffordshire bull terrier",0.08990158621946841,2.409039693394721,0.4511691927909851,0.5488308072090149,0.03697610317938004,5.123601767816984
frame_002,frame_005,2,5,10,3,False,False,359,"black-footed ferret, ferret, Mustela nigripes",0.3258567716103659,1.1212973450467576,0.5600395202636719,0.4399604797363281,0.06217009970994945,5.132814518776248
frame_002,frame_006,2,6,10,4,False,False,735,poncho,0.3153688322974792,1.1540124289383362,0.5591838359832764,0.44081616401672363,0.06066570827827713,4.899855824860077
frame_002,frame_007,2,7,10,5,False,False,452,"bonnet, poke bonnet",0.2554848175949607,1.3645922934328754,0.5537025928497314,0.44629740715026855,0.041105159241379696,5.013363272034747
frame_002,frame_008,2,8,10,6,True,False,285,Egyptian cat,0.9983422915093401,0.0016590840097299164,0.9977468252182007,0.0022531747817993164,0.045930087510441454,4.921838195601321
frame_002,frame_009,2,9,10,7,False,False,285,Egyptian cat,0.9908343413457807,0.009207921747781178,0.9884383082389832,0.011561691761016846,0.05158340899289972,4.903760958329295
frame_002,frame_010,2,10,10,8,False,False,285,Egyptian cat,0.7750272904812815,0.2548570367245375,0.8198966383934021,0.1801033616065979,0.06961784523169993,4.746743331871611
frame_002,frame_011,2,11,10,9,False,False,285,Egyptian cat,0.9927004897722851,0.0073262820126679395,0.9914448261260986,0.008555173873901367,0.06527899797874522,4.665253615577203
frame_002,frame_012,2,12,10,10,False,False,285,Egyptian cat,0.9957637413287515,0.0042452570369415354,0.9949667453765869,0.005033254623413086,0.0718766227970533,4.64438512705931
frame_002,frame_013,2,13,10,11,False,False,285,Egyptian cat,0.9861438344768446,0.01395305826711657,0.9849602580070496,0.01503974199295044,0.09567626003424767,4.497791943040348
frame_002,frame_014,2,14,10,12,False,False,285,Egyptian cat,0.9592124693166382,0.04164267564874269,0.9606310129165649,0.03936898708343506,0.08739139127308697,4.528591343217032
frame_002,frame_015,2,15,10,13,False,False,285,Egyptian cat,0.9055422932904367,0.09922129563683724,0.9173482656478882,0.08265173435211182,0.07483537444654396,4.577351677240319
frame_002,frame_000,2,0,20,-2,False,False,198,standard schnauzer,0.2167652532574265,1.5289402932142373,0.5381695032119751,0.4618304967880249,0.03323351935011396,5.34294656683647
frame_002,frame_001,2,1,20,-1,False,False,179,"Staffordshire bullterrier, Staffordshire bull terrier",0.34809961673095474,1.0552665851967928,0.5549149513244629,0.4450850486755371,0.03928417013696421,5.172459933584792
frame_002,frame_003,2,3,20,1,False,False,452,"bonnet, poke bonnet",0.13718925061807521,1.9863939150244958,0.4539071321487427,0.5460928678512573,0.03811009218281837,4.974995388084759
frame_002,frame_004,2,4,20,2,False,False,237,miniature pinscher,0.11928493027518894,2.1262402757515204,0.46534234285354614,0.5346576571464539,0.03950191231732371,5.151580197499529
frame_002,frame_005,2,5,20,3,False,True,240,Appenzeller,0.10668264259665633,2.2378968087278786,0.4267544150352478,0.5732455849647522,0.03069325363015786,5.271293208009666
frame_002,frame_006,2,6,20,4,False,False,703,park bench,0.11443577502051339,2.1677415302119627,0.47908276319503784,0.5209172368049622,0.026010440850997105,5.290256407920674
frame_002,frame_007,2,7,20,5,False,False,452,"bonnet, poke bonnet",0.20130409679728967,1.6029385948430885,0.5207684636116028,0.4792315363883972,0.03102980146173847,5.337968355237258
frame_002,frame_008,2,8,20,6,True,False,285,Egyptian cat,0.9988088373017521,0.0011918726964063042,0.9980785846710205,0.0019214153289794922,0.01874357803732505,5.538987239016629
frame_002,frame_009,2,9,20,7,False,False,285,Egyptian cat,0.9897294398172327,0.010323666318776237,0.9875651001930237,0.012434899806976318,0.02000220310336316,5.473863239142682
frame_002,frame_010,2,10,20,8,False,False,285,Egyptian cat,0.6660570700112189,0.4063799214054509,0.7878318428993225,0.2121681571006775,0.03796495549883327,5.296002069144165
frame_002,frame_011,2,11,20,9,False,False,285,Egyptian cat,0.9968313350160349,0.0031736958330499387,0.9953821301460266,0.004617869853973389,0.04382042977705367,5.243186890105148
frame_002,frame_012,2,12,20,10,False,False,285,Egyptian cat,0.9978700213539433,0.002132250276829617,0.9968751072883606,0.0031248927116394043,0.037419725761354376,5.19126106056239
frame_002,frame_013,2,13,20,11,False,False,285,Egyptian cat,0.9741864551682043,0.026152561249560335,0.9733821153640747,0.026617884635925293,0.04258154378104093,5.204063400098834
frame_002,frame_014,2,14,20,12,False,False,285,Egyptian cat,0.9249397782930553,0.07802664813715321,0.9295470714569092,0.07045292854309082,0.04903949390174507,5.168112048081785
frame_002,frame_015,2,15,20,13,False,False,285,Egyptian cat,0.9086227283430305,0.0958253112844325,0.9170733094215393,0.0829266905784607,0.044087552321849105,5.119318139747579
frame_002,frame_000,2,0,30,-2,False,False,198,standard schnauzer,0.21914889466251447,1.5180038958785467,0.6094505786895752,0.3905494213104248,0.012427199597343832,5.867469952514043
frame_002,frame_001,2,1,30,-1,False,False,749,"quill, quill pen",0.22991580292827052,1.4700421113053785,0.5759024620056152,0.42409753799438477,0.010832935571828172,5.8995286867670504
frame_002,frame_003,2,3,30,1,False,False,749,"quill, quill pen",0.17655609812872652,1.7341166166847017,0.5644675493240356,0.43553245067596436,0.011947504017597909,5.883401144168291
frame_002,frame_004,2,4,30,2,False,True,237,miniature pinscher,0.21517107658779808,1.5363218622003867,0.5203133821487427,0.4796866178512573,0.013692601532789525,5.911140503260168
frame_002,frame_005,2,5,30,3,False,False,255,Leonberg,0.2203428760308035,1.512570418460462,0.5354921817779541,0.4645078182220459,0.019437869809479973,5.889161973457254
frame_002,frame_006,2,6,30,4,False,False,187,Yorkshire terrier,0.18859686633595274,1.6681435243187348,0.5936232209205627,0.40637677907943726,0.014469746514256086,5.889652152802414
frame_002,frame_007,2,7,30,5,False,False,187,Yorkshire terrier,0.3134099448894993,1.1602432173061779,0.7024943828582764,0.29750561714172363,0.011863965334642816,5.923293671686749
frame_002,frame_008,2,8,30,6,True,False,285,Egyptian cat,0.9994469670532103,0.0005531859259140237,0.999130368232727,0.0008696317672729492,0.013085276189871252,5.956280289165278
frame_002,frame_009,2,9,30,7,False,False,285,Egyptian cat,0.9881334985810282,0.011937470340873446,0.9870608448982239,0.012939155101776123,0.009747993064272082,5.986020385664846
frame_002,frame_010,2,10,30,8,False,False,285,Egyptian cat,0.7024989646724703,0.35311135155116524,0.8278930187225342,0.17210698127746582,0.012184810918490475,5.88409558262598
frame_002,frame_011,2,11,30,9,False,False,285,Egyptian cat,0.9961973382830535,0.0038099102165762844,0.9947184324264526,0.005281567573547363,0.010091098072358085,5.884563028304982
frame_002,frame_012,2,12,30,10,False,False,285,Egyptian cat,0.9951469478203389,0.0048648664764883165,0.9941042065620422,0.005895793437957764,0.012969373707897218,5.909655364648026
frame_002,frame_013,2,13,30,11,False,False,285,Egyptian cat,0.969101647196429,0.031385773525371086,0.9697583317756653,0.030241668224334717,0.011898716834622187,5.874096578456139
frame_002,frame_014,2,14,30,12,False,False,285,Egyptian cat,0.9433070772949376,0.058363410656565584,0.9469696283340454,0.05303037166595459,0.013771643853560996,5.853850715842476
frame_002,frame_015,2,15,30,13,False,False,285,Egyptian cat,0.9360606150364864,0.06607504494699512,0.9411917328834534,0.05880826711654663,0.011365292585939565,5.865517041062208
frame_002,frame_000,2,0,40,-2,False,False,359,"black-footed ferret, ferret, Mustela nigripes",0.31397885287339145,1.1584296428788008,0.6505299806594849,0.34947001934051514,0.08775790727043023,4.153065695351598
frame_002,frame_001,2,1,40,-1,False,False,281,"tabby, tabby cat",0.10642572445681629,2.240307960085863,0.5505198240280151,0.44948017597198486,0.10111184309669445,4.120480590822163
frame_002,frame_003,2,3,40,1,False,True,452,"bonnet, poke bonnet",0.25326232184106834,1.3733294821857456,0.5361505150794983,0.4638494849205017,0.10845068199823522,4.047810687359432
frame_002,frame_004,2,4,40,2,False,False,159,Rhodesian ridgeback,0.24572640149095465,1.4035365510521505,0.5584396123886108,0.44156038761138916,0.0996769532470443,3.869199904729919
frame_002,frame_005,2,5,40,3,False,False,255,Leonberg,0.17985725539193825,1.7155917683034119,0.5430154800415039,0.4569845199584961,0.12073717350565903,4.026321929153041
frame_002,frame_006,2,6,40,4,False,False,32,"tailed frog, bell toad, ribbed toad, tailed toad, Ascaphus trui",0.46446316293146966,0.7668730286492025,0.6848572492599487,0.31514275074005127,0.10827723995335435,3.741022807674485
frame_002,frame_007,2,7,40,5,False,False,187,Yorkshire terrier,0.4049646156274907,0.9039555845134863,0.7023158073425293,0.2976841926574707,0.08091334839814569,4.047356941320722
frame_002,frame_008,2,8,40,6,True,False,285,Egyptian cat,0.9999111748564928,8.882908869378703e-05,0.999836266040802,0.00016373395919799805,0.06481765671617129,4.2480161189999155
frame_002,frame_009,2,9,40,7,False,False,285,Egyptian cat,0.9973666745062049,0.0026367987942670368,0.9968904256820679,0.003109574317932129,0.05617532070788954,4.250158876847955
frame_002,frame_010,2,10,40,8,False,False,285,Egyptian cat,0.8806338632152141,0.12711333169258587,0.9265038967132568,0.07349610328674316,0.06927071595741607,4.061478088336441
frame_002,frame_011,2,11,40,9,False,False,285,Egyptian cat,0.9989997200969949,0.0010007805168110728,0.9986549019813538,0.0013450980186462402,0.07327456708180784,4.092355334339828
frame_002,frame_012,2,12,40,10,False,False,285,Egyptian cat,0.9991511313602377,0.0008492291327679702,0.9989095330238342,0.0010904669761657715,0.07661856520934304,4.061238435190992
frame_002,frame_013,2,13,40,11,False,False,285,Egyptian cat,0.9962999861193003,0.003706875863575654,0.9955837726593018,0.004416227340698242,0.10536511941377938,3.882049065631355
frame_002,frame_014,2,14,40,12,False,False,285,Egyptian cat,0.9888182266404848,0.011244759357492917,0.988090991973877,0.011909008026123047,0.08827948188829567,3.894444577676424
frame_002,frame_015,2,15,40,13,False,False,285,Egyptian cat,0.9746514968466734,0.02567531101249987,0.9751741886138916,0.0248258113861084,0.101604044877353,4.01983151987687
frame_002,frame_000,2,0,50,-2,False,False,359,"black-footed ferret, ferret, Mustela nigripes",0.7112873656126041,0.3406787597895615,0.8075382709503174,0.19246172904968262,0.05657621781541842,4.780399625000633
frame_002,frame_001,2,1,50,-1,False,False,359,"black-footed ferret, ferret, Mustela nigripes",0.1897769356385125,1.6619059194816703,0.6113784313201904,0.38862156867980957,0.06580768580661044,4.708536893393006
frame_002,frame_003,2,3,50,1,False,False,452,"bonnet, poke bonnet",0.36729675048674926,1.0015851732232868,0.5991365909576416,0.4008634090423584,0.05410463766673794,4.474688908002649
frame_002,frame_004,2,4,50,2,False,True,106,wombat,0.2834766853523643,1.2606253978121096,0.5615552663803101,0.43844473361968994,0.07245784943613726,4.473868659307554
frame_002,frame_005,2,5,50,3,False,False,255,Leonberg,0.35593751340431634,1.033000087681451,0.6171365976333618,0.3828634023666382,0.09663606449166845,4.554123192258661
frame_002,frame_006,2,6,50,4,False,False,359,"black-footed ferret, ferret, Mustela nigripes",0.35460302754000034,1.036756347476615,0.6387323141098022,0.36126768589019775,0.07148977425721605,4.399405797047493
frame_002,frame_007,2,7,50,5,False,False,187,Yorkshire terrier,0.31459349910086487,1.1564739525865146,0.6784020662307739,0.3215979337692261,0.05321861792667806,4.695961287164634
frame_002,frame_008,2,8,50,6,True,False,285,Egyptian cat,0.9999670671450581,3.293339724019795e-05,0.9999382495880127,6.175041198730469e-05,0.05067092241038105,4.7672230315159725
frame_002,frame_009,2,9,50,7,False,False,285,Egyptian cat,0.9993443894676697,0.0006558255388942058,0.9990822076797485,0.0009177923202514648,0.04765943486914898,4.842943781910941
frame_002,frame_010,2,10,50,8,False,False,285,Egyptian cat,0.9088304024665833,0.09559677815646772,0.9408591985702515,0.059140801429748535,0.06731150994283572,4.582707701604709
frame_002,frame_011,2,11,50,9,False,False,285,Egyptian cat,0.9997179201179066,0.00028211967410651795,0.999549150466919,0.0004508495330810547,0.04771513865232303,4.490457446465231
frame_002,frame_012,2,12,50,10,False,False,285,Egyptian cat,0.9996655376202674,0.0003345183247489558,0.999516487121582,0.00048351287841796875,0.06805018345868705,4.4569496055408475
frame_002,frame_013,2,13,50,11,False,False,285,Egyptian cat,0.9951208438678264,0.004891098074691236,0.9941160082817078,0.005883991718292236,0.061544546259755445,4.437929640249023
frame_002,frame_014,2,14,50,12,False,False,285,Egyptian cat,0.9869806481515863,0.013104846476851506,0.9865276217460632,0.013472378253936768,0.06761405557001442,4.404976303797327
frame_002,frame_015,2,15,50,13,False,False,285,Egyptian cat,0.9336466154563402,0.0686572683904636,0.9492235779762268,0.05077642202377319,0.05700538294582194,4.527867852897787
frame_003,frame_000,3,0,5,-3,False,False,359,"black-footed ferret, ferret, Mustela nigripes",0.3789808661243953,0.9702695603340361,0.601797878742218,0.398202121257782,0.030244900002353057,5.470548507130891
frame_003,frame_001,3,1,5,-2,False,False,359,"black-footed ferret, ferret, Mustela nigripes",0.23385739431658306,1.4530437753974486,0.5471526384353638,0.45284736156463623,0.02212050413603675,5.516337608576267
frame_003,frame_002,3,2,5,-1,False,False,452,"bonnet, poke bonnet",0.21241509519128746,1.5492129225008506,0.5305840373039246,0.46941596269607544,0.02539366842674238,5.489207734010123
frame_003,frame_004,3,4,5,1,False,False,452,"bonnet, poke bonnet",0.2460023511613723,1.4024141855288934,0.5142706632614136,0.4857293367385864,0.03413173906978,5.460993330058017
frame_003,frame_005,3,5,5,2,False,True,411,apron,0.09575743003612179,2.345937055643495,0.48953211307525635,0.5104678869247437,0.03477238146706492,5.510578776853374
frame_003,frame_006,3,6,5,3,False,False,359,"black-footed ferret, ferret, Mustela nigripes",0.19767809991887428,1.6211153292516887,0.5310007333755493,0.4689992666244507,0.0404947777374624,5.421088810660926
frame_003,frame_007,3,7,5,4,False,False,452,"bonnet, poke bonnet",0.44331995157814924,0.8134635313001954,0.6498110294342041,0.3501889705657959,0.019822473399089567,5.545036112024827
frame_003,frame_008,3,8,5,5,False,False,285,Egyptian cat,0.5191619695251346,0.6555393644931922,0.6891446113586426,0.3108553886413574,0.012710528407717274,5.675119097319182
frame_003,frame_009,3,9,5,6,False,False,452,"bonnet, poke bonnet",0.4715944427477647,0.7516358942141257,0.6695315837860107,0.33046841621398926,0.017129456889483516,5.643812993266465
frame_003,frame_010,3,10,5,7,False,False,359,"black-footed ferret, ferret, Mustela nigripes",0.19242948987383107,1.6480254787232447,0.5576224327087402,0.44237756729125977,0.021180067471288085,5.491080271561648
frame_003,frame_011,3,11,5,8,False,False,285,Egyptian cat,0.4738782610246267,0.7468048235557543,0.6628512144088745,0.3371487855911255,0.019731955462139374,5.444797126860744
frame_003,frame_012,3,12,5,9,True,False,285,Egyptian cat,0.5649142611741608,0.5710813094851415,0.7071616649627686,0.29283833503723145,0.021519176975270043,5.467600566557595
frame_003,frame_013,3,13,5,10,False,False,285,Egyptian cat,0.31342014997011164,1.1602106563915155,0.590308666229248,0.40969133377075195,0.02342781401024519,5.446854313228347
frame_003,frame_014,3,14,5,11,False,False,452,"bonnet, poke bonnet",0.23302859013760355,1.456594128490778,0.5613734722137451,0.4386265277862549,0.018955131742999468,5.441582875248857
frame_003,frame_015,3,15,5,12,False,False,359,"black-footed ferret, ferret, Mustela nigripes",0.24221995725738119,1.41790905135122,0.5859725475311279,0.41402745246887207,0.02109598385597566,5.427001450787561
frame_003,frame_000,3,0,10,-3,False,False,359,"black-footed ferret, ferret, Mustela nigripes",0.2095988355838609,1.5625598819711923,0.5145654082298279,0.4854345917701721,0.05018722942731897,4.872494392409278
frame_003,frame_001,3,1,10,-2,False,False,179,"Staffordshire bullterrier, Staffordshire bull terrier",0.19341174841447875,1.6429339510939958,0.47941380739212036,0.5205861926078796,0.082419865772909,4.674248979697996
frame_003,frame_002,3,2,10,-1,False,True,86,partridge,0.07924246388130926,2.535242963726696,0.4395156502723694,0.5604843497276306,0.04920173392334739,4.901538625983654
frame_003,frame_004,3,4,10,1,False,False,179,"Staffordshire bullterrier, Staffordshire bull terrier",0.08990158621946841,2.409039693394721,0.4511691927909851,0.5488308072090149,0.06134491833581043,4.969051196104436
frame_003,frame_005,3,5,10,2,False,False,359,"black-footed ferret, ferret, Mustela nigripes",0.3258567716103659,1.1212973450467576,0.5600395202636719,0.4399604797363281,0.07526619794816997,4.916084890555718
frame_003,frame_006,3,6,10,3,False,False,735,poncho,0.3153688322974792,1.1540124289383362,0.5591838359832764,0.44081616401672363,0.07953211615691488,4.675255113092664
frame_003,frame_007,3,7,10,4,False,False,452,"bonnet, poke bonnet",0.2554848175949607,1.3645922934328754,0.5537025928497314,0.44629740715026855,0.048727347952088065,4.849889026099734
frame_003,frame_008,3,8,10,5,True,False,285,Egyptian cat,0.9983422915093401,0.0016590840097299164,0.9977468252182007,0.0022531747817993164,0.04264786773165429,4.836421263533188
frame_003,frame_009,3,9,10,6,False,False,285,Egyptian cat,0.9908343413457807,0.009207921747781178,0.9884383082389832,0.011561691761016846,0.05960671258614421,4.8121780578856885
frame_003,frame_010,3,10,10,7,False,False,285,Egyptian cat,0.7750272904812815,0.2548570367245375,0.8198966383934021,0.1801033616065979,0.07143287520550742,4.616736212534771
frame_003,frame_011,3,11,10,8,False,False,285,Egyptian cat,0.9927004897722851,0.0073262820126679395,0.9914448261260986,0.008555173873901367,0.0689157009028214,4.532796121628518
frame_003,frame_012,3,12,10,9,False,False,285,Egyptian cat,0.9957637413287515,0.0042452570369415354,0.9949667453765869,0.005033254623413086,0.07279455647724713,4.530014804774195
frame_003,frame_013,3,13,10,10,False,False,285,Egyptian cat,0.9861438344768446,0.01395305826711657,0.9849602580070496,0.01503974199295044,0.10574703839378741,4.360531989332387
frame_003,frame_014,3,14,10,11,False,False,285,Egyptian cat,0.9592124693166382,0.04164267564874269,0.9606310129165649,0.03936898708343506,0.09594443909881638,4.388054189699603
frame_003,frame_015,3,15,10,12,False,False,285,Egyptian cat,0.9055422932904367,0.09922129563683724,0.9173482656478882,0.08265173435211182,0.07740368763215676,4.440757009612195
frame_003,frame_000,3,0,20,-3,False,False,198,standard schnauzer,0.2167652532574265,1.5289402932142373,0.5381695032119751,0.4618304967880249,0.033260793116496795,5.293641117467776
frame_003,frame_001,3,1,20,-2,False,False,179,"Staffordshire bullterrier, Staffordshire bull terrier",0.34809961673095474,1.0552665851967928,0.5549149513244629,0.4450850486755371,0.03818811075596551,5.1385103547885915
frame_003,frame_002,3,2,20,-1,False,True,452,"bonnet, poke bonnet",0.09751649791252708,2.3277337059333725,0.39947032928466797,0.600529670715332,0.03606652140656238,5.122626990680533
frame_003,frame_004,3,4,20,1,False,False,237,miniature pinscher,0.11928493027518894,2.1262402757515204,0.46534234285354614,0.5346576571464539,0.03556845302593703,5.134984594980566
frame_003,frame_005,3,5,20,2,False,False,240,Appenzeller,0.10668264259665633,2.2378968087278786,0.4267544150352478,0.5732455849647522,0.030286229757699276,5.2320557337417
frame_003,frame_006,3,6,20,3,False,False,703,park bench,0.11443577502051339,2.1677415302119627,0.47908276319503784,0.5209172368049622,0.026200169752567847,5.243895217395115
frame_003,frame_007,3,7,20,4,False,False,452,"bonnet, poke bonnet",0.20130409679728967,1.6029385948430885,0.5207684636116028,0.4792315363883972,0.025516018269009528,5.29165623381746
frame_003,frame_008,3,8,20,5,True,False,285,Egyptian cat,0.9988088373017521,0.0011918726964063042,0.9980785846710205,0.0019214153289794922,0.02158068500204062,5.5060378329994855
frame_003,frame_009,3,9,20,6,False,False,285,Egyptian cat,0.9897294398172327,0.010323666318776237,0.9875651001930237,0.012434899806976318,0.02041338962231229,5.4404841687074
frame_003,frame_010,3,10,20,7,False,False,285,Egyptian cat,0.6660570700112189,0.4063799214054509,0.7878318428993225,0.2121681571006775,0.04049835023417768,5.270288611208343
frame_003,frame_011,3,11,20,8,False,False,285,Egyptian cat,0.9968313350160349,0.0031736958330499387,0.9953821301460266,0.004617869853973389,0.04253901167999893,5.235753338166454
frame_003,frame_012,3,12,20,9,False,False,285,Egyptian cat,0.9978700213539433,0.002132250276829617,0.9968751072883606,0.0031248927116394043,0.031716439405964456,5.206682314382602
frame_003,frame_013,3,13,20,10,False,False,285,Egyptian cat,0.9741864551682043,0.026152561249560335,0.9733821153640747,0.026617884635925293,0.044972401254412146,5.153062575909187
frame_003,frame_014,3,14,20,11,False,False,285,Egyptian cat,0.9249397782930553,0.07802664813715321,0.9295470714569092,0.07045292854309082,0.046813394643484364,5.138972918518251
frame_003,frame_015,3,15,20,12,False,False,285,Egyptian cat,0.9086227283430305,0.0958253112844325,0.9170733094215393,0.0829266905784607,0.049156230388232636,5.067609724465992
frame_003,frame_000,3,0,30,-3,False,False,198,standard schnauzer,0.21914889466251447,1.5180038958785467,0.6094505786895752,0.3905494213104248,0.017051063450233956,5.759068498400687
frame_003,frame_001,3,1,30,-2,False,False,749,"quill, quill pen",0.22991580292827052,1.4700421113053785,0.5759024620056152,0.42409753799438477,0.015794344274657552,5.795233084472691
frame_003,frame_002,3,2,30,-1,False,True,749,"quill, quill pen",0.16170490435381032,1.8219821829034828,0.5112547278404236,0.4887452721595764,0.015783453316790506,5.785754160792828
frame_003,frame_004,3,4,30,1,False,False,237,miniature pinscher,0.21517107658779808,1.5363218622003867,0.5203133821487427,0.4796866178512573,0.01577543636095251,5.829499706041165
frame_003,frame_005,3,5,30,2,False,False,255,Leonberg,0.2203428760308035,1.512570418460462,0.5354921817779541,0.4645078182220459,0.019582344566028108,5.829459819045006
frame_003,frame_006,3,6,30,3,False,False,187,Yorkshire terrier,0.18859686633595274,1.6681435243187348,0.5936232209205627,0.40637677907943726,0.01521646232187888,5.806901525447475
frame_003,frame_007,3,7,30,4,False,False,187,Yorkshire terrier,0.3134099448894993,1.1602432173061779,0.7024943828582764,0.29750561714172363,0.014042883153516235,5.8376831384884325
frame_003,frame_008,3,8,30,5,True,False,285,Egyptian cat,0.9994469670532103,0.0005531859259140237,0.999130368232727,0.0008696317672729492,0.014522609485826735,5.9149055116013916
frame_003,frame_009,3,9,30,6,False,False,285,Egyptian cat,0.9881334985810282,0.011937470340873446,0.9870608448982239,0.012939155101776123,0.013274312022052478,5.933971072391315
frame_003,frame_010,3,10,30,7,False,False,285,Egyptian cat,0.7024989646724703,0.35311135155116524,0.8278930187225342,0.17210698127746582,0.011695288863219744,5.811269845463672
frame_003,frame_011,3,11,30,8,False,False,285,Egyptian cat,0.9961973382830535,0.0038099102165762844,0.9947184324264526,0.005281567573547363,0.014223870015665963,5.775407293860035
frame_003,frame_012,3,12,30,9,False,False,285,Egyptian cat,0.9951469478203389,0.0048648664764883165,0.9941042065620422,0.005895793437957764,0.013789005551729723,5.811299574715743
frame_003,frame_013,3,13,30,10,False,False,285,Egyptian cat,0.969101647196429,0.031385773525371086,0.9697583317756653,0.030241668224334717,0.016606155982300388,5.776803775841093
frame_003,frame_014,3,14,30,11,False,False,285,Egyptian cat,0.9433070772949376,0.058363410656565584,0.9469696283340454,0.05303037166595459,0.017885126282546376,5.732422841098207
frame_003,frame_015,3,15,30,12,False,False,285,Egyptian cat,0.9360606150364864,0.06607504494699512,0.9411917328834534,0.05880826711654663,0.01640763156130341,5.751452019994009
frame_003,frame_000,3,0,40,-3,False,False,359,"black-footed ferret, ferret, Mustela nigripes",0.31397885287339145,1.1584296428788008,0.6505299806594849,0.34947001934051514,0.11550836406314176,4.024100969212868
frame_003,frame_001,3,1,40,-2,False,False,281,"tabby, tabby cat",0.10642572445681629,2.240307960085863,0.5505198240280151,0.44948017597198486,0.10547674713325436,4.056151490573116
frame_003,frame_002,3,2,40,-1,False,False,32,"tailed frog, bell toad, ribbed toad, tailed toad, Ascaphus trui",0.637166434208702,0.45072437934455145,0.72383052110672,0.27616947889328003,0.06221649376402909,4.2508953234502505
frame_003,frame_004,3,4,40,1,False,False,159,Rhodesian ridgeback,0.24572640149095465,1.4035365510521505,0.5584396123886108,0.44156038761138916,0.11111012450937957,3.6827120969110108
frame_003,frame_005,3,5,40,2,False,True,255,Leonberg,0.17985725539193825,1.7155917683034119,0.5430154800415039,0.4569845199584961,0.1237343025120697,3.7962610110665653
frame_003,frame_006,3,6,40,3,False,False,32,"tailed frog, bell toad, ribbed toad, tailed toad, Ascaphus trui",0.46446316293146966,0.7668730286492025,0.6848572492599487,0.31514275074005127,0.1162796736121235,3.6028706273209425
frame_003,frame_007,3,7,40,4,False,False,187,Yorkshire terrier,0.4049646156274907,0.9039555845134863,0.7023158073425293,0.2976841926574707,0.08697109101825437,4.006312104653291
frame_003,frame_008,3,8,40,5,True,False,285,Egyptian cat,0.9999111748564928,8.882908869378703e-05,0.999836266040802,0.00016373395919799805,0.0699228106651353,4.253370282476856
frame_003,frame_009,3,9,40,6,False,False,285,Egyptian cat,0.9973666745062049,0.0026367987942670368,0.9968904256820679,0.003109574317932129,0.059910968817056265,4.266604045073873
frame_003,frame_010,3,10,40,7,False,False,285,Egyptian cat,0.8806338632152141,0.12711333169258587,0.9265038967132568,0.07349610328674316,0.07562561498712358,4.011496573658732
frame_003,frame_011,3,11,40,8,False,False,285,Egyptian cat,0.9989997200969949,0.0010007805168110728,0.9986549019813538,0.0013450980186462402,0.07120004364375583,4.067388141890193
frame_003,frame_012,3,12,40,9,False,False,285,Egyptian cat,0.9991511313602377,0.0008492291327679702,0.9989095330238342,0.0010904669761657715,0.07670266838922521,4.037385041769567
frame_003,frame_013,3,13,40,10,False,False,285,Egyptian cat,0.9962999861193003,0.003706875863575654,0.9955837726593018,0.004416227340698242,0.11445565352965732,3.841174986321131
frame_003,frame_014,3,14,40,11,False,False,285,Egyptian cat,0.9888182266404848,0.011244759357492917,0.988090991973877,0.011909008026123047,0.09392023172835351,3.858517291538498
frame_003,frame_015,3,15,40,12,False,False,285,Egyptian cat,0.9746514968466734,0.02567531101249987,0.9751741886138916,0.0248258113861084,0.10711873930181194,3.971250197438808
frame_003,frame_000,3,0,50,-3,False,False,359,"black-footed ferret, ferret, Mustela nigripes",0.7112873656126041,0.3406787597895615,0.8075382709503174,0.19246172904968262,0.06247124393249763,4.636678046124651
frame_003,frame_001,3,1,50,-2,False,False,359,"black-footed ferret, ferret, Mustela nigripes",0.1897769356385125,1.6619059194816703,0.6113784313201904,0.38862156867980957,0.06908095018111317,4.616297200384917
frame_003,frame_002,3,2,50,-1,False,False,32,"tailed frog, bell toad, ribbed toad, tailed toad, Ascaphus trui",0.24763942737025169,1.3957815126813333,0.5630105137825012,0.4369894862174988,0.06852112090782299,4.534460703316226
frame_003,frame_004,3,4,50,1,False,True,106,wombat,0.2834766853523643,1.2606253978121096,0.5615552663803101,0.43844473361968994,0.09633737935955337,4.164407436367078
frame_003,frame_005,3,5,50,2,False,False,255,Leonberg,0.35593751340431634,1.033000087681451,0.6171365976333618,0.3828634023666382,0.1260617790272578,4.191820384909907
frame_003,frame_006,3,6,50,3,False,False,359,"black-footed ferret, ferret, Mustela nigripes",0.35460302754000034,1.036756347476615,0.6387323141098022,0.36126768589019775,0.07305662327674242,4.148623101826673
frame_003,frame_007,3,7,50,4,False,False,187,Yorkshire terrier,0.31459349910086487,1.1564739525865146,0.6784020662307739,0.3215979337692261,0.059654171113971075,4.558696426495334
frame_003,frame_008,3,8,50,5,True,False,285,Egyptian cat,0.9999670671450581,3.293339724019795e-05,0.9999382495880127,6.175041198730469e-05,0.05019014990658105,4.737458514361002
frame_003,frame_009,3,9,50,6,False,False,285,Egyptian cat,0.9993443894676697,0.0006558255388942058,0.9990822076797485,0.0009177923202514648,0.04927110986937738,4.787181438820861
frame_003,frame_010,3,10,50,7,False,False,285,Egyptian cat,0.9088304024665833,0.09559677815646772,0.9408591985702515,0.059140801429748535,0.0813407769009683,4.471774257742701
frame_003,frame_011,3,11,50,8,False,False,285,Egyptian cat,0.9997179201179066,0.00028211967410651795,0.999549150466919,0.0004508495330810547,0.05289932710416166,4.400905513917031
frame_003,frame_012,3,12,50,9,False,False,285,Egyptian cat,0.9996655376202674,0.0003345183247489558,0.999516487121582,0.00048351287841796875,0.07602920397989318,4.366203742411036
frame_003,frame_013,3,13,50,10,False,False,285,Egyptian cat,0.9951208438678264,0.004891098074691236,0.9941160082817078,0.005883991718292236,0.05962595533389155,4.303480130151895
frame_003,frame_014,3,14,50,11,False,False,285,Egyptian cat,0.9869806481515863,0.013104846476851506,0.9865276217460632,0.013472378253936768,0.06587696754768782,4.300659995019495
frame_003,frame_015,3,15,50,12,False,False,285,Egyptian cat,0.9336466154563402,0.0686572683904636,0.9492235779762268,0.05077642202377319,0.06683311931477844,4.414570153059311
frame_004,frame_000,4,0,5,-4,False,False,359,"black-footed ferret, ferret, Mustela nigripes",0.3789808661243953,0.9702695603340361,0.601797878742218,0.398202121257782,0.02299472897676705,5.548838284382578
frame_004,frame_001,4,1,5,-3,False,False,359,"black-footed ferret, ferret, Mustela nigripes",0.23385739431658306,1.4530437753974486,0.5471526384353638,0.45284736156463623,0.021280771239291844,5.591355125943594
frame_004,frame_002,4,2,5,-2,False,False,452,"bonnet, poke bonnet",0.21241509519128746,1.5492129225008506,0.5305840373039246,0.46941596269607544,0.021376270884816667,5.567781527294064
frame_004,frame_003,4,3,5,-1,False,False,452,"bonnet, poke bonnet",0.42350864493434687,0.8591813520302565,0.6070246696472168,0.3929753303527832,0.025081433057754107,5.473031837720411
frame_004,frame_005,4,5,5,1,False,True,411,apron,0.09575743003612179,2.345937055643495,0.48953211307525635,0.5104678869247437,0.030335598056343237,5.621559909012524
frame_004,frame_006,4,6,5,2,False,False,359,"black-footed ferret, ferret, Mustela nigripes",0.19767809991887428,1.6211153292516887,0.5310007333755493,0.4689992666244507,0.03182866781080285,5.514092892771526
frame_004,frame_007,4,7,5,3,False,False,452,"bonnet, poke bonnet",0.44331995157814924,0.8134635313001954,0.6498110294342041,0.3501889705657959,0.018479186827268974,5.597046459449108
frame_004,frame_008,4,8,5,4,False,False,285,Egyptian cat,0.5191619695251346,0.6555393644931922,0.6891446113586426,0.3108553886413574,0.013432959938295498,5.712708531293034
frame_004,frame_009,4,9,5,5,False,False,452,"bonnet, poke bonnet",0.4715944427477647,0.7516358942141257,0.6695315837860107,0.33046841621398926,0.018454292815016222,5.684877555176222
frame_004,frame_010,4,10,5,6,False,False,359,"black-footed ferret, ferret, Mustela nigripes",0.19242948987383107,1.6480254787232447,0.5576224327087402,0.44237756729125977,0.020819572599911424,5.538802858803428
frame_004,frame_011,4,11,5,7,False,False,285,Egyptian cat,0.4738782610246267,0.7468048235557543,0.6628512144088745,0.3371487855911255,0.019218767114966843,5.500850200923139
frame_004,frame_012,4,12,5,8,True,False,285,Egyptian cat,0.5649142611741608,0.5710813094851415,0.7071616649627686,0.29283833503723145,0.022802713835689683,5.547301094352925
frame_004,frame_013,4,13,5,9,False,False,285,Egyptian cat,0.31342014997011164,1.1602106563915155,0.590308666229248,0.40969133377075195,0.022233966593764625,5.530244551740282
frame_004,frame_014,4,14,5,10,False,False,452,"bonnet, poke bonnet",0.23302859013760355,1.456594128490778,0.5613734722137451,0.4386265277862549,0.019485877684889685,5.5150634456866525
frame_004,frame_015,4,15,5,11,False,False,359,"black-footed ferret, ferret, Mustela nigripes",0.24221995725738119,1.41790905135122,0.5859725475311279,0.41402745246887207,0.01933749795534574,5.506298865924946
frame_004,frame_000,4,0,10,-4,False,False,359,"black-footed ferret, ferret, Mustela nigripes",0.2095988355838609,1.5625598819711923,0.5145654082298279,0.4854345917701721,0.038128267322141356,4.903284592043376
frame_004,frame_001,4,1,10,-3,False,False,179,"Staffordshire bullterrier, Staffordshire bull terrier",0.19341174841447875,1.6429339510939958,0.47941380739212036,0.5205861926078796,0.06793598141330859,4.734611742143834
frame_004,frame_002,4,2,10,-2,False,True,86,partridge,0.07924246388130926,2.535242963726696,0.4395156502723694,0.5604843497276306,0.039729707034743114,4.90822904406049
frame_004,frame_003,4,3,10,-1,False,False,86,partridge,0.6505952907097935,0.4298675033493575,0.7204797267913818,0.27952027320861816,0.05705711487575335,4.733739291709518
frame_004,frame_005,4,5,10,1,False,False,359,"black-footed ferret, ferret, Mustela nigripes",0.3258567716103659,1.1212973450467576,0.5600395202636719,0.4399604797363281,0.07164132390096609,4.8729949651544615
frame_004,frame_006,4,6,10,2,False,False,735,poncho,0.3153688322974792,1.1540124289383362,0.5591838359832764,0.44081616401672363,0.07289469125034742,4.690354887310909
frame_004,frame_007,4,7,10,3,False,False,452,"bonnet, poke bonnet",0.2554848175949607,1.3645922934328754,0.5537025928497314,0.44629740715026855,0.04870573760547996,4.851671219399822
frame_004,frame_008,4,8,10,4,True,False,285,Egyptian cat,0.9983422915093401,0.0016590840097299164,0.9977468252182007,0.0022531747817993164,0.03575134331147408,4.8740563880090395
frame_004,frame_009,4,9,10,5,False,False,285,Egyptian cat,0.9908343413457807,0.009207921747781178,0.9884383082389832,0.011561691761016846,0.04752368506548979,4.932811538346851
frame_004,frame_010,4,10,10,6,False,False,285,Egyptian cat,0.7750272904812815,0.2548570367245375,0.8198966383934021,0.1801033616065979,0.056766076422647,4.6737065425715345
frame_004,frame_011,4,11,10,7,False,False,285,Egyptian cat,0.9927004897722851,0.0073262820126679395,0.9914448261260986,0.008555173873901367,0.05605405931519003,4.601101257259882
frame_004,frame_012,4,12,10,8,False,False,285,Egyptian cat,0.9957637413287515,0.0042452570369415354,0.9949667453765869,0.005033254623413086,0.0678582775085215,4.604681423479176
frame_004,frame_013,4,13,10,9,False,False,285,Egyptian cat,0.9861438344768446,0.01395305826711657,0.9849602580070496,0.01503974199295044,0.08580953540736246,4.470841623052758
frame_004,frame_014,4,14,10,10,False,False,285,Egyptian cat,0.9592124693166382,0.04164267564874269,0.9606310129165649,0.03936898708343506,0.07630696274739228,4.463780424786378
frame_004,frame_015,4,15,10,11,False,False,285,Egyptian cat,0.9055422932904367,0.09922129563683724,0.9173482656478882,0.08265173435211182,0.06913004746071903,4.5129351870484555
frame_004,frame_000,4,0,20,-4,False,False,198,standard schnauzer,0.2167652532574265,1.5289402932142373,0.5381695032119751,0.4618304967880249,0.03132753841656302,5.3611219464563336
frame_004,frame_001,4,1,20,-3,False,False,179,"Staffordshire bullterrier, Staffordshire bull terrier",0.34809961673095474,1.0552665851967928,0.5549149513244629,0.4450850486755371,0.038806177434312986,5.2286428735700134
frame_004,frame_002,4,2,20,-2,False,True,452,"bonnet, poke bonnet",0.09751649791252708,2.3277337059333725,0.39947032928466797,0.600529670715332,0.036768875721323264,5.201944779893891
frame_004,frame_003,4,3,20,-1,False,False,452,"bonnet, poke bonnet",0.13718925061807521,1.9863939150244958,0.4539071321487427,0.5460928678512573,0.06047337153153195,5.028539724179508
frame_004,frame_005,4,5,20,1,False,False,240,Appenzeller,0.10668264259665633,2.2378968087278786,0.4267544150352478,0.5732455849647522,0.027664184713173418,5.300286021086174
frame_004,frame_006,4,6,20,2,False,False,703,park bench,0.11443577502051339,2.1677415302119627,0.47908276319503784,0.5209172368049622,0.025438124540172777,5.294785915326708
frame_004,frame_007,4,7,20,3,False,False,452,"bonnet, poke bonnet",0.20130409679728967,1.6029385948430885,0.5207684636116028,0.4792315363883972,0.021879129412997154,5.363510567304592
frame_004,frame_008,4,8,20,4,True,False,285,Egyptian cat,0.9988088373017521,0.0011918726964063042,0.9980785846710205,0.0019214153289794922,0.023186046903987522,5.560677848878335
frame_004,frame_009,4,9,20,5,False,False,285,Egyptian cat,0.9897294398172327,0.010323666318776237,0.9875651001930237,0.012434899806976318,0.01852243400175646,5.516164938538129
frame_004,frame_010,4,10,20,6,False,False,285,Egyptian cat,0.6660570700112189,0.4063799214054509,0.7878318428993225,0.2121681571006775,0.031506530799721905,5.3675885702297315
frame_004,frame_011,4,11,20,7,False,False,285,Egyptian cat,0.9968313350160349,0.0031736958330499387,0.9953821301460266,0.004617869853973389,0.03981785126957143,5.349191206759592
frame_004,frame_012,4,12,20,8,False,False,285,Egyptian cat,0.9978700213539433,0.002132250276829617,0.9968751072883606,0.0031248927116394043,0.027656330024713707,5.319226203743979
frame_004,frame_013,4,13,20,9,False,False,285,Egyptian cat,0.9741864551682043,0.026152561249560335,0.9733821153640747,0.026617884635925293,0.04002526428508708,5.280606051014511
frame_004,frame_014,4,14,20,10,False,False,285,Egyptian cat,0.9249397782930553,0.07802664813715321,0.9295470714569092,0.07045292854309082,0.039285018255916314,5.266919348623292
frame_004,frame_015,4,15,20,11,False,False,285,Egyptian cat,0.9086227283430305,0.0958253112844325,0.9170733094215393,0.0829266905784607,0.04406523425796217,5.199074620114974
frame_004,frame_000,4,0,30,-4,False,False,198,standard schnauzer,0.21914889466251447,1.5180038958785467,0.6094505786895752,0.3905494213104248,0.018422914589932025,5.759077211771717
frame_004,frame_001,4,1,30,-3,False,False,749,"quill, quill pen",0.22991580292827052,1.4700421113053785,0.5759024620056152,0.42409753799438477,0.016551602589326083,5.790918712060488
frame_004,frame_002,4,2,30,-2,False,True,749,"quill, quill pen",0.16170490435381032,1.8219821829034828,0.5112547278404236,0.4887452721595764,0.01682002668421382,5.805093576273798
frame_004,frame_003,4,3,30,-1,False,False,749,"quill, quill pen",0.17655609812872652,1.7341166166847017,0.5644675493240356,0.43553245067596436,0.01624708992971085,5.8266314327080355
frame_004,frame_005,4,5,30,1,False,False,255,Leonberg,0.2203428760308035,1.512570418460462,0.5354921817779541,0.4645078182220459,0.01865691664643761,5.833283109691428
frame_004,frame_006,4,6,30,2,False,False,187,Yorkshire terrier,0.18859686633595274,1.6681435243187348,0.5936232209205627,0.40637677907943726,0.01751550091325804,5.781143331291325
frame_004,frame_007,4,7,30,3,False,False,187,Yorkshire terrier,0.3134099448894993,1.1602432173061779,0.7024943828582764,0.29750561714172363,0.013477716647006073,5.819913446872443
frame_004,frame_008,4,8,30,4,True,False,285,Egyptian cat,0.9994469670532103,0.0005531859259140237,0.999130368232727,0.0008696317672729492,0.01335176457890549,5.897354631508445
frame_004,frame_009,4,9,30,5,False,False,285,Egyptian cat,0.9881334985810282,0.011937470340873446,0.9870608448982239,0.012939155101776123,0.015030315188063116,5.8957081650212295
frame_004,frame_010,4,10,30,6,False,False,285,Egyptian cat,0.7024989646724703,0.35311135155116524,0.8278930187225342,0.17210698127746582,0.011250871235320248,5.8090237002717515
frame_004,frame_011,4,11,30,7,False,False,285,Egyptian cat,0.9961973382830535,0.0038099102165762844,0.9947184324264526,0.005281567573547363,0.01765106421910552,5.760621872295964
frame_004,frame_012,4,12,30,8,False,False,285,Egyptian cat,0.9951469478203389,0.0048648664764883165,0.9941042065620422,0.005895793437957764,0.013585252585227383,5.8117228202396465
frame_004,frame_013,4,13,30,9,False,False,285,Egyptian cat,0.969101647196429,0.031385773525371086,0.9697583317756653,0.030241668224334717,0.017469385532444898,5.7755714551575235
frame_004,frame_014,4,14,30,10,False,False,285,Egyptian cat,0.9433070772949376,0.058363410656565584,0.9469696283340454,0.05303037166595459,0.018659831756313996,5.734845003421334
frame_004,frame_015,4,15,30,11,False,False,285,Egyptian cat,0.9360606150364864,0.06607504494699512,0.9411917328834534,0.05880826711654663,0.01649447910465884,5.754831988395961
frame_004,frame_000,4,0,40,-4,False,False,359,"black-footed ferret, ferret, Mustela nigripes",0.31397885287339145,1.1584296428788008,0.6505299806594849,0.34947001934051514,0.0944023352428657,4.16010001962827
frame_004,frame_001,4,1,40,-3,False,False,281,"tabby, tabby cat",0.10642572445681629,2.240307960085863,0.5505198240280151,0.44948017597198486,0.09501276122830847,4.189555774048151
frame_004,frame_002,4,2,40,-2,False,False,32,"tailed frog, bell toad, ribbed toad, tailed toad, Ascaphus trui",0.637166434208702,0.45072437934455145,0.72383052110672,0.27616947889328003,0.05779872076018588,4.293541439852168
frame_004,frame_003,4,3,40,-1,False,True,452,"bonnet, poke bonnet",0.25326232184106834,1.3733294821857456,0.5361505150794983,0.4638494849205017,0.10320339570560273,3.97202952870859
frame_004,frame_005,4,5,40,1,False,False,255,Leonberg,0.17985725539193825,1.7155917683034119,0.5430154800415039,0.4569845199584961,0.10695414353872705,3.873880629965342
frame_004,frame_006,4,6,40,2,False,False,32,"tailed frog, bell toad, ribbed toad, tailed toad, Ascaphus trui",0.46446316293146966,0.7668730286492025,0.6848572492599487,0.31514275074005127,0.11392211893485892,3.6901242276889032
frame_004,frame_007,4,7,40,3,False,False,187,Yorkshire terrier,0.4049646156274907,0.9039555845134863,0.7023158073425293,0.2976841926574707,0.08821526234838495,4.137481548862792
frame_004,frame_008,4,8,40,4,True,False,285,Egyptian cat,0.9999111748564928,8.882908869378703e-05,0.999836266040802,0.00016373395919799805,0.05205105842900035,4.394473163587925
frame_004,frame_009,4,9,40,5,False,False,285,Egyptian cat,0.9973666745062049,0.0026367987942670368,0.9968904256820679,0.003109574317932129,0.048730991919666906,4.451571420216699
frame_004,frame_010,4,10,40,6,False,False,285,Egyptian cat,0.8806338632152141,0.12711333169258587,0.9265038967132568,0.07349610328674316,0.08946481254627879,4.167710997894517
frame_004,frame_011,4,11,40,7,False,False,285,Egyptian cat,0.9989997200969949,0.0010007805168110728,0.9986549019813538,0.0013450980186462402,0.05576989115993291,4.199372257393192
frame_004,frame_012,4,12,40,8,False,False,285,Egyptian cat,0.9991511313602377,0.0008492291327679702,0.9989095330238342,0.0010904669761657715,0.06931567112694853,4.179953122849826
frame_004,frame_013,4,13,40,9,False,False,285,Egyptian cat,0.9962999861193003,0.003706875863575654,0.9955837726593018,0.004416227340698242,0.09753952697374658,3.9917752915101463
frame_004,frame_014,4,14,40,10,False,False,285,Egyptian cat,0.9888182266404848,0.011244759357492917,0.988090991973877,0.011909008026123047,0.07652448839059238,3.989089055584267
frame_004,frame_015,4,15,40,11,False,False,285,Egyptian cat,0.9746514968466734,0.02567531101249987,0.9751741886138916,0.0248258113861084,0.0895551813984887,4.104770726799547
frame_004,frame_000,4,0,50,-4,False,False,359,"black-footed ferret, ferret, Mustela nigripes",0.7112873656126041,0.3406787597895615,0.8075382709503174,0.19246172904968262,0.045213978498941904,4.860923288580095
frame_004,frame_001,4,1,50,-3,False,False,359,"black-footed ferret, ferret, Mustela nigripes",0.1897769356385125,1.6619059194816703,0.6113784313201904,0.38862156867980957,0.041412237157684245,4.886353573606977
frame_004,frame_002,4,2,50,-2,False,True,32,"tailed frog, bell toad, ribbed toad, tailed toad, Ascaphus trui",0.24763942737025169,1.3957815126813333,0.5630105137825012,0.4369894862174988,0.05877624315152741,4.719046195328812
frame_004,frame_003,4,3,50,-1,False,False,452,"bonnet, poke bonnet",0.36729675048674926,1.0015851732232868,0.5991365909576416,0.4008634090423584,0.0478148641582724,4.530395552323709
frame_004,frame_005,4,5,50,1,False,False,255,Leonberg,0.35593751340431634,1.033000087681451,0.6171365976333618,0.3828634023666382,0.09097597791975176,4.529455108689305
frame_004,frame_006,4,6,50,2,False,False,359,"black-footed ferret, ferret, Mustela nigripes",0.35460302754000034,1.036756347476615,0.6387323141098022,0.36126768589019775,0.05464746804328816,4.513271623120327
frame_004,frame_007,4,7,50,3,False,False,187,Yorkshire terrier,0.31459349910086487,1.1564739525865146,0.6784020662307739,0.3215979337692261,0.046390217047407055,4.848737063739762
frame_004,frame_008,4,8,50,4,True,False,285,Egyptian cat,0.9999670671450581,3.293339724019795e-05,0.9999382495880127,6.175041198730469e-05,0.041006095929395345,5.056685891007268
frame_004,frame_009,4,9,50,5,False,False,285,Egyptian cat,0.9993443894676697,0.0006558255388942058,0.9990822076797485,0.0009177923202514648,0.036777444471587255,5.117593949344382
frame_004,frame_010,4,10,50,6,False,False,285,Egyptian cat,0.9088304024665833,0.09559677815646772,0.9408591985702515,0.059140801429748535,0.08523283917452372,4.742839343259085
frame_004,frame_011,4,11,50,7,False,False,285,Egyptian cat,0.9997179201179066,0.00028211967410651795,0.999549150466919,0.0004508495330810547,0.042201414662611215,4.688310164791239
frame_004,frame_012,4,12,50,8,False,False,285,Egyptian cat,0.9996655376202674,0.0003345183247489558,0.999516487121582,0.00048351287841796875,0.05466491856596059,4.705804255979944
frame_004,frame_013,4,13,50,9,False,False,285,Egyptian cat,0.9951208438678264,0.004891098074691236,0.9941160082817078,0.005883991718292236,0.04585519115687069,4.624183230247192
frame_004,frame_014,4,14,50,10,False,False,285,Egyptian cat,0.9869806481515863,0.013104846476851506,0.9865276217460632,0.013472378253936768,0.04413404331456864,4.6130529242069365
frame_004,frame_015,4,15,50,11,False,False,285,Egyptian cat,0.9336466154563402,0.0686572683904636,0.9492235779762268,0.05077642202377319,0.041003137044418665,4.703405130152964
frame_005,frame_000,5,0,5,-5,False,False,359,"black-footed ferret, ferret, Mustela nigripes",0.3789808661243953,0.9702695603340361,0.601797878742218,0.398202121257782,0.019222669232226774,5.656848347362168
frame_005,frame_001,5,1,5,-4,False,False,359,"black-footed ferret, ferret, Mustela nigripes",0.23385739431658306,1.4530437753974486,0.5471526384353638,0.45284736156463623,0.018047025645983702,5.695710474706491
frame_005,frame_002,5,2,5,-3,False,False,452,"bonnet, poke bonnet",0.21241509519128746,1.5492129225008506,0.5305840373039246,0.46941596269607544,0.01818374540651118,5.681204272267918
frame_005,frame_003,5,3,5,-2,False,False,452,"bonnet, poke bonnet",0.42350864493434687,0.8591813520302565,0.6070246696472168,0.3929753303527832,0.019969588109652447,5.616051500392279
frame_005,frame_004,5,4,5,-1,False,True,452,"bonnet, poke bonnet",0.2460023511613723,1.4024141855288934,0.5142706632614136,0.4857293367385864,0.022575248498639882,5.705588186637597
frame_005,frame_006,5,6,5,1,False,False,359,"black-footed ferret, ferret, Mustela nigripes",0.19767809991887428,1.6211153292516887,0.5310007333755493,0.4689992666244507,0.025659534915900506,5.648568921136842
frame_005,frame_007,5,7,5,2,False,False,452,"bonnet, poke bonnet",0.44331995157814924,0.8134635313001954,0.6498110294342041,0.3501889705657959,0.015585701811487917,5.700088633640236
frame_005,frame_008,5,8,5,3,False,False,285,Egyptian cat,0.5191619695251346,0.6555393644931922,0.6891446113586426,0.3108553886413574,0.011764927789131045,5.798263891973006
frame_005,frame_009,5,9,5,4,False,False,452,"bonnet, poke bonnet",0.4715944427477647,0.7516358942141257,0.6695315837860107,0.33046841621398926,0.016116654685408002,5.772307328548945
frame_005,frame_010,5,10,5,5,False,False,359,"black-footed ferret, ferret, Mustela nigripes",0.19242948987383107,1.6480254787232447,0.5576224327087402,0.44237756729125977,0.017658002658905197,5.649950118509119
frame_005,frame_011,5,11,5,6,False,False,285,Egyptian cat,0.4738782610246267,0.7468048235557543,0.6628512144088745,0.3371487855911255,0.016339846217757737,5.6131517734736285
frame_005,frame_012,5,12,5,7,True,False,285,Egyptian cat,0.5649142611741608,0.5710813094851415,0.7071616649627686,0.29283833503723145,0.020682610372291722,5.652993132328642
frame_005,frame_013,5,13,5,8,False,False,285,Egyptian cat,0.31342014997011164,1.1602106563915155,0.590308666229248,0.40969133377075195,0.01915276641872627,5.637982028078982
frame_005,frame_014,5,14,5,9,False,False,452,"bonnet, poke bonnet",0.23302859013760355,1.456594128490778,0.5613734722137451,0.4386265277862549,0.018003167419097733,5.623889415392408
frame_005,frame_015,5,15,5,10,False,False,359,"black-footed ferret, ferret, Mustela nigripes",0.24221995725738119,1.41790905135122,0.5859725475311279,0.41402745246887207,0.017650667657605763,5.618925131465874
frame_005,frame_000,5,0,10,-5,False,False,359,"black-footed ferret, ferret, Mustela nigripes",0.2095988355838609,1.5625598819711923,0.5145654082298279,0.4854345917701721,0.034852813614680574,4.990127901051673
frame_005,frame_001,5,1,10,-4,False,False,179,"Staffordshire bullterrier, Staffordshire bull terrier",0.19341174841447875,1.6429339510939958,0.47941380739212036,0.5205861926078796,0.0628794653289147,4.820089093229944
frame_005,frame_002,5,2,10,-3,False,True,86,partridge,0.07924246388130926,2.535242963726696,0.4395156502723694,0.5604843497276306,0.03556065970832651,5.0288831799625155
frame_005,frame_003,5,3,10,-2,False,False,86,partridge,0.6505952907097935,0.4298675033493575,0.7204797267913818,0.27952027320861816,0.05476381589909316,4.844957111973658
frame_005,frame_004,5,4,10,-1,False,False,179,"Staffordshire bullterrier, Staffordshire bull terrier",0.08990158621946841,2.409039693394721,0.4511691927909851,0.5488308072090149,0.04552627745682466,5.090222543415989
frame_005,frame_006,5,6,10,1,False,False,735,poncho,0.3153688322974792,1.1540124289383362,0.5591838359832764,0.44081616401672363,0.06712833824353648,4.875397571176933
frame_005,frame_007,5,7,10,2,False,False,452,"bonnet, poke bonnet",0.2554848175949607,1.3645922934328754,0.5537025928497314,0.44629740715026855,0.05183544776715408,4.964247191933245
frame_005,frame_008,5,8,10,3,True,False,285,Egyptian cat,0.9983422915093401,0.0016590840097299164,0.9977468252182007,0.0022531747817993164,0.032815687710677936,4.9808112599768615
frame_005,frame_009,5,9,10,4,False,False,285,Egyptian cat,0.9908343413457807,0.009207921747781178,0.9884383082389832,0.011561691761016846,0.04615740164957512,4.994413605704805
frame_005,frame_010,5,10,10,5,False,False,285,Egyptian cat,0.7750272904812815,0.2548570367245375,0.8198966383934021,0.1801033616065979,0.0566935865745792,4.766590707530733
frame_005,frame_011,5,11,10,6,False,False,285,Egyptian cat,0.9927004897722851,0.0073262820126679395,0.9914448261260986,0.008555173873901367,0.0563304680078483,4.674491687195063
frame_005,frame_012,5,12,10,7,False,False,285,Egyptian cat,0.9957637413287515,0.0042452570369415354,0.9949667453765869,0.005033254623413086,0.06769976673137287,4.6768137212516585
frame_005,frame_013,5,13,10,8,False,False,285,Egyptian cat,0.9861438344768446,0.01395305826711657,0.9849602580070496,0.01503974199295044,0.08078159300424043,4.530122019284457
frame_005,frame_014,5,14,10,9,False,False,285,Egyptian cat,0.9592124693166382,0.04164267564874269,0.9606310129165649,0.03936898708343506,0.07114175879949557,4.527146055110453
frame_005,frame_015,5,15,10,10,False,False,285,Egyptian cat,0.9055422932904367,0.09922129563683724,0.9173482656478882,0.08265173435211182,0.06733784188124015,4.5671784381729985
frame_005,frame_000,5,0,20,-5,False,False,198,standard schnauzer,0.2167652532574265,1.5289402932142373,0.5381695032119751,0.4618304967880249,0.030797427505590655,5.480085124797181
frame_005,frame_001,5,1,20,-4,False,False,179,"Staffordshire bullterrier, Staffordshire bull terrier",0.34809961673095474,1.0552665851967928,0.5549149513244629,0.4450850486755371,0.03687421698116237,5.340665932588517
frame_005,frame_002,5,2,20,-3,False,True,452,"bonnet, poke bonnet",0.09751649791252708,2.3277337059333725,0.39947032928466797,0.600529670715332,0.03702862988481984,5.356697094086949
frame_005,frame_003,5,3,20,-2,False,False,452,"bonnet, poke bonnet",0.13718925061807521,1.9863939150244958,0.4539071321487427,0.5460928678512573,0.046577371707390035,5.180206884111694
frame_005,frame_004,5,4,20,-1,False,False,237,miniature pinscher,0.11928493027518894,2.1262402757515204,0.46534234285354614,0.5346576571464539,0.029683720241955362,5.296052496127259
frame_005,frame_006,5,6,20,1,False,False,703,park bench,0.11443577502051339,2.1677415302119627,0.47908276319503784,0.5209172368049622,0.02547408098865594,5.38890180547374
frame_005,frame_007,5,7,20,2,False,False,452,"bonnet, poke bonnet",0.20130409679728967,1.6029385948430885,0.5207684636116028,0.4792315363883972,0.022621897700016963,5.44731282218138
frame_005,frame_008,5,8,20,3,True,False,285,Egyptian cat,0.9988088373017521,0.0011918726964063042,0.9980785846710205,0.0019214153289794922,0.022714991390226976,5.632413361975612
frame_005,frame_009,5,9,20,4,False,False,285,Egyptian cat,0.9897294398172327,0.010323666318776237,0.9875651001930237,0.012434899806976318,0.020459279671501667,5.565288278423279
frame_005,frame_010,5,10,20,5,False,False,285,Egyptian cat,0.6660570700112189,0.4063799214054509,0.7878318428993225,0.2121681571006775,0.033325107081279885,5.460336295777961
frame_005,frame_011,5,11,20,6,False,False,285,Egyptian cat,0.9968313350160349,0.0031736958330499387,0.9953821301460266,0.004617869853973389,0.045820910317903384,5.401683229532699
frame_005,frame_012,5,12,20,7,False,False,285,Egyptian cat,0.9978700213539433,0.002132250276829617,0.9968751072883606,0.0031248927116394043,0.030908553074700192,5.38234147752496
frame_005,frame_013,5,13,20,8,False,False,285,Egyptian cat,0.9741864551682043,0.026152561249560335,0.9733821153640747,0.026617884635925293,0.039209347448928435,5.379410698548663
frame_005,frame_014,5,14,20,9,False,False,285,Egyptian cat,0.9249397782930553,0.07802664813715321,0.9295470714569092,0.07045292854309082,0.0441066734759141,5.368060259143982
frame_005,frame_015,5,15,20,10,False,False,285,Egyptian cat,0.9086227283430305,0.0958253112844325,0.9170733094215393,0.0829266905784607,0.04265298652196792,5.3107428181210015
frame_005,frame_000,5,0,30,-5,False,False,198,standard schnauzer,0.21914889466251447,1.5180038958785467,0.6094505786895752,0.3905494213104248,0.014884917640293505,5.748071434979291
frame_005,frame_001,5,1,30,-4,False,False,749,"quill, quill pen",0.22991580292827052,1.4700421113053785,0.5759024620056152,0.42409753799438477,0.018064951272234037,5.77219110080574
frame_005,frame_002,5,2,30,-3,False,True,749,"quill, quill pen",0.16170490435381032,1.8219821829034828,0.5112547278404236,0.4887452721595764,0.013301394845751267,5.795740867943112
frame_005,frame_003,5,3,30,-2,False,False,749,"quill, quill pen",0.17655609812872652,1.7341166166847017,0.5644675493240356,0.43553245067596436,0.01261820253584417,5.8183532485716825
frame_005,frame_004,5,4,30,-1,False,False,237,miniature pinscher,0.21517107658779808,1.5363218622003867,0.5203133821487427,0.4796866178512573,0.013459509931412783,5.815388571353535
frame_005,frame_006,5,6,30,1,False,False,187,Yorkshire terrier,0.18859686633595274,1.6681435243187348,0.5936232209205627,0.40637677907943726,0.018800659293682173,5.756762924316083
frame_005,frame_007,5,7,30,2,False,False,187,Yorkshire terrier,0.3134099448894993,1.1602432173061779,0.7024943828582764,0.29750561714172363,0.013306245327063475,5.806258007889741
frame_005,frame_008,5,8,30,3,True,False,285,Egyptian cat,0.9994469670532103,0.0005531859259140237,0.999130368232727,0.0008696317672729492,0.013451110702572521,5.87945140291256
frame_005,frame_009,5,9,30,4,False,False,285,Egyptian cat,0.9881334985810282,0.011937470340873446,0.9870608448982239,0.012939155101776123,0.012796152409903094,5.873676035820731
frame_005,frame_010,5,10,30,5,False,False,285,Egyptian cat,0.7024989646724703,0.35311135155116524,0.8278930187225342,0.17210698127746582,0.014402679212591816,5.785969070007512
frame_005,frame_011,5,11,30,6,False,False,285,Egyptian cat,0.9961973382830535,0.0038099102165762844,0.9947184324264526,0.005281567573547363,0.01704443434839978,5.752073517312145
frame_005,frame_012,5,12,30,7,False,False,285,Egyptian cat,0.9951469478203389,0.0048648664764883165,0.9941042065620422,0.005895793437957764,0.017420215757986548,5.790362101030867
frame_005,frame_013,5,13,30,8,False,False,285,Egyptian cat,0.969101647196429,0.031385773525371086,0.9697583317756653,0.030241668224334717,0.014267949483354353,5.761637549814366
frame_005,frame_014,5,14,30,9,False,False,285,Egyptian cat,0.9433070772949376,0.058363410656565584,0.9469696283340454,0.05303037166595459,0.01992732879616766,5.730466506559893
frame_005,frame_015,5,15,30,10,False,False,285,Egyptian cat,0.9360606150364864,0.06607504494699512,0.9411917328834534,0.05880826711654663,0.017552560255223584,5.746248951402839
frame_005,frame_000,5,0,40,-5,False,False,359,"black-footed ferret, ferret, Mustela nigripes",0.31397885287339145,1.1584296428788008,0.6505299806594849,0.34947001934051514,0.09184739580965207,4.263468916567582
frame_005,frame_001,5,1,40,-4,False,False,281,"tabby, tabby cat",0.10642572445681629,2.240307960085863,0.5505198240280151,0.44948017597198486,0.09465808373783324,4.24222335494591
frame_005,frame_002,5,2,40,-3,False,False,32,"tailed frog, bell toad, ribbed toad, tailed toad, Ascaphus trui",0.637166434208702,0.45072437934455145,0.72383052110672,0.27616947889328003,0.055286533978254074,4.45450341413314
frame_005,frame_003,5,3,40,-2,False,True,452,"bonnet, poke bonnet",0.25326232184106834,1.3733294821857456,0.5361505150794983,0.4638494849205017,0.09065021169544937,4.190108204713735
frame_005,frame_004,5,4,40,-1,False,False,159,Rhodesian ridgeback,0.24572640149095465,1.4035365510521505,0.5584396123886108,0.44156038761138916,0.11042792217939022,4.078871409309068
frame_005,frame_006,5,6,40,1,False,False,32,"tailed frog, bell toad, ribbed toad, tailed toad, Ascaphus trui",0.46446316293146966,0.7668730286492025,0.6848572492599487,0.31514275074005127,0.11300916404499177,3.839957940548645
frame_005,frame_007,5,7,40,2,False,False,187,Yorkshire terrier,0.4049646156274907,0.9039555845134863,0.7023158073425293,0.2976841926574707,0.0787885400722427,4.250855423255662
frame_005,frame_008,5,8,40,3,True,False,285,Egyptian cat,0.9999111748564928,8.882908869378703e-05,0.999836266040802,0.00016373395919799805,0.0545427235243108,4.444998255773335
frame_005,frame_009,5,9,40,4,False,False,285,Egyptian cat,0.9973666745062049,0.0026367987942670368,0.9968904256820679,0.003109574317932129,0.04931322381497805,4.481949089773467
frame_005,frame_010,5,10,40,5,False,False,285,Egyptian cat,0.8806338632152141,0.12711333169258587,0.9265038967132568,0.07349610328674316,0.08758321244626888,4.218947394745992
frame_005,frame_011,5,11,40,6,False,False,285,Egyptian cat,0.9989997200969949,0.0010007805168110728,0.9986549019813538,0.0013450980186462402,0.056511334241801874,4.2386517760138815
frame_005,frame_012,5,12,40,7,False,False,285,Egyptian cat,0.9991511313602377,0.0008492291327679702,0.9989095330238342,0.0010904669761657715,0.06682091924123303,4.23760077285573
frame_005,frame_013,5,13,40,8,False,False,285,Egyptian cat,0.9962999861193003,0.003706875863575654,0.9955837726593018,0.004416227340698242,0.10370249263524987,4.016777885668935
frame_005,frame_014,5,14,40,9,False,False,285,Egyptian cat,0.9888182266404848,0.011244759357492917,0.988090991973877,0.011909008026123047,0.08420594638783449,4.022622941324486
frame_005,frame_015,5,15,40,10,False,False,285,Egyptian cat,0.9746514968466734,0.02567531101249987,0.9751741886138916,0.0248258113861084,0.09585587836111052,4.108527217741053
frame_005,frame_000,5,0,50,-5,False,False,359,"black-footed ferret, ferret, Mustela nigripes",0.7112873656126041,0.3406787597895615,0.8075382709503174,0.19246172904968262,0.03792121614193989,4.9034138286805895
frame_005,frame_001,5,1,50,-4,False,False,359,"black-footed ferret, ferret, Mustela nigripes",0.1897769356385125,1.6619059194816703,0.6113784313201904,0.38862156867980957,0.04433621114595004,4.910323192144977
frame_005,frame_002,5,2,50,-3,False,False,32,"tailed frog, bell toad, ribbed toad, tailed toad, Ascaphus trui",0.24763942737025169,1.3957815126813333,0.5630105137825012,0.4369894862174988,0.05107612837704605,4.780855418280707
frame_005,frame_003,5,3,50,-2,False,False,452,"bonnet, poke bonnet",0.36729675048674926,1.0015851732232868,0.5991365909576416,0.4008634090423584,0.04322924452809836,4.590291530381614
frame_005,frame_004,5,4,50,-1,False,True,106,wombat,0.2834766853523643,1.2606253978121096,0.5615552663803101,0.43844473361968994,0.06353129342338237,4.619593614052599
frame_005,frame_006,5,6,50,1,False,False,359,"black-footed ferret, ferret, Mustela nigripes",0.35460302754000034,1.036756347476615,0.6387323141098022,0.36126768589019775,0.053504425035926166,4.604769637970733
frame_005,frame_007,5,7,50,2,False,False,187,Yorkshire terrier,0.31459349910086487,1.1564739525865146,0.6784020662307739,0.3215979337692261,0.05568149125923529,4.890388310193503
frame_005,frame_008,5,8,50,3,True,False,285,Egyptian cat,0.9999670671450581,3.293339724019795e-05,0.9999382495880127,6.175041198730469e-05,0.03715789308535966,5.112746348023986
frame_005,frame_009,5,9,50,4,False,False,285,Egyptian cat,0.9993443894676697,0.0006558255388942058,0.9990822076797485,0.0009177923202514648,0.03756831567096909,5.144079899070716
frame_005,frame_010,5,10,50,5,False,False,285,Egyptian cat,0.9088304024665833,0.09559677815646772,0.9408591985702515,0.059140801429748535,0.08278185657893929,4.775725104903145
frame_005,frame_011,5,11,50,6,False,False,285,Egyptian cat,0.9997179201179066,0.00028211967410651795,0.999549150466919,0.0004508495330810547,0.04071448323349774,4.720356905706988
frame_005,frame_012,5,12,50,7,False,False,285,Egyptian cat,0.9996655376202674,0.0003345183247489558,0.999516487121582,0.00048351287841796875,0.054108598469374776,4.738529020423736
frame_005,frame_013,5,13,50,8,False,False,285,Egyptian cat,0.9951208438678264,0.004891098074691236,0.9941160082817078,0.005883991718292236,0.042389537261964906,4.656361011358251
frame_005,frame_014,5,14,50,9,False,False,285,Egyptian cat,0.9869806481515863,0.013104846476851506,0.9865276217460632,0.013472378253936768,0.05493848117711728,4.615182361218235
frame_005,frame_015,5,15,50,10,False,False,285,Egyptian cat,0.9336466154563402,0.0686572683904636,0.9492235779762268,0.05077642202377319,0.03771862375918033,4.706262154694142
frame_006,frame_000,6,0,5,-6,False,False,359,"black-footed ferret, ferret, Mustela nigripes",0.3789808661243953,0.9702695603340361,0.601797878742218,0.398202121257782,0.020836530378441645,5.529437352906635
frame_006,frame_001,6,1,5,-5,False,False,359,"black-footed ferret, ferret, Mustela nigripes",0.23385739431658306,1.4530437753974486,0.5471526384353638,0.45284736156463623,0.017588352861873567,5.566482331701156
frame_006,frame_002,6,2,5,-4,False,False,452,"bonnet, poke bonnet",0.21241509519128746,1.5492129225008506,0.5305840373039246,0.46941596269607544,0.022139966790893795,5.557549572887309
frame_006,frame_003,6,3,5,-3,False,False,452,"bonnet, poke bonnet",0.42350864493434687,0.8591813520302565,0.6070246696472168,0.3929753303527832,0.02329355291496831,5.466104562747559
frame_006,frame_004,6,4,5,-2,False,False,452,"bonnet, poke bonnet",0.2460023511613723,1.4024141855288934,0.5142706632614136,0.4857293367385864,0.03084273606831122,5.543214359205907
frame_006,frame_005,6,5,5,-1,False,True,411,apron,0.09575743003612179,2.345937055643495,0.48953211307525635,0.5104678869247437,0.03151759887707596,5.6009336646797925
frame_006,frame_007,6,7,5,1,False,False,452,"bonnet, poke bonnet",0.44331995157814924,0.8134635313001954,0.6498110294342041,0.3501889705657959,0.02119942934262392,5.577452597774751
frame_006,frame_008,6,8,5,2,False,False,285,Egyptian cat,0.5191619695251346,0.6555393644931922,0.6891446113586426,0.3108553886413574,0.014037626545949594,5.672870089450232
frame_006,frame_009,6,9,5,3,False,False,452,"bonnet, poke bonnet",0.4715944427477647,0.7516358942141257,0.6695315837860107,0.33046841621398926,0.019882064167167434,5.65175709751424
frame_006,frame_010,6,10,5,4,False,False,359,"black-footed ferret, ferret, Mustela nigripes",0.19242948987383107,1.6480254787232447,0.5576224327087402,0.44237756729125977,0.021164411215242273,5.510262438533584
frame_006,frame_011,6,11,5,5,False,False,285,Egyptian cat,0.4738782610246267,0.7468048235557543,0.6628512144088745,0.3371487855911255,0.017875693552470755,5.469738505633565
frame_006,frame_012,6,12,5,6,True,False,285,Egyptian cat,0.5649142611741608,0.5710813094851415,0.7071616649627686,0.29283833503723145,0.024290828013249787,5.51026599558205
frame_006,frame_013,6,13,5,7,False,False,285,Egyptian cat,0.31342014997011164,1.1602106563915155,0.590308666229248,0.40969133377075195,0.02350630951641993,5.490239618440736
frame_006,frame_014,6,14,5,8,False,False,452,"bonnet, poke bonnet",0.23302859013760355,1.456594128490778,0.5613734722137451,0.4386265277862549,0.019205045184180737,5.480641569162804
frame_006,frame_015,6,15,5,9,False,False,359,"black-footed ferret, ferret, Mustela nigripes",0.24221995725738119,1.41790905135122,0.5859725475311279,0.41402745246887207,0.02046442952186785,5.472675704188091
frame_006,frame_000,6,0,10,-6,False,False,359,"black-footed ferret, ferret, Mustela nigripes",0.2095988355838609,1.5625598819711923,0.5145654082298279,0.4854345917701721,0.05340223371822474,4.746714491938237
frame_006,frame_001,6,1,10,-5,False,False,179,"Staffordshire bullterrier, Staffordshire bull terrier",0.19341174841447875,1.6429339510939958,0.47941380739212036,0.5205861926078796,0.08108331001123663,4.547517358712241
frame_006,frame_002,6,2,10,-4,False,True,86,partridge,0.07924246388130926,2.535242963726696,0.4395156502723694,0.5604843497276306,0.047531511591358586,4.83435547339027
frame_006,frame_003,6,3,10,-3,False,False,86,partridge,0.6505952907097935,0.4298675033493575,0.7204797267913818,0.27952027320861816,0.07511295602021224,4.621600283294979
frame_006,frame_004,6,4,10,-2,False,False,179,"Staffordshire bullterrier, Staffordshire bull terrier",0.08990158621946841,2.409039693394721,0.4511691927909851,0.5488308072090149,0.06733211102074094,4.912029185947242
frame_006,frame_005,6,5,10,-1,False,False,359,"black-footed ferret, ferret, Mustela nigripes",0.3258567716103659,1.1212973450467576,0.5600395202636719,0.4399604797363281,0.08535015622184877,4.787623516765776
frame_006,frame_007,6,7,10,1,False,False,452,"bonnet, poke bonnet",0.2554848175949607,1.3645922934328754,0.5537025928497314,0.44629740715026855,0.06364553472538777,4.642681220008267
frame_006,frame_008,6,8,10,2,True,False,285,Egyptian cat,0.9983422915093401,0.0016590840097299164,0.9977468252182007,0.0022531747817993164,0.04121633253899532,4.6468207030024
frame_006,frame_009,6,9,10,3,False,False,285,Egyptian cat,0.9908343413457807,0.009207921747781178,0.9884383082389832,0.011561691761016846,0.061274536907045776,4.66429896786879
frame_006,frame_010,6,10,10,4,False,False,285,Egyptian cat,0.7750272904812815,0.2548570367245375,0.8198966383934021,0.1801033616065979,0.0715995657549452,4.453307929013938
frame_006,frame_011,6,11,10,5,False,False,285,Egyptian cat,0.9927004897722851,0.0073262820126679395,0.9914448261260986,0.008555173873901367,0.07176041602409615,4.37989377779121
frame_006,frame_012,6,12,10,6,False,False,285,Egyptian cat,0.9957637413287515,0.0042452570369415354,0.9949667453765869,0.005033254623413086,0.07855178297496997,4.365353968955793
frame_006,frame_013,6,13,10,7,False,False,285,Egyptian cat,0.9861438344768446,0.01395305826711657,0.9849602580070496,0.01503974199295044,0.09901454837556482,4.241834665044123
frame_006,frame_014,6,14,10,8,False,False,285,Egyptian cat,0.9592124693166382,0.04164267564874269,0.9606310129165649,0.03936898708343506,0.08658123163508524,4.251854153241306
frame_006,frame_015,6,15,10,9,False,False,285,Egyptian cat,0.9055422932904367,0.09922129563683724,0.9173482656478882,0.08265173435211182,0.07342263323942258,4.29829164654919
frame_006,frame_000,6,0,20,-6,False,False,198,standard schnauzer,0.2167652532574265,1.5289402932142373,0.5381695032119751,0.4618304967880249,0.03261809780205792,5.253893396639549
frame_006,frame_001,6,1,20,-5,False,False,179,"Staffordshire bullterrier, Staffordshire bull terrier",0.34809961673095474,1.0552665851967928,0.5549149513244629,0.4450850486755371,0.04194015570974125,5.094415303780477
frame_006,frame_002,6,2,20,-4,False,True,452,"bonnet, poke bonnet",0.09751649791252708,2.3277337059333725,0.39947032928466797,0.600529670715332,0.043816097044204486,5.070766376783663
frame_006,frame_003,6,3,20,-3,False,False,452,"bonnet, poke bonnet",0.13718925061807521,1.9863939150244958,0.4539071321487427,0.5460928678512573,0.06348080855174248,4.873885943213519
frame_006,frame_004,6,4,20,-2,False,False,237,miniature pinscher,0.11928493027518894,2.1262402757515204,0.46534234285354614,0.5346576571464539,0.03189052623586036,5.0704865989581265
frame_006,frame_005,6,5,20,-1,False,False,240,Appenzeller,0.10668264259665633,2.2378968087278786,0.4267544150352478,0.5732455849647522,0.027940113152470334,5.181160459271863
frame_006,frame_007,6,7,20,1,False,False,452,"bonnet, poke bonnet",0.20130409679728967,1.6029385948430885,0.5207684636116028,0.4792315363883972,0.02850492103031441,5.266713152537204
frame_006,frame_008,6,8,20,2,True,False,285,Egyptian cat,0.9988088373017521,0.0011918726964063042,0.9980785846710205,0.0019214153289794922,0.024672787653976617,5.509180832219729
frame_006,frame_009,6,9,20,3,False,False,285,Egyptian cat,0.9897294398172327,0.010323666318776237,0.9875651001930237,0.012434899806976318,0.02615853923834445,5.459844134895197
frame_006,frame_010,6,10,20,4,False,False,285,Egyptian cat,0.6660570700112189,0.4063799214054509,0.7878318428993225,0.2121681571006775,0.030892428309873664,5.307441133959981
frame_006,frame_011,6,11,20,5,False,False,285,Egyptian cat,0.9968313350160349,0.0031736958330499387,0.9953821301460266,0.004617869853973389,0.03924920046898466,5.234672646593126
frame_006,frame_012,6,12,20,6,False,False,285,Egyptian cat,0.9978700213539433,0.002132250276829617,0.9968751072883606,0.0031248927116394043,0.033734173001974954,5.2121140295084745
frame_006,frame_013,6,13,20,7,False,False,285,Egyptian cat,0.9741864551682043,0.026152561249560335,0.9733821153640747,0.026617884635925293,0.0431416738828694,5.187193131556674
frame_006,frame_014,6,14,20,8,False,False,285,Egyptian cat,0.9249397782930553,0.07802664813715321,0.9295470714569092,0.07045292854309082,0.04951381683880993,5.146477658476519
frame_006,frame_015,6,15,20,9,False,False,285,Egyptian cat,0.9086227283430305,0.0958253112844325,0.9170733094215393,0.0829266905784607,0.046454564011795256,5.082803557559077
frame_006,frame_000,6,0,30,-6,False,False,198,standard schnauzer,0.21914889466251447,1.5180038958785467,0.6094505786895752,0.3905494213104248,0.012853180964045568,5.842527288536589
frame_006,frame_001,6,1,30,-5,False,False,749,"quill, quill pen",0.22991580292827052,1.4700421113053785,0.5759024620056152,0.42409753799438477,0.014945362784898754,5.847017470333177
frame_006,frame_002,6,2,30,-4,False,True,749,"quill, quill pen",0.16170490435381032,1.8219821829034828,0.5112547278404236,0.4887452721595764,0.015301560760673108,5.8630637009681275
frame_006,frame_003,6,3,30,-3,False,False,749,"quill, quill pen",0.17655609812872652,1.7341166166847017,0.5644675493240356,0.43553245067596436,0.013776976695032223,5.862631807374454
frame_006,frame_004,6,4,30,-2,False,False,237,miniature pinscher,0.21517107658779808,1.5363218622003867,0.5203133821487427,0.4796866178512573,0.012710461131000656,5.892646536885007
frame_006,frame_005,6,5,30,-1,False,False,255,Leonberg,0.2203428760308035,1.512570418460462,0.5354921817779541,0.4645078182220459,0.012253413737094517,5.90134387563409
frame_006,frame_007,6,7,30,1,False,False,187,Yorkshire terrier,0.3134099448894993,1.1602432173061779,0.7024943828582764,0.29750561714172363,0.010981555914827577,5.887303373565331
frame_006,frame_008,6,8,30,2,True,False,285,Egyptian cat,0.9994469670532103,0.0005531859259140237,0.999130368232727,0.0008696317672729492,0.009012109673579013,5.95621055316691
frame_006,frame_009,6,9,30,3,False,False,285,Egyptian cat,0.9881334985810282,0.011937470340873446,0.9870608448982239,0.012939155101776123,0.008701520825576764,5.959235730117298
frame_006,frame_010,6,10,30,4,False,False,285,Egyptian cat,0.7024989646724703,0.35311135155116524,0.8278930187225342,0.17210698127746582,0.01000330608472823,5.868618765752846
frame_006,frame_011,6,11,30,5,False,False,285,Egyptian cat,0.9961973382830535,0.0038099102165762844,0.9947184324264526,0.005281567573547363,0.015450696747064275,5.835221974378912
frame_006,frame_012,6,12,30,6,False,False,285,Egyptian cat,0.9951469478203389,0.0048648664764883165,0.9941042065620422,0.005895793437957764,0.016182901580358657,5.861455637402434
frame_006,frame_013,6,13,30,7,False,False,285,Egyptian cat,0.969101647196429,0.031385773525371086,0.9697583317756653,0.030241668224334717,0.014256666443276868,5.83508356858892
frame_006,frame_014,6,14,30,8,False,False,285,Egyptian cat,0.9433070772949376,0.058363410656565584,0.9469696283340454,0.05303037166595459,0.013926526447727515,5.802462131233932
frame_006,frame_015,6,15,30,9,False,False,285,Egyptian cat,0.9360606150364864,0.06607504494699512,0.9411917328834534,0.05880826711654663,0.012203939227663121,5.823401549779964
frame_006,frame_000,6,0,40,-6,False,False,359,"black-footed ferret, ferret, Mustela nigripes",0.31397885287339145,1.1584296428788008,0.6505299806594849,0.34947001934051514,0.1004032496250104,4.108868801698703
frame_006,frame_001,6,1,40,-5,False,False,281,"tabby, tabby cat",0.10642572445681629,2.240307960085863,0.5505198240280151,0.44948017597198486,0.1080399795597929,4.094149721918711
frame_006,frame_002,6,2,40,-4,False,False,32,"tailed frog, bell toad, ribbed toad, tailed toad, Ascaphus trui",0.637166434208702,0.45072437934455145,0.72383052110672,0.27616947889328003,0.05694530130580086,4.337640754117141
frame_006,frame_003,6,3,40,-3,False,True,452,"bonnet, poke bonnet",0.25326232184106834,1.3733294821857456,0.5361505150794983,0.4638494849205017,0.09758481167331635,4.044093629383831
frame_006,frame_004,6,4,40,-2,False,False,159,Rhodesian ridgeback,0.24572640149095465,1.4035365510521505,0.5584396123886108,0.44156038761138916,0.11398968151741928,3.9357586741028854
frame_006,frame_005,6,5,40,-1,False,False,255,Leonberg,0.17985725539193825,1.7155917683034119,0.5430154800415039,0.4569845199584961,0.11989445508173738,3.879067149340802
frame_006,frame_007,6,7,40,1,False,False,187,Yorkshire terrier,0.4049646156274907,0.9039555845134863,0.7023158073425293,0.2976841926574707,0.09470983551217088,4.023368917863287
frame_006,frame_008,6,8,40,2,True,False,285,Egyptian cat,0.9999111748564928,8.882908869378703e-05,0.999836266040802,0.00016373395919799805,0.06782848395981864,4.275828420550022
frame_006,frame_009,6,9,40,3,False,False,285,Egyptian cat,0.9973666745062049,0.0026367987942670368,0.9968904256820679,0.003109574317932129,0.060686484486131495,4.305430859306238
frame_006,frame_010,6,10,40,4,False,False,285,Egyptian cat,0.8806338632152141,0.12711333169258587,0.9265038967132568,0.07349610328674316,0.0878775923901687,4.020819170758391
frame_006,frame_011,6,11,40,5,False,False,285,Egyptian cat,0.9989997200969949,0.0010007805168110728,0.9986549019813538,0.0013450980186462402,0.06397323504387398,4.063817401838308
frame_006,frame_012,6,12,40,6,False,False,285,Egyptian cat,0.9991511313602377,0.0008492291327679702,0.9989095330238342,0.0010904669761657715,0.07580123776421668,4.047655395172861
frame_006,frame_013,6,13,40,7,False,False,285,Egyptian cat,0.9962999861193003,0.003706875863575654,0.9955837726593018,0.004416227340698242,0.11093380728388458,3.8432989458210898
frame_006,frame_014,6,14,40,8,False,False,285,Egyptian cat,0.9888182266404848,0.011244759357492917,0.988090991973877,0.011909008026123047,0.09153101993080515,3.860904272156617
frame_006,frame_015,6,15,40,9,False,False,285,Egyptian cat,0.9746514968466734,0.02567531101249987,0.9751741886138916,0.0248258113861084,0.11608871757437379,3.950408838926884
frame_006,frame_000,6,0,50,-6,False,False,359,"black-footed ferret, ferret, Mustela nigripes",0.7112873656126041,0.3406787597895615,0.8075382709503174,0.19246172904968262,0.045738954564583094,4.717470484722439
frame_006,frame_001,6,1,50,-5,False,False,359,"black-footed ferret, ferret, Mustela nigripes",0.1897769356385125,1.6619059194816703,0.6113784313201904,0.38862156867980957,0.05782494316684927,4.71500287978966
frame_006,frame_002,6,2,50,-4,False,False,32,"tailed frog, bell toad, ribbed toad, tailed toad, Ascaphus trui",0.24763942737025169,1.3957815126813333,0.5630105137825012,0.4369894862174988,0.0709158258429459,4.68065825749682
frame_006,frame_003,6,3,50,-3,False,False,452,"bonnet, poke bonnet",0.36729675048674926,1.0015851732232868,0.5991365909576416,0.4008634090423584,0.048268568939952336,4.519842173882569
frame_006,frame_004,6,4,50,-2,False,True,106,wombat,0.2834766853523643,1.2606253978121096,0.5615552663803101,0.43844473361968994,0.06415011567724628,4.547130098008581
frame_006,frame_005,6,5,50,-1,False,False,255,Leonberg,0.35593751340431634,1.033000087681451,0.6171365976333618,0.3828634023666382,0.10694871927264173,4.404248991527249
frame_006,frame_007,6,7,50,1,False,False,187,Yorkshire terrier,0.31459349910086487,1.1564739525865146,0.6784020662307739,0.3215979337692261,0.08278421173213917,4.667073953455119
frame_006,frame_008,6,8,50,2,True,False,285,Egyptian cat,0.9999670671450581,3.293339724019795e-05,0.9999382495880127,6.175041198730469e-05,0.052230293356172505,4.854974535769827
frame_006,frame_009,6,9,50,3,False,False,285,Egyptian cat,0.9993443894676697,0.0006558255388942058,0.9990822076797485,0.0009177923202514648,0.04617111321834381,4.923999904448155
frame_006,frame_010,6,10,50,4,False,False,285,Egyptian cat,0.9088304024665833,0.09559677815646772,0.9408591985702515,0.059140801429748535,0.08894519540260748,4.528385239701643
frame_006,frame_011,6,11,50,5,False,False,285,Egyptian cat,0.9997179201179066,0.00028211967410651795,0.999549150466919,0.0004508495330810547,0.0554021562492257,4.448540862395433
frame_006,frame_012,6,12,50,6,False,False,285,Egyptian cat,0.9996655376202674,0.0003345183247489558,0.999516487121582,0.00048351287841796875,0.07048820676897016,4.461092042057147
frame_006,frame_013,6,13,50,7,False,False,285,Egyptian cat,0.9951208438678264,0.004891098074691236,0.9941160082817078,0.005883991718292236,0.04952137557404432,4.436238835158752
frame_006,frame_014,6,14,50,8,False,False,285,Egyptian cat,0.9869806481515863,0.013104846476851506,0.9865276217460632,0.013472378253936768,0.06780242789326499,4.405420308278017
frame_006,frame_015,6,15,50,9,False,False,285,Egyptian cat,0.9336466154563402,0.0686572683904636,0.9492235779762268,0.05077642202377319,0.054439484849299634,4.48407799147569
frame_007,frame_000,7,0,5,-7,False,False,359,"black-footed ferret, ferret, Mustela nigripes",0.3789808661243953,0.9702695603340361,0.601797878742218,0.398202121257782,0.028756887095081396,5.425146848435662
frame_007,frame_001,7,1,5,-6,False,False,359,"black-footed ferret, ferret, Mustela nigripes",0.23385739431658306,1.4530437753974486,0.5471526384353638,0.45284736156463623,0.022353211258731312,5.464171758678633
frame_007,frame_002,7,2,5,-5,False,False,452,"bonnet, poke bonnet",0.21241509519128746,1.5492129225008506,0.5305840373039246,0.46941596269607544,0.025213409573493037,5.456026026229538
frame_007,frame_003,7,3,5,-4,False,False,452,"bonnet, poke bonnet",0.42350864493434687,0.8591813520302565,0.6070246696472168,0.3929753303527832,0.030485164824662143,5.333175368777649
frame_007,frame_004,7,4,5,-3,False,False,452,"bonnet, poke bonnet",0.2460023511613723,1.4024141855288934,0.5142706632614136,0.4857293367385864,0.0385676290184564,5.393597081584456
frame_007,frame_005,7,5,5,-2,False,True,411,apron,0.09575743003612179,2.345937055643495,0.48953211307525635,0.5104678869247437,0.042838658592649334,5.452854822346942
frame_007,frame_006,7,6,5,-1,False,False,359,"black-footed ferret, ferret, Mustela nigripes",0.19767809991887428,1.6211153292516887,0.5310007333755493,0.4689992666244507,0.040327417579436975,5.349185192962711
frame_007,frame_008,7,8,5,1,False,False,285,Egyptian cat,0.5191619695251346,0.6555393644931922,0.6891446113586426,0.3108553886413574,0.014385976970569644,5.593373232965134
frame_007,frame_009,7,9,5,2,False,False,452,"bonnet, poke bonnet",0.4715944427477647,0.7516358942141257,0.6695315837860107,0.33046841621398926,0.023910770584705213,5.5626444332170895
frame_007,frame_010,7,10,5,3,False,False,359,"black-footed ferret, ferret, Mustela nigripes",0.19242948987383107,1.6480254787232447,0.5576224327087402,0.44237756729125977,0.0251914055753541,5.419690888227665
frame_007,frame_011,7,11,5,4,False,False,285,Egyptian cat,0.4738782610246267,0.7468048235557543,0.6628512144088745,0.3371487855911255,0.02199763581349161,5.378574646969858
frame_007,frame_012,7,12,5,5,True,False,285,Egyptian cat,0.5649142611741608,0.5710813094851415,0.7071616649627686,0.29283833503723145,0.026689082045444526,5.414467507892839
frame_007,frame_013,7,13,5,6,False,False,285,Egyptian cat,0.31342014997011164,1.1602106563915155,0.590308666229248,0.40969133377075195,0.026406154424624635,5.392443124719588
frame_007,frame_014,7,14,5,7,False,False,452,"bonnet, poke bonnet",0.23302859013760355,1.456594128490778,0.5613734722137451,0.4386265277862549,0.020613904831379738,5.388655058778798
frame_007,frame_015,7,15,5,8,False,False,359,"black-footed ferret, ferret, Mustela nigripes",0.24221995725738119,1.41790905135122,0.5859725475311279,0.41402745246887207,0.02249366079432848,5.381684965241618
frame_007,frame_000,7,0,10,-7,False,False,359,"black-footed ferret, ferret, Mustela nigripes",0.2095988355838609,1.5625598819711923,0.5145654082298279,0.4854345917701721,0.04669952706116443,4.832381783761055
frame_007,frame_001,7,1,10,-6,False,False,179,"Staffordshire bullterrier, Staffordshire bull terrier",0.19341174841447875,1.6429339510939958,0.47941380739212036,0.5205861926078796,0.07734404651135231,4.664914852944567
frame_007,frame_002,7,2,10,-5,False,True,86,partridge,0.07924246388130926,2.535242963726696,0.4395156502723694,0.5604843497276306,0.04312478767487878,4.905676821504427
frame_007,frame_003,7,3,10,-4,False,False,86,partridge,0.6505952907097935,0.4298675033493575,0.7204797267913818,0.27952027320861816,0.05822882057523166,4.730801222078731
frame_007,frame_004,7,4,10,-3,False,False,179,"Staffordshire bullterrier, Staffordshire bull terrier",0.08990158621946841,2.409039693394721,0.4511691927909851,0.5488308072090149,0.056775159681501104,4.959503546673194
frame_007,frame_005,7,5,10,-2,False,False,359,"black-footed ferret, ferret, Mustela nigripes",0.3258567716103659,1.1212973450467576,0.5600395202636719,0.4399604797363281,0.07405591183155658,4.907829187353087
frame_007,frame_006,7,6,10,-1,False,False,735,poncho,0.3153688322974792,1.1540124289383362,0.5591838359832764,0.44081616401672363,0.0848182589407752,4.656895177428586
frame_007,frame_008,7,8,10,1,True,False,285,Egyptian cat,0.9983422915093401,0.0016590840097299164,0.9977468252182007,0.0022531747817993164,0.03838773026395888,4.829442898575611
frame_007,frame_009,7,9,10,2,False,False,285,Egyptian cat,0.9908343413457807,0.009207921747781178,0.9884383082389832,0.011561691761016846,0.055716411270706506,4.8377651956986405
frame_007,frame_010,7,10,10,3,False,False,285,Egyptian cat,0.7750272904812815,0.2548570367245375,0.8198966383934021,0.1801033616065979,0.06500842330361055,4.6349536950935715
frame_007,frame_011,7,11,10,4,False,False,285,Egyptian cat,0.9927004897722851,0.0073262820126679395,0.9914448261260986,0.008555173873901367,0.06302030396279004,4.528727889978768
frame_007,frame_012,7,12,10,5,False,False,285,Egyptian cat,0.9957637413287515,0.0042452570369415354,0.9949667453765869,0.005033254623413086,0.07495575367389622,4.493216046962843
frame_007,frame_013,7,13,10,6,False,False,285,Egyptian cat,0.9861438344768446,0.01395305826711657,0.9849602580070496,0.01503974199295044,0.09470424402367074,4.389808549979406
frame_007,frame_014,7,14,10,7,False,False,285,Egyptian cat,0.9592124693166382,0.04164267564874269,0.9606310129165649,0.03936898708343506,0.08640323351404133,4.413281412835419
frame_007,frame_015,7,15,10,8,False,False,285,Egyptian cat,0.9055422932904367,0.09922129563683724,0.9173482656478882,0.08265173435211182,0.07509389622472376,4.46771270800216
frame_007,frame_000,7,0,20,-7,False,False,198,standard schnauzer,0.2167652532574265,1.5289402932142373,0.5381695032119751,0.4618304967880249,0.037831362582955906,5.22959154623818
frame_007,frame_001,7,1,20,-6,False,False,179,"Staffordshire bullterrier, Staffordshire bull terrier",0.34809961673095474,1.0552665851967928,0.5549149513244629,0.4450850486755371,0.04472405031825433,5.080112792615939
frame_007,frame_002,7,2,20,-5,False,True,452,"bonnet, poke bonnet",0.09751649791252708,2.3277337059333725,0.39947032928466797,0.600529670715332,0.039892543129185554,5.046408187525529
frame_007,frame_003,7,3,20,-4,False,False,452,"bonnet, poke bonnet",0.13718925061807521,1.9863939150244958,0.4539071321487427,0.5460928678512573,0.07900951665580976,4.815144352383548
frame_007,frame_004,7,4,20,-3,False,False,237,miniature pinscher,0.11928493027518894,2.1262402757515204,0.46534234285354614,0.5346576571464539,0.03820332074246936,5.026848065850437
frame_007,frame_005,7,5,20,-2,False,False,240,Appenzeller,0.10668264259665633,2.2378968087278786,0.4267544150352478,0.5732455849647522,0.03748419512316473,5.140957818587237
frame_007,frame_006,7,6,20,-1,False,False,703,park bench,0.11443577502051339,2.1677415302119627,0.47908276319503784,0.5209172368049622,0.03424388060183423,5.153118070763956
frame_007,frame_008,7,8,20,1,True,False,285,Egyptian cat,0.9988088373017521,0.0011918726964063042,0.9980785846710205,0.0019214153289794922,0.029265731966850558,5.429024612980189
frame_007,frame_009,7,9,20,2,False,False,285,Egyptian cat,0.9897294398172327,0.010323666318776237,0.9875651001930237,0.012434899806976318,0.02154225677473685,5.397183470950897
frame_007,frame_010,7,10,20,3,False,False,285,Egyptian cat,0.6660570700112189,0.4063799214054509,0.7878318428993225,0.2121681571006775,0.04345766185529452,5.230619905505256
frame_007,frame_011,7,11,20,4,False,False,285,Egyptian cat,0.9968313350160349,0.0031736958330499387,0.9953821301460266,0.004617869853973389,0.04961107622963304,5.184514388712973
frame_007,frame_012,7,12,20,5,False,False,285,Egyptian cat,0.9978700213539433,0.002132250276829617,0.9968751072883606,0.0031248927116394043,0.037517816346367444,5.1437730178586705
frame_007,frame_013,7,13,20,6,False,False,285,Egyptian cat,0.9741864551682043,0.026152561249560335,0.9733821153640747,0.026617884635925293,0.045742426385516975,5.120187809878849
frame_007,frame_014,7,14,20,7,False,False,285,Egyptian cat,0.9249397782930553,0.07802664813715321,0.9295470714569092,0.07045292854309082,0.050146222050894605,5.105667700725524
frame_007,frame_015,7,15,20,8,False,False,285,Egyptian cat,0.9086227283430305,0.0958253112844325,0.9170733094215393,0.0829266905784607,0.058362028447498424,5.03801112547806
frame_007,frame_000,7,0,30,-7,False,False,198,standard schnauzer,0.21914889466251447,1.5180038958785467,0.6094505786895752,0.3905494213104248,0.015041361512674593,5.789787142065586
frame_007,frame_001,7,1,30,-6,False,False,749,"quill, quill pen",0.22991580292827052,1.4700421113053785,0.5759024620056152,0.42409753799438477,0.01642458713533034,5.78639061760126
frame_007,frame_002,7,2,30,-5,False,True,749,"quill, quill pen",0.16170490435381032,1.8219821829034828,0.5112547278404236,0.4887452721595764,0.015571759808287603,5.806832774574998
frame_007,frame_003,7,3,30,-4,False,False,749,"quill, quill pen",0.17655609812872652,1.7341166166847017,0.5644675493240356,0.43553245067596436,0.01715533994219375,5.7797895522776175
frame_007,frame_004,7,4,30,-3,False,False,237,miniature pinscher,0.21517107658779808,1.5363218622003867,0.5203133821487427,0.4796866178512573,0.014179732844686493,5.818385471032768
frame_007,frame_005,7,5,30,-2,False,False,255,Leonberg,0.2203428760308035,1.512570418460462,0.5354921817779541,0.4645078182220459,0.02154457023880445,5.806062039178634
frame_007,frame_006,7,6,30,-1,False,False,187,Yorkshire terrier,0.18859686633595274,1.6681435243187348,0.5936232209205627,0.40637677907943726,0.016414057544140836,5.762256937761239
frame_007,frame_008,7,8,30,1,True,False,285,Egyptian cat,0.9994469670532103,0.0005531859259140237,0.999130368232727,0.0008696317672729492,0.012813278479880317,5.883652326595483
frame_007,frame_009,7,9,30,2,False,False,285,Egyptian cat,0.9881334985810282,0.011937470340873446,0.9870608448982239,0.012939155101776123,0.012511500192736728,5.881153748498709
frame_007,frame_010,7,10,30,3,False,False,285,Egyptian cat,0.7024989646724703,0.35311135155116524,0.8278930187225342,0.17210698127746582,0.01101186497509329,5.798820551515423
frame_007,frame_011,7,11,30,4,False,False,285,Egyptian cat,0.9961973382830535,0.0038099102165762844,0.9947184324264526,0.005281567573547363,0.015079996591329536,5.765227794575908
frame_007,frame_012,7,12,30,5,False,False,285,Egyptian cat,0.9951469478203389,0.0048648664764883165,0.9941042065620422,0.005895793437957764,0.013282528055677019,5.79421734444038
frame_007,frame_013,7,13,30,6,False,False,285,Egyptian cat,0.969101647196429,0.031385773525371086,0.9697583317756653,0.030241668224334717,0.018391510403321723,5.757100524405378
frame_007,frame_014,7,14,30,7,False,False,285,Egyptian cat,0.9433070772949376,0.058363410656565584,0.9469696283340454,0.05303037166595459,0.018335566083400943,5.72651502791044
frame_007,frame_015,7,15,30,8,False,False,285,Egyptian cat,0.9360606150364864,0.06607504494699512,0.9411917328834534,0.05880826711654663,0.015739334587956948,5.754015587908892
frame_007,frame_000,7,0,40,-7,False,False,359,"black-footed ferret, ferret, Mustela nigripes",0.31397885287339145,1.1584296428788008,0.6505299806594849,0.34947001934051514,0.09110341067559165,4.129736161318349
frame_007,frame_001,7,1,40,-6,False,False,281,"tabby, tabby cat",0.10642572445681629,2.240307960085863,0.5505198240280151,0.44948017597198486,0.11124972944002841,4.112942316199897
frame_007,frame_002,7,2,40,-5,False,False,32,"tailed frog, bell toad, ribbed toad, tailed toad, Ascaphus trui",0.637166434208702,0.45072437934455145,0.72383052110672,0.27616947889328003,0.05234927025736542,4.334660648011072
frame_007,frame_003,7,3,40,-4,False,True,452,"bonnet, poke bonnet",0.25326232184106834,1.3733294821857456,0.5361505150794983,0.4638494849205017,0.09221684112905087,4.052654857797709
frame_007,frame_004,7,4,40,-3,False,False,159,Rhodesian ridgeback,0.24572640149095465,1.4035365510521505,0.5584396123886108,0.44156038761138916,0.11258413559889185,3.8879204575694275
frame_007,frame_005,7,5,40,-2,False,False,255,Leonberg,0.17985725539193825,1.7155917683034119,0.5430154800415039,0.4569845199584961,0.11704241176495905,3.90470347305706
frame_007,frame_006,7,6,40,-1,False,False,32,"tailed frog, bell toad, ribbed toad, tailed toad, Ascaphus trui",0.46446316293146966,0.7668730286492025,0.6848572492599487,0.31514275074005127,0.1141254950089913,3.7073642256618617
frame_007,frame_008,7,8,40,1,True,False,285,Egyptian cat,0.9999111748564928,8.882908869378703e-05,0.999836266040802,0.00016373395919799805,0.05353311441839437,4.3343325441175455
frame_007,frame_009,7,9,40,2,False,False,285,Egyptian cat,0.9973666745062049,0.0026367987942670368,0.9968904256820679,0.003109574317932129,0.05416453300580454,4.3737123468673005
frame_007,frame_010,7,10,40,3,False,False,285,Egyptian cat,0.8806338632152141,0.12711333169258587,0.9265038967132568,0.07349610328674316,0.08157106104679691,4.115778255466948
frame_007,frame_011,7,11,40,4,False,False,285,Egyptian cat,0.9989997200969949,0.0010007805168110728,0.9986549019813538,0.0013450980186462402,0.05917532991358648,4.137731159913683
frame_007,frame_012,7,12,40,5,False,False,285,Egyptian cat,0.9991511313602377,0.0008492291327679702,0.9989095330238342,0.0010904669761657715,0.07013574901415992,4.100939910962405
frame_007,frame_013,7,13,40,6,False,False,285,Egyptian cat,0.9962999861193003,0.003706875863575654,0.9955837726593018,0.004416227340698242,0.0990393401645704,3.931559041558615
frame_007,frame_014,7,14,40,7,False,False,285,Egyptian cat,0.9888182266404848,0.011244759357492917,0.988090991973877,0.011909008026123047,0.08468732981524094,3.9555431543740065
frame_007,frame_015,7,15,40,8,False,False,285,Egyptian cat,0.9746514968466734,0.02567531101249987,0.9751741886138916,0.0248258113861084,0.09610145499980768,4.08264170384014
frame_007,frame_000,7,0,50,-7,False,False,359,"black-footed ferret, ferret, Mustela nigripes",0.7112873656126041,0.3406787597895615,0.8075382709503174,0.19246172904968262,0.04250477280430655,4.9580821245950535
frame_007,frame_001,7,1,50,-6,False,False,359,"black-footed ferret, ferret, Mustela nigripes",0.1897769356385125,1.6619059194816703,0.6113784313201904,0.38862156867980957,0.04609702481548086,4.963660359318583
frame_007,frame_002,7,2,50,-5,False,False,32,"tailed frog, bell toad, ribbed toad, tailed toad, Ascaphus trui",0.24763942737025169,1.3957815126813333,0.5630105137825012,0.4369894862174988,0.05604913857922462,4.892996440417929
frame_007,frame_003,7,3,50,-4,False,False,452,"bonnet, poke bonnet",0.36729675048674926,1.0015851732232868,0.5991365909576416,0.4008634090423584,0.05659177629083058,4.650243865021705
frame_007,frame_004,7,4,50,-3,False,True,106,wombat,0.2834766853523643,1.2606253978121096,0.5615552663803101,0.43844473361968994,0.05598678472405984,4.7273240190396955
frame_007,frame_005,7,5,50,-2,False,False,255,Leonberg,0.35593751340431634,1.033000087681451,0.6171365976333618,0.3828634023666382,0.07905656012178408,4.719795256308419
frame_007,frame_006,7,6,50,-1,False,False,359,"black-footed ferret, ferret, Mustela nigripes",0.35460302754000034,1.036756347476615,0.6387323141098022,0.36126768589019775,0.04950624712439693,4.68713267709663
frame_007,frame_008,7,8,50,1,True,False,285,Egyptian cat,0.9999670671450581,3.293339724019795e-05,0.9999382495880127,6.175041198730469e-05,0.04472569379944121,5.106809413262699
frame_007,frame_009,7,9,50,2,False,False,285,Egyptian cat,0.9993443894676697,0.0006558255388942058,0.9990822076797485,0.0009177923202514648,0.03681871996655018,5.219245813471373
frame_007,frame_010,7,10,50,3,False,False,285,Egyptian cat,0.9088304024665833,0.09559677815646772,0.9408591985702515,0.059140801429748535,0.07141047012603588,4.8562900455071505
frame_007,frame_011,7,11,50,4,False,False,285,Egyptian cat,0.9997179201179066,0.00028211967410651795,0.999549150466919,0.0004508495330810547,0.06345085184496795,4.7516691496547745
frame_007,frame_012,7,12,50,5,False,False,285,Egyptian cat,0.9996655376202674,0.0003345183247489558,0.999516487121582,0.00048351287841796875,0.05135043684562905,4.783221365759507
frame_007,frame_013,7,13,50,6,False,False,285,Egyptian cat,0.9951208438678264,0.004891098074691236,0.9941160082817078,0.005883991718292236,0.04575378158856766,4.78909506276899
frame_007,frame_014,7,14,50,7,False,False,285,Egyptian cat,0.9869806481515863,0.013104846476851506,0.9865276217460632,0.013472378253936768,0.05611552716306566,4.736729577144604
frame_007,frame_015,7,15,50,8,False,False,285,Egyptian cat,0.9336466154563402,0.0686572683904636,0.9492235779762268,0.05077642202377319,0.03981639445628336,4.835866685669357
frame_008,frame_000,8,0,5,-8,False,False,359,"black-footed ferret, ferret, Mustela nigripes",0.3789808661243953,0.9702695603340361,0.601797878742218,0.398202121257782,0.02660111334300158,5.514794138502001
frame_008,frame_001,8,1,5,-7,False,False,359,"black-footed ferret, ferret, Mustela nigripes",0.23385739431658306,1.4530437753974486,0.5471526384353638,0.45284736156463623,0.021421069411637204,5.530457235496448
frame_008,frame_002,8,2,5,-6,False,False,452,"bonnet, poke bonnet",0.21241509519128746,1.5492129225008506,0.5305840373039246,0.46941596269607544,0.021063117539060268,5.573012804251678
frame_008,frame_003,8,3,5,-5,False,False,452,"bonnet, poke bonnet",0.42350864493434687,0.8591813520302565,0.6070246696472168,0.3929753303527832,0.027295483521321343,5.494344085931809
frame_008,frame_004,8,4,5,-4,False,False,452,"bonnet, poke bonnet",0.2460023511613723,1.4024141855288934,0.5142706632614136,0.4857293367385864,0.032777756256522,5.52678812374853
frame_008,frame_005,8,5,5,-3,False,True,411,apron,0.09575743003612179,2.345937055643495,0.48953211307525635,0.5104678869247437,0.03480288785867654,5.572945199374591
frame_008,frame_006,8,6,5,-2,False,False,359,"black-footed ferret, ferret, Mustela nigripes",0.19767809991887428,1.6211153292516887,0.5310007333755493,0.4689992666244507,0.037521153830665,5.429011688889881
frame_008,frame_007,8,7,5,-1,False,False,452,"bonnet, poke bonnet",0.44331995157814924,0.8134635313001954,0.6498110294342041,0.3501889705657959,0.02377293506384316,5.547980040726947
frame_008,frame_009,8,9,5,1,False,False,452,"bonnet, poke bonnet",0.4715944427477647,0.7516358942141257,0.6695315837860107,0.33046841621398926,0.02845049452882961,5.5620183103724035
frame_008,frame_010,8,10,5,2,False,False,359,"black-footed ferret, ferret, Mustela nigripes",0.19242948987383107,1.6480254787232447,0.5576224327087402,0.44237756729125977,0.02225659434914675,5.467443684847391
frame_008,frame_011,8,11,5,3,False,False,285,Egyptian cat,0.4738782610246267,0.7468048235557543,0.6628512144088745,0.3371487855911255,0.017992241817990594,5.433255644549289
frame_008,frame_012,8,12,5,4,True,False,285,Egyptian cat,0.5649142611741608,0.5710813094851415,0.7071616649627686,0.29283833503723145,0.0218342578217248,5.469029155847588
frame_008,frame_013,8,13,5,5,False,False,285,Egyptian cat,0.31342014997011164,1.1602106563915155,0.590308666229248,0.40969133377075195,0.021416036752279675,5.457006416502392
frame_008,frame_014,8,14,5,6,False,False,452,"bonnet, poke bonnet",0.23302859013760355,1.456594128490778,0.5613734722137451,0.4386265277862549,0.02098555670959011,5.455412223776059
frame_008,frame_015,8,15,5,7,False,False,359,"black-footed ferret, ferret, Mustela nigripes",0.24221995725738119,1.41790905135122,0.5859725475311279,0.41402745246887207,0.021451504890594147,5.436139056103396
frame_008,frame_000,8,0,10,-8,False,False,359,"black-footed ferret, ferret, Mustela nigripes",0.2095988355838609,1.5625598819711923,0.5145654082298279,0.4854345917701721,0.038171686374637775,5.074359589419677
frame_008,frame_001,8,1,10,-7,False,False,179,"Staffordshire bullterrier, Staffordshire bull terrier",0.19341174841447875,1.6429339510939958,0.47941380739212036,0.5205861926078796,0.07575394809603751,4.854683608433399
frame_008,frame_002,8,2,10,-6,False,True,86,partridge,0.07924246388130926,2.535242963726696,0.4395156502723694,0.5604843497276306,0.03427266738743974,5.167811998413576
frame_008,frame_003,8,3,10,-5,False,False,86,partridge,0.6505952907097935,0.4298675033493575,0.7204797267913818,0.27952027320861816,0.05057431098691743,5.038731084494351
frame_008,frame_004,8,4,10,-4,False,False,179,"Staffordshire bullterrier, Staffordshire bull terrier",0.08990158621946841,2.409039693394721,0.4511691927909851,0.5488308072090149,0.031141276542928326,5.243515189937176
frame_008,frame_005,8,5,10,-3,False,False,359,"black-footed ferret, ferret, Mustela nigripes",0.3258567716103659,1.1212973450467576,0.5600395202636719,0.4399604797363281,0.05540560114505082,5.232669027817142
frame_008,frame_006,8,6,10,-2,False,False,735,poncho,0.3153688322974792,1.1540124289383362,0.5591838359832764,0.44081616401672363,0.07695040039740804,4.969729881957247
frame_008,frame_007,8,7,10,-1,False,False,452,"bonnet, poke bonnet",0.2554848175949607,1.3645922934328754,0.5537025928497314,0.44629740715026855,0.0526706281988757,5.0496490020222815
frame_008,frame_009,8,9,10,1,False,False,285,Egyptian cat,0.9908343413457807,0.009207921747781178,0.9884383082389832,0.011561691761016846,0.04896269672329187,5.030499874397536
frame_008,frame_010,8,10,10,2,False,False,285,Egyptian cat,0.7750272904812815,0.2548570367245375,0.8198966383934021,0.1801033616065979,0.05661672716881284,4.8609325628162035
frame_008,frame_011,8,11,10,3,False,False,285,Egyptian cat,0.9927004897722851,0.0073262820126679395,0.9914448261260986,0.008555173873901367,0.05820729477856296,4.767929058191032
frame_008,frame_012,8,12,10,4,True,False,285,Egyptian cat,0.9957637413287515,0.0042452570369415354,0.9949667453765869,0.005033254623413086,0.06493835881175289,4.73055991659868
frame_008,frame_013,8,13,10,5,False,False,285,Egyptian cat,0.9861438344768446,0.01395305826711657,0.9849602580070496,0.01503974199295044,0.09806455863963223,4.601790255183936
frame_008,frame_014,8,14,10,6,False,False,285,Egyptian cat,0.9592124693166382,0.04164267564874269,0.9606310129165649,0.03936898708343506,0.09206225752735635,4.600243926299916
frame_008,frame_015,8,15,10,7,False,False,285,Egyptian cat,0.9055422932904367,0.09922129563683724,0.9173482656478882,0.08265173435211182,0.06986785202722999,4.639176084930714
frame_008,frame_000,8,0,20,-8,False,False,198,standard schnauzer,0.2167652532574265,1.5289402932142373,0.5381695032119751,0.4618304967880249,0.05057085194809368,5.104434938813986
frame_008,frame_001,8,1,20,-7,False,False,179,"Staffordshire bullterrier, Staffordshire bull terrier",0.34809961673095474,1.0552665851967928,0.5549149513244629,0.4450850486755371,0.05216768048335466,4.913455814910187
frame_008,frame_002,8,2,20,-6,False,True,452,"bonnet, poke bonnet",0.09751649791252708,2.3277337059333725,0.39947032928466797,0.600529670715332,0.051499014276119984,4.901225666990509
frame_008,frame_003,8,3,20,-5,False,False,452,"bonnet, poke bonnet",0.13718925061807521,1.9863939150244958,0.4539071321487427,0.5460928678512573,0.06027063008034886,4.739836535940662
frame_008,frame_004,8,4,20,-4,False,False,237,miniature pinscher,0.11928493027518894,2.1262402757515204,0.46534234285354614,0.5346576571464539,0.04328147305065974,4.926417153038285
frame_008,frame_005,8,5,20,-3,False,False,240,Appenzeller,0.10668264259665633,2.2378968087278786,0.4267544150352478,0.5732455849647522,0.049162124137891186,5.042474603520554
frame_008,frame_006,8,6,20,-2,False,False,703,park bench,0.11443577502051339,2.1677415302119627,0.47908276319503784,0.5209172368049622,0.04435283750521311,5.052028145702371
frame_008,frame_007,8,7,20,-1,False,False,452,"bonnet, poke bonnet",0.20130409679728967,1.6029385948430885,0.5207684636116028,0.4792315363883972,0.039544109139339575,5.11979474100085
frame_008,frame_009,8,9,20,1,False,False,285,Egyptian cat,0.9897294398172327,0.010323666318776237,0.9875651001930237,0.012434899806976318,0.025752213075540202,5.338394870342607
frame_008,frame_010,8,10,20,2,False,False,285,Egyptian cat,0.6660570700112189,0.4063799214054509,0.7878318428993225,0.2121681571006775,0.04980622977385274,5.12348917791916
frame_008,frame_011,8,11,20,3,False,False,285,Egyptian cat,0.9968313350160349,0.0031736958330499387,0.9953821301460266,0.004617869853973389,0.055961795673945415,5.053521753538246
frame_008,frame_012,8,12,20,4,True,False,285,Egyptian cat,0.9978700213539433,0.002132250276829617,0.9968751072883606,0.0031248927116394043,0.043270003510690803,4.991389141109815
frame_008,frame_013,8,13,20,5,False,False,285,Egyptian cat,0.9741864551682043,0.026152561249560335,0.9733821153640747,0.026617884635925293,0.049064527335049686,5.005942793568009
frame_008,frame_014,8,14,20,6,False,False,285,Egyptian cat,0.9249397782930553,0.07802664813715321,0.9295470714569092,0.07045292854309082,0.05903775037679657,4.9341656720693035
frame_008,frame_015,8,15,20,7,False,False,285,Egyptian cat,0.9086227283430305,0.0958253112844325,0.9170733094215393,0.0829266905784607,0.05278758752537926,4.870619122416586
frame_008,frame_000,8,0,30,-8,False,False,198,standard schnauzer,0.21914889466251447,1.5180038958785467,0.6094505786895752,0.3905494213104248,0.015769470280437348,5.858070414373637
frame_008,frame_001,8,1,30,-7,False,False,749,"quill, quill pen",0.22991580292827052,1.4700421113053785,0.5759024620056152,0.42409753799438477,0.01536589323043465,5.852016467798663
frame_008,frame_002,8,2,30,-6,False,True,749,"quill, quill pen",0.16170490435381032,1.8219821829034828,0.5112547278404236,0.4887452721595764,0.013040610415308925,5.864037964066245
frame_008,frame_003,8,3,30,-5,False,False,749,"quill, quill pen",0.17655609812872652,1.7341166166847017,0.5644675493240356,0.43553245067596436,0.01639678871684444,5.835677234003931
frame_008,frame_004,8,4,30,-4,False,False,237,miniature pinscher,0.21517107658779808,1.5363218622003867,0.5203133821487427,0.4796866178512573,0.015810459681217266,5.873985049355741
frame_008,frame_005,8,5,30,-3,False,False,255,Leonberg,0.2203428760308035,1.512570418460462,0.5354921817779541,0.4645078182220459,0.019286692168166808,5.8599627532684035
frame_008,frame_006,8,6,30,-2,False,False,187,Yorkshire terrier,0.18859686633595274,1.6681435243187348,0.5936232209205627,0.40637677907943726,0.02074588342741423,5.819661196751941
frame_008,frame_007,8,7,30,-1,False,False,187,Yorkshire terrier,0.3134099448894993,1.1602432173061779,0.7024943828582764,0.29750561714172363,0.011868315609496048,5.894182700625057
frame_008,frame_009,8,9,30,1,False,False,285,Egyptian cat,0.9881334985810282,0.011937470340873446,0.9870608448982239,0.012939155101776123,0.012119002873035552,5.924728850793368
frame_008,frame_010,8,10,30,2,False,False,285,Egyptian cat,0.7024989646724703,0.35311135155116524,0.8278930187225342,0.17210698127746582,0.013951679755777047,5.857063902853807
frame_008,frame_011,8,11,30,3,True,False,285,Egyptian cat,0.9961973382830535,0.0038099102165762844,0.9947184324264526,0.005281567573547363,0.01365739027812213,5.838475341616748
frame_008,frame_012,8,12,30,4,False,False,285,Egyptian cat,0.9951469478203389,0.0048648664764883165,0.9941042065620422,0.005895793437957764,0.013591576405244958,5.8669306459214345
frame_008,frame_013,8,13,30,5,False,False,285,Egyptian cat,0.969101647196429,0.031385773525371086,0.9697583317756653,0.030241668224334717,0.013062831937923677,5.833691757709464
frame_008,frame_014,8,14,30,6,False,False,285,Egyptian cat,0.9433070772949376,0.058363410656565584,0.9469696283340454,0.05303037166595459,0.014741147974465027,5.8093929488189655
frame_008,frame_015,8,15,30,7,False,False,285,Egyptian cat,0.9360606150364864,0.06607504494699512,0.9411917328834534,0.05880826711654663,0.012967499108688671,5.821132009657391
frame_008,frame_000,8,0,40,-8,False,False,359,"black-footed ferret, ferret, Mustela nigripes",0.31397885287339145,1.1584296428788008,0.6505299806594849,0.34947001934051514,0.09337150502881636,4.21322923024454
frame_008,frame_001,8,1,40,-7,False,False,281,"tabby, tabby cat",0.10642572445681629,2.240307960085863,0.5505198240280151,0.44948017597198486,0.11140941850244054,4.165184568031071
frame_008,frame_002,8,2,40,-6,False,False,32,"tailed frog, bell toad, ribbed toad, tailed toad, Ascaphus trui",0.637166434208702,0.45072437934455145,0.72383052110672,0.27616947889328003,0.06736847817553196,4.426817997661635
frame_008,frame_003,8,3,40,-5,False,True,452,"bonnet, poke bonnet",0.25326232184106834,1.3733294821857456,0.5361505150794983,0.4638494849205017,0.0936963795952602,4.25081387168718
frame_008,frame_004,8,4,40,-4,False,False,159,Rhodesian ridgeback,0.24572640149095465,1.4035365510521505,0.5584396123886108,0.44156038761138916,0.09780935197271341,4.143241478338905
frame_008,frame_005,8,5,40,-3,False,False,255,Leonberg,0.17985725539193825,1.7155917683034119,0.5430154800415039,0.4569845199584961,0.10570181186475842,4.16165142874891
frame_008,frame_006,8,6,40,-2,False,False,32,"tailed frog, bell toad, ribbed toad, tailed toad, Ascaphus trui",0.46446316293146966,0.7668730286492025,0.6848572492599487,0.31514275074005127,0.11784558723926634,3.8327292473479084
frame_008,frame_007,8,7,40,-1,False,False,187,Yorkshire terrier,0.4049646156274907,0.9039555845134863,0.7023158073425293,0.2976841926574707,0.08819777738591826,4.164426860855221
frame_008,frame_009,8,9,40,1,False,False,285,Egyptian cat,0.9973666745062049,0.0026367987942670368,0.9968904256820679,0.003109574317932129,0.06591232137935496,4.327348640621334
frame_008,frame_010,8,10,40,2,False,False,285,Egyptian cat,0.8806338632152141,0.12711333169258587,0.9265038967132568,0.07349610328674316,0.06367532299538407,4.149613492111057
frame_008,frame_011,8,11,40,3,False,False,285,Egyptian cat,0.9989997200969949,0.0010007805168110728,0.9986549019813538,0.0013450980186462402,0.06548736247384969,4.183674906529709
frame_008,frame_012,8,12,40,4,True,False,285,Egyptian cat,0.9991511313602377,0.0008492291327679702,0.9989095330238342,0.0010904669761657715,0.06478841683700028,4.154495618592839
frame_008,frame_013,8,13,40,5,False,False,285,Egyptian cat,0.9962999861193003,0.003706875863575654,0.9955837726593018,0.004416227340698242,0.09176599793827879,3.9597565443784344
frame_008,frame_014,8,14,40,6,False,False,285,Egyptian cat,0.9888182266404848,0.011244759357492917,0.988090991973877,0.011909008026123047,0.08334469084461141,3.999806236625421
frame_008,frame_015,8,15,40,7,False,False,285,Egyptian cat,0.9746514968466734,0.02567531101249987,0.9751741886138916,0.0248258113861084,0.0981636577180284,4.073978104496861
frame_008,frame_000,8,0,50,-8,False,False,359,"black-footed ferret, ferret, Mustela nigripes",0.7112873656126041,0.3406787597895615,0.8075382709503174,0.19246172904968262,0.04063306007726264,4.8985669181592275
frame_008,frame_001,8,1,50,-7,False,False,359,"black-footed ferret, ferret, Mustela nigripes",0.1897769356385125,1.6619059194816703,0.6113784313201904,0.38862156867980957,0.05419389890382119,4.854909482181789
frame_008,frame_002,8,2,50,-6,False,False,32,"tailed frog, bell toad, ribbed toad, tailed toad, Ascaphus trui",0.24763942737025169,1.3957815126813333,0.5630105137825012,0.4369894862174988,0.08048495852614361,4.811228725285221
frame_008,frame_003,8,3,50,-5,False,False,452,"bonnet, poke bonnet",0.36729675048674926,1.0015851732232868,0.5991365909576416,0.4008634090423584,0.05266148344861529,4.644205826174804
frame_008,frame_004,8,4,50,-4,False,True,106,wombat,0.2834766853523643,1.2606253978121096,0.5615552663803101,0.43844473361968994,0.062467124904193275,4.700741577397426
frame_008,frame_005,8,5,50,-3,False,False,255,Leonberg,0.35593751340431634,1.033000087681451,0.6171365976333618,0.3828634023666382,0.08026340735055341,4.770580446038833
frame_008,frame_006,8,6,50,-2,False,False,359,"black-footed ferret, ferret, Mustela nigripes",0.35460302754000034,1.036756347476615,0.6387323141098022,0.36126768589019775,0.05169832329545472,4.695993946084375
frame_008,frame_007,8,7,50,-1,False,False,187,Yorkshire terrier,0.31459349910086487,1.1564739525865146,0.6784020662307739,0.3215979337692261,0.05932164242543664,4.895401444834818
frame_008,frame_009,8,9,50,1,False,False,285,Egyptian cat,0.9993443894676697,0.0006558255388942058,0.9990822076797485,0.0009177923202514648,0.03063861093051164,5.143333151576487
frame_008,frame_010,8,10,50,2,False,False,285,Egyptian cat,0.9088304024665833,0.09559677815646772,0.9408591985702515,0.059140801429748535,0.06396668310451213,4.782327602972904
frame_008,frame_011,8,11,50,3,True,False,285,Egyptian cat,0.9997179201179066,0.00028211967410651795,0.999549150466919,0.0004508495330810547,0.05414271700621367,4.6521511236411985
frame_008,frame_012,8,12,50,4,False,False,285,Egyptian cat,0.9996655376202674,0.0003345183247489558,0.999516487121582,0.00048351287841796875,0.05478489273454381,4.671072848184165
frame_008,frame_013,8,13,50,5,False,False,285,Egyptian cat,0.9951208438678264,0.004891098074691236,0.9941160082817078,0.005883991718292236,0.050478318999472256,4.690819853379789
frame_008,frame_014,8,14,50,6,False,False,285,Egyptian cat,0.9869806481515863,0.013104846476851506,0.9865276217460632,0.013472378253936768,0.062311208745422786,4.641174150967771
frame_008,frame_015,8,15,50,7,False,False,285,Egyptian cat,0.9336466154563402,0.0686572683904636,0.9492235779762268,0.05077642202377319,0.04014604842630153,4.715047407714277
frame_009,frame_000,9,0,5,-9,False,False,359,"black-footed ferret, ferret, Mustela nigripes",0.3789808661243953,0.9702695603340361,0.601797878742218,0.398202121257782,0.026912309220366543,5.551670960824131
frame_009,frame_001,9,1,5,-8,False,False,359,"black-footed ferret, ferret, Mustela nigripes",0.23385739431658306,1.4530437753974486,0.5471526384353638,0.45284736156463623,0.02136875177734718,5.571463513437524
frame_009,frame_002,9,2,5,-7,False,False,452,"bonnet, poke bonnet",0.21241509519128746,1.5492129225008506,0.5305840373039246,0.46941596269607544,0.02005170621961194,5.609619528976177
frame_009,frame_003,9,3,5,-6,False,False,452,"bonnet, poke bonnet",0.42350864493434687,0.8591813520302565,0.6070246696472168,0.3929753303527832,0.026006872027406713,5.542108791908639
frame_009,frame_004,9,4,5,-5,False,False,452,"bonnet, poke bonnet",0.2460023511613723,1.4024141855288934,0.5142706632614136,0.4857293367385864,0.031214391702304462,5.575484556211644
frame_009,frame_005,9,5,5,-4,False,True,411,apron,0.09575743003612179,2.345937055643495,0.48953211307525635,0.5104678869247437,0.03327132376748525,5.611236009161207
frame_009,frame_006,9,6,5,-3,False,False,359,"black-footed ferret, ferret, Mustela nigripes",0.19767809991887428,1.6211153292516887,0.5310007333755493,0.4689992666244507,0.03550801000189623,5.480079525733394
frame_009,frame_007,9,7,5,-2,False,False,452,"bonnet, poke bonnet",0.44331995157814924,0.8134635313001954,0.6498110294342041,0.3501889705657959,0.022408865508785958,5.581470762238656
frame_009,frame_008,9,8,5,-1,False,False,285,Egyptian cat,0.5191619695251346,0.6555393644931922,0.6891446113586426,0.3108553886413574,0.013011607348095368,5.620305230345814
frame_009,frame_010,9,10,5,1,False,False,359,"black-footed ferret, ferret, Mustela nigripes",0.19242948987383107,1.6480254787232447,0.5576224327087402,0.44237756729125977,0.021586559744927642,5.499262867982753
frame_009,frame_011,9,11,5,2,False,False,285,Egyptian cat,0.4738782610246267,0.7468048235557543,0.6628512144088745,0.3371487855911255,0.018286272737592264,5.476243426863526
frame_009,frame_012,9,12,5,3,True,False,285,Egyptian cat,0.5649142611741608,0.5710813094851415,0.7071616649627686,0.29283833503723145,0.023497136269566347,5.5085568987554865
frame_009,frame_013,9,13,5,4,False,False,285,Egyptian cat,0.31342014997011164,1.1602106563915155,0.590308666229248,0.40969133377075195,0.022043004770728288,5.498797317391842
frame_009,frame_014,9,14,5,5,False,False,452,"bonnet, poke bonnet",0.23302859013760355,1.456594128490778,0.5613734722137451,0.4386265277862549,0.019232703445323133,5.505394262337951
frame_009,frame_015,9,15,5,6,False,False,359,"black-footed ferret, ferret, Mustela nigripes",0.24221995725738119,1.41790905135122,0.5859725475311279,0.41402745246887207,0.022249888262851545,5.488666287248828
frame_009,frame_000,9,0,10,-9,False,False,359,"black-footed ferret, ferret, Mustela nigripes",0.2095988355838609,1.5625598819711923,0.5145654082298279,0.4854345917701721,0.03758253510348687,5.041127786633208
frame_009,frame_001,9,1,10,-8,False,False,179,"Staffordshire bullterrier, Staffordshire bull terrier",0.19341174841447875,1.6429339510939958,0.47941380739212036,0.5205861926078796,0.07406308554499634,4.823930993267181
frame_009,frame_002,9,2,10,-7,False,True,86,partridge,0.07924246388130926,2.535242963726696,0.4395156502723694,0.5604843497276306,0.03749482309802826,5.083283664560534
frame_009,frame_003,9,3,10,-6,False,False,86,partridge,0.6505952907097935,0.4298675033493575,0.7204797267913818,0.27952027320861816,0.051661145066181004,4.973092701851027
frame_009,frame_004,9,4,10,-5,False,False,179,"Staffordshire bullterrier, Staffordshire bull terrier",0.08990158621946841,2.409039693394721,0.4511691927909851,0.5488308072090149,0.03546124277098765,5.191882703918368
frame_009,frame_005,9,5,10,-4,False,False,359,"black-footed ferret, ferret, Mustela nigripes",0.3258567716103659,1.1212973450467576,0.5600395202636719,0.4399604797363281,0.06647866147900724,5.150164410205507
frame_009,frame_006,9,6,10,-3,False,False,735,poncho,0.3153688322974792,1.1540124289383362,0.5591838359832764,0.44081616401672363,0.08109999486357189,4.933416002788821
frame_009,frame_007,9,7,10,-2,False,False,452,"bonnet, poke bonnet",0.2554848175949607,1.3645922934328754,0.5537025928497314,0.44629740715026855,0.053009771011600364,4.998933902852914
frame_009,frame_008,9,8,10,-1,True,False,285,Egyptian cat,0.9983422915093401,0.0016590840097299164,0.9977468252182007,0.0022531747817993164,0.03628953200758102,4.969489741548866
frame_009,frame_010,9,10,10,1,False,False,285,Egyptian cat,0.7750272904812815,0.2548570367245375,0.8198966383934021,0.1801033616065979,0.058838267464378785,4.807793411692503
frame_009,frame_011,9,11,10,2,False,False,285,Egyptian cat,0.9927004897722851,0.0073262820126679395,0.9914448261260986,0.008555173873901367,0.05936575353742107,4.694282983955558
frame_009,frame_012,9,12,10,3,False,False,285,Egyptian cat,0.9957637413287515,0.0042452570369415354,0.9949667453765869,0.005033254623413086,0.06637841422248132,4.660301620645608
frame_009,frame_013,9,13,10,4,False,False,285,Egyptian cat,0.9861438344768446,0.01395305826711657,0.9849602580070496,0.01503974199295044,0.10202665071733562,4.532120726263844
frame_009,frame_014,9,14,10,5,False,False,285,Egyptian cat,0.9592124693166382,0.04164267564874269,0.9606310129165649,0.03936898708343506,0.09716660533568353,4.545061044964931
frame_009,frame_015,9,15,10,6,False,False,285,Egyptian cat,0.9055422932904367,0.09922129563683724,0.9173482656478882,0.08265173435211182,0.08093715218861158,4.5783568710086495
frame_009,frame_000,9,0,20,-9,False,False,198,standard schnauzer,0.2167652532574265,1.5289402932142373,0.5381695032119751,0.4618304967880249,0.05182773945668712,5.0532411610904475
frame_009,frame_001,9,1,20,-8,False,False,179,"Staffordshire bullterrier, Staffordshire bull terrier",0.34809961673095474,1.0552665851967928,0.5549149513244629,0.4450850486755371,0.054746258953986625,4.858271763070427
frame_009,frame_002,9,2,20,-7,False,True,452,"bonnet, poke bonnet",0.09751649791252708,2.3277337059333725,0.39947032928466797,0.600529670715332,0.05579630631977285,4.827241006665386
frame_009,frame_003,9,3,20,-6,False,False,452,"bonnet, poke bonnet",0.13718925061807521,1.9863939150244958,0.4539071321487427,0.5460928678512573,0.06570354217664058,4.6678487026679045
frame_009,frame_004,9,4,20,-5,False,False,237,miniature pinscher,0.11928493027518894,2.1262402757515204,0.46534234285354614,0.5346576571464539,0.047331658809132114,4.867551197002938
frame_009,frame_005,9,5,20,-4,False,False,240,Appenzeller,0.10668264259665633,2.2378968087278786,0.4267544150352478,0.5732455849647522,0.05001492350629941,5.003194595608866
frame_009,frame_006,9,6,20,-3,False,False,703,park bench,0.11443577502051339,2.1677415302119627,0.47908276319503784,0.5209172368049622,0.04290994272446863,5.023092100940618
frame_009,frame_007,9,7,20,-2,False,False,452,"bonnet, poke bonnet",0.20130409679728967,1.6029385948430885,0.5207684636116028,0.4792315363883972,0.03977413469606184,5.095159016266012
frame_009,frame_008,9,8,20,-1,True,False,285,Egyptian cat,0.9988088373017521,0.0011918726964063042,0.9980785846710205,0.0019214153289794922,0.03177797810058896,5.330033307047209
frame_009,frame_010,9,10,20,1,False,False,285,Egyptian cat,0.6660570700112189,0.4063799214054509,0.7878318428993225,0.2121681571006775,0.054021510884538756,5.089610356876895
frame_009,frame_011,9,11,20,2,False,False,285,Egyptian cat,0.9968313350160349,0.0031736958330499387,0.9953821301460266,0.004617869853973389,0.0649673632241854,4.985117781577194
frame_009,frame_012,9,12,20,3,False,False,285,Egyptian cat,0.9978700213539433,0.002132250276829617,0.9968751072883606,0.0031248927116394043,0.045678601375245834,4.954337011588329
frame_009,frame_013,9,13,20,4,False,False,285,Egyptian cat,0.9741864551682043,0.026152561249560335,0.9733821153640747,0.026617884635925293,0.053439142911895894,4.95931992750633
frame_009,frame_014,9,14,20,5,False,False,285,Egyptian cat,0.9249397782930553,0.07802664813715321,0.9295470714569092,0.07045292854309082,0.06481994077831199,4.8943653561158555
frame_009,frame_015,9,15,20,6,False,False,285,Egyptian cat,0.9086227283430305,0.0958253112844325,0.9170733094215393,0.0829266905784607,0.05750662102965493,4.83780842956415
frame_009,frame_000,9,0,30,-9,False,False,198,standard schnauzer,0.21914889466251447,1.5180038958785467,0.6094505786895752,0.3905494213104248,0.015275668205213833,5.861042360875921
frame_009,frame_001,9,1,30,-8,False,False,749,"quill, quill pen",0.22991580292827052,1.4700421113053785,0.5759024620056152,0.42409753799438477,0.012664195183700454,5.8554092579286365
frame_009,frame_002,9,2,30,-7,False,True,749,"quill, quill pen",0.16170490435381032,1.8219821829034828,0.5112547278404236,0.4887452721595764,0.014681826252845595,5.863687507352719
frame_009,frame_003,9,3,30,-6,False,False,749,"quill, quill pen",0.17655609812872652,1.7341166166847017,0.5644675493240356,0.43553245067596436,0.01592600179266299,5.83844063159213
frame_009,frame_004,9,4,30,-5,False,False,237,miniature pinscher,0.21517107658779808,1.5363218622003867,0.5203133821487427,0.4796866178512573,0.01891032225482511,5.872101517442668
frame_009,frame_005,9,5,30,-4,False,False,255,Leonberg,0.2203428760308035,1.512570418460462,0.5354921817779541,0.4645078182220459,0.02428141986385158,5.849240180785514
frame_009,frame_006,9,6,30,-3,False,False,187,Yorkshire terrier,0.18859686633595274,1.6681435243187348,0.5936232209205627,0.40637677907943726,0.015771819462435485,5.807746702810188
frame_009,frame_007,9,7,30,-2,False,False,187,Yorkshire terrier,0.3134099448894993,1.1602432173061779,0.7024943828582764,0.29750561714172363,0.01223902859149952,5.885064897280414
frame_009,frame_008,9,8,30,-1,True,False,285,Egyptian cat,0.9994469670532103,0.0005531859259140237,0.999130368232727,0.0008696317672729492,0.011675788863793354,5.924651354773953
frame_009,frame_010,9,10,30,1,False,False,285,Egyptian cat,0.7024989646724703,0.35311135155116524,0.8278930187225342,0.17210698127746582,0.014085918631777206,5.851265126371045
frame_009,frame_011,9,11,30,2,False,False,285,Egyptian cat,0.9961973382830535,0.0038099102165762844,0.9947184324264526,0.005281567573547363,0.012463924482994665,5.837779776448878
frame_009,frame_012,9,12,30,3,False,False,285,Egyptian cat,0.9951469478203389,0.0048648664764883165,0.9941042065620422,0.005895793437957764,0.01275923366407098,5.863215315737796
frame_009,frame_013,9,13,30,4,False,False,285,Egyptian cat,0.969101647196429,0.031385773525371086,0.9697583317756653,0.030241668224334717,0.01508237271055828,5.827808330283787
frame_009,frame_014,9,14,30,5,False,False,285,Egyptian cat,0.9433070772949376,0.058363410656565584,0.9469696283340454,0.05303037166595459,0.016362706092615666,5.8056388783296455
frame_009,frame_015,9,15,30,6,False,False,285,Egyptian cat,0.9360606150364864,0.06607504494699512,0.9411917328834534,0.05880826711654663,0.015533143582416385,5.814722954962127
frame_009,frame_000,9,0,40,-9,False,False,359,"black-footed ferret, ferret, Mustela nigripes",0.31397885287339145,1.1584296428788008,0.6505299806594849,0.34947001934051514,0.07695305277755184,4.338431144314012
frame_009,frame_001,9,1,40,-8,False,False,281,"tabby, tabby cat",0.10642572445681629,2.240307960085863,0.5505198240280151,0.44948017597198486,0.10436960958407018,4.260883590775608
frame_009,frame_002,9,2,40,-7,False,False,32,"tailed frog, bell toad, ribbed toad, tailed toad, Ascaphus trui",0.637166434208702,0.45072437934455145,0.72383052110672,0.27616947889328003,0.061305967043169735,4.445788706393767
frame_009,frame_003,9,3,40,-6,False,True,452,"bonnet, poke bonnet",0.25326232184106834,1.3733294821857456,0.5361505150794983,0.4638494849205017,0.0808475461289935,4.343236076575929
frame_009,frame_004,9,4,40,-5,False,False,159,Rhodesian ridgeback,0.24572640149095465,1.4035365510521505,0.5584396123886108,0.44156038761138916,0.09853429314173504,4.18708296787842
frame_009,frame_005,9,5,40,-4,False,False,255,Leonberg,0.17985725539193825,1.7155917683034119,0.5430154800415039,0.4569845199584961,0.1010359762520761,4.2254437732556305
frame_009,frame_006,9,6,40,-3,False,False,32,"tailed frog, bell toad, ribbed toad, tailed toad, Ascaphus trui",0.46446316293146966,0.7668730286492025,0.6848572492599487,0.31514275074005127,0.10279324671890264,3.9399506899151477
frame_009,frame_007,9,7,40,-2,False,False,187,Yorkshire terrier,0.4049646156274907,0.9039555845134863,0.7023158073425293,0.2976841926574707,0.08403237354016146,4.248446986998323
frame_009,frame_008,9,8,40,-1,True,False,285,Egyptian cat,0.9999111748564928,8.882908869378703e-05,0.999836266040802,0.00016373395919799805,0.05263071147525691,4.360925692007628
frame_009,frame_010,9,10,40,1,False,False,285,Egyptian cat,0.8806338632152141,0.12711333169258587,0.9265038967132568,0.07349610328674316,0.06348744876035539,4.2080783289444215
frame_009,frame_011,9,11,40,2,False,False,285,Egyptian cat,0.9989997200969949,0.0010007805168110728,0.9986549019813538,0.0013450980186462402,0.06565478364287461,4.217470605389796
frame_009,frame_012,9,12,40,3,False,False,285,Egyptian cat,0.9991511313602377,0.0008492291327679702,0.9989095330238342,0.0010904669761657715,0.066393159624687,4.196919956981497
frame_009,frame_013,9,13,40,4,False,False,285,Egyptian cat,0.9962999861193003,0.003706875863575654,0.9955837726593018,0.004416227340698242,0.10038302807494029,4.040445941857691
frame_009,frame_014,9,14,40,5,False,False,285,Egyptian cat,0.9888182266404848,0.011244759357492917,0.988090991973877,0.011909008026123047,0.09085261275959201,4.071486467030816
frame_009,frame_015,9,15,40,6,False,False,285,Egyptian cat,0.9746514968466734,0.02567531101249987,0.9751741886138916,0.0248258113861084,0.08870073413704925,4.165590027503333
frame_009,frame_000,9,0,50,-9,False,False,359,"black-footed ferret, ferret, Mustela nigripes",0.7112873656126041,0.3406787597895615,0.8075382709503174,0.19246172904968262,0.0383078757346323,4.907284850560182
frame_009,frame_001,9,1,50,-8,False,False,359,"black-footed ferret, ferret, Mustela nigripes",0.1897769356385125,1.6619059194816703,0.6113784313201904,0.38862156867980957,0.05589388287976246,4.832326562459461
frame_009,frame_002,9,2,50,-7,False,False,32,"tailed frog, bell toad, ribbed toad, tailed toad, Ascaphus trui",0.24763942737025169,1.3957815126813333,0.5630105137825012,0.4369894862174988,0.07827395424060504,4.797035762673993
frame_009,frame_003,9,3,50,-6,False,False,452,"bonnet, poke bonnet",0.36729675048674926,1.0015851732232868,0.5991365909576416,0.4008634090423584,0.07917447318242639,4.6153979614739065
frame_009,frame_004,9,4,50,-5,False,True,106,wombat,0.2834766853523643,1.2606253978121096,0.5615552663803101,0.43844473361968994,0.06353223294842789,4.769073084737992
frame_009,frame_005,9,5,50,-4,False,False,255,Leonberg,0.35593751340431634,1.033000087681451,0.6171365976333618,0.3828634023666382,0.06545409558709345,4.820119441244223
frame_009,frame_006,9,6,50,-3,False,False,359,"black-footed ferret, ferret, Mustela nigripes",0.35460302754000034,1.036756347476615,0.6387323141098022,0.36126768589019775,0.05098693173329372,4.732446264500325
frame_009,frame_007,9,7,50,-2,False,False,187,Yorkshire terrier,0.31459349910086487,1.1564739525865146,0.6784020662307739,0.3215979337692261,0.04813220302665658,4.913492007988099
frame_009,frame_008,9,8,50,-1,True,False,285,Egyptian cat,0.9999670671450581,3.293339724019795e-05,0.9999382495880127,6.175041198730469e-05,0.04672621200672911,4.959654666390364
frame_009,frame_010,9,10,50,1,False,False,285,Egyptian cat,0.9088304024665833,0.09559677815646772,0.9408591985702515,0.059140801429748535,0.06326485498363817,4.749517565138608
frame_009,frame_011,9,11,50,2,False,False,285,Egyptian cat,0.9997179201179066,0.00028211967410651795,0.999549150466919,0.0004508495330810547,0.05991600459924841,4.5913119599965455
frame_009,frame_012,9,12,50,3,False,False,285,Egyptian cat,0.9996655376202674,0.0003345183247489558,0.999516487121582,0.00048351287841796875,0.05793215378293507,4.632000904897964
frame_009,frame_013,9,13,50,4,False,False,285,Egyptian cat,0.9951208438678264,0.004891098074691236,0.9941160082817078,0.005883991718292236,0.05225223343537024,4.679511469378365
frame_009,frame_014,9,14,50,5,False,False,285,Egyptian cat,0.9869806481515863,0.013104846476851506,0.9865276217460632,0.013472378253936768,0.06276161939149882,4.619999574901663
frame_009,frame_015,9,15,50,6,False,False,285,Egyptian cat,0.9336466154563402,0.0686572683904636,0.9492235779762268,0.05077642202377319,0.03911054549887057,4.683855984600422
frame_010,frame_000,10,0,5,-10,False,False,359,"black-footed ferret, ferret, Mustela nigripes",0.3789808661243953,0.9702695603340361,0.601797878742218,0.398202121257782,0.035374518616043606,5.385242168274856
frame_010,frame_001,10,1,5,-9,False,False,359,"black-footed ferret, ferret, Mustela nigripes",0.23385739431658306,1.4530437753974486,0.5471526384353638,0.45284736156463623,0.020454483110676255,5.42854237417807
frame_010,frame_002,10,2,5,-8,False,False,452,"bonnet, poke bonnet",0.21241509519128746,1.5492129225008506,0.5305840373039246,0.46941596269607544,0.026184987919990958,5.422633773720978
frame_010,frame_003,10,3,5,-7,False,False,452,"bonnet, poke bonnet",0.42350864493434687,0.8591813520302565,0.6070246696472168,0.3929753303527832,0.03135456901092001,5.319241235300158
frame_010,frame_004,10,4,5,-6,False,False,452,"bonnet, poke bonnet",0.2460023511613723,1.4024141855288934,0.5142706632614136,0.4857293367385864,0.04130961350815677,5.3702143871848635
frame_010,frame_005,10,5,5,-5,False,True,411,apron,0.09575743003612179,2.345937055643495,0.48953211307525635,0.5104678869247437,0.04679352268974088,5.420127308060962
frame_010,frame_006,10,6,5,-4,False,False,359,"black-footed ferret, ferret, Mustela nigripes",0.19767809991887428,1.6211153292516887,0.5310007333755493,0.4689992666244507,0.0445367356367945,5.305831918723044
frame_010,frame_007,10,7,5,-3,False,False,452,"bonnet, poke bonnet",0.44331995157814924,0.8134635313001954,0.6498110294342041,0.3501889705657959,0.025065245086846377,5.448832173180512
frame_010,frame_008,10,8,5,-2,False,False,285,Egyptian cat,0.5191619695251346,0.6555393644931922,0.6891446113586426,0.3108553886413574,0.014959519108665307,5.561455125428793
frame_010,frame_009,10,9,5,-1,False,False,452,"bonnet, poke bonnet",0.4715944427477647,0.7516358942141257,0.6695315837860107,0.33046841621398926,0.025626873545293895,5.522991236999927
frame_010,frame_011,10,11,5,1,False,False,285,Egyptian cat,0.4738782610246267,0.7468048235557543,0.6628512144088745,0.3371487855911255,0.02222733543556687,5.3585529436068144
frame_010,frame_012,10,12,5,2,True,False,285,Egyptian cat,0.5649142611741608,0.5710813094851415,0.7071616649627686,0.29283833503723145,0.02733612201005534,5.383566150583631
frame_010,frame_013,10,13,5,3,False,False,285,Egyptian cat,0.31342014997011164,1.1602106563915155,0.590308666229248,0.40969133377075195,0.0277057402622103,5.361324601490029
frame_010,frame_014,10,14,5,4,False,False,452,"bonnet, poke bonnet",0.23302859013760355,1.456594128490778,0.5613734722137451,0.4386265277862549,0.02174532204925229,5.367872782005586
frame_010,frame_015,10,15,5,5,False,False,359,"black-footed ferret, ferret, Mustela nigripes",0.24221995725738119,1.41790905135122,0.5859725475311279,0.41402745246887207,0.02447312708763752,5.355226247890007
frame_010,frame_000,10,0,10,-10,False,False,359,"black-footed ferret, ferret, Mustela nigripes",0.2095988355838609,1.5625598819711923,0.5145654082298279,0.4854345917701721,0.050210926098229525,4.898752646757538
frame_010,frame_001,10,1,10,-9,False,False,179,"Staffordshire bullterrier, Staffordshire bull terrier",0.19341174841447875,1.6429339510939958,0.47941380739212036,0.5205861926078796,0.08164516298824992,4.6819283793906346
frame_010,frame_002,10,2,10,-8,False,True,86,partridge,0.07924246388130926,2.535242963726696,0.4395156502723694,0.5604843497276306,0.04722842158035183,4.950454666139271
frame_010,frame_003,10,3,10,-7,False,False,86,partridge,0.6505952907097935,0.4298675033493575,0.7204797267913818,0.27952027320861816,0.05700278189862954,4.846161459822374
frame_010,frame_004,10,4,10,-6,False,False,179,"Staffordshire bullterrier, Staffordshire bull terrier",0.08990158621946841,2.409039693394721,0.4511691927909851,0.5488308072090149,0.05258667881020781,5.087610374330003
frame_010,frame_005,10,5,10,-5,False,False,359,"black-footed ferret, ferret, Mustela nigripes",0.3258567716103659,1.1212973450467576,0.5600395202636719,0.4399604797363281,0.07925160165055854,5.013038368793758
frame_010,frame_006,10,6,10,-4,False,False,735,poncho,0.3153688322974792,1.1540124289383362,0.5591838359832764,0.44081616401672363,0.08781656124459142,4.752421028170831
frame_010,frame_007,10,7,10,-3,False,False,452,"bonnet, poke bonnet",0.2554848175949607,1.3645922934328754,0.5537025928497314,0.44629740715026855,0.057694510725370796,4.860707596811066
frame_010,frame_008,10,8,10,-2,True,False,285,Egyptian cat,0.9983422915093401,0.0016590840097299164,0.9977468252182007,0.0022531747817993164,0.03886830011320847,4.832481293066886
frame_010,frame_009,10,9,10,-1,False,False,285,Egyptian cat,0.9908343413457807,0.009207921747781178,0.9884383082389832,0.011561691761016846,0.056698684995191345,4.813066794980129
frame_010,frame_011,10,11,10,1,False,False,285,Egyptian cat,0.9927004897722851,0.0073262820126679395,0.9914448261260986,0.008555173873901367,0.06617572819612799,4.5460673892276695
frame_010,frame_012,10,12,10,2,False,False,285,Egyptian cat,0.9957637413287515,0.0042452570369415354,0.9949667453765869,0.005033254623413086,0.06998741821480059,4.522986417368516
frame_010,frame_013,10,13,10,3,False,False,285,Egyptian cat,0.9861438344768446,0.01395305826711657,0.9849602580070496,0.01503974199295044,0.10154875933476984,4.399332522880998
frame_010,frame_014,10,14,10,4,False,False,285,Egyptian cat,0.9592124693166382,0.04164267564874269,0.9606310129165649,0.03936898708343506,0.09567175656789592,4.434147904304573
frame_010,frame_015,10,15,10,5,False,False,285,Egyptian cat,0.9055422932904367,0.09922129563683724,0.9173482656478882,0.08265173435211182,0.08272671708326948,4.468203707412037
frame_010,frame_000,10,0,20,-10,False,False,198,standard schnauzer,0.2167652532574265,1.5289402932142373,0.5381695032119751,0.4618304967880249,0.0481751228896192,5.060049763169995
frame_010,frame_001,10,1,20,-9,False,False,179,"Staffordshire bullterrier, Staffordshire bull terrier",0.34809961673095474,1.0552665851967928,0.5549149513244629,0.4450850486755371,0.051292047713472226,4.867913185926158
frame_010,frame_002,10,2,20,-8,False,True,452,"bonnet, poke bonnet",0.09751649791252708,2.3277337059333725,0.39947032928466797,0.600529670715332,0.054008542891897146,4.827030605599492
frame_010,frame_003,10,3,20,-7,False,False,452,"bonnet, poke bonnet",0.13718925061807521,1.9863939150244958,0.4539071321487427,0.5460928678512573,0.06557398281730716,4.676493129441857
frame_010,frame_004,10,4,20,-6,False,False,237,miniature pinscher,0.11928493027518894,2.1262402757515204,0.46534234285354614,0.5346576571464539,0.05107841275665789,4.8902568003703
frame_010,frame_005,10,5,20,-5,False,False,240,Appenzeller,0.10668264259665633,2.2378968087278786,0.4267544150352478,0.5732455849647522,0.044240019825905516,5.029665611636842
frame_010,frame_006,10,6,20,-4,False,False,703,park bench,0.11443577502051339,2.1677415302119627,0.47908276319503784,0.5209172368049622,0.03822563263980382,5.042849380164308
frame_010,frame_007,10,7,20,-3,False,False,452,"bonnet, poke bonnet",0.20130409679728967,1.6029385948430885,0.5207684636116028,0.4792315363883972,0.03697600226724093,5.090165647373858
frame_010,frame_008,10,8,20,-2,True,False,285,Egyptian cat,0.9988088373017521,0.0011918726964063042,0.9980785846710205,0.0019214153289794922,0.03011337341252092,5.308003973573504
frame_010,frame_009,10,9,20,-1,False,False,285,Egyptian cat,0.9897294398172327,0.010323666318776237,0.9875651001930237,0.012434899806976318,0.03239531791940965,5.255559181208023
frame_010,frame_011,10,11,20,1,False,False,285,Egyptian cat,0.9968313350160349,0.0031736958330499387,0.9953821301460266,0.004617869853973389,0.06566829156540022,5.004379415467408
frame_010,frame_012,10,12,20,2,False,False,285,Egyptian cat,0.9978700213539433,0.002132250276829617,0.9968751072883606,0.0031248927116394043,0.044569652002144876,4.976574599701115
frame_010,frame_013,10,13,20,3,False,False,285,Egyptian cat,0.9741864551682043,0.026152561249560335,0.9733821153640747,0.026617884635925293,0.05318039496054029,4.958325102794507
frame_010,frame_014,10,14,20,4,False,False,285,Egyptian cat,0.9249397782930553,0.07802664813715321,0.9295470714569092,0.07045292854309082,0.0656934845001772,4.931171381461813
frame_010,frame_015,10,15,20,5,False,False,285,Egyptian cat,0.9086227283430305,0.0958253112844325,0.9170733094215393,0.0829266905784607,0.05865092641780384,4.850483700945063
frame_010,frame_000,10,0,30,-10,False,False,198,standard schnauzer,0.21914889466251447,1.5180038958785467,0.6094505786895752,0.3905494213104248,0.01435648002925083,5.800527146299435
frame_010,frame_001,10,1,30,-9,False,False,749,"quill, quill pen",0.22991580292827052,1.4700421113053785,0.5759024620056152,0.42409753799438477,0.014946089052819755,5.791496038795229
frame_010,frame_002,10,2,30,-8,False,True,749,"quill, quill pen",0.16170490435381032,1.8219821829034828,0.5112547278404236,0.4887452721595764,0.013308104028782878,5.8323078171608564
frame_010,frame_003,10,3,30,-7,False,False,749,"quill, quill pen",0.17655609812872652,1.7341166166847017,0.5644675493240356,0.43553245067596436,0.01757981417660105,5.800603763241874
frame_010,frame_004,10,4,30,-6,False,False,237,miniature pinscher,0.21517107658779808,1.5363218622003867,0.5203133821487427,0.4796866178512573,0.016141949155427236,5.831693668236351
frame_010,frame_005,10,5,30,-5,False,False,255,Leonberg,0.2203428760308035,1.512570418460462,0.5354921817779541,0.4645078182220459,0.02077763704825642,5.812255232957289
frame_010,frame_006,10,6,30,-4,False,False,187,Yorkshire terrier,0.18859686633595274,1.6681435243187348,0.5936232209205627,0.40637677907943726,0.014331979981836131,5.781049161422597
frame_010,frame_007,10,7,30,-3,False,False,187,Yorkshire terrier,0.3134099448894993,1.1602432173061779,0.7024943828582764,0.29750561714172363,0.011674254999062373,5.829532830647571
frame_010,frame_008,10,8,30,-2,True,False,285,Egyptian cat,0.9994469670532103,0.0005531859259140237,0.999130368232727,0.0008696317672729492,0.010844392603827696,5.904238086288034
frame_010,frame_009,10,9,30,-1,False,False,285,Egyptian cat,0.9881334985810282,0.011937470340873446,0.9870608448982239,0.012939155101776123,0.011393499670411937,5.900892005533413
frame_010,frame_011,10,11,30,1,False,False,285,Egyptian cat,0.9961973382830535,0.0038099102165762844,0.9947184324264526,0.005281567573547363,0.01605077445453923,5.801467036212334
frame_010,frame_012,10,12,30,2,False,False,285,Egyptian cat,0.9951469478203389,0.0048648664764883165,0.9941042065620422,0.005895793437957764,0.012087878058889358,5.826113658880797
frame_010,frame_013,10,13,30,3,False,False,285,Egyptian cat,0.969101647196429,0.031385773525371086,0.9697583317756653,0.030241668224334717,0.014822468274068046,5.7920518331814534
frame_010,frame_014,10,14,30,4,False,False,285,Egyptian cat,0.9433070772949376,0.058363410656565584,0.9469696283340454,0.05303037166595459,0.015527773530662906,5.765490221070225
frame_010,frame_015,10,15,30,5,False,False,285,Egyptian cat,0.9360606150364864,0.06607504494699512,0.9411917328834534,0.05880826711654663,0.015287199739863835,5.781213496970725
frame_010,frame_000,10,0,40,-10,False,False,359,"black-footed ferret, ferret, Mustela nigripes",0.31397885287339145,1.1584296428788008,0.6505299806594849,0.34947001934051514,0.09139858824389835,4.1607400502277025
frame_010,frame_001,10,1,40,-9,False,False,281,"tabby, tabby cat",0.10642572445681629,2.240307960085863,0.5505198240280151,0.44948017597198486,0.12048181439826544,4.1327139877875645
frame_010,frame_002,10,2,40,-8,False,False,32,"tailed frog, bell toad, ribbed toad, tailed toad, Ascaphus trui",0.637166434208702,0.45072437934455145,0.72383052110672,0.27616947889328003,0.06343886896359219,4.314472528818174
frame_010,frame_003,10,3,40,-7,False,True,452,"bonnet, poke bonnet",0.25326232184106834,1.3733294821857456,0.5361505150794983,0.4638494849205017,0.09731993677492917,4.116700676927675
frame_010,frame_004,10,4,40,-6,False,False,159,Rhodesian ridgeback,0.24572640149095465,1.4035365510521505,0.5584396123886108,0.44156038761138916,0.11165926842395625,3.995251470260913
frame_010,frame_005,10,5,40,-5,False,False,255,Leonberg,0.17985725539193825,1.7155917683034119,0.5430154800415039,0.4569845199584961,0.12175852583793383,3.963456425950233
frame_010,frame_006,10,6,40,-4,False,False,32,"tailed frog, bell toad, ribbed toad, tailed toad, Ascaphus trui",0.46446316293146966,0.7668730286492025,0.6848572492599487,0.31514275074005127,0.11581492804664949,3.736822342944529
frame_010,frame_007,10,7,40,-3,False,False,187,Yorkshire terrier,0.4049646156274907,0.9039555845134863,0.7023158073425293,0.2976841926574707,0.0855647012817301,4.099543311171225
frame_010,frame_008,10,8,40,-2,True,False,285,Egyptian cat,0.9999111748564928,8.882908869378703e-05,0.999836266040802,0.00016373395919799805,0.05684008099453644,4.2898888004640465
frame_010,frame_009,10,9,40,-1,False,False,285,Egyptian cat,0.9973666745062049,0.0026367987942670368,0.9968904256820679,0.003109574317932129,0.06282647716769743,4.320690247022201
frame_010,frame_011,10,11,40,1,False,False,285,Egyptian cat,0.9989997200969949,0.0010007805168110728,0.9986549019813538,0.0013450980186462402,0.0658774528466105,4.093283779460773
frame_010,frame_012,10,12,40,2,False,False,285,Egyptian cat,0.9991511313602377,0.0008492291327679702,0.9989095330238342,0.0010904669761657715,0.07156678169480939,4.078545161865204
frame_010,frame_013,10,13,40,3,False,False,285,Egyptian cat,0.9962999861193003,0.003706875863575654,0.9955837726593018,0.004416227340698242,0.10632260389908739,3.898895238678504
frame_010,frame_014,10,14,40,4,False,False,285,Egyptian cat,0.9888182266404848,0.011244759357492917,0.988090991973877,0.011909008026123047,0.09271360119394735,3.9303453954735317
frame_010,frame_015,10,15,40,5,False,False,285,Egyptian cat,0.9746514968466734,0.02567531101249987,0.9751741886138916,0.0248258113861084,0.10097740750998001,4.032610099856493
frame_010,frame_000,10,0,50,-10,False,False,359,"black-footed ferret, ferret, Mustela nigripes",0.7112873656126041,0.3406787597895615,0.8075382709503174,0.19246172904968262,0.04475620775658883,4.939319175997335
frame_010,frame_001,10,1,50,-9,False,False,359,"black-footed ferret, ferret, Mustela nigripes",0.1897769356385125,1.6619059194816703,0.6113784313201904,0.38862156867980957,0.05425556699274253,4.904703665659913
frame_010,frame_002,10,2,50,-8,False,False,32,"tailed frog, bell toad, ribbed toad, tailed toad, Ascaphus trui",0.24763942737025169,1.3957815126813333,0.5630105137825012,0.4369894862174988,0.05571517285290712,4.878750557669754
frame_010,frame_003,10,3,50,-7,False,False,452,"bonnet, poke bonnet",0.36729675048674926,1.0015851732232868,0.5991365909576416,0.4008634090423584,0.049765940573630395,4.662777386684478
frame_010,frame_004,10,4,50,-6,False,True,106,wombat,0.2834766853523643,1.2606253978121096,0.5615552663803101,0.43844473361968994,0.05275321664266907,4.783903811766152
frame_010,frame_005,10,5,50,-5,False,False,255,Leonberg,0.35593751340431634,1.033000087681451,0.6171365976333618,0.3828634023666382,0.07407429059818484,4.769490505273643
frame_010,frame_006,10,6,50,-4,False,False,359,"black-footed ferret, ferret, Mustela nigripes",0.35460302754000034,1.036756347476615,0.6387323141098022,0.36126768589019775,0.05352575622378549,4.704985136104636
frame_010,frame_007,10,7,50,-3,False,False,187,Yorkshire terrier,0.31459349910086487,1.1564739525865146,0.6784020662307739,0.3215979337692261,0.049315985063627284,4.894316938687024
frame_010,frame_008,10,8,50,-2,True,False,285,Egyptian cat,0.9999670671450581,3.293339724019795e-05,0.9999382495880127,6.175041198730469e-05,0.03794226188558422,5.074850207515066
frame_010,frame_009,10,9,50,-1,False,False,285,Egyptian cat,0.9993443894676697,0.0006558255388942058,0.9990822076797485,0.0009177923202514648,0.04137725745752145,5.17642547470078
frame_010,frame_011,10,11,50,1,False,False,285,Egyptian cat,0.9997179201179066,0.00028211967410651795,0.999549150466919,0.0004508495330810547,0.04989654262547905,4.731239924877935
frame_010,frame_012,10,12,50,2,False,False,285,Egyptian cat,0.9996655376202674,0.0003345183247489558,0.999516487121582,0.00048351287841796875,0.051492124483264505,4.764839438101417
frame_010,frame_013,10,13,50,3,False,False,285,Egyptian cat,0.9951208438678264,0.004891098074691236,0.9941160082817078,0.005883991718292236,0.050406270108315096,4.737030528141476
frame_010,frame_014,10,14,50,4,False,False,285,Egyptian cat,0.9869806481515863,0.013104846476851506,0.9865276217460632,0.013472378253936768,0.06159426522596108,4.70123944254751
frame_010,frame_015,10,15,50,5,False,False,285,Egyptian cat,0.9336466154563402,0.0686572683904636,0.9492235779762268,0.05077642202377319,0.04366204192879596,4.804771121566072
frame_011,frame_000,11,0,5,-11,False,False,359,"black-footed ferret, ferret, Mustela nigripes",0.3789808661243953,0.9702695603340361,0.601797878742218,0.398202121257782,0.032960154547583935,5.359983940917668
frame_011,frame_001,11,1,5,-10,False,False,359,"black-footed ferret, ferret, Mustela nigripes",0.23385739431658306,1.4530437753974486,0.5471526384353638,0.45284736156463623,0.01966458945730078,5.403593767027416
frame_011,frame_002,11,2,5,-9,False,False,452,"bonnet, poke bonnet",0.21241509519128746,1.5492129225008506,0.5305840373039246,0.46941596269607544,0.027301045649740344,5.399483722871941
frame_011,frame_003,11,3,5,-8,False,False,452,"bonnet, poke bonnet",0.42350864493434687,0.8591813520302565,0.6070246696472168,0.3929753303527832,0.033157721497426906,5.282452070113444
frame_011,frame_004,11,4,5,-7,False,False,452,"bonnet, poke bonnet",0.2460023511613723,1.4024141855288934,0.5142706632614136,0.4857293367385864,0.04198780274075176,5.335284051558261
frame_011,frame_005,11,5,5,-6,False,True,411,apron,0.09575743003612179,2.345937055643495,0.48953211307525635,0.5104678869247437,0.04647684759633289,5.37820229597771
frame_011,frame_006,11,6,5,-5,False,False,359,"black-footed ferret, ferret, Mustela nigripes",0.19767809991887428,1.6211153292516887,0.5310007333755493,0.4689992666244507,0.04708120626040311,5.262701423621499
frame_011,frame_007,11,7,5,-4,False,False,452,"bonnet, poke bonnet",0.44331995157814924,0.8134635313001954,0.6498110294342041,0.3501889705657959,0.025741113258678148,5.4236543374850505
frame_011,frame_008,11,8,5,-3,False,False,285,Egyptian cat,0.5191619695251346,0.6555393644931922,0.6891446113586426,0.3108553886413574,0.014768149670054737,5.536604830840585
frame_011,frame_009,11,9,5,-2,False,False,452,"bonnet, poke bonnet",0.4715944427477647,0.7516358942141257,0.6695315837860107,0.33046841621398926,0.02520260941040412,5.4977967444167595
frame_011,frame_010,11,10,5,-1,False,False,359,"black-footed ferret, ferret, Mustela nigripes",0.19242948987383107,1.6480254787232447,0.5576224327087402,0.44237756729125977,0.024590437966667895,5.366019550056498
frame_011,frame_012,11,12,5,1,True,False,285,Egyptian cat,0.5649142611741608,0.5710813094851415,0.7071616649627686,0.29283833503723145,0.026100613229331937,5.346551254510401
frame_011,frame_013,11,13,5,2,False,False,285,Egyptian cat,0.31342014997011164,1.1602106563915155,0.590308666229248,0.40969133377075195,0.02871418372266685,5.321149202656924
frame_011,frame_014,11,14,5,3,False,False,452,"bonnet, poke bonnet",0.23302859013760355,1.456594128490778,0.5613734722137451,0.4386265277862549,0.02246028219151763,5.321875528227596
frame_011,frame_015,11,15,5,4,False,False,359,"black-footed ferret, ferret, Mustela nigripes",0.24221995725738119,1.41790905135122,0.5859725475311279,0.41402745246887207,0.026497050652670776,5.306012662715806
frame_011,frame_000,11,0,10,-11,False,False,359,"black-footed ferret, ferret, Mustela nigripes",0.2095988355838609,1.5625598819711923,0.5145654082298279,0.4854345917701721,0.05421682044892699,4.850829442897124
frame_011,frame_001,11,1,10,-10,False,False,179,"Staffordshire bullterrier, Staffordshire bull terrier",0.19341174841447875,1.6429339510939958,0.47941380739212036,0.5205861926078796,0.08799503288086664,4.629825740363672
frame_011,frame_002,11,2,10,-9,False,True,86,partridge,0.07924246388130926,2.535242963726696,0.4395156502723694,0.5604843497276306,0.05038239475821675,4.8855380720810935
frame_011,frame_003,11,3,10,-8,False,False,86,partridge,0.6505952907097935,0.4298675033493575,0.7204797267913818,0.27952027320861816,0.0523827336034908,4.791977326650796
frame_011,frame_004,11,4,10,-7,False,False,179,"Staffordshire bullterrier, Staffordshire bull terrier",0.08990158621946841,2.409039693394721,0.4511691927909851,0.5488308072090149,0.04456660171233402,5.025050021958944
frame_011,frame_005,11,5,10,-6,False,False,359,"black-footed ferret, ferret, Mustela nigripes",0.3258567716103659,1.1212973450467576,0.5600395202636719,0.4399604797363281,0.0728952302790166,4.963357178782452
frame_011,frame_006,11,6,10,-5,False,False,735,poncho,0.3153688322974792,1.1540124289383362,0.5591838359832764,0.44081616401672363,0.08632373724932306,4.725543276104307
frame_011,frame_007,11,7,10,-4,False,False,452,"bonnet, poke bonnet",0.2554848175949607,1.3645922934328754,0.5537025928497314,0.44629740715026855,0.06053018567468954,4.823831305958985
frame_011,frame_008,11,8,10,-3,True,False,285,Egyptian cat,0.9983422915093401,0.0016590840097299164,0.9977468252182007,0.0022531747817993164,0.047792891736424994,4.782317493554344
frame_011,frame_009,11,9,10,-2,False,False,285,Egyptian cat,0.9908343413457807,0.009207921747781178,0.9884383082389832,0.011561691761016846,0.06229709770712659,4.756084245443096
frame_011,frame_010,11,10,10,-1,False,False,285,Egyptian cat,0.7750272904812815,0.2548570367245375,0.8198966383934021,0.1801033616065979,0.07389802422332244,4.576202278875776
frame_011,frame_012,11,12,10,1,False,False,285,Egyptian cat,0.9957637413287515,0.0042452570369415354,0.9949667453765869,0.005033254623413086,0.07773704935673141,4.425444277088859
frame_011,frame_013,11,13,10,2,False,False,285,Egyptian cat,0.9861438344768446,0.01395305826711657,0.9849602580070496,0.01503974199295044,0.10839467442473864,4.2918167061197
frame_011,frame_014,11,14,10,3,False,False,285,Egyptian cat,0.9592124693166382,0.04164267564874269,0.9606310129165649,0.03936898708343506,0.10124093139314368,4.342141499690809
frame_011,frame_015,11,15,10,4,False,False,285,Egyptian cat,0.9055422932904367,0.09922129563683724,0.9173482656478882,0.08265173435211182,0.08854461462489421,4.380405352028424
frame_011,frame_000,11,0,20,-11,False,False,198,standard schnauzer,0.2167652532574265,1.5289402932142373,0.5381695032119751,0.4618304967880249,0.05520446571156322,4.958934552612218
frame_011,frame_001,11,1,20,-10,False,False,179,"Staffordshire bullterrier, Staffordshire bull terrier",0.34809961673095474,1.0552665851967928,0.5549149513244629,0.4450850486755371,0.0633010573900873,4.758853581139718
frame_011,frame_002,11,2,20,-9,False,True,452,"bonnet, poke bonnet",0.09751649791252708,2.3277337059333725,0.39947032928466797,0.600529670715332,0.057571884746511336,4.698288649502973
frame_011,frame_003,11,3,20,-8,False,False,452,"bonnet, poke bonnet",0.13718925061807521,1.9863939150244958,0.4539071321487427,0.5460928678512573,0.05464948279270261,4.61434404271976
frame_011,frame_004,11,4,20,-7,False,False,237,miniature pinscher,0.11928493027518894,2.1262402757515204,0.46534234285354614,0.5346576571464539,0.0628376453607989,4.781711666319847
frame_011,frame_005,11,5,20,-6,False,False,240,Appenzeller,0.10668264259665633,2.2378968087278786,0.4267544150352478,0.5732455849647522,0.0542670931189254,4.948935343782631
frame_011,frame_006,11,6,20,-5,False,False,703,park bench,0.11443577502051339,2.1677415302119627,0.47908276319503784,0.5209172368049622,0.0434979168113156,4.96689022131785
frame_011,frame_007,11,7,20,-4,False,False,452,"bonnet, poke bonnet",0.20130409679728967,1.6029385948430885,0.5207684636116028,0.4792315363883972,0.04333177973044786,5.025964866960011
frame_011,frame_008,11,8,20,-3,True,False,285,Egyptian cat,0.9988088373017521,0.0011918726964063042,0.9980785846710205,0.0019214153289794922,0.027446042250260004,5.269978156671543
frame_011,frame_009,11,9,20,-2,False,False,285,Egyptian cat,0.9897294398172327,0.010323666318776237,0.9875651001930237,0.012434899806976318,0.03830757057378891,5.208647159362421
frame_011,frame_010,11,10,20,-1,False,False,285,Egyptian cat,0.6660570700112189,0.4063799214054509,0.7878318428993225,0.2121681571006775,0.06327504669436011,4.957111518219373
frame_011,frame_012,11,12,20,1,False,False,285,Egyptian cat,0.9978700213539433,0.002132250276829617,0.9968751072883606,0.0031248927116394043,0.051280282376657445,4.852246067989578
frame_011,frame_013,11,13,20,2,False,False,285,Egyptian cat,0.9741864551682043,0.026152561249560335,0.9733821153640747,0.026617884635925293,0.06127950868172942,4.83348097517386
frame_011,frame_014,11,14,20,3,False,False,285,Egyptian cat,0.9249397782930553,0.07802664813715321,0.9295470714569092,0.07045292854309082,0.07320366031351071,4.816897405173567
frame_011,frame_015,11,15,20,4,False,False,285,Egyptian cat,0.9086227283430305,0.0958253112844325,0.9170733094215393,0.0829266905784607,0.056217314742330445,4.733661003824802
frame_011,frame_000,11,0,30,-11,False,False,198,standard schnauzer,0.21914889466251447,1.5180038958785467,0.6094505786895752,0.3905494213104248,0.014601039455680129,5.794063402593261
frame_011,frame_001,11,1,30,-10,False,False,749,"quill, quill pen",0.22991580292827052,1.4700421113053785,0.5759024620056152,0.42409753799438477,0.015269073431858786,5.7881898221917325
frame_011,frame_002,11,2,30,-9,False,True,749,"quill, quill pen",0.16170490435381032,1.8219821829034828,0.5112547278404236,0.4887452721595764,0.015780942659041584,5.835359120576753
frame_011,frame_003,11,3,30,-8,False,False,749,"quill, quill pen",0.17655609812872652,1.7341166166847017,0.5644675493240356,0.43553245067596436,0.01821788394175008,5.809616569133091
frame_011,frame_004,11,4,30,-7,False,False,237,miniature pinscher,0.21517107658779808,1.5363218622003867,0.5203133821487427,0.4796866178512573,0.014603244126028226,5.844886507395374
frame_011,frame_005,11,5,30,-6,False,False,255,Leonberg,0.2203428760308035,1.512570418460462,0.5354921817779541,0.4645078182220459,0.022028738578984127,5.817313733450769
frame_011,frame_006,11,6,30,-5,False,False,187,Yorkshire terrier,0.18859686633595274,1.6681435243187348,0.5936232209205627,0.40637677907943726,0.014611836256923543,5.788786445789977
frame_011,frame_007,11,7,30,-4,False,False,187,Yorkshire terrier,0.3134099448894993,1.1602432173061779,0.7024943828582764,0.29750561714172363,0.01257883197772186,5.836194574156978
frame_011,frame_008,11,8,30,-3,True,False,285,Egyptian cat,0.9994469670532103,0.0005531859259140237,0.999130368232727,0.0008696317672729492,0.011144488982447256,5.912411563954343
frame_011,frame_009,11,9,30,-2,False,False,285,Egyptian cat,0.9881334985810282,0.011937470340873446,0.9870608448982239,0.012939155101776123,0.010807587781356147,5.920008529071109
frame_011,frame_010,11,10,30,-1,False,False,285,Egyptian cat,0.7024989646724703,0.35311135155116524,0.8278930187225342,0.17210698127746582,0.013316760693898809,5.8326212375546636
frame_011,frame_012,11,12,30,1,False,False,285,Egyptian cat,0.9951469478203389,0.0048648664764883165,0.9941042065620422,0.005895793437957764,0.013671380788809745,5.8366615653667155
frame_011,frame_013,11,13,30,2,False,False,285,Egyptian cat,0.969101647196429,0.031385773525371086,0.9697583317756653,0.030241668224334717,0.016321987460205755,5.806557526304005
frame_011,frame_014,11,14,30,3,False,False,285,Egyptian cat,0.9433070772949376,0.058363410656565584,0.9469696283340454,0.05303037166595459,0.016134768898070057,5.77626206454567
frame_011,frame_015,11,15,30,4,False,False,285,Egyptian cat,0.9360606150364864,0.06607504494699512,0.9411917328834534,0.05880826711654663,0.0162821486990346,5.790178665396546
frame_011,frame_000,11,0,40,-11,False,False,359,"black-footed ferret, ferret, Mustela nigripes",0.31397885287339145,1.1584296428788008,0.6505299806594849,0.34947001934051514,0.09302069043513067,4.1860953483839785
frame_011,frame_001,11,1,40,-10,False,False,281,"tabby, tabby cat",0.10642572445681629,2.240307960085863,0.5505198240280151,0.44948017597198486,0.11839050059863958,4.171073051339006
frame_011,frame_002,11,2,40,-9,False,False,32,"tailed frog, bell toad, ribbed toad, tailed toad, Ascaphus trui",0.637166434208702,0.45072437934455145,0.72383052110672,0.27616947889328003,0.0653909812804382,4.35739619703689
frame_011,frame_003,11,3,40,-8,False,True,452,"bonnet, poke bonnet",0.25326232184106834,1.3733294821857456,0.5361505150794983,0.4638494849205017,0.09760315011361258,4.169640839393014
frame_011,frame_004,11,4,40,-7,False,False,159,Rhodesian ridgeback,0.24572640149095465,1.4035365510521505,0.5584396123886108,0.44156038761138916,0.10943245988745168,4.067298341565518
frame_011,frame_005,11,5,40,-6,False,False,255,Leonberg,0.17985725539193825,1.7155917683034119,0.5430154800415039,0.4569845199584961,0.12303142137406632,4.000457491838743
frame_011,frame_006,11,6,40,-5,False,False,32,"tailed frog, bell toad, ribbed toad, tailed toad, Ascaphus trui",0.46446316293146966,0.7668730286492025,0.6848572492599487,0.31514275074005127,0.11971814700327661,3.7623523560480323
frame_011,frame_007,11,7,40,-4,False,False,187,Yorkshire terrier,0.4049646156274907,0.9039555845134863,0.7023158073425293,0.2976841926574707,0.0827244069337253,4.1050694330043855
frame_011,frame_008,11,8,40,-3,True,False,285,Egyptian cat,0.9999111748564928,8.882908869378703e-05,0.999836266040802,0.00016373395919799805,0.06846848008089497,4.26128317082241
frame_011,frame_009,11,9,40,-2,False,False,285,Egyptian cat,0.9973666745062049,0.0026367987942670368,0.9968904256820679,0.003109574317932129,0.059809330441725275,4.317050856186462
frame_011,frame_010,11,10,40,-1,False,False,285,Egyptian cat,0.8806338632152141,0.12711333169258587,0.9265038967132568,0.07349610328674316,0.06515291348719605,4.105767612222311
frame_011,frame_012,11,12,40,1,False,False,285,Egyptian cat,0.9991511313602377,0.0008492291327679702,0.9989095330238342,0.0010904669761657715,0.07745867768822624,4.034995448017742
frame_011,frame_013,11,13,40,2,False,False,285,Egyptian cat,0.9962999861193003,0.003706875863575654,0.9955837726593018,0.004416227340698242,0.10412681044678572,3.823629043834612
frame_011,frame_014,11,14,40,3,False,False,285,Egyptian cat,0.9888182266404848,0.011244759357492917,0.988090991973877,0.011909008026123047,0.0892678510073272,3.8866534422870673
frame_011,frame_015,11,15,40,4,False,False,285,Egyptian cat,0.9746514968466734,0.02567531101249987,0.9751741886138916,0.0248258113861084,0.0982052232549289,3.9738732935275234
frame_011,frame_000,11,0,50,-11,False,False,359,"black-footed ferret, ferret, Mustela nigripes",0.7112873656126041,0.3406787597895615,0.8075382709503174,0.19246172904968262,0.037994973364239376,4.985950433938349
frame_011,frame_001,11,1,50,-10,False,False,359,"black-footed ferret, ferret, Mustela nigripes",0.1897769356385125,1.6619059194816703,0.6113784313201904,0.38862156867980957,0.043238349396655336,4.925210787350699
frame_011,frame_002,11,2,50,-9,False,False,32,"tailed frog, bell toad, ribbed toad, tailed toad, Ascaphus trui",0.24763942737025169,1.3957815126813333,0.5630105137825012,0.4369894862174988,0.05373438054430473,4.895063643555538
frame_011,frame_003,11,3,50,-8,False,False,452,"bonnet, poke bonnet",0.36729675048674926,1.0015851732232868,0.5991365909576416,0.4008634090423584,0.06324504332800253,4.721926154177394
frame_011,frame_004,11,4,50,-7,False,True,106,wombat,0.2834766853523643,1.2606253978121096,0.5615552663803101,0.43844473361968994,0.04834516338329575,4.86487885685006
frame_011,frame_005,11,5,50,-6,False,False,255,Leonberg,0.35593751340431634,1.033000087681451,0.6171365976333618,0.3828634023666382,0.05734546975458891,4.894922016258922
frame_011,frame_006,11,6,50,-5,False,False,359,"black-footed ferret, ferret, Mustela nigripes",0.35460302754000034,1.036756347476615,0.6387323141098022,0.36126768589019775,0.04080625983243417,4.830266889513083
frame_011,frame_007,11,7,50,-4,False,False,187,Yorkshire terrier,0.31459349910086487,1.1564739525865146,0.6784020662307739,0.3215979337692261,0.034465011313333044,5.02911925978249
frame_011,frame_008,11,8,50,-3,True,False,285,Egyptian cat,0.9999670671450581,3.293339724019795e-05,0.9999382495880127,6.175041198730469e-05,0.03889656786041277,5.107720967714343
frame_011,frame_009,11,9,50,-2,False,False,285,Egyptian cat,0.9993443894676697,0.0006558255388942058,0.9990822076797485,0.0009177923202514648,0.0394405979144838,5.239372296224765
frame_011,frame_010,11,10,50,-1,False,False,285,Egyptian cat,0.9088304024665833,0.09559677815646772,0.9408591985702515,0.059140801429748535,0.05156016838729259,4.885545493655761
frame_011,frame_012,11,12,50,1,False,False,285,Egyptian cat,0.9996655376202674,0.0003345183247489558,0.999516487121582,0.00048351287841796875,0.050078525079218165,4.761999014340951
frame_011,frame_013,11,13,50,2,False,False,285,Egyptian cat,0.9951208438678264,0.004891098074691236,0.9941160082817078,0.005883991718292236,0.04736591510106297,4.752238290161827
frame_011,frame_014,11,14,50,3,False,False,285,Egyptian cat,0.9869806481515863,0.013104846476851506,0.9865276217460632,0.013472378253936768,0.0504032451477239,4.721656089130471
frame_011,frame_015,11,15,50,4,False,False,285,Egyptian cat,0.9336466154563402,0.0686572683904636,0.9492235779762268,0.05077642202377319,0.0363340341087079,4.794117172531276
frame_012,frame_000,12,0,5,-12,False,False,359,"black-footed ferret, ferret, Mustela nigripes",0.3789808661243953,0.9702695603340361,0.601797878742218,0.398202121257782,0.032025515591140696,5.400427514712929
frame_012,frame_001,12,1,5,-11,False,False,359,"black-footed ferret, ferret, Mustela nigripes",0.23385739431658306,1.4530437753974486,0.5471526384353638,0.45284736156463623,0.019062222825251777,5.445187953730583
frame_012,frame_002,12,2,5,-10,False,False,452,"bonnet, poke bonnet",0.21241509519128746,1.5492129225008506,0.5305840373039246,0.46941596269607544,0.027073082803266518,5.434413120575142
frame_012,frame_003,12,3,5,-9,False,False,452,"bonnet, poke bonnet",0.42350864493434687,0.8591813520302565,0.6070246696472168,0.3929753303527832,0.03432045532855786,5.311488305958878
frame_012,frame_004,12,4,5,-8,False,False,452,"bonnet, poke bonnet",0.2460023511613723,1.4024141855288934,0.5142706632614136,0.4857293367385864,0.03899450303088363,5.382239167014462
frame_012,frame_005,12,5,5,-7,False,True,411,apron,0.09575743003612179,2.345937055643495,0.48953211307525635,0.5104678869247437,0.04252653890921726,5.420345616298533
frame_012,frame_006,12,6,5,-6,False,False,359,"black-footed ferret, ferret, Mustela nigripes",0.19767809991887428,1.6211153292516887,0.5310007333755493,0.4689992666244507,0.04721531941878278,5.304446178305006
frame_012,frame_007,12,7,5,-5,False,False,452,"bonnet, poke bonnet",0.44331995157814924,0.8134635313001954,0.6498110294342041,0.3501889705657959,0.02512467607525003,5.458240412781681
frame_012,frame_008,12,8,5,-4,True,False,285,Egyptian cat,0.5191619695251346,0.6555393644931922,0.6891446113586426,0.3108553886413574,0.0132798105914058,5.568000307237846
frame_012,frame_009,12,9,5,-3,False,False,452,"bonnet, poke bonnet",0.4715944427477647,0.7516358942141257,0.6695315837860107,0.33046841621398926,0.02553541174554413,5.524929946252408
frame_012,frame_010,12,10,5,-2,False,False,359,"black-footed ferret, ferret, Mustela nigripes",0.19242948987383107,1.6480254787232447,0.5576224327087402,0.44237756729125977,0.025479852941698394,5.387224054663704
frame_012,frame_011,12,11,5,-1,False,False,285,Egyptian cat,0.4738782610246267,0.7468048235557543,0.6628512144088745,0.3371487855911255,0.020725723468278747,5.3433453863923575
frame_012,frame_013,12,13,5,1,False,False,285,Egyptian cat,0.31342014997011164,1.1602106563915155,0.590308666229248,0.40969133377075195,0.02832513481677727,5.344633982523964
frame_012,frame_014,12,14,5,2,False,False,452,"bonnet, poke bonnet",0.23302859013760355,1.456594128490778,0.5613734722137451,0.4386265277862549,0.021366614677211015,5.344000814686261
frame_012,frame_015,12,15,5,3,False,False,359,"black-footed ferret, ferret, Mustela nigripes",0.24221995725738119,1.41790905135122,0.5859725475311279,0.41402745246887207,0.02600315208161308,5.333367341246001
frame_012,frame_000,12,0,10,-12,False,False,359,"black-footed ferret, ferret, Mustela nigripes",0.2095988355838609,1.5625598819711923,0.5145654082298279,0.4854345917701721,0.045837148986489926,4.852347095961957
frame_012,frame_001,12,1,10,-11,False,False,179,"Staffordshire bullterrier, Staffordshire bull terrier",0.19341174841447875,1.6429339510939958,0.47941380739212036,0.5205861926078796,0.08745037763857484,4.644132026431885
frame_012,frame_002,12,2,10,-10,False,True,86,partridge,0.07924246388130926,2.535242963726696,0.4395156502723694,0.5604843497276306,0.04660820887155296,4.892817468198407
frame_012,frame_003,12,3,10,-9,False,False,86,partridge,0.6505952907097935,0.4298675033493575,0.7204797267913818,0.27952027320861816,0.04577317433075199,4.783769969240644
frame_012,frame_004,12,4,10,-8,False,False,179,"Staffordshire bullterrier, Staffordshire bull terrier",0.08990158621946841,2.409039693394721,0.4511691927909851,0.5488308072090149,0.044940706241828575,5.012245453218891
frame_012,frame_005,12,5,10,-7,False,False,359,"black-footed ferret, ferret, Mustela nigripes",0.3258567716103659,1.1212973450467576,0.5600395202636719,0.4399604797363281,0.06388389975163221,4.983711205626817
frame_012,frame_006,12,6,10,-6,False,False,735,poncho,0.3153688322974792,1.1540124289383362,0.5591838359832764,0.44081616401672363,0.08514792242769231,4.776395112472804
frame_012,frame_007,12,7,10,-5,False,False,452,"bonnet, poke bonnet",0.2554848175949607,1.3645922934328754,0.5537025928497314,0.44629740715026855,0.05552683441886986,4.830861061269167
frame_012,frame_008,12,8,10,-4,True,False,285,Egyptian cat,0.9983422915093401,0.0016590840097299164,0.9977468252182007,0.0022531747817993164,0.052587878948869494,4.847430149757065
frame_012,frame_009,12,9,10,-3,False,False,285,Egyptian cat,0.9908343413457807,0.009207921747781178,0.9884383082389832,0.011561691761016846,0.06426232077795171,4.81618710885858
frame_012,frame_010,12,10,10,-2,False,False,285,Egyptian cat,0.7750272904812815,0.2548570367245375,0.8198966383934021,0.1801033616065979,0.07389190824307575,4.5923371972198375
frame_012,frame_011,12,11,10,-1,False,False,285,Egyptian cat,0.9927004897722851,0.0073262820126679395,0.9914448261260986,0.008555173873901367,0.06970858013129576,4.451090180896266
frame_012,frame_013,12,13,10,1,False,False,285,Egyptian cat,0.9861438344768446,0.01395305826711657,0.9849602580070496,0.01503974199295044,0.10262727730743688,4.312839546569824
frame_012,frame_014,12,14,10,2,False,False,285,Egyptian cat,0.9592124693166382,0.04164267564874269,0.9606310129165649,0.03936898708343506,0.0946143370286871,4.3449121554452415
frame_012,frame_015,12,15,10,3,False,False,285,Egyptian cat,0.9055422932904367,0.09922129563683724,0.9173482656478882,0.08265173435211182,0.08218044926603199,4.379885029259166
frame_012,frame_000,12,0,20,-12,False,False,198,standard schnauzer,0.2167652532574265,1.5289402932142373,0.5381695032119751,0.4618304967880249,0.05259415515515355,4.9725435681080095
frame_012,frame_001,12,1,20,-11,False,False,179,"Staffordshire bullterrier, Staffordshire bull terrier",0.34809961673095474,1.0552665851967928,0.5549149513244629,0.4450850486755371,0.06077587899898416,4.760961270507753
frame_012,frame_002,12,2,20,-10,False,True,452,"bonnet, poke bonnet",0.09751649791252708,2.3277337059333725,0.39947032928466797,0.600529670715332,0.05875810509200369,4.697501954305856
frame_012,frame_003,12,3,20,-9,False,False,452,"bonnet, poke bonnet",0.13718925061807521,1.9863939150244958,0.4539071321487427,0.5460928678512573,0.05779898069758146,4.5775518828741975
frame_012,frame_004,12,4,20,-8,False,False,237,miniature pinscher,0.11928493027518894,2.1262402757515204,0.46534234285354614,0.5346576571464539,0.06388660570668556,4.755731264377453
frame_012,frame_005,12,5,20,-7,False,False,240,Appenzeller,0.10668264259665633,2.2378968087278786,0.4267544150352478,0.5732455849647522,0.055444154527844416,4.930964908159298
frame_012,frame_006,12,6,20,-6,False,False,703,park bench,0.11443577502051339,2.1677415302119627,0.47908276319503784,0.5209172368049622,0.042566488980244704,4.961776842394264
frame_012,frame_007,12,7,20,-5,False,False,452,"bonnet, poke bonnet",0.20130409679728967,1.6029385948430885,0.5207684636116028,0.4792315363883972,0.044309783903442486,5.006123872813138
frame_012,frame_008,12,8,20,-4,True,False,285,Egyptian cat,0.9988088373017521,0.0011918726964063042,0.9980785846710205,0.0019214153289794922,0.02931930868484446,5.250047587880169
frame_012,frame_009,12,9,20,-3,False,False,285,Egyptian cat,0.9897294398172327,0.010323666318776237,0.9875651001930237,0.012434899806976318,0.03865912241402331,5.199651852137111
frame_012,frame_010,12,10,20,-2,False,False,285,Egyptian cat,0.6660570700112189,0.4063799214054509,0.7878318428993225,0.2121681571006775,0.06271737081041283,4.951470594216362
frame_012,frame_011,12,11,20,-1,False,False,285,Egyptian cat,0.9968313350160349,0.0031736958330499387,0.9953821301460266,0.004617869853973389,0.07114379199522496,4.853238154682144
frame_012,frame_013,12,13,20,1,False,False,285,Egyptian cat,0.9741864551682043,0.026152561249560335,0.9733821153640747,0.026617884635925293,0.06007127894330232,4.8522937024612585
frame_012,frame_014,12,14,20,2,False,False,285,Egyptian cat,0.9249397782930553,0.07802664813715321,0.9295470714569092,0.07045292854309082,0.07692243906953615,4.8132611554625795
frame_012,frame_015,12,15,20,3,False,False,285,Egyptian cat,0.9086227283430305,0.0958253112844325,0.9170733094215393,0.0829266905784607,0.05698705813237181,4.736115387241094
frame_012,frame_000,12,0,30,-12,False,False,198,standard schnauzer,0.21914889466251447,1.5180038958785467,0.6094505786895752,0.3905494213104248,0.013477198763795394,5.775449268173434
frame_012,frame_001,12,1,30,-11,False,False,749,"quill, quill pen",0.22991580292827052,1.4700421113053785,0.5759024620056152,0.42409753799438477,0.015000220331720892,5.772372626033198
frame_012,frame_002,12,2,30,-10,False,True,749,"quill, quill pen",0.16170490435381032,1.8219821829034828,0.5112547278404236,0.4887452721595764,0.014672526430248316,5.802756830653934
frame_012,frame_003,12,3,30,-9,False,False,749,"quill, quill pen",0.17655609812872652,1.7341166166847017,0.5644675493240356,0.43553245067596436,0.016000293281774925,5.766786074840955
frame_012,frame_004,12,4,30,-8,False,False,237,miniature pinscher,0.21517107658779808,1.5363218622003867,0.5203133821487427,0.4796866178512573,0.017065819047499715,5.807872052964336
frame_012,frame_005,12,5,30,-7,False,False,255,Leonberg,0.2203428760308035,1.512570418460462,0.5354921817779541,0.4645078182220459,0.027711506923194917,5.773427463102566
frame_012,frame_006,12,6,30,-6,False,False,187,Yorkshire terrier,0.18859686633595274,1.6681435243187348,0.5936232209205627,0.40637677907943726,0.014385252987627271,5.762783211176137
frame_012,frame_007,12,7,30,-5,False,False,187,Yorkshire terrier,0.3134099448894993,1.1602432173061779,0.7024943828582764,0.29750561714172363,0.012654557190073232,5.820208783765224
frame_012,frame_008,12,8,30,-4,True,False,285,Egyptian cat,0.9994469670532103,0.0005531859259140237,0.999130368232727,0.0008696317672729492,0.012149053454981395,5.886861111638254
frame_012,frame_009,12,9,30,-3,False,False,285,Egyptian cat,0.9881334985810282,0.011937470340873446,0.9870608448982239,0.012939155101776123,0.010546116120920454,5.893290626132576
frame_012,frame_010,12,10,30,-2,False,False,285,Egyptian cat,0.7024989646724703,0.35311135155116524,0.8278930187225342,0.17210698127746582,0.015283133978770517,5.812569915929073
frame_012,frame_011,12,11,30,-1,False,False,285,Egyptian cat,0.9961973382830535,0.0038099102165762844,0.9947184324264526,0.005281567573547363,0.012239112495930656,5.778364656584285
frame_012,frame_013,12,13,30,1,False,False,285,Egyptian cat,0.969101647196429,0.031385773525371086,0.9697583317756653,0.030241668224334717,0.014921162325609007,5.7675525717044165
frame_012,frame_014,12,14,30,2,False,False,285,Egyptian cat,0.9433070772949376,0.058363410656565584,0.9469696283340454,0.05303037166595459,0.017009800381035653,5.741332496102057
frame_012,frame_015,12,15,30,3,False,False,285,Egyptian cat,0.9360606150364864,0.06607504494699512,0.9411917328834534,0.05880826711654663,0.015860706422184876,5.759208119286591
frame_012,frame_000,12,0,40,-12,False,False,359,"black-footed ferret, ferret, Mustela nigripes",0.31397885287339145,1.1584296428788008,0.6505299806594849,0.34947001934051514,0.0903288954676488,4.1867386521802095
frame_012,frame_001,12,1,40,-11,False,False,281,"tabby, tabby cat",0.10642572445681629,2.240307960085863,0.5505198240280151,0.44948017597198486,0.12782177512848142,4.162881149361375
frame_012,frame_002,12,2,40,-10,False,False,32,"tailed frog, bell toad, ribbed toad, tailed toad, Ascaphus trui",0.637166434208702,0.45072437934455145,0.72383052110672,0.27616947889328003,0.06551276878267331,4.339014957108327
frame_012,frame_003,12,3,40,-9,False,True,452,"bonnet, poke bonnet",0.25326232184106834,1.3733294821857456,0.5361505150794983,0.4638494849205017,0.10221778696782374,4.1520702592268535
frame_012,frame_004,12,4,40,-8,False,False,159,Rhodesian ridgeback,0.24572640149095465,1.4035365510521505,0.5584396123886108,0.44156038761138916,0.0985414466684792,4.10242182396013
frame_012,frame_005,12,5,40,-7,False,False,255,Leonberg,0.17985725539193825,1.7155917683034119,0.5430154800415039,0.4569845199584961,0.12724056913970527,4.0152333409857786
frame_012,frame_006,12,6,40,-6,False,False,32,"tailed frog, bell toad, ribbed toad, tailed toad, Ascaphus trui",0.46446316293146966,0.7668730286492025,0.6848572492599487,0.31514275074005127,0.12151858329216404,3.76976416931313
frame_012,frame_007,12,7,40,-5,False,False,187,Yorkshire terrier,0.4049646156274907,0.9039555845134863,0.7023158073425293,0.2976841926574707,0.08717583062799202,4.130126944803152
frame_012,frame_008,12,8,40,-4,True,False,285,Egyptian cat,0.9999111748564928,8.882908869378703e-05,0.999836266040802,0.00016373395919799805,0.07165202651578749,4.3016442822870555
frame_012,frame_009,12,9,40,-3,False,False,285,Egyptian cat,0.9973666745062049,0.0026367987942670368,0.9968904256820679,0.003109574317932129,0.06659816808739423,4.334215289822816
frame_012,frame_010,12,10,40,-2,False,False,285,Egyptian cat,0.8806338632152141,0.12711333169258587,0.9265038967132568,0.07349610328674316,0.06836368290032128,4.124986573994765
frame_012,frame_011,12,11,40,-1,False,False,285,Egyptian cat,0.9989997200969949,0.0010007805168110728,0.9986549019813538,0.0013450980186462402,0.06726068329088572,4.09353235345028
frame_012,frame_013,12,13,40,1,False,False,285,Egyptian cat,0.9962999861193003,0.003706875863575654,0.9955837726593018,0.004416227340698242,0.09815728916104924,3.8201543565278016
frame_012,frame_014,12,14,40,2,False,False,285,Egyptian cat,0.9888182266404848,0.011244759357492917,0.988090991973877,0.011909008026123047,0.08584526232321626,3.8924505831980207
frame_012,frame_015,12,15,40,3,False,False,285,Egyptian cat,0.9746514968466734,0.02567531101249987,0.9751741886138916,0.0248258113861084,0.09582764012122442,3.994262632833741
frame_012,frame_000,12,0,50,-12,False,False,359,"black-footed ferret, ferret, Mustela nigripes",0.7112873656126041,0.3406787597895615,0.8075382709503174,0.19246172904968262,0.04516383938531145,4.8954668688386285
frame_012,frame_001,12,1,50,-11,False,False,359,"black-footed ferret, ferret, Mustela nigripes",0.1897769356385125,1.6619059194816703,0.6113784313201904,0.38862156867980957,0.047026287870979615,4.806337142205434
frame_012,frame_002,12,2,50,-10,False,False,32,"tailed frog, bell toad, ribbed toad, tailed toad, Ascaphus trui",0.24763942737025169,1.3957815126813333,0.5630105137825012,0.4369894862174988,0.06602770094120618,4.7564479874261645
frame_012,frame_003,12,3,50,-9,False,False,452,"bonnet, poke bonnet",0.36729675048674926,1.0015851732232868,0.5991365909576416,0.4008634090423584,0.09851351569304896,4.538359373303313
frame_012,frame_004,12,4,50,-8,False,True,106,wombat,0.2834766853523643,1.2606253978121096,0.5615552663803101,0.43844473361968994,0.05186953397506537,4.798659781123638
frame_012,frame_005,12,5,50,-7,False,False,255,Leonberg,0.35593751340431634,1.033000087681451,0.6171365976333618,0.3828634023666382,0.055415290346463426,4.81568646857077
frame_012,frame_006,12,6,50,-6,False,False,359,"black-footed ferret, ferret, Mustela nigripes",0.35460302754000034,1.036756347476615,0.6387323141098022,0.36126768589019775,0.04566638644468517,4.755962364612633
frame_012,frame_007,12,7,50,-5,False,False,187,Yorkshire terrier,0.31459349910086487,1.1564739525865146,0.6784020662307739,0.3215979337692261,0.04085208886001309,4.941100723718062
frame_012,frame_008,12,8,50,-4,True,False,285,Egyptian cat,0.9999670671450581,3.293339724019795e-05,0.9999382495880127,6.175041198730469e-05,0.035171274072142496,5.078982823468063
frame_012,frame_009,12,9,50,-3,False,False,285,Egyptian cat,0.9993443894676697,0.0006558255388942058,0.9990822076797485,0.0009177923202514648,0.029338937466540663,5.2293469459776265
frame_012,frame_010,12,10,50,-2,False,False,285,Egyptian cat,0.9088304024665833,0.09559677815646772,0.9408591985702515,0.059140801429748535,0.05893255717439725,4.814354389362823
frame_012,frame_011,12,11,50,-1,False,False,285,Egyptian cat,0.9997179201179066,0.00028211967410651795,0.999549150466919,0.0004508495330810547,0.051501575908866795,4.669217235011661
frame_012,frame_013,12,13,50,1,False,False,285,Egyptian cat,0.9951208438678264,0.004891098074691236,0.9941160082817078,0.005883991718292236,0.05123165655931018,4.694677118286652
frame_012,frame_014,12,14,50,2,False,False,285,Egyptian cat,0.9869806481515863,0.013104846476851506,0.9865276217460632,0.013472378253936768,0.052891809695367595,4.65264849127638
frame_012,frame_015,12,15,50,3,False,False,285,Egyptian cat,0.9336466154563402,0.0686572683904636,0.9492235779762268,0.05077642202377319,0.04069089799554913,4.720431570074418
frame_013,frame_000,13,0,5,-13,False,False,359,"black-footed ferret, ferret, Mustela nigripes",0.3789808661243953,0.9702695603340361,0.601797878742218,0.398202121257782,0.03409333949279146,5.421630183350171
frame_013,frame_001,13,1,5,-12,False,False,359,"black-footed ferret, ferret, Mustela nigripes",0.23385739431658306,1.4530437753974486,0.5471526384353638,0.45284736156463623,0.019022546290593967,5.481690325650889
frame_013,frame_002,13,2,5,-11,False,False,452,"bonnet, poke bonnet",0.21241509519128746,1.5492129225008506,0.5305840373039246,0.46941596269607544,0.02573853720125045,5.462060823937191
frame_013,frame_003,13,3,5,-10,False,False,452,"bonnet, poke bonnet",0.42350864493434687,0.8591813520302565,0.6070246696472168,0.3929753303527832,0.033101704531893775,5.35622013658465
frame_013,frame_004,13,4,5,-9,False,False,452,"bonnet, poke bonnet",0.2460023511613723,1.4024141855288934,0.5142706632614136,0.4857293367385864,0.037024513257141234,5.448944020379006
frame_013,frame_005,13,5,5,-8,False,True,411,apron,0.09575743003612179,2.345937055643495,0.48953211307525635,0.5104678869247437,0.04203890966637113,5.471201062713883
frame_013,frame_006,13,6,5,-7,False,False,359,"black-footed ferret, ferret, Mustela nigripes",0.19767809991887428,1.6211153292516887,0.5310007333755493,0.4689992666244507,0.04353229254397921,5.366538195718613
frame_013,frame_007,13,7,5,-6,False,False,452,"bonnet, poke bonnet",0.44331995157814924,0.8134635313001954,0.6498110294342041,0.3501889705657959,0.02260287875813175,5.500972627248686
frame_013,frame_008,13,8,5,-5,False,False,285,Egyptian cat,0.5191619695251346,0.6555393644931922,0.6891446113586426,0.3108553886413574,0.01434495482311131,5.61155953437439
frame_013,frame_009,13,9,5,-4,False,False,452,"bonnet, poke bonnet",0.4715944427477647,0.7516358942141257,0.6695315837860107,0.33046841621398926,0.023400184041707666,5.567025608110148
frame_013,frame_010,13,10,5,-3,False,False,359,"black-footed ferret, ferret, Mustela nigripes",0.19242948987383107,1.6480254787232447,0.5576224327087402,0.44237756729125977,0.023615812682859557,5.42428555728461
frame_013,frame_011,13,11,5,-2,False,False,285,Egyptian cat,0.4738782610246267,0.7468048235557543,0.6628512144088745,0.3371487855911255,0.019529562382535497,5.376994833189759
frame_013,frame_012,13,12,5,-1,True,False,285,Egyptian cat,0.5649142611741608,0.5710813094851415,0.7071616649627686,0.29283833503723145,0.024493714731963018,5.40334113095529
frame_013,frame_014,13,14,5,1,False,False,452,"bonnet, poke bonnet",0.23302859013760355,1.456594128490778,0.5613734722137451,0.4386265277862549,0.022972816365213734,5.369900398665372
frame_013,frame_015,13,15,5,2,False,False,359,"black-footed ferret, ferret, Mustela nigripes",0.24221995725738119,1.41790905135122,0.5859725475311279,0.41402745246887207,0.02361198316289176,5.362318460936162
frame_013,frame_000,13,0,10,-13,False,False,359,"black-footed ferret, ferret, Mustela nigripes",0.2095988355838609,1.5625598819711923,0.5145654082298279,0.4854345917701721,0.040389760850196556,4.896714412865135
frame_013,frame_001,13,1,10,-12,False,False,179,"Staffordshire bullterrier, Staffordshire bull terrier",0.19341174841447875,1.6429339510939958,0.47941380739212036,0.5205861926078796,0.07224913213036109,4.70507124475346
frame_013,frame_002,13,2,10,-11,False,True,86,partridge,0.07924246388130926,2.535242963726696,0.4395156502723694,0.5604843497276306,0.05695840322811164,4.893167555168305
frame_013,frame_003,13,3,10,-10,False,False,86,partridge,0.6505952907097935,0.4298675033493575,0.7204797267913818,0.27952027320861816,0.0453693339497253,4.771053904500006
frame_013,frame_004,13,4,10,-9,False,False,179,"Staffordshire bullterrier, Staffordshire bull terrier",0.08990158621946841,2.409039693394721,0.4511691927909851,0.5488308072090149,0.051131971324323164,4.990814489116544
frame_013,frame_005,13,5,10,-8,False,False,359,"black-footed ferret, ferret, Mustela nigripes",0.3258567716103659,1.1212973450467576,0.5600395202636719,0.4399604797363281,0.0558103653277404,4.982871119501274
frame_013,frame_006,13,6,10,-7,False,False,735,poncho,0.3153688322974792,1.1540124289383362,0.5591838359832764,0.44081616401672363,0.07076385541254206,4.817506496263531
frame_013,frame_007,13,7,10,-6,False,False,452,"bonnet, poke bonnet",0.2554848175949607,1.3645922934328754,0.5537025928497314,0.44629740715026855,0.04770746788079168,4.84497890578799
frame_013,frame_008,13,8,10,-5,True,False,285,Egyptian cat,0.9983422915093401,0.0016590840097299164,0.9977468252182007,0.0022531747817993164,0.04515669883811945,4.862031172307226
frame_013,frame_009,13,9,10,-4,False,False,285,Egyptian cat,0.9908343413457807,0.009207921747781178,0.9884383082389832,0.011561691761016846,0.06204066674981435,4.8372501741519685
frame_013,frame_010,13,10,10,-3,False,False,285,Egyptian cat,0.7750272904812815,0.2548570367245375,0.8198966383934021,0.1801033616065979,0.07482396710795312,4.6202307635084985
frame_013,frame_011,13,11,10,-2,False,False,285,Egyptian cat,0.9927004897722851,0.0073262820126679395,0.9914448261260986,0.008555173873901367,0.07283056718654579,4.48450393583836
frame_013,frame_012,13,12,10,-1,False,False,285,Egyptian cat,0.9957637413287515,0.0042452570369415354,0.9949667453765869,0.005033254623413086,0.07811012941874057,4.474742922009932
frame_013,frame_014,13,14,10,1,False,False,285,Egyptian cat,0.9592124693166382,0.04164267564874269,0.9606310129165649,0.03936898708343506,0.09167300802969486,4.3610314535291135
frame_013,frame_015,13,15,10,2,False,False,285,Egyptian cat,0.9055422932904367,0.09922129563683724,0.9173482656478882,0.08265173435211182,0.08410009074972907,4.396111204347429
frame_013,frame_000,13,0,20,-13,False,False,198,standard schnauzer,0.2167652532574265,1.5289402932142373,0.5381695032119751,0.4618304967880249,0.05971473421387422,4.826670311499701
frame_013,frame_001,13,1,20,-12,False,False,179,"Staffordshire bullterrier, Staffordshire bull terrier",0.34809961673095474,1.0552665851967928,0.5549149513244629,0.4450850486755371,0.0678423121077923,4.5892303767428295
frame_013,frame_002,13,2,20,-11,False,True,452,"bonnet, poke bonnet",0.09751649791252708,2.3277337059333725,0.39947032928466797,0.600529670715332,0.06386105030517884,4.519013044729109
frame_013,frame_003,13,3,20,-10,False,False,452,"bonnet, poke bonnet",0.13718925061807521,1.9863939150244958,0.4539071321487427,0.5460928678512573,0.07299074478429769,4.407877229631952
frame_013,frame_004,13,4,20,-9,False,False,237,miniature pinscher,0.11928493027518894,2.1262402757515204,0.46534234285354614,0.5346576571464539,0.06351572351397136,4.65475407491816
frame_013,frame_005,13,5,20,-8,False,False,240,Appenzeller,0.10668264259665633,2.2378968087278786,0.4267544150352478,0.5732455849647522,0.05807307366221968,4.8194967249676655
frame_013,frame_006,13,6,20,-7,False,False,703,park bench,0.11443577502051339,2.1677415302119627,0.47908276319503784,0.5209172368049622,0.04200835527878838,4.85724907569055
frame_013,frame_007,13,7,20,-6,False,False,452,"bonnet, poke bonnet",0.20130409679728967,1.6029385948430885,0.5207684636116028,0.4792315363883972,0.046153246862796454,4.884640929863628
frame_013,frame_008,13,8,20,-5,True,False,285,Egyptian cat,0.9988088373017521,0.0011918726964063042,0.9980785846710205,0.0019214153289794922,0.03757898913784411,5.130189039231391
frame_013,frame_009,13,9,20,-4,False,False,285,Egyptian cat,0.9897294398172327,0.010323666318776237,0.9875651001930237,0.012434899806976318,0.03784806327475156,5.10472844226978
frame_013,frame_010,13,10,20,-3,False,False,285,Egyptian cat,0.6660570700112189,0.4063799214054509,0.7878318428993225,0.2121681571006775,0.07431609927925281,4.809780764965603
frame_013,frame_011,13,11,20,-2,False,False,285,Egyptian cat,0.9968313350160349,0.0031736958330499387,0.9953821301460266,0.004617869853973389,0.08002568836887433,4.701127754126284
frame_013,frame_012,13,12,20,-1,False,False,285,Egyptian cat,0.9978700213539433,0.002132250276829617,0.9968751072883606,0.0031248927116394043,0.058766887155201605,4.696258672696514
frame_013,frame_014,13,14,20,1,False,False,285,Egyptian cat,0.9249397782930553,0.07802664813715321,0.9295470714569092,0.07045292854309082,0.08984521847888263,4.6462478442939785
frame_013,frame_015,13,15,20,2,False,False,285,Egyptian cat,0.9086227283430305,0.0958253112844325,0.9170733094215393,0.0829266905784607,0.0681267084854247,4.584876207156652
frame_013,frame_000,13,0,30,-13,False,False,198,standard schnauzer,0.21914889466251447,1.5180038958785467,0.6094505786895752,0.3905494213104248,0.016731273625704673,5.755018965052395
frame_013,frame_001,13,1,30,-12,False,False,749,"quill, quill pen",0.22991580292827052,1.4700421113053785,0.5759024620056152,0.42409753799438477,0.01656613703740939,5.755204679606427
frame_013,frame_002,13,2,30,-11,False,True,749,"quill, quill pen",0.16170490435381032,1.8219821829034828,0.5112547278404236,0.4887452721595764,0.0157733427757735,5.777088018087767
frame_013,frame_003,13,3,30,-10,False,False,749,"quill, quill pen",0.17655609812872652,1.7341166166847017,0.5644675493240356,0.43553245067596436,0.019233649474996253,5.741627434757383
frame_013,frame_004,13,4,30,-9,False,False,237,miniature pinscher,0.21517107658779808,1.5363218622003867,0.5203133821487427,0.4796866178512573,0.01517786734593892,5.795780861144042
frame_013,frame_005,13,5,30,-8,False,False,255,Leonberg,0.2203428760308035,1.512570418460462,0.5354921817779541,0.4645078182220459,0.025335723898762038,5.764866160686334
frame_013,frame_006,13,6,30,-7,False,False,187,Yorkshire terrier,0.18859686633595274,1.6681435243187348,0.5936232209205627,0.40637677907943726,0.014057679332882236,5.742374063154019
frame_013,frame_007,13,7,30,-6,False,False,187,Yorkshire terrier,0.3134099448894993,1.1602432173061779,0.7024943828582764,0.29750561714172363,0.016109188938318444,5.798906694847334
frame_013,frame_008,13,8,30,-5,True,False,285,Egyptian cat,0.9994469670532103,0.0005531859259140237,0.999130368232727,0.0008696317672729492,0.01039374425108913,5.893689597535629
frame_013,frame_009,13,9,30,-4,False,False,285,Egyptian cat,0.9881334985810282,0.011937470340873446,0.9870608448982239,0.012939155101776123,0.010657251729392928,5.892412989823039
frame_013,frame_010,13,10,30,-3,False,False,285,Egyptian cat,0.7024989646724703,0.35311135155116524,0.8278930187225342,0.17210698127746582,0.013686223861738159,5.791080819490394
frame_013,frame_011,13,11,30,-2,False,False,285,Egyptian cat,0.9961973382830535,0.0038099102165762844,0.9947184324264526,0.005281567573547363,0.012375112705993917,5.7653308549056135
frame_013,frame_012,13,12,30,-1,False,False,285,Egyptian cat,0.9951469478203389,0.0048648664764883165,0.9941042065620422,0.005895793437957764,0.01528020945975847,5.7805510235746205
frame_013,frame_014,13,14,30,1,False,False,285,Egyptian cat,0.9433070772949376,0.058363410656565584,0.9469696283340454,0.05303037166595459,0.019866005960666844,5.705374496274929
frame_013,frame_015,13,15,30,2,False,False,285,Egyptian cat,0.9360606150364864,0.06607504494699512,0.9411917328834534,0.05880826711654663,0.02262179591542601,5.725181054787171
frame_013,frame_000,13,0,40,-13,False,False,359,"black-footed ferret, ferret, Mustela nigripes",0.31397885287339145,1.1584296428788008,0.6505299806594849,0.34947001934051514,0.0892641548674747,4.212134534383832
frame_013,frame_001,13,1,40,-12,False,False,281,"tabby, tabby cat",0.10642572445681629,2.240307960085863,0.5505198240280151,0.44948017597198486,0.10868906417162998,4.225317608734236
frame_013,frame_002,13,2,40,-11,False,False,32,"tailed frog, bell toad, ribbed toad, tailed toad, Ascaphus trui",0.637166434208702,0.45072437934455145,0.72383052110672,0.27616947889328003,0.06463008400278657,4.372533358353816
frame_013,frame_003,13,3,40,-10,False,True,452,"bonnet, poke bonnet",0.25326232184106834,1.3733294821857456,0.5361505150794983,0.4638494849205017,0.09978506668503995,4.091794803355465
frame_013,frame_004,13,4,40,-9,False,False,159,Rhodesian ridgeback,0.24572640149095465,1.4035365510521505,0.5584396123886108,0.44156038761138916,0.08889381308951347,4.052356634475556
frame_013,frame_005,13,5,40,-8,False,False,255,Leonberg,0.17985725539193825,1.7155917683034119,0.5430154800415039,0.4569845199584961,0.12826372750168724,4.024769558354396
frame_013,frame_006,13,6,40,-7,False,False,32,"tailed frog, bell toad, ribbed toad, tailed toad, Ascaphus trui",0.46446316293146966,0.7668730286492025,0.6848572492599487,0.31514275074005127,0.1117785888844028,3.791520326276073
frame_013,frame_007,13,7,40,-6,False,False,187,Yorkshire terrier,0.4049646156274907,0.9039555845134863,0.7023158073425293,0.2976841926574707,0.09260796842657715,4.152627531948241
frame_013,frame_008,13,8,40,-5,True,False,285,Egyptian cat,0.9999111748564928,8.882908869378703e-05,0.999836266040802,0.00016373395919799805,0.06515149045001914,4.257760530249941
frame_013,frame_009,13,9,40,-4,False,False,285,Egyptian cat,0.9973666745062049,0.0026367987942670368,0.9968904256820679,0.003109574317932129,0.06889090075165925,4.330188032342457
frame_013,frame_010,13,10,40,-3,False,False,285,Egyptian cat,0.8806338632152141,0.12711333169258587,0.9265038967132568,0.07349610328674316,0.07418686000010706,4.095687501455598
frame_013,frame_011,13,11,40,-2,False,False,285,Egyptian cat,0.9989997200969949,0.0010007805168110728,0.9986549019813538,0.0013450980186462402,0.07182254400215027,4.082657694479721
frame_013,frame_012,13,12,40,-1,False,False,285,Egyptian cat,0.9991511313602377,0.0008492291327679702,0.9989095330238342,0.0010904669761657715,0.08482791654955159,3.9830678521881673
frame_013,frame_014,13,14,40,1,False,False,285,Egyptian cat,0.9888182266404848,0.011244759357492917,0.988090991973877,0.011909008026123047,0.09603580013738791,3.8649132584973636
frame_013,frame_015,13,15,40,2,False,False,285,Egyptian cat,0.9746514968466734,0.02567531101249987,0.9751741886138916,0.0248258113861084,0.09323514123078133,3.9702950557547103
frame_013,frame_000,13,0,50,-13,False,False,359,"black-footed ferret, ferret, Mustela nigripes",0.7112873656126041,0.3406787597895615,0.8075382709503174,0.19246172904968262,0.04451603787505729,4.897411669483379
frame_013,frame_001,13,1,50,-12,False,False,359,"black-footed ferret, ferret, Mustela nigripes",0.1897769356385125,1.6619059194816703,0.6113784313201904,0.38862156867980957,0.04479961833607596,4.87262105659404
frame_013,frame_002,13,2,50,-11,False,False,32,"tailed frog, bell toad, ribbed toad, tailed toad, Ascaphus trui",0.24763942737025169,1.3957815126813333,0.5630105137825012,0.4369894862174988,0.07184785772182235,4.69961837387972
frame_013,frame_003,13,3,50,-10,False,False,452,"bonnet, poke bonnet",0.36729675048674926,1.0015851732232868,0.5991365909576416,0.4008634090423584,0.1425182650885654,4.435881485140278
frame_013,frame_004,13,4,50,-9,False,True,106,wombat,0.2834766853523643,1.2606253978121096,0.5615552663803101,0.43844473361968994,0.03769928971838292,4.814871141279562
frame_013,frame_005,13,5,50,-8,False,False,255,Leonberg,0.35593751340431634,1.033000087681451,0.6171365976333618,0.3828634023666382,0.05086815461800885,4.838836321995492
frame_013,frame_006,13,6,50,-7,False,False,359,"black-footed ferret, ferret, Mustela nigripes",0.35460302754000034,1.036756347476615,0.6387323141098022,0.36126768589019775,0.033498790089162074,4.84227738894778
frame_013,frame_007,13,7,50,-6,False,False,187,Yorkshire terrier,0.31459349910086487,1.1564739525865146,0.6784020662307739,0.3215979337692261,0.03762423301549116,4.981030902527486
frame_013,frame_008,13,8,50,-5,True,False,285,Egyptian cat,0.9999670671450581,3.293339724019795e-05,0.9999382495880127,6.175041198730469e-05,0.04982031175553515,5.100967899682933
frame_013,frame_009,13,9,50,-4,False,False,285,Egyptian cat,0.9993443894676697,0.0006558255388942058,0.9990822076797485,0.0009177923202514648,0.04913681780907756,5.252166652462226
frame_013,frame_010,13,10,50,-3,False,False,285,Egyptian cat,0.9088304024665833,0.09559677815646772,0.9408591985702515,0.059140801429748535,0.05844850476537558,4.859161318462972
frame_013,frame_011,13,11,50,-2,False,False,285,Egyptian cat,0.9997179201179066,0.00028211967410651795,0.999549150466919,0.0004508495330810547,0.05218200060956358,4.751655333614702
frame_013,frame_012,13,12,50,-1,False,False,285,Egyptian cat,0.9996655376202674,0.0003345183247489558,0.999516487121582,0.00048351287841796875,0.06121999462781977,4.738430731658836
frame_013,frame_014,13,14,50,1,False,False,285,Egyptian cat,0.9869806481515863,0.013104846476851506,0.9865276217460632,0.013472378253936768,0.04734867586848569,4.748372843681656
frame_013,frame_015,13,15,50,2,False,False,285,Egyptian cat,0.9336466154563402,0.0686572683904636,0.9492235779762268,0.05077642202377319,0.04423043932579123,4.8152165847992725
frame_014,frame_000,14,0,5,-14,False,False,359,"black-footed ferret, ferret, Mustela nigripes",0.3789808661243953,0.9702695603340361,0.601797878742218,0.398202121257782,0.02869005897199936,5.4831038665559575
frame_014,frame_001,14,1,5,-13,False,False,359,"black-footed ferret, ferret, Mustela nigripes",0.23385739431658306,1.4530437753974486,0.5471526384353638,0.45284736156463623,0.01801706123607149,5.533920552689644
frame_014,frame_002,14,2,5,-12,False,False,452,"bonnet, poke bonnet",0.21241509519128746,1.5492129225008506,0.5305840373039246,0.46941596269607544,0.023936061255629346,5.516461611053078
frame_014,frame_003,14,3,5,-11,False,False,452,"bonnet, poke bonnet",0.42350864493434687,0.8591813520302565,0.6070246696472168,0.3929753303527832,0.02988713431963494,5.4105225949480085
frame_014,frame_004,14,4,5,-10,False,False,452,"bonnet, poke bonnet",0.2460023511613723,1.4024141855288934,0.5142706632614136,0.4857293367385864,0.03475397906487731,5.504306051537165
frame_014,frame_005,14,5,5,-9,False,True,411,apron,0.09575743003612179,2.345937055643495,0.48953211307525635,0.5104678869247437,0.03720000401503641,5.532358411210369
frame_014,frame_006,14,6,5,-8,False,False,359,"black-footed ferret, ferret, Mustela nigripes",0.19767809991887428,1.6211153292516887,0.5310007333755493,0.4689992666244507,0.03850736140041001,5.428055217867841
frame_014,frame_007,14,7,5,-7,False,False,452,"bonnet, poke bonnet",0.44331995157814924,0.8134635313001954,0.6498110294342041,0.3501889705657959,0.02026313530257075,5.550502071180615
frame_014,frame_008,14,8,5,-6,False,False,285,Egyptian cat,0.5191619695251346,0.6555393644931922,0.6891446113586426,0.3108553886413574,0.013702294855353986,5.662556642493598
frame_014,frame_009,14,9,5,-5,False,False,452,"bonnet, poke bonnet",0.4715944427477647,0.7516358942141257,0.6695315837860107,0.33046841621398926,0.02011951253711684,5.627851456841871
frame_014,frame_010,14,10,5,-4,False,False,359,"black-footed ferret, ferret, Mustela nigripes",0.19242948987383107,1.6480254787232447,0.5576224327087402,0.44237756729125977,0.02190152968581732,5.481604719442926
frame_014,frame_011,14,11,5,-3,False,False,285,Egyptian cat,0.4738782610246267,0.7468048235557543,0.6628512144088745,0.3371487855911255,0.01883238168125725,5.433368801319034
frame_014,frame_012,14,12,5,-2,True,False,285,Egyptian cat,0.5649142611741608,0.5710813094851415,0.7071616649627686,0.29283833503723145,0.021459748930539944,5.467649966913169
frame_014,frame_013,14,13,5,-1,False,False,285,Egyptian cat,0.31342014997011164,1.1602106563915155,0.590308666229248,0.40969133377075195,0.024680567568783708,5.4414297481035
frame_014,frame_015,14,15,5,1,False,False,359,"black-footed ferret, ferret, Mustela nigripes",0.24221995725738119,1.41790905135122,0.5859725475311279,0.41402745246887207,0.021705728072728806,5.425375396984389
frame_014,frame_000,14,0,10,-14,False,False,359,"black-footed ferret, ferret, Mustela nigripes",0.2095988355838609,1.5625598819711923,0.5145654082298279,0.4854345917701721,0.041381247689954256,4.872193572286522
frame_014,frame_001,14,1,10,-13,False,False,179,"Staffordshire bullterrier, Staffordshire bull terrier",0.19341174841447875,1.6429339510939958,0.47941380739212036,0.5205861926078796,0.07507398652521209,4.673425710889914
frame_014,frame_002,14,2,10,-12,False,True,86,partridge,0.07924246388130926,2.535242963726696,0.4395156502723694,0.5604843497276306,0.05659111588359541,4.883055225152109
frame_014,frame_003,14,3,10,-11,False,False,86,partridge,0.6505952907097935,0.4298675033493575,0.7204797267913818,0.27952027320861816,0.04184568717969138,4.770507899674338
frame_014,frame_004,14,4,10,-10,False,False,179,"Staffordshire bullterrier, Staffordshire bull terrier",0.08990158621946841,2.409039693394721,0.4511691927909851,0.5488308072090149,0.053870178499499946,4.991242365650647
frame_014,frame_005,14,5,10,-9,False,False,359,"black-footed ferret, ferret, Mustela nigripes",0.3258567716103659,1.1212973450467576,0.5600395202636719,0.4399604797363281,0.05698250580743431,4.988426746238881
frame_014,frame_006,14,6,10,-8,False,False,735,poncho,0.3153688322974792,1.1540124289383362,0.5591838359832764,0.44081616401672363,0.0763992602067254,4.800576642930279
frame_014,frame_007,14,7,10,-7,False,False,452,"bonnet, poke bonnet",0.2554848175949607,1.3645922934328754,0.5537025928497314,0.44629740715026855,0.05261770896498048,4.831764228958632
frame_014,frame_008,14,8,10,-6,True,False,285,Egyptian cat,0.9983422915093401,0.0016590840097299164,0.9977468252182007,0.0022531747817993164,0.048395332362783414,4.832101030695468
frame_014,frame_009,14,9,10,-5,False,False,285,Egyptian cat,0.9908343413457807,0.009207921747781178,0.9884383082389832,0.011561691761016846,0.06369713636964867,4.8080133359950805
frame_014,frame_010,14,10,10,-4,False,False,285,Egyptian cat,0.7750272904812815,0.2548570367245375,0.8198966383934021,0.1801033616065979,0.076142050915264,4.577958601176176
frame_014,frame_011,14,11,10,-3,False,False,285,Egyptian cat,0.9927004897722851,0.0073262820126679395,0.9914448261260986,0.008555173873901367,0.07308098168714107,4.44837859438505
frame_014,frame_012,14,12,10,-2,False,False,285,Egyptian cat,0.9957637413287515,0.0042452570369415354,0.9949667453765869,0.005033254623413086,0.08221173119675929,4.439597157340741
frame_014,frame_013,14,13,10,-1,False,False,285,Egyptian cat,0.9861438344768446,0.01395305826711657,0.9849602580070496,0.01503974199295044,0.10326075659520369,4.30246141506122
frame_014,frame_015,14,15,10,1,False,False,285,Egyptian cat,0.9055422932904367,0.09922129563683724,0.9173482656478882,0.08265173435211182,0.0882013127878935,4.368991298172647
frame_014,frame_000,14,0,20,-14,False,False,198,standard schnauzer,0.2167652532574265,1.5289402932142373,0.5381695032119751,0.4618304967880249,0.05756399400674187,4.928948379389256
frame_014,frame_001,14,1,20,-13,False,False,179,"Staffordshire bullterrier, Staffordshire bull terrier",0.34809961673095474,1.0552665851967928,0.5549149513244629,0.4450850486755371,0.06661650581025315,4.6894084914992415
frame_014,frame_002,14,2,20,-12,False,True,452,"bonnet, poke bonnet",0.09751649791252708,2.3277337059333725,0.39947032928466797,0.600529670715332,0.06202159408133393,4.643248399502049
frame_014,frame_003,14,3,20,-11,False,False,452,"bonnet, poke bonnet",0.13718925061807521,1.9863939150244958,0.4539071321487427,0.5460928678512573,0.0604699273307476,4.528558069467207
frame_014,frame_004,14,4,20,-10,False,False,237,miniature pinscher,0.11928493027518894,2.1262402757515204,0.46534234285354614,0.5346576571464539,0.06251922328853406,4.741444490093727
frame_014,frame_005,14,5,20,-9,False,False,240,Appenzeller,0.10668264259665633,2.2378968087278786,0.4267544150352478,0.5732455849647522,0.05846051948994693,4.9196356423659555
frame_014,frame_006,14,6,20,-8,False,False,703,park bench,0.11443577502051339,2.1677415302119627,0.47908276319503784,0.5209172368049622,0.04669451318613907,4.945457642379234
frame_014,frame_007,14,7,20,-7,False,False,452,"bonnet, poke bonnet",0.20130409679728967,1.6029385948430885,0.5207684636116028,0.4792315363883972,0.045314077581183464,4.9773326805297256
frame_014,frame_008,14,8,20,-6,True,False,285,Egyptian cat,0.9988088373017521,0.0011918726964063042,0.9980785846710205,0.0019214153289794922,0.03578184508314906,5.203916084332603
frame_014,frame_009,14,9,20,-5,False,False,285,Egyptian cat,0.9897294398172327,0.010323666318776237,0.9875651001930237,0.012434899806976318,0.036606345655777944,5.1545940290636505
frame_014,frame_010,14,10,20,-4,False,False,285,Egyptian cat,0.6660570700112189,0.4063799214054509,0.7878318428993225,0.2121681571006775,0.07574310135364125,4.877181930283066
frame_014,frame_011,14,11,20,-3,False,False,285,Egyptian cat,0.9968313350160349,0.0031736958330499387,0.9953821301460266,0.004617869853973389,0.08556365176743472,4.7657579367026335
frame_014,frame_012,14,12,20,-2,False,False,285,Egyptian cat,0.9978700213539433,0.002132250276829617,0.9968751072883606,0.0031248927116394043,0.06002951736217371,4.770898459273923
frame_014,frame_013,14,13,20,-1,False,False,285,Egyptian cat,0.9741864551682043,0.026152561249560335,0.9733821153640747,0.026617884635925293,0.07720911556754034,4.763297101189142
frame_014,frame_015,14,15,20,1,False,False,285,Egyptian cat,0.9086227283430305,0.0958253112844325,0.9170733094215393,0.0829266905784607,0.06853075336035003,4.686155028914845
frame_014,frame_000,14,0,30,-14,False,False,198,standard schnauzer,0.21914889466251447,1.5180038958785467,0.6094505786895752,0.3905494213104248,0.015441233733460891,5.763127439547717
frame_014,frame_001,14,1,30,-13,False,False,749,"quill, quill pen",0.22991580292827052,1.4700421113053785,0.5759024620056152,0.42409753799438477,0.014884020224238416,5.756730355246596
frame_014,frame_002,14,2,30,-12,False,True,749,"quill, quill pen",0.16170490435381032,1.8219821829034828,0.5112547278404236,0.4887452721595764,0.014289408095985648,5.787685417485107
frame_014,frame_003,14,3,30,-11,False,False,749,"quill, quill pen",0.17655609812872652,1.7341166166847017,0.5644675493240356,0.43553245067596436,0.017725175160445965,5.756311691173534
frame_014,frame_004,14,4,30,-10,False,False,237,miniature pinscher,0.21517107658779808,1.5363218622003867,0.5203133821487427,0.4796866178512573,0.01982943880228341,5.784728517068009
frame_014,frame_005,14,5,30,-9,False,False,255,Leonberg,0.2203428760308035,1.512570418460462,0.5354921817779541,0.4645078182220459,0.029969867428934163,5.751679426119134
frame_014,frame_006,14,6,30,-8,False,False,187,Yorkshire terrier,0.18859686633595274,1.6681435243187348,0.5936232209205627,0.40637677907943726,0.017785663015194703,5.730412387840463
frame_014,frame_007,14,7,30,-7,False,False,187,Yorkshire terrier,0.3134099448894993,1.1602432173061779,0.7024943828582764,0.29750561714172363,0.01416075136734039,5.797789234603838
frame_014,frame_008,14,8,30,-6,True,False,285,Egyptian cat,0.9994469670532103,0.0005531859259140237,0.999130368232727,0.0008696317672729492,0.010146318014756546,5.879594151209274
frame_014,frame_009,14,9,30,-5,False,False,285,Egyptian cat,0.9881334985810282,0.011937470340873446,0.9870608448982239,0.012939155101776123,0.010930571919994001,5.865269852535896
frame_014,frame_010,14,10,30,-4,False,False,285,Egyptian cat,0.7024989646724703,0.35311135155116524,0.8278930187225342,0.17210698127746582,0.013562075667165099,5.787516669100128
frame_014,frame_011,14,11,30,-3,False,False,285,Egyptian cat,0.9961973382830535,0.0038099102165762844,0.9947184324264526,0.005281567573547363,0.012581518052199965,5.761277047418516
frame_014,frame_012,14,12,30,-2,False,False,285,Egyptian cat,0.9951469478203389,0.0048648664764883165,0.9941042065620422,0.005895793437957764,0.013316103358679977,5.779071863651937
frame_014,frame_013,14,13,30,-1,False,False,285,Egyptian cat,0.969101647196429,0.031385773525371086,0.9697583317756653,0.030241668224334717,0.020448446493257205,5.729100739405405
frame_014,frame_015,14,15,30,1,False,False,285,Egyptian cat,0.9360606150364864,0.06607504494699512,0.9411917328834534,0.05880826711654663,0.02078406139119432,5.723882773861538
frame_014,frame_000,14,0,40,-14,False,False,359,"black-footed ferret, ferret, Mustela nigripes",0.31397885287339145,1.1584296428788008,0.6505299806594849,0.34947001934051514,0.08294870753835071,4.255566860740852
frame_014,frame_001,14,1,40,-13,False,False,281,"tabby, tabby cat",0.10642572445681629,2.240307960085863,0.5505198240280151,0.44948017597198486,0.10976741498196929,4.24403434580865
frame_014,frame_002,14,2,40,-12,False,False,32,"tailed frog, bell toad, ribbed toad, tailed toad, Ascaphus trui",0.637166434208702,0.45072437934455145,0.72383052110672,0.27616947889328003,0.06915413560652388,4.435731461160964
frame_014,frame_003,14,3,40,-11,False,True,452,"bonnet, poke bonnet",0.25326232184106834,1.3733294821857456,0.5361505150794983,0.4638494849205017,0.09350977268432563,4.2000802505686154
frame_014,frame_004,14,4,40,-10,False,False,159,Rhodesian ridgeback,0.24572640149095465,1.4035365510521505,0.5584396123886108,0.44156038761138916,0.0826069780129669,4.171487848868125
frame_014,frame_005,14,5,40,-9,False,False,255,Leonberg,0.17985725539193825,1.7155917683034119,0.5430154800415039,0.4569845199584961,0.10739488734084432,4.155029143339398
frame_014,frame_006,14,6,40,-8,False,False,32,"tailed frog, bell toad, ribbed toad, tailed toad, Ascaphus trui",0.46446316293146966,0.7668730286492025,0.6848572492599487,0.31514275074005127,0.11420165183860607,3.8433975902726316
frame_014,frame_007,14,7,40,-7,False,False,187,Yorkshire terrier,0.4049646156274907,0.9039555845134863,0.7023158073425293,0.2976841926574707,0.08235814851130549,4.21941719862195
frame_014,frame_008,14,8,40,-6,True,False,285,Egyptian cat,0.9999111748564928,8.882908869378703e-05,0.999836266040802,0.00016373395919799805,0.06144806374584908,4.286656390651887
frame_014,frame_009,14,9,40,-5,False,False,285,Egyptian cat,0.9973666745062049,0.0026367987942670368,0.9968904256820679,0.003109574317932129,0.06885403337729953,4.378395534240073
frame_014,frame_010,14,10,40,-4,False,False,285,Egyptian cat,0.8806338632152141,0.12711333169258587,0.9265038967132568,0.07349610328674316,0.07293594078810012,4.132390103381724
frame_014,frame_011,14,11,40,-3,False,False,285,Egyptian cat,0.9989997200969949,0.0010007805168110728,0.9986549019813538,0.0013450980186462402,0.070556082028723,4.112753929281484
frame_014,frame_012,14,12,40,-2,False,False,285,Egyptian cat,0.9991511313602377,0.0008492291327679702,0.9989095330238342,0.0010904669761657715,0.08558169807188112,4.026252640317699
frame_014,frame_013,14,13,40,-1,False,False,285,Egyptian cat,0.9962999861193003,0.003706875863575654,0.9955837726593018,0.004416227340698242,0.08900168889053159,3.8764102913732383
frame_014,frame_015,14,15,40,1,False,False,285,Egyptian cat,0.9746514968466734,0.02567531101249987,0.9751741886138916,0.0248258113861084,0.09520207673877969,4.037456460163958
frame_014,frame_000,14,0,50,-14,False,False,359,"black-footed ferret, ferret, Mustela nigripes",0.7112873656126041,0.3406787597895615,0.8075382709503174,0.19246172904968262,0.04273226554690648,4.9854417988339765
frame_014,frame_001,14,1,50,-13,False,False,359,"black-footed ferret, ferret, Mustela nigripes",0.1897769356385125,1.6619059194816703,0.6113784313201904,0.38862156867980957,0.040095348606399,4.966691623617711
frame_014,frame_002,14,2,50,-12,False,False,32,"tailed frog, bell toad, ribbed toad, tailed toad, Ascaphus trui",0.24763942737025169,1.3957815126813333,0.5630105137825012,0.4369894862174988,0.06995398563476228,4.806411727646425
frame_014,frame_003,14,3,50,-11,False,False,452,"bonnet, poke bonnet",0.36729675048674926,1.0015851732232868,0.5991365909576416,0.4008634090423584,0.11771742368259823,4.566413395480944
frame_014,frame_004,14,4,50,-10,False,True,106,wombat,0.2834766853523643,1.2606253978121096,0.5615552663803101,0.43844473361968994,0.037476707782187466,4.900304802625806
frame_014,frame_005,14,5,50,-9,False,False,255,Leonberg,0.35593751340431634,1.033000087681451,0.6171365976333618,0.3828634023666382,0.05208848032207661,4.896944268933957
frame_014,frame_006,14,6,50,-8,False,False,359,"black-footed ferret, ferret, Mustela nigripes",0.35460302754000034,1.036756347476615,0.6387323141098022,0.36126768589019775,0.033372335756862014,4.886705109958889
frame_014,frame_007,14,7,50,-7,False,False,187,Yorkshire terrier,0.31459349910086487,1.1564739525865146,0.6784020662307739,0.3215979337692261,0.03134374683255337,5.054569562584088
frame_014,frame_008,14,8,50,-6,True,False,285,Egyptian cat,0.9999670671450581,3.293339724019795e-05,0.9999382495880127,6.175041198730469e-05,0.0509055252783437,5.130113446218413
frame_014,frame_009,14,9,50,-5,False,False,285,Egyptian cat,0.9993443894676697,0.0006558255388942058,0.9990822076797485,0.0009177923202514648,0.04965037049578957,5.292534547306215
frame_014,frame_010,14,10,50,-4,False,False,285,Egyptian cat,0.9088304024665833,0.09559677815646772,0.9408591985702515,0.059140801429748535,0.05715302375053664,4.923728442798928
frame_014,frame_011,14,11,50,-3,False,False,285,Egyptian cat,0.9997179201179066,0.00028211967410651795,0.999549150466919,0.0004508495330810547,0.04910410971809706,4.830080960243257
frame_014,frame_012,14,12,50,-2,False,False,285,Egyptian cat,0.9996655376202674,0.0003345183247489558,0.999516487121582,0.00048351287841796875,0.05812238580064124,4.814866631688918
frame_014,frame_013,14,13,50,-1,False,False,285,Egyptian cat,0.9951208438678264,0.004891098074691236,0.9941160082817078,0.005883991718292236,0.03567017961523267,4.907662076102026
frame_014,frame_015,14,15,50,1,False,False,285,Egyptian cat,0.9336466154563402,0.0686572683904636,0.9492235779762268,0.05077642202377319,0.03427515844223703,4.90850273666645
frame_015,frame_000,15,0,5,-15,False,False,359,"black-footed ferret, ferret, Mustela nigripes",0.3789808661243953,0.9702695603340361,0.601797878742218,0.398202121257782,0.03082663544902677,5.420739162790293
frame_015,frame_001,15,1,5,-14,False,False,359,"black-footed ferret, ferret, Mustela nigripes",0.23385739431658306,1.4530437753974486,0.5471526384353638,0.45284736156463623,0.01943222062870933,5.462740041717317
frame_015,frame_002,15,2,5,-13,False,False,452,"bonnet, poke bonnet",0.21241509519128746,1.5492129225008506,0.5305840373039246,0.46941596269607544,0.02428751600574935,5.458208563797305
frame_015,frame_003,15,3,5,-12,False,False,452,"bonnet, poke bonnet",0.42350864493434687,0.8591813520302565,0.6070246696472168,0.3929753303527832,0.031869124615935614,5.339798032100174
frame_015,frame_004,15,4,5,-11,False,False,452,"bonnet, poke bonnet",0.2460023511613723,1.4024141855288934,0.5142706632614136,0.4857293367385864,0.038295198173979576,5.426276384983554
frame_015,frame_005,15,5,5,-10,False,True,411,apron,0.09575743003612179,2.345937055643495,0.48953211307525635,0.5104678869247437,0.04086085717891901,5.460289974261496
frame_015,frame_006,15,6,5,-9,False,False,359,"black-footed ferret, ferret, Mustela nigripes",0.19767809991887428,1.6211153292516887,0.5310007333755493,0.4689992666244507,0.041274554437672306,5.351065718114102
frame_015,frame_007,15,7,5,-8,False,False,452,"bonnet, poke bonnet",0.44331995157814924,0.8134635313001954,0.6498110294342041,0.3501889705657959,0.02257477066297738,5.490261107949306
frame_015,frame_008,15,8,5,-7,False,False,285,Egyptian cat,0.5191619695251346,0.6555393644931922,0.6891446113586426,0.3108553886413574,0.014940170640887296,5.595605274993619
frame_015,frame_009,15,9,5,-6,False,False,452,"bonnet, poke bonnet",0.4715944427477647,0.7516358942141257,0.6695315837860107,0.33046841621398926,0.021134016914578602,5.567969320161405
frame_015,frame_010,15,10,5,-5,False,False,359,"black-footed ferret, ferret, Mustela nigripes",0.19242948987383107,1.6480254787232447,0.5576224327087402,0.44237756729125977,0.022868886645329656,5.42123063274338
frame_015,frame_011,15,11,5,-4,False,False,285,Egyptian cat,0.4738782610246267,0.7468048235557543,0.6628512144088745,0.3371487855911255,0.019181696491931757,5.37307427697473
frame_015,frame_012,15,12,5,-3,True,False,285,Egyptian cat,0.5649142611741608,0.5710813094851415,0.7071616649627686,0.29283833503723145,0.02305958444936858,5.404426568954194
frame_015,frame_013,15,13,5,-2,False,False,285,Egyptian cat,0.31342014997011164,1.1602106563915155,0.590308666229248,0.40969133377075195,0.02708383432699863,5.373323975501281
frame_015,frame_014,15,14,5,-1,False,False,452,"bonnet, poke bonnet",0.23302859013760355,1.456594128490778,0.5613734722137451,0.4386265277862549,0.02228200998403985,5.368623149321289
frame_015,frame_000,15,0,10,-15,False,False,359,"black-footed ferret, ferret, Mustela nigripes",0.2095988355838609,1.5625598819711923,0.5145654082298279,0.4854345917701721,0.04516514442608386,4.8492788964051385
frame_015,frame_001,15,1,10,-14,False,False,179,"Staffordshire bullterrier, Staffordshire bull terrier",0.19341174841447875,1.6429339510939958,0.47941380739212036,0.5205861926078796,0.07874801566781879,4.654624131746449
frame_015,frame_002,15,2,10,-13,False,True,86,partridge,0.07924246388130926,2.535242963726696,0.4395156502723694,0.5604843497276306,0.05157982891745161,4.877848978221305
frame_015,frame_003,15,3,10,-12,False,False,86,partridge,0.6505952907097935,0.4298675033493575,0.7204797267913818,0.27952027320861816,0.04784236786218661,4.759751596929822
frame_015,frame_004,15,4,10,-11,False,False,179,"Staffordshire bullterrier, Staffordshire bull terrier",0.08990158621946841,2.409039693394721,0.4511691927909851,0.5488308072090149,0.043830606980561994,4.999896494566476
frame_015,frame_005,15,5,10,-10,False,False,359,"black-footed ferret, ferret, Mustela nigripes",0.3258567716103659,1.1212973450467576,0.5600395202636719,0.4399604797363281,0.06463013655439998,4.957793003664425
frame_015,frame_006,15,6,10,-9,False,False,735,poncho,0.3153688322974792,1.1540124289383362,0.5591838359832764,0.44081616401672363,0.08113032720832249,4.736074371515922
frame_015,frame_007,15,7,10,-8,False,False,452,"bonnet, poke bonnet",0.2554848175949607,1.3645922934328754,0.5537025928497314,0.44629740715026855,0.05411389288087666,4.801059403063157
frame_015,frame_008,15,8,10,-7,True,False,285,Egyptian cat,0.9983422915093401,0.0016590840097299164,0.9977468252182007,0.0022531747817993164,0.0480535657084197,4.772777835587727
frame_015,frame_009,15,9,10,-6,False,False,285,Egyptian cat,0.9908343413457807,0.009207921747781178,0.9884383082389832,0.011561691761016846,0.06553472647674528,4.753522798468167
frame_015,frame_010,15,10,10,-5,False,False,285,Egyptian cat,0.7750272904812815,0.2548570367245375,0.8198966383934021,0.1801033616065979,0.07985300765436398,4.555649683040671
frame_015,frame_011,15,11,10,-4,False,False,285,Egyptian cat,0.9927004897722851,0.0073262820126679395,0.9914448261260986,0.008555173873901367,0.07725910688766371,4.423039355222264
frame_015,frame_012,15,12,10,-3,False,False,285,Egyptian cat,0.9957637413287515,0.0042452570369415354,0.9949667453765869,0.005033254623413086,0.07947766073679524,4.40079983238056
frame_015,frame_013,15,13,10,-2,False,False,285,Egyptian cat,0.9861438344768446,0.01395305826711657,0.9849602580070496,0.01503974199295044,0.10796981363193914,4.256094248671594
frame_015,frame_014,15,14,10,-1,False,False,285,Egyptian cat,0.9592124693166382,0.04164267564874269,0.9606310129165649,0.03936898708343506,0.09848082856006421,4.2986500179325
frame_015,frame_000,15,0,20,-15,False,False,198,standard schnauzer,0.2167652532574265,1.5289402932142373,0.5381695032119751,0.4618304967880249,0.04836215475058933,4.955439645048623
frame_015,frame_001,15,1,20,-14,False,False,179,"Staffordshire bullterrier, Staffordshire bull terrier",0.34809961673095474,1.0552665851967928,0.5549149513244629,0.4450850486755371,0.06173510764468162,4.729355192638062
frame_015,frame_002,15,2,20,-13,False,True,452,"bonnet, poke bonnet",0.09751649791252708,2.3277337059333725,0.39947032928466797,0.600529670715332,0.05685541153494125,4.657371548387889
frame_015,frame_003,15,3,20,-12,False,False,452,"bonnet, poke bonnet",0.13718925061807521,1.9863939150244958,0.4539071321487427,0.5460928678512573,0.06421396895913299,4.529924244520649
frame_015,frame_004,15,4,20,-11,False,False,237,miniature pinscher,0.11928493027518894,2.1262402757515204,0.46534234285354614,0.5346576571464539,0.053524628119950166,4.760400760599962
frame_015,frame_005,15,5,20,-10,False,False,240,Appenzeller,0.10668264259665633,2.2378968087278786,0.4267544150352478,0.5732455849647522,0.05070956684102993,4.930591966606439
frame_015,frame_006,15,6,20,-9,False,False,703,park bench,0.11443577502051339,2.1677415302119627,0.47908276319503784,0.5209172368049622,0.039210599878256897,4.958910703139762
frame_015,frame_007,15,7,20,-8,False,False,452,"bonnet, poke bonnet",0.20130409679728967,1.6029385948430885,0.5207684636116028,0.4792315363883972,0.04058177750707511,4.972585197458532
frame_015,frame_008,15,8,20,-7,True,False,285,Egyptian cat,0.9988088373017521,0.0011918726964063042,0.9980785846710205,0.0019214153289794922,0.03200976537449238,5.212062632126601
frame_015,frame_009,15,9,20,-6,False,False,285,Egyptian cat,0.9897294398172327,0.010323666318776237,0.9875651001930237,0.012434899806976318,0.035731382476120586,5.162225570721265
frame_015,frame_010,15,10,20,-5,False,False,285,Egyptian cat,0.6660570700112189,0.4063799214054509,0.7878318428993225,0.2121681571006775,0.0686218439155269,4.904967902334011
frame_015,frame_011,15,11,20,-4,False,False,285,Egyptian cat,0.9968313350160349,0.0031736958330499387,0.9953821301460266,0.004617869853973389,0.07880015008628045,4.789507619702451
frame_015,frame_012,15,12,20,-3,False,False,285,Egyptian cat,0.9978700213539433,0.002132250276829617,0.9968751072883606,0.0031248927116394043,0.057921297516293546,4.781759605930174
frame_015,frame_013,15,13,20,-2,False,False,285,Egyptian cat,0.9741864551682043,0.026152561249560335,0.9733821153640747,0.026617884635925293,0.06926759428692765,4.7745186359289935
frame_015,frame_014,15,14,20,-1,False,False,285,Egyptian cat,0.9249397782930553,0.07802664813715321,0.9295470714569092,0.07045292854309082,0.0868144120570714,4.73771034313644
frame_015,frame_000,15,0,30,-15,False,False,198,standard schnauzer,0.21914889466251447,1.5180038958785467,0.6094505786895752,0.3905494213104248,0.01522694148832238,5.788816007506357
frame_015,frame_001,15,1,30,-14,False,False,749,"quill, quill pen",0.22991580292827052,1.4700421113053785,0.5759024620056152,0.42409753799438477,0.01485028118959419,5.785436715751616
frame_015,frame_002,15,2,30,-13,False,True,749,"quill, quill pen",0.16170490435381032,1.8219821829034828,0.5112547278404236,0.4887452721595764,0.012576371243399142,5.809093465034378
frame_015,frame_003,15,3,30,-12,False,False,749,"quill, quill pen",0.17655609812872652,1.7341166166847017,0.5644675493240356,0.43553245067596436,0.016797946864651334,5.765515944874533
frame_015,frame_004,15,4,30,-11,False,False,237,miniature pinscher,0.21517107658779808,1.5363218622003867,0.5203133821487427,0.4796866178512573,0.016877897089899452,5.811250444314872
frame_015,frame_005,15,5,30,-10,False,False,255,Leonberg,0.2203428760308035,1.512570418460462,0.5354921817779541,0.4645078182220459,0.02688897647489844,5.778275285916271
frame_015,frame_006,15,6,30,-9,False,False,187,Yorkshire terrier,0.18859686633595274,1.6681435243187348,0.5936232209205627,0.40637677907943726,0.014244610323329725,5.7592855780437056
frame_015,frame_007,15,7,30,-8,False,False,187,Yorkshire terrier,0.3134099448894993,1.1602432173061779,0.7024943828582764,0.29750561714172363,0.01464271190614668,5.814767100223719
frame_015,frame_008,15,8,30,-7,True,False,285,Egyptian cat,0.9994469670532103,0.0005531859259140237,0.999130368232727,0.0008696317672729492,0.010192692467592841,5.901995903794263
frame_015,frame_009,15,9,30,-6,False,False,285,Egyptian cat,0.9881334985810282,0.011937470340873446,0.9870608448982239,0.012939155101776123,0.010214075436467612,5.891507390895269
frame_015,frame_010,15,10,30,-5,False,False,285,Egyptian cat,0.7024989646724703,0.35311135155116524,0.8278930187225342,0.17210698127746582,0.012753975455786288,5.8078094018233
frame_015,frame_011,15,11,30,-4,False,False,285,Egyptian cat,0.9961973382830535,0.0038099102165762844,0.9947184324264526,0.005281567573547363,0.01112445357231899,5.780980463982285
frame_015,frame_012,15,12,30,-3,False,False,285,Egyptian cat,0.9951469478203389,0.0048648664764883165,0.9941042065620422,0.005895793437957764,0.01345668265431935,5.793895273750827
frame_015,frame_013,15,13,30,-2,False,False,285,Egyptian cat,0.969101647196429,0.031385773525371086,0.9697583317756653,0.030241668224334717,0.02083209551535124,5.736493163980932
frame_015,frame_014,15,14,30,-1,False,False,285,Egyptian cat,0.9433070772949376,0.058363410656565584,0.9469696283340454,0.05303037166595459,0.01771927807917807,5.72465814071471
frame_015,frame_000,15,0,40,-15,False,False,359,"black-footed ferret, ferret, Mustela nigripes",0.31397885287339145,1.1584296428788008,0.6505299806594849,0.34947001934051514,0.0852567120559651,4.206462813215795
frame_015,frame_001,15,1,40,-14,False,False,281,"tabby, tabby cat",0.10642572445681629,2.240307960085863,0.5505198240280151,0.44948017597198486,0.10815005624664911,4.199535644854411
frame_015,frame_002,15,2,40,-13,False,False,32,"tailed frog, bell toad, ribbed toad, tailed toad, Ascaphus trui",0.637166434208702,0.45072437934455145,0.72383052110672,0.27616947889328003,0.06266364393474828,4.404434341480062
frame_015,frame_003,15,3,40,-12,False,True,452,"bonnet, poke bonnet",0.25326232184106834,1.3733294821857456,0.5361505150794983,0.4638494849205017,0.09662390642378754,4.142319469601137
frame_015,frame_004,15,4,40,-11,False,False,159,Rhodesian ridgeback,0.24572640149095465,1.4035365510521505,0.5584396123886108,0.44156038761138916,0.08520674030034017,4.106621102683252
frame_015,frame_005,15,5,40,-10,False,False,255,Leonberg,0.17985725539193825,1.7155917683034119,0.5430154800415039,0.4569845199584961,0.11059160307533698,4.08624500999827
frame_015,frame_006,15,6,40,-9,False,False,32,"tailed frog, bell toad, ribbed toad, tailed toad, Ascaphus trui",0.46446316293146966,0.7668730286492025,0.6848572492599487,0.31514275074005127,0.11492756693272219,3.8021421082981117
frame_015,frame_007,15,7,40,-8,False,False,187,Yorkshire terrier,0.4049646156274907,0.9039555845134863,0.7023158073425293,0.2976841926574707,0.08760370895614275,4.159273218557418
frame_015,frame_008,15,8,40,-7,True,False,285,Egyptian cat,0.9999111748564928,8.882908869378703e-05,0.999836266040802,0.00016373395919799805,0.05982176855166997,4.246381960398962
frame_015,frame_009,15,9,40,-6,False,False,285,Egyptian cat,0.9973666745062049,0.0026367987942670368,0.9968904256820679,0.003109574317932129,0.06816358814313939,4.3275199065850725
frame_015,frame_010,15,10,40,-5,False,False,285,Egyptian cat,0.8806338632152141,0.12711333169258587,0.9265038967132568,0.07349610328674316,0.0781233399341527,4.093490918852481
frame_015,frame_011,15,11,40,-4,False,False,285,Egyptian cat,0.9989997200969949,0.0010007805168110728,0.9986549019813538,0.0013450980186462402,0.07030877432938593,4.085114309344466
frame_015,frame_012,15,12,40,-3,False,False,285,Egyptian cat,0.9991511313602377,0.0008492291327679702,0.9989095330238342,0.0010904669761657715,0.08346859196212691,3.989210159370026
frame_015,frame_013,15,13,40,-2,False,False,285,Egyptian cat,0.9962999861193003,0.003706875863575654,0.9955837726593018,0.004416227340698242,0.09276635164917012,3.85019601104524
frame_015,frame_014,15,14,40,-1,False,False,285,Egyptian cat,0.9888182266404848,0.011244759357492917,0.988090991973877,0.011909008026123047,0.09206388564552091,3.8904709833250357
frame_015,frame_000,15,0,50,-15,False,False,359,"black-footed ferret, ferret, Mustela nigripes",0.7112873656126041,0.3406787597895615,0.8075382709503174,0.19246172904968262,0.043151091380027845,4.833914271732125
frame_015,frame_001,15,1,50,-14,False,False,359,"black-footed ferret, ferret, Mustela nigripes",0.1897769356385125,1.6619059194816703,0.6113784313201904,0.38862156867980957,0.039052918349834015,4.813917496317812
frame_015,frame_002,15,2,50,-13,False,False,32,"tailed frog, bell toad, ribbed toad, tailed toad, Ascaphus trui",0.24763942737025169,1.3957815126813333,0.5630105137825012,0.4369894862174988,0.06544826264039671,4.653335438480298
frame_015,frame_003,15,3,50,-12,False,False,452,"bonnet, poke bonnet",0.36729675048674926,1.0015851732232868,0.5991365909576416,0.4008634090423584,0.1259573383088853,4.416929038464571
frame_015,frame_004,15,4,50,-11,False,True,106,wombat,0.2834766853523643,1.2606253978121096,0.5615552663803101,0.43844473361968994,0.04284479842347838,4.727984492560264
frame_015,frame_005,15,5,50,-10,False,False,255,Leonberg,0.35593751340431634,1.033000087681451,0.6171365976333618,0.3828634023666382,0.06416604660564118,4.708086028643768
frame_015,frame_006,15,6,50,-9,False,False,359,"black-footed ferret, ferret, Mustela nigripes",0.35460302754000034,1.036756347476615,0.6387323141098022,0.36126768589019775,0.036644853704878036,4.687575368122971
frame_015,frame_007,15,7,50,-8,False,False,187,Yorkshire terrier,0.31459349910086487,1.1564739525865146,0.6784020662307739,0.3215979337692261,0.0387914152879763,4.876465969931128
frame_015,frame_008,15,8,50,-7,True,False,285,Egyptian cat,0.9999670671450581,3.293339724019795e-05,0.9999382495880127,6.175041198730469e-05,0.059889931282339375,4.928275161671907
frame_015,frame_009,15,9,50,-6,False,False,285,Egyptian cat,0.9993443894676697,0.0006558255388942058,0.9990822076797485,0.0009177923202514648,0.06841422865942691,5.080030885436374
frame_015,frame_010,15,10,50,-5,False,False,285,Egyptian cat,0.9088304024665833,0.09559677815646772,0.9408591985702515,0.059140801429748535,0.07704433602295277,4.709741210282793
frame_015,frame_011,15,11,50,-4,False,False,285,Egyptian cat,0.9997179201179066,0.00028211967410651795,0.999549150466919,0.0004508495330810547,0.05654028676219788,4.591445214210902
frame_015,frame_012,15,12,50,-3,False,False,285,Egyptian cat,0.9996655376202674,0.0003345183247489558,0.999516487121582,0.00048351287841796875,0.06544784423358664,4.580427178590999
frame_015,frame_013,15,13,50,-2,False,False,285,Egyptian cat,0.9951208438678264,0.004891098074691236,0.9941160082817078,0.005883991718292236,0.042704186519110586,4.673921201073437
frame_015,frame_014,15,14,50,-1,False,False,285,Egyptian cat,0.9869806481515863,0.013104846476851506,0.9865276217460632,0.013472378253936768,0.04900410753943464,4.593263946062755
