source_frame,target_frame,source_index,target_index,tick,gap,row_max_certainty,row_min_certainty,target_pred_label,target_pred_name,target_pred_confidence,target_self_nll_loss,target_certainty_score,target_uncertainty_score,attention_peak,attention_entropy,subject_area_fraction,subject_attention_mass,subject_lift
frame_000,frame_001,0,1,5,1,False,True,671,"mountain bike, all-terrain bike, off-roader",0.2654737252415066,1.3262394065061613,0.6090452671051025,0.39095473289489746,0.048948120555338856,4.779965837851297,0.03879310344827586,0.36944762557766075,9.523538792668589
frame_000,frame_002,0,2,5,2,False,False,671,"mountain bike, all-terrain bike, off-roader",0.5151424911879743,0.6633117346693873,0.732602596282959,0.267397403717041,0.050670341911951314,4.625527681197747,0.0603448275862069,0.5457463724403747,9.043797029011923
frame_000,frame_003,0,3,5,3,False,False,518,crash helmet,0.30564376387033143,1.1853350255608521,0.6385321617126465,0.3614678382873535,0.03277479428989072,4.711758602640089,0.08836206896551724,0.6108068930742826,6.912546302108955
frame_000,frame_004,0,4,5,4,False,False,802,snowmobile,0.7428274258298003,0.297291527958754,0.8675550222396851,0.13244497776031494,0.027353250932561236,4.857243911383826,0.11853448275862069,0.5852135434687983,4.93707425762768
frame_000,frame_005,0,5,5,5,False,False,518,crash helmet,0.8992505800764609,0.10619355133965502,0.9196305871009827,0.08036941289901733,0.023555610119753125,5.109866877497955,0.1788793103448276,0.6738561525245518,3.767099455077012
frame_000,frame_006,0,6,5,6,False,False,518,crash helmet,0.8520300831631423,0.16013344389923745,0.918432354927063,0.08156764507293701,0.014031751186874818,5.391916411336903,0.26939655172413796,0.7196540333669139,2.6713557718579843
frame_000,frame_007,0,7,5,7,False,False,880,"unicycle, monocycle",0.6458730890815707,0.43715225102972344,0.871300995349884,0.12869900465011597,0.010079660591265853,5.65356771397253,0.39655172413793105,0.7185379892734035,1.8119653642546696
frame_000,frame_008,0,8,5,8,True,False,518,crash helmet,0.9028670137644454,0.10218000798936266,0.9235605001449585,0.0764394998550415,0.016640257254687815,5.726733722131305,0.5,0.7255428195270679,1.4510856390541358
frame_000,frame_009,0,9,5,9,False,False,518,crash helmet,0.649588997680121,0.43141542734688176,0.8157934546470642,0.1842065453529358,0.012614714835512611,5.775556165401723,0.5043103448275862,0.7383486423648384,1.464075940415748
frame_000,frame_010,0,10,5,10,False,False,518,crash helmet,0.2824705889007727,1.264180843901233,0.6817905902862549,0.3182094097137451,0.009792246765559827,5.817700951412704,0.5280172413793104,0.7186819042383967,1.3610955247616983
frame_000,frame_011,0,11,5,11,False,False,880,"unicycle, monocycle",0.38611987059233377,0.9516074121506088,0.712190568447113,0.28780943155288696,0.010167131074369083,5.795690331426488,0.47844827586206895,0.7182579501240882,1.501223823682779
frame_000,frame_012,0,12,5,12,False,False,880,"unicycle, monocycle",0.4609842928204579,0.7743913085389278,0.7624669075012207,0.2375330924987793,0.00995541809324921,5.649759899119314,0.3642241379310345,0.6730078916497342,1.8477849806241222
frame_000,frame_013,0,13,5,13,False,False,518,crash helmet,0.6710689127770444,0.3988834456787709,0.8253144025802612,0.17468559741973877,0.018147081358641848,5.390899655549799,0.2629310344827586,0.6159874800607064,2.3427720553128504
frame_000,frame_014,0,14,5,14,False,False,518,crash helmet,0.6517015221619596,0.42816860996759853,0.7943504452705383,0.20564955472946167,0.019135856891815465,5.197850542081653,0.16594827586206898,0.5226908610806886,3.1497215524862274
frame_000,frame_015,0,15,5,15,False,False,671,"mountain bike, all-terrain bike, off-roader",0.34180313179484445,1.07352034568948,0.7146630883216858,0.2853369116783142,0.022851079512535594,5.091723051752982,0.11853448275862069,0.5404462044455559,4.559400706595235
frame_000,frame_016,0,16,5,16,False,False,671,"mountain bike, all-terrain bike, off-roader",0.6969059770074442,0.36110477401045316,0.8201878070831299,0.17981219291687012,0.03543894780797842,5.001250516013952,0.08189655172413793,0.47404090585448805,5.788288955696907
frame_000,frame_017,0,17,5,17,False,False,671,"mountain bike, all-terrain bike, off-roader",0.5171396254116319,0.6594423724411866,0.7634451389312744,0.23655486106872559,0.03284824702246148,4.989567299543921,0.0625,0.4165912556103051,6.665460089764881
frame_000,frame_001,0,1,10,1,True,False,671,"mountain bike, all-terrain bike, off-roader",0.9667286319325044,0.03383745173098429,0.9653615951538086,0.034638404846191406,0.13013528364709923,3.478384625393457,0.03879310344827586,0.46921629088360683,12.095353276110753
frame_000,frame_002,0,2,10,2,False,False,671,"mountain bike, all-terrain bike, off-roader",0.7798379110470317,0.24866918724319031,0.8816632032394409,0.11833679676055908,0.08570779782263772,3.6745786254439485,0.0603448275862069,0.6104181815818069,10.115501294784229
frame_000,frame_003,0,3,10,3,False,False,518,crash helmet,0.7680526466021022,0.2638969979207729,0.8401228189468384,0.15987718105316162,0.14515830917018419,3.7156912710735526,0.08836206896551724,0.7363660488821694,8.333508455642113
frame_000,frame_004,0,4,10,4,False,False,518,crash helmet,0.9193822503612465,0.08405330147262635,0.9329401850700378,0.06705981492996216,0.10139731113702664,3.9860652573815036,0.11853448275862069,0.6333140554803867,5.342867668052716
frame_000,frame_005,0,5,10,5,False,False,518,crash helmet,0.9493888975447128,0.05193676711413442,0.9647940993309021,0.0352059006690979,0.06629508737335436,4.295033442411213,0.1788793103448276,0.7267581064881954,4.062840498921959
frame_000,frame_006,0,6,10,6,False,False,518,crash helmet,0.893147082153514,0.11300400600909555,0.9398333430290222,0.06016665697097778,0.057565719069281214,4.674207503196744,0.26939655172413796,0.7787431619744898,2.8906946172493058
frame_000,frame_007,0,7,10,7,False,False,880,"unicycle, monocycle",0.7246691912756958,0.3220400161540531,0.8733993172645569,0.12660068273544312,0.0737657252973473,4.815837136477481,0.39655172413793105,0.8585771322673417,2.1651075509350353
frame_000,frame_008,0,8,10,8,False,False,518,crash helmet,0.554016975291556,0.5905599513837907,0.8369927406311035,0.16300725936889648,0.04309371877898943,5.076556475125857,0.5,0.827794330280441,1.655588660560882
frame_000,frame_009,0,9,10,9,False,False,518,crash helmet,0.5128864395984892,0.6677008236213724,0.806156575679779,0.19384342432022095,0.03128019697430707,5.339049737636861,0.5043103448275862,0.824719373920517,1.6353409807654695
frame_000,frame_010,0,10,10,10,False,False,671,"mountain bike, all-terrain bike, off-roader",0.4245365855839464,0.8567570918232663,0.7656325101852417,0.2343674898147583,0.03859333000182023,5.368492804055156,0.5280172413793104,0.7833890322656059,1.483642901923433
frame_000,frame_011,0,11,10,11,False,True,665,moped,0.32076612453118475,1.137043005413445,0.7129430174827576,0.28705698251724243,0.03582333735045448,5.162131575552725,0.47844827586206895,0.8224621301818738,1.7190199477675199
frame_000,frame_012,0,12,10,12,False,False,665,moped,0.5451850161520239,0.6066300627508858,0.8030433654785156,0.19695663452148438,0.033237323022846724,5.026901208581306,0.3642241379310345,0.752711887527634,2.0666172533303087
frame_000,frame_013,0,13,10,13,False,False,518,crash helmet,0.6471615807028595,0.43515927732548665,0.8746757507324219,0.12532424926757812,0.04414588166945098,4.771399247709246,0.2629310344827586,0.7698107797697631,2.9278049328948366
frame_000,frame_014,0,14,10,14,False,False,518,crash helmet,0.7294942492661145,0.31540379416741526,0.8680081963539124,0.13199180364608765,0.07106574690433541,4.527181708131064,0.16594827586206898,0.700687508227705,4.222324724904611
frame_000,frame_015,0,15,10,15,False,False,671,"mountain bike, all-terrain bike, off-roader",0.39960620273045816,0.9172757099797151,0.7942951917648315,0.20570480823516846,0.09711585557322537,4.252732014840251,0.11853448275862069,0.7182988290778213,6.05983012167471
frame_000,frame_016,0,16,10,16,False,False,671,"mountain bike, all-terrain bike, off-roader",0.7155274244259394,0.3347353516832179,0.8772700428962708,0.12272995710372925,0.1234615763658177,4.103523808383452,0.08189655172413793,0.6468126598863283,7.897923004927798
frame_000,frame_017,0,17,10,17,False,False,671,"mountain bike, all-terrain bike, off-roader",0.7188795817492876,0.3300614154692596,0.8839511275291443,0.11604887247085571,0.10299300090095947,4.0893782306167825,0.0625,0.5592838075764378,8.948540921223005
frame_000,frame_001,0,1,20,1,True,False,671,"mountain bike, all-terrain bike, off-roader",0.9927713067966377,0.007254946802059514,0.9911448359489441,0.008855164051055908,0.0779380729391364,4.7647722831149375,0.03879310344827586,0.3261522110524614,8.407479218241226
frame_000,frame_002,0,2,20,2,False,False,671,"mountain bike, all-terrain bike, off-roader",0.9467672416459232,0.054702000962917996,0.9667537808418274,0.03324621915817261,0.08275252443182389,4.659198914667366,0.0603448275862069,0.39809654760134855,6.597028503108062
frame_000,frame_003,0,3,20,3,False,False,518,crash helmet,0.6614703851102253,0.41329006572601323,0.863913893699646,0.136086106300354,0.09618115436814186,4.60474935318315,0.08836206896551724,0.5358624167974848,6.064394180342267
frame_000,frame_004,0,4,20,4,False,False,518,crash helmet,0.881026609660406,0.12666744957427079,0.9289722442626953,0.07102775573730469,0.08350282185576052,4.788062950590508,0.11853448275862069,0.48923767496598547,4.127386930622132
frame_000,frame_005,0,5,20,5,False,False,518,crash helmet,0.825642712063418,0.19159315102008723,0.9302311539649963,0.06976884603500366,0.07671452362055055,5.042361489727672,0.1788793103448276,0.5620951222906039,3.142314900516147
frame_000,frame_006,0,6,20,6,False,False,671,"mountain bike, all-terrain bike, off-roader",0.7313213864851427,0.31290226265705634,0.9131958484649658,0.08680415153503418,0.059582374238589905,5.134919927178382,0.26939655172413796,0.6512316580865642,2.417371914817326
frame_000,frame_007,0,7,20,7,False,False,671,"mountain bike, all-terrain bike, off-roader",0.9535044964186333,0.04761113825416308,0.9657359719276428,0.03426402807235718,0.031976568963963205,5.309552772832844,0.39655172413793105,0.7513824815243274,1.8947906055830863
frame_000,frame_008,0,8,20,8,False,False,671,"mountain bike, all-terrain bike, off-roader",0.7973892753253264,0.22641229367972215,0.899945855140686,0.10005414485931396,0.030472770042838757,5.4712109024874245,0.5,0.7144305523259098,1.4288611046518196
frame_000,frame_009,0,9,20,9,False,False,671,"mountain bike, all-terrain bike, off-roader",0.8313612771096894,0.18469082877186072,0.9049482941627502,0.09505170583724976,0.021408422176699585,5.669512886556142,0.5043103448275862,0.7349919849013293,1.45742000424879
frame_000,frame_010,0,10,20,10,False,False,671,"mountain bike, all-terrain bike, off-roader",0.8950639750010992,0.11086008281373161,0.9257615208625793,0.07423847913742065,0.025902984731504486,5.7081077395136415,0.5280172413793104,0.6784331440835194,1.2848693014479713
frame_000,frame_011,0,11,20,11,False,False,671,"mountain bike, all-terrain bike, off-roader",0.6966993500961539,0.36140130977819984,0.8579810857772827,0.14201891422271729,0.026618424711507355,5.628896566677072,0.47844827586206895,0.6923895765273914,1.4471565923815748
frame_000,frame_012,0,12,20,12,False,True,671,"mountain bike, all-terrain bike, off-roader",0.5961584076274612,0.5172488626214253,0.8506667613983154,0.14933323860168457,0.020753813849896104,5.527185045365442,0.3642241379310345,0.615084143510797,1.688751731295916
frame_000,frame_013,0,13,20,13,False,False,518,crash helmet,0.5254472293434428,0.6435055136058478,0.8776198625564575,0.12238013744354248,0.030811313336354475,5.352723382231858,0.2629310344827586,0.612302576282589,2.328757339304273
frame_000,frame_014,0,14,20,14,False,False,671,"mountain bike, all-terrain bike, off-roader",0.6319177479013254,0.4589960390307204,0.89649897813797,0.10350102186203003,0.03902680388302999,5.213852835382365,0.16594827586206898,0.48398063223604026,2.9164547189288657
frame_000,frame_015,0,15,20,15,False,False,671,"mountain bike, all-terrain bike, off-roader",0.9559709295318927,0.045027774832524514,0.9662148952484131,0.033785104751586914,0.05854719904474257,5.06252315573882,0.11853448275862069,0.49510655607807624,4.176898945822316
frame_000,frame_016,0,16,20,16,False,False,671,"mountain bike, all-terrain bike, off-roader",0.981803250487009,0.018364346621142502,0.9838789701461792,0.0161210298538208,0.07245478835248342,4.973014138056209,0.08189655172413793,0.4281782741325439,5.228282084144746
frame_000,frame_017,0,17,20,17,False,False,671,"mountain bike, all-terrain bike, off-roader",0.9882681975329975,0.011801163078597021,0.9888209700584412,0.011179029941558838,0.06444875207588714,4.8608437199719745,0.0625,0.34794646516451977,5.567143442632316
frame_000,frame_001,0,1,30,1,False,False,671,"mountain bike, all-terrain bike, off-roader",0.98940709463756,0.010649409567825785,0.9879802465438843,0.012019753456115723,0.05872838161407591,5.10616177347516,0.03879310344827586,0.1476903399277175,3.807128762581162
frame_000,frame_002,0,2,30,2,False,False,518,crash helmet,0.6866567880407043,0.3759206923185934,0.9040459990501404,0.09595400094985962,0.04588155395541018,5.324163856805893,0.0603448275862069,0.17161875689686043,2.843967971433687
frame_000,frame_003,0,3,30,3,False,False,518,crash helmet,0.9641564240362916,0.03650173193741668,0.9680272936820984,0.03197270631790161,0.043609183873739216,5.323032257129013,0.08836206896551724,0.17370421858600507,1.965823351802594
frame_000,frame_004,0,4,30,4,False,False,518,crash helmet,0.9727828524257717,0.027594394955021195,0.9766943454742432,0.023305654525756836,0.02548674146032833,5.430057170737776,0.11853448275862069,0.24396784506657757,2.0582014565616724
frame_000,frame_005,0,5,30,5,True,False,518,crash helmet,0.9850936239201249,0.015018592661879993,0.9881370067596436,0.011862993240356445,0.057536577031469874,5.328415526953196,0.1788793103448276,0.30648639423242546,1.7133697219740411
frame_000,frame_006,0,6,30,6,False,False,518,crash helmet,0.8403113174465031,0.1739828397981844,0.9351622462272644,0.0648377537727356,0.032012347235384236,5.4697394715289125,0.26939655172413796,0.36224110478968247,1.3446389809793011
frame_000,frame_007,0,7,30,7,False,False,671,"mountain bike, all-terrain bike, off-roader",0.8048142423840869,0.217143782993936,0.905930757522583,0.09406924247741699,0.026812320443435483,5.543347287281174,0.39655172413793105,0.49896088614478795,1.258249191147726
frame_000,frame_008,0,8,30,8,False,True,671,"mountain bike, all-terrain bike, off-roader",0.6483312551718183,0.4333535169933489,0.871545672416687,0.128454327583313,0.05806540264615674,5.357005468468844,0.5,0.5865194977614592,1.1730389955229183
frame_000,frame_009,0,9,30,9,False,False,671,"mountain bike, all-terrain bike, off-roader",0.7332140392251599,0.3103176153205274,0.8778550028800964,0.12214499711990356,0.05354946842379379,5.305694504821574,0.5043103448275862,0.5586525197499096,1.1077554237775986
frame_000,frame_010,0,10,30,10,False,False,671,"mountain bike, all-terrain bike, off-roader",0.9042004469589676,0.1007042098074793,0.9321157932281494,0.06788420677185059,0.02206644755944393,5.465944675277669,0.5280172413793104,0.6203590463305921,1.1748840714179376
frame_000,frame_011,0,11,30,11,False,False,671,"mountain bike, all-terrain bike, off-roader",0.9220909964415563,0.08111136567345856,0.9455710649490356,0.054428935050964355,0.03250238943767603,5.3390623326128726,0.47844827586206895,0.6686036086764124,1.3974417766930423
frame_000,frame_012,0,12,30,12,False,False,671,"mountain bike, all-terrain bike, off-roader",0.8536264299320886,0.15826161657317428,0.9208644032478333,0.07913559675216675,0.020466441240230948,5.4477573818912814,0.3642241379310345,0.5124438605823078,1.4069464574567505
frame_000,frame_013,0,13,30,13,False,False,518,crash helmet,0.6767811162265223,0.39040737263593606,0.8995032906532288,0.10049670934677124,0.03146176848989046,5.416287437687011,0.2629310344827586,0.38120738378899016,1.4498379186728807
frame_000,frame_014,0,14,30,14,False,False,518,crash helmet,0.6624933558680278,0.4117447500504978,0.9053700566291809,0.09462994337081909,0.0221191886015804,5.50689045253619,0.16594827586206898,0.2748350377366052,1.6561487988283743
frame_000,frame_015,0,15,30,15,False,False,671,"mountain bike, all-terrain bike, off-roader",0.8020929992423583,0.22053071868330543,0.9185405373573303,0.08145946264266968,0.046058910427195746,5.44413909451064,0.11853448275862069,0.25829053870014224,2.1790329083066546
frame_000,frame_016,0,16,30,16,False,False,671,"mountain bike, all-terrain bike, off-roader",0.9784452148122083,0.021790482663667454,0.9828587770462036,0.017141222953796387,0.0547410224543392,5.341115871771951,0.08189655172413793,0.10175776829261995,1.2425159075730436
frame_000,frame_017,0,17,30,17,False,False,671,"mountain bike, all-terrain bike, off-roader",0.9651301838795096,0.0354922811674685,0.9726696610450745,0.027330338954925537,0.02754367525941052,5.314985477144999,0.0625,0.06264979046545943,1.002396647447351
frame_000,frame_001,0,1,40,1,True,False,671,"mountain bike, all-terrain bike, off-roader",0.9953698795321135,0.004640872677849295,0.9941372871398926,0.005862712860107422,0.09603518895922958,3.8006716011311785,0.03879310344827586,0.5224323835333685,13.467145886637944
frame_000,frame_002,0,2,40,2,False,False,518,crash helmet,0.564299635568067,0.5721698998196436,0.8962178230285645,0.10378217697143555,0.07030348258215018,3.913618231110401,0.0603448275862069,0.7100454622771587,11.766467660592916
frame_000,frame_003,0,3,40,3,False,False,518,crash helmet,0.9885130365596286,0.01155344823422233,0.9886026382446289,0.011397361755371094,0.07658790800423124,4.038844257676558,0.08836206896551724,0.7585755280427421,8.584854756386155
frame_000,frame_004,0,4,40,4,False,False,518,crash helmet,0.9920180452486398,0.008013981087875877,0.9917517304420471,0.00824826955795288,0.06525976914803996,4.2078333903411504,0.11853448275862069,0.6320980823369429,5.3326092764425725
frame_000,frame_005,0,5,40,5,False,False,518,crash helmet,0.9914156208823095,0.008621437132554366,0.992138147354126,0.007861852645874023,0.04155554006328493,4.541765099611574,0.1788793103448276,0.7390019010769033,4.13128773614076
frame_000,frame_006,0,6,40,6,False,False,518,crash helmet,0.8594996024754614,0.15140491666607492,0.9382147789001465,0.061785221099853516,0.033153244406247326,4.934788077610227,0.26939655172413796,0.8074470715357925,2.9972435295408615
frame_000,frame_007,0,7,40,7,False,False,671,"mountain bike, all-terrain bike, off-roader",0.6625215143806878,0.41170224711215875,0.8695763349533081,0.1304236650466919,0.03794396792928252,5.043858449375956,0.39655172413793105,0.8239918051627191,2.077892378236422
frame_000,frame_008,0,8,40,8,False,False,671,"mountain bike, all-terrain bike, off-roader",0.5915707216099243,0.5249740395494746,0.8618683815002441,0.13813161849975586,0.06458257286449155,5.105194989120939,0.5,0.8363141522300988,1.6726283044601975
frame_000,frame_009,0,9,40,9,False,True,671,"mountain bike, all-terrain bike, off-roader",0.6230578160004586,0.4731159619316214,0.8577867746353149,0.14221322536468506,0.03387523799868377,5.128435409440772,0.5043103448275862,0.8812450234041814,1.7474260293142743
frame_000,frame_010,0,10,40,10,False,False,671,"mountain bike, all-terrain bike, off-roader",0.7321423158703995,0.3117803633300813,0.8621779680252075,0.13782203197479248,0.03495978181093762,5.152462052176028,0.5280172413793104,0.8471535561409373,1.6044051022424282
frame_000,frame_011,0,11,40,11,False,False,671,"mountain bike, all-terrain bike, off-roader",0.6485741081551729,0.43297900549380497,0.8906844854354858,0.10931551456451416,0.032533470451758584,5.0924298785079865,0.47844827586206895,0.8556779479370953,1.788443999291947
frame_000,frame_012,0,12,40,12,False,False,671,"mountain bike, all-terrain bike, off-roader",0.904948032921752,0.09987775911683716,0.9414200186729431,0.058579981327056885,0.06973408151503972,4.847272652303716,0.3642241379310345,0.8191580276831254,2.2490492594376934
frame_000,frame_013,0,13,40,13,False,False,518,crash helmet,0.5983083205499397,0.5136490716964914,0.8893479108810425,0.11065208911895752,0.037091258324019896,4.8511207260044715,0.2629310344827586,0.7836778769478738,2.980545368064045
frame_000,frame_014,0,14,40,14,False,False,671,"mountain bike, all-terrain bike, off-roader",0.6349363480350213,0.4542305244286684,0.9027486443519592,0.09725135564804077,0.031469505501256906,4.6812724210022925,0.16594827586206898,0.7153597064713471,4.31073901042474
frame_000,frame_015,0,15,40,15,False,False,671,"mountain bike, all-terrain bike, off-roader",0.9049214243927222,0.09990716292706692,0.9501769542694092,0.04982304573059082,0.042155898677588816,4.440134696656695,0.11853448275862069,0.7189796608899379,6.065573866416931
frame_000,frame_016,0,16,40,16,False,False,671,"mountain bike, all-terrain bike, off-roader",0.9935627330716693,0.006458075479284453,0.9935744404792786,0.0064255595207214355,0.04933199331097277,4.280655863514266,0.08189655172413793,0.638734205177104,7.799280821109901
frame_000,frame_017,0,17,40,17,False,False,671,"mountain bike, all-terrain bike, off-roader",0.9768167261599766,0.023456232908846797,0.9807596802711487,0.01924031972885132,0.05622211095048376,4.126675716878193,0.0625,0.6234980865031328,9.975969384050124
frame_000,frame_001,0,1,50,1,True,False,671,"mountain bike, all-terrain bike, off-roader",0.9963742348045174,0.003632354213752631,0.9955413937568665,0.004458606243133545,0.0703617632989249,4.1287094296006925,0.03879310344827586,0.5413943500568714,13.955943245910463
frame_000,frame_002,0,2,50,2,False,False,518,crash helmet,0.7035618490717052,0.3515994900565551,0.9112143516540527,0.08878564834594727,0.06627760595127626,4.177098281642955,0.0603448275862069,0.6611281398921875,10.955837746784821
frame_000,frame_003,0,3,50,3,False,False,518,crash helmet,0.9878047335030364,0.012270238922084495,0.989581823348999,0.010418176651000977,0.07618017666270885,4.224471135311289,0.08836206896551724,0.6745906182649481,7.63439138719356
frame_000,frame_004,0,4,50,4,False,False,518,crash helmet,0.9949383763939509,0.005074477013899736,0.9946703910827637,0.005329608917236328,0.08926760487882843,4.358522206456462,0.11853448275862069,0.6556362027447938,5.531185419519716
frame_000,frame_005,0,5,50,5,False,False,518,crash helmet,0.993038643346318,0.006985699937548606,0.9936802387237549,0.006319761276245117,0.05559974617688378,4.671822698954475,0.1788793103448276,0.7272774166135878,4.0657436302253585
frame_000,frame_006,0,6,50,6,False,False,518,crash helmet,0.8631374480776183,0.14718133281961698,0.9411226511001587,0.05887734889984131,0.036929469515110266,4.951407999229856,0.26939655172413796,0.7594269149741477,2.818992708384036
frame_000,frame_007,0,7,50,7,False,False,671,"mountain bike, all-terrain bike, off-roader",0.6586756374587734,0.4175240698115359,0.8750916123390198,0.12490838766098022,0.049625001617449406,5.053940428628485,0.39655172413793105,0.8240169282466501,2.0779557321002478
frame_000,frame_008,0,8,50,8,False,True,671,"mountain bike, all-terrain bike, off-roader",0.5124994398692515,0.6684556609082168,0.8674548268318176,0.13254517316818237,0.029860597263795096,5.230126306980928,0.5,0.828639503299825,1.65727900659965
frame_000,frame_009,0,9,50,9,False,False,671,"mountain bike, all-terrain bike, off-roader",0.6847909668107084,0.37864164523064225,0.8823761940002441,0.11762380599975586,0.028613898713285024,5.329784767581187,0.5043103448275862,0.8161940360422382,1.6184360372803355
frame_000,frame_010,0,10,50,10,False,False,671,"mountain bike, all-terrain bike, off-roader",0.9299245389014652,0.07265183709310818,0.9486210942268372,0.05137890577316284,0.02128277329760963,5.344959606043953,0.5280172413793104,0.7491046150872664,1.4187124138795575
frame_000,frame_011,0,11,50,11,False,False,671,"mountain bike, all-terrain bike, off-roader",0.954133102114007,0.04695209723021865,0.9651253819465637,0.03487461805343628,0.032967731167586806,5.200113477908043,0.47844827586206895,0.8156100332362135,1.7046984478450589
frame_000,frame_012,0,12,50,12,False,False,671,"mountain bike, all-terrain bike, off-roader",0.9045752253904489,0.10028980967751977,0.9437370300292969,0.056262969970703125,0.026242375166348458,5.1241451809716025,0.3642241379310345,0.723380125359881,1.9860850779111527
frame_000,frame_013,0,13,50,13,False,False,671,"mountain bike, all-terrain bike, off-roader",0.5674662392442084,0.5665740217147741,0.8834829330444336,0.1165170669555664,0.035254224780637715,4.94675879672552,0.2629310344827586,0.7437756922512295,2.8287862393817256
frame_000,frame_014,0,14,50,14,False,False,671,"mountain bike, all-terrain bike, off-roader",0.7522472217885169,0.28469025668117265,0.9168359041213989,0.08316409587860107,0.03346902095176723,4.815676040299444,0.16594827586206898,0.6213095144457749,3.743994996140773
frame_000,frame_015,0,15,50,15,False,False,671,"mountain bike, all-terrain bike, off-roader",0.8948498598100406,0.11109932918181453,0.9469749927520752,0.053025007247924805,0.04443432854966008,4.576551822037505,0.11853448275862069,0.6834610871703947,5.765926262673875
frame_000,frame_016,0,16,50,16,False,False,671,"mountain bike, all-terrain bike, off-roader",0.9929494854963536,0.007075486828748367,0.9934870600700378,0.006512939929962158,0.045241580662615674,4.550629735685773,0.08189655172413793,0.5714443109507225,6.977635796871979
frame_000,frame_017,0,17,50,17,False,False,671,"mountain bike, all-terrain bike, off-roader",0.9777922528423485,0.022458051918326394,0.9805785417556763,0.01942145824432373,0.05342108140735213,4.642278926434318,0.0625,0.45911160371543963,7.345785659447034
frame_001,frame_000,1,0,5,-1,False,True,671,"mountain bike, all-terrain bike, off-roader",0.2611935342076802,1.3424936360681796,0.5756451487541199,0.4243548512458801,0.0435782675527116,4.973250332982774,0.021551724137931036,0.19730335307597333,9.154875582725161
frame_001,frame_002,1,2,5,1,False,False,671,"mountain bike, all-terrain bike, off-roader",0.5151424911879743,0.6633117346693873,0.732602596282959,0.267397403717041,0.05015816155190867,4.629595924005696,0.0603448275862069,0.5516761718138352,9.142062275772126
frame_001,frame_003,1,3,5,2,False,False,518,crash helmet,0.30564376387033143,1.1853350255608521,0.6385321617126465,0.3614678382873535,0.03187289452495546,4.7216371456910196,0.08836206896551724,0.6155618800633382,6.966358837789975
frame_001,frame_004,1,4,5,3,False,False,802,snowmobile,0.7428274258298003,0.297291527958754,0.8675550222396851,0.13244497776031494,0.0302277540259447,4.874818363054093,0.11853448275862069,0.5819158615145132,4.909253813504257
frame_001,frame_005,1,5,5,4,False,False,518,crash helmet,0.8992505800764609,0.10619355133965502,0.9196305871009827,0.08036941289901733,0.024138960955978804,5.1210719402209035,0.1788793103448276,0.6712781745604067,3.752687626458177
frame_001,frame_006,1,6,5,5,False,False,518,crash helmet,0.8520300831631423,0.16013344389923745,0.918432354927063,0.08156764507293701,0.015048437563202637,5.4005998063463565,0.26939655172413796,0.7148208916226745,2.6534151497033673
frame_001,frame_007,1,7,5,6,False,False,880,"unicycle, monocycle",0.6458730890815707,0.43715225102972344,0.871300995349884,0.12869900465011597,0.011348606285594968,5.659195478965525,0.39655172413793105,0.7219726065383871,1.8206265730098457
frame_001,frame_008,1,8,5,7,True,False,518,crash helmet,0.9028670137644454,0.10218000798936266,0.9235605001449585,0.0764394998550415,0.015835911082922528,5.737769156808946,0.5,0.735072160709376,1.470144321418752
frame_001,frame_009,1,9,5,8,False,False,518,crash helmet,0.649588997680121,0.43141542734688176,0.8157934546470642,0.1842065453529358,0.013147613077178277,5.77852788311807,0.5043103448275862,0.7491615118405643,1.4855168439915465
frame_001,frame_010,1,10,5,9,False,False,518,crash helmet,0.2824705889007727,1.264180843901233,0.6817905902862549,0.3182094097137451,0.009605334920829661,5.827149783209856,0.5280172413793104,0.7268834531061443,1.3766282540459223
frame_001,frame_011,1,11,5,10,False,False,880,"unicycle, monocycle",0.38611987059233377,0.9516074121506088,0.712190568447113,0.28780943155288696,0.00904790311879375,5.794103932939761,0.47844827586206895,0.7342835992805409,1.5347188741719413
frame_001,frame_012,1,12,5,11,False,False,880,"unicycle, monocycle",0.4609842928204579,0.7743913085389278,0.7624669075012207,0.2375330924987793,0.011466017975618891,5.65030154606549,0.3642241379310345,0.6848714696658833,1.8803571711536677
frame_001,frame_013,1,13,5,12,False,False,518,crash helmet,0.6710689127770444,0.3988834456787709,0.8253144025802612,0.17468559741973877,0.01561026368256112,5.394029641956746,0.2629310344827586,0.6285799384794828,2.3906646840531147
frame_001,frame_014,1,14,5,13,False,False,518,crash helmet,0.6517015221619596,0.42816860996759853,0.7943504452705383,0.20564955472946167,0.016754329664936618,5.197760684205097,0.16594827586206898,0.5394919993372258,3.250964775226919
frame_001,frame_015,1,15,5,14,False,False,671,"mountain bike, all-terrain bike, off-roader",0.34180313179484445,1.07352034568948,0.7146630883216858,0.2853369116783142,0.02412568798199256,5.081275643067373,0.11853448275862069,0.5564662364390337,4.6945515219583935
frame_001,frame_016,1,16,5,15,False,False,671,"mountain bike, all-terrain bike, off-roader",0.6969059770074442,0.36110477401045316,0.8201878070831299,0.17981219291687012,0.0340399742661749,5.003059656295056,0.08189655172413793,0.48291669047008595,5.896666957318945
frame_001,frame_017,1,17,5,16,False,False,671,"mountain bike, all-terrain bike, off-roader",0.5171396254116319,0.6594423724411866,0.7634451389312744,0.23655486106872559,0.030048290198663574,5.00070864189492,0.0625,0.4284458236720271,6.855133178752434
frame_001,frame_000,1,0,10,-1,False,False,671,"mountain bike, all-terrain bike, off-roader",0.8614038041756757,0.14919189010106848,0.889838457107544,0.11016154289245605,0.17396014650262956,3.844964167937714,0.021551724137931036,0.33615477543358707,15.597581580118439
frame_001,frame_002,1,2,10,1,False,False,671,"mountain bike, all-terrain bike, off-roader",0.7798379110470317,0.24866918724319031,0.8816632032394409,0.11833679676055908,0.07172696975574584,3.9113735586109364,0.0603448275862069,0.6052976090231783,10.030646092384098
frame_001,frame_003,1,3,10,2,False,False,518,crash helmet,0.7680526466021022,0.2638969979207729,0.8401228189468384,0.15987718105316162,0.10947375601166642,3.9635018988605877,0.08836206896551724,0.7130725013129483,8.069893673395319
frame_001,frame_004,1,4,10,3,False,False,518,crash helmet,0.9193822503612465,0.08405330147262635,0.9329401850700378,0.06705981492996216,0.07499004931303715,4.24668168297484,0.11853448275862069,0.6190893343811159,5.222862748233414
frame_001,frame_005,1,5,10,4,True,False,518,crash helmet,0.9493888975447128,0.05193676711413442,0.9647940993309021,0.0352059006690979,0.05695461920747444,4.514035697553649,0.1788793103448276,0.7148528358489713,3.9962857329388273
frame_001,frame_006,1,6,10,5,False,False,518,crash helmet,0.893147082153514,0.11300400600909555,0.9398333430290222,0.06016665697097778,0.04458657194213755,4.876401695016019,0.26939655172413796,0.7471113024572178,2.773277154721192
frame_001,frame_007,1,7,10,6,False,False,880,"unicycle, monocycle",0.7246691912756958,0.3220400161540531,0.8733993172645569,0.12660068273544312,0.04233788660588006,5.071984796548774,0.39655172413793105,0.8215005406090433,2.0716100589271527
frame_001,frame_008,1,8,10,7,False,False,518,crash helmet,0.554016975291556,0.5905599513837907,0.8369927406311035,0.16300725936889648,0.026088537614989152,5.238928175358344,0.5,0.82411848614749,1.64823697229498
frame_001,frame_009,1,9,10,8,False,False,518,crash helmet,0.5128864395984892,0.6677008236213724,0.806156575679779,0.19384342432022095,0.025385385406646695,5.3771814737572114,0.5043103448275862,0.8349718871729979,1.6556707506336368
frame_001,frame_010,1,10,10,9,False,False,671,"mountain bike, all-terrain bike, off-roader",0.4245365855839464,0.8567570918232663,0.7656325101852417,0.2343674898147583,0.033115812059589085,5.407923887496055,0.5280172413793104,0.7967073922525598,1.5088662449191337
frame_001,frame_011,1,11,10,10,False,True,665,moped,0.32076612453118475,1.137043005413445,0.7129430174827576,0.28705698251724243,0.022969527040295794,5.258128555682778,0.47844827586206895,0.824758536528732,1.7238196439159084
frame_001,frame_012,1,12,10,11,False,False,665,moped,0.5451850161520239,0.6066300627508858,0.8030433654785156,0.19695663452148438,0.04091537694662623,5.078230678350064,0.3642241379310345,0.7607873157691847,2.0887888432952764
frame_001,frame_013,1,13,10,12,False,False,518,crash helmet,0.6471615807028595,0.43515927732548665,0.8746757507324219,0.12532424926757812,0.04425258258868202,4.868272319628686,0.2629310344827586,0.7552430263933506,2.872399706938645
frame_001,frame_014,1,14,10,13,False,False,518,crash helmet,0.7294942492661145,0.31540379416741526,0.8680081963539124,0.13199180364608765,0.05483996462788013,4.6665517827550556,0.16594827586206898,0.691699922442184,4.168165766404849
frame_001,frame_015,1,15,10,14,False,False,671,"mountain bike, all-terrain bike, off-roader",0.39960620273045816,0.9172757099797151,0.7942951917648315,0.20570480823516846,0.08231259249466961,4.39686778722115,0.11853448275862069,0.7090131270146407,5.981492562450787
frame_001,frame_016,1,16,10,15,False,False,671,"mountain bike, all-terrain bike, off-roader",0.7155274244259394,0.3347353516832179,0.8772700428962708,0.12272995710372925,0.09922201266380466,4.283191040013638,0.08189655172413793,0.6373785142929695,7.782727121893102
frame_001,frame_017,1,17,10,16,False,False,671,"mountain bike, all-terrain bike, off-roader",0.7188795817492876,0.3300614154692596,0.8839511275291443,0.11604887247085571,0.0848874312160136,4.2404357677363285,0.0625,0.5691372564785392,9.106196103656627
frame_001,frame_000,1,0,20,-1,False,False,671,"mountain bike, all-terrain bike, off-roader",0.8859889148511209,0.12105083991004184,0.9167872667312622,0.08321273326873779,0.09708431497070999,4.900920841364233,0.021551724137931036,0.23027344994416923,10.684688077409453
frame_001,frame_002,1,2,20,1,False,False,671,"mountain bike, all-terrain bike, off-roader",0.9467672416459232,0.054702000962917996,0.9667537808418274,0.03324621915817261,0.08505532772000338,4.694577436214468,0.0603448275862069,0.38752344310052267,6.421817057094375
frame_001,frame_003,1,3,20,2,False,False,518,crash helmet,0.6614703851102253,0.41329006572601323,0.863913893699646,0.136086106300354,0.1007433966017605,4.66047309791974,0.08836206896551724,0.5232185206240079,5.921302282183894
frame_001,frame_004,1,4,20,3,False,False,518,crash helmet,0.881026609660406,0.12666744957427079,0.9289722442626953,0.07102775573730469,0.08302003907551793,4.822576729247132,0.11853448275862069,0.48405110843624144,4.083631169353018
frame_001,frame_005,1,5,20,4,False,False,518,crash helmet,0.825642712063418,0.19159315102008723,0.9302311539649963,0.06976884603500366,0.08167393641806484,5.039879660492268,0.1788793103448276,0.5526133495940747,3.089308363995791
frame_001,frame_006,1,6,20,5,False,False,671,"mountain bike, all-terrain bike, off-roader",0.7313213864851427,0.31290226265705634,0.9131958484649658,0.08680415153503418,0.0636233175662519,5.1240330465111015,0.26939655172413796,0.6488993752721902,2.40871448101037
frame_001,frame_007,1,7,20,6,False,False,671,"mountain bike, all-terrain bike, off-roader",0.9535044964186333,0.04761113825416308,0.9657359719276428,0.03426402807235718,0.0324612032443229,5.3102166906266115,0.39655172413793105,0.7512693546898063,1.8945053292177723
frame_001,frame_008,1,8,20,7,False,False,671,"mountain bike, all-terrain bike, off-roader",0.7973892753253264,0.22641229367972215,0.899945855140686,0.10005414485931396,0.03615888166135312,5.454798873816298,0.5,0.7251801102966955,1.450360220593391
frame_001,frame_009,1,9,20,8,False,False,671,"mountain bike, all-terrain bike, off-roader",0.8313612771096894,0.18469082877186072,0.9049482941627502,0.09505170583724976,0.022190399359930765,5.635652422552986,0.5043103448275862,0.7445979497560182,1.4764677294307371
frame_001,frame_010,1,10,20,9,False,False,671,"mountain bike, all-terrain bike, off-roader",0.8950639750010992,0.11086008281373161,0.9257615208625793,0.07423847913742065,0.029735764096540482,5.6710435905362555,0.5280172413793104,0.6831183602203201,1.293742527111137
frame_001,frame_011,1,11,20,10,False,False,671,"mountain bike, all-terrain bike, off-roader",0.6966993500961539,0.36140130977819984,0.8579810857772827,0.14201891422271729,0.024029806286191866,5.6032460418475605,0.47844827586206895,0.6965927038626787,1.4559415071724455
frame_001,frame_012,1,12,20,11,False,True,671,"mountain bike, all-terrain bike, off-roader",0.5961584076274612,0.5172488626214253,0.8506667613983154,0.14933323860168457,0.02571253459996467,5.465878497774007,0.3642241379310345,0.6244947384216208,1.7145891043055153
frame_001,frame_013,1,13,20,12,False,False,518,crash helmet,0.5254472293434428,0.6435055136058478,0.8776198625564575,0.12238013744354248,0.03127525359120936,5.3001993116071215,0.2629310344827586,0.6288936348623624,2.391857758820788
frame_001,frame_014,1,14,20,13,False,False,671,"mountain bike, all-terrain bike, off-roader",0.6319177479013254,0.4589960390307204,0.89649897813797,0.10350102186203003,0.0396363930035242,5.188728186732148,0.16594827586206898,0.49056192189216874,2.9561133994541073
frame_001,frame_015,1,15,20,14,False,False,671,"mountain bike, all-terrain bike, off-roader",0.9559709295318927,0.045027774832524514,0.9662148952484131,0.033785104751586914,0.06639789807621004,5.0148196235524605,0.11853448275862069,0.5097088691458943,4.3000893687944535
frame_001,frame_016,1,16,20,15,False,False,671,"mountain bike, all-terrain bike, off-roader",0.981803250487009,0.018364346621142502,0.9838789701461792,0.0161210298538208,0.0811533343160785,4.9385434199700615,0.08189655172413793,0.44275898194286256,5.40632020056548
frame_001,frame_017,1,17,20,16,True,False,671,"mountain bike, all-terrain bike, off-roader",0.9882681975329975,0.011801163078597021,0.9888209700584412,0.011179029941558838,0.06841174290328668,4.84700943506608,0.0625,0.3703304299457971,5.925286879132754
frame_001,frame_000,1,0,30,-1,False,False,671,"mountain bike, all-terrain bike, off-roader",0.8706492526645351,0.1385160782220881,0.8820663690567017,0.11793363094329834,0.039279338490941514,5.267627498313063,0.021551724137931036,0.06117083125709052,2.838326570329
frame_001,frame_002,1,2,30,1,False,False,518,crash helmet,0.6866567880407043,0.3759206923185934,0.9040459990501404,0.09595400094985962,0.03285471397014489,5.398852705508337,0.0603448275862069,0.17541152004064867,2.906819474959321
frame_001,frame_003,1,3,30,2,False,False,518,crash helmet,0.9641564240362916,0.03650173193741668,0.9680272936820984,0.03197270631790161,0.034394837352072,5.395996963121994,0.08836206896551724,0.18125092523144604,2.051229983107097
frame_001,frame_004,1,4,30,3,False,False,518,crash helmet,0.9727828524257717,0.027594394955021195,0.9766943454742432,0.023305654525756836,0.02338067092428332,5.512860675969234,0.11853448275862069,0.2394707044051849,2.020261942618287
frame_001,frame_005,1,5,30,4,True,False,518,crash helmet,0.9850936239201249,0.015018592661879993,0.9881370067596436,0.011862993240356445,0.03050304426621701,5.466724073819329,0.1788793103448276,0.2943774174727618,1.6456761651489333
frame_001,frame_006,1,6,30,5,False,False,518,crash helmet,0.8403113174465031,0.1739828397981844,0.9351622462272644,0.0648377537727356,0.021287971903693897,5.491620094458381,0.26939655172413796,0.3701115153230293,1.3738539448790847
frame_001,frame_007,1,7,30,6,False,False,671,"mountain bike, all-terrain bike, off-roader",0.8048142423840869,0.217143782993936,0.905930757522583,0.09406924247741699,0.028352192528448762,5.557803576921165,0.39655172413793105,0.5029413283388955,1.2682868279850408
frame_001,frame_008,1,8,30,7,False,True,671,"mountain bike, all-terrain bike, off-roader",0.6483312551718183,0.4333535169933489,0.871545672416687,0.128454327583313,0.06020142172739526,5.41485294093226,0.5,0.6075946145052333,1.2151892290104667
frame_001,frame_009,1,9,30,8,False,False,671,"mountain bike, all-terrain bike, off-roader",0.7332140392251599,0.3103176153205274,0.8778550028800964,0.12214499711990356,0.050781767185562626,5.372443040625996,0.5043103448275862,0.5795516085793081,1.1491963520546964
frame_001,frame_010,1,10,30,9,False,False,671,"mountain bike, all-terrain bike, off-roader",0.9042004469589676,0.1007042098074793,0.9321157932281494,0.06788420677185059,0.020438909346459047,5.529684515697053,0.5280172413793104,0.628912001128574,1.1910823205047278
frame_001,frame_011,1,11,30,10,False,False,671,"mountain bike, all-terrain bike, off-roader",0.9220909964415563,0.08111136567345856,0.9455710649490356,0.054428935050964355,0.028199720930878303,5.378957602867499,0.47844827586206895,0.6773908093603933,1.4158078177622635
frame_001,frame_012,1,12,30,11,False,False,671,"mountain bike, all-terrain bike, off-roader",0.8536264299320886,0.15826161657317428,0.9208644032478333,0.07913559675216675,0.018515884833948892,5.474863011893617,0.3642241379310345,0.5330471677489055,1.463514117369776
frame_001,frame_013,1,13,30,12,False,False,518,crash helmet,0.6767811162265223,0.39040737263593606,0.8995032906532288,0.10049670934677124,0.03039052718605007,5.450904045147359,0.2629310344827586,0.42285018287480686,1.6082170889664786
frame_001,frame_014,1,14,30,13,False,False,518,crash helmet,0.6624933558680278,0.4117447500504978,0.9053700566291809,0.09462994337081909,0.023093154659619666,5.529698699700494,0.16594827586206898,0.29882348705839834,1.8007025713648939
frame_001,frame_015,1,15,30,14,False,False,671,"mountain bike, all-terrain bike, off-roader",0.8020929992423583,0.22053071868330543,0.9185405373573303,0.08145946264266968,0.046088978532157585,5.417237685518789,0.11853448275862069,0.2859289860430623,2.4122009004360168
frame_001,frame_016,1,16,30,15,False,False,671,"mountain bike, all-terrain bike, off-roader",0.9784452148122083,0.021790482663667454,0.9828587770462036,0.017141222953796387,0.03815554107268228,5.445866367228582,0.08189655172413793,0.1295282415525966,1.5816080021159165
frame_001,frame_017,1,17,30,16,False,False,671,"mountain bike, all-terrain bike, off-roader",0.9651301838795096,0.0354922811674685,0.9726696610450745,0.027330338954925537,0.028188854568035524,5.39060310945742,0.0625,0.07045592127909302,1.1272947404654883
frame_001,frame_000,1,0,40,-1,False,False,671,"mountain bike, all-terrain bike, off-roader",0.9473451141412879,0.054091823312655274,0.9494358897209167,0.05056411027908325,0.07487954407724942,4.087446113323763,0.021551724137931036,0.3292387466313164,15.276677843693081
frame_001,frame_002,1,2,40,1,False,False,518,crash helmet,0.564299635568067,0.5721698998196436,0.8962178230285645,0.10378217697143555,0.06432150447143561,3.9190306351471627,0.0603448275862069,0.7041854699859579,11.66935921691016
frame_001,frame_003,1,3,40,2,False,False,518,crash helmet,0.9885130365596286,0.01155344823422233,0.9886026382446289,0.011397361755371094,0.06721604680971104,4.041780646250481,0.08836206896551724,0.7467595304003001,8.451132246481444
frame_001,frame_004,1,4,40,3,False,False,518,crash helmet,0.9920180452486398,0.008013981087875877,0.9917517304420471,0.00824826955795288,0.05854234564391916,4.2155632632817275,0.11853448275862069,0.6201958596317483,5.232197797620567
frame_001,frame_005,1,5,40,4,False,False,518,crash helmet,0.9914156208823095,0.008621437132554366,0.992138147354126,0.007861852645874023,0.0537695768202826,4.529736293368719,0.1788793103448276,0.7378463235761236,4.124827640232787
frame_001,frame_006,1,6,40,5,False,False,518,crash helmet,0.8594996024754614,0.15140491666607492,0.9382147789001465,0.061785221099853516,0.036356066056741604,4.924329484937255,0.26939655172413796,0.791740379179345,2.9389402875137285
frame_001,frame_007,1,7,40,6,False,False,671,"mountain bike, all-terrain bike, off-roader",0.6625215143806878,0.41170224711215875,0.8695763349533081,0.1304236650466919,0.039807315997593205,5.030594953339429,0.39655172413793105,0.8147743668671127,2.0546484034040233
frame_001,frame_008,1,8,40,7,False,False,671,"mountain bike, all-terrain bike, off-roader",0.5915707216099243,0.5249740395494746,0.8618683815002441,0.13813161849975586,0.06927394125608853,5.077850659853572,0.5,0.8383593219654998,1.6767186439309996
frame_001,frame_009,1,9,40,8,False,True,671,"mountain bike, all-terrain bike, off-roader",0.6230578160004586,0.4731159619316214,0.8577867746353149,0.14221322536468506,0.037074394555139965,5.047425074598028,0.5043103448275862,0.891311305674038,1.7673865206527934
frame_001,frame_010,1,10,40,9,False,False,671,"mountain bike, all-terrain bike, off-roader",0.7321423158703995,0.3117803633300813,0.8621779680252075,0.13782203197479248,0.04033423205925323,5.04297919063109,0.5280172413793104,0.8467845492163566,1.6037062483117936
frame_001,frame_011,1,11,40,10,False,False,671,"mountain bike, all-terrain bike, off-roader",0.6485741081551729,0.43297900549380497,0.8906844854354858,0.10931551456451416,0.04216312540671273,5.069221301350801,0.47844827586206895,0.8637326105903201,1.805278969882471
frame_001,frame_012,1,12,40,11,False,False,671,"mountain bike, all-terrain bike, off-roader",0.904948032921752,0.09987775911683716,0.9414200186729431,0.058579981327056885,0.08365533960194128,4.741368699057908,0.3642241379310345,0.8328387906789128,2.286610644230861
frame_001,frame_013,1,13,40,12,False,False,518,crash helmet,0.5983083205499397,0.5136490716964914,0.8893479108810425,0.11065208911895752,0.03692928656030666,4.839151406059482,0.2629310344827586,0.7839093528265252,2.981425735340227
frame_001,frame_014,1,14,40,13,False,False,671,"mountain bike, all-terrain bike, off-roader",0.6349363480350213,0.4542305244286684,0.9027486443519592,0.09725135564804077,0.034437216330517884,4.640843840109425,0.16594827586206898,0.7204215595806708,4.341241605784821
frame_001,frame_015,1,15,40,14,False,False,671,"mountain bike, all-terrain bike, off-roader",0.9049214243927222,0.09990716292706692,0.9501769542694092,0.04982304573059082,0.046337683607041685,4.373930391406159,0.11853448275862069,0.7252373037691315,6.1183656172523095
frame_001,frame_016,1,16,40,15,True,False,671,"mountain bike, all-terrain bike, off-roader",0.9935627330716693,0.006458075479284453,0.9935744404792786,0.0064255595207214355,0.06582435979173835,4.236100655724121,0.08189655172413793,0.628988289471307,7.680278060912802
frame_001,frame_017,1,17,40,16,False,False,671,"mountain bike, all-terrain bike, off-roader",0.9768167261599766,0.023456232908846797,0.9807596802711487,0.01924031972885132,0.06241466001817147,4.094283993982653,0.0625,0.6407635008264599,10.252216013223359
frame_001,frame_000,1,0,50,-1,False,False,671,"mountain bike, all-terrain bike, off-roader",0.9546107046076462,0.04645166076313001,0.9541574120521545,0.04584258794784546,0.09429009221115076,4.3736537811195175,0.021551724137931036,0.2262888906689002,10.499804527036968
frame_001,frame_002,1,2,50,1,False,False,518,crash helmet,0.7035618490717052,0.3515994900565551,0.9112143516540527,0.08878564834594727,0.06513175259875723,4.340648260069271,0.0603448275862069,0.6338883810791895,10.504436029312284
frame_001,frame_003,1,3,50,2,False,False,518,crash helmet,0.9878047335030364,0.012270238922084495,0.989581823348999,0.010418176651000977,0.06938466311161366,4.3464926964651305,0.08836206896551724,0.638495959870138,7.225905497066927
frame_001,frame_004,1,4,50,3,True,False,518,crash helmet,0.9949383763939509,0.005074477013899736,0.9946703910827637,0.005329608917236328,0.07374841043598616,4.514164050096877,0.11853448275862069,0.6165945329446855,5.2018156961151645
frame_001,frame_005,1,5,50,4,False,False,518,crash helmet,0.993038643346318,0.006985699937548606,0.9936802387237549,0.006319761276245117,0.04660226547375558,4.767543163438527,0.1788793103448276,0.6987836243279568,3.906453032387614
frame_001,frame_006,1,6,50,5,False,False,518,crash helmet,0.8631374480776183,0.14718133281961698,0.9411226511001587,0.05887734889984131,0.029644084058135303,4.9791240587822605,0.26939655172413796,0.7197373310794639,2.67166497296697
frame_001,frame_007,1,7,50,6,False,False,671,"mountain bike, all-terrain bike, off-roader",0.6586756374587734,0.4175240698115359,0.8750916123390198,0.12490838766098022,0.047310658418256143,5.0900424911342785,0.39655172413793105,0.7951511873680328,2.0051638637976477
frame_001,frame_008,1,8,50,7,False,True,671,"mountain bike, all-terrain bike, off-roader",0.5124994398692515,0.6684556609082168,0.8674548268318176,0.13254517316818237,0.031831231067261545,5.216731672729625,0.5,0.8110097275003306,1.6220194550006612
frame_001,frame_009,1,9,50,8,False,False,671,"mountain bike, all-terrain bike, off-roader",0.6847909668107084,0.37864164523064225,0.8823761940002441,0.11762380599975586,0.030935736781487463,5.266001882283022,0.5043103448275862,0.8092250979195446,1.6046172881823448
frame_001,frame_010,1,10,50,9,False,False,671,"mountain bike, all-terrain bike, off-roader",0.9299245389014652,0.07265183709310818,0.9486210942268372,0.05137890577316284,0.023422968010407032,5.336177863299346,0.5280172413793104,0.7370353213838152,1.3958546494779194
frame_001,frame_011,1,11,50,10,False,False,671,"mountain bike, all-terrain bike, off-roader",0.954133102114007,0.04695209723021865,0.9651253819465637,0.03487461805343628,0.03587831193472425,5.187378821704957,0.47844827586206895,0.8149299789681332,1.7032770731586209
frame_001,frame_012,1,12,50,11,False,False,671,"mountain bike, all-terrain bike, off-roader",0.9045752253904489,0.10028980967751977,0.9437370300292969,0.056262969970703125,0.026946005991233615,5.106035013220625,0.3642241379310345,0.7168221586960619,1.9680797729880044
frame_001,frame_013,1,13,50,12,False,False,671,"mountain bike, all-terrain bike, off-roader",0.5674662392442084,0.5665740217147741,0.8834829330444336,0.1165170669555664,0.04142256021968972,4.965214358157979,0.2629310344827586,0.7266748952329779,2.7637471425254243
frame_001,frame_014,1,14,50,13,False,False,671,"mountain bike, all-terrain bike, off-roader",0.7522472217885169,0.28469025668117265,0.9168359041213989,0.08316409587860107,0.03417574944859297,4.824515100960261,0.16594827586206898,0.6115604542728796,3.6852474127612487
frame_001,frame_015,1,15,50,14,False,False,671,"mountain bike, all-terrain bike, off-roader",0.8948498598100406,0.11109932918181453,0.9469749927520752,0.053025007247924805,0.05902972787045399,4.561415662253535,0.11853448275862069,0.6830768858701379,5.762685000795345
frame_001,frame_016,1,16,50,15,False,False,671,"mountain bike, all-terrain bike, off-roader",0.9929494854963536,0.007075486828748367,0.9934870600700378,0.006512939929962158,0.05174665201684156,4.561892922382654,0.08189655172413793,0.5834291125792587,7.123976532546737
frame_001,frame_017,1,17,50,16,False,False,671,"mountain bike, all-terrain bike, off-roader",0.9777922528423485,0.022458051918326394,0.9805785417556763,0.01942145824432373,0.04417044988581341,4.681900379670384,0.0625,0.4677420692731071,7.483873108369713
frame_002,frame_000,2,0,5,-2,False,True,671,"mountain bike, all-terrain bike, off-roader",0.2611935342076802,1.3424936360681796,0.5756451487541199,0.4243548512458801,0.04304512571487854,4.990423311263386,0.021551724137931036,0.19010458897248186,8.820852928323157
frame_002,frame_001,2,1,5,-1,False,False,671,"mountain bike, all-terrain bike, off-roader",0.2654737252415066,1.3262394065061613,0.6090452671051025,0.39095473289489746,0.04403811683090304,4.792527380464659,0.03879310344827586,0.36709333732341354,9.462850473225771
frame_002,frame_003,2,3,5,1,False,False,518,crash helmet,0.30564376387033143,1.1853350255608521,0.6385321617126465,0.3614678382873535,0.027355141966742026,4.715092141094539,0.08836206896551724,0.6207344993779556,7.024897749057839
frame_002,frame_004,2,4,5,2,False,False,802,snowmobile,0.7428274258298003,0.297291527958754,0.8675550222396851,0.13244497776031494,0.030223964263075713,4.856298224324682,0.11853448275862069,0.582249040084084,4.912064629072999
frame_002,frame_005,2,5,5,3,False,False,518,crash helmet,0.8992505800764609,0.10619355133965502,0.9196305871009827,0.08036941289901733,0.026718137900877174,5.10803601873981,0.1788793103448276,0.6754216263059761,3.775851019349071
frame_002,frame_006,2,6,5,4,False,False,518,crash helmet,0.8520300831631423,0.16013344389923745,0.918432354927063,0.08156764507293701,0.017462143512800975,5.39393408492818,0.26939655172413796,0.7214242125184501,2.6779266768684864
frame_002,frame_007,2,7,5,5,False,False,880,"unicycle, monocycle",0.6458730890815707,0.43715225102972344,0.871300995349884,0.12869900465011597,0.009829840859211948,5.650964366337935,0.39655172413793105,0.7337824848441188,1.8504080052590821
frame_002,frame_008,2,8,5,6,True,False,518,crash helmet,0.9028670137644454,0.10218000798936266,0.9235605001449585,0.0764394998550415,0.01569108125758552,5.717352272759594,0.5,0.7518418514539444,1.5036837029078889
frame_002,frame_009,2,9,5,7,False,False,518,crash helmet,0.649588997680121,0.43141542734688176,0.8157934546470642,0.1842065453529358,0.015357594919822089,5.744861999658486,0.5043103448275862,0.7709904418216464,1.52880155985147
frame_002,frame_010,2,10,5,8,False,False,518,crash helmet,0.2824705889007727,1.264180843901233,0.6817905902862549,0.3182094097137451,0.010567980886461586,5.805729643072123,0.5280172413793104,0.7482853425743697,1.4171608120592145
frame_002,frame_011,2,11,5,9,False,False,880,"unicycle, monocycle",0.38611987059233377,0.9516074121506088,0.712190568447113,0.28780943155288696,0.009117877996891824,5.76624034976175,0.47844827586206895,0.7545919465271096,1.577165149498103
frame_002,frame_012,2,12,5,10,False,False,880,"unicycle, monocycle",0.4609842928204579,0.7743913085389278,0.7624669075012207,0.2375330924987793,0.013696027074277105,5.630048408534849,0.3642241379310345,0.7031158026543372,1.9304481208971151
frame_002,frame_013,2,13,5,11,False,False,518,crash helmet,0.6710689127770444,0.3988834456787709,0.8253144025802612,0.17468559741973877,0.015004481478613456,5.378911779680549,0.2629310344827586,0.6535579396735747,2.4856629836765465
frame_002,frame_014,2,14,5,12,False,False,518,crash helmet,0.6517015221619596,0.42816860996759853,0.7943504452705383,0.20564955472946167,0.016509814152154738,5.174667261877737,0.16594827586206898,0.5685298660602558,3.425946205869593
frame_002,frame_015,2,15,5,13,False,False,671,"mountain bike, all-terrain bike, off-roader",0.34180313179484445,1.07352034568948,0.7146630883216858,0.2853369116783142,0.023287722901289543,5.049756971820953,0.11853448275862069,0.5771994928778402,4.869464812642143
frame_002,frame_016,2,16,5,14,False,False,671,"mountain bike, all-terrain bike, off-roader",0.6969059770074442,0.36110477401045316,0.8201878070831299,0.17981219291687012,0.02884118300278571,4.981244030397017,0.08189655172413793,0.49922659777172657,6.095819509633714
frame_002,frame_017,2,17,5,15,False,False,671,"mountain bike, all-terrain bike, off-roader",0.5171396254116319,0.6594423724411866,0.7634451389312744,0.23655486106872559,0.03038432985412609,4.971412383173115,0.0625,0.45046152283525326,7.207384365364052
frame_002,frame_000,2,0,10,-2,False,False,671,"mountain bike, all-terrain bike, off-roader",0.8614038041756757,0.14919189010106848,0.889838457107544,0.11016154289245605,0.18187347696144912,3.879443012034852,0.021551724137931036,0.3268776461495371,15.167122781338522
frame_002,frame_001,2,1,10,-1,True,False,671,"mountain bike, all-terrain bike, off-roader",0.9667286319325044,0.03383745173098429,0.9653615951538086,0.034638404846191406,0.12499797560254731,3.8575329037129062,0.03879310344827586,0.3934210256744093,10.141519772940327
frame_002,frame_003,2,3,10,1,False,False,518,crash helmet,0.7680526466021022,0.2638969979207729,0.8401228189468384,0.15987718105316162,0.1108846523694281,3.9089070265025825,0.08836206896551724,0.7082275651962643,8.015063176855284
frame_002,frame_004,2,4,10,2,False,False,518,crash helmet,0.9193822503612465,0.08405330147262635,0.9329401850700378,0.06705981492996216,0.07288292680790213,4.217101286528745,0.11853448275862069,0.6224374013365287,5.251108258548169
frame_002,frame_005,2,5,10,3,False,False,518,crash helmet,0.9493888975447128,0.05193676711413442,0.9647940993309021,0.0352059006690979,0.06434542776641783,4.43281365187843,0.1788793103448276,0.7393948808858991,4.133484635313942
frame_002,frame_006,2,6,10,4,False,False,518,crash helmet,0.893147082153514,0.11300400600909555,0.9398333430290222,0.06016665697097778,0.050744839990506406,4.7663783514578935,0.26939655172413796,0.7498180858413734,2.7833247346431778
frame_002,frame_007,2,7,10,5,False,False,880,"unicycle, monocycle",0.7246691912756958,0.3220400161540531,0.8733993172645569,0.12660068273544312,0.05079143089989169,5.040297928764458,0.39655172413793105,0.8148676698490753,2.0548836891846247
frame_002,frame_008,2,8,10,6,False,False,518,crash helmet,0.554016975291556,0.5905599513837907,0.8369927406311035,0.16300725936889648,0.030143483879631536,5.216981113161932,0.5,0.8213423220698097,1.6426846441396195
frame_002,frame_009,2,9,10,7,False,False,518,crash helmet,0.5128864395984892,0.6677008236213724,0.806156575679779,0.19384342432022095,0.025010356758478732,5.366629122613786,0.5043103448275862,0.8320228361541953,1.6498230597245582
frame_002,frame_010,2,10,10,8,False,False,671,"mountain bike, all-terrain bike, off-roader",0.4245365855839464,0.8567570918232663,0.7656325101852417,0.2343674898147583,0.03488205003272381,5.404007383060661,0.5280172413793104,0.8068394338692273,1.5280550910829447
frame_002,frame_011,2,11,10,9,False,True,665,moped,0.32076612453118475,1.137043005413445,0.7129430174827576,0.28705698251724243,0.029538872045680616,5.218056321345628,0.47844827586206895,0.821930786950116,1.7179093925443867
frame_002,frame_012,2,12,10,10,False,False,665,moped,0.5451850161520239,0.6066300627508858,0.8030433654785156,0.19695663452148438,0.042519180987212114,5.0206046564594775,0.3642241379310345,0.7664723212734184,2.104397379117551
frame_002,frame_013,2,13,10,11,False,False,518,crash helmet,0.6471615807028595,0.43515927732548665,0.8746757507324219,0.12532424926757812,0.04389905540580417,4.804081802121306,0.2629310344827586,0.7645126582328572,2.907654700164309
frame_002,frame_014,2,14,10,12,False,False,518,crash helmet,0.7294942492661145,0.31540379416741526,0.8680081963539124,0.13199180364608765,0.06887894859787733,4.538635824549971,0.16594827586206898,0.7171994958502309,4.321825533435157
frame_002,frame_015,2,15,10,13,False,False,671,"mountain bike, all-terrain bike, off-roader",0.39960620273045816,0.9172757099797151,0.7942951917648315,0.20570480823516846,0.10141452359522411,4.238629327745128,0.11853448275862069,0.7376630768018994,6.22319395701966
frame_002,frame_016,2,16,10,14,False,False,671,"mountain bike, all-terrain bike, off-roader",0.7155274244259394,0.3347353516832179,0.8772700428962708,0.12272995710372925,0.12137486488098007,4.189861050420732,0.08189655172413793,0.6599503319041516,8.05834089482964
frame_002,frame_017,2,17,10,15,False,False,671,"mountain bike, all-terrain bike, off-roader",0.7188795817492876,0.3300614154692596,0.8839511275291443,0.11604887247085571,0.10511039982454304,4.175550395277573,0.0625,0.5867043830984685,9.387270129575496
frame_002,frame_000,2,0,20,-2,False,False,671,"mountain bike, all-terrain bike, off-roader",0.8859889148511209,0.12105083991004184,0.9167872667312622,0.08321273326873779,0.12644213536886728,4.4808810271372215,0.021551724137931036,0.2790677620495139,12.948744159097444
frame_002,frame_001,2,1,20,-1,True,False,671,"mountain bike, all-terrain bike, off-roader",0.9927713067966377,0.007254946802059514,0.9911448359489441,0.008855164051055908,0.08786731211269419,4.477690504230157,0.03879310344827586,0.35616489357572345,9.181139478840871
frame_002,frame_003,2,3,20,1,False,False,518,crash helmet,0.6614703851102253,0.41329006572601323,0.863913893699646,0.136086106300354,0.11624112490494515,4.3306475701921965,0.08836206896551724,0.581685161228142,6.582973531947753
frame_002,frame_004,2,4,20,2,False,False,518,crash helmet,0.881026609660406,0.12666744957427079,0.9289722442626953,0.07102775573730469,0.1037359023514615,4.4739881928884415,0.11853448275862069,0.5408083962592181,4.562456288441403
frame_002,frame_005,2,5,20,3,False,False,518,crash helmet,0.825642712063418,0.19159315102008723,0.9302311539649963,0.06976884603500366,0.10523734965304118,4.741686965272698,0.1788793103448276,0.6312609475493904,3.5289768634086403
frame_002,frame_006,2,6,20,4,False,False,671,"mountain bike, all-terrain bike, off-roader",0.7313213864851427,0.31290226265705634,0.9131958484649658,0.08680415153503418,0.06792426826930786,4.905314165493072,0.26939655172413796,0.7014682511108531,2.6038501481234864
frame_002,frame_007,2,7,20,5,False,False,671,"mountain bike, all-terrain bike, off-roader",0.9535044964186333,0.04761113825416308,0.9657359719276428,0.03426402807235718,0.03935119403992074,5.18554828866251,0.39655172413793105,0.7791079245226206,1.9647069401005213
frame_002,frame_008,2,8,20,6,False,False,671,"mountain bike, all-terrain bike, off-roader",0.7973892753253264,0.22641229367972215,0.899945855140686,0.10005414485931396,0.05657608082456776,5.302356417594966,0.5,0.7457020534424712,1.4914041068849424
frame_002,frame_009,2,9,20,7,False,False,671,"mountain bike, all-terrain bike, off-roader",0.8313612771096894,0.18469082877186072,0.9049482941627502,0.09505170583724976,0.029710053029478687,5.590026803034867,0.5043103448275862,0.7479986622291759,1.4832110225399044
frame_002,frame_010,2,10,20,8,False,False,671,"mountain bike, all-terrain bike, off-roader",0.8950639750010992,0.11086008281373161,0.9257615208625793,0.07423847913742065,0.0314442697550462,5.6358431103066575,0.5280172413793104,0.6882243045874004,1.303412560524709
frame_002,frame_011,2,11,20,9,False,False,671,"mountain bike, all-terrain bike, off-roader",0.6966993500961539,0.36140130977819984,0.8579810857772827,0.14201891422271729,0.0349877064123372,5.541662166821723,0.47844827586206895,0.7119140449840933,1.487964490417204
frame_002,frame_012,2,12,20,10,False,True,671,"mountain bike, all-terrain bike, off-roader",0.5961584076274612,0.5172488626214253,0.8506667613983154,0.14933323860168457,0.03362800461155401,5.334930621865501,0.3642241379310345,0.6557221144523655,1.8003258053603408
frame_002,frame_013,2,13,20,11,False,False,518,crash helmet,0.5254472293434428,0.6435055136058478,0.8776198625564575,0.12238013744354248,0.0394827204854608,5.14897971871752,0.2629310344827586,0.6588605090896296,2.50583013293105
frame_002,frame_014,2,14,20,12,False,False,671,"mountain bike, all-terrain bike, off-roader",0.6319177479013254,0.4589960390307204,0.89649897813797,0.10350102186203003,0.05696578307779971,4.9430135861549385,0.16594827586206898,0.5356185483065767,3.2276234599253453
frame_002,frame_015,2,15,20,13,False,False,671,"mountain bike, all-terrain bike, off-roader",0.9559709295318927,0.045027774832524514,0.9662148952484131,0.033785104751586914,0.08707743710761823,4.712508631439455,0.11853448275862069,0.5625484011799327,4.7458628754088865
frame_002,frame_016,2,16,20,14,False,False,671,"mountain bike, all-terrain bike, off-roader",0.981803250487009,0.018364346621142502,0.9838789701461792,0.0161210298538208,0.10173086083821621,4.622697745421269,0.08189655172413793,0.4963836200034383,6.061105254778825
frame_002,frame_017,2,17,20,15,False,False,671,"mountain bike, all-terrain bike, off-roader",0.9882681975329975,0.011801163078597021,0.9888209700584412,0.011179029941558838,0.09655572299334987,4.461363350979433,0.0625,0.43553255691336507,6.968520910613841
frame_002,frame_000,2,0,30,-2,False,False,671,"mountain bike, all-terrain bike, off-roader",0.8706492526645351,0.1385160782220881,0.8820663690567017,0.11793363094329834,0.03134137342454244,5.271957167457087,0.021551724137931036,0.09537070524387295,4.4252007233157045
frame_002,frame_001,2,1,30,-1,False,False,671,"mountain bike, all-terrain bike, off-roader",0.98940709463756,0.010649409567825785,0.9879802465438843,0.012019753456115723,0.04148745594674721,5.280589929297267,0.03879310344827586,0.16340922664149485,4.212326731202978
frame_002,frame_003,2,3,30,1,False,False,518,crash helmet,0.9641564240362916,0.03650173193741668,0.9680272936820984,0.03197270631790161,0.0435582881817841,5.4001511551120505,0.08836206896551724,0.2722140841223578,3.0806667081164396
frame_002,frame_004,2,4,30,2,False,False,518,crash helmet,0.9727828524257717,0.027594394955021195,0.9766943454742432,0.023305654525756836,0.03936082163859277,5.432994650541014,0.11853448275862069,0.34523412436781686,2.9125206128484913
frame_002,frame_005,2,5,30,3,True,False,518,crash helmet,0.9850936239201249,0.015018592661879993,0.9881370067596436,0.011862993240356445,0.03781368209233453,5.436501050727429,0.1788793103448276,0.41735375328092356,2.3331583315945603
frame_002,frame_006,2,6,30,4,False,False,518,crash helmet,0.8403113174465031,0.1739828397981844,0.9351622462272644,0.0648377537727356,0.021573401721964213,5.49683261832735,0.26939655172413796,0.47706226326998613,1.7708551212581884
frame_002,frame_007,2,7,30,5,False,False,671,"mountain bike, all-terrain bike, off-roader",0.8048142423840869,0.217143782993936,0.905930757522583,0.09406924247741699,0.022890109459995537,5.540778428319778,0.39655172413793105,0.5838910650522098,1.4724209466533986
frame_002,frame_008,2,8,30,6,False,True,671,"mountain bike, all-terrain bike, off-roader",0.6483312551718183,0.4333535169933489,0.871545672416687,0.128454327583313,0.04833017671820295,5.469130390535348,0.5,0.6598503222349166,1.3197006444698332
frame_002,frame_009,2,9,30,7,False,False,671,"mountain bike, all-terrain bike, off-roader",0.7332140392251599,0.3103176153205274,0.8778550028800964,0.12214499711990356,0.03975410809402343,5.510378537322901,0.5043103448275862,0.6301456637903289,1.2495196068321053
frame_002,frame_010,2,10,30,8,False,False,671,"mountain bike, all-terrain bike, off-roader",0.9042004469589676,0.1007042098074793,0.9321157932281494,0.06788420677185059,0.01533744958035716,5.608395044063059,0.5280172413793104,0.6641782843314346,1.2578723425705536
frame_002,frame_011,2,11,30,9,False,False,671,"mountain bike, all-terrain bike, off-roader",0.9220909964415563,0.08111136567345856,0.9455710649490356,0.054428935050964355,0.017712816741566335,5.494304272497877,0.47844827586206895,0.7057810292244775,1.4751459349556648
frame_002,frame_012,2,12,30,10,False,False,671,"mountain bike, all-terrain bike, off-roader",0.8536264299320886,0.15826161657317428,0.9208644032478333,0.07913559675216675,0.017776690252788926,5.508660653903547,0.3642241379310345,0.5795086157973384,1.5910769096447634
frame_002,frame_013,2,13,30,11,False,False,518,crash helmet,0.6767811162265223,0.39040737263593606,0.8995032906532288,0.10049670934677124,0.02561528618337115,5.45196938095561,0.2629310344827586,0.5129504747086091,1.9508936087278248
frame_002,frame_014,2,14,30,12,False,False,518,crash helmet,0.6624933558680278,0.4117447500504978,0.9053700566291809,0.09462994337081909,0.02494254139460663,5.450766530832752,0.16594827586206898,0.4125332398970867,2.485914588470756
frame_002,frame_015,2,15,30,13,False,False,671,"mountain bike, all-terrain bike, off-roader",0.8020929992423583,0.22053071868330543,0.9185405373573303,0.08145946264266968,0.04027314839191438,5.403549794163695,0.11853448275862069,0.3863839761602266,3.25967572615173
frame_002,frame_016,2,16,30,14,False,False,671,"mountain bike, all-terrain bike, off-roader",0.9784452148122083,0.021790482663667454,0.9828587770462036,0.017141222953796387,0.03235625427301007,5.471599446759157,0.08189655172413793,0.22782801522520585,2.781899975381461
frame_002,frame_017,2,17,30,15,False,False,671,"mountain bike, all-terrain bike, off-roader",0.9651301838795096,0.0354922811674685,0.9726696610450745,0.027330338954925537,0.027974418828458397,5.4592032364836545,0.0625,0.13756064925226927,2.2009703880363083
frame_002,frame_000,2,0,40,-2,False,False,671,"mountain bike, all-terrain bike, off-roader",0.9473451141412879,0.054091823312655274,0.9494358897209167,0.05056411027908325,0.11111949773548559,3.730953471166412,0.021551724137931036,0.3722426546777288,17.272059177046618
frame_002,frame_001,2,1,40,-1,True,False,671,"mountain bike, all-terrain bike, off-roader",0.9953698795321135,0.004640872677849295,0.9941372871398926,0.005862712860107422,0.09518175825619482,3.57700987662745,0.03879310344827586,0.48230890526032727,12.432851780043991
frame_002,frame_003,2,3,40,1,False,False,518,crash helmet,0.9885130365596286,0.01155344823422233,0.9886026382446289,0.011397361755371094,0.0641225195139828,3.8779669382332496,0.08836206896551724,0.7372871544947665,8.343932675257845
frame_002,frame_004,2,4,40,2,False,False,518,crash helmet,0.9920180452486398,0.008013981087875877,0.9917517304420471,0.00824826955795288,0.048515232601586016,4.131341739090672,0.11853448275862069,0.6398155194706009,5.397716382442887
frame_002,frame_005,2,5,40,3,False,False,518,crash helmet,0.9914156208823095,0.008621437132554366,0.992138147354126,0.007861852645874023,0.04863842890932938,4.408414666846133,0.1788793103448276,0.7654616124102286,4.279207086245133
frame_002,frame_006,2,6,40,4,False,False,518,crash helmet,0.8594996024754614,0.15140491666607492,0.9382147789001465,0.061785221099853516,0.03740932010412439,4.768709312261704,0.26939655172413796,0.802829754782649,2.9801040497531925
frame_002,frame_007,2,7,40,5,False,False,671,"mountain bike, all-terrain bike, off-roader",0.6625215143806878,0.41170224711215875,0.8695763349533081,0.1304236650466919,0.02840615593786429,4.979297524945224,0.39655172413793105,0.8268142945443536,2.0850099601553262
frame_002,frame_008,2,8,40,6,False,False,671,"mountain bike, all-terrain bike, off-roader",0.5915707216099243,0.5249740395494746,0.8618683815002441,0.13813161849975586,0.07017661596498283,5.016061498188499,0.5,0.8521623515466001,1.7043247030932003
frame_002,frame_009,2,9,40,7,False,True,671,"mountain bike, all-terrain bike, off-roader",0.6230578160004586,0.4731159619316214,0.8577867746353149,0.14221322536468506,0.03904818410941624,5.032568939844584,0.5043103448275862,0.8950861158567076,1.7748716143483434
frame_002,frame_010,2,10,40,8,False,False,671,"mountain bike, all-terrain bike, off-roader",0.7321423158703995,0.3117803633300813,0.8621779680252075,0.13782203197479248,0.0355619267052321,5.033126382876214,0.5280172413793104,0.8601128924539462,1.6289484983617593
frame_002,frame_011,2,11,40,9,False,False,671,"mountain bike, all-terrain bike, off-roader",0.6485741081551729,0.43297900549380497,0.8906844854354858,0.10931551456451416,0.04714252106723008,5.038423683880264,0.47844827586206895,0.8609413951852635,1.7994450782250553
frame_002,frame_012,2,12,40,10,False,False,671,"mountain bike, all-terrain bike, off-roader",0.904948032921752,0.09987775911683716,0.9414200186729431,0.058579981327056885,0.07193212213203061,4.759950545863691,0.3642241379310345,0.8337643797930818,2.289151906650828
frame_002,frame_013,2,13,40,11,False,False,518,crash helmet,0.5983083205499397,0.5136490716964914,0.8893479108810425,0.11065208911895752,0.032979696472606554,4.801082011484757,0.2629310344827586,0.7900309672306408,3.0047079409427653
frame_002,frame_014,2,14,40,12,False,False,671,"mountain bike, all-terrain bike, off-roader",0.6349363480350213,0.4542305244286684,0.9027486443519592,0.09725135564804077,0.030543926851826487,4.536164053684455,0.16594827586206898,0.7433084130932267,4.479157190587755
frame_002,frame_015,2,15,40,13,False,False,671,"mountain bike, all-terrain bike, off-roader",0.9049214243927222,0.09990716292706692,0.9501769542694092,0.04982304573059082,0.04467906078310922,4.234436599127543,0.11853448275862069,0.7425532129689146,6.264448923955935
frame_002,frame_016,2,16,40,14,False,False,671,"mountain bike, all-terrain bike, off-roader",0.9935627330716693,0.006458075479284453,0.9935744404792786,0.0064255595207214355,0.07093447635890512,4.030185984969725,0.08189655172413793,0.6541385075272915,7.9873754603332445
frame_002,frame_017,2,17,40,15,False,False,671,"mountain bike, all-terrain bike, off-roader",0.9768167261599766,0.023456232908846797,0.9807596802711487,0.01924031972885132,0.06436868877716352,3.858332587767846,0.0625,0.6670085877637727,10.672137404220363
frame_002,frame_000,2,0,50,-2,False,False,671,"mountain bike, all-terrain bike, off-roader",0.9546107046076462,0.04645166076313001,0.9541574120521545,0.04584258794784546,0.13639644924614344,3.776844821622543,0.021551724137931036,0.2667722607208973,12.378232897449635
frame_002,frame_001,2,1,50,-1,True,False,671,"mountain bike, all-terrain bike, off-roader",0.9963742348045174,0.003632354213752631,0.9955413937568665,0.004458606243133545,0.08504574744225105,3.8398248848955294,0.03879310344827586,0.50904165239099,13.12196259496774
frame_002,frame_003,2,3,50,1,False,False,518,crash helmet,0.9878047335030364,0.012270238922084495,0.989581823348999,0.010418176651000977,0.061292505271297065,3.9755058033009614,0.08836206896551724,0.679994943068536,7.695552526434164
frame_002,frame_004,2,4,50,2,False,False,518,crash helmet,0.9949383763939509,0.005074477013899736,0.9946703910827637,0.005329608917236328,0.09303361019174765,4.166697841986307,0.11853448275862069,0.6694739287172435,5.647925507723654
frame_002,frame_005,2,5,50,3,False,False,518,crash helmet,0.993038643346318,0.006985699937548606,0.9936802387237549,0.006319761276245117,0.045346687668892285,4.485870182467718,0.1788793103448276,0.7316288024828181,4.090069450024429
frame_002,frame_006,2,6,50,4,False,False,518,crash helmet,0.8631374480776183,0.14718133281961698,0.9411226511001587,0.05887734889984131,0.0463282240134025,4.763222435932553,0.26939655172413796,0.7784828215311805,2.889728233523742
frame_002,frame_007,2,7,50,5,False,False,671,"mountain bike, all-terrain bike, off-roader",0.6586756374587734,0.4175240698115359,0.8750916123390198,0.12490838766098022,0.043582645035546215,4.95979213001903,0.39655172413793105,0.8465906743366354,2.134880830935863
frame_002,frame_008,2,8,50,6,False,True,671,"mountain bike, all-terrain bike, off-roader",0.5124994398692515,0.6684556609082168,0.8674548268318176,0.13254517316818237,0.04061608385857662,5.032461896010599,0.5,0.8491291636911159,1.6982583273822318
frame_002,frame_009,2,9,50,7,False,False,671,"mountain bike, all-terrain bike, off-roader",0.6847909668107084,0.37864164523064225,0.8823761940002441,0.11762380599975586,0.026408415132961317,5.2326322115252255,0.5043103448275862,0.8454101893023617,1.6763689223773326
frame_002,frame_010,2,10,50,8,False,False,671,"mountain bike, all-terrain bike, off-roader",0.9299245389014652,0.07265183709310818,0.9486210942268372,0.05137890577316284,0.027998892800240243,5.249571316683947,0.5280172413793104,0.7723210672667107,1.4626815314765458
frame_002,frame_011,2,11,50,9,False,False,671,"mountain bike, all-terrain bike, off-roader",0.954133102114007,0.04695209723021865,0.9651253819465637,0.03487461805343628,0.03586751264592727,5.059081546453974,0.47844827586206895,0.8501188485139856,1.7768249806778798
frame_002,frame_012,2,12,50,10,False,False,671,"mountain bike, all-terrain bike, off-roader",0.9045752253904489,0.10028980967751977,0.9437370300292969,0.056262969970703125,0.03807312210892908,4.932906521174225,0.3642241379310345,0.7483476430995284,2.054634949101664
frame_002,frame_013,2,13,50,11,False,False,671,"mountain bike, all-terrain bike, off-roader",0.5674662392442084,0.5665740217147741,0.8834829330444336,0.1165170669555664,0.03779781290323039,4.791099325285322,0.2629310344827586,0.7671921108608823,2.9178454052413887
frame_002,frame_014,2,14,50,12,False,False,671,"mountain bike, all-terrain bike, off-roader",0.7522472217885169,0.28469025668117265,0.9168359041213989,0.08316409587860107,0.056926222486722675,4.497705138867999,0.16594827586206898,0.6851040655570143,4.128419304135774
frame_002,frame_015,2,15,50,13,False,False,671,"mountain bike, all-terrain bike, off-roader",0.8948498598100406,0.11109932918181453,0.9469749927520752,0.053025007247924805,0.09131753339088731,4.174960660191006,0.11853448275862069,0.7546011742660537,6.366089906535435
frame_002,frame_016,2,16,50,14,False,False,671,"mountain bike, all-terrain bike, off-roader",0.9929494854963536,0.007075486828748367,0.9934870600700378,0.006512939929962158,0.08745240458225893,4.1016219926659385,0.08189655172413793,0.7078651920899958,8.643406556046264
frame_002,frame_017,2,17,50,15,False,False,671,"mountain bike, all-terrain bike, off-roader",0.9777922528423485,0.022458051918326394,0.9805785417556763,0.01942145824432373,0.08578278519894919,4.123011334226151,0.0625,0.6230325389428782,9.968520623086052
frame_003,frame_000,3,0,5,-3,False,True,671,"mountain bike, all-terrain bike, off-roader",0.2611935342076802,1.3424936360681796,0.5756451487541199,0.4243548512458801,0.04305897663723585,5.0077710107359446,0.021551724137931036,0.17656344684550285,8.192543933631331
frame_003,frame_001,3,1,5,-2,False,False,671,"mountain bike, all-terrain bike, off-roader",0.2654737252415066,1.3262394065061613,0.6090452671051025,0.39095473289489746,0.044338378780483516,4.81343636452317,0.03879310344827586,0.34776413783978133,8.964586664314362
frame_003,frame_002,3,2,5,-1,False,False,671,"mountain bike, all-terrain bike, off-roader",0.5151424911879743,0.6633117346693873,0.732602596282959,0.267397403717041,0.047029651690628727,4.603989835749287,0.0603448275862069,0.5517754267097196,9.143707071189638
frame_003,frame_004,3,4,5,1,False,False,802,snowmobile,0.7428274258298003,0.297291527958754,0.8675550222396851,0.13244497776031494,0.029389494005279425,4.837693633782772,0.11853448275862069,0.585147749783877,4.936519198176708
frame_003,frame_005,3,5,5,2,False,False,518,crash helmet,0.8992505800764609,0.10619355133965502,0.9196305871009827,0.08036941289901733,0.024479348064515082,5.094113152976602,0.1788793103448276,0.6805847314143046,3.804714643087197
frame_003,frame_006,3,6,5,3,False,False,518,crash helmet,0.8520300831631423,0.16013344389923745,0.918432354927063,0.08156764507293701,0.016014834879102106,5.381488634692434,0.26939655172413796,0.7250589536705009,2.691418836024899
frame_003,frame_007,3,7,5,4,False,False,880,"unicycle, monocycle",0.6458730890815707,0.43715225102972344,0.871300995349884,0.12869900465011597,0.009869234801674441,5.637906233030266,0.39655172413793105,0.7395039110981697,1.8648359497258191
frame_003,frame_008,3,8,5,5,True,False,518,crash helmet,0.9028670137644454,0.10218000798936266,0.9235605001449585,0.0764394998550415,0.01710181686199638,5.697987740435985,0.5,0.7554975019588634,1.510995003917727
frame_003,frame_009,3,9,5,6,False,False,518,crash helmet,0.649588997680121,0.43141542734688176,0.8157934546470642,0.1842065453529358,0.015200422901783393,5.740656115818963,0.5043103448275862,0.7757645676664866,1.5382682025523495
frame_003,frame_010,3,10,5,7,False,False,518,crash helmet,0.2824705889007727,1.264180843901233,0.6817905902862549,0.3182094097137451,0.010318664131662983,5.797241694046145,0.5280172413793104,0.7551809425076197,1.4302202339736143
frame_003,frame_011,3,11,5,8,False,False,880,"unicycle, monocycle",0.38611987059233377,0.9516074121506088,0.712190568447113,0.28780943155288696,0.008976875908895805,5.759948877502854,0.47844827586206895,0.7531826213627806,1.5742195329384243
frame_003,frame_012,3,12,5,9,False,False,880,"unicycle, monocycle",0.4609842928204579,0.7743913085389278,0.7624669075012207,0.2375330924987793,0.012431668075796912,5.621479179548884,0.3642241379310345,0.7049198346931842,1.9354012029446004
frame_003,frame_013,3,13,5,10,False,False,518,crash helmet,0.6710689127770444,0.3988834456787709,0.8253144025802612,0.17468559741973877,0.014970534579617212,5.364408347653262,0.2629310344827586,0.6602196516257111,2.5109993307731964
frame_003,frame_014,3,14,5,11,False,False,518,crash helmet,0.6517015221619596,0.42816860996759853,0.7943504452705383,0.20564955472946167,0.016967997201117163,5.155318434217296,0.16594827586206898,0.5776348935608424,3.4808128650939074
frame_003,frame_015,3,15,5,12,False,False,671,"mountain bike, all-terrain bike, off-roader",0.34180313179484445,1.07352034568948,0.7146630883216858,0.2853369116783142,0.0237752388460988,5.034977195290895,0.11853448275862069,0.5839552927110662,4.926459196689722
frame_003,frame_016,3,16,5,13,False,False,671,"mountain bike, all-terrain bike, off-roader",0.6969059770074442,0.36110477401045316,0.8201878070831299,0.17981219291687012,0.02813392651165907,4.96629736779911,0.08189655172413793,0.5046271700577084,6.161763339652019
frame_003,frame_017,3,17,5,14,False,False,671,"mountain bike, all-terrain bike, off-roader",0.5171396254116319,0.6594423724411866,0.7634451389312744,0.23655486106872559,0.029798786844586412,4.966300017118081,0.0625,0.45380004067699886,7.260800650831982
frame_003,frame_000,3,0,10,-3,False,False,671,"mountain bike, all-terrain bike, off-roader",0.8614038041756757,0.14919189010106848,0.889838457107544,0.11016154289245605,0.18683797665731416,3.79748234712576,0.021551724137931036,0.3314258501627058,15.37815944754955
frame_003,frame_001,3,1,10,-2,True,False,671,"mountain bike, all-terrain bike, off-roader",0.9667286319325044,0.03383745173098429,0.9653615951538086,0.034638404846191406,0.11609787701186454,3.7681895192787103,0.03879310344827586,0.4033851406249961,10.398372513888788
frame_003,frame_002,3,2,10,-1,False,False,671,"mountain bike, all-terrain bike, off-roader",0.7798379110470317,0.24866918724319031,0.8816632032394409,0.11833679676055908,0.07795403874130848,3.843850649906188,0.0603448275862069,0.5961846115650061,9.879630705934387
frame_003,frame_004,3,4,10,1,False,False,518,crash helmet,0.9193822503612465,0.08405330147262635,0.9329401850700378,0.06705981492996216,0.0752492527886042,4.175717187606986,0.11853448275862069,0.6356781731899216,5.36281222472952
frame_003,frame_005,3,5,10,2,False,False,518,crash helmet,0.9493888975447128,0.05193676711413442,0.9647940993309021,0.0352059006690979,0.08137327358771902,4.367778634739334,0.1788793103448276,0.7596914263433788,4.246949660522021
frame_003,frame_006,3,6,10,3,False,False,518,crash helmet,0.893147082153514,0.11300400600909555,0.9398333430290222,0.06016665697097778,0.05210708836180348,4.713365060219843,0.26939655172413796,0.7489696555727108,2.780175361485902
frame_003,frame_007,3,7,10,4,False,False,880,"unicycle, monocycle",0.7246691912756958,0.3220400161540531,0.8733993172645569,0.12660068273544312,0.049927287329519954,4.988340587930794,0.39655172413793105,0.8166443914198039,2.0593641174934185
frame_003,frame_008,3,8,10,5,False,False,518,crash helmet,0.554016975291556,0.5905599513837907,0.8369927406311035,0.16300725936889648,0.027640685044291492,5.193702623374129,0.5,0.8032397766790547,1.6064795533581093
frame_003,frame_009,3,9,10,6,False,False,518,crash helmet,0.5128864395984892,0.6677008236213724,0.806156575679779,0.19384342432022095,0.025388088365670358,5.363095662502701,0.5043103448275862,0.8204463653147691,1.6268680064361234
frame_003,frame_010,3,10,10,7,False,False,671,"mountain bike, all-terrain bike, off-roader",0.4245365855839464,0.8567570918232663,0.7656325101852417,0.2343674898147583,0.04106134527907405,5.393759034457366,0.5280172413793104,0.7970398216935313,1.5094958255746878
frame_003,frame_011,3,11,10,8,False,True,665,moped,0.32076612453118475,1.137043005413445,0.7129430174827576,0.28705698251724243,0.029455894770267454,5.226910354264549,0.47844827586206895,0.8036186232000223,1.6796353205622088
frame_003,frame_012,3,12,10,9,False,False,665,moped,0.5451850161520239,0.6066300627508858,0.8030433654785156,0.19695663452148438,0.036973625174094256,5.006433033342356,0.3642241379310345,0.7578742674737088,2.0807908882118396
frame_003,frame_013,3,13,10,10,False,False,518,crash helmet,0.6471615807028595,0.43515927732548665,0.8746757507324219,0.12532424926757812,0.04467738459013584,4.770314085600807,0.2629310344827586,0.7706194899458805,2.930880683072857
frame_003,frame_014,3,14,10,11,False,False,518,crash helmet,0.7294942492661145,0.31540379416741526,0.8680081963539124,0.13199180364608765,0.06638237056610073,4.50578094499498,0.16594827586206898,0.7236620916295694,4.36076896774182
frame_003,frame_015,3,15,10,12,False,False,671,"mountain bike, all-terrain bike, off-roader",0.39960620273045816,0.9172757099797151,0.7942951917648315,0.20570480823516846,0.09635170688123047,4.200228473526958,0.11853448275862069,0.7370699718455428,6.218190307933306
frame_003,frame_016,3,16,10,13,False,False,671,"mountain bike, all-terrain bike, off-roader",0.7155274244259394,0.3347353516832179,0.8772700428962708,0.12272995710372925,0.11627293501173878,4.1733681247715175,0.08189655172413793,0.6663501735403888,8.1364863295458
frame_003,frame_017,3,17,10,14,False,False,671,"mountain bike, all-terrain bike, off-roader",0.7188795817492876,0.3300614154692596,0.8839511275291443,0.11604887247085571,0.1093630431140977,4.179539497894638,0.0625,0.5900351564848421,9.440562503757473
frame_003,frame_000,3,0,20,-3,False,False,671,"mountain bike, all-terrain bike, off-roader",0.8859889148511209,0.12105083991004184,0.9167872667312622,0.08321273326873779,0.12125653581853739,4.353387189494288,0.021551724137931036,0.2909718747817595,13.501094989873641
frame_003,frame_001,3,1,20,-2,True,False,671,"mountain bike, all-terrain bike, off-roader",0.9927713067966377,0.007254946802059514,0.9911448359489441,0.008855164051055908,0.09577502373062668,4.369220480064156,0.03879310344827586,0.3799748610934865,9.794907530409874
frame_003,frame_002,3,2,20,-1,False,False,671,"mountain bike, all-terrain bike, off-roader",0.9467672416459232,0.054702000962917996,0.9667537808418274,0.03324621915817261,0.13052044896779483,4.15570442072203,0.0603448275862069,0.49843224822997334,8.259734399239559
frame_003,frame_004,3,4,20,1,False,False,518,crash helmet,0.881026609660406,0.12666744957427079,0.9289722442626953,0.07102775573730469,0.1065031996722234,4.398051559590801,0.11853448275862069,0.5561633677039728,4.691996411175334
frame_003,frame_005,3,5,20,2,False,False,518,crash helmet,0.825642712063418,0.19159315102008723,0.9302311539649963,0.06976884603500366,0.10840289895404762,4.703120809616324,0.1788793103448276,0.6561769238826611,3.6682661768862017
frame_003,frame_006,3,6,20,3,False,False,671,"mountain bike, all-terrain bike, off-roader",0.7313213864851427,0.31290226265705634,0.9131958484649658,0.08680415153503418,0.06529305113817774,4.881614077522775,0.26939655172413796,0.7006951145721152,2.6009802652916916
frame_003,frame_007,3,7,20,4,False,False,671,"mountain bike, all-terrain bike, off-roader",0.9535044964186333,0.04761113825416308,0.9657359719276428,0.03426402807235718,0.038124576746413105,5.205466403868493,0.39655172413793105,0.774522245148703,1.953143052983686
frame_003,frame_008,3,8,20,5,False,False,671,"mountain bike, all-terrain bike, off-roader",0.7973892753253264,0.22641229367972215,0.899945855140686,0.10005414485931396,0.054304628846553106,5.283517609597714,0.5,0.7302628651339729,1.4605257302679457
frame_003,frame_009,3,9,20,6,False,False,671,"mountain bike, all-terrain bike, off-roader",0.8313612771096894,0.18469082877186072,0.9049482941627502,0.09505170583724976,0.032831117439669724,5.579731693834865,0.5043103448275862,0.7277777369694681,1.443114828862535
frame_003,frame_010,3,10,20,7,False,False,671,"mountain bike, all-terrain bike, off-roader",0.8950639750010992,0.11086008281373161,0.9257615208625793,0.07423847913742065,0.037906910954247634,5.612848877548515,0.5280172413793104,0.6637332558641866,1.2570295131468676
frame_003,frame_011,3,11,20,8,False,False,671,"mountain bike, all-terrain bike, off-roader",0.6966993500961539,0.36140130977819984,0.8579810857772827,0.14201891422271729,0.030181788054084727,5.606954891459875,0.47844827586206895,0.6741083500979423,1.4089471821866904
frame_003,frame_012,3,12,20,9,False,True,671,"mountain bike, all-terrain bike, off-roader",0.5961584076274612,0.5172488626214253,0.8506667613983154,0.14933323860168457,0.033850624820762384,5.311943410771033,0.3642241379310345,0.6566420544740434,1.8028515578458946
frame_003,frame_013,3,13,20,10,False,False,518,crash helmet,0.5254472293434428,0.6435055136058478,0.8776198625564575,0.12238013744354248,0.0448773208215564,5.138465657731185,0.2629310344827586,0.6639270235815559,2.5250994995232943
frame_003,frame_014,3,14,20,11,False,False,671,"mountain bike, all-terrain bike, off-roader",0.6319177479013254,0.4589960390307204,0.89649897813797,0.10350102186203003,0.047606706771931614,4.9288543467551245,0.16594827586206898,0.5408871835999599,3.2593721193556022
frame_003,frame_015,3,15,20,12,False,False,671,"mountain bike, all-terrain bike, off-roader",0.9559709295318927,0.045027774832524514,0.9662148952484131,0.033785104751586914,0.08067545189774619,4.653701965670169,0.11853448275862069,0.577527074718504,4.872228412170651
frame_003,frame_016,3,16,20,13,False,False,671,"mountain bike, all-terrain bike, off-roader",0.981803250487009,0.018364346621142502,0.9838789701461792,0.0161210298538208,0.08977652905074757,4.534281955806516,0.08189655172413793,0.5079070705088391,6.20181265042372
frame_003,frame_017,3,17,20,14,False,False,671,"mountain bike, all-terrain bike, off-roader",0.9882681975329975,0.011801163078597021,0.9888209700584412,0.011179029941558838,0.09773541047731048,4.342657485592303,0.0625,0.4541365280899754,7.266184449439606
frame_003,frame_000,3,0,30,-3,False,False,671,"mountain bike, all-terrain bike, off-roader",0.8706492526645351,0.1385160782220881,0.8820663690567017,0.11793363094329834,0.03710877124387113,5.248514635998908,0.021551724137931036,0.11461467250783532,5.318120804363558
frame_003,frame_001,3,1,30,-2,False,False,671,"mountain bike, all-terrain bike, off-roader",0.98940709463756,0.010649409567825785,0.9879802465438843,0.012019753456115723,0.043091527419577426,5.291184476450889,0.03879310344827586,0.18143561921921791,4.677007073206506
frame_003,frame_002,3,2,30,-1,False,False,518,crash helmet,0.6866567880407043,0.3759206923185934,0.9040459990501404,0.09595400094985962,0.03944588469625782,5.3665652149772995,0.0603448275862069,0.2672533967906821,4.428770575388446
frame_003,frame_004,3,4,30,1,False,False,518,crash helmet,0.9727828524257717,0.027594394955021195,0.9766943454742432,0.023305654525756836,0.04192759531018356,5.343910149847348,0.11853448275862069,0.38235534313874553,3.225688713025053
frame_003,frame_005,3,5,30,2,True,False,518,crash helmet,0.9850936239201249,0.015018592661879993,0.9881370067596436,0.011862993240356445,0.047864745645196126,5.358601564950433,0.1788793103448276,0.46835017178253635,2.6182467434589984
frame_003,frame_006,3,6,30,3,False,False,518,crash helmet,0.8403113174465031,0.1739828397981844,0.9351622462272644,0.0648377537727356,0.019518463048982318,5.491600489232885,0.26939655172413796,0.48895002223145284,1.8149824825231529
frame_003,frame_007,3,7,30,4,False,False,671,"mountain bike, all-terrain bike, off-roader",0.8048142423840869,0.217143782993936,0.905930757522583,0.09406924247741699,0.02077906036892225,5.582073973550761,0.39655172413793105,0.5793670941775582,1.4610126722738423
frame_003,frame_008,3,8,30,5,False,True,671,"mountain bike, all-terrain bike, off-roader",0.6483312551718183,0.4333535169933489,0.871545672416687,0.128454327583313,0.051462135722992734,5.519019550793895,0.5,0.637936528247944,1.275873056495888
frame_003,frame_009,3,9,30,6,False,False,671,"mountain bike, all-terrain bike, off-roader",0.7332140392251599,0.3103176153205274,0.8778550028800964,0.12214499711990356,0.03397360092996012,5.599148844607684,0.5043103448275862,0.6085123391108115,1.2066227578949424
frame_003,frame_010,3,10,30,7,False,False,671,"mountain bike, all-terrain bike, off-roader",0.9042004469589676,0.1007042098074793,0.9321157932281494,0.06788420677185059,0.016194468399527526,5.655344097674435,0.5280172413793104,0.6530325811780953,1.2367637455781069
frame_003,frame_011,3,11,30,8,False,False,671,"mountain bike, all-terrain bike, off-roader",0.9220909964415563,0.08111136567345856,0.9455710649490356,0.054428935050964355,0.01777265205172204,5.558407758036745,0.47844827586206895,0.6717758075389453,1.4040719580994172
frame_003,frame_012,3,12,30,9,False,False,671,"mountain bike, all-terrain bike, off-roader",0.8536264299320886,0.15826161657317428,0.9208644032478333,0.07913559675216675,0.022179532903097317,5.516881846610986,0.3642241379310345,0.5772626007571,1.5849103358064758
frame_003,frame_013,3,13,30,10,False,False,518,crash helmet,0.6767811162265223,0.39040737263593606,0.8995032906532288,0.10049670934677124,0.022087068767812638,5.462851025372032,0.2629310344827586,0.5252811965101312,1.9977907801696793
frame_003,frame_014,3,14,30,11,False,False,518,crash helmet,0.6624933558680278,0.4117447500504978,0.9053700566291809,0.09462994337081909,0.023648528210030398,5.4087102960759745,0.16594827586206898,0.42806259027364557,2.57949405048015
frame_003,frame_015,3,15,30,12,False,False,671,"mountain bike, all-terrain bike, off-roader",0.8020929992423583,0.22053071868330543,0.9185405373573303,0.08145946264266968,0.028790895007131334,5.38432484096665,0.11853448275862069,0.39429999437976554,3.32645813440384
frame_003,frame_016,3,16,30,13,False,False,671,"mountain bike, all-terrain bike, off-roader",0.9784452148122083,0.021790482663667454,0.9828587770462036,0.017141222953796387,0.02189775001937762,5.443281565570064,0.08189655172413793,0.24281596455794802,2.9649107251286284
frame_003,frame_017,3,17,30,14,False,False,671,"mountain bike, all-terrain bike, off-roader",0.9651301838795096,0.0354922811674685,0.9726696610450745,0.027330338954925537,0.020496815576066432,5.4600590520282175,0.0625,0.16055182230202064,2.5688291568323303
frame_003,frame_000,3,0,40,-3,False,False,671,"mountain bike, all-terrain bike, off-roader",0.9473451141412879,0.054091823312655274,0.9494358897209167,0.05056411027908325,0.10781957311133268,3.7182777295959726,0.021551724137931036,0.36016510884215475,16.71166105027598
frame_003,frame_001,3,1,40,-2,True,False,671,"mountain bike, all-terrain bike, off-roader",0.9953698795321135,0.004640872677849295,0.9941372871398926,0.005862712860107422,0.11715460548004791,3.527708548863758,0.03879310344827586,0.4660184576572028,12.012920241830116
frame_003,frame_002,3,2,40,-1,False,False,518,crash helmet,0.564299635568067,0.5721698998196436,0.8962178230285645,0.10378217697143555,0.07997678317503724,3.7260739695489273,0.0603448275862069,0.6680153397042516,11.069968486527598
frame_003,frame_004,3,4,40,1,False,False,518,crash helmet,0.9920180452486398,0.008013981087875877,0.9917517304420471,0.00824826955795288,0.043184459629493833,4.141060024572214,0.11853448275862069,0.6348208771845022,5.3555797638838
frame_003,frame_005,3,5,40,2,False,False,518,crash helmet,0.9914156208823095,0.008621437132554366,0.992138147354126,0.007861852645874023,0.07097917831277005,4.3839455820252216,0.1788793103448276,0.7851468054451394,4.389254430440297
frame_003,frame_006,3,6,40,3,False,False,518,crash helmet,0.8594996024754614,0.15140491666607492,0.9382147789001465,0.061785221099853516,0.038423180206196915,4.717642044117756,0.26939655172413796,0.7888423753673639,2.9281828973636546
frame_003,frame_007,3,7,40,4,False,False,671,"mountain bike, all-terrain bike, off-roader",0.6625215143806878,0.41170224711215875,0.8695763349533081,0.1304236650466919,0.031146362477316166,4.969516054921061,0.39655172413793105,0.8166833245205327,2.0594622966169953
frame_003,frame_008,3,8,40,5,False,False,671,"mountain bike, all-terrain bike, off-roader",0.5915707216099243,0.5249740395494746,0.8618683815002441,0.13813161849975586,0.06021820331617104,5.056678570454044,0.5,0.8200317734331439,1.6400635468662879
frame_003,frame_009,3,9,40,6,False,True,671,"mountain bike, all-terrain bike, off-roader",0.6230578160004586,0.4731159619316214,0.8577867746353149,0.14221322536468506,0.038829927098928504,5.120573150762252,0.5043103448275862,0.8763755237401842,1.7377702692967756
frame_003,frame_010,3,10,40,7,False,False,671,"mountain bike, all-terrain bike, off-roader",0.7321423158703995,0.3117803633300813,0.8621779680252075,0.13782203197479248,0.034928564155833015,5.111565116373786,0.5280172413793104,0.8467006227934544,1.6035473019435216
frame_003,frame_011,3,11,40,8,False,False,671,"mountain bike, all-terrain bike, off-roader",0.6485741081551729,0.43297900549380497,0.8906844854354858,0.10931551456451416,0.03727117973351619,5.090489275851711,0.47844827586206895,0.8310285025448871,1.7369244377514759
frame_003,frame_012,3,12,40,9,False,False,671,"mountain bike, all-terrain bike, off-roader",0.904948032921752,0.09987775911683716,0.9414200186729431,0.058579981327056885,0.06602331181974058,4.818333797080903,0.3642241379310345,0.8237492818987175,2.261654833142041
frame_003,frame_013,3,13,40,10,False,False,518,crash helmet,0.5983083205499397,0.5136490716964914,0.8893479108810425,0.11065208911895752,0.043338731492386054,4.7970297617914675,0.2629310344827586,0.7957354266614333,3.0264035899254513
frame_003,frame_014,3,14,40,11,False,False,671,"mountain bike, all-terrain bike, off-roader",0.6349363480350213,0.4542305244286684,0.9027486443519592,0.09725135564804077,0.02717035973151068,4.537681246117515,0.16594827586206898,0.755139776807101,4.550452681019413
frame_003,frame_015,3,15,40,12,False,False,671,"mountain bike, all-terrain bike, off-roader",0.9049214243927222,0.09990716292706692,0.9501769542694092,0.04982304573059082,0.055886130658723346,4.244352086942346,0.11853448275862069,0.7422780525568512,6.262127570661436
frame_003,frame_016,3,16,40,13,False,False,671,"mountain bike, all-terrain bike, off-roader",0.9935627330716693,0.006458075479284453,0.9935744404792786,0.0064255595207214355,0.06324037880232065,4.038902636061527,0.08189655172413793,0.6514838565017161,7.954960774126218
frame_003,frame_017,3,17,40,14,False,False,671,"mountain bike, all-terrain bike, off-roader",0.9768167261599766,0.023456232908846797,0.9807596802711487,0.01924031972885132,0.06876308465181859,3.887105822781148,0.0625,0.6656173370070552,10.649877392112883
frame_003,frame_000,3,0,50,-3,False,False,671,"mountain bike, all-terrain bike, off-roader",0.9546107046076462,0.04645166076313001,0.9541574120521545,0.04584258794784546,0.12661313900768978,3.735016426117406,0.021551724137931036,0.2848651539266292,13.217743142195594
frame_003,frame_001,3,1,50,-2,True,False,671,"mountain bike, all-terrain bike, off-roader",0.9963742348045174,0.003632354213752631,0.9955413937568665,0.004458606243133545,0.0839978764701088,3.817051916429061,0.03879310344827586,0.5165045748900129,13.314340152720332
frame_003,frame_002,3,2,50,-1,False,False,518,crash helmet,0.7035618490717052,0.3515994900565551,0.9112143516540527,0.08878564834594727,0.06723600635369868,3.944144820430733,0.0603448275862069,0.6571132504757268,10.889305293597758
frame_003,frame_004,3,4,50,1,False,False,518,crash helmet,0.9949383763939509,0.005074477013899736,0.9946703910827637,0.005329608917236328,0.08391582188754647,4.161584152313113,0.11853448275862069,0.686745639189367,5.793635937888478
frame_003,frame_005,3,5,50,2,False,False,518,crash helmet,0.993038643346318,0.006985699937548606,0.9936802387237549,0.006319761276245117,0.05042578713073898,4.511107059951026,0.1788793103448276,0.7675207007060867,4.290718134067761
frame_003,frame_006,3,6,50,3,False,False,518,crash helmet,0.8631374480776183,0.14718133281961698,0.9411226511001587,0.05887734889984131,0.03473847720126831,4.80157309394821,0.26939655172413796,0.7734741566401194,2.871136069448123
frame_003,frame_007,3,7,50,4,False,False,671,"mountain bike, all-terrain bike, off-roader",0.6586756374587734,0.4175240698115359,0.8750916123390198,0.12490838766098022,0.03613532321600817,5.001220602268469,0.39655172413793105,0.8399781091559453,2.1182056665671665
frame_003,frame_008,3,8,50,5,False,True,671,"mountain bike, all-terrain bike, off-roader",0.5124994398692515,0.6684556609082168,0.8674548268318176,0.13254517316818237,0.037147664015782816,5.057462853443463,0.5,0.8256459695597631,1.6512919391195262
frame_003,frame_009,3,9,50,6,False,False,671,"mountain bike, all-terrain bike, off-roader",0.6847909668107084,0.37864164523064225,0.8823761940002441,0.11762380599975586,0.0295472726780589,5.314538325607888,0.5043103448275862,0.8272903943144221,1.6404390724867173
frame_003,frame_010,3,10,50,7,False,False,671,"mountain bike, all-terrain bike, off-roader",0.9299245389014652,0.07265183709310818,0.9486210942268372,0.05137890577316284,0.029967372417965404,5.3280333784624165,0.5280172413793104,0.7598399179532458,1.4390437629808408
frame_003,frame_011,3,11,50,8,False,False,671,"mountain bike, all-terrain bike, off-roader",0.954133102114007,0.04695209723021865,0.9651253819465637,0.03487461805343628,0.028564881134640063,5.1880843870436015,0.47844827586206895,0.8291665343655561,1.733032756511793
frame_003,frame_012,3,12,50,9,False,False,671,"mountain bike, all-terrain bike, off-roader",0.9045752253904489,0.10028980967751977,0.9437370300292969,0.056262969970703125,0.03929557626803969,4.998046985643748,0.3642241379310345,0.754983801122932,2.072854933260594
frame_003,frame_013,3,13,50,10,False,False,671,"mountain bike, all-terrain bike, off-roader",0.5674662392442084,0.5665740217147741,0.8834829330444336,0.1165170669555664,0.03505804775816719,4.8123268464274345,0.2629310344827586,0.7794365948191789,2.9644145901319594
frame_003,frame_014,3,14,50,11,False,False,671,"mountain bike, all-terrain bike, off-roader",0.7522472217885169,0.28469025668117265,0.9168359041213989,0.08316409587860107,0.05049645031582553,4.550382309640529,0.16594827586206898,0.6881630087508613,4.1468524163688265
frame_003,frame_015,3,15,50,12,False,False,671,"mountain bike, all-terrain bike, off-roader",0.8948498598100406,0.11109932918181453,0.9469749927520752,0.053025007247924805,0.08397419633171117,4.218037715710544,0.11853448275862069,0.7463453692068799,6.2964409329453135
frame_003,frame_016,3,16,50,13,False,False,671,"mountain bike, all-terrain bike, off-roader",0.9929494854963536,0.007075486828748367,0.9934870600700378,0.006512939929962158,0.0775497033959917,4.154055482671023,0.08189655172413793,0.6950569814318504,8.487011562746805
frame_003,frame_017,3,17,50,14,False,False,671,"mountain bike, all-terrain bike, off-roader",0.9777922528423485,0.022458051918326394,0.9805785417556763,0.01942145824432373,0.09030699197889065,4.1263739054048925,0.0625,0.617991875533937,9.887870008542992
frame_004,frame_000,4,0,5,-4,False,True,671,"mountain bike, all-terrain bike, off-roader",0.2611935342076802,1.3424936360681796,0.5756451487541199,0.4243548512458801,0.03788712608812652,5.149092098288978,0.021551724137931036,0.15579724355933788,7.228992101153278
frame_004,frame_001,4,1,5,-3,False,False,671,"mountain bike, all-terrain bike, off-roader",0.2654737252415066,1.3262394065061613,0.6090452671051025,0.39095473289489746,0.041247278354907886,4.976898944916776,0.03879310344827586,0.31206574171028295,8.044361341865072
frame_004,frame_002,4,2,5,-2,False,False,671,"mountain bike, all-terrain bike, off-roader",0.5151424911879743,0.6633117346693873,0.732602596282959,0.267397403717041,0.042674425158188124,4.750315917428576,0.0603448275862069,0.5108249065853432,8.465098451985687
frame_004,frame_003,4,3,5,-1,False,False,518,crash helmet,0.30564376387033143,1.1853350255608521,0.6385321617126465,0.3614678382873535,0.027682352942622505,4.807517308920909,0.08836206896551724,0.5934645034396986,6.716281209659028
frame_004,frame_005,4,5,5,1,False,False,518,crash helmet,0.8992505800764609,0.10619355133965502,0.9196305871009827,0.08036941289901733,0.02151881913978434,5.1579098205334,0.1788793103448276,0.6604629713533541,3.69222673142116
frame_004,frame_006,4,6,5,2,False,False,518,crash helmet,0.8520300831631423,0.16013344389923745,0.918432354927063,0.08156764507293701,0.013087432938640458,5.421712179511583,0.26939655172413796,0.7051057209985141,2.617352436346484
frame_004,frame_007,4,7,5,3,False,False,880,"unicycle, monocycle",0.6458730890815707,0.43715225102972344,0.871300995349884,0.12869900465011597,0.010006493041637485,5.663771880753359,0.39655172413793105,0.7217671392890247,1.8201084382071058
frame_004,frame_008,4,8,5,4,True,False,518,crash helmet,0.9028670137644454,0.10218000798936266,0.9235605001449585,0.0764394998550415,0.01517845404779546,5.72611942727898,0.5,0.742200224338666,1.484400448677332
frame_004,frame_009,4,9,5,5,False,False,518,crash helmet,0.649588997680121,0.43141542734688176,0.8157934546470642,0.1842065453529358,0.013546067493240051,5.776613096685429,0.5043103448275862,0.7662549192611015,1.519411463833979
frame_004,frame_010,4,10,5,6,False,False,518,crash helmet,0.2824705889007727,1.264180843901233,0.6817905902862549,0.3182094097137451,0.009609338763317182,5.821402854253942,0.5280172413793104,0.7464795017984455,1.413740770752974
frame_004,frame_011,4,11,5,7,False,False,880,"unicycle, monocycle",0.38611987059233377,0.9516074121506088,0.712190568447113,0.28780943155288696,0.008556066961544881,5.788148393113415,0.47844827586206895,0.739993315694122,1.5466526958651918
frame_004,frame_012,4,12,5,8,False,False,880,"unicycle, monocycle",0.4609842928204579,0.7743913085389278,0.7624669075012207,0.2375330924987793,0.009858661191082562,5.656014863998612,0.3642241379310345,0.6880553135970399,1.8890986124794467
frame_004,frame_013,4,13,5,9,False,False,518,crash helmet,0.6710689127770444,0.3988834456787709,0.8253144025802612,0.17468559741973877,0.013693618508398607,5.39611576038914,0.2629310344827586,0.6457320972340808,2.4558991239066676
frame_004,frame_014,4,14,5,10,False,False,518,crash helmet,0.6517015221619596,0.42816860996759853,0.7943504452705383,0.20564955472946167,0.015800056979627792,5.195594658517634,0.16594827586206898,0.5562333345496622,3.3518476263771846
frame_004,frame_015,4,15,5,11,False,False,671,"mountain bike, all-terrain bike, off-roader",0.34180313179484445,1.07352034568948,0.7146630883216858,0.2853369116783142,0.021813845422126082,5.097440922241505,0.11853448275862069,0.563749735600138,4.755997769426618
frame_004,frame_016,4,16,5,12,False,False,671,"mountain bike, all-terrain bike, off-roader",0.6969059770074442,0.36110477401045316,0.8201878070831299,0.17981219291687012,0.028078617631302923,5.060807318457238,0.08189655172413793,0.473680756632,5.783891344138105
frame_004,frame_017,4,17,5,13,False,False,671,"mountain bike, all-terrain bike, off-roader",0.5171396254116319,0.6594423724411866,0.7634451389312744,0.23655486106872559,0.028003509729022488,5.08446658332389,0.0625,0.4198136077969549,6.717017724751279
frame_004,frame_000,4,0,10,-4,False,False,671,"mountain bike, all-terrain bike, off-roader",0.8614038041756757,0.14919189010106848,0.889838457107544,0.11016154289245605,0.17121972053657486,3.9732983790463687,0.021551724137931036,0.3252417912375929,15.091219113424309
frame_004,frame_001,4,1,10,-3,True,False,671,"mountain bike, all-terrain bike, off-roader",0.9667286319325044,0.03383745173098429,0.9653615951538086,0.034638404846191406,0.12087733706893214,3.9594295385503937,0.03879310344827586,0.40003823864756566,10.31209681847058
frame_004,frame_002,4,2,10,-2,False,False,671,"mountain bike, all-terrain bike, off-roader",0.7798379110470317,0.24866918724319031,0.8816632032394409,0.11833679676055908,0.0813492392479199,3.9794591967132864,0.0603448275862069,0.5714704983368214,9.470082543867326
frame_004,frame_003,4,3,10,-1,False,False,518,crash helmet,0.7680526466021022,0.2638969979207729,0.8401228189468384,0.15987718105316162,0.09841307740055559,3.9856068202613204,0.08836206896551724,0.696960370130589,7.887551505868129
frame_004,frame_005,4,5,10,1,False,False,518,crash helmet,0.9493888975447128,0.05193676711413442,0.9647940993309021,0.0352059006690979,0.07236647523229937,4.457838690655386,0.1788793103448276,0.7518092605435192,4.202885504725216
frame_004,frame_006,4,6,10,2,False,False,518,crash helmet,0.893147082153514,0.11300400600909555,0.9398333430290222,0.06016665697097778,0.05240821908215278,4.778285153678859,0.26939655172413796,0.7388083800948616,2.742456706912126
frame_004,frame_007,4,7,10,3,False,False,880,"unicycle, monocycle",0.7246691912756958,0.3220400161540531,0.8733993172645569,0.12660068273544312,0.0485734054541429,5.029851225233073,0.39655172413793105,0.8111389946196452,2.045480942953888
frame_004,frame_008,4,8,10,4,False,False,518,crash helmet,0.554016975291556,0.5905599513837907,0.8369927406311035,0.16300725936889648,0.02954425486471097,5.240557140825327,0.5,0.8020062440652067,1.6040124881304134
frame_004,frame_009,4,9,10,5,False,False,518,crash helmet,0.5128864395984892,0.6677008236213724,0.806156575679779,0.19384342432022095,0.02471299613538414,5.4083588518966,0.5043103448275862,0.8038411989879799,1.5939415227795841
frame_004,frame_010,4,10,10,6,False,False,671,"mountain bike, all-terrain bike, off-roader",0.4245365855839464,0.8567570918232663,0.7656325101852417,0.2343674898147583,0.032385773902019396,5.443895433686043,0.5280172413793104,0.7771429233937772,1.4718135365498473
frame_004,frame_011,4,11,10,7,False,True,665,moped,0.32076612453118475,1.137043005413445,0.7129430174827576,0.28705698251724243,0.030955595943879238,5.276408909250335,0.47844827586206895,0.7987907831051675,1.6695446998234131
frame_004,frame_012,4,12,10,8,False,False,665,moped,0.5451850161520239,0.6066300627508858,0.8030433654785156,0.19695663452148438,0.0363119090578691,5.077141896763584,0.3642241379310345,0.7416157570308407,2.0361521376468055
frame_004,frame_013,4,13,10,9,False,False,518,crash helmet,0.6471615807028595,0.43515927732548665,0.8746757507324219,0.12532424926757812,0.04203690239556342,4.826288122572057,0.2629310344827586,0.7595882570267164,2.888925830003249
frame_004,frame_014,4,14,10,10,False,False,518,crash helmet,0.7294942492661145,0.31540379416741526,0.8680081963539124,0.13199180364608765,0.06263779714243332,4.603881274810143,0.16594827586206898,0.6991261615015457,4.212916090087236
frame_004,frame_015,4,15,10,11,False,False,671,"mountain bike, all-terrain bike, off-roader",0.39960620273045816,0.9172757099797151,0.7942951917648315,0.20570480823516846,0.0877455416202074,4.370612529843862,0.11853448275862069,0.7083655780932878,5.976029604277919
frame_004,frame_016,4,16,10,12,False,False,671,"mountain bike, all-terrain bike, off-roader",0.7155274244259394,0.3347353516832179,0.8772700428962708,0.12272995710372925,0.10459314805973054,4.371912141170685,0.08189655172413793,0.6384730904948472,7.796092473410766
frame_004,frame_017,4,17,10,13,False,False,671,"mountain bike, all-terrain bike, off-roader",0.7188795817492876,0.3300614154692596,0.8839511275291443,0.11604887247085571,0.10500537551469655,4.393153045161134,0.0625,0.553881440562668,8.862103049002688
frame_004,frame_000,4,0,20,-4,False,False,671,"mountain bike, all-terrain bike, off-roader",0.8859889148511209,0.12105083991004184,0.9167872667312622,0.08321273326873779,0.12819887550202494,4.320843375892871,0.021551724137931036,0.3044541807509219,14.126673986842775
frame_004,frame_001,4,1,20,-3,True,False,671,"mountain bike, all-terrain bike, off-roader",0.9927713067966377,0.007254946802059514,0.9911448359489441,0.008855164051055908,0.11161337048546208,4.353674180965813,0.03879310344827586,0.40126576556657806,10.343739734605123
frame_004,frame_002,4,2,20,-2,False,False,671,"mountain bike, all-terrain bike, off-roader",0.9467672416459232,0.054702000962917996,0.9667537808418274,0.03324621915817261,0.13286043528464897,4.17219395557968,0.0603448275862069,0.49908654473277786,8.270577027000318
frame_004,frame_003,4,3,20,-1,False,False,518,crash helmet,0.6614703851102253,0.41329006572601323,0.863913893699646,0.136086106300354,0.10100729066302572,4.259637824162625,0.08836206896551724,0.6035455847812672,6.830369544841658
frame_004,frame_005,4,5,20,1,False,False,518,crash helmet,0.825642712063418,0.19159315102008723,0.9302311539649963,0.06976884603500366,0.12786507357174998,4.658697068007532,0.1788793103448276,0.6704330276933578,3.747962949996602
frame_004,frame_006,4,6,20,2,False,False,671,"mountain bike, all-terrain bike, off-roader",0.7313213864851427,0.31290226265705634,0.9131958484649658,0.08680415153503418,0.08244736543215249,4.826658287093162,0.26939655172413796,0.6916470935625563,2.567394011304209
frame_004,frame_007,4,7,20,3,False,False,671,"mountain bike, all-terrain bike, off-roader",0.9535044964186333,0.04761113825416308,0.9657359719276428,0.03426402807235718,0.04317058977428602,5.172955918210592,0.39655172413793105,0.7702666422292503,1.9424115325781095
frame_004,frame_008,4,8,20,4,False,False,671,"mountain bike, all-terrain bike, off-roader",0.7973892753253264,0.22641229367972215,0.899945855140686,0.10005414485931396,0.05490227578421068,5.319972131974841,0.5,0.7218099085147831,1.4436198170295662
frame_004,frame_009,4,9,20,5,False,False,671,"mountain bike, all-terrain bike, off-roader",0.8313612771096894,0.18469082877186072,0.9049482941627502,0.09505170583724976,0.028705404952066874,5.603262572038741,0.5043103448275862,0.7132159024664391,1.414240080104392
frame_004,frame_010,4,10,20,6,False,False,671,"mountain bike, all-terrain bike, off-roader",0.8950639750010992,0.11086008281373161,0.9257615208625793,0.07423847913742065,0.03165518860711053,5.631652260740742,0.5280172413793104,0.641737672666184,1.2153725719065687
frame_004,frame_011,4,11,20,7,False,False,671,"mountain bike, all-terrain bike, off-roader",0.6966993500961539,0.36140130977819984,0.8579810857772827,0.14201891422271729,0.0280685481934413,5.590109444153224,0.47844827586206895,0.6599471866215221,1.3793490747404786
frame_004,frame_012,4,12,20,8,False,True,671,"mountain bike, all-terrain bike, off-roader",0.5961584076274612,0.5172488626214253,0.8506667613983154,0.14933323860168457,0.03372836803826977,5.332562221182707,0.3642241379310345,0.6452227025931911,1.771499017770655
frame_004,frame_013,4,13,20,9,False,False,518,crash helmet,0.5254472293434428,0.6435055136058478,0.8776198625564575,0.12238013744354248,0.04165048226553369,5.174004359267661,0.2629310344827586,0.6504633419372055,2.4738933660562568
frame_004,frame_014,4,14,20,10,False,False,671,"mountain bike, all-terrain bike, off-roader",0.6319177479013254,0.4589960390307204,0.89649897813797,0.10350102186203003,0.04390452750312956,4.993407808021473,0.16594827586206898,0.5290795815522149,3.1882198161068533
frame_004,frame_015,4,15,20,11,False,False,671,"mountain bike, all-terrain bike, off-roader",0.9559709295318927,0.045027774832524514,0.9662148952484131,0.033785104751586914,0.06908540677257496,4.755484989598973,0.11853448275862069,0.5671242475930248,4.784466379693882
frame_004,frame_016,4,16,20,12,False,False,671,"mountain bike, all-terrain bike, off-roader",0.981803250487009,0.018364346621142502,0.9838789701461792,0.0161210298538208,0.08220858991023972,4.615570932926965,0.08189655172413793,0.48900157339500994,5.9709665804022265
frame_004,frame_017,4,17,20,13,False,False,671,"mountain bike, all-terrain bike, off-roader",0.9882681975329975,0.011801163078597021,0.9888209700584412,0.011179029941558838,0.08805778704485295,4.478135205711794,0.0625,0.42164231421120907,6.746277027379345
frame_004,frame_000,4,0,30,-4,False,False,671,"mountain bike, all-terrain bike, off-roader",0.8706492526645351,0.1385160782220881,0.8820663690567017,0.11793363094329834,0.036065898603553886,5.3671730406159925,0.021551724137931036,0.08986950584593012,4.169945071251157
frame_004,frame_001,4,1,30,-3,False,False,671,"mountain bike, all-terrain bike, off-roader",0.98940709463756,0.010649409567825785,0.9879802465438843,0.012019753456115723,0.05501533274346216,5.393852650183343,0.03879310344827586,0.13531677153037516,3.4881656661163376
frame_004,frame_002,4,2,30,-2,False,False,518,crash helmet,0.6866567880407043,0.3759206923185934,0.9040459990501404,0.09595400094985962,0.030195478207118424,5.498808826159004,0.0603448275862069,0.1922701081713926,3.186190363983077
frame_004,frame_003,4,3,30,-1,False,False,518,crash helmet,0.9641564240362916,0.03650173193741668,0.9680272936820984,0.03197270631790161,0.028988880978108394,5.456948543452043,0.08836206896551724,0.22583159322189555,2.555752664755111
frame_004,frame_005,4,5,30,1,True,False,518,crash helmet,0.9850936239201249,0.015018592661879993,0.9881370067596436,0.011862993240356445,0.04645169854186573,5.447361892953,0.1788793103448276,0.3761457850831741,2.1027908949228045
frame_004,frame_006,4,6,30,2,False,False,518,crash helmet,0.8403113174465031,0.1739828397981844,0.9351622462272644,0.0648377537727356,0.018185264868859283,5.560576899588078,0.26939655172413796,0.41090988108565984,1.5252974785899691
frame_004,frame_007,4,7,30,3,False,False,671,"mountain bike, all-terrain bike, off-roader",0.8048142423840869,0.217143782993936,0.905930757522583,0.09406924247741699,0.023880770177589012,5.638068769642215,0.39655172413793105,0.5094301711946367,1.2846499969256056
frame_004,frame_008,4,8,30,4,False,True,671,"mountain bike, all-terrain bike, off-roader",0.6483312551718183,0.4333535169933489,0.871545672416687,0.128454327583313,0.04679914831682851,5.5842166927762165,0.5,0.5626919324506862,1.1253838649013723
frame_004,frame_009,4,9,30,5,False,False,671,"mountain bike, all-terrain bike, off-roader",0.7332140392251599,0.3103176153205274,0.8778550028800964,0.12214499711990356,0.04118039793466519,5.624541236384167,0.5043103448275862,0.5547334368419873,1.0999842508319748
frame_004,frame_010,4,10,30,6,False,False,671,"mountain bike, all-terrain bike, off-roader",0.9042004469589676,0.1007042098074793,0.9321157932281494,0.06788420677185059,0.018389955165343592,5.664974087644858,0.5280172413793104,0.5987205775052833,1.1339034610712304
frame_004,frame_011,4,11,30,7,False,False,671,"mountain bike, all-terrain bike, off-roader",0.9220909964415563,0.08111136567345856,0.9455710649490356,0.054428935050964355,0.016879817590808102,5.620879386738745,0.47844827586206895,0.6063944698543681,1.2674190721280487
frame_004,frame_012,4,12,30,8,False,False,671,"mountain bike, all-terrain bike, off-roader",0.8536264299320886,0.15826161657317428,0.9208644032478333,0.07913559675216675,0.019397500909965067,5.5749283386287045,0.3642241379310345,0.5193076197449624,1.425791334684394
frame_004,frame_013,4,13,30,9,False,False,518,crash helmet,0.6767811162265223,0.39040737263593606,0.8995032906532288,0.10049670934677124,0.02292609605389703,5.508641166518454,0.2629310344827586,0.4379664219933774,1.6657083590567796
frame_004,frame_014,4,14,30,10,False,False,518,crash helmet,0.6624933558680278,0.4117447500504978,0.9053700566291809,0.09462994337081909,0.02584047815860786,5.478210206883299,0.16594827586206898,0.3306633349232931,1.992568667589714
frame_004,frame_015,4,15,30,11,False,False,671,"mountain bike, all-terrain bike, off-roader",0.8020929992423583,0.22053071868330543,0.9185405373573303,0.08145946264266968,0.0269231518168597,5.505415769969164,0.11853448275862069,0.3021969199519572,2.549443106503784
frame_004,frame_016,4,16,30,12,False,False,671,"mountain bike, all-terrain bike, off-roader",0.9784452148122083,0.021790482663667454,0.9828587770462036,0.017141222953796387,0.03805372940896782,5.485424093249229,0.08189655172413793,0.16955988150488557,2.0704153952175504
frame_004,frame_017,4,17,30,13,False,False,671,"mountain bike, all-terrain bike, off-roader",0.9651301838795096,0.0354922811674685,0.9726696610450745,0.027330338954925537,0.020915815892360017,5.534439985320088,0.0625,0.11281896190311229,1.8051033904497966
frame_004,frame_000,4,0,40,-4,False,False,671,"mountain bike, all-terrain bike, off-roader",0.9473451141412879,0.054091823312655274,0.9494358897209167,0.05056411027908325,0.08952124492174407,3.8201135610476276,0.021551724137931036,0.35425398703801936,16.4373849985641
frame_004,frame_001,4,1,40,-3,True,False,671,"mountain bike, all-terrain bike, off-roader",0.9953698795321135,0.004640872677849295,0.9941372871398926,0.005862712860107422,0.11506953846421211,3.6289394664300874,0.03879310344827586,0.4603916518108182,11.867873691123313
frame_004,frame_002,4,2,40,-2,False,False,518,crash helmet,0.564299635568067,0.5721698998196436,0.8962178230285645,0.10378217697143555,0.0628735650493197,3.8138488479801618,0.0603448275862069,0.6725830574547963,11.145662094965195
frame_004,frame_003,4,3,40,-1,False,False,518,crash helmet,0.9885130365596286,0.01155344823422233,0.9886026382446289,0.011397361755371094,0.06709780381823577,3.9514256978424567,0.08836206896551724,0.7382010815935109,8.35427565510705
frame_004,frame_005,4,5,40,1,False,False,518,crash helmet,0.9914156208823095,0.008621437132554366,0.992138147354126,0.007861852645874023,0.05224100168648799,4.484494663131636,0.1788793103448276,0.7868645385863728,4.398857179567193
frame_004,frame_006,4,6,40,2,False,False,518,crash helmet,0.8594996024754614,0.15140491666607492,0.9382147789001465,0.061785221099853516,0.03198901566390489,4.835860965595731,0.26939655172413796,0.7892927339419736,2.9298546283926057
frame_004,frame_007,4,7,40,3,False,False,671,"mountain bike, all-terrain bike, off-roader",0.6625215143806878,0.41170224711215875,0.8695763349533081,0.1304236650466919,0.02542681812245873,5.063498896374744,0.39655172413793105,0.8147936532666924,2.0546970386725287
frame_004,frame_008,4,8,40,4,False,False,671,"mountain bike, all-terrain bike, off-roader",0.5915707216099243,0.5249740395494746,0.8618683815002441,0.13813161849975586,0.05884813083882228,5.083953878517509,0.5,0.8089753628718782,1.6179507257437564
frame_004,frame_009,4,9,40,5,False,True,671,"mountain bike, all-terrain bike, off-roader",0.6230578160004586,0.4731159619316214,0.8577867746353149,0.14221322536468506,0.026997354066517924,5.2011842274221385,0.5043103448275862,0.8624849489447441,1.7102265654288944
frame_004,frame_010,4,10,40,6,False,False,671,"mountain bike, all-terrain bike, off-roader",0.7321423158703995,0.3117803633300813,0.8621779680252075,0.13782203197479248,0.029610773553041893,5.24452926821004,0.5280172413793104,0.829507824415845,1.5709862470569471
frame_004,frame_011,4,11,40,7,False,False,671,"mountain bike, all-terrain bike, off-roader",0.6485741081551729,0.43297900549380497,0.8906844854354858,0.10931551456451416,0.03159498786170259,5.155154568895768,0.47844827586206895,0.8294101782313901,1.7335419941412837
frame_004,frame_012,4,12,40,8,False,False,671,"mountain bike, all-terrain bike, off-roader",0.904948032921752,0.09987775911683716,0.9414200186729431,0.058579981327056885,0.06581839946843178,4.883102181372056,0.3642241379310345,0.8194552199412537,2.2498652192469923
frame_004,frame_013,4,13,40,9,False,False,518,crash helmet,0.5983083205499397,0.5136490716964914,0.8893479108810425,0.11065208911895752,0.041242769893749295,4.873811584845464,0.2629310344827586,0.7804779156590005,2.968375023489969
frame_004,frame_014,4,14,40,10,False,False,671,"mountain bike, all-terrain bike, off-roader",0.6349363480350213,0.4542305244286684,0.9027486443519592,0.09725135564804077,0.027790634192999968,4.628025620636793,0.16594827586206898,0.7442677150857859,4.484937919477982
frame_004,frame_015,4,15,40,11,False,False,671,"mountain bike, all-terrain bike, off-roader",0.9049214243927222,0.09990716292706692,0.9501769542694092,0.04982304573059082,0.043402707800680014,4.352954391401058,0.11853448275862069,0.7280121034675486,6.141774836526229
frame_004,frame_016,4,16,40,12,False,False,671,"mountain bike, all-terrain bike, off-roader",0.9935627330716693,0.006458075479284453,0.9935744404792786,0.0064255595207214355,0.052638052910198734,4.152703262377735,0.08189655172413793,0.6438548658191756,7.861806782634145
frame_004,frame_017,4,17,40,13,False,False,671,"mountain bike, all-terrain bike, off-roader",0.9768167261599766,0.023456232908846797,0.9807596802711487,0.01924031972885132,0.061223132419356854,4.030675224259603,0.0625,0.6593475084565272,10.549560135304436
frame_004,frame_000,4,0,50,-4,False,False,671,"mountain bike, all-terrain bike, off-roader",0.9546107046076462,0.04645166076313001,0.9541574120521545,0.04584258794784546,0.11346888646102199,3.792663018512928,0.021551724137931036,0.3014482230316702,13.987197548669496
frame_004,frame_001,4,1,50,-3,True,False,671,"mountain bike, all-terrain bike, off-roader",0.9963742348045174,0.003632354213752631,0.9955413937568665,0.004458606243133545,0.07734614657710549,3.88084725832537,0.03879310344827586,0.508468748368617,13.107194402391016
frame_004,frame_002,4,2,50,-2,False,False,518,crash helmet,0.7035618490717052,0.3515994900565551,0.9112143516540527,0.08878564834594727,0.07304149929003352,4.006904213495543,0.0603448275862069,0.6700964652197624,11.104455709356062
frame_004,frame_003,4,3,50,-1,False,False,518,crash helmet,0.9878047335030364,0.012270238922084495,0.989581823348999,0.010418176651000977,0.05420899091296645,4.09978851621697,0.08836206896551724,0.6988518158560562,7.908957135541709
frame_004,frame_005,4,5,50,1,False,False,518,crash helmet,0.993038643346318,0.006985699937548606,0.9936802387237549,0.006319761276245117,0.049451596313201875,4.574984477573826,0.1788793103448276,0.7780442109749169,4.349548360148933
frame_004,frame_006,4,6,50,2,False,False,518,crash helmet,0.8631374480776183,0.14718133281961698,0.9411226511001587,0.05887734889984131,0.030385253593602363,4.889819076414735,0.26939655172413796,0.7713630141383918,2.86329950848171
frame_004,frame_007,4,7,50,3,False,False,671,"mountain bike, all-terrain bike, off-roader",0.6586756374587734,0.4175240698115359,0.8750916123390198,0.12490838766098022,0.03581611022297578,5.0559743688158125,0.39655172413793105,0.8385092768062016,2.1145016545547692
frame_004,frame_008,4,8,50,4,False,True,671,"mountain bike, all-terrain bike, off-roader",0.5124994398692515,0.6684556609082168,0.8674548268318176,0.13254517316818237,0.028435804003597225,5.1771744821195895,0.5,0.8179990366229666,1.6359980732459332
frame_004,frame_009,4,9,50,5,False,False,671,"mountain bike, all-terrain bike, off-roader",0.6847909668107084,0.37864164523064225,0.8823761940002441,0.11762380599975586,0.03188257966448304,5.390454088293792,0.5043103448275862,0.8076815775899638,1.6015566324860822
frame_004,frame_010,4,10,50,6,False,False,671,"mountain bike, all-terrain bike, off-roader",0.9299245389014652,0.07265183709310818,0.9486210942268372,0.05137890577316284,0.03972671548837488,5.347439027308749,0.5280172413793104,0.7363349781983966,1.3945282852410448
frame_004,frame_011,4,11,50,7,False,False,671,"mountain bike, all-terrain bike, off-roader",0.954133102114007,0.04695209723021865,0.9651253819465637,0.03487461805343628,0.027891981596368343,5.295463777743959,0.47844827586206895,0.8044965781537128,1.6814703255104628
frame_004,frame_012,4,12,50,8,False,False,671,"mountain bike, all-terrain bike, off-roader",0.9045752253904489,0.10028980967751977,0.9437370300292969,0.056262969970703125,0.04239610183465705,5.0508727259086506,0.3642241379310345,0.7431616356863578,2.0403964435412427
frame_004,frame_013,4,13,50,9,False,False,671,"mountain bike, all-terrain bike, off-roader",0.5674662392442084,0.5665740217147741,0.8834829330444336,0.1165170669555664,0.03451240830524775,4.909148712367145,0.2629310344827586,0.7751542211507725,2.94812752962261
frame_004,frame_014,4,14,50,10,False,False,671,"mountain bike, all-terrain bike, off-roader",0.7522472217885169,0.28469025668117265,0.9168359041213989,0.08316409587860107,0.03758401747241359,4.694983558334576,0.16594827586206898,0.6787332580009819,4.0900289832786445
frame_004,frame_015,4,15,50,11,False,False,671,"mountain bike, all-terrain bike, off-roader",0.8948498598100406,0.11109932918181453,0.9469749927520752,0.053025007247924805,0.05916061640818974,4.39041056142601,0.11853448275862069,0.7282754086816013,6.1439961750593275
frame_004,frame_016,4,16,50,12,False,False,671,"mountain bike, all-terrain bike, off-roader",0.9929494854963536,0.007075486828748367,0.9934870600700378,0.006512939929962158,0.06099690346821144,4.29288236674661,0.08189655172413793,0.6749525517607722,8.241525895184166
frame_004,frame_017,4,17,50,13,False,False,671,"mountain bike, all-terrain bike, off-roader",0.9777922528423485,0.022458051918326394,0.9805785417556763,0.01942145824432373,0.0781813263145742,4.2407434461983256,0.0625,0.6046894023933553,9.675030438293685
frame_005,frame_000,5,0,5,-5,False,True,671,"mountain bike, all-terrain bike, off-roader",0.2611935342076802,1.3424936360681796,0.5756451487541199,0.4243548512458801,0.03431827918070418,5.277571543444532,0.021551724137931036,0.133037918503504,6.172959418562585
frame_005,frame_001,5,1,5,-4,False,False,671,"mountain bike, all-terrain bike, off-roader",0.2654737252415066,1.3262394065061613,0.6090452671051025,0.39095473289489746,0.03802886650869244,5.151645035387712,0.03879310344827586,0.27530147558547946,7.096660259536804
frame_005,frame_002,5,2,5,-3,False,False,671,"mountain bike, all-terrain bike, off-roader",0.5151424911879743,0.6633117346693873,0.732602596282959,0.267397403717041,0.039816520989516976,4.899269934554907,0.0603448275862069,0.4718052414158283,7.818486857748011
frame_005,frame_003,5,3,5,-2,False,False,518,crash helmet,0.30564376387033143,1.1853350255608521,0.6385321617126465,0.3614678382873535,0.026886869384296744,4.9308674328714925,0.08836206896551724,0.5556442185565881,6.2882662782989485
frame_005,frame_004,5,4,5,-1,False,False,802,snowmobile,0.7428274258298003,0.297291527958754,0.8675550222396851,0.13244497776031494,0.024757599650550403,5.0137573788744545,0.11853448275862069,0.5428245167418219,4.57946501396737
frame_005,frame_006,5,6,5,1,False,False,518,crash helmet,0.8520300831631423,0.16013344389923745,0.918432354927063,0.08156764507293701,0.013338824663498035,5.4663172895891226,0.26939655172413796,0.6786270150215109,2.5190634797598483
frame_005,frame_007,5,7,5,2,False,False,880,"unicycle, monocycle",0.6458730890815707,0.43715225102972344,0.871300995349884,0.12869900465011597,0.008738383853107531,5.699228471186639,0.39655172413793105,0.7045620753349261,1.7767217551924224
frame_005,frame_008,5,8,5,3,True,False,518,crash helmet,0.9028670137644454,0.10218000798936266,0.9235605001449585,0.0764394998550415,0.013019326078622709,5.767346703781506,0.5,0.7305341754384038,1.4610683508768076
frame_005,frame_009,5,9,5,4,False,False,518,crash helmet,0.649588997680121,0.43141542734688176,0.8157934546470642,0.1842065453529358,0.01110900187313901,5.808557778784298,0.5043103448275862,0.756529286776029,1.500126448991784
frame_005,frame_010,5,10,5,5,False,False,518,crash helmet,0.2824705889007727,1.264180843901233,0.6817905902862549,0.3182094097137451,0.009116662788087471,5.842945947356681,0.5280172413793104,0.7429574877400911,1.4070705073934784
frame_005,frame_011,5,11,5,6,False,False,880,"unicycle, monocycle",0.38611987059233377,0.9516074121506088,0.712190568447113,0.28780943155288696,0.008157791525445728,5.798554885393997,0.47844827586206895,0.7365422653474563,1.539439689735224
frame_005,frame_012,5,12,5,7,False,False,880,"unicycle, monocycle",0.4609842928204579,0.7743913085389278,0.7624669075012207,0.2375330924987793,0.010497007602571383,5.66557115480922,0.3642241379310345,0.6827980485036563,1.8746644645307489
frame_005,frame_013,5,13,5,8,False,False,518,crash helmet,0.6710689127770444,0.3988834456787709,0.8253144025802612,0.17468559741973877,0.013682871090414331,5.408068718191075,0.2629310344827586,0.6413157337599439,2.4391024628247044
frame_005,frame_014,5,14,5,9,False,False,518,crash helmet,0.6517015221619596,0.42816860996759853,0.7943504452705383,0.20564955472946167,0.017490312670187427,5.220695304227473,0.16594827586206898,0.5513244839328931,3.322267020063148
frame_005,frame_015,5,15,5,10,False,False,671,"mountain bike, all-terrain bike, off-roader",0.34180313179484445,1.07352034568948,0.7146630883216858,0.2853369116783142,0.021845066774628347,5.153073525923976,0.11853448275862069,0.5516771784437743,4.65414928723475
frame_005,frame_016,5,16,5,11,False,False,671,"mountain bike, all-terrain bike, off-roader",0.6969059770074442,0.36110477401045316,0.8201878070831299,0.17981219291687012,0.026640891989532168,5.154060422744944,0.08189655172413793,0.44739205510520835,5.462892462337281
frame_005,frame_017,5,17,5,12,False,False,671,"mountain bike, all-terrain bike, off-roader",0.5171396254116319,0.6594423724411866,0.7634451389312744,0.23655486106872559,0.02707925038999551,5.202073127052363,0.0625,0.38528928726098194,6.164628596175711
frame_005,frame_000,5,0,10,-5,False,False,671,"mountain bike, all-terrain bike, off-roader",0.8614038041756757,0.14919189010106848,0.889838457107544,0.11016154289245605,0.13862177989303812,4.246078197271611,0.021551724137931036,0.3003992917181447,13.938527135721914
frame_005,frame_001,5,1,10,-4,True,False,671,"mountain bike, all-terrain bike, off-roader",0.9667286319325044,0.03383745173098429,0.9653615951538086,0.034638404846191406,0.09836232581991079,4.180686499104538,0.03879310344827586,0.3865187412506866,9.963594218906588
frame_005,frame_002,5,2,10,-3,False,False,671,"mountain bike, all-terrain bike, off-roader",0.7798379110470317,0.24866918724319031,0.8816632032394409,0.11833679676055908,0.07941386903900766,4.098168014834269,0.0603448275862069,0.5576123707638527,9.24043357265813
frame_005,frame_003,5,3,10,-2,False,False,518,crash helmet,0.7680526466021022,0.2638969979207729,0.8401228189468384,0.15987718105316162,0.08669152909152945,4.109541512450527,0.08836206896551724,0.6783833496958102,7.677314006313559
frame_005,frame_004,5,4,10,-1,False,False,518,crash helmet,0.9193822503612465,0.08405330147262635,0.9329401850700378,0.06705981492996216,0.08369022485424335,4.326178896257109,0.11853448275862069,0.6371857785228049,5.375530931537845
frame_005,frame_006,5,6,10,1,False,False,518,crash helmet,0.893147082153514,0.11300400600909555,0.9398333430290222,0.06016665697097778,0.04889583599302203,4.851189217607792,0.26939655172413796,0.7280311969044939,2.702451802909481
frame_005,frame_007,5,7,10,2,False,False,880,"unicycle, monocycle",0.7246691912756958,0.3220400161540531,0.8733993172645569,0.12660068273544312,0.04533781959367189,5.099388939983403,0.39655172413793105,0.8015086949256428,2.021195839377708
frame_005,frame_008,5,8,10,3,False,False,518,crash helmet,0.554016975291556,0.5905599513837907,0.8369927406311035,0.16300725936889648,0.02868040292739461,5.329619805781897,0.5,0.8018003112851062,1.6036006225702124
frame_005,frame_009,5,9,10,4,False,False,518,crash helmet,0.5128864395984892,0.6677008236213724,0.806156575679779,0.19384342432022095,0.019250519940398718,5.490571393275944,0.5043103448275862,0.7968788009044387,1.5801357419643571
frame_005,frame_010,5,10,10,5,False,False,671,"mountain bike, all-terrain bike, off-roader",0.4245365855839464,0.8567570918232663,0.7656325101852417,0.2343674898147583,0.02326863302971683,5.501489884154776,0.5280172413793104,0.7780302498663463,1.473494024236672
frame_005,frame_011,5,11,10,6,False,True,665,moped,0.32076612453118475,1.137043005413445,0.7129430174827576,0.28705698251724243,0.03173076375978109,5.307068179406018,0.47844827586206895,0.8032193263830029,1.678800754241952
frame_005,frame_012,5,12,10,7,False,False,665,moped,0.5451850161520239,0.6066300627508858,0.8030433654785156,0.19695663452148438,0.026731524090678846,5.142098300206447,0.3642241379310345,0.7300621651983419,2.0044310334439683
frame_005,frame_013,5,13,10,8,False,False,518,crash helmet,0.6471615807028595,0.43515927732548665,0.8746757507324219,0.12532424926757812,0.038024000734951116,4.876068187875997,0.2629310344827586,0.7489364556116881,2.8484140606870763
frame_005,frame_014,5,14,10,9,False,False,518,crash helmet,0.7294942492661145,0.31540379416741526,0.8680081963539124,0.13199180364608765,0.057142606799918796,4.651549917032922,0.16594827586206898,0.6940749820164187,4.182477813709328
frame_005,frame_015,5,15,10,10,False,False,671,"mountain bike, all-terrain bike, off-roader",0.39960620273045816,0.9172757099797151,0.7942951917648315,0.20570480823516846,0.08749648167129061,4.413994028411867,0.11853448275862069,0.7003257669056053,5.908202833530925
frame_005,frame_016,5,16,10,11,False,False,671,"mountain bike, all-terrain bike, off-roader",0.7155274244259394,0.3347353516832179,0.8772700428962708,0.12272995710372925,0.09717123066579082,4.4304682784743274,0.08189655172413793,0.6285653018356451,7.6751131592562984
frame_005,frame_017,5,17,10,12,False,False,671,"mountain bike, all-terrain bike, off-roader",0.7188795817492876,0.3300614154692596,0.8839511275291443,0.11604887247085571,0.10462978946657882,4.471000372880253,0.0625,0.5350354341469347,8.560566946350955
frame_005,frame_000,5,0,20,-5,False,False,671,"mountain bike, all-terrain bike, off-roader",0.8859889148511209,0.12105083991004184,0.9167872667312622,0.08321273326873779,0.11708835094272489,4.575009980063689,0.021551724137931036,0.2818126131959703,13.07610525229302
frame_005,frame_001,5,1,20,-4,True,False,671,"mountain bike, all-terrain bike, off-roader",0.9927713067966377,0.007254946802059514,0.9911448359489441,0.008855164051055908,0.09996919993672147,4.595472441988617,0.03879310344827586,0.3686538849693097,9.503077923653315
frame_005,frame_002,5,2,20,-3,False,False,671,"mountain bike, all-terrain bike, off-roader",0.9467672416459232,0.054702000962917996,0.9667537808418274,0.03324621915817261,0.1309832590298662,4.286248402468333,0.0603448275862069,0.4904442494597306,8.127361848189821
frame_005,frame_003,5,3,20,-2,False,False,518,crash helmet,0.6614703851102253,0.41329006572601323,0.863913893699646,0.136086106300354,0.09158633674971459,4.382921338717126,0.08836206896551724,0.5828910990394188,6.596621218397326
frame_005,frame_004,5,4,20,-1,False,False,518,crash helmet,0.881026609660406,0.12666744957427079,0.9289722442626953,0.07102775573730469,0.111567933462653,4.509075266737002,0.11853448275862069,0.5503478544348779,4.642934626505151
frame_005,frame_006,5,6,20,1,False,False,671,"mountain bike, all-terrain bike, off-roader",0.7313213864851427,0.31290226265705634,0.9131958484649658,0.08680415153503418,0.07454606292710818,4.944470464490914,0.26939655172413796,0.6748616869309666,2.5050865818877477
frame_005,frame_007,5,7,20,2,False,False,671,"mountain bike, all-terrain bike, off-roader",0.9535044964186333,0.04761113825416308,0.9657359719276428,0.03426402807235718,0.03440441124431625,5.298377186243139,0.39655172413793105,0.7467091250032059,1.8830056195733016
frame_005,frame_008,5,8,20,3,False,False,671,"mountain bike, all-terrain bike, off-roader",0.7973892753253264,0.22641229367972215,0.899945855140686,0.10005414485931396,0.05041063269677194,5.399890456360853,0.5,0.7213456059954079,1.4426912119908157
frame_005,frame_009,5,9,20,4,False,False,671,"mountain bike, all-terrain bike, off-roader",0.8313612771096894,0.18469082877186072,0.9049482941627502,0.09505170583724976,0.02264866963193655,5.678140581702917,0.5043103448275862,0.6966152010649374,1.3813224499749186
frame_005,frame_010,5,10,20,5,False,False,671,"mountain bike, all-terrain bike, off-roader",0.8950639750010992,0.11086008281373161,0.9257615208625793,0.07423847913742065,0.023352455266856073,5.696167662027339,0.5280172413793104,0.637714417798914,1.2077530198314126
frame_005,frame_011,5,11,20,6,False,False,671,"mountain bike, all-terrain bike, off-roader",0.6966993500961539,0.36140130977819984,0.8579810857772827,0.14201891422271729,0.02860637571517361,5.606704569869044,0.47844827586206895,0.664686455029922,1.3892545726751522
frame_005,frame_012,5,12,20,7,False,True,671,"mountain bike, all-terrain bike, off-roader",0.5961584076274612,0.5172488626214253,0.8506667613983154,0.14933323860168457,0.030610128722028257,5.393922819525399,0.3642241379310345,0.6389104467976732,1.7541683273024873
frame_005,frame_013,5,13,20,8,False,False,518,crash helmet,0.5254472293434428,0.6435055136058478,0.8776198625564575,0.12238013744354248,0.035118263554778636,5.219700419272657,0.2629310344827586,0.647996130254748,2.4645098724442875
frame_005,frame_014,5,14,20,9,False,False,671,"mountain bike, all-terrain bike, off-roader",0.6319177479013254,0.4589960390307204,0.89649897813797,0.10350102186203003,0.03812621992615393,5.063562762058442,0.16594827586206898,0.5317096094842435,3.204068296112844
frame_005,frame_015,5,15,20,10,False,False,671,"mountain bike, all-terrain bike, off-roader",0.9559709295318927,0.045027774832524514,0.9662148952484131,0.033785104751586914,0.0647343040377745,4.833881026131465,0.11853448275862069,0.5464707593291137,4.610226042340159
frame_005,frame_016,5,16,20,11,False,False,671,"mountain bike, all-terrain bike, off-roader",0.981803250487009,0.018364346621142502,0.9838789701461792,0.0161210298538208,0.07040255541918782,4.738551590422066,0.08189655172413793,0.4707380537229792,5.747959392827957
frame_005,frame_017,5,17,20,12,False,False,671,"mountain bike, all-terrain bike, off-roader",0.9882681975329975,0.011801163078597021,0.9888209700584412,0.011179029941558838,0.07332967324380692,4.6194806025007225,0.0625,0.3946654184784149,6.3146466956546385
frame_005,frame_000,5,0,30,-5,False,False,671,"mountain bike, all-terrain bike, off-roader",0.8706492526645351,0.1385160782220881,0.8820663690567017,0.11793363094329834,0.028525959549350697,5.387834394269866,0.021551724137931036,0.09153172395170747,4.247071991359227
frame_005,frame_001,5,1,30,-4,True,False,671,"mountain bike, all-terrain bike, off-roader",0.98940709463756,0.010649409567825785,0.9879802465438843,0.012019753456115723,0.042348339891788135,5.441324961307999,0.03879310344827586,0.14516606534459311,3.742058573327289
frame_005,frame_002,5,2,30,-3,False,False,518,crash helmet,0.6866567880407043,0.3759206923185934,0.9040459990501404,0.09595400094985962,0.03202816458500704,5.480679054231748,0.0603448275862069,0.23479873696816433,3.8909504983295804
frame_005,frame_003,5,3,30,-2,False,False,518,crash helmet,0.9641564240362916,0.03650173193741668,0.9680272936820984,0.03197270631790161,0.024416638543659847,5.426689017763249,0.08836206896551724,0.2686435017399608,3.0402581660327277
frame_005,frame_004,5,4,30,-1,False,False,518,crash helmet,0.9727828524257717,0.027594394955021195,0.9766943454742432,0.023305654525756836,0.03597044174946468,5.446135152105796,0.11853448275862069,0.3353748312419005,2.8293440308407605
frame_005,frame_006,5,6,30,1,False,False,518,crash helmet,0.8403113174465031,0.1739828397981844,0.9351622462272644,0.0648377537727356,0.019128019267255776,5.5472961710867015,0.26939655172413796,0.44467742640228797,1.6506426068052928
frame_005,frame_007,5,7,30,2,False,False,671,"mountain bike, all-terrain bike, off-roader",0.8048142423840869,0.217143782993936,0.905930757522583,0.09406924247741699,0.027457036051206214,5.637342450072624,0.39655172413793105,0.5358477810528449,1.3512683174376088
frame_005,frame_008,5,8,30,3,False,True,671,"mountain bike, all-terrain bike, off-roader",0.6483312551718183,0.4333535169933489,0.871545672416687,0.128454327583313,0.04296800217299546,5.581866222313062,0.5,0.5927276670347341,1.1854553340694682
frame_005,frame_009,5,9,30,4,False,False,671,"mountain bike, all-terrain bike, off-roader",0.7332140392251599,0.3103176153205274,0.8778550028800964,0.12214499711990356,0.040935188667096195,5.611604214063075,0.5043103448275862,0.5854828441065125,1.1609574344676146
frame_005,frame_010,5,10,30,5,False,False,671,"mountain bike, all-terrain bike, off-roader",0.9042004469589676,0.1007042098074793,0.9321157932281494,0.06788420677185059,0.017196927353386966,5.668720837952831,0.5280172413793104,0.6359853370221995,1.204478352564492
frame_005,frame_011,5,11,30,6,False,False,671,"mountain bike, all-terrain bike, off-roader",0.9220909964415563,0.08111136567345856,0.9455710649490356,0.054428935050964355,0.01618164225802709,5.604853244124559,0.47844827586206895,0.6430479034432999,1.3440280504400501
frame_005,frame_012,5,12,30,7,False,False,671,"mountain bike, all-terrain bike, off-roader",0.8536264299320886,0.15826161657317428,0.9208644032478333,0.07913559675216675,0.018286470467496752,5.556779366359526,0.3642241379310345,0.5518922868071507,1.5152545625947809
frame_005,frame_013,5,13,30,8,False,False,518,crash helmet,0.6767811162265223,0.39040737263593606,0.8995032906532288,0.10049670934677124,0.025184484146282465,5.4832585009173265,0.2629310344827586,0.48668258026597894,1.850989485601756
frame_005,frame_014,5,14,30,9,False,False,518,crash helmet,0.6624933558680278,0.4117447500504978,0.9053700566291809,0.09462994337081909,0.025435682246247773,5.447328623327861,0.16594827586206898,0.37813599275344456,2.2786376706181595
frame_005,frame_015,5,15,30,10,False,False,671,"mountain bike, all-terrain bike, off-roader",0.8020929992423583,0.22053071868330543,0.9185405373573303,0.08145946264266968,0.025130476900685615,5.469221766172314,0.11853448275862069,0.3479404217699633,2.935351921841145
frame_005,frame_016,5,16,30,11,False,False,671,"mountain bike, all-terrain bike, off-roader",0.9784452148122083,0.021790482663667454,0.9828587770462036,0.017141222953796387,0.03269546112880761,5.516896714701028,0.08189655172413793,0.21859016858084468,2.6691010058292615
frame_005,frame_017,5,17,30,12,False,False,671,"mountain bike, all-terrain bike, off-roader",0.9651301838795096,0.0354922811674685,0.9726696610450745,0.027330338954925537,0.021127169855106404,5.544576792504326,0.0625,0.14840015864069792,2.3744025382511666
frame_005,frame_000,5,0,40,-5,False,False,671,"mountain bike, all-terrain bike, off-roader",0.9473451141412879,0.054091823312655274,0.9494358897209167,0.05056411027908325,0.08452934445030878,3.9837785566509583,0.021551724137931036,0.32739176336821474,15.190977820285163
frame_005,frame_001,5,1,40,-4,True,False,671,"mountain bike, all-terrain bike, off-roader",0.9953698795321135,0.004640872677849295,0.9941372871398926,0.005862712860107422,0.1184673824252522,3.6921887202475143,0.03879310344827586,0.4576243370599787,11.796538466435006
frame_005,frame_002,5,2,40,-3,False,False,518,crash helmet,0.564299635568067,0.5721698998196436,0.8962178230285645,0.10378217697143555,0.057940797747511416,3.8543172782616533,0.0603448275862069,0.6722638029206927,11.140371591257193
frame_005,frame_003,5,3,40,-2,False,False,518,crash helmet,0.9885130365596286,0.01155344823422233,0.9886026382446289,0.011397361755371094,0.06758267478856797,3.987834570106007,0.08836206896551724,0.7415944660450587,8.392678835241641
frame_005,frame_004,5,4,40,-1,False,False,518,crash helmet,0.9920180452486398,0.008013981087875877,0.9917517304420471,0.00824826955795288,0.03890713975439843,4.2227071231831665,0.11853448275862069,0.6492622633494355,5.477412548984328
frame_005,frame_006,5,6,40,1,False,False,518,crash helmet,0.8594996024754614,0.15140491666607492,0.9382147789001465,0.061785221099853516,0.0370722638135486,4.804907890568326,0.26939655172413796,0.7715725123948399,2.8640771660096456
frame_005,frame_007,5,7,40,2,False,False,671,"mountain bike, all-terrain bike, off-roader",0.6625215143806878,0.41170224711215875,0.8695763349533081,0.1304236650466919,0.028199134632339154,5.059765722125551,0.39655172413793105,0.7935509039927984,2.001128366590535
frame_005,frame_008,5,8,40,3,False,False,671,"mountain bike, all-terrain bike, off-roader",0.5915707216099243,0.5249740395494746,0.8618683815002441,0.13813161849975586,0.04848283111747976,5.14687944836086,0.5,0.794865632557824,1.589731265115648
frame_005,frame_009,5,9,40,4,False,True,671,"mountain bike, all-terrain bike, off-roader",0.6230578160004586,0.4731159619316214,0.8577867746353149,0.14221322536468506,0.025126368077948096,5.224137121028612,0.5043103448275862,0.8610792675685826,1.707439231418044
frame_005,frame_010,5,10,40,5,False,False,671,"mountain bike, all-terrain bike, off-roader",0.7321423158703995,0.3117803633300813,0.8621779680252075,0.13782203197479248,0.022667991193602743,5.312646173306381,0.5280172413793104,0.8358291266641307,1.5829580194781903
frame_005,frame_011,5,11,40,6,False,False,671,"mountain bike, all-terrain bike, off-roader",0.6485741081551729,0.43297900549380497,0.8906844854354858,0.10931551456451416,0.03125727852230358,5.17189061849089,0.47844827586206895,0.8225460695726704,1.7191953886563922
frame_005,frame_012,5,12,40,7,False,False,671,"mountain bike, all-terrain bike, off-roader",0.904948032921752,0.09987775911683716,0.9414200186729431,0.058579981327056885,0.05126012451475826,4.876329668805273,0.3642241379310345,0.8236708224859872,2.261439417949693
frame_005,frame_013,5,13,40,8,False,False,518,crash helmet,0.5983083205499397,0.5136490716964914,0.8893479108810425,0.11065208911895752,0.04042970343612334,4.843482657643737,0.2629310344827586,0.7880103868354557,2.997023110587307
frame_005,frame_014,5,14,40,9,False,False,671,"mountain bike, all-terrain bike, off-roader",0.6349363480350213,0.4542305244286684,0.9027486443519592,0.09725135564804077,0.03230941288301276,4.593157962304508,0.16594827586206898,0.754496615656418,4.546577008630882
frame_005,frame_015,5,15,40,10,False,False,671,"mountain bike, all-terrain bike, off-roader",0.9049214243927222,0.09990716292706692,0.9501769542694092,0.04982304573059082,0.048957604890922546,4.335432285442388,0.11853448275862069,0.7421465701338967,6.2610183371296015
frame_005,frame_016,5,16,40,11,False,False,671,"mountain bike, all-terrain bike, off-roader",0.9935627330716693,0.006458075479284453,0.9935744404792786,0.0064255595207214355,0.04802931085057365,4.124335553467574,0.08189655172413793,0.6469918227008199,7.900110677188959
frame_005,frame_017,5,17,40,12,False,False,671,"mountain bike, all-terrain bike, off-roader",0.9768167261599766,0.023456232908846797,0.9807596802711487,0.01924031972885132,0.0547315463019306,4.033829021222346,0.0625,0.6574368890227164,10.518990224363462
frame_005,frame_000,5,0,50,-5,False,False,671,"mountain bike, all-terrain bike, off-roader",0.9546107046076462,0.04645166076313001,0.9541574120521545,0.04584258794784546,0.1130779384767358,4.174702521560516,0.021551724137931036,0.2661081790439925,12.34741950764125
frame_005,frame_001,5,1,50,-4,True,False,671,"mountain bike, all-terrain bike, off-roader",0.9963742348045174,0.003632354213752631,0.9955413937568665,0.004458606243133545,0.061662728640402675,4.15250252425651,0.03879310344827586,0.4838940324076538,12.473712835397297
frame_005,frame_002,5,2,50,-3,False,False,518,crash helmet,0.7035618490717052,0.3515994900565551,0.9112143516540527,0.08878564834594727,0.06729983574366617,4.133941858383164,0.0603448275862069,0.6457784850097277,10.701472037304057
frame_005,frame_003,5,3,50,-2,False,False,518,crash helmet,0.9878047335030364,0.012270238922084495,0.989581823348999,0.010418176651000977,0.05071152348237107,4.254173627239695,0.08836206896551724,0.6731443781702865,7.618024182219828
frame_005,frame_004,5,4,50,-1,False,False,518,crash helmet,0.9949383763939509,0.005074477013899736,0.9946703910827637,0.005329608917236328,0.06870073818972602,4.363638038145597,0.11853448275862069,0.6780132393658594,5.719966237559251
frame_005,frame_006,5,6,50,1,False,False,518,crash helmet,0.8631374480776183,0.14718133281961698,0.9411226511001587,0.05887734889984131,0.02708166981066219,5.012126308144733,0.26939655172413796,0.746922375657475,2.772575858440547
frame_005,frame_007,5,7,50,2,False,False,671,"mountain bike, all-terrain bike, off-roader",0.6586756374587734,0.4175240698115359,0.8750916123390198,0.12490838766098022,0.024262115389128893,5.211970289570822,0.39655172413793105,0.8014300768292129,2.02099758504758
frame_005,frame_008,5,8,50,3,False,True,671,"mountain bike, all-terrain bike, off-roader",0.5124994398692515,0.6684556609082168,0.8674548268318176,0.13254517316818237,0.030752526803647037,5.26255285756165,0.5,0.7941704013198065,1.588340802639613
frame_005,frame_009,5,9,50,4,False,False,671,"mountain bike, all-terrain bike, off-roader",0.6847909668107084,0.37864164523064225,0.8823761940002441,0.11762380599975586,0.03013864980397041,5.459535700989375,0.5043103448275862,0.7718386093648503,1.5304833963473954
frame_005,frame_010,5,10,50,5,False,False,671,"mountain bike, all-terrain bike, off-roader",0.9299245389014652,0.07265183709310818,0.9486210942268372,0.05137890577316284,0.03586503132624903,5.4284813734016275,0.5280172413793104,0.7278994941751515,1.3785525114174297
frame_005,frame_011,5,11,50,6,False,False,671,"mountain bike, all-terrain bike, off-roader",0.954133102114007,0.04695209723021865,0.9651253819465637,0.03487461805343628,0.020825781059498755,5.37191953617659,0.47844827586206895,0.7865979511256292,1.6440605825328467
frame_005,frame_012,5,12,50,7,False,False,671,"mountain bike, all-terrain bike, off-roader",0.9045752253904489,0.10028980967751977,0.9437370300292969,0.056262969970703125,0.034819431860483724,5.157988650448844,0.3642241379310345,0.7264296782554237,1.9944578148551277
frame_005,frame_013,5,13,50,8,False,False,671,"mountain bike, all-terrain bike, off-roader",0.5674662392442084,0.5665740217147741,0.8834829330444336,0.1165170669555664,0.032841988004466166,4.999418919334947,0.2629310344827586,0.7557633210487131,2.8743785325131386
frame_005,frame_014,5,14,50,9,False,False,671,"mountain bike, all-terrain bike, off-roader",0.7522472217885169,0.28469025668117265,0.9168359041213989,0.08316409587860107,0.02987379925840069,4.802389240947331,0.16594827586206898,0.6666807701754874,4.017401004693846
frame_005,frame_015,5,15,50,10,False,False,671,"mountain bike, all-terrain bike, off-roader",0.8948498598100406,0.11109932918181453,0.9469749927520752,0.053025007247924805,0.0441721157337624,4.513244796494641,0.11853448275862069,0.7101897542354116,5.991419017549655
frame_005,frame_016,5,16,50,11,False,False,671,"mountain bike, all-terrain bike, off-roader",0.9929494854963536,0.007075486828748367,0.9934870600700378,0.006512939929962158,0.04615340404374447,4.392927421290089,0.08189655172413793,0.6574907901871582,8.028308595969511
frame_005,frame_017,5,17,50,12,False,False,671,"mountain bike, all-terrain bike, off-roader",0.9777922528423485,0.022458051918326394,0.9805785417556763,0.01942145824432373,0.06117202792413425,4.40467995578882,0.0625,0.5653101581472971,9.044962530356754
frame_006,frame_000,6,0,5,-6,False,True,671,"mountain bike, all-terrain bike, off-roader",0.2611935342076802,1.3424936360681796,0.5756451487541199,0.4243548512458801,0.029171206039242815,5.373839675701413,0.021551724137931036,0.11145500552547875,5.171512256382214
frame_006,frame_001,6,1,5,-5,False,False,671,"mountain bike, all-terrain bike, off-roader",0.2654737252415066,1.3262394065061613,0.6090452671051025,0.39095473289489746,0.03622159743921896,5.257069788100397,0.03879310344827586,0.2466360341743389,6.357728880938514
frame_006,frame_002,6,2,5,-4,False,False,671,"mountain bike, all-terrain bike, off-roader",0.5151424911879743,0.6633117346693873,0.732602596282959,0.267397403717041,0.04085891573733676,4.988524247237828,0.0603448275862069,0.4485155398441518,7.432543231703087
frame_006,frame_003,6,3,5,-3,False,False,518,crash helmet,0.30564376387033143,1.1853350255608521,0.6385321617126465,0.3614678382873535,0.02654010245939387,5.002484501432228,0.08836206896551724,0.5323253168997362,6.024364561987259
frame_006,frame_004,6,4,5,-2,False,False,802,snowmobile,0.7428274258298003,0.297291527958754,0.8675550222396851,0.13244497776031494,0.025157388139082408,5.075483473210482,0.11853448275862069,0.527637101949938,4.451338460086749
frame_006,frame_005,6,5,5,-1,False,False,518,crash helmet,0.8992505800764609,0.10619355133965502,0.9196305871009827,0.08036941289901733,0.017405674035795956,5.2680225982748565,0.1788793103448276,0.626634920120751,3.503115698024439
frame_006,frame_007,6,7,5,1,False,False,880,"unicycle, monocycle",0.6458730890815707,0.43715225102972344,0.871300995349884,0.12869900465011597,0.008642534583150901,5.711864527293155,0.39655172413793105,0.6964557521924017,1.7562797229199696
frame_006,frame_008,6,8,5,2,True,False,518,crash helmet,0.9028670137644454,0.10218000798936266,0.9235605001449585,0.0764394998550415,0.014251173520607362,5.771631819474486,0.5,0.7281680044837389,1.4563360089674777
frame_006,frame_009,6,9,5,3,False,False,518,crash helmet,0.649588997680121,0.43141542734688176,0.8157934546470642,0.1842065453529358,0.0096664661780361,5.815905151366639,0.5043103448275862,0.7593615310164985,1.505742523041262
frame_006,frame_010,6,10,5,4,False,False,518,crash helmet,0.2824705889007727,1.264180843901233,0.6817905902862549,0.3182094097137451,0.009166432510708198,5.84346418622801,0.5280172413793104,0.7512947688398871,1.4228602969049289
frame_006,frame_011,6,11,5,5,False,False,880,"unicycle, monocycle",0.38611987059233377,0.9516074121506088,0.712190568447113,0.28780943155288696,0.00804296510918912,5.790985227932308,0.47844827586206895,0.7394089688481109,1.545431358313169
frame_006,frame_012,6,12,5,6,False,False,880,"unicycle, monocycle",0.4609842928204579,0.7743913085389278,0.7624669075012207,0.2375330924987793,0.010688400885868917,5.666521466281751,0.3642241379310345,0.6842095524397713,1.8785398362843426
frame_006,frame_013,6,13,5,7,False,False,518,crash helmet,0.6710689127770444,0.3988834456787709,0.8253144025802612,0.17468559741973877,0.015122245192662356,5.422168781197231,0.2629310344827586,0.6393852063106281,2.43176012891911
frame_006,frame_014,6,14,5,8,False,False,518,crash helmet,0.6517015221619596,0.42816860996759853,0.7943504452705383,0.20564955472946167,0.018236026186685895,5.237918587259884,0.16594827586206898,0.5437827552604372,3.2768207589719847
frame_006,frame_015,6,15,5,9,False,False,671,"mountain bike, all-terrain bike, off-roader",0.34180313179484445,1.07352034568948,0.7146630883216858,0.2853369116783142,0.023365488038663042,5.1896036848427585,0.11853448275862069,0.536293622191219,4.524368012667739
frame_006,frame_016,6,16,5,10,False,False,671,"mountain bike, all-terrain bike, off-roader",0.6969059770074442,0.36110477401045316,0.8201878070831299,0.17981219291687012,0.024577980947575986,5.218804330754807,0.08189655172413793,0.4298912390365141,5.249198287182699
frame_006,frame_017,6,17,5,11,False,False,671,"mountain bike, all-terrain bike, off-roader",0.5171396254116319,0.6594423724411866,0.7634451389312744,0.23655486106872559,0.023207427853985343,5.271944010108079,0.0625,0.3648305092030669,5.837288147249071
frame_006,frame_000,6,0,10,-6,False,False,671,"mountain bike, all-terrain bike, off-roader",0.8614038041756757,0.14919189010106848,0.889838457107544,0.11016154289245605,0.10395910682033517,4.512597639425558,0.021551724137931036,0.2769452321642821,12.850258772422688
frame_006,frame_001,6,1,10,-5,True,False,671,"mountain bike, all-terrain bike, off-roader",0.9667286319325044,0.03383745173098429,0.9653615951538086,0.034638404846191406,0.06932559481769021,4.384693191609012,0.03879310344827586,0.3801459793904858,9.799318579843632
frame_006,frame_002,6,2,10,-4,False,False,671,"mountain bike, all-terrain bike, off-roader",0.7798379110470317,0.24866918724319031,0.8816632032394409,0.11833679676055908,0.07926733849744247,4.221460723239005,0.0603448275862069,0.5621178054459719,9.315095061676105
frame_006,frame_003,6,3,10,-3,False,False,518,crash helmet,0.7680526466021022,0.2638969979207729,0.8401228189468384,0.15987718105316162,0.07062301949179407,4.254845169248148,0.08836206896551724,0.6593415987431268,7.461817117483192
frame_006,frame_004,6,4,10,-2,False,False,518,crash helmet,0.9193822503612465,0.08405330147262635,0.9329401850700378,0.06705981492996216,0.08417937112074468,4.447120367010085,0.11853448275862069,0.6262393499979492,5.283182879982698
frame_006,frame_005,6,5,10,-1,False,False,518,crash helmet,0.9493888975447128,0.05193676711413442,0.9647940993309021,0.0352059006690979,0.06674498431103065,4.621772201720227,0.1788793103448276,0.7274218420628811,4.066551020688877
frame_006,frame_007,6,7,10,1,False,False,880,"unicycle, monocycle",0.7246691912756958,0.3220400161540531,0.8733993172645569,0.12660068273544312,0.04712000422671926,5.1770520066176875,0.39655172413793105,0.7934426482645438,2.0008553738845016
frame_006,frame_008,6,8,10,2,False,False,518,crash helmet,0.554016975291556,0.5905599513837907,0.8369927406311035,0.16300725936889648,0.028615901226639893,5.389040851652053,0.5,0.8057200092334811,1.6114400184669622
frame_006,frame_009,6,9,10,3,False,False,518,crash helmet,0.5128864395984892,0.6677008236213724,0.806156575679779,0.19384342432022095,0.016420585908459587,5.542406514533146,0.5043103448275862,0.802957498060104,1.5921892269225995
frame_006,frame_010,6,10,10,4,False,False,671,"mountain bike, all-terrain bike, off-roader",0.4245365855839464,0.8567570918232663,0.7656325101852417,0.2343674898147583,0.022962122807417006,5.556612839917351,0.5280172413793104,0.783791112208414,1.484404392100833
frame_006,frame_011,6,11,10,5,False,True,665,moped,0.32076612453118475,1.137043005413445,0.7129430174827576,0.28705698251724243,0.03052041142915054,5.355307576137665,0.47844827586206895,0.8064918107133572,1.6856405413108007
frame_006,frame_012,6,12,10,6,False,False,665,moped,0.5451850161520239,0.6066300627508858,0.8030433654785156,0.19695663452148438,0.03193697314471985,5.177789724224727,0.3642241379310345,0.7220470300369524,1.9824249818766029
frame_006,frame_013,6,13,10,7,False,False,518,crash helmet,0.6471615807028595,0.43515927732548665,0.8746757507324219,0.12532424926757812,0.03088173444999214,4.9595367587527175,0.2629310344827586,0.7371659946294272,2.803647717279133
frame_006,frame_014,6,14,10,8,False,False,518,crash helmet,0.7294942492661145,0.31540379416741526,0.8680081963539124,0.13199180364608765,0.04443994740618275,4.769831480351982,0.16594827586206898,0.6766580922943978,4.077524088631176
frame_006,frame_015,6,15,10,9,False,False,671,"mountain bike, all-terrain bike, off-roader",0.39960620273045816,0.9172757099797151,0.7942951917648315,0.20570480823516846,0.07678922284148469,4.517858726063671,0.11853448275862069,0.6808407900315115,5.743820483174933
frame_006,frame_016,6,16,10,10,False,False,671,"mountain bike, all-terrain bike, off-roader",0.7155274244259394,0.3347353516832179,0.8772700428962708,0.12272995710372925,0.07760623686859353,4.522298066736189,0.08189655172413793,0.6122980005495327,7.4764808488153465
frame_006,frame_017,6,17,10,11,False,False,671,"mountain bike, all-terrain bike, off-roader",0.7188795817492876,0.3300614154692596,0.8839511275291443,0.11604887247085571,0.09066189603844298,4.5554655253022265,0.0625,0.5199708698530169,8.31953391764827
frame_006,frame_000,6,0,20,-6,False,False,671,"mountain bike, all-terrain bike, off-roader",0.8859889148511209,0.12105083991004184,0.9167872667312622,0.08321273326873779,0.09567024068633634,4.936671655217731,0.021551724137931036,0.24244142405092495,11.249282075962917
frame_006,frame_001,6,1,20,-5,True,False,671,"mountain bike, all-terrain bike, off-roader",0.9927713067966377,0.007254946802059514,0.9911448359489441,0.008855164051055908,0.07258659010791987,4.935533487986209,0.03879310344827586,0.32790013530823925,8.452536821279056
frame_006,frame_002,6,2,20,-4,False,False,671,"mountain bike, all-terrain bike, off-roader",0.9467672416459232,0.054702000962917996,0.9667537808418274,0.03324621915817261,0.10726570425734573,4.563249771445152,0.0603448275862069,0.4714787418338681,7.813076293246957
frame_006,frame_003,6,3,20,-3,False,False,518,crash helmet,0.6614703851102253,0.41329006572601323,0.863913893699646,0.136086106300354,0.0691654669358129,4.6332839720961285,0.08836206896551724,0.545206871619521,6.170146059303847
frame_006,frame_004,6,4,20,-2,False,False,518,crash helmet,0.881026609660406,0.12666744957427079,0.9289722442626953,0.07102775573730469,0.09374763698829851,4.7394247097296915,0.11853448275862069,0.5301743176289458,4.472743334178743
frame_006,frame_005,6,5,20,-1,False,False,518,crash helmet,0.825642712063418,0.19159315102008723,0.9302311539649963,0.06976884603500366,0.08684409336037537,4.988925929234494,0.1788793103448276,0.6062136373126139,3.3889533459403958
frame_006,frame_007,6,7,20,1,False,False,671,"mountain bike, all-terrain bike, off-roader",0.9535044964186333,0.04761113825416308,0.9657359719276428,0.03426402807235718,0.029168038812435633,5.440164793617254,0.39655172413793105,0.7227095497013327,1.822484951420752
frame_006,frame_008,6,8,20,2,False,False,671,"mountain bike, all-terrain bike, off-roader",0.7973892753253264,0.22641229367972215,0.899945855140686,0.10005414485931396,0.04033269696919005,5.507136279598794,0.5,0.7225282740470361,1.4450565480940722
frame_006,frame_009,6,9,20,3,False,False,671,"mountain bike, all-terrain bike, off-roader",0.8313612771096894,0.18469082877186072,0.9049482941627502,0.09505170583724976,0.020080613120676005,5.72681610416471,0.5043103448275862,0.7112844340732678,1.4104101598717789
frame_006,frame_010,6,10,20,4,False,False,671,"mountain bike, all-terrain bike, off-roader",0.8950639750010992,0.11086008281373161,0.9257615208625793,0.07423847913742065,0.019304599269598162,5.7571677295792805,0.5280172413793104,0.6587854998768223,1.2476590691544716
frame_006,frame_011,6,11,20,5,False,False,671,"mountain bike, all-terrain bike, off-roader",0.6966993500961539,0.36140130977819984,0.8579810857772827,0.14201891422271729,0.027949267803190625,5.676756103329987,0.47844827586206895,0.6847808369702193,1.431253641235053
frame_006,frame_012,6,12,20,6,False,True,671,"mountain bike, all-terrain bike, off-roader",0.5961584076274612,0.5172488626214253,0.8506667613983154,0.14933323860168457,0.03558021382030071,5.471674779774259,0.3642241379310345,0.6317794981128413,1.7345898646411737
frame_006,frame_013,6,13,20,7,False,False,518,crash helmet,0.5254472293434428,0.6435055136058478,0.8776198625564575,0.12238013744354248,0.029435257907863,5.329894989874375,0.2629310344827586,0.6352265549850469,2.4159436189595227
frame_006,frame_014,6,14,20,8,False,False,671,"mountain bike, all-terrain bike, off-roader",0.6319177479013254,0.4589960390307204,0.89649897813797,0.10350102186203003,0.02879476038022841,5.1893250681262915,0.16594827586206898,0.5062959894423175,3.0509264818342245
frame_006,frame_015,6,15,20,9,False,False,671,"mountain bike, all-terrain bike, off-roader",0.9559709295318927,0.045027774832524514,0.9662148952484131,0.033785104751586914,0.0491306286595356,4.961181267616235,0.11853448275862069,0.5158251774935025,4.351688770127003
frame_006,frame_016,6,16,20,10,False,False,671,"mountain bike, all-terrain bike, off-roader",0.981803250487009,0.018364346621142502,0.9838789701461792,0.0161210298538208,0.04352454856032898,4.926822508232931,0.08189655172413793,0.4332619408072466,5.290356329856906
frame_006,frame_017,6,17,20,11,False,False,671,"mountain bike, all-terrain bike, off-roader",0.9882681975329975,0.011801163078597021,0.9888209700584412,0.011179029941558838,0.05305210634682146,4.80937591890088,0.0625,0.35985658610791255,5.757705377726601
frame_006,frame_000,6,0,30,-6,False,False,671,"mountain bike, all-terrain bike, off-roader",0.8706492526645351,0.1385160782220881,0.8820663690567017,0.11793363094329834,0.02801389066183467,5.435802154264267,0.021551724137931036,0.06799276674847446,3.154864377129215
frame_006,frame_001,6,1,30,-5,False,False,671,"mountain bike, all-terrain bike, off-roader",0.98940709463756,0.010649409567825785,0.9879802465438843,0.012019753456115723,0.03257044758007561,5.526857416852785,0.03879310344827586,0.12197253641233204,3.1441809386290034
frame_006,frame_002,6,2,30,-4,False,False,518,crash helmet,0.6866567880407043,0.3759206923185934,0.9040459990501404,0.09595400094985962,0.021443130181823585,5.589790111278611,0.0603448275862069,0.2058218389884167,3.410761903236619
frame_006,frame_003,6,3,30,-3,False,False,518,crash helmet,0.9641564240362916,0.03650173193741668,0.9680272936820984,0.03197270631790161,0.019302947779142977,5.510589427248039,0.08836206896551724,0.23357376084364,2.6433713422304628
frame_006,frame_004,6,4,30,-2,False,False,518,crash helmet,0.9727828524257717,0.027594394955021195,0.9766943454742432,0.023305654525756836,0.026485338944312833,5.549888834961685,0.11853448275862069,0.3114388030789591,2.627410993247946
frame_006,frame_005,6,5,30,-1,True,False,518,crash helmet,0.9850936239201249,0.015018592661879993,0.9881370067596436,0.011862993240356445,0.03714806703052065,5.508807916864885,0.1788793103448276,0.3906325528835264,2.1837771631079064
frame_006,frame_007,6,7,30,1,False,False,671,"mountain bike, all-terrain bike, off-roader",0.8048142423840869,0.217143782993936,0.905930757522583,0.09406924247741699,0.022972380597765765,5.716152325867812,0.39655172413793105,0.5145747223769692,1.297623212950618
frame_006,frame_008,6,8,30,2,False,True,671,"mountain bike, all-terrain bike, off-roader",0.6483312551718183,0.4333535169933489,0.871545672416687,0.128454327583313,0.03354124709978234,5.690440167052341,0.5,0.5930005785941441,1.1860011571882882
frame_006,frame_009,6,9,30,3,False,False,671,"mountain bike, all-terrain bike, off-roader",0.7332140392251599,0.3103176153205274,0.8778550028800964,0.12214499711990356,0.030937474660836056,5.700068274956649,0.5043103448275862,0.6013068264506986,1.1923349037312998
frame_006,frame_010,6,10,30,4,False,False,671,"mountain bike, all-terrain bike, off-roader",0.9042004469589676,0.1007042098074793,0.9321157932281494,0.06788420677185059,0.01592614504684079,5.7399306676083155,0.5280172413793104,0.641100225841233,1.214165325674825
frame_006,frame_011,6,11,30,5,False,False,671,"mountain bike, all-terrain bike, off-roader",0.9220909964415563,0.08111136567345856,0.9455710649490356,0.054428935050964355,0.019047221284664944,5.6701890925963845,0.47844827586206895,0.632046787941909,1.3210347279506567
frame_006,frame_012,6,12,30,6,False,False,671,"mountain bike, all-terrain bike, off-roader",0.8536264299320886,0.15826161657317428,0.9208644032478333,0.07913559675216675,0.013634755303226762,5.630243316168478,0.3642241379310345,0.5485739480773968,1.506143857443267
frame_006,frame_013,6,13,30,7,False,False,518,crash helmet,0.6767811162265223,0.39040737263593606,0.8995032906532288,0.10049670934677124,0.025459641563715246,5.542183833600558,0.2629310344827586,0.4721246700150939,1.7956216957951112
frame_006,frame_014,6,14,30,8,False,False,518,crash helmet,0.6624933558680278,0.4117447500504978,0.9053700566291809,0.09462994337081909,0.027123247774963163,5.501445623267582,0.16594827586206898,0.3518032553411054,2.119957278938609
frame_006,frame_015,6,15,30,9,False,False,671,"mountain bike, all-terrain bike, off-roader",0.8020929992423583,0.22053071868330543,0.9185405373573303,0.08145946264266968,0.02615410861525342,5.534092201269976,0.11853448275862069,0.3230512847798323,2.7253781115971307
frame_006,frame_016,6,16,30,10,False,False,671,"mountain bike, all-terrain bike, off-roader",0.9784452148122083,0.021790482663667454,0.9828587770462036,0.017141222953796387,0.027747658873774422,5.589309167425308,0.08189655172413793,0.1943354778799198,2.372938466744284
frame_006,frame_017,6,17,30,11,False,False,671,"mountain bike, all-terrain bike, off-roader",0.9651301838795096,0.0354922811674685,0.9726696610450745,0.027330338954925537,0.018359411457217232,5.614948070755192,0.0625,0.1291629899864145,2.066607839782632
frame_006,frame_000,6,0,40,-6,False,False,671,"mountain bike, all-terrain bike, off-roader",0.9473451141412879,0.054091823312655274,0.9494358897209167,0.05056411027908325,0.07581745727718522,4.326023512417103,0.021551724137931036,0.26641756065347094,12.36177481432105
frame_006,frame_001,6,1,40,-5,True,False,671,"mountain bike, all-terrain bike, off-roader",0.9953698795321135,0.004640872677849295,0.9941372871398926,0.005862712860107422,0.13464115622800935,3.8161473999456303,0.03879310344827586,0.4242179687113938,10.935396526782595
frame_006,frame_002,6,2,40,-4,False,False,518,crash helmet,0.564299635568067,0.5721698998196436,0.8962178230285645,0.10378217697143555,0.06989494646670222,3.8955895165851864,0.0603448275862069,0.6689836485576987,11.086014747527576
frame_006,frame_003,6,3,40,-3,False,False,518,crash helmet,0.9885130365596286,0.01155344823422233,0.9886026382446289,0.011397361755371094,0.07308620146752735,4.069020189614953,0.08836206896551724,0.7296102531399878,8.257052620901327
frame_006,frame_004,6,4,40,-2,False,False,518,crash helmet,0.9920180452486398,0.008013981087875877,0.9917517304420471,0.00824826955795288,0.04224701283506099,4.277106468058292,0.11853448275862069,0.6278581021000657,5.296839261353281
frame_006,frame_005,6,5,40,-1,False,False,518,crash helmet,0.9914156208823095,0.008621437132554366,0.992138147354126,0.007861852645874023,0.0712798827277551,4.522883006583905,0.1788793103448276,0.7753068522791464,4.334245535632818
frame_006,frame_007,6,7,40,1,False,False,671,"mountain bike, all-terrain bike, off-roader",0.6625215143806878,0.41170224711215875,0.8695763349533081,0.1304236650466919,0.0359290310571559,5.043744529509782,0.39655172413793105,0.7846530876431796,1.978690394926279
frame_006,frame_008,6,8,40,2,False,False,671,"mountain bike, all-terrain bike, off-roader",0.5915707216099243,0.5249740395494746,0.8618683815002441,0.13813161849975586,0.05883972868815288,5.042502921681432,0.5,0.8059465820595324,1.6118931641190648
frame_006,frame_009,6,9,40,3,False,True,671,"mountain bike, all-terrain bike, off-roader",0.6230578160004586,0.4731159619316214,0.8577867746353149,0.14221322536468506,0.03080584102014181,5.158017606613496,0.5043103448275862,0.876246037361881,1.7375135099825334
frame_006,frame_010,6,10,40,4,False,False,671,"mountain bike, all-terrain bike, off-roader",0.7321423158703995,0.3117803633300813,0.8621779680252075,0.13782203197479248,0.03199695373962421,5.184794839155569,0.5280172413793104,0.8656079832333676,1.6393555274297247
frame_006,frame_011,6,11,40,5,False,False,671,"mountain bike, all-terrain bike, off-roader",0.6485741081551729,0.43297900549380497,0.8906844854354858,0.10931551456451416,0.03217212157061181,5.064939259219741,0.47844827586206895,0.838531616621751,1.7526066221283445
frame_006,frame_012,6,12,40,6,False,False,671,"mountain bike, all-terrain bike, off-roader",0.904948032921752,0.09987775911683716,0.9414200186729431,0.058579981327056885,0.061231654218749786,4.744091845333492,0.3642241379310345,0.8344596987184143,2.291060947960617
frame_006,frame_013,6,13,40,7,False,False,518,crash helmet,0.5983083205499397,0.5136490716964914,0.8893479108810425,0.11065208911895752,0.04324556501786016,4.815740765313926,0.2629310344827586,0.7818266883993861,2.9735047821091407
frame_006,frame_014,6,14,40,8,False,False,671,"mountain bike, all-terrain bike, off-roader",0.6349363480350213,0.4542305244286684,0.9027486443519592,0.09725135564804077,0.03404245859758887,4.606156147284878,0.16594827586206898,0.7535284460445559,4.540742843697064
frame_006,frame_015,6,15,40,9,False,False,671,"mountain bike, all-terrain bike, off-roader",0.9049214243927222,0.09990716292706692,0.9501769542694092,0.04982304573059082,0.04860250995107359,4.339087375402315,0.11853448275862069,0.7251365804262453,6.117515878505051
frame_006,frame_016,6,16,40,10,False,False,671,"mountain bike, all-terrain bike, off-roader",0.9935627330716693,0.006458075479284453,0.9935744404792786,0.0064255595207214355,0.07997497054775796,4.117338953832907,0.08189655172413793,0.6149636389598822,7.509029696773299
frame_006,frame_017,6,17,40,11,False,False,671,"mountain bike, all-terrain bike, off-roader",0.9768167261599766,0.023456232908846797,0.9807596802711487,0.01924031972885132,0.0666869726434235,4.05698124188715,0.0625,0.6539501076049673,10.463201721679477
frame_006,frame_000,6,0,50,-6,False,False,671,"mountain bike, all-terrain bike, off-roader",0.9546107046076462,0.04645166076313001,0.9541574120521545,0.04584258794784546,0.1057748390353201,4.2901657463800795,0.021551724137931036,0.2457137347429316,11.401117292072025
frame_006,frame_001,6,1,50,-5,True,False,671,"mountain bike, all-terrain bike, off-roader",0.9963742348045174,0.003632354213752631,0.9955413937568665,0.004458606243133545,0.076811900438662,4.20719188031612,0.03879310344827586,0.46109443121675653,11.88598978247639
frame_006,frame_002,6,2,50,-4,False,False,518,crash helmet,0.7035618490717052,0.3515994900565551,0.9112143516540527,0.08878564834594727,0.04837414986014649,4.184562695797797,0.0603448275862069,0.6393778681504475,10.595404672207415
frame_006,frame_003,6,3,50,-3,False,False,518,crash helmet,0.9878047335030364,0.012270238922084495,0.989581823348999,0.010418176651000977,0.04616862956063411,4.315521569212289,0.08836206896551724,0.663280602172787,7.506395107516418
frame_006,frame_004,6,4,50,-2,False,False,518,crash helmet,0.9949383763939509,0.005074477013899736,0.9946703910827637,0.005329608917236328,0.05701718441609436,4.458590263495712,0.11853448275862069,0.657049446479877,5.543108057575689
frame_006,frame_005,6,5,50,-1,False,False,518,crash helmet,0.993038643346318,0.006985699937548606,0.9936802387237549,0.006319761276245117,0.04295513740373163,4.762186617914304,0.1788793103448276,0.7523335746954872,4.205816610345856
frame_006,frame_007,6,7,50,1,False,False,671,"mountain bike, all-terrain bike, off-roader",0.6586756374587734,0.4175240698115359,0.8750916123390198,0.12490838766098022,0.02239470169608125,5.268916693767951,0.39655172413793105,0.7924615617549614,1.998381329642946
frame_006,frame_008,6,8,50,2,False,True,671,"mountain bike, all-terrain bike, off-roader",0.5124994398692515,0.6684556609082168,0.8674548268318176,0.13254517316818237,0.03190117283587376,5.340082548439055,0.5,0.8024110435193179,1.6048220870386358
frame_006,frame_009,6,9,50,3,False,False,671,"mountain bike, all-terrain bike, off-roader",0.6847909668107084,0.37864164523064225,0.8823761940002441,0.11762380599975586,0.024269286373600832,5.53219515433847,0.5043103448275862,0.7976125511722211,1.5815906997603018
frame_006,frame_010,6,10,50,4,False,False,671,"mountain bike, all-terrain bike, off-roader",0.9299245389014652,0.07265183709310818,0.9486210942268372,0.05137890577316284,0.03660945232367394,5.446905020605351,0.5280172413793104,0.7569599238254932,1.4335894067552195
frame_006,frame_011,6,11,50,5,False,False,671,"mountain bike, all-terrain bike, off-roader",0.954133102114007,0.04695209723021865,0.9651253819465637,0.03487461805343628,0.024911870858074173,5.403274321913313,0.47844827586206895,0.7942021699397745,1.6599540849191685
frame_006,frame_012,6,12,50,6,False,False,671,"mountain bike, all-terrain bike, off-roader",0.9045752253904489,0.10028980967751977,0.9437370300292969,0.056262969970703125,0.04129035040581301,5.143011341758872,0.3642241379310345,0.74291074696996,2.039707612982612
frame_006,frame_013,6,13,50,7,False,False,671,"mountain bike, all-terrain bike, off-roader",0.5674662392442084,0.5665740217147741,0.8834829330444336,0.1165170669555664,0.03342470919104857,5.012958515694137,0.2629310344827586,0.7619933890448433,2.898073217350879
frame_006,frame_014,6,14,50,8,False,False,671,"mountain bike, all-terrain bike, off-roader",0.7522472217885169,0.28469025668117265,0.9168359041213989,0.08316409587860107,0.03244059138623868,4.827289743244673,0.16594827586206898,0.6722065958690133,4.050699486795093
frame_006,frame_015,6,15,50,9,False,False,671,"mountain bike, all-terrain bike, off-roader",0.8948498598100406,0.11109932918181453,0.9469749927520752,0.053025007247924805,0.04937405240182772,4.528723019835905,0.11853448275862069,0.7121655057688647,6.008087175940968
frame_006,frame_016,6,16,50,10,False,False,671,"mountain bike, all-terrain bike, off-roader",0.9929494854963536,0.007075486828748367,0.9934870600700378,0.006512939929962158,0.047797949053085695,4.387815121201065,0.08189655172413793,0.6712250060299646,8.196010599944831
frame_006,frame_017,6,17,50,11,False,False,671,"mountain bike, all-terrain bike, off-roader",0.9777922528423485,0.022458051918326394,0.9805785417556763,0.01942145824432373,0.05987567812981519,4.400173691322486,0.0625,0.5867504166218982,9.388006665950371
frame_007,frame_000,7,0,5,-7,False,True,671,"mountain bike, all-terrain bike, off-roader",0.2611935342076802,1.3424936360681796,0.5756451487541199,0.4243548512458801,0.03159216841409622,5.379854585977137,0.021551724137931036,0.1105197946343911,5.128118471035747
frame_007,frame_001,7,1,5,-6,False,False,671,"mountain bike, all-terrain bike, off-roader",0.2654737252415066,1.3262394065061613,0.6090452671051025,0.39095473289489746,0.037501603254436126,5.275013575944977,0.03879310344827586,0.24918982406290974,6.423559909177229
frame_007,frame_002,7,2,5,-5,False,False,671,"mountain bike, all-terrain bike, off-roader",0.5151424911879743,0.6633117346693873,0.732602596282959,0.267397403717041,0.04223946498846421,5.010561066242381,0.0603448275862069,0.4474967979340234,7.415661222906674
frame_007,frame_003,7,3,5,-4,False,False,518,crash helmet,0.30564376387033143,1.1853350255608521,0.6385321617126465,0.3614678382873535,0.02496861662589547,5.016120888879741,0.08836206896551724,0.5360019600365746,6.0659734013895275
frame_007,frame_004,7,4,5,-3,False,False,802,snowmobile,0.7428274258298003,0.297291527958754,0.8675550222396851,0.13244497776031494,0.024385175943482836,5.079461256234001,0.11853448275862069,0.525041282032207,4.4294391793262555
frame_007,frame_005,7,5,5,-2,False,False,518,crash helmet,0.8992505800764609,0.10619355133965502,0.9196305871009827,0.08036941289901733,0.020010626446650127,5.268659971052399,0.1788793103448276,0.6220043297313965,3.477229024040578
frame_007,frame_006,7,6,5,-1,False,False,518,crash helmet,0.8520300831631423,0.16013344389923745,0.918432354927063,0.08156764507293701,0.013416374145723201,5.4887089969795895,0.26939655172413796,0.6700222678664062,2.4871226583200996
frame_007,frame_008,7,8,5,1,True,False,518,crash helmet,0.9028670137644454,0.10218000798936266,0.9235605001449585,0.0764394998550415,0.014116315545807586,5.771134560983925,0.5,0.7287335581671507,1.4574671163343014
frame_007,frame_009,7,9,5,2,False,False,518,crash helmet,0.649588997680121,0.43141542734688176,0.8157934546470642,0.1842065453529358,0.00843515810641227,5.82861209691155,0.5043103448275862,0.7593059390387777,1.5056322893760379
frame_007,frame_010,7,10,5,3,False,False,518,crash helmet,0.2824705889007727,1.264180843901233,0.6817905902862549,0.3182094097137451,0.008569214637998259,5.858815392807171,0.5280172413793104,0.7497322705394438,1.4199011164502118
frame_007,frame_011,7,11,5,4,False,False,880,"unicycle, monocycle",0.38611987059233377,0.9516074121506088,0.712190568447113,0.28780943155288696,0.007594298489600697,5.800475565705964,0.47844827586206895,0.7404678069326048,1.5476444253005794
frame_007,frame_012,7,12,5,5,False,False,880,"unicycle, monocycle",0.4609842928204579,0.7743913085389278,0.7624669075012207,0.2375330924987793,0.009847540285241863,5.680692004070666,0.3642241379310345,0.6817381433533811,1.871754429088573
frame_007,frame_013,7,13,5,6,False,False,518,crash helmet,0.6710689127770444,0.3988834456787709,0.8253144025802612,0.17468559741973877,0.016770332833448337,5.43872673549155,0.2629310344827586,0.6405081573935688,2.4360310248411143
frame_007,frame_014,7,14,5,7,False,False,518,crash helmet,0.6517015221619596,0.42816860996759853,0.7943504452705383,0.20564955472946167,0.01716260039860538,5.257074538794983,0.16594827586206898,0.5393643030480776,3.2501952807052983
frame_007,frame_015,7,15,5,8,False,False,671,"mountain bike, all-terrain bike, off-roader",0.34180313179484445,1.07352034568948,0.7146630883216858,0.2853369116783142,0.021640161252626314,5.209138924143918,0.11853448275862069,0.5313040898168313,4.482274503181995
frame_007,frame_016,7,16,5,9,False,False,671,"mountain bike, all-terrain bike, off-roader",0.6969059770074442,0.36110477401045316,0.8201878070831299,0.17981219291687012,0.023892726834016872,5.22921506993442,0.08189655172413793,0.43133148436383456,5.266784440653138
frame_007,frame_017,7,17,5,10,False,False,671,"mountain bike, all-terrain bike, off-roader",0.5171396254116319,0.6594423724411866,0.7634451389312744,0.23655486106872559,0.022047579541661196,5.282071682477163,0.0625,0.3653679665923264,5.845887465477222
frame_007,frame_000,7,0,10,-7,False,False,671,"mountain bike, all-terrain bike, off-roader",0.8614038041756757,0.14919189010106848,0.889838457107544,0.11016154289245605,0.11838291593547469,4.450849845650995,0.021551724137931036,0.2649282882988323,12.292672577065819
frame_007,frame_001,7,1,10,-6,True,False,671,"mountain bike, all-terrain bike, off-roader",0.9667286319325044,0.03383745173098429,0.9653615951538086,0.034638404846191406,0.08967112749419444,4.325024912012409,0.03879310344827586,0.38706119321907645,9.97757742520286
frame_007,frame_002,7,2,10,-5,False,False,671,"mountain bike, all-terrain bike, off-roader",0.7798379110470317,0.24866918724319031,0.8816632032394409,0.11833679676055908,0.0698965051466043,4.2131543975595305,0.0603448275862069,0.5571634390812352,9.232994133346184
frame_007,frame_003,7,3,10,-4,False,False,518,crash helmet,0.7680526466021022,0.2638969979207729,0.8401228189468384,0.15987718105316162,0.07530201203810578,4.246695644356248,0.08836206896551724,0.6599897451161214,7.469152237411715
frame_007,frame_004,7,4,10,-3,False,False,518,crash helmet,0.9193822503612465,0.08405330147262635,0.9329401850700378,0.06705981492996216,0.07821863837990072,4.456120166589794,0.11853448275862069,0.6081122892830897,5.130256404133702
frame_007,frame_005,7,5,10,-2,False,False,518,crash helmet,0.9493888975447128,0.05193676711413442,0.9647940993309021,0.0352059006690979,0.06320097042913024,4.655884572290798,0.1788793103448276,0.6971282791748358,3.8971990546641417
frame_007,frame_006,7,6,10,-1,False,False,518,crash helmet,0.893147082153514,0.11300400600909555,0.9398333430290222,0.06016665697097778,0.04366365472829654,4.981140492614308,0.26939655172413796,0.7230159106275914,2.6838350602496193
frame_007,frame_008,7,8,10,1,False,False,518,crash helmet,0.554016975291556,0.5905599513837907,0.8369927406311035,0.16300725936889648,0.03201954861407005,5.361142636514421,0.5,0.8144371003748083,1.6288742007496166
frame_007,frame_009,7,9,10,2,False,False,518,crash helmet,0.5128864395984892,0.6677008236213724,0.806156575679779,0.19384342432022095,0.015494012325635135,5.564662350222015,0.5043103448275862,0.8124612756235321,1.6110343243133287
frame_007,frame_010,7,10,10,3,False,False,671,"mountain bike, all-terrain bike, off-roader",0.4245365855839464,0.8567570918232663,0.7656325101852417,0.2343674898147583,0.025604935110730868,5.590896206948171,0.5280172413793104,0.784971596508292,1.4866400848157038
frame_007,frame_011,7,11,10,4,False,True,665,moped,0.32076612453118475,1.137043005413445,0.7129430174827576,0.28705698251724243,0.03291591664706943,5.337476535948005,0.47844827586206895,0.814894880617919,1.7032037144446597
frame_007,frame_012,7,12,10,5,False,False,665,moped,0.5451850161520239,0.6066300627508858,0.8030433654785156,0.19695663452148438,0.03373704873597252,5.173073602397647,0.3642241379310345,0.7201953553926929,1.9773410940959142
frame_007,frame_013,7,13,10,6,False,False,518,crash helmet,0.6471615807028595,0.43515927732548665,0.8746757507324219,0.12532424926757812,0.029436453788975508,4.985395352176367,0.2629310344827586,0.736258524968167,2.8001963572559796
frame_007,frame_014,7,14,10,7,False,False,518,crash helmet,0.7294942492661145,0.31540379416741526,0.8680081963539124,0.13199180364608765,0.045666430612960246,4.792070205968393,0.16594827586206898,0.6677227011198001,4.023679653501133
frame_007,frame_015,7,15,10,8,False,False,671,"mountain bike, all-terrain bike, off-roader",0.39960620273045816,0.9172757099797151,0.7942951917648315,0.20570480823516846,0.08357600993851116,4.528080172334849,0.11853448275862069,0.682681808551575,5.759351984871469
frame_007,frame_016,7,16,10,9,False,False,671,"mountain bike, all-terrain bike, off-roader",0.7155274244259394,0.3347353516832179,0.8772700428962708,0.12272995710372925,0.08222204478566843,4.472309590261057,0.08189655172413793,0.6196818283142675,7.566641272047899
frame_007,frame_017,7,17,10,10,False,False,671,"mountain bike, all-terrain bike, off-roader",0.7188795817492876,0.3300614154692596,0.8839511275291443,0.11604887247085571,0.09188232647195352,4.445662061492477,0.0625,0.5393975527818007,8.630360844508811
frame_007,frame_000,7,0,20,-7,False,False,671,"mountain bike, all-terrain bike, off-roader",0.8859889148511209,0.12105083991004184,0.9167872667312622,0.08321273326873779,0.08287945523438794,4.9019961654433395,0.021551724137931036,0.23908784998681049,11.093676239388007
frame_007,frame_001,7,1,20,-6,True,False,671,"mountain bike, all-terrain bike, off-roader",0.9927713067966377,0.007254946802059514,0.9911448359489441,0.008855164051055908,0.07396590662165621,4.880456371344357,0.03879310344827586,0.3221883613405784,8.305299981223797
frame_007,frame_002,7,2,20,-5,False,False,671,"mountain bike, all-terrain bike, off-roader",0.9467672416459232,0.054702000962917996,0.9667537808418274,0.03324621915817261,0.10117789566750937,4.541466187249332,0.0603448275862069,0.46067869976792625,7.634104167582778
frame_007,frame_003,7,3,20,-4,False,False,518,crash helmet,0.6614703851102253,0.41329006572601323,0.863913893699646,0.136086106300354,0.07462537814254917,4.58461892622228,0.08836206896551724,0.5450417539464341,6.168277410515742
frame_007,frame_004,7,4,20,-3,False,False,518,crash helmet,0.881026609660406,0.12666744957427079,0.9289722442626953,0.07102775573730469,0.0886779486003771,4.7224886337859395,0.11853448275862069,0.5146730920044842,4.341969358001466
frame_007,frame_005,7,5,20,-2,False,False,518,crash helmet,0.825642712063418,0.19159315102008723,0.9302311539649963,0.06976884603500366,0.09052224529516317,4.953204186459795,0.1788793103448276,0.5854106947240909,3.2726573777346766
frame_007,frame_006,7,6,20,-1,False,False,671,"mountain bike, all-terrain bike, off-roader",0.7313213864851427,0.31290226265705634,0.9131958484649658,0.08680415153503418,0.058153195200068133,5.119088321471431,0.26939655172413796,0.6499785476449577,2.4127203688580825
frame_007,frame_008,7,8,20,1,False,False,671,"mountain bike, all-terrain bike, off-roader",0.7973892753253264,0.22641229367972215,0.899945855140686,0.10005414485931396,0.04893213545599879,5.498094892861847,0.5,0.7325288708518725,1.465057741703745
frame_007,frame_009,7,9,20,2,False,False,671,"mountain bike, all-terrain bike, off-roader",0.8313612771096894,0.18469082877186072,0.9049482941627502,0.09505170583724976,0.018074201478864724,5.715886918563674,0.5043103448275862,0.7329090652663092,1.453289770442596
frame_007,frame_010,7,10,20,3,False,False,671,"mountain bike, all-terrain bike, off-roader",0.8950639750010992,0.11086008281373161,0.9257615208625793,0.07423847913742065,0.018521810092208862,5.774853681695902,0.5280172413793104,0.6746447166192053,1.2776944837196378
frame_007,frame_011,7,11,20,4,False,False,671,"mountain bike, all-terrain bike, off-roader",0.6966993500961539,0.36140130977819984,0.8579810857772827,0.14201891422271729,0.027803955873504527,5.676898584917261,0.47844827586206895,0.7079706807149836,1.4797225038367225
frame_007,frame_012,7,12,20,5,False,True,671,"mountain bike, all-terrain bike, off-roader",0.5961584076274612,0.5172488626214253,0.8506667613983154,0.14933323860168457,0.03848996428583789,5.446105627195511,0.3642241379310345,0.6383737081795928,1.7526946780788821
frame_007,frame_013,7,13,20,6,False,False,518,crash helmet,0.5254472293434428,0.6435055136058478,0.8776198625564575,0.12238013744354248,0.03598272818137287,5.299221612544379,0.2629310344827586,0.6393078185938958,2.431465801865309
frame_007,frame_014,7,14,20,7,False,False,671,"mountain bike, all-terrain bike, off-roader",0.6319177479013254,0.4589960390307204,0.89649897813797,0.10350102186203003,0.03333852767666298,5.166859438477762,0.16594827586206898,0.5077185470472572,3.0594987770120428
frame_007,frame_015,7,15,20,8,False,False,671,"mountain bike, all-terrain bike, off-roader",0.9559709295318927,0.045027774832524514,0.9662148952484131,0.033785104751586914,0.05927275851663622,4.953043446210444,0.11853448275862069,0.5176274400778207,4.366893312656524
frame_007,frame_016,7,16,20,9,False,False,671,"mountain bike, all-terrain bike, off-roader",0.981803250487009,0.018364346621142502,0.9838789701461792,0.0161210298538208,0.053486358312480074,4.924350172459595,0.08189655172413793,0.43426629245333365,5.302619992061758
frame_007,frame_017,7,17,20,10,False,False,671,"mountain bike, all-terrain bike, off-roader",0.9882681975329975,0.011801163078597021,0.9888209700584412,0.011179029941558838,0.057662112663068546,4.783346657965932,0.0625,0.3689108115787819,5.902572985260511
frame_007,frame_000,7,0,30,-7,False,False,671,"mountain bike, all-terrain bike, off-roader",0.8706492526645351,0.1385160782220881,0.8820663690567017,0.11793363094329834,0.02654067082835833,5.487875117155428,0.021551724137931036,0.06485818687023209,3.009419870778769
frame_007,frame_001,7,1,30,-6,False,False,671,"mountain bike, all-terrain bike, off-roader",0.98940709463756,0.010649409567825785,0.9879802465438843,0.012019753456115723,0.031087923395751678,5.55789510293211,0.03879310344827586,0.1316984537374245,3.394893474120276
frame_007,frame_002,7,2,30,-5,False,False,518,crash helmet,0.6866567880407043,0.3759206923185934,0.9040459990501404,0.09595400094985962,0.026024296720334256,5.629017318953756,0.0603448275862069,0.1979412479655982,3.2801692520013415
frame_007,frame_003,7,3,30,-4,False,False,518,crash helmet,0.9641564240362916,0.03650173193741668,0.9680272936820984,0.03197270631790161,0.01872976253546515,5.532390892992773,0.08836206896551724,0.2300264489444043,2.603226153907405
frame_007,frame_004,7,4,30,-3,False,False,518,crash helmet,0.9727828524257717,0.027594394955021195,0.9766943454742432,0.023305654525756836,0.02575624297430558,5.571120258776478,0.11853448275862069,0.3028654027903622,2.5550826708132375
frame_007,frame_005,7,5,30,-2,True,False,518,crash helmet,0.9850936239201249,0.015018592661879993,0.9881370067596436,0.011862993240356445,0.0316121581363072,5.526203333489398,0.1788793103448276,0.36854652187446224,2.0603082668644634
frame_007,frame_006,7,6,30,-1,False,False,518,crash helmet,0.8403113174465031,0.1739828397981844,0.9351622462272644,0.0648377537727356,0.017547851971529325,5.6307153929043094,0.26939655172413796,0.4184782247190478,1.5533911701571053
frame_007,frame_008,7,8,30,1,False,True,671,"mountain bike, all-terrain bike, off-roader",0.6483312551718183,0.4333535169933489,0.871545672416687,0.128454327583313,0.03135426685131031,5.65816942975855,0.5,0.5944357557694395,1.188871511538879
frame_007,frame_009,7,9,30,2,False,False,671,"mountain bike, all-terrain bike, off-roader",0.7332140392251599,0.3103176153205274,0.8778550028800964,0.12214499711990356,0.024788766779418277,5.721206590218224,0.5043103448275862,0.6176505635397036,1.2247429977881303
frame_007,frame_010,7,10,30,3,False,False,671,"mountain bike, all-terrain bike, off-roader",0.9042004469589676,0.1007042098074793,0.9321157932281494,0.06788420677185059,0.01918652464993612,5.713104498086542,0.5280172413793104,0.648346365639471,1.2278886271702634
frame_007,frame_011,7,11,30,4,False,False,671,"mountain bike, all-terrain bike, off-roader",0.9220909964415563,0.08111136567345856,0.9455710649490356,0.054428935050964355,0.021792868619548853,5.647177529217296,0.47844827586206895,0.6403524631977686,1.3383943374944354
frame_007,frame_012,7,12,30,5,False,False,671,"mountain bike, all-terrain bike, off-roader",0.8536264299320886,0.15826161657317428,0.9208644032478333,0.07913559675216675,0.01760328379580478,5.618904008304304,0.3642241379310345,0.5450957509988855,1.4965942512632124
frame_007,frame_013,7,13,30,6,False,False,518,crash helmet,0.6767811162265223,0.39040737263593606,0.8995032906532288,0.10049670934677124,0.02272932236635633,5.585417768042489,0.2629310344827586,0.454453948995455,1.728415019130255
frame_007,frame_014,7,14,30,7,False,False,518,crash helmet,0.6624933558680278,0.4117447500504978,0.9053700566291809,0.09462994337081909,0.023450046630137583,5.567552580558623,0.16594827586206898,0.34000136684261684,2.048839405389275
frame_007,frame_015,7,15,30,8,False,False,671,"mountain bike, all-terrain bike, off-roader",0.8020929992423583,0.22053071868330543,0.9185405373573303,0.08145946264266968,0.0298072712040159,5.583133937117138,0.11853448275862069,0.3074231794989073,2.5935337324998726
frame_007,frame_016,7,16,30,9,False,False,671,"mountain bike, all-terrain bike, off-roader",0.9784452148122083,0.021790482663667454,0.9828587770462036,0.017141222953796387,0.02547630300458857,5.620267614276027,0.08189655172413793,0.1859847371611368,2.2709715274412496
frame_007,frame_017,7,17,30,10,False,False,671,"mountain bike, all-terrain bike, off-roader",0.9651301838795096,0.0354922811674685,0.9726696610450745,0.027330338954925537,0.020757719823937235,5.621275699252687,0.0625,0.12562566947629258,2.0100107116206813
frame_007,frame_000,7,0,40,-7,False,False,671,"mountain bike, all-terrain bike, off-roader",0.9473451141412879,0.054091823312655274,0.9494358897209167,0.05056411027908325,0.07776705915985725,4.302747093660333,0.021551724137931036,0.2601360190481041,12.070311283832028
frame_007,frame_001,7,1,40,-6,True,False,671,"mountain bike, all-terrain bike, off-roader",0.9953698795321135,0.004640872677849295,0.9941372871398926,0.005862712860107422,0.12267884727221252,3.8382049572055807,0.03879310344827586,0.42938598258382743,11.068616439938662
frame_007,frame_002,7,2,40,-5,False,False,518,crash helmet,0.564299635568067,0.5721698998196436,0.8962178230285645,0.10378217697143555,0.07132346981060315,3.9300304435604776,0.0603448275862069,0.6625083785173923,10.97871027257393
frame_007,frame_003,7,3,40,-4,False,False,518,crash helmet,0.9885130365596286,0.01155344823422233,0.9886026382446289,0.011397361755371094,0.0627050630991313,4.12276857106369,0.08836206896551724,0.7324175084801741,8.288822534995141
frame_007,frame_004,7,4,40,-3,False,False,518,crash helmet,0.9920180452486398,0.008013981087875877,0.9917517304420471,0.00824826955795288,0.04539647005602892,4.315803198319916,0.11853448275862069,0.6281880872621105,5.299623136174896
frame_007,frame_005,7,5,40,-2,False,False,518,crash helmet,0.9914156208823095,0.008621437132554366,0.992138147354126,0.007861852645874023,0.04913474637034672,4.585867475010456,0.1788793103448276,0.7537575137397652,4.2137769442801325
frame_007,frame_006,7,6,40,-1,False,False,518,crash helmet,0.8594996024754614,0.15140491666607492,0.9382147789001465,0.061785221099853516,0.042439598863958795,4.832313445327593,0.26939655172413796,0.769516296374645,2.856444492142682
frame_007,frame_008,7,8,40,1,False,False,671,"mountain bike, all-terrain bike, off-roader",0.5915707216099243,0.5249740395494746,0.8618683815002441,0.13813161849975586,0.05536812522582478,5.0581735536048065,0.5,0.8108733875436309,1.6217467750872618
frame_007,frame_009,7,9,40,2,False,True,671,"mountain bike, all-terrain bike, off-roader",0.6230578160004586,0.4731159619316214,0.8577867746353149,0.14221322536468506,0.03227056956857944,5.1613895838876935,0.5043103448275862,0.8820252430365747,1.7489731314913277
frame_007,frame_010,7,10,40,3,False,False,671,"mountain bike, all-terrain bike, off-roader",0.7321423158703995,0.3117803633300813,0.8621779680252075,0.13782203197479248,0.03108812105579057,5.188976725729064,0.5280172413793104,0.8693434750698796,1.6464300915609147
frame_007,frame_011,7,11,40,4,False,False,671,"mountain bike, all-terrain bike, off-roader",0.6485741081551729,0.43297900549380497,0.8906844854354858,0.10931551456451416,0.032291829405775525,5.061058280077618,0.47844827586206895,0.8559246386528404,1.7889596051122432
frame_007,frame_012,7,12,40,5,False,False,671,"mountain bike, all-terrain bike, off-roader",0.904948032921752,0.09987775911683716,0.9414200186729431,0.058579981327056885,0.060625795234611285,4.782412519194029,0.3642241379310345,0.8340779077820615,2.2900127172241214
frame_007,frame_013,7,13,40,6,False,False,518,crash helmet,0.5983083205499397,0.5136490716964914,0.8893479108810425,0.11065208911895752,0.04239825547896156,4.838312460951537,0.2629310344827586,0.7895885065514895,3.0030251396712386
frame_007,frame_014,7,14,40,7,False,False,671,"mountain bike, all-terrain bike, off-roader",0.6349363480350213,0.4542305244286684,0.9027486443519592,0.09725135564804077,0.03280950683218921,4.64934998637475,0.16594827586206898,0.7481993061888006,4.508629585345499
frame_007,frame_015,7,15,40,8,False,False,671,"mountain bike, all-terrain bike, off-roader",0.9049214243927222,0.09990716292706692,0.9501769542694092,0.04982304573059082,0.05221368058007651,4.37854518699862,0.11853448275862069,0.7280568377127222,6.142152230885511
frame_007,frame_016,7,16,40,9,False,False,671,"mountain bike, all-terrain bike, off-roader",0.9935627330716693,0.006458075479284453,0.9935744404792786,0.0064255595207214355,0.07331662635172612,4.172617204607338,0.08189655172413793,0.6231135945560228,7.608544944052489
frame_007,frame_017,7,17,40,10,False,False,671,"mountain bike, all-terrain bike, off-roader",0.9768167261599766,0.023456232908846797,0.9807596802711487,0.01924031972885132,0.0676173870235689,4.070626993705111,0.0625,0.6590567448791652,10.544907918066643
frame_007,frame_000,7,0,50,-7,False,False,671,"mountain bike, all-terrain bike, off-roader",0.9546107046076462,0.04645166076313001,0.9541574120521545,0.04584258794784546,0.11136816293115787,4.29029068150997,0.021551724137931036,0.2315509993824366,10.743966371345056
frame_007,frame_001,7,1,50,-6,True,False,671,"mountain bike, all-terrain bike, off-roader",0.9963742348045174,0.003632354213752631,0.9955413937568665,0.004458606243133545,0.06721489797004018,4.231287188905731,0.03879310344827586,0.47832139714154526,12.330062681870944
frame_007,frame_002,7,2,50,-5,False,False,518,crash helmet,0.7035618490717052,0.3515994900565551,0.9112143516540527,0.08878564834594727,0.049162825107191756,4.206746455731726,0.0603448275862069,0.6458961764038538,10.703422351835291
frame_007,frame_003,7,3,50,-4,False,False,518,crash helmet,0.9878047335030364,0.012270238922084495,0.989581823348999,0.010418176651000977,0.04214105776542374,4.342063683546108,0.08836206896551724,0.6794496828177943,7.689381776279428
frame_007,frame_004,7,4,50,-3,False,False,518,crash helmet,0.9949383763939509,0.005074477013899736,0.9946703910827637,0.005329608917236328,0.060381569571556194,4.473835946257747,0.11853448275862069,0.6654024794383496,5.613577281079895
frame_007,frame_005,7,5,50,-2,False,False,518,crash helmet,0.993038643346318,0.006985699937548606,0.9936802387237549,0.006319761276245117,0.031300831952020956,4.79197422325857,0.1788793103448276,0.7352803544586626,4.110482945407463
frame_007,frame_006,7,6,50,-1,False,False,518,crash helmet,0.8631374480776183,0.14718133281961698,0.9411226511001587,0.05887734889984131,0.030491204964888923,5.047196949830939,0.26939655172413796,0.7599314894579582,2.8208656888679404
frame_007,frame_008,7,8,50,1,False,True,671,"mountain bike, all-terrain bike, off-roader",0.5124994398692515,0.6684556609082168,0.8674548268318176,0.13254517316818237,0.03346374601527733,5.307581251439374,0.5,0.812082700969114,1.624165401938228
frame_007,frame_009,7,9,50,2,False,False,671,"mountain bike, all-terrain bike, off-roader",0.6847909668107084,0.37864164523064225,0.8823761940002441,0.11762380599975586,0.0223253647826193,5.536863632376393,0.5043103448275862,0.8125217415061146,1.611154222473663
frame_007,frame_010,7,10,50,3,False,False,671,"mountain bike, all-terrain bike, off-roader",0.9299245389014652,0.07265183709310818,0.9486210942268372,0.05137890577316284,0.030819952937885482,5.460261489134578,0.5280172413793104,0.7666520652584108,1.451945135836337
frame_007,frame_011,7,11,50,4,False,False,671,"mountain bike, all-terrain bike, off-roader",0.954133102114007,0.04695209723021865,0.9651253819465637,0.03487461805343628,0.02627788711483887,5.378738341213438,0.47844827586206895,0.8220804187304809,1.7182221364456898
frame_007,frame_012,7,12,50,5,False,False,671,"mountain bike, all-terrain bike, off-roader",0.9045752253904489,0.10028980967751977,0.9437370300292969,0.056262969970703125,0.04355632492173737,5.143061564734868,0.3642241379310345,0.7439642972838252,2.042600200826597
frame_007,frame_013,7,13,50,6,False,False,671,"mountain bike, all-terrain bike, off-roader",0.5674662392442084,0.5665740217147741,0.8834829330444336,0.1165170669555664,0.027559757263496524,5.032729975725004,0.2629310344827586,0.7593724106900737,2.8881049062310997
frame_007,frame_014,7,14,50,7,False,False,671,"mountain bike, all-terrain bike, off-roader",0.7522472217885169,0.28469025668117265,0.9168359041213989,0.08316409587860107,0.030575514178064877,4.845508768094432,0.16594827586206898,0.6644109705993181,4.003723251403683
frame_007,frame_015,7,15,50,8,False,False,671,"mountain bike, all-terrain bike, off-roader",0.8948498598100406,0.11109932918181453,0.9469749927520752,0.053025007247924805,0.046954125582484636,4.548633175986486,0.11853448275862069,0.7170306256903191,6.049131096732873
frame_007,frame_016,7,16,50,9,False,False,671,"mountain bike, all-terrain bike, off-roader",0.9929494854963536,0.007075486828748367,0.9934870600700378,0.006512939929962158,0.053659606401717776,4.418353467779738,0.08189655172413793,0.6712826333547052,8.196714259910085
frame_007,frame_017,7,17,50,10,False,False,671,"mountain bike, all-terrain bike, off-roader",0.9777922528423485,0.022458051918326394,0.9805785417556763,0.01942145824432373,0.07314939136042328,4.432014844087292,0.0625,0.584253252629664,9.348052042074624
frame_008,frame_000,8,0,5,-8,False,True,671,"mountain bike, all-terrain bike, off-roader",0.2611935342076802,1.3424936360681796,0.5756451487541199,0.4243548512458801,0.027002176525884977,5.512064051330241,0.021551724137931036,0.10046287069346814,4.661477200176922
frame_008,frame_001,8,1,5,-7,False,False,671,"mountain bike, all-terrain bike, off-roader",0.2654737252415066,1.3262394065061613,0.6090452671051025,0.39095473289489746,0.034560486231235144,5.400241786381525,0.03879310344827586,0.22689473757208525,5.84884212408042
frame_008,frame_002,8,2,5,-6,False,False,671,"mountain bike, all-terrain bike, off-roader",0.5151424911879743,0.6633117346693873,0.732602596282959,0.267397403717041,0.035581092834410466,5.164034562670984,0.0603448275862069,0.41433634321177043,6.866145116080767
frame_008,frame_003,8,3,5,-5,False,False,518,crash helmet,0.30564376387033143,1.1853350255608521,0.6385321617126465,0.3614678382873535,0.02148212894841072,5.174597205678767,0.08836206896551724,0.4928288941523116,5.577380655772503
frame_008,frame_004,8,4,5,-4,False,False,802,snowmobile,0.7428274258298003,0.297291527958754,0.8675550222396851,0.13244497776031494,0.02275140824705284,5.214482004996015,0.11853448275862069,0.4825187902970162,4.070703976323919
frame_008,frame_005,8,5,5,-3,True,False,518,crash helmet,0.8992505800764609,0.10619355133965502,0.9196305871009827,0.08036941289901733,0.021700830733911172,5.380246189967151,0.1788793103448276,0.5805286050247629,3.2453647317046985
frame_008,frame_006,8,6,5,-2,False,False,518,crash helmet,0.8520300831631423,0.16013344389923745,0.918432354927063,0.08156764507293701,0.013663114901327494,5.5715586913580974,0.26939655172413796,0.6366161003321269,2.363118964432855
frame_008,frame_007,8,7,5,-1,False,False,880,"unicycle, monocycle",0.6458730890815707,0.43715225102972344,0.871300995349884,0.12869900465011597,0.009794995135333365,5.762698277604404,0.39655172413793105,0.6727485961172446,1.696496459773921
frame_008,frame_009,8,9,5,1,False,False,518,crash helmet,0.649588997680121,0.43141542734688176,0.8157934546470642,0.1842065453529358,0.009174631800460856,5.865624827626082,0.5043103448275862,0.7407950997050847,1.4689270353126467
frame_008,frame_010,8,10,5,2,False,False,518,crash helmet,0.2824705889007727,1.264180843901233,0.6817905902862549,0.3182094097137451,0.008401068856448974,5.884934970725724,0.5280172413793104,0.7340621510792597,1.390223828982761
frame_008,frame_011,8,11,5,3,False,False,880,"unicycle, monocycle",0.38611987059233377,0.9516074121506088,0.712190568447113,0.28780943155288696,0.00790481274887507,5.838717312427299,0.47844827586206895,0.7244806980620815,1.5142299274811073
frame_008,frame_012,8,12,5,4,False,False,880,"unicycle, monocycle",0.4609842928204579,0.7743913085389278,0.7624669075012207,0.2375330924987793,0.008457146710055171,5.729385795251998,0.3642241379310345,0.6576540999862625,1.8056301916782591
frame_008,frame_013,8,13,5,5,False,False,518,crash helmet,0.6710689127770444,0.3988834456787709,0.8253144025802612,0.17468559741973877,0.016458649205584333,5.518719045066618,0.2629310344827586,0.6160179464569562,2.3428879275084236
frame_008,frame_014,8,14,5,6,False,False,518,crash helmet,0.6517015221619596,0.42816860996759853,0.7943504452705383,0.20564955472946167,0.016287872739078883,5.350541080793167,0.16594827586206898,0.5185138456109544,3.124550965759517
frame_008,frame_015,8,15,5,7,False,False,671,"mountain bike, all-terrain bike, off-roader",0.34180313179484445,1.07352034568948,0.7146630883216858,0.2853369116783142,0.021184576467132354,5.302826536026917,0.11853448275862069,0.500241405886656,4.220218406025607
frame_008,frame_016,8,16,5,8,False,False,671,"mountain bike, all-terrain bike, off-roader",0.6969059770074442,0.36110477401045316,0.8201878070831299,0.17981219291687012,0.022726874772161416,5.328555127157238,0.08189655172413793,0.4085710481655618,4.988867535495281
frame_008,frame_017,8,17,5,9,False,False,671,"mountain bike, all-terrain bike, off-roader",0.5171396254116319,0.6594423724411866,0.7634451389312744,0.23655486106872559,0.022604800863787442,5.3664729491452565,0.0625,0.35085364777340017,5.613658364374403
frame_008,frame_000,8,0,10,-8,False,False,671,"mountain bike, all-terrain bike, off-roader",0.8614038041756757,0.14919189010106848,0.889838457107544,0.11016154289245605,0.11666339059030609,4.578563125492756,0.021551724137931036,0.24990977654903818,11.595813631875371
frame_008,frame_001,8,1,10,-7,True,False,671,"mountain bike, all-terrain bike, off-roader",0.9667286319325044,0.03383745173098429,0.9653615951538086,0.034638404846191406,0.07861331036718908,4.412241642227564,0.03879310344827586,0.361845228199507,9.32756588247618
frame_008,frame_002,8,2,10,-6,False,False,671,"mountain bike, all-terrain bike, off-roader",0.7798379110470317,0.24866918724319031,0.8816632032394409,0.11833679676055908,0.057525787684873424,4.3079924473913245,0.0603448275862069,0.5252956525862705,8.70489938571534
frame_008,frame_003,8,3,10,-5,False,False,518,crash helmet,0.7680526466021022,0.2638969979207729,0.8401228189468384,0.15987718105316162,0.07479190311968986,4.365054725509177,0.08836206896551724,0.6283561424120581,7.1111524409559745
frame_008,frame_004,8,4,10,-4,False,False,518,crash helmet,0.9193822503612465,0.08405330147262635,0.9329401850700378,0.06705981492996216,0.06996242714357966,4.564118527940216,0.11853448275862069,0.5807832943967699,4.899699065456386
frame_008,frame_005,8,5,10,-3,False,False,518,crash helmet,0.9493888975447128,0.05193676711413442,0.9647940993309021,0.0352059006690979,0.0524492412986826,4.748023105139048,0.1788793103448276,0.6657296977182134,3.721669635436759
frame_008,frame_006,8,6,10,-2,False,False,518,crash helmet,0.893147082153514,0.11300400600909555,0.9398333430290222,0.06016665697097778,0.03828600469071479,5.085972739292094,0.26939655172413796,0.6947980869468704,2.579090498746783
frame_008,frame_007,8,7,10,-1,False,False,880,"unicycle, monocycle",0.7246691912756958,0.3220400161540531,0.8733993172645569,0.12660068273544312,0.03763731149804332,5.2812051434109435,0.39655172413793105,0.7860369684860119,1.9821801813995081
frame_008,frame_009,8,9,10,1,False,False,518,crash helmet,0.5128864395984892,0.6677008236213724,0.806156575679779,0.19384342432022095,0.016868328229507717,5.5674892791916175,0.5043103448275862,0.8139674465079594,1.6140209195713384
frame_008,frame_010,8,10,10,2,False,False,671,"mountain bike, all-terrain bike, off-roader",0.4245365855839464,0.8567570918232663,0.7656325101852417,0.2343674898147583,0.0225149095110658,5.609557861085012,0.5280172413793104,0.7814489351942662,1.4799685956332223
frame_008,frame_011,8,11,10,3,False,True,665,moped,0.32076612453118475,1.137043005413445,0.7129430174827576,0.28705698251724243,0.027855716319084615,5.3737723550442364,0.47844827586206895,0.810624758026113,1.6942787735320561
frame_008,frame_012,8,12,10,4,False,False,665,moped,0.5451850161520239,0.6066300627508858,0.8030433654785156,0.19695663452148438,0.027475049279555828,5.244671448098961,0.3642241379310345,0.7113562663690047,1.9530728260072083
frame_008,frame_013,8,13,10,5,False,False,518,crash helmet,0.6471615807028595,0.43515927732548665,0.8746757507324219,0.12532424926757812,0.02776147290271536,5.070197147121581,0.2629310344827586,0.7228957258640956,2.749373908204429
frame_008,frame_014,8,14,10,6,False,False,518,crash helmet,0.7294942492661145,0.31540379416741526,0.8680081963539124,0.13199180364608765,0.040709014343217616,4.874907008324057,0.16594827586206898,0.6536301178377892,3.9387581126848596
frame_008,frame_015,8,15,10,7,False,False,671,"mountain bike, all-terrain bike, off-roader",0.39960620273045816,0.9172757099797151,0.7942951917648315,0.20570480823516846,0.07192933680983234,4.637638994279243,0.11853448275862069,0.653927367689544,5.516769065599061
frame_008,frame_016,8,16,10,8,False,False,671,"mountain bike, all-terrain bike, off-roader",0.7155274244259394,0.3347353516832179,0.8772700428962708,0.12272995710372925,0.06683760100044796,4.568057639294947,0.08189655172413793,0.5925434210617395,7.235267036122293
frame_008,frame_017,8,17,10,9,False,False,671,"mountain bike, all-terrain bike, off-roader",0.7188795817492876,0.3300614154692596,0.8839511275291443,0.11604887247085571,0.0784971512377094,4.5561642658793025,0.0625,0.5210037001048052,8.336059201676884
frame_008,frame_000,8,0,20,-8,False,False,671,"mountain bike, all-terrain bike, off-roader",0.8859889148511209,0.12105083991004184,0.9167872667312622,0.08321273326873779,0.06968145720326463,5.094111049198684,0.021551724137931036,0.2074395825790876,9.625196631669663
frame_008,frame_001,8,1,20,-7,True,False,671,"mountain bike, all-terrain bike, off-roader",0.9927713067966377,0.007254946802059514,0.9911448359489441,0.008855164051055908,0.06517335074733878,5.032834201798971,0.03879310344827586,0.2972714867819717,7.66299832593527
frame_008,frame_002,8,2,20,-6,False,False,671,"mountain bike, all-terrain bike, off-roader",0.9467672416459232,0.054702000962917996,0.9667537808418274,0.03324621915817261,0.07803101628702905,4.673665649543834,0.0603448275862069,0.4315107842852034,7.15075013958337
frame_008,frame_003,8,3,20,-5,False,False,518,crash helmet,0.6614703851102253,0.41329006572601323,0.863913893699646,0.136086106300354,0.07204398543741211,4.703194645553657,0.08836206896551724,0.5233864841032215,5.923203137168166
frame_008,frame_004,8,4,20,-4,False,False,518,crash helmet,0.881026609660406,0.12666744957427079,0.9289722442626953,0.07102775573730469,0.06546456447822825,4.842594890437984,0.11853448275862069,0.4885827784115361,4.121861985144595
frame_008,frame_005,8,5,20,-3,False,False,518,crash helmet,0.825642712063418,0.19159315102008723,0.9302311539649963,0.06976884603500366,0.0630849970581762,5.0850696862543305,0.1788793103448276,0.5498258855231524,3.073725432322201
frame_008,frame_006,8,6,20,-2,False,False,671,"mountain bike, all-terrain bike, off-roader",0.7313213864851427,0.31290226265705634,0.9131958484649658,0.08680415153503418,0.04672380074754061,5.293458115194133,0.26939655172413796,0.627819904060381,2.330467483872134
frame_008,frame_007,8,7,20,-1,False,False,671,"mountain bike, all-terrain bike, off-roader",0.9535044964186333,0.04761113825416308,0.9657359719276428,0.03426402807235718,0.023766790039542494,5.5380179120555555,0.39655172413793105,0.7059640361710229,1.7802571346921445
frame_008,frame_009,8,9,20,1,False,False,671,"mountain bike, all-terrain bike, off-roader",0.8313612771096894,0.18469082877186072,0.9049482941627502,0.09505170583724976,0.012952839013856708,5.753518377167067,0.5043103448275862,0.7394969673590537,1.466352960917098
frame_008,frame_010,8,10,20,2,False,False,671,"mountain bike, all-terrain bike, off-roader",0.8950639750010992,0.11086008281373161,0.9257615208625793,0.07423847913742065,0.013312528718474104,5.818801978570739,0.5280172413793104,0.6862207317649032,1.299618038934347
frame_008,frame_011,8,11,20,3,False,False,671,"mountain bike, all-terrain bike, off-roader",0.6966993500961539,0.36140130977819984,0.8579810857772827,0.14201891422271729,0.023421452966398196,5.726014740196563,0.47844827586206895,0.7164744454407679,1.4974961382185419
frame_008,frame_012,8,12,20,4,False,True,671,"mountain bike, all-terrain bike, off-roader",0.5961584076274612,0.5172488626214253,0.8506667613983154,0.14933323860168457,0.03392287752984179,5.499910299827743,0.3642241379310345,0.6393257677191073,1.7553086166962473
frame_008,frame_013,8,13,20,5,False,False,518,crash helmet,0.5254472293434428,0.6435055136058478,0.8776198625564575,0.12238013744354248,0.028761552838968682,5.347380490504963,0.2629310344827586,0.6345952435722265,2.4135425657173206
frame_008,frame_014,8,14,20,6,False,False,671,"mountain bike, all-terrain bike, off-roader",0.6319177479013254,0.4589960390307204,0.89649897813797,0.10350102186203003,0.031094528770430303,5.2087215446201505,0.16594827586206898,0.5055351861001294,3.046341900655325
frame_008,frame_015,8,15,20,7,False,False,671,"mountain bike, all-terrain bike, off-roader",0.9559709295318927,0.045027774832524514,0.9662148952484131,0.033785104751586914,0.04783854658970216,5.013235907345196,0.11853448275862069,0.4981690938405438,4.202735628036588
frame_008,frame_016,8,16,20,8,False,False,671,"mountain bike, all-terrain bike, off-roader",0.981803250487009,0.018364346621142502,0.9838789701461792,0.0161210298538208,0.04244962339929851,4.973012205847252,0.08189655172413793,0.414368207210385,5.059653898568912
frame_008,frame_017,8,17,20,9,False,False,671,"mountain bike, all-terrain bike, off-roader",0.9882681975329975,0.011801163078597021,0.9888209700584412,0.011179029941558838,0.056184869782040646,4.8439695294221,0.0625,0.3640657736197758,5.825052377916413
frame_008,frame_000,8,0,30,-8,False,False,671,"mountain bike, all-terrain bike, off-roader",0.8706492526645351,0.1385160782220881,0.8820663690567017,0.11793363094329834,0.023393286599917358,5.47425930737062,0.021551724137931036,0.056335835868856925,2.613982784314961
frame_008,frame_001,8,1,30,-7,False,False,671,"mountain bike, all-terrain bike, off-roader",0.98940709463756,0.010649409567825785,0.9879802465438843,0.012019753456115723,0.025175493241144487,5.534569364489059,0.03879310344827586,0.12414427128338207,3.200163437527182
frame_008,frame_002,8,2,30,-6,False,False,518,crash helmet,0.6866567880407043,0.3759206923185934,0.9040459990501404,0.09595400094985962,0.027753217234044537,5.6477418193792115,0.0603448275862069,0.18327597493838116,3.037144727550316
frame_008,frame_003,8,3,30,-5,False,False,518,crash helmet,0.9641564240362916,0.03650173193741668,0.9680272936820984,0.03197270631790161,0.019825262990125523,5.560972104768719,0.08836206896551724,0.21268464183105829,2.4069676538929525
frame_008,frame_004,8,4,30,-4,False,False,518,crash helmet,0.9727828524257717,0.027594394955021195,0.9766943454742432,0.023305654525756836,0.028124449723260208,5.568999661562393,0.11853448275862069,0.274210667406246,2.313340903209057
frame_008,frame_005,8,5,30,-3,True,False,518,crash helmet,0.9850936239201249,0.015018592661879993,0.9881370067596436,0.011862993240356445,0.03462727400605821,5.500171903253856,0.1788793103448276,0.33377846872883843,1.8659422830142292
frame_008,frame_006,8,6,30,-2,False,False,518,crash helmet,0.8403113174465031,0.1739828397981844,0.9351622462272644,0.0648377537727356,0.023895360587492545,5.575884856826608,0.26939655172413796,0.3827955479199133,1.4209370738787181
frame_008,frame_007,8,7,30,-1,False,False,671,"mountain bike, all-terrain bike, off-roader",0.8048142423840869,0.217143782993936,0.905930757522583,0.09406924247741699,0.025074391089299625,5.653209626392535,0.39655172413793105,0.46666390674262,1.176804634394433
frame_008,frame_009,8,9,30,1,False,True,671,"mountain bike, all-terrain bike, off-roader",0.7332140392251599,0.3103176153205274,0.8778550028800964,0.12214499711990356,0.039325968304635764,5.603101285805546,0.5043103448275862,0.6015874122141858,1.192891278920437
frame_008,frame_010,8,10,30,2,False,False,671,"mountain bike, all-terrain bike, off-roader",0.9042004469589676,0.1007042098074793,0.9321157932281494,0.06788420677185059,0.020940788198064858,5.666106658520741,0.5280172413793104,0.6357342956321441,1.2040029109114891
frame_008,frame_011,8,11,30,3,False,False,671,"mountain bike, all-terrain bike, off-roader",0.9220909964415563,0.08111136567345856,0.9455710649490356,0.054428935050964355,0.02302939233687501,5.598364954813559,0.47844827586206895,0.6285807054126092,1.313790303204733
frame_008,frame_012,8,12,30,4,False,False,671,"mountain bike, all-terrain bike, off-roader",0.8536264299320886,0.15826161657317428,0.9208644032478333,0.07913559675216675,0.017369743470002846,5.587585206857977,0.3642241379310345,0.526857565996425,1.4465201811972852
frame_008,frame_013,8,13,30,5,False,False,518,crash helmet,0.6767811162265223,0.39040737263593606,0.8995032906532288,0.10049670934677124,0.022890565628013528,5.534141175201732,0.2629310344827586,0.4235329250614605,1.610813747774735
frame_008,frame_014,8,14,30,6,False,False,518,crash helmet,0.6624933558680278,0.4117447500504978,0.9053700566291809,0.09462994337081909,0.022836264233826613,5.534502636437011,0.16594827586206898,0.3183198130937606,1.918186925655908
frame_008,frame_015,8,15,30,7,False,False,671,"mountain bike, all-terrain bike, off-roader",0.8020929992423583,0.22053071868330543,0.9185405373573303,0.08145946264266968,0.04200702185445486,5.516467783033949,0.11853448275862069,0.29276284562377397,2.4698538248987476
frame_008,frame_016,8,16,30,8,False,False,671,"mountain bike, all-terrain bike, off-roader",0.9784452148122083,0.021790482663667454,0.9828587770462036,0.017141222953796387,0.0428282728751315,5.552141026530183,0.08189655172413793,0.18124977628035674,2.213155163002251
frame_008,frame_017,8,17,30,9,False,False,671,"mountain bike, all-terrain bike, off-roader",0.9651301838795096,0.0354922811674685,0.9726696610450745,0.027330338954925537,0.028181988918170614,5.542524217318503,0.0625,0.12185466550259968,1.949674648041595
frame_008,frame_000,8,0,40,-8,False,False,671,"mountain bike, all-terrain bike, off-roader",0.9473451141412879,0.054091823312655274,0.9494358897209167,0.05056411027908325,0.07884661150715218,4.427588868708649,0.021551724137931036,0.2483829617837505,11.524969426766022
frame_008,frame_001,8,1,40,-7,True,False,671,"mountain bike, all-terrain bike, off-roader",0.9953698795321135,0.004640872677849295,0.9941372871398926,0.005862712860107422,0.1205404376820721,3.9361321717064213,0.03879310344827586,0.40941029722630645,10.553687661833678
frame_008,frame_002,8,2,40,-6,False,False,518,crash helmet,0.564299635568067,0.5721698998196436,0.8962178230285645,0.10378217697143555,0.08137303391670353,3.975798578018327,0.0603448275862069,0.6525752779232864,10.814104605585888
frame_008,frame_003,8,3,40,-5,False,False,518,crash helmet,0.9885130365596286,0.01155344823422233,0.9886026382446289,0.011397361755371094,0.05811774219977203,4.224084631776361,0.08836206896551724,0.7047860698728505,7.97611552246348
frame_008,frame_004,8,4,40,-4,False,False,518,crash helmet,0.9920180452486398,0.008013981087875877,0.9917517304420471,0.00824826955795288,0.04494024063993065,4.370345463631141,0.11853448275862069,0.6023175492157511,5.081369869747427
frame_008,frame_005,8,5,40,-3,False,False,518,crash helmet,0.9914156208823095,0.008621437132554366,0.992138147354126,0.007861852645874023,0.04833418443645418,4.6141492173077445,0.1788793103448276,0.728839048115563,4.074473714766521
frame_008,frame_006,8,6,40,-2,False,False,518,crash helmet,0.8594996024754614,0.15140491666607492,0.9382147789001465,0.061785221099853516,0.04342517695317664,4.795904941850887,0.26939655172413796,0.745548215175078,2.7674749747298892
frame_008,frame_007,8,7,40,-1,False,False,671,"mountain bike, all-terrain bike, off-roader",0.6625215143806878,0.41170224711215875,0.8695763349533081,0.1304236650466919,0.030178241247262736,5.048697606279281,0.39655172413793105,0.781473786968764,1.9706730280081874
frame_008,frame_009,8,9,40,1,False,True,671,"mountain bike, all-terrain bike, off-roader",0.6230578160004586,0.4731159619316214,0.8577867746353149,0.14221322536468506,0.03735633508689115,5.033212303193513,0.5043103448275862,0.8945727594970385,1.7738536769513926
frame_008,frame_010,8,10,40,2,False,False,671,"mountain bike, all-terrain bike, off-roader",0.7321423158703995,0.3117803633300813,0.8621779680252075,0.13782203197479248,0.036086854034717925,5.106768939183121,0.5280172413793104,0.8842808876117783,1.6747197218443473
frame_008,frame_011,8,11,40,3,False,False,671,"mountain bike, all-terrain bike, off-roader",0.6485741081551729,0.43297900549380497,0.8906844854354858,0.10931551456451416,0.034166607707517296,5.0050533343655,0.47844827586206895,0.8651532942535122,1.8082483267280616
frame_008,frame_012,8,12,40,4,False,False,671,"mountain bike, all-terrain bike, off-roader",0.904948032921752,0.09987775911683716,0.9414200186729431,0.058579981327056885,0.07773782400694455,4.6754056561016775,0.3642241379310345,0.8430087413722902,2.3145328757203707
frame_008,frame_013,8,13,40,5,False,False,518,crash helmet,0.5983083205499397,0.5136490716964914,0.8893479108810425,0.11065208911895752,0.03980442159039171,4.85000152948559,0.2629310344827586,0.7779547674053049,2.9587787875087006
frame_008,frame_014,8,14,40,6,False,False,671,"mountain bike, all-terrain bike, off-roader",0.6349363480350213,0.4542305244286684,0.9027486443519592,0.09725135564804077,0.03351980050627579,4.658675334241941,0.16594827586206898,0.7392653062849002,4.454793533976541
frame_008,frame_015,8,15,40,7,False,False,671,"mountain bike, all-terrain bike, off-roader",0.9049214243927222,0.09990716292706692,0.9501769542694092,0.04982304573059082,0.05951565515014448,4.39260737054109,0.11853448275862069,0.7135587202448855,6.019840839884125
frame_008,frame_016,8,16,40,8,False,False,671,"mountain bike, all-terrain bike, off-roader",0.9935627330716693,0.006458075479284453,0.9935744404792786,0.0064255595207214355,0.08089213854365146,4.197961060167198,0.08189655172413793,0.6057636173432406,7.396692590717464
frame_008,frame_017,8,17,40,9,False,False,671,"mountain bike, all-terrain bike, off-roader",0.9768167261599766,0.023456232908846797,0.9807596802711487,0.01924031972885132,0.07383782342383687,4.085239037668449,0.0625,0.6541360494489469,10.46617679118315
frame_008,frame_000,8,0,50,-8,False,False,671,"mountain bike, all-terrain bike, off-roader",0.9546107046076462,0.04645166076313001,0.9541574120521545,0.04584258794784546,0.10740810115439291,4.3062831489786735,0.021551724137931036,0.21236434051390268,9.853705399845083
frame_008,frame_001,8,1,50,-7,True,False,671,"mountain bike, all-terrain bike, off-roader",0.9963742348045174,0.003632354213752631,0.9955413937568665,0.004458606243133545,0.07957189544289815,4.175422591786733,0.03879310344827586,0.47438334408788596,12.228548425376616
frame_008,frame_002,8,2,50,-6,False,False,518,crash helmet,0.7035618490717052,0.3515994900565551,0.9112143516540527,0.08878564834594727,0.04683639027290066,4.206980124116335,0.0603448275862069,0.6588324144372776,10.917794296389172
frame_008,frame_003,8,3,50,-5,False,False,518,crash helmet,0.9878047335030364,0.012270238922084495,0.989581823348999,0.010418176651000977,0.04142084736481088,4.360907516818738,0.08836206896551724,0.6798913935385099,7.694380648826064
frame_008,frame_004,8,4,50,-4,False,False,518,crash helmet,0.9949383763939509,0.005074477013899736,0.9946703910827637,0.005329608917236328,0.05872122463183153,4.524203710768937,0.11853448275862069,0.6473750140597352,5.461491027703948
frame_008,frame_005,8,5,50,-3,False,False,518,crash helmet,0.993038643346318,0.006985699937548606,0.9936802387237549,0.006319761276245117,0.034879840853016035,4.824817910266097,0.1788793103448276,0.7291667118190237,4.07630547330153
frame_008,frame_006,8,6,50,-2,False,False,518,crash helmet,0.8631374480776183,0.14718133281961698,0.9411226511001587,0.05887734889984131,0.026532245572585676,5.078072976499811,0.26939655172413796,0.7547334591021452,2.8015706001871625
frame_008,frame_007,8,7,50,-1,False,True,671,"mountain bike, all-terrain bike, off-roader",0.6586756374587734,0.4175240698115359,0.8750916123390198,0.12490838766098022,0.02421596469122797,5.283200226959014,0.39655172413793105,0.793697578271914,2.0014982408596094
frame_008,frame_009,8,9,50,1,False,False,671,"mountain bike, all-terrain bike, off-roader",0.6847909668107084,0.37864164523064225,0.8823761940002441,0.11762380599975586,0.02068191384507617,5.515642495533404,0.5043103448275862,0.8170330282280189,1.6200996799051317
frame_008,frame_010,8,10,50,2,False,False,671,"mountain bike, all-terrain bike, off-roader",0.9299245389014652,0.07265183709310818,0.9486210942268372,0.05137890577316284,0.03003151782804225,5.450810537524182,0.5280172413793104,0.774341581824758,1.4665081386395415
frame_008,frame_011,8,11,50,3,False,False,671,"mountain bike, all-terrain bike, off-roader",0.954133102114007,0.04695209723021865,0.9651253819465637,0.03487461805343628,0.025243172257301008,5.389629745976437,0.47844827586206895,0.8246344440871538,1.7235602795335108
frame_008,frame_012,8,12,50,4,False,False,671,"mountain bike, all-terrain bike, off-roader",0.9045752253904489,0.10028980967751977,0.9437370300292969,0.056262969970703125,0.04645296155515028,5.142221851487914,0.3642241379310345,0.7371845002820505,2.0239858469282335
frame_008,frame_013,8,13,50,5,False,False,671,"mountain bike, all-terrain bike, off-roader",0.5674662392442084,0.5665740217147741,0.8834829330444336,0.1165170669555664,0.02973249004669613,5.062127127408649,0.2629310344827586,0.7519057745439317,2.859707208101511
frame_008,frame_014,8,14,50,6,False,False,671,"mountain bike, all-terrain bike, off-roader",0.7522472217885169,0.28469025668117265,0.9168359041213989,0.08316409587860107,0.030249955473438214,4.865081548902397,0.16594827586206898,0.663760196809556,3.9998017054497916
frame_008,frame_015,8,15,50,7,False,False,671,"mountain bike, all-terrain bike, off-roader",0.8948498598100406,0.11109932918181453,0.9469749927520752,0.053025007247924805,0.048977769372428086,4.562240025954374,0.11853448275862069,0.7143644469745897,6.026638243567447
frame_008,frame_016,8,16,50,8,False,False,671,"mountain bike, all-terrain bike, off-roader",0.9929494854963536,0.007075486828748367,0.9934870600700378,0.006512939929962158,0.05449223926299129,4.391365946471181,0.08189655172413793,0.67451682833938,8.23620548288085
frame_008,frame_017,8,17,50,9,False,False,671,"mountain bike, all-terrain bike, off-roader",0.9777922528423485,0.022458051918326394,0.9805785417556763,0.01942145824432373,0.07332695379683966,4.405878948042665,0.0625,0.5993131250856316,9.589010001370106
frame_009,frame_000,9,0,5,-9,False,True,671,"mountain bike, all-terrain bike, off-roader",0.2611935342076802,1.3424936360681796,0.5756451487541199,0.4243548512458801,0.024057365750525358,5.491376227301008,0.021551724137931036,0.10887873965463152,5.0519735199749025
frame_009,frame_001,9,1,5,-8,False,False,671,"mountain bike, all-terrain bike, off-roader",0.2654737252415066,1.3262394065061613,0.6090452671051025,0.39095473289489746,0.028378704613784358,5.4279987816245185,0.03879310344827586,0.2213309816337187,5.705420859891415
frame_009,frame_002,9,2,5,-7,False,False,671,"mountain bike, all-terrain bike, off-roader",0.5151424911879743,0.6633117346693873,0.732602596282959,0.267397403717041,0.029671832299945418,5.230803722021245,0.0603448275862069,0.4047690047236574,6.707600649706323
frame_009,frame_003,9,3,5,-6,False,False,518,crash helmet,0.30564376387033143,1.1853350255608521,0.6385321617126465,0.3614678382873535,0.022630657995932495,5.245711702847104,0.08836206896551724,0.4721193551253857,5.3430092872726584
frame_009,frame_004,9,4,5,-5,False,False,802,snowmobile,0.7428274258298003,0.297291527958754,0.8675550222396851,0.13244497776031494,0.02236578976398659,5.263764969550311,0.11853448275862069,0.47858347525616407,4.0375042276156385
frame_009,frame_005,9,5,5,-4,False,False,518,crash helmet,0.8992505800764609,0.10619355133965502,0.9196305871009827,0.08036941289901733,0.019719012533711854,5.418223332186382,0.1788793103448276,0.5769504651687086,3.2253616366057924
frame_009,frame_006,9,6,5,-3,False,False,518,crash helmet,0.8520300831631423,0.16013344389923745,0.918432354927063,0.08156764507293701,0.012913145962467246,5.591649420491043,0.26939655172413796,0.6306334731534866,2.340911452345742
frame_009,frame_007,9,7,5,-2,False,False,880,"unicycle, monocycle",0.6458730890815707,0.43715225102972344,0.871300995349884,0.12869900465011597,0.009679000947685382,5.7753712180523,0.39655172413793105,0.6704580311412789,1.690720252443225
frame_009,frame_008,9,8,5,-1,True,False,518,crash helmet,0.9028670137644454,0.10218000798936266,0.9235605001449585,0.0764394998550415,0.009921882346038762,5.812002613810812,0.5,0.7179597227242134,1.4359194454484268
frame_009,frame_010,9,10,5,1,False,False,518,crash helmet,0.2824705889007727,1.264180843901233,0.6817905902862549,0.3182094097137451,0.008742193770592422,5.871979868429767,0.5280172413793104,0.7479094341016993,1.4164488874415855
frame_009,frame_011,9,11,5,2,False,False,880,"unicycle, monocycle",0.38611987059233377,0.9516074121506088,0.712190568447113,0.28780943155288696,0.007762796749082968,5.815207532258626,0.47844827586206895,0.7433247238140306,1.5536156389626585
frame_009,frame_012,9,12,5,3,False,False,880,"unicycle, monocycle",0.4609842928204579,0.7743913085389278,0.7624669075012207,0.2375330924987793,0.008107449030036169,5.696196591575845,0.3642241379310345,0.6806994248236816,1.8689025628295164
frame_009,frame_013,9,13,5,4,False,False,518,crash helmet,0.6710689127770444,0.3988834456787709,0.8253144025802612,0.17468559741973877,0.017048065130475708,5.478480236528848,0.2629310344827586,0.6356656004469401,2.4176134312080344
frame_009,frame_014,9,14,5,5,False,False,518,crash helmet,0.6517015221619596,0.42816860996759853,0.7943504452705383,0.20564955472946167,0.018285617210636297,5.341416241927149,0.16594827586206898,0.5332080872401063,3.2130980841481724
frame_009,frame_015,9,15,5,6,False,False,671,"mountain bike, all-terrain bike, off-roader",0.34180313179484445,1.07352034568948,0.7146630883216858,0.2853369116783142,0.022298973348028994,5.295081002359474,0.11853448275862069,0.5026179389665177,4.240267703281168
frame_009,frame_016,9,16,5,7,False,False,671,"mountain bike, all-terrain bike, off-roader",0.6969059770074442,0.36110477401045316,0.8201878070831299,0.17981219291687012,0.022475539089468005,5.362501636174756,0.08189655172413793,0.4041173074533388,4.934485017324979
frame_009,frame_017,9,17,5,8,False,False,671,"mountain bike, all-terrain bike, off-roader",0.5171396254116319,0.6594423724411866,0.7634451389312744,0.23655486106872559,0.019974255964005337,5.429521453555209,0.0625,0.3315587612133676,5.304940179413881
frame_009,frame_000,9,0,10,-9,False,False,671,"mountain bike, all-terrain bike, off-roader",0.8614038041756757,0.14919189010106848,0.889838457107544,0.11016154289245605,0.10105997186413727,4.735523756336177,0.021551724137931036,0.23876544193822963,11.078716505933855
frame_009,frame_001,9,1,10,-8,True,False,671,"mountain bike, all-terrain bike, off-roader",0.9667286319325044,0.03383745173098429,0.9653615951538086,0.034638404846191406,0.0755348071431456,4.597862688703659,0.03879310344827586,0.35019202009371675,9.02717207352692
frame_009,frame_002,9,2,10,-7,False,False,671,"mountain bike, all-terrain bike, off-roader",0.7798379110470317,0.24866918724319031,0.8816632032394409,0.11833679676055908,0.06628043157155515,4.426643255549955,0.0603448275862069,0.5218718431072416,8.648161971491431
frame_009,frame_003,9,3,10,-6,False,False,518,crash helmet,0.7680526466021022,0.2638969979207729,0.8401228189468384,0.15987718105316162,0.06959692255543266,4.46941547043502,0.08836206896551724,0.615292643321773,6.963311865885432
frame_009,frame_004,9,4,10,-5,False,False,518,crash helmet,0.9193822503612465,0.08405330147262635,0.9329401850700378,0.06705981492996216,0.06330484939342873,4.6415508387538456,0.11853448275862069,0.5742032364587671,4.844187303943054
frame_009,frame_005,9,5,10,-4,False,False,518,crash helmet,0.9493888975447128,0.05193676711413442,0.9647940993309021,0.0352059006690979,0.053608175859799864,4.792634604682831,0.1788793103448276,0.6618809555368964,3.7001537755315654
frame_009,frame_006,9,6,10,-3,False,False,518,crash helmet,0.893147082153514,0.11300400600909555,0.9398333430290222,0.06016665697097778,0.03563358631618536,5.106980116006151,0.26939655172413796,0.6730262928085112,2.4982735989051936
frame_009,frame_007,9,7,10,-2,False,False,880,"unicycle, monocycle",0.7246691912756958,0.3220400161540531,0.8733993172645569,0.12660068273544312,0.03341211355558394,5.2900892302220335,0.39655172413793105,0.7729562756227362,1.9491940863529869
frame_009,frame_008,9,8,10,-1,False,False,518,crash helmet,0.554016975291556,0.5905599513837907,0.8369927406311035,0.16300725936889648,0.02321056450610165,5.412207609353589,0.5,0.8072799457596176,1.6145598915192352
frame_009,frame_010,9,10,10,1,False,False,671,"mountain bike, all-terrain bike, off-roader",0.4245365855839464,0.8567570918232663,0.7656325101852417,0.2343674898147583,0.0192455946209846,5.583722945796486,0.5280172413793104,0.7881240995821743,1.4926105396168525
frame_009,frame_011,9,11,10,2,False,True,665,moped,0.32076612453118475,1.137043005413445,0.7129430174827576,0.28705698251724243,0.025958325161387852,5.341797997580997,0.47844827586206895,0.8136303717036105,1.700560776894033
frame_009,frame_012,9,12,10,3,False,False,665,moped,0.5451850161520239,0.6066300627508858,0.8030433654785156,0.19695663452148438,0.031665385472089906,5.183016054587,0.3642241379310345,0.7208708318828998,1.9791956567672515
frame_009,frame_013,9,13,10,4,False,False,518,crash helmet,0.6471615807028595,0.43515927732548665,0.8746757507324219,0.12532424926757812,0.026172022719172825,5.051915743347243,0.2629310344827586,0.7254799281916927,2.759202349843815
frame_009,frame_014,9,14,10,5,False,False,518,crash helmet,0.7294942492661145,0.31540379416741526,0.8680081963539124,0.13199180364608765,0.041632280513470815,4.835232438447848,0.16594827586206898,0.6658306636532487,4.012278284871525
frame_009,frame_015,9,15,10,6,False,False,671,"mountain bike, all-terrain bike, off-roader",0.39960620273045816,0.9172757099797151,0.7942951917648315,0.20570480823516846,0.07851731609032343,4.594495270553805,0.11853448275862069,0.6625383199484964,5.5894141901109515
frame_009,frame_016,9,16,10,7,False,False,671,"mountain bike, all-terrain bike, off-roader",0.7155274244259394,0.3347353516832179,0.8772700428962708,0.12272995710372925,0.07287523207510799,4.570460576618174,0.08189655172413793,0.6070505204067602,7.412406354440441
frame_009,frame_017,9,17,10,8,False,False,671,"mountain bike, all-terrain bike, off-roader",0.7188795817492876,0.3300614154692596,0.8839511275291443,0.11604887247085571,0.08407852671998889,4.613153903494555,0.0625,0.5111631952845866,8.178611124553386
frame_009,frame_000,9,0,20,-9,False,False,671,"mountain bike, all-terrain bike, off-roader",0.8859889148511209,0.12105083991004184,0.9167872667312622,0.08321273326873779,0.06654331887592878,5.088369734110006,0.021551724137931036,0.20968355427535426,9.729316918376437
frame_009,frame_001,9,1,20,-8,True,False,671,"mountain bike, all-terrain bike, off-roader",0.9927713067966377,0.007254946802059514,0.9911448359489441,0.008855164051055908,0.0723300147268353,5.0082677594571345,0.03879310344827586,0.2985916144866349,7.697028284544366
frame_009,frame_002,9,2,20,-7,False,False,671,"mountain bike, all-terrain bike, off-roader",0.9467672416459232,0.054702000962917996,0.9667537808418274,0.03324621915817261,0.09063839280853189,4.6284988441629125,0.0603448275862069,0.4409156552196935,7.306602286497777
frame_009,frame_003,9,3,20,-6,False,False,518,crash helmet,0.6614703851102253,0.41329006572601323,0.863913893699646,0.136086106300354,0.07058293448424982,4.65128426501189,0.08836206896551724,0.5232146381067234,5.921258343451699
frame_009,frame_004,9,4,20,-5,False,False,518,crash helmet,0.881026609660406,0.12666744957427079,0.9289722442626953,0.07102775573730469,0.06534188919574137,4.806617824531233,0.11853448275862069,0.4865639729685289,4.104830608316316
frame_009,frame_005,9,5,20,-4,False,False,518,crash helmet,0.825642712063418,0.19159315102008723,0.9302311539649963,0.06976884603500366,0.06636888459705924,5.052240260569549,0.1788793103448276,0.5516282465050655,3.083801281666872
frame_009,frame_006,9,6,20,-3,False,False,671,"mountain bike, all-terrain bike, off-roader",0.7313213864851427,0.31290226265705634,0.9131958484649658,0.08680415153503418,0.054350104762291476,5.261826418455766,0.26939655172413796,0.6299083098915846,2.338219646317562
frame_009,frame_007,9,7,20,-2,False,False,671,"mountain bike, all-terrain bike, off-roader",0.9535044964186333,0.04761113825416308,0.9657359719276428,0.03426402807235718,0.030510297798662257,5.516389411120505,0.39655172413793105,0.7050556815033743,1.777966501182422
frame_009,frame_008,9,8,20,-1,False,False,671,"mountain bike, all-terrain bike, off-roader",0.7973892753253264,0.22641229367972215,0.899945855140686,0.10005414485931396,0.041267115521271734,5.578303399952864,0.5,0.7180236265653221,1.4360472531306443
frame_009,frame_010,9,10,20,1,False,False,671,"mountain bike, all-terrain bike, off-roader",0.8950639750010992,0.11086008281373161,0.9257615208625793,0.07423847913742065,0.012590799469316996,5.804650813347759,0.5280172413793104,0.6929569066711216,1.3123755293689814
frame_009,frame_011,9,11,20,2,False,False,671,"mountain bike, all-terrain bike, off-roader",0.6966993500961539,0.36140130977819984,0.8579810857772827,0.14201891422271729,0.02727351698581592,5.66878218945754,0.47844827586206895,0.7277408647198733,1.5210439695046
frame_009,frame_012,9,12,20,3,False,True,671,"mountain bike, all-terrain bike, off-roader",0.5961584076274612,0.5172488626214253,0.8506667613983154,0.14933323860168457,0.059923227496887776,5.428300984475297,0.3642241379310345,0.6498247308360265,1.7841341722361912
frame_009,frame_013,9,13,20,4,False,False,518,crash helmet,0.5254472293434428,0.6435055136058478,0.8776198625564575,0.12238013744354248,0.02701465599283098,5.317280863097903,0.2629310344827586,0.6350135470233274,2.4151334903182287
frame_009,frame_014,9,14,20,5,False,False,671,"mountain bike, all-terrain bike, off-roader",0.6319177479013254,0.4589960390307204,0.89649897813797,0.10350102186203003,0.037582826061352825,5.148028950567542,0.16594827586206898,0.5248343475291397,3.1626381461496207
frame_009,frame_015,9,15,20,6,False,False,671,"mountain bike, all-terrain bike, off-roader",0.9559709295318927,0.045027774832524514,0.9662148952484131,0.033785104751586914,0.06955636233429797,4.940757724406821,0.11853448275862069,0.5200288218839978,4.3871522428031815
frame_009,frame_016,9,16,20,7,False,False,671,"mountain bike, all-terrain bike, off-roader",0.981803250487009,0.018364346621142502,0.9838789701461792,0.0161210298538208,0.057574361446377016,4.924540441449418,0.08189655172413793,0.44935812605538217,5.486899223413087
frame_009,frame_017,9,17,20,8,False,False,671,"mountain bike, all-terrain bike, off-roader",0.9882681975329975,0.011801163078597021,0.9888209700584412,0.011179029941558838,0.062030331625549016,4.824008666040902,0.0625,0.36984660300340394,5.917545648054463
frame_009,frame_000,9,0,30,-9,False,False,671,"mountain bike, all-terrain bike, off-roader",0.8706492526645351,0.1385160782220881,0.8820663690567017,0.11793363094329834,0.02680342438603592,5.405813124218358,0.021551724137931036,0.05720910516209373,2.654502479521149
frame_009,frame_001,9,1,30,-8,False,False,671,"mountain bike, all-terrain bike, off-roader",0.98940709463756,0.010649409567825785,0.9879802465438843,0.012019753456115723,0.03293732942701519,5.458772232927672,0.03879310344827586,0.11353028668919099,2.9265585013213675
frame_009,frame_002,9,2,30,-7,False,False,518,crash helmet,0.6866567880407043,0.3759206923185934,0.9040459990501404,0.09595400094985962,0.03254656143962992,5.585240297504781,0.0603448275862069,0.15228332089319244,2.5235521748014746
frame_009,frame_003,9,3,30,-6,False,False,518,crash helmet,0.9641564240362916,0.03650173193741668,0.9680272936820984,0.03197270631790161,0.026123646809061714,5.549044236942011,0.08836206896551724,0.1771819230002683,2.0051807871249876
frame_009,frame_004,9,4,30,-5,False,False,518,crash helmet,0.9727828524257717,0.027594394955021195,0.9766943454742432,0.023305654525756836,0.033011231650698074,5.559262423525649,0.11853448275862069,0.2528134213311455,2.1328259545027546
frame_009,frame_005,9,5,30,-4,True,False,518,crash helmet,0.9850936239201249,0.015018592661879993,0.9881370067596436,0.011862993240356445,0.04089091689694398,5.460270600104953,0.1788793103448276,0.30973764857678426,1.7315454089111795
frame_009,frame_006,9,6,30,-3,False,False,518,crash helmet,0.8403113174465031,0.1739828397981844,0.9351622462272644,0.0648377537727356,0.025298572972540626,5.545804363909644,0.26939655172413796,0.36047269534881676,1.3380746451348078
frame_009,frame_007,9,7,30,-2,False,False,671,"mountain bike, all-terrain bike, off-roader",0.8048142423840869,0.217143782993936,0.905930757522583,0.09406924247741699,0.02412971467670641,5.623755061694244,0.39655172413793105,0.4688713765778858,1.182371297457277
frame_009,frame_008,9,8,30,-1,False,True,671,"mountain bike, all-terrain bike, off-roader",0.6483312551718183,0.4333535169933489,0.871545672416687,0.128454327583313,0.04887191276125799,5.518029265907228,0.5,0.5811897486609745,1.162379497321949
frame_009,frame_010,9,10,30,1,False,False,671,"mountain bike, all-terrain bike, off-roader",0.9042004469589676,0.1007042098074793,0.9321157932281494,0.06788420677185059,0.022504005496324135,5.624043661113038,0.5280172413793104,0.6490622073891119,1.2292443437899914
frame_009,frame_011,9,11,30,2,False,False,671,"mountain bike, all-terrain bike, off-roader",0.9220909964415563,0.08111136567345856,0.9455710649490356,0.054428935050964355,0.022627845080011512,5.542531980949301,0.47844827586206895,0.6600772427111354,1.3796209036845353
frame_009,frame_012,9,12,30,3,False,False,671,"mountain bike, all-terrain bike, off-roader",0.8536264299320886,0.15826161657317428,0.9208644032478333,0.07913559675216675,0.02068465028051019,5.536746109641248,0.3642241379310345,0.5393822675240697,1.480907527403363
frame_009,frame_013,9,13,30,4,False,False,518,crash helmet,0.6767811162265223,0.39040737263593606,0.8995032906532288,0.10049670934677124,0.025315900991936115,5.5004153521436185,0.2629310344827586,0.42246892116051454,1.6067670444137603
frame_009,frame_014,9,14,30,5,False,False,518,crash helmet,0.6624933558680278,0.4117447500504978,0.9053700566291809,0.09462994337081909,0.02225142543085662,5.566988699005518,0.16594827586206898,0.32415450873694807,1.9533466500512193
frame_009,frame_015,9,15,30,6,False,False,671,"mountain bike, all-terrain bike, off-roader",0.8020929992423583,0.22053071868330543,0.9185405373573303,0.08145946264266968,0.053790967387814345,5.53250188582461,0.11853448275862069,0.272571979536578,2.29951633645404
frame_009,frame_016,9,16,30,7,False,False,671,"mountain bike, all-terrain bike, off-roader",0.9784452148122083,0.021790482663667454,0.9828587770462036,0.017141222953796387,0.05687346549326716,5.4990452250399535,0.08189655172413793,0.15549932805606406,1.8987286373161507
frame_009,frame_017,9,17,30,8,False,False,671,"mountain bike, all-terrain bike, off-roader",0.9651301838795096,0.0354922811674685,0.9726696610450745,0.027330338954925537,0.03521387301811143,5.438861164485221,0.0625,0.10453962704149113,1.672634032663858
frame_009,frame_000,9,0,40,-9,False,False,671,"mountain bike, all-terrain bike, off-roader",0.9473451141412879,0.054091823312655274,0.9494358897209167,0.05056411027908325,0.07220519374799951,4.334179199275873,0.021551724137931036,0.27318604491122334,12.675832483880763
frame_009,frame_001,9,1,40,-8,True,False,671,"mountain bike, all-terrain bike, off-roader",0.9953698795321135,0.004640872677849295,0.9941372871398926,0.005862712860107422,0.1022555154069112,3.9106687214813656,0.03879310344827586,0.43646317525602013,11.251050739932962
frame_009,frame_002,9,2,40,-7,False,False,518,crash helmet,0.564299635568067,0.5721698998196436,0.8962178230285645,0.10378217697143555,0.07259747232897125,3.999847751004118,0.0603448275862069,0.6662257169607665,11.04031188106413
frame_009,frame_003,9,3,40,-6,False,False,518,crash helmet,0.9885130365596286,0.01155344823422233,0.9886026382446289,0.011397361755371094,0.06104653652296722,4.226891998366763,0.08836206896551724,0.7098474484277524,8.033395513914076
frame_009,frame_004,9,4,40,-5,False,False,518,crash helmet,0.9920180452486398,0.008013981087875877,0.9917517304420471,0.00824826955795288,0.04879828250076534,4.340323360617484,0.11853448275862069,0.6116710553871414,5.160279449084247
frame_009,frame_005,9,5,40,-4,False,False,518,crash helmet,0.9914156208823095,0.008621437132554366,0.992138147354126,0.007861852645874023,0.04083446769733038,4.616953680022354,0.1788793103448276,0.7219892842140779,4.036181058738942
frame_009,frame_006,9,6,40,-3,False,False,518,crash helmet,0.8594996024754614,0.15140491666607492,0.9382147789001465,0.061785221099853516,0.03505055308071153,4.8788991059309055,0.26939655172413796,0.7395552082071137,2.745228932864806
frame_009,frame_007,9,7,40,-2,False,False,671,"mountain bike, all-terrain bike, off-roader",0.6625215143806878,0.41170224711215875,0.8695763349533081,0.1304236650466919,0.026797019061573946,5.111865194588593,0.39655172413793105,0.7831638998059318,1.9749350516845237
frame_009,frame_008,9,8,40,-1,False,True,671,"mountain bike, all-terrain bike, off-roader",0.5915707216099243,0.5249740395494746,0.8618683815002441,0.13813161849975586,0.0471398784451036,5.112354716110457,0.5,0.8215612853889305,1.643122570777861
frame_009,frame_010,9,10,40,1,False,False,671,"mountain bike, all-terrain bike, off-roader",0.7321423158703995,0.3117803633300813,0.8621779680252075,0.13782203197479248,0.03128135644279968,5.237197738317087,0.5280172413793104,0.8712756710046067,1.6500894340658672
frame_009,frame_011,9,11,40,2,False,False,671,"mountain bike, all-terrain bike, off-roader",0.6485741081551729,0.43297900549380497,0.8906844854354858,0.10931551456451416,0.02846074643027958,5.140697038818676,0.47844827586206895,0.8604334002584707,1.7983833230627497
frame_009,frame_012,9,12,40,3,False,False,671,"mountain bike, all-terrain bike, off-roader",0.904948032921752,0.09987775911683716,0.9414200186729431,0.058579981327056885,0.06307861220546693,4.848032123429359,0.3642241379310345,0.829486549855283,2.277406858774268
frame_009,frame_013,9,13,40,4,False,False,518,crash helmet,0.5983083205499397,0.5136490716964914,0.8893479108810425,0.11065208911895752,0.03011805890558807,4.903386366461746,0.2629310344827586,0.7789772019533089,2.9626673910355357
frame_009,frame_014,9,14,40,5,False,False,671,"mountain bike, all-terrain bike, off-roader",0.6349363480350213,0.4542305244286684,0.9027486443519592,0.09725135564804077,0.030738653479791198,4.679026158215807,0.16594827586206898,0.7394030368058095,4.455623494518124
frame_009,frame_015,9,15,40,6,False,False,671,"mountain bike, all-terrain bike, off-roader",0.9049214243927222,0.09990716292706692,0.9501769542694092,0.04982304573059082,0.048530947302282405,4.419100811986954,0.11853448275862069,0.7172781519652156,6.051219318397456
frame_009,frame_016,9,16,40,7,False,False,671,"mountain bike, all-terrain bike, off-roader",0.9935627330716693,0.006458075479284453,0.9935744404792786,0.0064255595207214355,0.051043774693454946,4.189601207501516,0.08189655172413793,0.640351989682155,7.819034821382104
frame_009,frame_017,9,17,40,8,False,False,671,"mountain bike, all-terrain bike, off-roader",0.9768167261599766,0.023456232908846797,0.9807596802711487,0.01924031972885132,0.06181137461719911,4.068101144648696,0.0625,0.6561806012474809,10.498889619959694
frame_009,frame_000,9,0,50,-9,False,False,671,"mountain bike, all-terrain bike, off-roader",0.9546107046076462,0.04645166076313001,0.9541574120521545,0.04584258794784546,0.09364566267711676,4.2837773682227995,0.021551724137931036,0.24826652950622885,11.519566969089018
frame_009,frame_001,9,1,50,-8,True,False,671,"mountain bike, all-terrain bike, off-roader",0.9963742348045174,0.003632354213752631,0.9955413937568665,0.004458606243133545,0.06751323508989793,4.131169855425311,0.03879310344827586,0.4965053585070355,12.798804797070247
frame_009,frame_002,9,2,50,-7,False,False,518,crash helmet,0.7035618490717052,0.3515994900565551,0.9112143516540527,0.08878564834594727,0.04889215156652744,4.102128651424769,0.0603448275862069,0.69025393811321,11.438493831590337
frame_009,frame_003,9,3,50,-6,False,False,518,crash helmet,0.9878047335030364,0.012270238922084495,0.989581823348999,0.010418176651000977,0.04631446406826987,4.263472875520108,0.08836206896551724,0.6896396232666269,7.804702077944265
frame_009,frame_004,9,4,50,-5,False,False,518,crash helmet,0.9949383763939509,0.005074477013899736,0.9946703910827637,0.005329608917236328,0.05276355956306476,4.442300209629277,0.11853448275862069,0.6737326981759939,5.6838540355211125
frame_009,frame_005,9,5,50,-4,False,False,518,crash helmet,0.993038643346318,0.006985699937548606,0.9936802387237549,0.006319761276245117,0.028142653114670044,4.767842890639578,0.1788793103448276,0.7394675396872059,4.133890824275464
frame_009,frame_006,9,6,50,-3,False,False,518,crash helmet,0.8631374480776183,0.14718133281961698,0.9411226511001587,0.05887734889984131,0.024812251235364364,5.06597575375988,0.26939655172413796,0.7520659543055345,2.7916688223821438
frame_009,frame_007,9,7,50,-2,False,False,671,"mountain bike, all-terrain bike, off-roader",0.6586756374587734,0.4175240698115359,0.8750916123390198,0.12490838766098022,0.02546996420570776,5.289784497725281,0.39655172413793105,0.8093736237634094,2.041029138185989
frame_009,frame_008,9,8,50,-1,False,True,671,"mountain bike, all-terrain bike, off-roader",0.5124994398692515,0.6684556609082168,0.8674548268318176,0.13254517316818237,0.03687487160912614,5.3039602774398595,0.5,0.8280773721485112,1.6561547442970224
frame_009,frame_010,9,10,50,1,False,False,671,"mountain bike, all-terrain bike, off-roader",0.9299245389014652,0.07265183709310818,0.9486210942268372,0.05137890577316284,0.0279573072545219,5.485833340711546,0.5280172413793104,0.7901479258846951,1.496443418818361
frame_009,frame_011,9,11,50,2,False,False,671,"mountain bike, all-terrain bike, off-roader",0.954133102114007,0.04695209723021865,0.9651253819465637,0.03487461805343628,0.01887424283454129,5.392029099675796,0.47844827586206895,0.8391726267945266,1.75394639113811
frame_009,frame_012,9,12,50,3,False,False,671,"mountain bike, all-terrain bike, off-roader",0.9045752253904489,0.10028980967751977,0.9437370300292969,0.056262969970703125,0.043291270850890906,5.154684115430314,0.3642241379310345,0.7462957307551139,2.0490012962743958
frame_009,frame_013,9,13,50,4,False,False,671,"mountain bike, all-terrain bike, off-roader",0.5674662392442084,0.5665740217147741,0.8834829330444336,0.1165170669555664,0.029795920642029208,5.000683360468427,0.2629310344827586,0.7696294029031231,2.9271151061233533
frame_009,frame_014,9,14,50,5,False,False,671,"mountain bike, all-terrain bike, off-roader",0.7522472217885169,0.28469025668117265,0.9168359041213989,0.08316409587860107,0.03487646876015083,4.7869588374101575,0.16594827586206898,0.6906491309386634,4.16183372409792
frame_009,frame_015,9,15,50,6,False,False,671,"mountain bike, all-terrain bike, off-roader",0.8948498598100406,0.11109932918181453,0.9469749927520752,0.053025007247924805,0.04855656275905085,4.478720811297199,0.11853448275862069,0.7332083801259045,6.185612515971267
frame_009,frame_016,9,16,50,7,False,False,671,"mountain bike, all-terrain bike, off-roader",0.9929494854963536,0.007075486828748367,0.9934870600700378,0.006512939929962158,0.06283818982862117,4.293329360696841,0.08189655172413793,0.7021579727725465,8.57371840438057
frame_009,frame_017,9,17,50,8,False,False,671,"mountain bike, all-terrain bike, off-roader",0.9777922528423485,0.022458051918326394,0.9805785417556763,0.01942145824432373,0.08102945058036486,4.3357748488256735,0.0625,0.6145829156182048,9.833326649891276
frame_010,frame_000,10,0,5,-10,False,True,671,"mountain bike, all-terrain bike, off-roader",0.2611935342076802,1.3424936360681796,0.5756451487541199,0.4243548512458801,0.019912907678990694,5.613828565591572,0.021551724137931036,0.09672169814696559,4.487886794019203
frame_010,frame_001,10,1,5,-9,False,False,671,"mountain bike, all-terrain bike, off-roader",0.2654737252415066,1.3262394065061613,0.6090452671051025,0.39095473289489746,0.02465371761143417,5.540920390703269,0.03879310344827586,0.19335083782343693,4.984154930559708
frame_010,frame_002,10,2,5,-8,False,False,671,"mountain bike, all-terrain bike, off-roader",0.5151424911879743,0.6633117346693873,0.732602596282959,0.267397403717041,0.02593583782160067,5.3839197398804615,0.0603448275862069,0.36113510639212476,5.984524620212353
frame_010,frame_003,10,3,5,-7,False,False,518,crash helmet,0.30564376387033143,1.1853350255608521,0.6385321617126465,0.3614678382873535,0.01844844973650431,5.412880606357415,0.08836206896551724,0.4219658755251688,4.775418688870203
frame_010,frame_004,10,4,5,-6,False,False,802,snowmobile,0.7428274258298003,0.297291527958754,0.8675550222396851,0.13244497776031494,0.01941327736317687,5.420013097968299,0.11853448275862069,0.44458629013283457,3.750691611302459
frame_010,frame_005,10,5,5,-5,False,False,518,crash helmet,0.8992505800764609,0.10619355133965502,0.9196305871009827,0.08036941289901733,0.015539259512780826,5.543002585277788,0.1788793103448276,0.5440817083914078,3.041613405947147
frame_010,frame_006,10,6,5,-4,False,False,518,crash helmet,0.8520300831631423,0.16013344389923745,0.918432354927063,0.08156764507293701,0.011384296128591886,5.673936204291618,0.26939655172413796,0.6005406755847196,2.2292069877704788
frame_010,frame_007,10,7,5,-3,False,False,880,"unicycle, monocycle",0.6458730890815707,0.43715225102972344,0.871300995349884,0.12869900465011597,0.009705327344175922,5.8218629179617345,0.39655172413793105,0.6468752327734337,1.6312505869938763
frame_010,frame_008,10,8,5,-2,True,False,518,crash helmet,0.9028670137644454,0.10218000798936266,0.9235605001449585,0.0764394998550415,0.009394293675181542,5.851193625104926,0.5,0.7049870703308656,1.4099741406617312
frame_010,frame_009,10,9,5,-1,False,False,518,crash helmet,0.649588997680121,0.43141542734688176,0.8157934546470642,0.1842065453529358,0.00913265445251158,5.885194976225927,0.5043103448275862,0.7290982872430367,1.4457333559007224
frame_010,frame_011,10,11,5,1,False,False,880,"unicycle, monocycle",0.38611987059233377,0.9516074121506088,0.712190568447113,0.28780943155288696,0.007913567098159458,5.833733885801016,0.47844827586206895,0.7327417713843457,1.5314963149654794
frame_010,frame_012,10,12,5,2,False,False,880,"unicycle, monocycle",0.4609842928204579,0.7743913085389278,0.7624669075012207,0.2375330924987793,0.009586158226718502,5.723338819909714,0.3642241379310345,0.6667441833828842,1.8305875804121792
frame_010,frame_013,10,13,5,3,False,False,518,crash helmet,0.6710689127770444,0.3988834456787709,0.8253144025802612,0.17468559741973877,0.013575564884117647,5.5459924045549585,0.2629310344827586,0.6182269553327577,2.3512894038885213
frame_010,frame_014,10,14,5,4,False,False,518,crash helmet,0.6517015221619596,0.42816860996759853,0.7943504452705383,0.20564955472946167,0.015285398023970763,5.437498973423452,0.16594827586206898,0.5173359421804056,3.1174529502819244
frame_010,frame_015,10,15,5,5,False,False,671,"mountain bike, all-terrain bike, off-roader",0.34180313179484445,1.07352034568948,0.7146630883216858,0.2853369116783142,0.017671175340483136,5.40545709474254,0.11853448275862069,0.47485192956477196,4.006023551237349
frame_010,frame_016,10,16,5,6,False,False,671,"mountain bike, all-terrain bike, off-roader",0.6969059770074442,0.36110477401045316,0.8201878070831299,0.17981219291687012,0.019613766773678383,5.46642800173784,0.08189655172413793,0.37640207023864714,4.596067383966639
frame_010,frame_017,10,17,5,7,False,False,671,"mountain bike, all-terrain bike, off-roader",0.5171396254116319,0.6594423724411866,0.7634451389312744,0.23655486106872559,0.018057515621872543,5.527094749079349,0.0625,0.3059780194384896,4.895648311015834
frame_010,frame_000,10,0,10,-10,False,False,671,"mountain bike, all-terrain bike, off-roader",0.8614038041756757,0.14919189010106848,0.889838457107544,0.11016154289245605,0.0965831502479723,4.795076146990869,0.021551724137931036,0.2415964097363758,11.210073411767837
frame_010,frame_001,10,1,10,-9,True,False,671,"mountain bike, all-terrain bike, off-roader",0.9667286319325044,0.03383745173098429,0.9653615951538086,0.034638404846191406,0.07217238775818265,4.651904797264781,0.03879310344827586,0.32951564207663053,8.494180995753142
frame_010,frame_002,10,2,10,-8,False,False,671,"mountain bike, all-terrain bike, off-roader",0.7798379110470317,0.24866918724319031,0.8816632032394409,0.11833679676055908,0.08350923737667344,4.4881742785361025,0.0603448275862069,0.5063850988867352,8.391524495837325
frame_010,frame_003,10,3,10,-7,False,False,518,crash helmet,0.7680526466021022,0.2638969979207729,0.8401228189468384,0.15987718105316162,0.06948726074057976,4.505395701560351,0.08836206896551724,0.601718519415398,6.809692512408407
frame_010,frame_004,10,4,10,-6,False,False,518,crash helmet,0.9193822503612465,0.08405330147262635,0.9329401850700378,0.06705981492996216,0.07437904293433766,4.665839544497353,0.11853448275862069,0.5723945095765993,4.828928226246219
frame_010,frame_005,10,5,10,-5,False,False,518,crash helmet,0.9493888975447128,0.05193676711413442,0.9647940993309021,0.0352059006690979,0.059151594421758616,4.754492605714912,0.1788793103448276,0.6644515731550104,3.7145244571557203
frame_010,frame_006,10,6,10,-4,False,False,518,crash helmet,0.893147082153514,0.11300400600909555,0.9398333430290222,0.06016665697097778,0.04147449851861248,5.062927724136448,0.26939655172413796,0.665730296981437,2.471190862395094
frame_010,frame_007,10,7,10,-3,False,False,880,"unicycle, monocycle",0.7246691912756958,0.3220400161540531,0.8733993172645569,0.12660068273544312,0.03349510979620026,5.235516967184943,0.39655172413793105,0.7714454824309465,1.9453842600432563
frame_010,frame_008,10,8,10,-2,False,False,518,crash helmet,0.554016975291556,0.5905599513837907,0.8369927406311035,0.16300725936889648,0.028303868466640812,5.383621961585293,0.5,0.8086544670965079,1.6173089341930158
frame_010,frame_009,10,9,10,-1,False,False,518,crash helmet,0.5128864395984892,0.6677008236213724,0.806156575679779,0.19384342432022095,0.01887369884462941,5.504720273940453,0.5043103448275862,0.8035007118291042,1.593266368755147
frame_010,frame_011,10,11,10,1,False,True,665,moped,0.32076612453118475,1.137043005413445,0.7129430174827576,0.28705698251724243,0.029778125868185693,5.2641149383353065,0.47844827586206895,0.8158497261297912,1.7051994275865907
frame_010,frame_012,10,12,10,2,False,False,665,moped,0.5451850161520239,0.6066300627508858,0.8030433654785156,0.19695663452148438,0.04190331038938495,5.109007774153854,0.3642241379310345,0.7214405186938782,1.9807597673015354
frame_010,frame_013,10,13,10,3,False,False,518,crash helmet,0.6471615807028595,0.43515927732548665,0.8746757507324219,0.12532424926757812,0.029199849431236335,5.00263117551669,0.2629310344827586,0.7093816992228955,2.697976298683799
frame_010,frame_014,10,14,10,4,False,False,518,crash helmet,0.7294942492661145,0.31540379416741526,0.8680081963539124,0.13199180364608765,0.0434214162749836,4.794947478264923,0.16594827586206898,0.6684813394925821,4.028251188630625
frame_010,frame_015,10,15,10,5,False,False,671,"mountain bike, all-terrain bike, off-roader",0.39960620273045816,0.9172757099797151,0.7942951917648315,0.20570480823516846,0.08091802217986634,4.593525962441905,0.11853448275862069,0.6476913491409513,5.464159745480026
frame_010,frame_016,10,16,10,6,False,False,671,"mountain bike, all-terrain bike, off-roader",0.7155274244259394,0.3347353516832179,0.8772700428962708,0.12272995710372925,0.07740195260105379,4.629532257470394,0.08189655172413793,0.5856801200383818,7.151462518363399
frame_010,frame_017,10,17,10,7,False,False,671,"mountain bike, all-terrain bike, off-roader",0.7188795817492876,0.3300614154692596,0.8839511275291443,0.11604887247085571,0.08627392178139744,4.699988536473317,0.0625,0.49360432827816864,7.897669252450698
frame_010,frame_000,10,0,20,-10,False,False,671,"mountain bike, all-terrain bike, off-roader",0.8859889148511209,0.12105083991004184,0.9167872667312622,0.08321273326873779,0.06941440055922699,5.204445657457595,0.021551724137931036,0.20048075910706464,9.3023072225678
frame_010,frame_001,10,1,20,-9,True,False,671,"mountain bike, all-terrain bike, off-roader",0.9927713067966377,0.007254946802059514,0.9911448359489441,0.008855164051055908,0.06447573809992245,5.130208457369146,0.03879310344827586,0.28242840083754556,7.2803765549233965
frame_010,frame_002,10,2,20,-8,False,False,671,"mountain bike, all-terrain bike, off-roader",0.9467672416459232,0.054702000962917996,0.9667537808418274,0.03324621915817261,0.0951182757028567,4.769569415469645,0.0603448275862069,0.4160129092022253,6.893928209636876
frame_010,frame_003,10,3,20,-7,False,False,518,crash helmet,0.6614703851102253,0.41329006572601323,0.863913893699646,0.136086106300354,0.06665271385698106,4.767329111450291,0.08836206896551724,0.5046692551987517,5.711378888102947
frame_010,frame_004,10,4,20,-6,False,False,518,crash helmet,0.881026609660406,0.12666744957427079,0.9289722442626953,0.07102775573730469,0.06153831601707119,4.917201930438693,0.11853448275862069,0.46645880856814914,3.93521613046584
frame_010,frame_005,10,5,20,-5,False,False,518,crash helmet,0.825642712063418,0.19159315102008723,0.9302311539649963,0.06976884603500366,0.06407774380952039,5.147608828267774,0.1788793103448276,0.5433653870518201,3.0376089107475246
frame_010,frame_006,10,6,20,-4,False,False,671,"mountain bike, all-terrain bike, off-roader",0.7313213864851427,0.31290226265705634,0.9131958484649658,0.08680415153503418,0.051241182185654266,5.327535860748088,0.26939655172413796,0.6078626691576688,2.2563862279132665
frame_010,frame_007,10,7,20,-3,False,False,671,"mountain bike, all-terrain bike, off-roader",0.9535044964186333,0.04761113825416308,0.9657359719276428,0.03426402807235718,0.03115860130055446,5.572811528568347,0.39655172413793105,0.6780201949542294,1.7097900568411002
frame_010,frame_008,10,8,20,-2,False,False,671,"mountain bike, all-terrain bike, off-roader",0.7973892753253264,0.22641229367972215,0.899945855140686,0.10005414485931396,0.03566731161167888,5.637257806545042,0.5,0.6846612786321126,1.3693225572642251
frame_010,frame_009,10,9,20,-1,False,False,671,"mountain bike, all-terrain bike, off-roader",0.8313612771096894,0.18469082877186072,0.9049482941627502,0.09505170583724976,0.011877225828908742,5.76869788139034,0.5043103448275862,0.7066982542202174,1.4013161964024823
frame_010,frame_011,10,11,20,1,False,False,671,"mountain bike, all-terrain bike, off-roader",0.6966993500961539,0.36140130977819984,0.8579810857772827,0.14201891422271729,0.021445266485989732,5.729125740677711,0.47844827586206895,0.6900342977481956,1.442233847545778
frame_010,frame_012,10,12,20,2,False,True,671,"mountain bike, all-terrain bike, off-roader",0.5961584076274612,0.5172488626214253,0.8506667613983154,0.14933323860168457,0.06003137364607059,5.44600419704107,0.3642241379310345,0.6499039059364419,1.7843515523935445
frame_010,frame_013,10,13,20,3,False,False,518,crash helmet,0.5254472293434428,0.6435055136058478,0.8776198625564575,0.12238013744354248,0.028348419837887575,5.3876533230065,0.2629310344827586,0.6153081523325545,2.3401883826418466
frame_010,frame_014,10,14,20,4,False,False,671,"mountain bike, all-terrain bike, off-roader",0.6319177479013254,0.4589960390307204,0.89649897813797,0.10350102186203003,0.03667632502665176,5.231562713643555,0.16594827586206898,0.5139017449129192,3.0967585667479804
frame_010,frame_015,10,15,20,5,False,False,671,"mountain bike, all-terrain bike, off-roader",0.9559709295318927,0.045027774832524514,0.9662148952484131,0.033785104751586914,0.05795210390751828,5.051866164954461,0.11853448275862069,0.4970801785971083,4.193549143073787
frame_010,frame_016,10,16,20,6,False,False,671,"mountain bike, all-terrain bike, off-roader",0.981803250487009,0.018364346621142502,0.9838789701461792,0.0161210298538208,0.0487090687342424,5.049079313590447,0.08189655172413793,0.41532812861411444,5.07137504413024
frame_010,frame_017,10,17,20,7,False,False,671,"mountain bike, all-terrain bike, off-roader",0.9882681975329975,0.011801163078597021,0.9888209700584412,0.011179029941558838,0.057337127373025334,4.941404689835826,0.0625,0.3471841183601619,5.55494589376259
frame_010,frame_000,10,0,30,-10,False,False,671,"mountain bike, all-terrain bike, off-roader",0.8706492526645351,0.1385160782220881,0.8820663690567017,0.11793363094329834,0.022805860579124825,5.4871246141752446,0.021551724137931036,0.0525153123531355,2.4367104931854873
frame_010,frame_001,10,1,30,-9,False,False,671,"mountain bike, all-terrain bike, off-roader",0.98940709463756,0.010649409567825785,0.9879802465438843,0.012019753456115723,0.0321650839687926,5.511927005800994,0.03879310344827586,0.0942892424474569,2.4305671386455554
frame_010,frame_002,10,2,30,-8,False,False,518,crash helmet,0.6866567880407043,0.3759206923185934,0.9040459990501404,0.09595400094985962,0.023442702331229658,5.64248385966037,0.0603448275862069,0.13853464900032153,2.295717040576757
frame_010,frame_003,10,3,30,-7,False,False,518,crash helmet,0.9641564240362916,0.03650173193741668,0.9680272936820984,0.03197270631790161,0.025353623098280494,5.572170356591854,0.08836206896551724,0.15997952039972446,1.8104999381822477
frame_010,frame_004,10,4,30,-6,False,False,518,crash helmet,0.9727828524257717,0.027594394955021195,0.9766943454742432,0.023305654525756836,0.02391199214694036,5.62160171503552,0.11853448275862069,0.23079912828864257,1.94710537319873
frame_010,frame_005,10,5,30,-5,True,False,518,crash helmet,0.9850936239201249,0.015018592661879993,0.9881370067596436,0.011862993240356445,0.044458218420260806,5.489887889636535,0.1788793103448276,0.2877971160784766,1.6088899019326883
frame_010,frame_006,10,6,30,-4,False,False,518,crash helmet,0.8403113174465031,0.1739828397981844,0.9351622462272644,0.0648377537727356,0.023292017727103615,5.588482043702896,0.26939655172413796,0.3352727634851095,1.2445324980567263
frame_010,frame_007,10,7,30,-3,False,False,671,"mountain bike, all-terrain bike, off-roader",0.8048142423840869,0.217143782993936,0.905930757522583,0.09406924247741699,0.02082480641592189,5.66596009933331,0.39655172413793105,0.44038512611756914,1.110536404992131
frame_010,frame_008,10,8,30,-2,False,True,671,"mountain bike, all-terrain bike, off-roader",0.6483312551718183,0.4333535169933489,0.871545672416687,0.128454327583313,0.04104723391257158,5.579782283050738,0.5,0.548101137099122,1.096202274198244
frame_010,frame_009,10,9,30,-1,False,False,671,"mountain bike, all-terrain bike, off-roader",0.7332140392251599,0.3103176153205274,0.8778550028800964,0.12214499711990356,0.03469599486499286,5.586572430271919,0.5043103448275862,0.5676124828314597,1.125522188178621
frame_010,frame_011,10,11,30,1,False,False,671,"mountain bike, all-terrain bike, off-roader",0.9220909964415563,0.08111136567345856,0.9455710649490356,0.054428935050964355,0.021490482938837485,5.546611778836407,0.47844827586206895,0.6219073717379742,1.2998424346235136
frame_010,frame_012,10,12,30,2,False,False,671,"mountain bike, all-terrain bike, off-roader",0.8536264299320886,0.15826161657317428,0.9208644032478333,0.07913559675216675,0.018466226746092683,5.577990990033135,0.3642241379310345,0.5238646421722555,1.4383029228871393
frame_010,frame_013,10,13,30,3,False,False,518,crash helmet,0.6767811162265223,0.39040737263593606,0.8995032906532288,0.10049670934677124,0.029270935974137567,5.525099876715064,0.2629310344827586,0.3818428152711216,1.452254641686889
frame_010,frame_014,10,14,30,4,False,False,518,crash helmet,0.6624933558680278,0.4117447500504978,0.9053700566291809,0.09462994337081909,0.018548784569885866,5.583946161517227,0.16594827586206898,0.2953909768369411,1.780018353926502
frame_010,frame_015,10,15,30,5,False,False,671,"mountain bike, all-terrain bike, off-roader",0.8020929992423583,0.22053071868330543,0.9185405373573303,0.08145946264266968,0.04718302892552138,5.56958298286543,0.11853448275862069,0.24556462980239963,2.071672513242062
frame_010,frame_016,10,16,30,6,False,False,671,"mountain bike, all-terrain bike, off-roader",0.9784452148122083,0.021790482663667454,0.9828587770462036,0.017141222953796387,0.07397457207903815,5.491019540267644,0.08189655172413793,0.13389063171990528,1.6348750820535805
frame_010,frame_017,10,17,30,7,False,False,671,"mountain bike, all-terrain bike, off-roader",0.9651301838795096,0.0354922811674685,0.9726696610450745,0.027330338954925537,0.0341143078371478,5.484799083506543,0.0625,0.08818899878918499,1.4110239806269598
frame_010,frame_000,10,0,40,-10,False,False,671,"mountain bike, all-terrain bike, off-roader",0.9473451141412879,0.054091823312655274,0.9494358897209167,0.05056411027908325,0.07233469128813347,4.5025804698289305,0.021551724137931036,0.24760447402184507,11.48884759461361
frame_010,frame_001,10,1,40,-9,True,False,671,"mountain bike, all-terrain bike, off-roader",0.9953698795321135,0.004640872677849295,0.9941372871398926,0.005862712860107422,0.10603128624266825,4.065833175304782,0.03879310344827586,0.400571073735812,10.325832122967599
frame_010,frame_002,10,2,40,-8,False,False,518,crash helmet,0.564299635568067,0.5721698998196436,0.8962178230285645,0.10378217697143555,0.08149324317204885,4.100506467108758,0.0603448275862069,0.6535437663824905,10.83015384290984
frame_010,frame_003,10,3,40,-7,False,False,518,crash helmet,0.9885130365596286,0.01155344823422233,0.9886026382446289,0.011397361755371094,0.06538268250270746,4.335114356539484,0.08836206896551724,0.6966948931377113,7.884547083314587
frame_010,frame_004,10,4,40,-6,False,False,518,crash helmet,0.9920180452486398,0.008013981087875877,0.9917517304420471,0.00824826955795288,0.049962692448878764,4.413441765846969,0.11853448275862069,0.6066210273730457,5.117675576383513
frame_010,frame_005,10,5,40,-5,False,False,518,crash helmet,0.9914156208823095,0.008621437132554366,0.992138147354126,0.007861852645874023,0.03604226940750754,4.681722233912206,0.1788793103448276,0.716959894483206,4.008064952291657
frame_010,frame_006,10,6,40,-4,False,False,518,crash helmet,0.8594996024754614,0.15140491666607492,0.9382147789001465,0.061785221099853516,0.039907518647231605,4.9148477150716765,0.26939655172413796,0.7296721780858717,2.7085431250547556
frame_010,frame_007,10,7,40,-3,False,False,671,"mountain bike, all-terrain bike, off-roader",0.6625215143806878,0.41170224711215875,0.8695763349533081,0.1304236650466919,0.024465206847702755,5.127300395689414,0.39655172413793105,0.7628916888153182,1.9238138239690632
frame_010,frame_008,10,8,40,-2,False,False,671,"mountain bike, all-terrain bike, off-roader",0.5915707216099243,0.5249740395494746,0.8618683815002441,0.13813161849975586,0.04793893562505487,5.1395791862858955,0.5,0.8061961482787835,1.612392296557567
frame_010,frame_009,10,9,40,-1,False,True,671,"mountain bike, all-terrain bike, off-roader",0.6230578160004586,0.4731159619316214,0.8577867746353149,0.14221322536468506,0.025412676144536128,5.2060886016740575,0.5043103448275862,0.8728291182589534,1.7307380806502324
frame_010,frame_011,10,11,40,1,False,False,671,"mountain bike, all-terrain bike, off-roader",0.6485741081551729,0.43297900549380497,0.8906844854354858,0.10931551456451416,0.032049275698944224,5.10997972523611,0.47844827586206895,0.8539433814852352,1.7848185991403114
frame_010,frame_012,10,12,40,2,False,False,671,"mountain bike, all-terrain bike, off-roader",0.904948032921752,0.09987775911683716,0.9414200186729431,0.058579981327056885,0.06448628526177187,4.807173773493803,0.3642241379310345,0.8332933164501892,2.2878585729756673
frame_010,frame_013,10,13,40,3,False,False,518,crash helmet,0.5983083205499397,0.5136490716964914,0.8893479108810425,0.11065208911895752,0.033390737509962985,4.907929432950139,0.2629310344827586,0.7757043070294021,2.9502196595216605
frame_010,frame_014,10,14,40,4,False,False,671,"mountain bike, all-terrain bike, off-roader",0.6349363480350213,0.4542305244286684,0.9027486443519592,0.09725135564804077,0.0326245607550254,4.69517768952203,0.16594827586206898,0.745817632132452,4.494277679343607
frame_010,frame_015,10,15,40,5,False,False,671,"mountain bike, all-terrain bike, off-roader",0.9049214243927222,0.09990716292706692,0.9501769542694092,0.04982304573059082,0.05183412893572503,4.467574311733962,0.11853448275862069,0.7149615428489228,6.031675561489094
frame_010,frame_016,10,16,40,6,False,False,671,"mountain bike, all-terrain bike, off-roader",0.9935627330716693,0.006458075479284453,0.9935744404792786,0.0064255595207214355,0.04955046603263797,4.276849530935747,0.08189655172413793,0.6277391433242948,7.665025329012442
frame_010,frame_017,10,17,40,7,False,False,671,"mountain bike, all-terrain bike, off-roader",0.9768167261599766,0.023456232908846797,0.9807596802711487,0.01924031972885132,0.05864925085313402,4.188314193072685,0.0625,0.6462212874221342,10.339540598754148
frame_010,frame_000,10,0,50,-10,False,False,671,"mountain bike, all-terrain bike, off-roader",0.9546107046076462,0.04645166076313001,0.9541574120521545,0.04584258794784546,0.09068709444030561,4.387008903588378,0.021551724137931036,0.23229259032121372,10.778376190904316
frame_010,frame_001,10,1,50,-9,True,False,671,"mountain bike, all-terrain bike, off-roader",0.9963742348045174,0.003632354213752631,0.9955413937568665,0.004458606243133545,0.06444445921562453,4.270160546898591,0.03879310344827586,0.4718243683755015,12.162583718124038
frame_010,frame_002,10,2,50,-8,False,False,518,crash helmet,0.7035618490717052,0.3515994900565551,0.9112143516540527,0.08878564834594727,0.056766956640886546,4.174798003940639,0.0603448275862069,0.6802481686980167,11.272683938424278
frame_010,frame_003,10,3,50,-7,False,False,518,crash helmet,0.9878047335030364,0.012270238922084495,0.989581823348999,0.010418176651000977,0.047694828797483935,4.3184396992975405,0.08836206896551724,0.6792419445541391,7.687030787149282
frame_010,frame_004,10,4,50,-6,False,False,518,crash helmet,0.9949383763939509,0.005074477013899736,0.9946703910827637,0.005329608917236328,0.05713128293085963,4.484968289375998,0.11853448275862069,0.6798595472581538,5.735542362323334
frame_010,frame_005,10,5,50,-5,False,False,518,crash helmet,0.993038643346318,0.006985699937548606,0.9936802387237549,0.006319761276245117,0.032172634270831606,4.804899192524362,0.1788793103448276,0.7304618535848487,4.083545783896022
frame_010,frame_006,10,6,50,-4,False,False,518,crash helmet,0.8631374480776183,0.14718133281961698,0.9411226511001587,0.05887734889984131,0.031271103833049325,5.066028949939115,0.26939655172413796,0.7449563683580775,2.7652780393451835
frame_010,frame_007,10,7,50,-3,False,False,671,"mountain bike, all-terrain bike, off-roader",0.6586756374587734,0.4175240698115359,0.8750916123390198,0.12490838766098022,0.025871861258709907,5.304487389186657,0.39655172413793105,0.7919564304892932,1.9971075203643045
frame_010,frame_008,10,8,50,-2,False,True,671,"mountain bike, all-terrain bike, off-roader",0.5124994398692515,0.6684556609082168,0.8674548268318176,0.13254517316818237,0.03353014593614203,5.330534949511135,0.5,0.8172551410108574,1.6345102820217148
frame_010,frame_009,10,9,50,-1,False,False,671,"mountain bike, all-terrain bike, off-roader",0.6847909668107084,0.37864164523064225,0.8823761940002441,0.11762380599975586,0.022938392845724694,5.5138464144470625,0.5043103448275862,0.8085615383526106,1.6033015119470568
frame_010,frame_011,10,11,50,1,False,False,671,"mountain bike, all-terrain bike, off-roader",0.954133102114007,0.04695209723021865,0.9651253819465637,0.03487461805343628,0.020441463490177232,5.352899214774558,0.47844827586206895,0.840770877995757,1.757286880135276
frame_010,frame_012,10,12,50,2,False,False,671,"mountain bike, all-terrain bike, off-roader",0.9045752253904489,0.10028980967751977,0.9437370300292969,0.056262969970703125,0.04321976795187927,5.103073339626371,0.3642241379310345,0.7617570560850817,2.0914513255827094
frame_010,frame_013,10,13,50,3,False,False,671,"mountain bike, all-terrain bike, off-roader",0.5674662392442084,0.5665740217147741,0.8834829330444336,0.1165170669555664,0.0294947878122852,4.984680823290798,0.2629310344827586,0.770776256760911,2.9314769109595304
frame_010,frame_014,10,14,50,4,False,False,671,"mountain bike, all-terrain bike, off-roader",0.7522472217885169,0.28469025668117265,0.9168359041213989,0.08316409587860107,0.03844995088813014,4.765830855917134,0.16594827586206898,0.698319751742593,4.208056685825495
frame_010,frame_015,10,15,50,5,False,False,671,"mountain bike, all-terrain bike, off-roader",0.8948498598100406,0.11109932918181453,0.9469749927520752,0.053025007247924805,0.05616938331013709,4.4800773061748345,0.11853448275862069,0.7287141246325887,6.14769734235493
frame_010,frame_016,10,16,50,6,False,False,671,"mountain bike, all-terrain bike, off-roader",0.9929494854963536,0.007075486828748367,0.9934870600700378,0.006512939929962158,0.06677864557496714,4.343476600722637,0.08189655172413793,0.6879892017479101,8.40071025292185
frame_010,frame_017,10,17,50,7,False,False,671,"mountain bike, all-terrain bike, off-roader",0.9777922528423485,0.022458051918326394,0.9805785417556763,0.01942145824432373,0.08320721310668565,4.4647846912720945,0.0625,0.5888639463412971,9.421823141460754
frame_011,frame_000,11,0,5,-11,False,True,671,"mountain bike, all-terrain bike, off-roader",0.2611935342076802,1.3424936360681796,0.5756451487541199,0.4243548512458801,0.023690346129588858,5.554915370447789,0.021551724137931036,0.10416967016159452,4.833472695497986
frame_011,frame_001,11,1,5,-10,False,False,671,"mountain bike, all-terrain bike, off-roader",0.2654737252415066,1.3262394065061613,0.6090452671051025,0.39095473289489746,0.0275572354673797,5.455385643259105,0.03879310344827586,0.21691054307456703,5.591471777033283
frame_011,frame_002,11,2,5,-9,False,False,671,"mountain bike, all-terrain bike, off-roader",0.5151424911879743,0.6633117346693873,0.732602596282959,0.267397403717041,0.030358337852820504,5.2474729605526385,0.0603448275862069,0.4041500825969166,6.697344225891761
frame_011,frame_003,11,3,5,-8,False,False,518,crash helmet,0.30564376387033143,1.1853350255608521,0.6385321617126465,0.3614678382873535,0.022950298857086406,5.279529426650987,0.08836206896551724,0.46553130965095935,5.268451894586467
frame_011,frame_004,11,4,5,-7,False,False,802,snowmobile,0.7428274258298003,0.297291527958754,0.8675550222396851,0.13244497776031494,0.02184241257223541,5.30311855848685,0.11853448275862069,0.47786848954573236,4.031472348167633
frame_011,frame_005,11,5,5,-6,False,False,518,crash helmet,0.8992505800764609,0.10619355133965502,0.9196305871009827,0.08036941289901733,0.01888973082782932,5.453197346695504,0.1788793103448276,0.5770676432055594,3.2260167041852954
frame_011,frame_006,11,6,5,-5,False,False,518,crash helmet,0.8520300831631423,0.16013344389923745,0.918432354927063,0.08156764507293701,0.0126725101347304,5.625085689516694,0.26939655172413796,0.6270803336034665,2.327722198336067
frame_011,frame_007,11,7,5,-4,False,False,880,"unicycle, monocycle",0.6458730890815707,0.43715225102972344,0.871300995349884,0.12869900465011597,0.009880921781415513,5.793294185902976,0.39655172413793105,0.6664168354769677,1.6805294112027882
frame_011,frame_008,11,8,5,-3,True,False,518,crash helmet,0.9028670137644454,0.10218000798936266,0.9235605001449585,0.0764394998550415,0.00929018211253466,5.831146356034385,0.5,0.7163373600105077,1.4326747200210155
frame_011,frame_009,11,9,5,-2,False,False,518,crash helmet,0.649588997680121,0.43141542734688176,0.8157934546470642,0.1842065453529358,0.00949529093353045,5.872187090422144,0.5043103448275862,0.7413798072939874,1.4700864554889324
frame_011,frame_010,11,10,5,-1,False,False,518,crash helmet,0.2824705889007727,1.264180843901233,0.6817905902862549,0.3182094097137451,0.007542268901348353,5.87805453379891,0.5280172413793104,0.7461333270427577,1.413085158154447
frame_011,frame_012,11,12,5,1,False,False,880,"unicycle, monocycle",0.4609842928204579,0.7743913085389278,0.7624669075012207,0.2375330924987793,0.00930787164921801,5.698163143085976,0.3642241379310345,0.6803853461242799,1.8680402402465437
frame_011,frame_013,11,13,5,2,False,False,518,crash helmet,0.6710689127770444,0.3988834456787709,0.8253144025802612,0.17468559741973877,0.017320455959935394,5.4849549482842725,0.2629310344827586,0.6328013825315686,2.4067200122512116
frame_011,frame_014,11,14,5,3,False,False,518,crash helmet,0.6517015221619596,0.42816860996759853,0.7943504452705383,0.20564955472946167,0.017761901268908458,5.355310026305725,0.16594827586206898,0.5320398129448978,3.206058093590033
frame_011,frame_015,11,15,5,4,False,False,671,"mountain bike, all-terrain bike, off-roader",0.34180313179484445,1.07352034568948,0.7146630883216858,0.2853369116783142,0.020782159776604723,5.316589146030671,0.11853448275862069,0.5011617701687204,4.227982933787024
frame_011,frame_016,11,16,5,5,False,False,671,"mountain bike, all-terrain bike, off-roader",0.6969059770074442,0.36110477401045316,0.8201878070831299,0.17981219291687012,0.021606830970206048,5.37033152825259,0.08189655172413793,0.40222625869993317,4.911394316757079
frame_011,frame_017,11,17,5,6,False,False,671,"mountain bike, all-terrain bike, off-roader",0.5171396254116319,0.6594423724411866,0.7634451389312744,0.23655486106872559,0.021239621214175126,5.431028800832566,0.0625,0.331580852273392,5.305293636374272
frame_011,frame_000,11,0,10,-11,False,False,671,"mountain bike, all-terrain bike, off-roader",0.8614038041756757,0.14919189010106848,0.889838457107544,0.11016154289245605,0.10471088938294791,4.6496277566340805,0.021551724137931036,0.2575942846036375,11.952374805608779
frame_011,frame_001,11,1,10,-10,True,False,671,"mountain bike, all-terrain bike, off-roader",0.9667286319325044,0.03383745173098429,0.9653615951538086,0.034638404846191406,0.08654390117693853,4.524640305855452,0.03879310344827586,0.3586571489380356,9.245384283736028
frame_011,frame_002,11,2,10,-9,False,False,671,"mountain bike, all-terrain bike, off-roader",0.7798379110470317,0.24866918724319031,0.8816632032394409,0.11833679676055908,0.08445977569960436,4.338617588600117,0.0603448275862069,0.5315805724278361,8.809049485946998
frame_011,frame_003,11,3,10,-8,False,False,518,crash helmet,0.7680526466021022,0.2638969979207729,0.8401228189468384,0.15987718105316162,0.07173621664988637,4.359632498285531,0.08836206896551724,0.6281700234838727,7.109046119427243
frame_011,frame_004,11,4,10,-7,False,False,518,crash helmet,0.9193822503612465,0.08405330147262635,0.9329401850700378,0.06705981492996216,0.07647696147965925,4.545765196230143,0.11853448275862069,0.590974486250458,4.985675665822046
frame_011,frame_005,11,5,10,-6,False,False,518,crash helmet,0.9493888975447128,0.05193676711413442,0.9647940993309021,0.0352059006690979,0.06332357248164089,4.650415202895852,0.1788793103448276,0.688550344670484,3.849245300326561
frame_011,frame_006,11,6,10,-5,False,False,518,crash helmet,0.893147082153514,0.11300400600909555,0.9398333430290222,0.06016665697097778,0.04408313310100556,4.987088873379178,0.26939655172413796,0.6913505334786657,2.566293180272807
frame_011,frame_007,11,7,10,-4,False,False,880,"unicycle, monocycle",0.7246691912756958,0.3220400161540531,0.8733993172645569,0.12660068273544312,0.036810145582707836,5.19453916168661,0.39655172413793105,0.7775870149234774,1.960871602850508
frame_011,frame_008,11,8,10,-3,False,False,518,crash helmet,0.554016975291556,0.5905599513837907,0.8369927406311035,0.16300725936889648,0.032507982194778594,5.3606822281747775,0.5,0.8131519096975619,1.6263038193951238
frame_011,frame_009,11,9,10,-2,False,False,518,crash helmet,0.5128864395984892,0.6677008236213724,0.806156575679779,0.19384342432022095,0.021802966044045257,5.507661778399618,0.5043103448275862,0.8161602692232082,1.6183690808528572
frame_011,frame_010,11,10,10,-1,False,True,671,"mountain bike, all-terrain bike, off-roader",0.4245365855839464,0.8567570918232663,0.7656325101852417,0.2343674898147583,0.021865313904587763,5.5168647346170605,0.5280172413793104,0.8029054207214901,1.520604551897026
frame_011,frame_012,11,12,10,1,False,False,665,moped,0.5451850161520239,0.6066300627508858,0.8030433654785156,0.19695663452148438,0.04194565506894695,5.090345399808919,0.3642241379310345,0.7248069279004072,1.9900024529336626
frame_011,frame_013,11,13,10,2,False,False,518,crash helmet,0.6471615807028595,0.43515927732548665,0.8746757507324219,0.12532424926757812,0.030536488394641396,4.963317548200695,0.2629310344827586,0.7265937952425469,2.7634386966601783
frame_011,frame_014,11,14,10,3,False,False,518,crash helmet,0.7294942492661145,0.31540379416741526,0.8680081963539124,0.13199180364608765,0.042054433616747655,4.752653363456693,0.16594827586206898,0.6663212661015425,4.015234642482022
frame_011,frame_015,11,15,10,4,False,False,671,"mountain bike, all-terrain bike, off-roader",0.39960620273045816,0.9172757099797151,0.7942951917648315,0.20570480823516846,0.07749837708878687,4.524703121206578,0.11853448275862069,0.67032364227709,5.655094000301268
frame_011,frame_016,11,16,10,5,False,False,671,"mountain bike, all-terrain bike, off-roader",0.7155274244259394,0.3347353516832179,0.8772700428962708,0.12272995710372925,0.07861999467379262,4.527110509573391,0.08189655172413793,0.6053410875386486,7.3915332794192885
frame_011,frame_017,11,17,10,6,False,False,671,"mountain bike, all-terrain bike, off-roader",0.7188795817492876,0.3300614154692596,0.8839511275291443,0.11604887247085571,0.09138610443286899,4.553935283436656,0.0625,0.5101012132002231,8.161619411203569
frame_011,frame_000,11,0,20,-11,False,False,671,"mountain bike, all-terrain bike, off-roader",0.8859889148511209,0.12105083991004184,0.9167872667312622,0.08321273326873779,0.05491819707444482,5.297407349923217,0.021551724137931036,0.18052625311091947,8.376418144346662
frame_011,frame_001,11,1,20,-10,True,False,671,"mountain bike, all-terrain bike, off-roader",0.9927713067966377,0.007254946802059514,0.9911448359489441,0.008855164051055908,0.05662997742563208,5.244044072204345,0.03879310344827586,0.25504436217303156,6.5744768915714795
frame_011,frame_002,11,2,20,-9,False,False,671,"mountain bike, all-terrain bike, off-roader",0.9467672416459232,0.054702000962917996,0.9667537808418274,0.03324621915817261,0.08369737213422343,4.892542921087537,0.0603448275862069,0.3881145714627246,6.431612898525151
frame_011,frame_003,11,3,20,-8,False,False,518,crash helmet,0.6614703851102253,0.41329006572601323,0.863913893699646,0.136086106300354,0.06639261441798872,4.8927188570260665,0.08836206896551724,0.4755209777825292,5.38150569978277
frame_011,frame_004,11,4,20,-7,False,False,518,crash helmet,0.881026609660406,0.12666744957427079,0.9289722442626953,0.07102775573730469,0.06002661935079832,5.002812499702329,0.11853448275862069,0.44718264967286997,3.7725954445129393
frame_011,frame_005,11,5,20,-6,False,False,518,crash helmet,0.825642712063418,0.19159315102008723,0.9302311539649963,0.06976884603500366,0.05948937600650811,5.195701852216276,0.1788793103448276,0.537456660541393,3.004576993869956
frame_011,frame_006,11,6,20,-5,False,False,671,"mountain bike, all-terrain bike, off-roader",0.7313213864851427,0.31290226265705634,0.9131958484649658,0.08680415153503418,0.051568288502397135,5.328522115477499,0.26939655172413796,0.6023517915376373,2.2359298501877096
frame_011,frame_007,11,7,20,-4,False,False,671,"mountain bike, all-terrain bike, off-roader",0.9535044964186333,0.04761113825416308,0.9657359719276428,0.03426402807235718,0.027821354335618418,5.563068272215615,0.39655172413793105,0.6840476029080553,1.7249896073333568
frame_011,frame_008,11,8,20,-3,False,False,671,"mountain bike, all-terrain bike, off-roader",0.7973892753253264,0.22641229367972215,0.899945855140686,0.10005414485931396,0.03626166333817844,5.620552735089061,0.5,0.7001430204819887,1.4002860409639775
frame_011,frame_009,11,9,20,-2,False,False,671,"mountain bike, all-terrain bike, off-roader",0.8313612771096894,0.18469082877186072,0.9049482941627502,0.09505170583724976,0.015807427468561005,5.769512311496984,0.5043103448275862,0.7109235565611107,1.4096945736938264
frame_011,frame_010,11,10,20,-1,False,False,671,"mountain bike, all-terrain bike, off-roader",0.8950639750010992,0.11086008281373161,0.9257615208625793,0.07423847913742065,0.014152266151512853,5.83396969403169,0.5280172413793104,0.6756986545186939,1.2796905130476488
frame_011,frame_012,11,12,20,1,False,True,671,"mountain bike, all-terrain bike, off-roader",0.5961584076274612,0.5172488626214253,0.8506667613983154,0.14933323860168457,0.053042151600620126,5.42817573073455,0.3642241379310345,0.6525452519873411,1.7916035320835875
frame_011,frame_013,11,13,20,2,False,False,518,crash helmet,0.5254472293434428,0.6435055136058478,0.8776198625564575,0.12238013744354248,0.026638654869731316,5.369187375529027,0.2629310344827586,0.6205299867040647,2.3600484740220167
frame_011,frame_014,11,14,20,3,False,False,671,"mountain bike, all-terrain bike, off-roader",0.6319177479013254,0.4589960390307204,0.89649897813797,0.10350102186203003,0.03398269843514758,5.23692617182334,0.16594827586206898,0.4993688769223333,3.0091838817138004
frame_011,frame_015,11,15,20,4,False,False,671,"mountain bike, all-terrain bike, off-roader",0.9559709295318927,0.045027774832524514,0.9662148952484131,0.033785104751586914,0.05689009543257642,5.111888323400411,0.11853448275862069,0.4780273825125214,4.032812827014726
frame_011,frame_016,11,16,20,5,False,False,671,"mountain bike, all-terrain bike, off-roader",0.981803250487009,0.018364346621142502,0.9838789701461792,0.0161210298538208,0.04393417337086617,5.139060504469773,0.08189655172413793,0.391294239775165,4.777908611991489
frame_011,frame_017,11,17,20,6,False,False,671,"mountain bike, all-terrain bike, off-roader",0.9882681975329975,0.011801163078597021,0.9888209700584412,0.011179029941558838,0.05433990427970478,5.009903397137485,0.0625,0.3302240399586255,5.283584639338008
frame_011,frame_000,11,0,30,-11,False,False,671,"mountain bike, all-terrain bike, off-roader",0.8706492526645351,0.1385160782220881,0.8820663690567017,0.11793363094329834,0.021206319855997264,5.486972530680839,0.021551724137931036,0.05567021316538951,2.583097890874073
frame_011,frame_001,11,1,30,-10,False,False,671,"mountain bike, all-terrain bike, off-roader",0.98940709463756,0.010649409567825785,0.9879802465438843,0.012019753456115723,0.028165973860445725,5.513291725543284,0.03879310344827586,0.11263592293528711,2.9035037912207344
frame_011,frame_002,11,2,30,-9,False,False,518,crash helmet,0.6866567880407043,0.3759206923185934,0.9040459990501404,0.09595400094985962,0.030237103287641124,5.621415301710418,0.0603448275862069,0.16933776724134947,2.80616871428522
frame_011,frame_003,11,3,30,-8,False,False,518,crash helmet,0.9641564240362916,0.03650173193741668,0.9680272936820984,0.03197270631790161,0.02112699509511466,5.571580552433373,0.08836206896551724,0.19220753708243987,2.1752267611281
frame_011,frame_004,11,4,30,-7,False,False,518,crash helmet,0.9727828524257717,0.027594394955021195,0.9766943454742432,0.023305654525756836,0.0325898381449186,5.571158902984846,0.11853448275862069,0.25784264138791524,2.1752542837089575
frame_011,frame_005,11,5,30,-6,True,False,518,crash helmet,0.9850936239201249,0.015018592661879993,0.9881370067596436,0.011862993240356445,0.04110114287832866,5.4690567307468685,0.1788793103448276,0.3232884205317254,1.8072991220086816
frame_011,frame_006,11,6,30,-5,False,False,518,crash helmet,0.8403113174465031,0.1739828397981844,0.9351622462272644,0.0648377537727356,0.026625333295469043,5.566419594604847,0.26939655172413796,0.3594414665394899,1.3342467237945863
frame_011,frame_007,11,7,30,-4,False,False,671,"mountain bike, all-terrain bike, off-roader",0.8048142423840869,0.217143782993936,0.905930757522583,0.09406924247741699,0.02076566065919854,5.660420014137615,0.39655172413793105,0.4694577010874911,1.1838498549162817
frame_011,frame_008,11,8,30,-3,False,True,671,"mountain bike, all-terrain bike, off-roader",0.6483312551718183,0.4333535169933489,0.871545672416687,0.128454327583313,0.04265843402084061,5.528418378587901,0.5,0.5804962812853307,1.1609925625706614
frame_011,frame_009,11,9,30,-2,False,False,671,"mountain bike, all-terrain bike, off-roader",0.7332140392251599,0.3103176153205274,0.8778550028800964,0.12214499711990356,0.030137445855717895,5.59347162819052,0.5043103448275862,0.5929766256238485,1.1758168986729303
frame_011,frame_010,11,10,30,-1,False,False,671,"mountain bike, all-terrain bike, off-roader",0.9042004469589676,0.1007042098074793,0.9321157932281494,0.06788420677185059,0.02787963469280929,5.628642646357646,0.5280172413793104,0.650420647690704,1.231817063381578
frame_011,frame_012,11,12,30,1,False,False,671,"mountain bike, all-terrain bike, off-roader",0.8536264299320886,0.15826161657317428,0.9208644032478333,0.07913559675216675,0.018253747112874048,5.553873050867624,0.3642241379310345,0.5392440917532089,1.4805281572395794
frame_011,frame_013,11,13,30,2,False,False,518,crash helmet,0.6767811162265223,0.39040737263593606,0.8995032906532288,0.10049670934677124,0.024410627825504218,5.4823951090630505,0.2629310344827586,0.41250805935298157,1.5688831109818315
frame_011,frame_014,11,14,30,3,False,False,518,crash helmet,0.6624933558680278,0.4117447500504978,0.9053700566291809,0.09462994337081909,0.016254007718422107,5.49772984007882,0.16594827586206898,0.30544426160608795,1.8405991868211014
frame_011,frame_015,11,15,30,4,False,False,671,"mountain bike, all-terrain bike, off-roader",0.8020929992423583,0.22053071868330543,0.9185405373573303,0.08145946264266968,0.03959549912193333,5.489747064382288,0.11853448275862069,0.2730612777664714,2.303644234248049
frame_011,frame_016,11,16,30,5,False,False,671,"mountain bike, all-terrain bike, off-roader",0.9784452148122083,0.021790482663667454,0.9828587770462036,0.017141222953796387,0.05188500113146463,5.505025325067492,0.08189655172413793,0.15903908220312735,1.9419508984802918
frame_011,frame_017,11,17,30,6,False,False,671,"mountain bike, all-terrain bike, off-roader",0.9651301838795096,0.0354922811674685,0.9726696610450745,0.027330338954925537,0.029729796755006095,5.483393310274115,0.0625,0.10733847074193892,1.7174155318710227
frame_011,frame_000,11,0,40,-11,False,False,671,"mountain bike, all-terrain bike, off-roader",0.9473451141412879,0.054091823312655274,0.9494358897209167,0.05056411027908325,0.08847448091490978,4.34829881254916,0.021551724137931036,0.25951951057107925,12.041705290498076
frame_011,frame_001,11,1,40,-10,True,False,671,"mountain bike, all-terrain bike, off-roader",0.9953698795321135,0.004640872677849295,0.9941372871398926,0.005862712860107422,0.09732463229790181,4.016717343866268,0.03879310344827586,0.42601629156065696,10.981753293563601
frame_011,frame_002,11,2,40,-9,False,False,518,crash helmet,0.564299635568067,0.5721698998196436,0.8962178230285645,0.10378217697143555,0.076327712568688,4.061981344631347,0.0603448275862069,0.6541581794360751,10.840335544940674
frame_011,frame_003,11,3,40,-8,False,False,518,crash helmet,0.9885130365596286,0.01155344823422233,0.9886026382446289,0.011397361755371094,0.07733163157524302,4.260755779915739,0.08836206896551724,0.7071873392117815,8.003290863274795
frame_011,frame_004,11,4,40,-7,False,False,518,crash helmet,0.9920180452486398,0.008013981087875877,0.9917517304420471,0.00824826955795288,0.05609201227287778,4.3713254620923765,0.11853448275862069,0.6189598707004874,5.2217705455459305
frame_011,frame_005,11,5,40,-6,False,False,518,crash helmet,0.9914156208823095,0.008621437132554366,0.992138147354126,0.007861852645874023,0.039892770915964576,4.639818269414442,0.1788793103448276,0.7260344872754786,4.05879520597376
frame_011,frame_006,11,6,40,-5,False,False,518,crash helmet,0.8594996024754614,0.15140491666607492,0.9382147789001465,0.061785221099853516,0.03834371666377094,4.904756387121467,0.26939655172413796,0.7395599011494642,2.745246353066811
frame_011,frame_007,11,7,40,-4,False,False,671,"mountain bike, all-terrain bike, off-roader",0.6625215143806878,0.41170224711215875,0.8695763349533081,0.1304236650466919,0.02635747560022384,5.133852724296224,0.39655172413793105,0.7555187569395168,1.9052212131518247
frame_011,frame_008,11,8,40,-3,False,False,671,"mountain bike, all-terrain bike, off-roader",0.5915707216099243,0.5249740395494746,0.8618683815002441,0.13813161849975586,0.041947134749344035,5.179525624954348,0.5,0.80307416596956,1.60614833193912
frame_011,frame_009,11,9,40,-2,False,True,671,"mountain bike, all-terrain bike, off-roader",0.6230578160004586,0.4731159619316214,0.8577867746353149,0.14221322536468506,0.026830319431019337,5.197895174393989,0.5043103448275862,0.8805983565296265,1.7461437496997723
frame_011,frame_010,11,10,40,-1,False,False,671,"mountain bike, all-terrain bike, off-roader",0.7321423158703995,0.3117803633300813,0.8621779680252075,0.13782203197479248,0.038808446240580254,5.215963246370675,0.5280172413793104,0.8742604923538212,1.655742320212951
frame_011,frame_012,11,12,40,1,False,False,671,"mountain bike, all-terrain bike, off-roader",0.904948032921752,0.09987775911683716,0.9414200186729431,0.058579981327056885,0.06701228860898267,4.7811666565694955,0.3642241379310345,0.835616670544414,2.294237485991764
frame_011,frame_013,11,13,40,2,False,False,518,crash helmet,0.5983083205499397,0.5136490716964914,0.8893479108810425,0.11065208911895752,0.0345465317035977,4.893455242028034,0.2629310344827586,0.7714516002375048,2.934045430411494
frame_011,frame_014,11,14,40,3,False,False,671,"mountain bike, all-terrain bike, off-roader",0.6349363480350213,0.4542305244286684,0.9027486443519592,0.09725135564804077,0.03399677541209574,4.676371850483437,0.16594827586206898,0.7377580364051912,4.445710764831282
frame_011,frame_015,11,15,40,4,False,False,671,"mountain bike, all-terrain bike, off-roader",0.9049214243927222,0.09990716292706692,0.9501769542694092,0.04982304573059082,0.049618329956721705,4.451675377552698,0.11853448275862069,0.7144158001546005,6.027071477667902
frame_011,frame_016,11,16,40,5,False,False,671,"mountain bike, all-terrain bike, off-roader",0.9935627330716693,0.006458075479284453,0.9935744404792786,0.0064255595207214355,0.054766642700181896,4.256853052574351,0.08189655172413793,0.6230436969219223,7.607691457151893
frame_011,frame_017,11,17,40,6,False,False,671,"mountain bike, all-terrain bike, off-roader",0.9768167261599766,0.023456232908846797,0.9807596802711487,0.01924031972885132,0.06175894481419494,4.14815585693517,0.0625,0.6517462468629983,10.427939949807973
frame_011,frame_000,11,0,50,-11,False,False,671,"mountain bike, all-terrain bike, off-roader",0.9546107046076462,0.04645166076313001,0.9541574120521545,0.04584258794784546,0.10971381448384196,4.216494915584958,0.021551724137931036,0.24918002157380298,11.561953001024458
frame_011,frame_001,11,1,50,-10,True,False,671,"mountain bike, all-terrain bike, off-roader",0.9963742348045174,0.003632354213752631,0.9955413937568665,0.004458606243133545,0.07360539131880617,4.122523577729744,0.03879310344827586,0.513463136242457,13.23593862313889
frame_011,frame_002,11,2,50,-9,False,False,518,crash helmet,0.7035618490717052,0.3515994900565551,0.9112143516540527,0.08878564834594727,0.0612724418910228,4.054452275515685,0.0603448275862069,0.7082233735811505,11.736273047916209
frame_011,frame_003,11,3,50,-8,False,False,518,crash helmet,0.9878047335030364,0.012270238922084495,0.989581823348999,0.010418176651000977,0.05780326216296103,4.194205449444398,0.08836206896551724,0.6914015581904595,7.824642024399346
frame_011,frame_004,11,4,50,-7,False,False,518,crash helmet,0.9949383763939509,0.005074477013899736,0.9946703910827637,0.005329608917236328,0.059231214275634166,4.385216258910194,0.11853448275862069,0.6927070133600272,5.843928258164593
frame_011,frame_005,11,5,50,-6,False,False,518,crash helmet,0.993038643346318,0.006985699937548606,0.9936802387237549,0.006319761276245117,0.043180800538225976,4.710131292943771,0.1788793103448276,0.7458875191846766,4.1697808301408426
frame_011,frame_006,11,6,50,-5,False,False,518,crash helmet,0.8631374480776183,0.14718133281961698,0.9411226511001587,0.05887734889984131,0.028109556329034346,5.0073175381170465,0.26939655172413796,0.7508373808028006,2.7871083575399958
frame_011,frame_007,11,7,50,-4,False,False,671,"mountain bike, all-terrain bike, off-roader",0.6586756374587734,0.4175240698115359,0.8750916123390198,0.12490838766098022,0.025697923288288724,5.232167811158764,0.39655172413793105,0.7931522382114293,2.000123035489691
frame_011,frame_008,11,8,50,-3,False,True,671,"mountain bike, all-terrain bike, off-roader",0.5124994398692515,0.6684556609082168,0.8674548268318176,0.13254517316818237,0.02970130749397291,5.288563782222634,0.5,0.8190388288251431,1.6380776576502862
frame_011,frame_009,11,9,50,-2,False,False,671,"mountain bike, all-terrain bike, off-roader",0.6847909668107084,0.37864164523064225,0.8823761940002441,0.11762380599975586,0.021500276506196295,5.47308604982393,0.5043103448275862,0.8217706717605395,1.6294939816106426
frame_011,frame_010,11,10,50,-1,False,False,671,"mountain bike, all-terrain bike, off-roader",0.9299245389014652,0.07265183709310818,0.9486210942268372,0.05137890577316284,0.028870909942801174,5.429964874220935,0.5280172413793104,0.8062302699676085,1.5269014092447768
frame_011,frame_012,11,12,50,1,False,False,671,"mountain bike, all-terrain bike, off-roader",0.9045752253904489,0.10028980967751977,0.9437370300292969,0.056262969970703125,0.048942294742219075,5.056048400273381,0.3642241379310345,0.7674531589176177,2.107090329809317
frame_011,frame_013,11,13,50,2,False,False,671,"mountain bike, all-terrain bike, off-roader",0.5674662392442084,0.5665740217147741,0.8834829330444336,0.1165170669555664,0.02861105681025872,4.939251696201698,0.2629310344827586,0.760684169286656,2.8930938897459706
frame_011,frame_014,11,14,50,3,False,False,671,"mountain bike, all-terrain bike, off-roader",0.7522472217885169,0.28469025668117265,0.9168359041213989,0.08316409587860107,0.03674719873220577,4.740929951885632,0.16594827586206898,0.6861564863192143,4.134761164313187
frame_011,frame_015,11,15,50,4,False,False,671,"mountain bike, all-terrain bike, off-roader",0.8948498598100406,0.11109932918181453,0.9469749927520752,0.053025007247924805,0.05265785752041908,4.461920526280693,0.11853448275862069,0.7278728003438144,6.140599624718726
frame_011,frame_016,11,16,50,5,False,False,671,"mountain bike, all-terrain bike, off-roader",0.9929494854963536,0.007075486828748367,0.9934870600700378,0.006512939929962158,0.06206621922608551,4.307687990476948,0.08189655172413793,0.6907164865053389,8.434011835223085
frame_011,frame_017,11,17,50,6,False,False,671,"mountain bike, all-terrain bike, off-roader",0.9777922528423485,0.022458051918326394,0.9805785417556763,0.01942145824432373,0.0766753728819746,4.396986754022613,0.0625,0.6017517428453081,9.62802788552493
frame_012,frame_000,12,0,5,-12,False,True,671,"mountain bike, all-terrain bike, off-roader",0.2611935342076802,1.3424936360681796,0.5756451487541199,0.4243548512458801,0.027124147849170596,5.5171089691567445,0.021551724137931036,0.10417721136127005,4.83382260716293
frame_012,frame_001,12,1,5,-11,False,False,671,"mountain bike, all-terrain bike, off-roader",0.2654737252415066,1.3262394065061613,0.6090452671051025,0.39095473289489746,0.02943588409011962,5.469619770890983,0.03879310344827586,0.2167328303420102,5.586890737705152
frame_012,frame_002,12,2,5,-10,False,False,671,"mountain bike, all-terrain bike, off-roader",0.5151424911879743,0.6633117346693873,0.732602596282959,0.267397403717041,0.03153686264537355,5.2743920025912425,0.0603448275862069,0.3980805770750695,6.59676384867258
frame_012,frame_003,12,3,5,-9,False,False,518,crash helmet,0.30564376387033143,1.1853350255608521,0.6385321617126465,0.3614678382873535,0.02634629793522646,5.287906371143777,0.08836206896551724,0.45685533353659097,5.1702652380726395
frame_012,frame_004,12,4,5,-8,False,False,802,snowmobile,0.7428274258298003,0.297291527958754,0.8675550222396851,0.13244497776031494,0.030535858191147836,5.294852931767792,0.11853448275862069,0.4707945725912458,3.9717942124061465
frame_012,frame_005,12,5,5,-7,False,False,518,crash helmet,0.8992505800764609,0.10619355133965502,0.9196305871009827,0.08036941289901733,0.029840994668405278,5.429978389536892,0.1788793103448276,0.5731235271609766,3.2039676699119655
frame_012,frame_006,12,6,5,-6,False,False,518,crash helmet,0.8520300831631423,0.16013344389923745,0.918432354927063,0.08156764507293701,0.015804821761391242,5.608483873151506,0.26939655172413796,0.6243276655337804,2.3175042944613926
frame_012,frame_007,12,7,5,-5,False,False,880,"unicycle, monocycle",0.6458730890815707,0.43715225102972344,0.871300995349884,0.12869900465011597,0.009773691148337794,5.792226748177916,0.39655172413793105,0.667819957550152,1.6840677190395137
frame_012,frame_008,12,8,5,-4,True,False,518,crash helmet,0.9028670137644454,0.10218000798936266,0.9235605001449585,0.0764394998550415,0.011258674077848333,5.818206343009741,0.5,0.7225496841195993,1.4450993682391986
frame_012,frame_009,12,9,5,-3,False,False,518,crash helmet,0.649588997680121,0.43141542734688176,0.8157934546470642,0.1842065453529358,0.009232633682536882,5.865748533928686,0.5043103448275862,0.7420309890743098,1.471377687737093
frame_012,frame_010,12,10,5,-2,False,False,518,crash helmet,0.2824705889007727,1.264180843901233,0.6817905902862549,0.3182094097137451,0.008941779807411196,5.873777823715535,0.5280172413793104,0.7417046287562641,1.4046977458894143
frame_012,frame_011,12,11,5,-1,False,False,880,"unicycle, monocycle",0.38611987059233377,0.9516074121506088,0.712190568447113,0.28780943155288696,0.007615433940999607,5.804754682960571,0.47844827586206895,0.7492204641096574,1.5659382673282929
frame_012,frame_013,12,13,5,1,False,False,518,crash helmet,0.6710689127770444,0.3988834456787709,0.8253144025802612,0.17468559741973877,0.017443947502343352,5.4598223495984755,0.2629310344827586,0.6285535311993609,2.3905642498074053
frame_012,frame_014,12,14,5,2,False,False,518,crash helmet,0.6517015221619596,0.42816860996759853,0.7943504452705383,0.20564955472946167,0.0180646927101451,5.341507370068504,0.16594827586206898,0.5217920939605925,3.1443056051651284
frame_012,frame_015,12,15,5,3,False,False,671,"mountain bike, all-terrain bike, off-roader",0.34180313179484445,1.07352034568948,0.7146630883216858,0.2853369116783142,0.024442234650355693,5.310112335648569,0.11853448275862069,0.4969436124153216,4.192397021103804
frame_012,frame_016,12,16,5,4,False,False,671,"mountain bike, all-terrain bike, off-roader",0.6969059770074442,0.36110477401045316,0.8201878070831299,0.17981219291687012,0.020696159454308118,5.389340787664462,0.08189655172413793,0.3903953447404313,4.766932630514741
frame_012,frame_017,12,17,5,5,False,False,671,"mountain bike, all-terrain bike, off-roader",0.5171396254116319,0.6594423724411866,0.7634451389312744,0.23655486106872559,0.019400386306597333,5.451734400120032,0.0625,0.3157987598480696,5.052780157569114
frame_012,frame_000,12,0,10,-12,False,False,671,"mountain bike, all-terrain bike, off-roader",0.8614038041756757,0.14919189010106848,0.889838457107544,0.11016154289245605,0.10842205135321917,4.558900679492366,0.021551724137931036,0.2669317959421891,12.385635331717573
frame_012,frame_001,12,1,10,-11,True,False,671,"mountain bike, all-terrain bike, off-roader",0.9667286319325044,0.03383745173098429,0.9653615951538086,0.034638404846191406,0.08964146689031156,4.4643665195373075,0.03879310344827586,0.3796055562077502,9.785387671133117
frame_012,frame_002,12,2,10,-10,False,False,671,"mountain bike, all-terrain bike, off-roader",0.7798379110470317,0.24866918724319031,0.8816632032394409,0.11833679676055908,0.09150718165258592,4.290069553957712,0.0603448275862069,0.5546681075655041,9.19164292537121
frame_012,frame_003,12,3,10,-9,False,False,518,crash helmet,0.7680526466021022,0.2638969979207729,0.8401228189468384,0.15987718105316162,0.07816387652408435,4.325702916505323,0.08836206896551724,0.6518176764807039,7.376668338708454
frame_012,frame_004,12,4,10,-8,False,False,518,crash helmet,0.9193822503612465,0.08405330147262635,0.9329401850700378,0.06705981492996216,0.08742967312618082,4.502457431480666,0.11853448275862069,0.6013829232050235,5.073485024856925
frame_012,frame_005,12,5,10,-7,False,False,518,crash helmet,0.9493888975447128,0.05193676711413442,0.9647940993309021,0.0352059006690979,0.06895814908899339,4.636775143430023,0.1788793103448276,0.6991842584067596,3.9086927216956195
frame_012,frame_006,12,6,10,-6,False,False,518,crash helmet,0.893147082153514,0.11300400600909555,0.9398333430290222,0.06016665697097778,0.04694274775715997,4.993899740231907,0.26939655172413796,0.7021609269746123,2.6064213609297604
frame_012,frame_007,12,7,10,-5,False,False,880,"unicycle, monocycle",0.7246691912756958,0.3220400161540531,0.8733993172645569,0.12660068273544312,0.048827893320929225,5.2033862467266,0.39655172413793105,0.7766012214897831,1.9583856889742355
frame_012,frame_008,12,8,10,-4,False,False,518,crash helmet,0.554016975291556,0.5905599513837907,0.8369927406311035,0.16300725936889648,0.03412381522035773,5.375419966423057,0.5,0.8070320534582269,1.6140641069164539
frame_012,frame_009,12,9,10,-3,False,False,518,crash helmet,0.5128864395984892,0.6677008236213724,0.806156575679779,0.19384342432022095,0.023879155949072587,5.498423361929639,0.5043103448275862,0.8101457972912823,1.6064429484750213
frame_012,frame_010,12,10,10,-2,False,False,671,"mountain bike, all-terrain bike, off-roader",0.4245365855839464,0.8567570918232663,0.7656325101852417,0.2343674898147583,0.03151505035336325,5.499593780983917,0.5280172413793104,0.793758636247553,1.5032816621178147
frame_012,frame_011,12,11,10,-1,False,True,665,moped,0.32076612453118475,1.137043005413445,0.7129430174827576,0.28705698251724243,0.026963585707880027,5.339470136904935,0.47844827586206895,0.8154361933338578,1.704335106787883
frame_012,frame_013,12,13,10,1,False,False,518,crash helmet,0.6471615807028595,0.43515927732548665,0.8746757507324219,0.12532424926757812,0.031320783681063474,4.9602049214853565,0.2629310344827586,0.7362060704743068,2.7999968581973635
frame_012,frame_014,12,14,10,2,False,False,518,crash helmet,0.7294942492661145,0.31540379416741526,0.8680081963539124,0.13199180364608765,0.04529561078617039,4.725726293698167,0.16594827586206898,0.6871772021426951,4.140911971353383
frame_012,frame_015,12,15,10,3,False,False,671,"mountain bike, all-terrain bike, off-roader",0.39960620273045816,0.9172757099797151,0.7942951917648315,0.20570480823516846,0.07580809278127498,4.4795264082459445,0.11853448275862069,0.6835941138611231,5.767048524210202
frame_012,frame_016,12,16,10,4,False,False,671,"mountain bike, all-terrain bike, off-roader",0.7155274244259394,0.3347353516832179,0.8772700428962708,0.12272995710372925,0.08326098270322477,4.482055988746534,0.08189655172413793,0.6216432081186375,7.590590751764416
frame_012,frame_017,12,17,10,5,False,False,671,"mountain bike, all-terrain bike, off-roader",0.7188795817492876,0.3300614154692596,0.8839511275291443,0.11604887247085571,0.0966582066733438,4.507233262992157,0.0625,0.527909860985462,8.446557775767392
frame_012,frame_000,12,0,20,-12,False,False,671,"mountain bike, all-terrain bike, off-roader",0.8859889148511209,0.12105083991004184,0.9167872667312622,0.08321273326873779,0.0679186741915027,5.077836926200963,0.021551724137931036,0.21517464362947325,9.984103464407559
frame_012,frame_001,12,1,20,-11,True,False,671,"mountain bike, all-terrain bike, off-roader",0.9927713067966377,0.007254946802059514,0.9911448359489441,0.008855164051055908,0.06795163392628231,5.023483614122576,0.03879310344827586,0.3007210061410665,7.7519192694141585
frame_012,frame_002,12,2,20,-10,False,False,671,"mountain bike, all-terrain bike, off-roader",0.9467672416459232,0.054702000962917996,0.9667537808418274,0.03324621915817261,0.09426751764445598,4.644862453852658,0.0603448275862069,0.4490098526511686,7.440734701076508
frame_012,frame_003,12,3,20,-9,False,False,518,crash helmet,0.6614703851102253,0.41329006572601323,0.863913893699646,0.136086106300354,0.07541476821262512,4.677409193342342,0.08836206896551724,0.5408324136915496,6.120639998850708
frame_012,frame_004,12,4,20,-8,False,False,518,crash helmet,0.881026609660406,0.12666744957427079,0.9289722442626953,0.07102775573730469,0.07105333391885803,4.822348218598104,0.11853448275862069,0.48850552458117363,4.121210243739355
frame_012,frame_005,12,5,20,-7,False,False,518,crash helmet,0.825642712063418,0.19159315102008723,0.9302311539649963,0.06976884603500366,0.07805591956667865,5.043022712999444,0.1788793103448276,0.5696159564684578,3.184359081944149
frame_012,frame_006,12,6,20,-6,False,False,671,"mountain bike, all-terrain bike, off-roader",0.7313213864851427,0.31290226265705634,0.9131958484649658,0.08680415153503418,0.054628354286153466,5.2215356430938415,0.26939655172413796,0.6355725429432455,2.359245279405327
frame_012,frame_007,12,7,20,-5,False,False,671,"mountain bike, all-terrain bike, off-roader",0.9535044964186333,0.04761113825416308,0.9657359719276428,0.03426402807235718,0.028659565874612804,5.517367651520683,0.39655172413793105,0.7003829799401062,1.7661831668054853
frame_012,frame_008,12,8,20,-4,False,False,671,"mountain bike, all-terrain bike, off-roader",0.7973892753253264,0.22641229367972215,0.899945855140686,0.10005414485931396,0.04096029288157548,5.563183884541969,0.5,0.7127524906123321,1.4255049812246643
frame_012,frame_009,12,9,20,-3,False,False,671,"mountain bike, all-terrain bike, off-roader",0.8313612771096894,0.18469082877186072,0.9049482941627502,0.09505170583724976,0.01415161121412008,5.740738298076815,0.5043103448275862,0.7297212883279967,1.4469687084794465
frame_012,frame_010,12,10,20,-2,False,False,671,"mountain bike, all-terrain bike, off-roader",0.8950639750010992,0.11086008281373161,0.9257615208625793,0.07423847913742065,0.01505692290061659,5.782362957978071,0.5280172413793104,0.6917595104868668,1.3101078076159436
frame_012,frame_011,12,11,20,-1,False,True,671,"mountain bike, all-terrain bike, off-roader",0.6966993500961539,0.36140130977819984,0.8579810857772827,0.14201891422271729,0.02546945790929427,5.685072045920448,0.47844827586206895,0.7140653649720408,1.4924609430046258
frame_012,frame_013,12,13,20,1,False,False,518,crash helmet,0.5254472293434428,0.6435055136058478,0.8776198625564575,0.12238013744354248,0.030910292455065404,5.325805932123152,0.2629310344827586,0.6339721106324977,2.4111726174875323
frame_012,frame_014,12,14,20,2,False,False,671,"mountain bike, all-terrain bike, off-roader",0.6319177479013254,0.4589960390307204,0.89649897813797,0.10350102186203003,0.03161023922269076,5.130521926212812,0.16594827586206898,0.5235557462619824,3.1549333281241534
frame_012,frame_015,12,15,20,3,False,False,671,"mountain bike, all-terrain bike, off-roader",0.9559709295318927,0.045027774832524514,0.9662148952484131,0.033785104751586914,0.06184894615234818,4.928570119805215,0.11853448275862069,0.5310631691046935,4.4802420084468695
frame_012,frame_016,12,16,20,4,False,False,671,"mountain bike, all-terrain bike, off-roader",0.981803250487009,0.018364346621142502,0.9838789701461792,0.0161210298538208,0.04881508017597744,4.894396895747743,0.08189655172413793,0.4398255132758544,5.370501004210433
frame_012,frame_017,12,17,20,5,False,False,671,"mountain bike, all-terrain bike, off-roader",0.9882681975329975,0.011801163078597021,0.9888209700584412,0.011179029941558838,0.06550283009802642,4.777012158172972,0.0625,0.3751458096627245,6.002332954603592
frame_012,frame_000,12,0,30,-12,False,False,671,"mountain bike, all-terrain bike, off-roader",0.8706492526645351,0.1385160782220881,0.8820663690567017,0.11793363094329834,0.022885608748098533,5.500266690077214,0.021551724137931036,0.0745455881408165,3.458915289733885
frame_012,frame_001,12,1,30,-11,False,False,671,"mountain bike, all-terrain bike, off-roader",0.98940709463756,0.010649409567825785,0.9879802465438843,0.012019753456115723,0.031534269810368734,5.528462571549478,0.03879310344827586,0.1338206174620492,3.4495981390217128
frame_012,frame_002,12,2,30,-10,False,False,518,crash helmet,0.6866567880407043,0.3759206923185934,0.9040459990501404,0.09595400094985962,0.039245232945431086,5.59625310585208,0.0603448275862069,0.20831816105176665,3.452129526000704
frame_012,frame_003,12,3,30,-9,False,False,518,crash helmet,0.9641564240362916,0.03650173193741668,0.9680272936820984,0.03197270631790161,0.023787479735775517,5.540484944848653,0.08836206896551724,0.23727084043351643,2.685211462467113
frame_012,frame_004,12,4,30,-8,False,False,518,crash helmet,0.9727828524257717,0.027594394955021195,0.9766943454742432,0.023305654525756836,0.035971601092332946,5.509054867224508,0.11853448275862069,0.2959050733422029,2.4963628005596754
frame_012,frame_005,12,5,30,-7,True,False,518,crash helmet,0.9850936239201249,0.015018592661879993,0.9881370067596436,0.011862993240356445,0.04319783977455123,5.445962488332221,0.1788793103448276,0.3681554542727597,2.058122057621211
frame_012,frame_006,12,6,30,-6,False,False,518,crash helmet,0.8403113174465031,0.1739828397981844,0.9351622462272644,0.0648377537727356,0.0288857298137353,5.5496694365947015,0.26939655172413796,0.4049311632898649,1.5031044781319784
frame_012,frame_007,12,7,30,-5,False,False,671,"mountain bike, all-terrain bike, off-roader",0.8048142423840869,0.217143782993936,0.905930757522583,0.09406924247741699,0.02733828110506488,5.672955035025881,0.39655172413793105,0.5177863846813725,1.3057221874573741
frame_012,frame_008,12,8,30,-4,False,True,671,"mountain bike, all-terrain bike, off-roader",0.6483312551718183,0.4333535169933489,0.871545672416687,0.128454327583313,0.04719215950311236,5.541283491419533,0.5,0.5991452939701905,1.198290587940381
frame_012,frame_009,12,9,30,-3,False,False,671,"mountain bike, all-terrain bike, off-roader",0.7332140392251599,0.3103176153205274,0.8778550028800964,0.12214499711990356,0.029572967019444493,5.613945804256832,0.5043103448275862,0.5960567424576229,1.181924480770671
frame_012,frame_010,12,10,30,-2,False,False,671,"mountain bike, all-terrain bike, off-roader",0.9042004469589676,0.1007042098074793,0.9321157932281494,0.06788420677185059,0.020987058273269486,5.684765383148125,0.5280172413793104,0.6467480564907324,1.2248616253538769
frame_012,frame_011,12,11,30,-1,False,False,671,"mountain bike, all-terrain bike, off-roader",0.9220909964415563,0.08111136567345856,0.9455710649490356,0.054428935050964355,0.021492017788683163,5.5691698054094765,0.47844827586206895,0.6671074058479937,1.3943145779885995
frame_012,frame_013,12,13,30,1,False,False,518,crash helmet,0.6767811162265223,0.39040737263593606,0.8995032906532288,0.10049670934677124,0.0223135552956509,5.4923834897197565,0.2629310344827586,0.46215019811409225,1.7576859993847442
frame_012,frame_014,12,14,30,2,False,False,518,crash helmet,0.6624933558680278,0.4117447500504978,0.9053700566291809,0.09462994337081909,0.01618074805999607,5.447947664727945,0.16594827586206898,0.3462157316075874,2.086287006050916
frame_012,frame_015,12,15,30,3,False,False,671,"mountain bike, all-terrain bike, off-roader",0.8020929992423583,0.22053071868330543,0.9185405373573303,0.08145946264266968,0.027597895041643148,5.4571803544112,0.11853448275862069,0.3215022476756625,2.7123098713001346
frame_012,frame_016,12,16,30,4,False,False,671,"mountain bike, all-terrain bike, off-roader",0.9784452148122083,0.021790482663667454,0.9828587770462036,0.017141222953796387,0.027906043224144587,5.547930749849138,0.08189655172413793,0.20104331691555669,2.454844711811008
frame_012,frame_017,12,17,30,5,False,False,671,"mountain bike, all-terrain bike, off-roader",0.9651301838795096,0.0354922811674685,0.9726696610450745,0.027330338954925537,0.030095813906725975,5.466710736124806,0.0625,0.13356794792042187,2.13708716672675
frame_012,frame_000,12,0,40,-12,False,False,671,"mountain bike, all-terrain bike, off-roader",0.9473451141412879,0.054091823312655274,0.9494358897209167,0.05056411027908325,0.07973532457066436,4.346627462809353,0.021551724137931036,0.2676598344236507,12.419416317257392
frame_012,frame_001,12,1,40,-11,True,False,671,"mountain bike, all-terrain bike, off-roader",0.9953698795321135,0.004640872677849295,0.9941372871398926,0.005862712860107422,0.08995459931952364,4.05981058021474,0.03879310344827586,0.4199445060470261,10.825236155878894
frame_012,frame_002,12,2,40,-10,False,False,518,crash helmet,0.564299635568067,0.5721698998196436,0.8962178230285645,0.10378217697143555,0.06558886039269841,4.063914826071212,0.0603448275862069,0.6637864552921117,10.999889830554993
frame_012,frame_003,12,3,40,-9,False,False,518,crash helmet,0.9885130365596286,0.01155344823422233,0.9886026382446289,0.011397361755371094,0.05711013529926655,4.264550137995309,0.08836206896551724,0.7066518490428936,7.997230681851284
frame_012,frame_004,12,4,40,-8,False,False,518,crash helmet,0.9920180452486398,0.008013981087875877,0.9917517304420471,0.00824826955795288,0.04400448939583109,4.397887540520312,0.11853448275862069,0.6108576430570805,5.153417206881551
frame_012,frame_005,12,5,40,-7,False,False,518,crash helmet,0.9914156208823095,0.008621437132554366,0.992138147354126,0.007861852645874023,0.03891696341366131,4.64656109449251,0.1788793103448276,0.7343001222898398,4.105003093282959
frame_012,frame_006,12,6,40,-6,False,False,518,crash helmet,0.8594996024754614,0.15140491666607492,0.9382147789001465,0.061785221099853516,0.03961839530397242,4.906107269265086,0.26939655172413796,0.7423718917655017,2.755684462233542
frame_012,frame_007,12,7,40,-5,False,False,671,"mountain bike, all-terrain bike, off-roader",0.6625215143806878,0.41170224711215875,0.8695763349533081,0.1304236650466919,0.02141739602230895,5.141049438038535,0.39655172413793105,0.7536215443974893,1.9004369380458426
frame_012,frame_008,12,8,40,-4,False,False,671,"mountain bike, all-terrain bike, off-roader",0.5915707216099243,0.5249740395494746,0.8618683815002441,0.13813161849975586,0.038833963673863166,5.201080528126936,0.5,0.7875889993755052,1.5751779987510104
frame_012,frame_009,12,9,40,-3,False,True,671,"mountain bike, all-terrain bike, off-roader",0.6230578160004586,0.4731159619316214,0.8577867746353149,0.14221322536468506,0.022706251686367328,5.261159185287772,0.5043103448275862,0.8599525272077442,1.705205011215356
frame_012,frame_010,12,10,40,-2,False,False,671,"mountain bike, all-terrain bike, off-roader",0.7321423158703995,0.3117803633300813,0.8621779680252075,0.13782203197479248,0.028593097002975746,5.302932697950015,0.5280172413793104,0.8414923417869467,1.5936834554658907
frame_012,frame_011,12,11,40,-1,False,False,671,"mountain bike, all-terrain bike, off-roader",0.6485741081551729,0.43297900549380497,0.8906844854354858,0.10931551456451416,0.033614881284652114,5.177690097271886,0.47844827586206895,0.8408543568373719,1.7574613584348673
frame_012,frame_013,12,13,40,1,False,False,518,crash helmet,0.5983083205499397,0.5136490716964914,0.8893479108810425,0.11065208911895752,0.036194019050904885,4.911508422358345,0.2629310344827586,0.762406340739247,2.899643787729595
frame_012,frame_014,12,14,40,2,False,False,671,"mountain bike, all-terrain bike, off-roader",0.6349363480350213,0.4542305244286684,0.9027486443519592,0.09725135564804077,0.03145733459178643,4.7032398815970335,0.16594827586206898,0.727481885779389,4.383786948073201
frame_012,frame_015,12,15,40,3,False,False,671,"mountain bike, all-terrain bike, off-roader",0.9049214243927222,0.09990716292706692,0.9501769542694092,0.04982304573059082,0.043225139733362734,4.470663218590274,0.11853448275862069,0.7073624279792556,5.9675666651340835
frame_012,frame_016,12,16,40,4,False,False,671,"mountain bike, all-terrain bike, off-roader",0.9935627330716693,0.006458075479284453,0.9935744404792786,0.0064255595207214355,0.04170080246074381,4.311158751431135,0.08189655172413793,0.6228931881461792,7.605853665784926
frame_012,frame_017,12,17,40,5,False,False,671,"mountain bike, all-terrain bike, off-roader",0.9768167261599766,0.023456232908846797,0.9807596802711487,0.01924031972885132,0.05543196830612401,4.193403640810935,0.0625,0.6320913743229892,10.113461989167828
frame_012,frame_000,12,0,50,-12,False,False,671,"mountain bike, all-terrain bike, off-roader",0.9546107046076462,0.04645166076313001,0.9541574120521545,0.04584258794784546,0.10255646005737586,4.210814462154973,0.021551724137931036,0.2608433584529247,12.103131832215706
frame_012,frame_001,12,1,50,-11,True,False,671,"mountain bike, all-terrain bike, off-roader",0.9963742348045174,0.003632354213752631,0.9955413937568665,0.004458606243133545,0.07089052950873129,4.10614909828497,0.03879310344827586,0.5109760272482022,13.171826480175879
frame_012,frame_002,12,2,50,-10,False,False,518,crash helmet,0.7035618490717052,0.3515994900565551,0.9112143516540527,0.08878564834594727,0.052854674723309514,4.04121354798956,0.0603448275862069,0.7116908755282741,11.793734508754257
frame_012,frame_003,12,3,50,-9,False,False,518,crash helmet,0.9878047335030364,0.012270238922084495,0.989581823348999,0.010418176651000977,0.046987593226192156,4.189374632832001,0.08836206896551724,0.7160310982242764,8.103376331123519
frame_012,frame_004,12,4,50,-8,False,False,518,crash helmet,0.9949383763939509,0.005074477013899736,0.9946703910827637,0.005329608917236328,0.05452138614318711,4.382962768706188,0.11853448275862069,0.68328650969154,5.764453463579538
frame_012,frame_005,12,5,50,-7,False,False,518,crash helmet,0.993038643346318,0.006985699937548606,0.9936802387237549,0.006319761276245117,0.0324575789209391,4.7006831089902,0.1788793103448276,0.7543037502891942,4.216830604026338
frame_012,frame_006,12,6,50,-6,False,False,518,crash helmet,0.8631374480776183,0.14718133281961698,0.9411226511001587,0.05887734889984131,0.029082311278032853,5.028901816340733,0.26939655172413796,0.7756458806186657,2.8791975088564867
frame_012,frame_007,12,7,50,-5,False,False,671,"mountain bike, all-terrain bike, off-roader",0.6586756374587734,0.4175240698115359,0.8750916123390198,0.12490838766098022,0.024461800374259747,5.241939762209482,0.39655172413793105,0.7963288405162647,2.008133597823624
frame_012,frame_008,12,8,50,-4,False,True,671,"mountain bike, all-terrain bike, off-roader",0.5124994398692515,0.6684556609082168,0.8674548268318176,0.13254517316818237,0.023297807343307064,5.322273015055369,0.5,0.8048453784077734,1.6096907568155467
frame_012,frame_009,12,9,50,-3,False,False,671,"mountain bike, all-terrain bike, off-roader",0.6847909668107084,0.37864164523064225,0.8823761940002441,0.11762380599975586,0.021980964882115456,5.51506861983588,0.5043103448275862,0.8115314095770568,1.6091904873664717
frame_012,frame_010,12,10,50,-2,False,False,671,"mountain bike, all-terrain bike, off-roader",0.9299245389014652,0.07265183709310818,0.9486210942268372,0.05137890577316284,0.02945563731758924,5.465902890190428,0.5280172413793104,0.7676316772432867,1.4538004009832042
frame_012,frame_011,12,11,50,-1,False,False,671,"mountain bike, all-terrain bike, off-roader",0.954133102114007,0.04695209723021865,0.9651253819465637,0.03487461805343628,0.018225079061481398,5.40722588540918,0.47844827586206895,0.8240444587418858,1.7223271570100678
frame_012,frame_013,12,13,50,1,False,False,671,"mountain bike, all-terrain bike, off-roader",0.5674662392442084,0.5665740217147741,0.8834829330444336,0.1165170669555664,0.031894624273472685,4.944013172888953,0.2629310344827586,0.7539086910014546,2.867324857579303
frame_012,frame_014,12,14,50,2,False,False,671,"mountain bike, all-terrain bike, off-roader",0.7522472217885169,0.28469025668117265,0.9168359041213989,0.08316409587860107,0.04026996499548035,4.739087804376744,0.16594827586206898,0.6905787433162048,4.161409570113234
frame_012,frame_015,12,15,50,3,False,False,671,"mountain bike, all-terrain bike, off-roader",0.8948498598100406,0.11109932918181453,0.9469749927520752,0.053025007247924805,0.038258954940652234,4.4744381872594445,0.11853448275862069,0.7312886733739868,6.1694171717369075
frame_012,frame_016,12,16,50,4,False,False,671,"mountain bike, all-terrain bike, off-roader",0.9929494854963536,0.007075486828748367,0.9934870600700378,0.006512939929962158,0.05505648920451894,4.332069761557278,0.08189655172413793,0.6892996035182429,8.416710948222756
frame_012,frame_017,12,17,50,5,False,False,671,"mountain bike, all-terrain bike, off-roader",0.9777922528423485,0.022458051918326394,0.9805785417556763,0.01942145824432373,0.0659639091848647,4.3562812609145976,0.0625,0.5868126923843651,9.389003078149841
frame_013,frame_000,13,0,5,-13,False,True,671,"mountain bike, all-terrain bike, off-roader",0.2611935342076802,1.3424936360681796,0.5756451487541199,0.4243548512458801,0.03226196725712734,5.447858613090202,0.021551724137931036,0.11024911750612601,5.1155590522842465
frame_013,frame_001,13,1,5,-12,False,False,671,"mountain bike, all-terrain bike, off-roader",0.2654737252415066,1.3262394065061613,0.6090452671051025,0.39095473289489746,0.02755299345210802,5.410185587396793,0.03879310344827586,0.22877447856542488,5.897297669686508
frame_013,frame_002,13,2,5,-11,False,False,671,"mountain bike, all-terrain bike, off-roader",0.5151424911879743,0.6633117346693873,0.732602596282959,0.267397403717041,0.03073953083174221,5.18667965641507,0.0603448275862069,0.4168188434100687,6.907283690795424
frame_013,frame_003,13,3,5,-10,False,False,518,crash helmet,0.30564376387033143,1.1853350255608521,0.6385321617126465,0.3614678382873535,0.03133802453742484,5.1725468264832655,0.08836206896551724,0.48298415740208367,5.465967049623582
frame_013,frame_004,13,4,5,-9,False,False,802,snowmobile,0.7428274258298003,0.297291527958754,0.8675550222396851,0.13244497776031494,0.040069163197356435,5.1920315124844,0.11853448275862069,0.4935271372919705,4.163574394608624
frame_013,frame_005,13,5,5,-8,False,False,518,crash helmet,0.8992505800764609,0.10619355133965502,0.9196305871009827,0.08036941289901733,0.040581542561258066,5.336886140009385,0.1788793103448276,0.5983681152124833,3.3450940416697863
frame_013,frame_006,13,6,5,-7,False,False,518,crash helmet,0.8520300831631423,0.16013344389923745,0.918432354927063,0.08156764507293701,0.02152064802715238,5.541505192678176,0.26939655172413796,0.6438410703860162,2.389938053272892
frame_013,frame_007,13,7,5,-6,False,False,880,"unicycle, monocycle",0.6458730890815707,0.43715225102972344,0.871300995349884,0.12869900465011597,0.008882372601522836,5.756642661022484,0.39655172413793105,0.684176943787959,1.725315771291375
frame_013,frame_008,13,8,5,-5,True,False,518,crash helmet,0.9028670137644454,0.10218000798936266,0.9235605001449585,0.0764394998550415,0.011852069603604087,5.794732800687442,0.5,0.7324361101904054,1.4648722203808109
frame_013,frame_009,13,9,5,-4,False,False,518,crash helmet,0.649588997680121,0.43141542734688176,0.8157934546470642,0.1842065453529358,0.009309381237219388,5.840573242030662,0.5043103448275862,0.749883075597726,1.4869476370826704
frame_013,frame_010,13,10,5,-3,False,False,518,crash helmet,0.2824705889007727,1.264180843901233,0.6817905902862549,0.3182094097137451,0.009538784664302507,5.858404160319415,0.5280172413793104,0.7460898084277233,1.413002739226382
frame_013,frame_011,13,11,5,-2,False,False,880,"unicycle, monocycle",0.38611987059233377,0.9516074121506088,0.712190568447113,0.28780943155288696,0.007491817009995563,5.790388641129981,0.47844827586206895,0.7539933558381751,1.5759140410311407
frame_013,frame_012,13,12,5,-1,False,False,880,"unicycle, monocycle",0.4609842928204579,0.7743913085389278,0.7624669075012207,0.2375330924987793,0.01048387674221398,5.654479778402423,0.3642241379310345,0.6977915247905492,1.9158299852237564
frame_013,frame_014,13,14,5,1,False,False,518,crash helmet,0.6517015221619596,0.42816860996759853,0.7943504452705383,0.20564955472946167,0.01911421857169832,5.281878052169422,0.16594827586206898,0.5350718982961046,3.2243293611609416
frame_013,frame_015,13,15,5,2,False,False,671,"mountain bike, all-terrain bike, off-roader",0.34180313179484445,1.07352034568948,0.7146630883216858,0.2853369116783142,0.02706431796306558,5.246599709752356,0.11853448275862069,0.5189350211823704,4.377924542338543
frame_013,frame_016,13,16,5,3,False,False,671,"mountain bike, all-terrain bike, off-roader",0.6969059770074442,0.36110477401045316,0.8201878070831299,0.17981219291687012,0.02234679838848999,5.328755014266525,0.08189655172413793,0.40759934846761625,4.9770025707624725
frame_013,frame_017,13,17,5,4,False,False,671,"mountain bike, all-terrain bike, off-roader",0.5171396254116319,0.6594423724411866,0.7634451389312744,0.23655486106872559,0.019234750449209886,5.412005359376897,0.0625,0.32332921962237965,5.173267513958074
frame_013,frame_000,13,0,10,-13,False,False,671,"mountain bike, all-terrain bike, off-roader",0.8614038041756757,0.14919189010106848,0.889838457107544,0.11016154289245605,0.13033699561019058,4.396227531119251,0.021551724137931036,0.2756282435959983,12.789150502854321
frame_013,frame_001,13,1,10,-12,True,False,671,"mountain bike, all-terrain bike, off-roader",0.9667286319325044,0.03383745173098429,0.9653615951538086,0.034638404846191406,0.09865114661714391,4.313401881210843,0.03879310344827586,0.3788395466267371,9.76564164637811
frame_013,frame_002,13,2,10,-11,False,False,671,"mountain bike, all-terrain bike, off-roader",0.7798379110470317,0.24866918724319031,0.8816632032394409,0.11833679676055908,0.09521364218729295,4.123535321511415,0.0603448275862069,0.5448797388804727,9.029435672876405
frame_013,frame_003,13,3,10,-10,False,False,518,crash helmet,0.7680526466021022,0.2638969979207729,0.8401228189468384,0.15987718105316162,0.09442253289403582,4.143003424169667,0.08836206896551724,0.670060737392015,7.583126393899877
frame_013,frame_004,13,4,10,-9,False,False,518,crash helmet,0.9193822503612465,0.08405330147262635,0.9329401850700378,0.06705981492996216,0.09291310381523395,4.349053611411792,0.11853448275862069,0.6177844067120994,5.211853903898439
frame_013,frame_005,13,5,10,-8,False,False,518,crash helmet,0.9493888975447128,0.05193676711413442,0.9647940993309021,0.0352059006690979,0.07755971642428468,4.5144289679241325,0.1788793103448276,0.7151663612093287,3.9980384530256448
frame_013,frame_006,13,6,10,-7,False,False,518,crash helmet,0.893147082153514,0.11300400600909555,0.9398333430290222,0.06016665697097778,0.052682497298349805,4.8998691893531205,0.26939655172413796,0.7274056786982404,2.700129879327868
frame_013,frame_007,13,7,10,-6,False,False,880,"unicycle, monocycle",0.7246691912756958,0.3220400161540531,0.8733993172645569,0.12660068273544312,0.054022690926024144,5.123668324175047,0.39655172413793105,0.7869148832963649,1.9843940535299638
frame_013,frame_008,13,8,10,-5,False,False,518,crash helmet,0.554016975291556,0.5905599513837907,0.8369927406311035,0.16300725936889648,0.03468833467352079,5.3189312400108975,0.5,0.8091391690778424,1.618278338155685
frame_013,frame_009,13,9,10,-4,False,False,518,crash helmet,0.5128864395984892,0.6677008236213724,0.806156575679779,0.19384342432022095,0.023602815257603424,5.4530299371679,0.5043103448275862,0.8100112855835269,1.6061762244049422
frame_013,frame_010,13,10,10,-3,False,False,671,"mountain bike, all-terrain bike, off-roader",0.4245365855839464,0.8567570918232663,0.7656325101852417,0.2343674898147583,0.0329446489401412,5.470070740702894,0.5280172413793104,0.787936825057535,1.49225586459876
frame_013,frame_011,13,11,10,-2,False,True,665,moped,0.32076612453118475,1.137043005413445,0.7129430174827576,0.28705698251724243,0.026402069381719965,5.311258474673552,0.47844827586206895,0.8131454725909255,1.6995472940639165
frame_013,frame_012,13,12,10,-1,False,False,665,moped,0.5451850161520239,0.6066300627508858,0.8030433654785156,0.19695663452148438,0.035883289268232296,5.129653868054126,0.3642241379310345,0.7305921835129936,2.0058862316569765
frame_013,frame_014,13,14,10,1,False,False,518,crash helmet,0.7294942492661145,0.31540379416741526,0.8680081963539124,0.13199180364608765,0.05489808967998121,4.646180004292466,0.16594827586206898,0.6950104460396165,4.188114895615351
frame_013,frame_015,13,15,10,2,False,False,671,"mountain bike, all-terrain bike, off-roader",0.39960620273045816,0.9172757099797151,0.7942951917648315,0.20570480823516846,0.09535931420913758,4.358087984343485,0.11853448275862069,0.7078988291644359,5.972091940587241
frame_013,frame_016,13,16,10,3,False,False,671,"mountain bike, all-terrain bike, off-roader",0.7155274244259394,0.3347353516832179,0.8772700428962708,0.12272995710372925,0.10715442841526283,4.356177897687732,0.08189655172413793,0.6457011467265675,7.884350844240194
frame_013,frame_017,13,17,10,4,False,False,671,"mountain bike, all-terrain bike, off-roader",0.7188795817492876,0.3300614154692596,0.8839511275291443,0.11604887247085571,0.11616165888859475,4.362810448601309,0.0625,0.5468295578251747,8.749272925202796
frame_013,frame_000,13,0,20,-13,False,False,671,"mountain bike, all-terrain bike, off-roader",0.8859889148511209,0.12105083991004184,0.9167872667312622,0.08321273326873779,0.08510734009966169,4.909677093642347,0.021551724137931036,0.23594365278560955,10.947785489252283
frame_013,frame_001,13,1,20,-12,True,False,671,"mountain bike, all-terrain bike, off-roader",0.9927713067966377,0.007254946802059514,0.9911448359489441,0.008855164051055908,0.08101805955448577,4.874310462156441,0.03879310344827586,0.31200662005173213,8.042837316889095
frame_013,frame_002,13,2,20,-11,False,False,671,"mountain bike, all-terrain bike, off-roader",0.9467672416459232,0.054702000962917996,0.9667537808418274,0.03324621915817261,0.10352910460421014,4.539778797818461,0.0603448275862069,0.434607246393668,7.202062940237926
frame_013,frame_003,13,3,20,-10,False,False,518,crash helmet,0.6614703851102253,0.41329006572601323,0.863913893699646,0.136086106300354,0.09811517693796769,4.587190254260877,0.08836206896551724,0.5401683274113749,6.113124485826291
frame_013,frame_004,13,4,20,-9,False,False,518,crash helmet,0.881026609660406,0.12666744957427079,0.9289722442626953,0.07102775573730469,0.08330160295677222,4.745588171920843,0.11853448275862069,0.4901165535768376,4.1348014701755025
frame_013,frame_005,13,5,20,-8,False,False,518,crash helmet,0.825642712063418,0.19159315102008723,0.9302311539649963,0.06976884603500366,0.09214147379734505,4.997396522064275,0.1788793103448276,0.5769094300050135,3.22513223520875
frame_013,frame_006,13,6,20,-7,False,False,671,"mountain bike, all-terrain bike, off-roader",0.7313213864851427,0.31290226265705634,0.9131958484649658,0.08680415153503418,0.05736820678435897,5.159108648816774,0.26939655172413796,0.6314288578158609,2.3438639202124754
frame_013,frame_007,13,7,20,-6,False,False,671,"mountain bike, all-terrain bike, off-roader",0.9535044964186333,0.04761113825416308,0.9657359719276428,0.03426402807235718,0.03988059278774425,5.449448935376958,0.39655172413793105,0.712444631404352,1.7965995052805397
frame_013,frame_008,13,8,20,-5,False,False,671,"mountain bike, all-terrain bike, off-roader",0.7973892753253264,0.22641229367972215,0.899945855140686,0.10005414485931396,0.044049717232706634,5.512820498299616,0.5,0.7021752665843927,1.4043505331687853
frame_013,frame_009,13,9,20,-4,False,False,671,"mountain bike, all-terrain bike, off-roader",0.8313612771096894,0.18469082877186072,0.9049482941627502,0.09505170583724976,0.020078970137691873,5.699679296885804,0.5043103448275862,0.7178902600433155,1.4235088917098222
frame_013,frame_010,13,10,20,-3,False,False,671,"mountain bike, all-terrain bike, off-roader",0.8950639750010992,0.11086008281373161,0.9257615208625793,0.07423847913742065,0.018104673904871176,5.743053017544317,0.5280172413793104,0.6699206708438555,1.26874771947571
frame_013,frame_011,13,11,20,-2,False,False,671,"mountain bike, all-terrain bike, off-roader",0.6966993500961539,0.36140130977819984,0.8579810857772827,0.14201891422271729,0.030064056175837142,5.636833626282765,0.47844827586206895,0.6999200491622081,1.4628959586092998
frame_013,frame_012,13,12,20,-1,False,True,671,"mountain bike, all-terrain bike, off-roader",0.5961584076274612,0.5172488626214253,0.8506667613983154,0.14933323860168457,0.0579103106020562,5.37985106063765,0.3642241379310345,0.6515730427713877,1.7889342712776564
frame_013,frame_014,13,14,20,1,False,False,671,"mountain bike, all-terrain bike, off-roader",0.6319177479013254,0.4589960390307204,0.89649897813797,0.10350102186203003,0.03879344759794376,5.135262212659879,0.16594827586206898,0.5184635167132481,3.124247685129183
frame_013,frame_015,13,15,20,2,False,False,671,"mountain bike, all-terrain bike, off-roader",0.9559709295318927,0.045027774832524514,0.9662148952484131,0.033785104751586914,0.06940185254927059,4.914168285412041,0.11853448275862069,0.5320756253931246,4.488783457861996
frame_013,frame_016,13,16,20,3,False,False,671,"mountain bike, all-terrain bike, off-roader",0.981803250487009,0.018364346621142502,0.9838789701461792,0.0161210298538208,0.06033631940717818,4.876674761511805,0.08189655172413793,0.44291810355110967,5.408263159150392
frame_013,frame_017,13,17,20,4,False,False,671,"mountain bike, all-terrain bike, off-roader",0.9882681975329975,0.011801163078597021,0.9888209700584412,0.011179029941558838,0.07176788900290819,4.735713586346998,0.0625,0.3895505993394606,6.23280958943137
frame_013,frame_000,13,0,30,-13,False,False,671,"mountain bike, all-terrain bike, off-roader",0.8706492526645351,0.1385160782220881,0.8820663690567017,0.11793363094329834,0.024809186854628535,5.3853766050053675,0.021551724137931036,0.07279086826903529,3.377496287683237
frame_013,frame_001,13,1,30,-12,False,False,671,"mountain bike, all-terrain bike, off-roader",0.98940709463756,0.010649409567825785,0.9879802465438843,0.012019753456115723,0.03699998961634619,5.428553236142864,0.03879310344827586,0.1324998705766018,3.415552219307958
frame_013,frame_002,13,2,30,-11,False,False,518,crash helmet,0.6866567880407043,0.3759206923185934,0.9040459990501404,0.09595400094985962,0.040126089109868715,5.492686081608163,0.0603448275862069,0.18989469351892893,3.1468263497422506
frame_013,frame_003,13,3,30,-10,False,False,518,crash helmet,0.9641564240362916,0.03650173193741668,0.9680272936820984,0.03197270631790161,0.026497881519446216,5.433571064147708,0.08836206896551724,0.20793723403184208,2.3532408924579205
frame_013,frame_004,13,4,30,-9,False,False,518,crash helmet,0.9727828524257717,0.027594394955021195,0.9766943454742432,0.023305654525756836,0.06300315954511793,5.381812720912963,0.11853448275862069,0.2923258743249634,2.466167376123327
frame_013,frame_005,13,5,30,-8,True,False,518,crash helmet,0.9850936239201249,0.015018592661879993,0.9881370067596436,0.011862993240356445,0.07185409390573173,5.279661133833894,0.1788793103448276,0.37887305523393766,2.1180373208258683
frame_013,frame_006,13,6,30,-7,False,False,518,crash helmet,0.8403113174465031,0.1739828397981844,0.9351622462272644,0.0648377537727356,0.032316379008437694,5.432272129554029,0.26939655172413796,0.38896302094433016,1.4438307337453535
frame_013,frame_007,13,7,30,-6,False,False,671,"mountain bike, all-terrain bike, off-roader",0.8048142423840869,0.217143782993936,0.905930757522583,0.09406924247741699,0.029866916771541116,5.532359196890749,0.39655172413793105,0.5103494005839317,1.2869680536464365
frame_013,frame_008,13,8,30,-5,False,True,671,"mountain bike, all-terrain bike, off-roader",0.6483312551718183,0.4333535169933489,0.871545672416687,0.128454327583313,0.057282213195006405,5.4258534809520125,0.5,0.597023585528049,1.194047171056098
frame_013,frame_009,13,9,30,-4,False,False,671,"mountain bike, all-terrain bike, off-roader",0.7332140392251599,0.3103176153205274,0.8778550028800964,0.12214499711990356,0.04482710667212148,5.494535586407544,0.5043103448275862,0.588793913965856,1.1675229747015266
frame_013,frame_010,13,10,30,-3,False,False,671,"mountain bike, all-terrain bike, off-roader",0.9042004469589676,0.1007042098074793,0.9321157932281494,0.06788420677185059,0.031459648373686505,5.530811790589189,0.5280172413793104,0.663928093182298,1.2573985111697397
frame_013,frame_011,13,11,30,-2,False,False,671,"mountain bike, all-terrain bike, off-roader",0.9220909964415563,0.08111136567345856,0.9455710649490356,0.054428935050964355,0.027965903741162673,5.4857815965322985,0.47844827586206895,0.6800737347663114,1.4214153735656239
frame_013,frame_012,13,12,30,-1,False,False,671,"mountain bike, all-terrain bike, off-roader",0.8536264299320886,0.15826161657317428,0.9208644032478333,0.07913559675216675,0.01657103746451233,5.485583234748258,0.3642241379310345,0.5662710087646501,1.5547322370816428
frame_013,frame_014,13,14,30,1,False,False,518,crash helmet,0.6624933558680278,0.4117447500504978,0.9053700566291809,0.09462994337081909,0.02469223312282372,5.441053240024681,0.16594827586206898,0.3333848688508799,2.0089685603481593
frame_013,frame_015,13,15,30,2,False,False,671,"mountain bike, all-terrain bike, off-roader",0.8020929992423583,0.22053071868330543,0.9185405373573303,0.08145946264266968,0.03970634107305676,5.43193391616999,0.11853448275862069,0.31783697158766316,2.6813882693941036
frame_013,frame_016,13,16,30,3,False,False,671,"mountain bike, all-terrain bike, off-roader",0.9784452148122083,0.021790482663667454,0.9828587770462036,0.017141222953796387,0.04404906546459372,5.487378529407587,0.08189655172413793,0.16708196218103383,2.040158696105255
frame_013,frame_017,13,17,30,4,False,False,671,"mountain bike, all-terrain bike, off-roader",0.9651301838795096,0.0354922811674685,0.9726696610450745,0.027330338954925537,0.030032203176777628,5.435246294688344,0.0625,0.10576027936234325,1.692164469797492
frame_013,frame_000,13,0,40,-13,False,False,671,"mountain bike, all-terrain bike, off-roader",0.9473451141412879,0.054091823312655274,0.9494358897209167,0.05056411027908325,0.08142290412264404,4.203519158526094,0.021551724137931036,0.2711569653251093,12.581683191085071
frame_013,frame_001,13,1,40,-12,True,False,671,"mountain bike, all-terrain bike, off-roader",0.9953698795321135,0.004640872677849295,0.9941372871398926,0.005862712860107422,0.09049220959852546,3.9695147616766873,0.03879310344827586,0.4417731875312341,11.387931056360701
frame_013,frame_002,13,2,40,-11,False,False,518,crash helmet,0.564299635568067,0.5721698998196436,0.8962178230285645,0.10378217697143555,0.06565929954389012,3.961135648647632,0.0603448275862069,0.6576389509593722,10.898016901612452
frame_013,frame_003,13,3,40,-10,False,False,518,crash helmet,0.9885130365596286,0.01155344823422233,0.9886026382446289,0.011397361755371094,0.0575071380608046,4.11960608820969,0.08836206896551724,0.7136142234744194,8.076024382734893
frame_013,frame_004,13,4,40,-9,False,False,518,crash helmet,0.9920180452486398,0.008013981087875877,0.9917517304420471,0.00824826955795288,0.048115081999925605,4.288851236508476,0.11853448275862069,0.6397568585401254,5.397221497502149
frame_013,frame_005,13,5,40,-8,False,False,518,crash helmet,0.9914156208823095,0.008621437132554366,0.992138147354126,0.007861852645874023,0.05188759326002225,4.540422537027783,0.1788793103448276,0.7649256303383346,4.276210752734786
frame_013,frame_006,13,6,40,-7,False,False,518,crash helmet,0.8594996024754614,0.15140491666607492,0.9382147789001465,0.061785221099853516,0.034246556841394674,4.837546375505904,0.26939655172413796,0.7601658995475004,2.8217358191203212
frame_013,frame_007,13,7,40,-6,False,False,671,"mountain bike, all-terrain bike, off-roader",0.6625215143806878,0.41170224711215875,0.8695763349533081,0.1304236650466919,0.023604005900870164,5.09718500783345,0.39655172413793105,0.7787994888488253,1.96392914579269
frame_013,frame_008,13,8,40,-5,False,False,671,"mountain bike, all-terrain bike, off-roader",0.5915707216099243,0.5249740395494746,0.8618683815002441,0.13813161849975586,0.032616961362773055,5.2015917243304095,0.5,0.8021934824962813,1.6043869649925626
frame_013,frame_009,13,9,40,-4,False,True,671,"mountain bike, all-terrain bike, off-roader",0.6230578160004586,0.4731159619316214,0.8577867746353149,0.14221322536468506,0.02176187569269854,5.259701404018204,0.5043103448275862,0.8653992604046363,1.7160053710587662
frame_013,frame_010,13,10,40,-3,False,False,671,"mountain bike, all-terrain bike, off-roader",0.7321423158703995,0.3117803633300813,0.8621779680252075,0.13782203197479248,0.026546370109315223,5.3347363315428495,0.5280172413793104,0.8291980705090934,1.5703996110866094
frame_013,frame_011,13,11,40,-2,False,False,671,"mountain bike, all-terrain bike, off-roader",0.6485741081551729,0.43297900549380497,0.8906844854354858,0.10931551456451416,0.034885144931714136,5.204962450294815,0.47844827586206895,0.8397464581750756,1.755145750419978
frame_013,frame_012,13,12,40,-1,False,False,671,"mountain bike, all-terrain bike, off-roader",0.904948032921752,0.09987775911683716,0.9414200186729431,0.058579981327056885,0.04127299118109095,4.956690827820802,0.3642241379310345,0.8145881655486901,2.2365024190212557
frame_013,frame_014,13,14,40,1,False,False,671,"mountain bike, all-terrain bike, off-roader",0.6349363480350213,0.4542305244286684,0.9027486443519592,0.09725135564804077,0.034100018544994316,4.624967770668376,0.16594827586206898,0.7385516324105634,4.450492953746772
frame_013,frame_015,13,15,40,2,False,False,671,"mountain bike, all-terrain bike, off-roader",0.9049214243927222,0.09990716292706692,0.9501769542694092,0.04982304573059082,0.06904447934020319,4.355563121378326,0.11853448275862069,0.7410509466167082,6.2517752587300475
frame_013,frame_016,13,16,40,3,False,False,671,"mountain bike, all-terrain bike, off-roader",0.9935627330716693,0.006458075479284453,0.9935744404792786,0.0064255595207214355,0.04995691656855388,4.190439986313754,0.08189655172413793,0.6620240722329359,8.083662355686375
frame_013,frame_017,13,17,40,4,False,False,671,"mountain bike, all-terrain bike, off-roader",0.9768167261599766,0.023456232908846797,0.9807596802711487,0.01924031972885132,0.0653480980685065,4.096381189414874,0.0625,0.64330572619693,10.29289161915088
frame_013,frame_000,13,0,50,-13,False,False,671,"mountain bike, all-terrain bike, off-roader",0.9546107046076462,0.04645166076313001,0.9541574120521545,0.04584258794784546,0.0826987757527202,4.5804933471726414,0.021551724137931036,0.1774735971290256,8.234774906786788
frame_013,frame_001,13,1,50,-12,True,False,671,"mountain bike, all-terrain bike, off-roader",0.9963742348045174,0.003632354213752631,0.9955413937568665,0.004458606243133545,0.05644236987625923,4.508712286986398,0.03879310344827586,0.43571448523849016,11.231751175036635
frame_013,frame_002,13,2,50,-11,False,False,518,crash helmet,0.7035618490717052,0.3515994900565551,0.9112143516540527,0.08878564834594727,0.04008205266705184,4.318549673612364,0.0603448275862069,0.6145646993829857,10.18421501834662
frame_013,frame_003,13,3,50,-10,False,False,518,crash helmet,0.9878047335030364,0.012270238922084495,0.989581823348999,0.010418176651000977,0.07284311365577416,4.310310922181001,0.08836206896551724,0.6117685226184045,6.9234291340229195
frame_013,frame_004,13,4,50,-9,False,False,518,crash helmet,0.9949383763939509,0.005074477013899736,0.9946703910827637,0.005329608917236328,0.08043627429500559,4.442449779606047,0.11853448275862069,0.6567366029903615,5.540468796136868
frame_013,frame_005,13,5,50,-8,False,False,518,crash helmet,0.993038643346318,0.006985699937548606,0.9936802387237549,0.006319761276245117,0.05677877403338894,4.729840389430848,0.1788793103448276,0.7227968282225344,4.04069552162959
frame_013,frame_006,13,6,50,-7,False,False,518,crash helmet,0.8631374480776183,0.14718133281961698,0.9411226511001587,0.05887734889984131,0.03111865614387063,5.025157827872423,0.26939655172413796,0.7194740352922881,2.6706876190049735
frame_013,frame_007,13,7,50,-6,False,False,671,"mountain bike, all-terrain bike, off-roader",0.6586756374587734,0.4175240698115359,0.8750916123390198,0.12490838766098022,0.028997983581884375,5.221427215261766,0.39655172413793105,0.7726770429414107,1.948489934373992
frame_013,frame_008,13,8,50,-5,False,True,671,"mountain bike, all-terrain bike, off-roader",0.5124994398692515,0.6684556609082168,0.8674548268318176,0.13254517316818237,0.047872657406895,5.203994871501068,0.5,0.8038919655233057,1.6077839310466113
frame_013,frame_009,13,9,50,-4,False,False,671,"mountain bike, all-terrain bike, off-roader",0.6847909668107084,0.37864164523064225,0.8823761940002441,0.11762380599975586,0.035057767932536454,5.396410980693935,0.5043103448275862,0.7835230651950775,1.5536525737201539
frame_013,frame_010,13,10,50,-3,False,False,671,"mountain bike, all-terrain bike, off-roader",0.9299245389014652,0.07265183709310818,0.9486210942268372,0.05137890577316284,0.02201570927639785,5.419700905410242,0.5280172413793104,0.7630760763595967,1.445172650738175
frame_013,frame_011,13,11,50,-2,False,False,671,"mountain bike, all-terrain bike, off-roader",0.954133102114007,0.04695209723021865,0.9651253819465637,0.03487461805343628,0.020227130584453794,5.319497586302978,0.47844827586206895,0.8169289319566623,1.7074550649905014
frame_013,frame_012,13,12,50,-1,False,False,671,"mountain bike, all-terrain bike, off-roader",0.9045752253904489,0.10028980967751977,0.9437370300292969,0.056262969970703125,0.021118646183703602,5.1912507312632705,0.3642241379310345,0.7348171477988412,2.0174861336015524
frame_013,frame_014,13,14,50,1,False,False,671,"mountain bike, all-terrain bike, off-roader",0.7522472217885169,0.28469025668117265,0.9168359041213989,0.08316409587860107,0.03351387418130384,4.767410570130172,0.16594827586206898,0.633381539665205,3.8167407065539627
frame_013,frame_015,13,15,50,2,False,False,671,"mountain bike, all-terrain bike, off-roader",0.8948498598100406,0.11109932918181453,0.9469749927520752,0.053025007247924805,0.0568579958078734,4.5112251867995425,0.11853448275862069,0.7180568846124525,6.057788990185054
frame_013,frame_016,13,16,50,3,False,False,671,"mountain bike, all-terrain bike, off-roader",0.9929494854963536,0.007075486828748367,0.9934870600700378,0.006512939929962158,0.05277022303383279,4.464211700357131,0.08189655172413793,0.6436459700873061,7.859256055802895
frame_013,frame_017,13,17,50,4,False,False,671,"mountain bike, all-terrain bike, off-roader",0.9777922528423485,0.022458051918326394,0.9805785417556763,0.01942145824432373,0.05704755027845793,4.65600952105315,0.0625,0.5029753001546012,8.04760480247362
frame_014,frame_000,14,0,5,-14,False,True,671,"mountain bike, all-terrain bike, off-roader",0.2611935342076802,1.3424936360681796,0.5756451487541199,0.4243548512458801,0.03178690745894638,5.348794327923862,0.021551724137931036,0.12011181281732154,5.573188114723719
frame_014,frame_001,14,1,5,-13,False,False,671,"mountain bike, all-terrain bike, off-roader",0.2654737252415066,1.3262394065061613,0.6090452671051025,0.39095473289489746,0.03157516885624438,5.309214950887865,0.03879310344827586,0.250204524259994,6.449716625368734
frame_014,frame_002,14,2,5,-12,False,False,671,"mountain bike, all-terrain bike, off-roader",0.5151424911879743,0.6633117346693873,0.732602596282959,0.267397403717041,0.03436090046302641,5.1002333391204555,0.0603448275862069,0.42923101779880496,7.112971152094482
frame_014,frame_003,14,3,5,-11,False,False,518,crash helmet,0.30564376387033143,1.1853350255608521,0.6385321617126465,0.3614678382873535,0.032170298980441235,5.092512021289965,0.08836206896551724,0.5018610194481242,5.67959787863243
frame_014,frame_004,14,4,5,-10,False,False,802,snowmobile,0.7428274258298003,0.297291527958754,0.8675550222396851,0.13244497776031494,0.04034598863796901,5.121939585802368,0.11853448275862069,0.5121715506814247,4.320865445748747
frame_014,frame_005,14,5,5,-9,False,False,518,crash helmet,0.8992505800764609,0.10619355133965502,0.9196305871009827,0.08036941289901733,0.042662713463981164,5.274178704626857,0.1788793103448276,0.6164668167007484,3.446272324688521
frame_014,frame_006,14,6,5,-8,False,False,518,crash helmet,0.8520300831631423,0.16013344389923745,0.918432354927063,0.08156764507293701,0.02211922246977912,5.490316232759863,0.26939655172413796,0.658194120442911,2.4432165750840857
frame_014,frame_007,14,7,5,-7,False,False,880,"unicycle, monocycle",0.6458730890815707,0.43715225102972344,0.871300995349884,0.12869900465011597,0.008507617009008827,5.732801756368023,0.39655172413793105,0.6956254535110781,1.7541859262453272
frame_014,frame_008,14,8,5,-6,True,False,518,crash helmet,0.9028670137644454,0.10218000798936266,0.9235605001449585,0.0764394998550415,0.01116345433746754,5.79344497910282,0.5,0.7328459415301687,1.4656918830603374
frame_014,frame_009,14,9,5,-5,False,False,518,crash helmet,0.649588997680121,0.43141542734688176,0.8157934546470642,0.1842065453529358,0.009261702177756579,5.829508691326157,0.5043103448275862,0.7513213534616567,1.48979960686414
frame_014,frame_010,14,10,5,-4,False,False,518,crash helmet,0.2824705889007727,1.264180843901233,0.6817905902862549,0.3182094097137451,0.010336161631704768,5.848990987718663,0.5280172413793104,0.7453963094909535,1.4116893371583772
frame_014,frame_011,14,11,5,-3,False,False,880,"unicycle, monocycle",0.38611987059233377,0.9516074121506088,0.712190568447113,0.28780943155288696,0.008128925216928883,5.787761907851909,0.47844827586206895,0.7516317812604567,1.5709781374092429
frame_014,frame_012,14,12,5,-2,False,False,880,"unicycle, monocycle",0.4609842928204579,0.7743913085389278,0.7624669075012207,0.2375330924987793,0.010526122893361826,5.647886952763284,0.3642241379310345,0.6960236303319911,1.9109761211481886
frame_014,frame_013,14,13,5,-1,False,False,518,crash helmet,0.6710689127770444,0.3988834456787709,0.8253144025802612,0.17468559741973877,0.01687808327718594,5.396207292082706,0.2629310344827586,0.6419181417761838,2.441393588394666
frame_014,frame_015,14,15,5,1,False,False,671,"mountain bike, all-terrain bike, off-roader",0.34180313179484445,1.07352034568948,0.7146630883216858,0.2853369116783142,0.024417703587549758,5.208674040532308,0.11853448275862069,0.5271593541069497,4.447308005556812
frame_014,frame_016,14,16,5,2,False,False,671,"mountain bike, all-terrain bike, off-roader",0.6969059770074442,0.36110477401045316,0.8201878070831299,0.17981219291687012,0.021835093988374375,5.278739844255453,0.08189655172413793,0.41475364126387526,5.064360251222056
frame_014,frame_017,14,17,5,3,False,False,671,"mountain bike, all-terrain bike, off-roader",0.5171396254116319,0.6594423724411866,0.7634451389312744,0.23655486106872559,0.019477596326423475,5.3504422564405285,0.0625,0.33404922665497333,5.344787626479573
frame_014,frame_000,14,0,10,-14,False,False,671,"mountain bike, all-terrain bike, off-roader",0.8614038041756757,0.14919189010106848,0.889838457107544,0.11016154289245605,0.1486295785560383,4.274152605259452,0.021551724137931036,0.274929584833514,12.756732736275048
frame_014,frame_001,14,1,10,-13,True,False,671,"mountain bike, all-terrain bike, off-roader",0.9667286319325044,0.03383745173098429,0.9653615951538086,0.034638404846191406,0.10043021875116784,4.196205045771663,0.03879310344827586,0.37985808920929054,9.791897410728378
frame_014,frame_002,14,2,10,-12,False,False,671,"mountain bike, all-terrain bike, off-roader",0.7798379110470317,0.24866918724319031,0.8816632032394409,0.11833679676055908,0.09055741422610043,4.04960420094768,0.0603448275862069,0.5429315624960023,8.997151607076608
frame_014,frame_003,14,3,10,-11,False,False,518,crash helmet,0.7680526466021022,0.2638969979207729,0.8401228189468384,0.15987718105316162,0.1105268077597197,4.038829069466591,0.08836206896551724,0.6799543190120769,7.695092781014725
frame_014,frame_004,14,4,10,-10,False,False,518,crash helmet,0.9193822503612465,0.08405330147262635,0.9329401850700378,0.06705981492996216,0.08218196958109149,4.282676242214023,0.11853448275862069,0.6192796345851411,5.224468189954645
frame_014,frame_005,14,5,10,-9,False,False,518,crash helmet,0.9493888975447128,0.05193676711413442,0.9647940993309021,0.0352059006690979,0.06865768036432315,4.449607144380085,0.1788793103448276,0.7295548368887447,4.07847523272744
frame_014,frame_006,14,6,10,-8,False,False,518,crash helmet,0.893147082153514,0.11300400600909555,0.9398333430290222,0.06016665697097778,0.05070216584838376,4.838605951139245,0.26939655172413796,0.7440476866385884,2.76190501280244
frame_014,frame_007,14,7,10,-7,False,False,880,"unicycle, monocycle",0.7246691912756958,0.3220400161540531,0.8733993172645569,0.12660068273544312,0.04417959190320455,5.100573527391109,0.39655172413793105,0.7957396833614605,2.0066478971723787
frame_014,frame_008,14,8,10,-6,False,False,518,crash helmet,0.554016975291556,0.5905599513837907,0.8369927406311035,0.16300725936889648,0.0321959407240228,5.313180251265012,0.5,0.809268619402888,1.618537238805776
frame_014,frame_009,14,9,10,-5,False,False,518,crash helmet,0.5128864395984892,0.6677008236213724,0.806156575679779,0.19384342432022095,0.02351174298916662,5.445457365637546,0.5043103448275862,0.8123350053614158,1.6107839422551151
frame_014,frame_010,14,10,10,-4,False,False,671,"mountain bike, all-terrain bike, off-roader",0.4245365855839464,0.8567570918232663,0.7656325101852417,0.2343674898147583,0.03355574965071459,5.450845654568013,0.5280172413793104,0.7950942965801047,1.5058112392374225
frame_014,frame_011,14,11,10,-3,False,True,665,moped,0.32076612453118475,1.137043005413445,0.7129430174827576,0.28705698251724243,0.028619857235716046,5.281337173245258,0.47844827586206895,0.8136490900794253,1.7005998999858258
frame_014,frame_012,14,12,10,-2,False,False,665,moped,0.5451850161520239,0.6066300627508858,0.8030433654785156,0.19695663452148438,0.033683218020887834,5.101685951303594,0.3642241379310345,0.7355469110395569,2.019489743919257
frame_014,frame_013,14,13,10,-1,False,False,518,crash helmet,0.6471615807028595,0.43515927732548665,0.8746757507324219,0.12532424926757812,0.03591036509272508,4.828859720294942,0.2629310344827586,0.7645146577516324,2.9076623048914545
frame_014,frame_015,14,15,10,1,False,False,671,"mountain bike, all-terrain bike, off-roader",0.39960620273045816,0.9172757099797151,0.7942951917648315,0.20570480823516846,0.1085717473477073,4.272236417172232,0.11853448275862069,0.723636945400722,6.104864412107909
frame_014,frame_016,14,16,10,2,False,False,671,"mountain bike, all-terrain bike, off-roader",0.7155274244259394,0.3347353516832179,0.8772700428962708,0.12272995710372925,0.12017501006172547,4.281921972349015,0.08189655172413793,0.661108189508422,8.072478945576522
frame_014,frame_017,14,17,10,3,False,False,671,"mountain bike, all-terrain bike, off-roader",0.7188795817492876,0.3300614154692596,0.8839511275291443,0.11604887247085571,0.12012218558657299,4.301252108065499,0.0625,0.5595423233012654,8.952677172820247
frame_014,frame_000,14,0,20,-14,False,False,671,"mountain bike, all-terrain bike, off-roader",0.8859889148511209,0.12105083991004184,0.9167872667312622,0.08321273326873779,0.09877406286575482,4.814798173594498,0.021551724137931036,0.23888684296122914,11.084349513401031
frame_014,frame_001,14,1,20,-13,True,False,671,"mountain bike, all-terrain bike, off-roader",0.9927713067966377,0.007254946802059514,0.9911448359489441,0.008855164051055908,0.08806788976014585,4.799633586703802,0.03879310344827586,0.31575621476324195,8.139493536119126
frame_014,frame_002,14,2,20,-12,False,False,671,"mountain bike, all-terrain bike, off-roader",0.9467672416459232,0.054702000962917996,0.9667537808418274,0.03324621915817261,0.10888210627813318,4.5075918499970635,0.0603448275862069,0.4343552254984955,7.197886593975068
frame_014,frame_003,14,3,20,-11,False,False,518,crash helmet,0.6614703851102253,0.41329006572601323,0.863913893699646,0.136086106300354,0.10477414641029338,4.535393550152761,0.08836206896551724,0.5341044569227591,6.044499219808786
frame_014,frame_004,14,4,20,-10,False,False,518,crash helmet,0.881026609660406,0.12666744957427079,0.9289722442626953,0.07102775573730469,0.08932237468762066,4.70811092145964,0.11853448275862069,0.5002450272616196,4.2202489572616635
frame_014,frame_005,14,5,20,-9,False,False,518,crash helmet,0.825642712063418,0.19159315102008723,0.9302311539649963,0.06976884603500366,0.09826883041865823,4.950862638978105,0.1788793103448276,0.6034101278914141,3.3732807149592308
frame_014,frame_006,14,6,20,-8,False,False,671,"mountain bike, all-terrain bike, off-roader",0.7313213864851427,0.31290226265705634,0.9131958484649658,0.08680415153503418,0.05569838048353642,5.13009621681149,0.26939655172413796,0.6405279831744979,2.377639873543736
frame_014,frame_007,14,7,20,-7,False,False,671,"mountain bike, all-terrain bike, off-roader",0.9535044964186333,0.04761113825416308,0.9657359719276428,0.03426402807235718,0.03757200081110003,5.395270360614036,0.39655172413793105,0.7368267643001281,1.8580848838872794
frame_014,frame_008,14,8,20,-6,False,False,671,"mountain bike, all-terrain bike, off-roader",0.7973892753253264,0.22641229367972215,0.899945855140686,0.10005414485931396,0.04284961111699443,5.493479167885965,0.5,0.7160905999557095,1.432181199911419
frame_014,frame_009,14,9,20,-5,False,False,671,"mountain bike, all-terrain bike, off-roader",0.8313612771096894,0.18469082877186072,0.9049482941627502,0.09505170583724976,0.02265013804426267,5.635217298799282,0.5043103448275862,0.7337100640626473,1.4548780757481554
frame_014,frame_010,14,10,20,-4,False,False,671,"mountain bike, all-terrain bike, off-roader",0.8950639750010992,0.11086008281373161,0.9257615208625793,0.07423847913742065,0.022355131835603552,5.694462299591589,0.5280172413793104,0.6739912478882424,1.2764568939597731
frame_014,frame_011,14,11,20,-3,False,False,671,"mountain bike, all-terrain bike, off-roader",0.6966993500961539,0.36140130977819984,0.8579810857772827,0.14201891422271729,0.03131348239629505,5.590259956140168,0.47844827586206895,0.7031582451685863,1.4696640799920002
frame_014,frame_012,14,12,20,-2,False,True,671,"mountain bike, all-terrain bike, off-roader",0.5961584076274612,0.5172488626214253,0.8506667613983154,0.14933323860168457,0.040599640022440736,5.346234200053968,0.3642241379310345,0.669108154423593,1.8370780097783854
frame_014,frame_013,14,13,20,-1,False,False,518,crash helmet,0.5254472293434428,0.6435055136058478,0.8776198625564575,0.12238013744354248,0.03904215628281925,5.257192503202772,0.2629310344827586,0.6451302293973427,2.453610052789893
frame_014,frame_015,14,15,20,1,False,False,671,"mountain bike, all-terrain bike, off-roader",0.9559709295318927,0.045027774832524514,0.9662148952484131,0.033785104751586914,0.07515428941625527,4.902728463164622,0.11853448275862069,0.5458435933786356,4.60493504232158
frame_014,frame_016,14,16,20,2,False,False,671,"mountain bike, all-terrain bike, off-roader",0.981803250487009,0.018364346621142502,0.9838789701461792,0.0161210298538208,0.07646306487690664,4.850409638194522,0.08189655172413793,0.468066430099279,5.7153374622648805
frame_014,frame_017,14,17,20,3,False,False,671,"mountain bike, all-terrain bike, off-roader",0.9882681975329975,0.011801163078597021,0.9888209700584412,0.011179029941558838,0.07936239943639908,4.731832443705694,0.0625,0.4060114847585082,6.496183756136131
frame_014,frame_000,14,0,30,-14,False,False,671,"mountain bike, all-terrain bike, off-roader",0.8706492526645351,0.1385160782220881,0.8820663690567017,0.11793363094329834,0.028259535703821104,5.287425387512325,0.021551724137931036,0.07116080822365603,3.3018615015776396
frame_014,frame_001,14,1,30,-13,False,False,671,"mountain bike, all-terrain bike, off-roader",0.98940709463756,0.010649409567825785,0.9879802465438843,0.012019753456115723,0.03576610938464758,5.3604238604441345,0.03879310344827586,0.1257586889812488,3.2417795381833026
frame_014,frame_002,14,2,30,-12,False,False,518,crash helmet,0.6866567880407043,0.3759206923185934,0.9040459990501404,0.09595400094985962,0.03240334223721093,5.451655800508744,0.0603448275862069,0.1629050263849493,2.699569008664874
frame_014,frame_003,14,3,30,-11,False,False,518,crash helmet,0.9641564240362916,0.03650173193741668,0.9680272936820984,0.03197270631790161,0.02963036277828893,5.391461889045191,0.08836206896551724,0.16529140621121544,1.8706149385854627
frame_014,frame_004,14,4,30,-10,False,False,518,crash helmet,0.9727828524257717,0.027594394955021195,0.9766943454742432,0.023305654525756836,0.06763318163962166,5.367334041631246,0.11853448275862069,0.27338017227256994,2.3063345442631356
frame_014,frame_005,14,5,30,-9,True,False,518,crash helmet,0.9850936239201249,0.015018592661879993,0.9881370067596436,0.011862993240356445,0.08508504104375411,5.206709049007464,0.1788793103448276,0.3595727904216355,2.010141864525769
frame_014,frame_006,14,6,30,-8,False,False,518,crash helmet,0.8403113174465031,0.1739828397981844,0.9351622462272644,0.0648377537727356,0.0350025892121438,5.421264103444031,0.26939655172413796,0.36513558557246323,1.3553832936449834
frame_014,frame_007,14,7,30,-7,False,False,671,"mountain bike, all-terrain bike, off-roader",0.8048142423840869,0.217143782993936,0.905930757522583,0.09406924247741699,0.03587752179307539,5.507356209371462,0.39655172413793105,0.496296662883372,1.2515307150971988
frame_014,frame_008,14,8,30,-6,False,True,671,"mountain bike, all-terrain bike, off-roader",0.6483312551718183,0.4333535169933489,0.871545672416687,0.128454327583313,0.05567487702462293,5.403355568624578,0.5,0.5911970822784522,1.1823941645569045
frame_014,frame_009,14,9,30,-5,False,False,671,"mountain bike, all-terrain bike, off-roader",0.7332140392251599,0.3103176153205274,0.8778550028800964,0.12214499711990356,0.0479489149378204,5.441358308456035,0.5043103448275862,0.5808435752485324,1.1517582004928164
frame_014,frame_010,14,10,30,-4,False,False,671,"mountain bike, all-terrain bike, off-roader",0.9042004469589676,0.1007042098074793,0.9321157932281494,0.06788420677185059,0.03704642152915695,5.473984821720189,0.5280172413793104,0.6613315040377485,1.2524808892796542
frame_014,frame_011,14,11,30,-3,False,False,671,"mountain bike, all-terrain bike, off-roader",0.9220909964415563,0.08111136567345856,0.9455710649490356,0.054428935050964355,0.02440050416392912,5.452674474575701,0.47844827586206895,0.6761451024728298,1.41320417814141
frame_014,frame_012,14,12,30,-2,False,False,671,"mountain bike, all-terrain bike, off-roader",0.8536264299320886,0.15826161657317428,0.9208644032478333,0.07913559675216675,0.01780347512957801,5.44504237888278,0.3642241379310345,0.5631993803818524,1.546298890515855
frame_014,frame_013,14,13,30,-1,False,False,518,crash helmet,0.6767811162265223,0.39040737263593606,0.8995032906532288,0.10049670934677124,0.03369524263142269,5.401324316722928,0.2629310344827586,0.4369860795711204,1.661979843614753
frame_014,frame_015,14,15,30,1,False,False,671,"mountain bike, all-terrain bike, off-roader",0.8020929992423583,0.22053071868330543,0.9185405373573303,0.08145946264266968,0.03985151612269432,5.4135107859560545,0.11853448275862069,0.2759758626268098,2.3282327319789045
frame_014,frame_016,14,16,30,2,False,False,671,"mountain bike, all-terrain bike, off-roader",0.9784452148122083,0.021790482663667454,0.9828587770462036,0.017141222953796387,0.0535585710680612,5.428829863661393,0.08189655172413793,0.12403649474956327,1.5145508832578252
frame_014,frame_017,14,17,30,3,False,False,671,"mountain bike, all-terrain bike, off-roader",0.9651301838795096,0.0354922811674685,0.9726696610450745,0.027330338954925537,0.03365048708843722,5.405243714781864,0.0625,0.07541544842772309,1.2066471748435694
frame_014,frame_000,14,0,40,-14,False,False,671,"mountain bike, all-terrain bike, off-roader",0.9473451141412879,0.054091823312655274,0.9494358897209167,0.05056411027908325,0.07574690225248121,4.199662411316974,0.021551724137931036,0.25736864130323045,11.941904956469893
frame_014,frame_001,14,1,40,-13,True,False,671,"mountain bike, all-terrain bike, off-roader",0.9953698795321135,0.004640872677849295,0.9941372871398926,0.005862712860107422,0.09216907789063253,3.917480043037337,0.03879310344827586,0.4684453457153704,12.075480022885102
frame_014,frame_002,14,2,40,-12,False,False,518,crash helmet,0.564299635568067,0.5721698998196436,0.8962178230285645,0.10378217697143555,0.055671577174658406,3.958289311075392,0.0603448275862069,0.6634743756410926,10.994718224909533
frame_014,frame_003,14,3,40,-11,False,False,518,crash helmet,0.9885130365596286,0.01155344823422233,0.9886026382446289,0.011397361755371094,0.061019682165613626,4.112792964351337,0.08836206896551724,0.7302223797373337,8.26398010239324
frame_014,frame_004,14,4,40,-10,False,False,518,crash helmet,0.9920180452486398,0.008013981087875877,0.9917517304420471,0.00824826955795288,0.06913529239905,4.282793102893456,0.11853448275862069,0.6491912715936186,5.476813636717073
frame_014,frame_005,14,5,40,-9,False,False,518,crash helmet,0.9914156208823095,0.008621437132554366,0.992138147354126,0.007861852645874023,0.054840844870005366,4.527098070131542,0.1788793103448276,0.7825600120848762,4.374793320570874
frame_014,frame_006,14,6,40,-8,False,False,518,crash helmet,0.8594996024754614,0.15140491666607492,0.9382147789001465,0.061785221099853516,0.03297794520677654,4.842278849544164,0.26939655172413796,0.765398299957258,2.8411584894413418
frame_014,frame_007,14,7,40,-7,False,False,671,"mountain bike, all-terrain bike, off-roader",0.6625215143806878,0.41170224711215875,0.8695763349533081,0.1304236650466919,0.022447844952658683,5.143588556743154,0.39655172413793105,0.7930643108496548,1.9999013056208685
frame_014,frame_008,14,8,40,-6,False,False,671,"mountain bike, all-terrain bike, off-roader",0.5915707216099243,0.5249740395494746,0.8618683815002441,0.13813161849975586,0.03078586245758025,5.258650419735371,0.5,0.8055749561357093,1.6111499122714186
frame_014,frame_009,14,9,40,-5,False,True,671,"mountain bike, all-terrain bike, off-roader",0.6230578160004586,0.4731159619316214,0.8577867746353149,0.14221322536468506,0.022775499086807784,5.30036896673873,0.5043103448275862,0.859029935295777,1.7033755981933356
frame_014,frame_010,14,10,40,-4,False,False,671,"mountain bike, all-terrain bike, off-roader",0.7321423158703995,0.3117803633300813,0.8621779680252075,0.13782203197479248,0.02836982360164177,5.365803169681648,0.5280172413793104,0.8223730824147691,1.5574739193487872
frame_014,frame_011,14,11,40,-3,False,False,671,"mountain bike, all-terrain bike, off-roader",0.6485741081551729,0.43297900549380497,0.8906844854354858,0.10931551456451416,0.027441486701593746,5.258383530854502,0.47844827586206895,0.8371574641602839,1.7497345196863592
frame_014,frame_012,14,12,40,-2,False,False,671,"mountain bike, all-terrain bike, off-roader",0.904948032921752,0.09987775911683716,0.9414200186729431,0.058579981327056885,0.04063366723241415,5.048124998460895,0.3642241379310345,0.8059108051507087,2.212678186922656
frame_014,frame_013,14,13,40,-1,False,False,518,crash helmet,0.5983083205499397,0.5136490716964914,0.8893479108810425,0.11065208911895752,0.03356658659263171,4.871313959378095,0.2629310344827586,0.7844369999877499,2.983432524543573
frame_014,frame_015,14,15,40,1,False,False,671,"mountain bike, all-terrain bike, off-roader",0.9049214243927222,0.09990716292706692,0.9501769542694092,0.04982304573059082,0.06471102011571038,4.3541445274723145,0.11853448275862069,0.7352560792655258,6.202887650530982
frame_014,frame_016,14,16,40,2,False,False,671,"mountain bike, all-terrain bike, off-roader",0.9935627330716693,0.006458075479284453,0.9935744404792786,0.0064255595207214355,0.051630543967160485,4.222209458762865,0.08189655172413793,0.6663988744030466,8.137080992710885
frame_014,frame_017,14,17,40,3,False,False,671,"mountain bike, all-terrain bike, off-roader",0.9768167261599766,0.023456232908846797,0.9807596802711487,0.01924031972885132,0.05782856462769004,4.124612323809347,0.0625,0.6365469521540008,10.184751234464013
frame_014,frame_000,14,0,50,-14,False,False,671,"mountain bike, all-terrain bike, off-roader",0.9546107046076462,0.04645166076313001,0.9541574120521545,0.04584258794784546,0.08961543419833348,4.569496170284367,0.021551724137931036,0.14971484464924442,6.94676879172494
frame_014,frame_001,14,1,50,-13,True,False,671,"mountain bike, all-terrain bike, off-roader",0.9963742348045174,0.003632354213752631,0.9955413937568665,0.004458606243133545,0.05361384492554438,4.532359080647723,0.03879310344827586,0.4132450928358928,10.65254017088079
frame_014,frame_002,14,2,50,-12,False,False,518,crash helmet,0.7035618490717052,0.3515994900565551,0.9112143516540527,0.08878564834594727,0.04184718693657961,4.4544986275889435,0.0603448275862069,0.5644364956314107,9.353519070463378
frame_014,frame_003,14,3,50,-11,False,False,518,crash helmet,0.9878047335030364,0.012270238922084495,0.989581823348999,0.010418176651000977,0.08269460618560796,4.3715612140065865,0.08836206896551724,0.5721895538610724,6.475511048574088
frame_014,frame_004,14,4,50,-10,False,False,518,crash helmet,0.9949383763939509,0.005074477013899736,0.9946703910827637,0.005329608917236328,0.09430772871446644,4.445754277249696,0.11853448275862069,0.6353489820545266,5.360035048605461
frame_014,frame_005,14,5,50,-9,False,False,518,crash helmet,0.993038643346318,0.006985699937548606,0.9936802387237549,0.006319761276245117,0.08309987257275252,4.642210760999637,0.1788793103448276,0.7133685701161973,3.98798815101103
frame_014,frame_006,14,6,50,-8,False,False,518,crash helmet,0.8631374480776183,0.14718133281961698,0.9411226511001587,0.05887734889984131,0.04295110292388664,4.947137522760444,0.26939655172413796,0.6910984158771711,2.565357319736059
frame_014,frame_007,14,7,50,-7,False,False,671,"mountain bike, all-terrain bike, off-roader",0.6586756374587734,0.4175240698115359,0.8750916123390198,0.12490838766098022,0.03467149945496382,5.12824408195989,0.39655172413793105,0.7682201743439107,1.9372508744324703
frame_014,frame_008,14,8,50,-6,False,True,671,"mountain bike, all-terrain bike, off-roader",0.5124994398692515,0.6684556609082168,0.8674548268318176,0.13254517316818237,0.055757556262170924,5.12628302194129,0.5,0.7927789386132826,1.5855578772265653
frame_014,frame_009,14,9,50,-5,False,False,671,"mountain bike, all-terrain bike, off-roader",0.6847909668107084,0.37864164523064225,0.8823761940002441,0.11762380599975586,0.03894994117345846,5.302642264602265,0.5043103448275862,0.7700484669449353,1.5269337122326923
frame_014,frame_010,14,10,50,-4,False,False,671,"mountain bike, all-terrain bike, off-roader",0.9299245389014652,0.07265183709310818,0.9486210942268372,0.05137890577316284,0.02981796442718009,5.325992396876179,0.5280172413793104,0.7684674796634114,1.4553833084237668
frame_014,frame_011,14,11,50,-3,False,False,671,"mountain bike, all-terrain bike, off-roader",0.954133102114007,0.04695209723021865,0.9651253819465637,0.03487461805343628,0.027580771470750623,5.237988453462544,0.47844827586206895,0.8238777516155836,1.721978724097436
frame_014,frame_012,14,12,50,-2,False,False,671,"mountain bike, all-terrain bike, off-roader",0.9045752253904489,0.10028980967751977,0.9437370300292969,0.056262969970703125,0.022090806078867847,5.141275181302747,0.3642241379310345,0.7306833913572074,2.006136648460025
frame_014,frame_013,14,13,50,-1,False,False,671,"mountain bike, all-terrain bike, off-roader",0.5674662392442084,0.5665740217147741,0.8834829330444336,0.1165170669555664,0.03997560278895545,4.838476020264848,0.2629310344827586,0.7331953414077858,2.7885462165017425
frame_014,frame_015,14,15,50,1,False,False,671,"mountain bike, all-terrain bike, off-roader",0.8948498598100406,0.11109932918181453,0.9469749927520752,0.053025007247924805,0.053648800696574975,4.5083195005567065,0.11853448275862069,0.7026088570835198,5.927463812486422
frame_014,frame_016,14,16,50,2,False,False,671,"mountain bike, all-terrain bike, off-roader",0.9929494854963536,0.007075486828748367,0.9934870600700378,0.006512939929962158,0.051223240944186135,4.480181952583425,0.08189655172413793,0.6162781616615125,7.525080710814258
frame_014,frame_017,14,17,50,3,False,False,671,"mountain bike, all-terrain bike, off-roader",0.9777922528423485,0.022458051918326394,0.9805785417556763,0.01942145824432373,0.05381526059051851,4.669846995608586,0.0625,0.4824747519681426,7.719596031490282
frame_015,frame_000,15,0,5,-15,False,True,671,"mountain bike, all-terrain bike, off-roader",0.2611935342076802,1.3424936360681796,0.5756451487541199,0.4243548512458801,0.03606090357006863,5.245758317180676,0.021551724137931036,0.14100561892989547,6.5426607183471495
frame_015,frame_001,15,1,5,-14,False,False,671,"mountain bike, all-terrain bike, off-roader",0.2654737252415066,1.3262394065061613,0.6090452671051025,0.39095473289489746,0.037494081094980855,5.146167791468916,0.03879310344827586,0.2961446743385315,7.633951605171033
frame_015,frame_002,15,2,5,-13,False,False,671,"mountain bike, all-terrain bike, off-roader",0.5151424911879743,0.6633117346693873,0.732602596282959,0.267397403717041,0.04092228720203297,4.9259796417521935,0.0603448275862069,0.48076238337101573,7.966919495862546
frame_015,frame_003,15,3,5,-12,False,False,518,crash helmet,0.30564376387033143,1.1853350255608521,0.6385321617126465,0.3614678382873535,0.031779128999045,4.952820785320732,0.08836206896551724,0.5488956680329077,6.211892438226077
frame_015,frame_004,15,4,5,-11,False,False,802,snowmobile,0.7428274258298003,0.297291527958754,0.8675550222396851,0.13244497776031494,0.038935452464103376,5.031033143134136,0.11853448275862069,0.5391370730918972,4.548356398448005
frame_015,frame_005,15,5,5,-10,False,False,518,crash helmet,0.8992505800764609,0.10619355133965502,0.9196305871009827,0.08036941289901733,0.04039594116874543,5.210959716736756,0.1788793103448276,0.6425627119120909,3.592157811171207
frame_015,frame_006,15,6,5,-9,False,False,518,crash helmet,0.8520300831631423,0.16013344389923745,0.918432354927063,0.08156764507293701,0.022410798606221093,5.452859005115574,0.26939655172413796,0.6835003433866702,2.5371532746513195
frame_015,frame_007,15,7,5,-8,False,False,880,"unicycle, monocycle",0.6458730890815707,0.43715225102972344,0.871300995349884,0.12869900465011597,0.008143150233369208,5.709913453653179,0.39655172413793105,0.7082700644785944,1.786072336511238
frame_015,frame_008,15,8,5,-7,True,False,518,crash helmet,0.9028670137644454,0.10218000798936266,0.9235605001449585,0.0764394998550415,0.012841871177187514,5.773735247983513,0.5,0.7368641874641343,1.4737283749282686
frame_015,frame_009,15,9,5,-6,False,False,518,crash helmet,0.649588997680121,0.43141542734688176,0.8157934546470642,0.1842065453529358,0.010617071740162817,5.8056974895164775,0.5043103448275862,0.759608403390842,1.506232047749362
frame_015,frame_010,15,10,5,-5,False,False,518,crash helmet,0.2824705889007727,1.264180843901233,0.6817905902862549,0.3182094097137451,0.010115580697535929,5.831350213676446,0.5280172413793104,0.7481900166979896,1.4169802765219066
frame_015,frame_011,15,11,5,-4,False,False,880,"unicycle, monocycle",0.38611987059233377,0.9516074121506088,0.712190568447113,0.28780943155288696,0.008430658019296081,5.7864234786698585,0.47844827586206895,0.7507169571338765,1.5690660725681023
frame_015,frame_012,15,12,5,-3,False,False,880,"unicycle, monocycle",0.4609842928204579,0.7743913085389278,0.7624669075012207,0.2375330924987793,0.010100766174969881,5.6439219728475285,0.3642241379310345,0.695888681184965,1.9106056098806141
frame_015,frame_013,15,13,5,-2,False,False,518,crash helmet,0.6710689127770444,0.3988834456787709,0.8253144025802612,0.17468559741973877,0.016849560292164795,5.388236570052475,0.2629310344827586,0.6442119161570448,2.4501174516136786
frame_015,frame_014,15,14,5,-1,False,False,518,crash helmet,0.6517015221619596,0.42816860996759853,0.7943504452705383,0.20564955472946167,0.017224410542171848,5.2128598466522815,0.16594827586206898,0.5435662162433796,3.275515900479586
frame_015,frame_016,15,16,5,1,False,False,671,"mountain bike, all-terrain bike, off-roader",0.6969059770074442,0.36110477401045316,0.8201878070831299,0.17981219291687012,0.02502328561698714,5.165301036930458,0.08189655172413793,0.4488499393817469,5.480693996661331
frame_015,frame_017,15,17,5,2,False,False,671,"mountain bike, all-terrain bike, off-roader",0.5171396254116319,0.6594423724411866,0.7634451389312744,0.23655486106872559,0.022137847130463524,5.213364777861828,0.0625,0.37949333793939,6.07189340703024
frame_015,frame_000,15,0,10,-15,False,False,671,"mountain bike, all-terrain bike, off-roader",0.8614038041756757,0.14919189010106848,0.889838457107544,0.11016154289245605,0.1678118548479034,4.125935333576788,0.021551724137931036,0.2820766926830515,13.088358540493589
frame_015,frame_001,15,1,10,-14,True,False,671,"mountain bike, all-terrain bike, off-roader",0.9667286319325044,0.03383745173098429,0.9653615951538086,0.034638404846191406,0.11277952739684437,4.050325661755432,0.03879310344827586,0.3843832406207206,9.908545758223019
frame_015,frame_002,15,2,10,-13,False,False,671,"mountain bike, all-terrain bike, off-roader",0.7798379110470317,0.24866918724319031,0.8816632032394409,0.11833679676055908,0.07616516149588777,4.003210414154831,0.0603448275862069,0.5539439372021769,9.179642387921788
frame_015,frame_003,15,3,10,-12,False,False,518,crash helmet,0.7680526466021022,0.2638969979207729,0.8401228189468384,0.15987718105316162,0.11819108601601468,4.011146240339313,0.08836206896551724,0.6907109309903406,7.816826145841905
frame_015,frame_004,15,4,10,-11,False,False,518,crash helmet,0.9193822503612465,0.08405330147262635,0.9329401850700378,0.06705981492996216,0.07809424495529693,4.278100887380399,0.11853448275862069,0.6104224952558052,5.149746141794429
frame_015,frame_005,15,5,10,-10,False,False,518,crash helmet,0.9493888975447128,0.05193676711413442,0.9647940993309021,0.0352059006690979,0.06515189177385461,4.467769540224536,0.1788793103448276,0.7187948134640669,4.018322812618398
frame_015,frame_006,15,6,10,-9,False,False,518,crash helmet,0.893147082153514,0.11300400600909555,0.9398333430290222,0.06016665697097778,0.04505047587531528,4.842821545771264,0.26939655172413796,0.749785362149123,2.783203264297544
frame_015,frame_007,15,7,10,-8,False,False,880,"unicycle, monocycle",0.7246691912756958,0.3220400161540531,0.8733993172645569,0.12660068273544312,0.043084811963788605,5.100501021269136,0.39655172413793105,0.7967430359275929,2.0091780906000167
frame_015,frame_008,15,8,10,-7,False,False,518,crash helmet,0.554016975291556,0.5905599513837907,0.8369927406311035,0.16300725936889648,0.02805870375136905,5.313793043039091,0.5,0.8174100743700576,1.6348201487401153
frame_015,frame_009,15,9,10,-6,False,False,518,crash helmet,0.5128864395984892,0.6677008236213724,0.806156575679779,0.19384342432022095,0.02571461915646551,5.4336767282306555,0.5043103448275862,0.8256570368577648,1.6372002782136876
frame_015,frame_010,15,10,10,-5,False,False,671,"mountain bike, all-terrain bike, off-roader",0.4245365855839464,0.8567570918232663,0.7656325101852417,0.2343674898147583,0.0341165131058507,5.439244970843028,0.5280172413793104,0.8044690022895447,1.523565783927954
frame_015,frame_011,15,11,10,-4,False,True,665,moped,0.32076612453118475,1.137043005413445,0.7129430174827576,0.28705698251724243,0.030819513120284386,5.273703770941363,0.47844827586206895,0.8210482945363595,1.7160649038958145
frame_015,frame_012,15,12,10,-3,False,False,665,moped,0.5451850161520239,0.6066300627508858,0.8030433654785156,0.19695663452148438,0.03166386936869553,5.084653616401813,0.3642241379310345,0.7443631787481089,2.043695354669364
frame_015,frame_013,15,13,10,-2,False,False,518,crash helmet,0.6471615807028595,0.43515927732548665,0.8746757507324219,0.12532424926757812,0.03540427598346419,4.840699061030526,0.2629310344827586,0.7633282572237359,2.903150093047651
frame_015,frame_014,15,14,10,-1,False,False,518,crash helmet,0.7294942492661145,0.31540379416741526,0.8680081963539124,0.13199180364608765,0.061780144127009703,4.593035957095454,0.16594827586206898,0.7117228168831767,4.288823208231091
frame_015,frame_016,15,16,10,1,False,False,671,"mountain bike, all-terrain bike, off-roader",0.7155274244259394,0.3347353516832179,0.8772700428962708,0.12272995710372925,0.11856119180906775,4.267973740830559,0.08189655172413793,0.663183338603188,8.097817608207349
frame_015,frame_017,15,17,10,2,False,False,671,"mountain bike, all-terrain bike, off-roader",0.7188795817492876,0.3300614154692596,0.8839511275291443,0.11604887247085571,0.10976933103896785,4.276761054392374,0.0625,0.5717082130190093,9.147331408304149
frame_015,frame_000,15,0,20,-15,False,False,671,"mountain bike, all-terrain bike, off-roader",0.8859889148511209,0.12105083991004184,0.9167872667312622,0.08321273326873779,0.13523066431867573,4.282286767954258,0.021551724137931036,0.3007010552814944,13.952528965061338
frame_015,frame_001,15,1,20,-14,True,False,671,"mountain bike, all-terrain bike, off-roader",0.9927713067966377,0.007254946802059514,0.9911448359489441,0.008855164051055908,0.11017611714297158,4.295272454878232,0.03879310344827586,0.3942714319707176,10.163441357467388
frame_015,frame_002,15,2,20,-13,False,False,671,"mountain bike, all-terrain bike, off-roader",0.9467672416459232,0.054702000962917996,0.9667537808418274,0.03324621915817261,0.11914616205724717,4.102171529881994,0.0603448275862069,0.5116805213697503,8.479277211270148
frame_015,frame_003,15,3,20,-12,False,False,518,crash helmet,0.6614703851102253,0.41329006572601323,0.863913893699646,0.136086106300354,0.12560322854367964,4.144570391131106,0.08836206896551724,0.6215511206290453,7.034139511509196
frame_015,frame_004,15,4,20,-11,False,False,518,crash helmet,0.881026609660406,0.12666744957427079,0.9289722442626953,0.07102775573730469,0.1084132643677957,4.320175135203922,0.11853448275862069,0.5589672656415601,4.715651113776071
frame_015,frame_005,15,5,20,-10,False,False,518,crash helmet,0.825642712063418,0.19159315102008723,0.9302311539649963,0.06976884603500366,0.11998420289264992,4.612454884460837,0.1788793103448276,0.6762156037737787,3.780289640373895
frame_015,frame_006,15,6,20,-9,False,False,671,"mountain bike, all-terrain bike, off-roader",0.7313213864851427,0.31290226265705634,0.9131958484649658,0.08680415153503418,0.07529845276628894,4.867991779702878,0.26939655172413796,0.7095963075246421,2.6340214935314714
frame_015,frame_007,15,7,20,-8,False,False,671,"mountain bike, all-terrain bike, off-roader",0.9535044964186333,0.04761113825416308,0.9657359719276428,0.03426402807235718,0.044436376722789335,5.19459641350761,0.39655172413793105,0.7884105360696722,1.9881656996539558
frame_015,frame_008,15,8,20,-7,False,False,671,"mountain bike, all-terrain bike, off-roader",0.7973892753253264,0.22641229367972215,0.899945855140686,0.10005414485931396,0.056503653167502756,5.339572820929034,0.5,0.7501296546712135,1.500259309342427
frame_015,frame_009,15,9,20,-6,False,False,671,"mountain bike, all-terrain bike, off-roader",0.8313612771096894,0.18469082877186072,0.9049482941627502,0.09505170583724976,0.024380818513485364,5.548150066181966,0.5043103448275862,0.7601038017166502,1.5072143760535286
frame_015,frame_010,15,10,20,-5,False,False,671,"mountain bike, all-terrain bike, off-roader",0.8950639750010992,0.11086008281373161,0.9257615208625793,0.07423847913742065,0.030633701374764826,5.609155789070376,0.5280172413793104,0.6919093262662699,1.3103915403573436
frame_015,frame_011,15,11,20,-4,False,False,671,"mountain bike, all-terrain bike, off-roader",0.6966993500961539,0.36140130977819984,0.8579810857772827,0.14201891422271729,0.03450913738549439,5.515110216022485,0.47844827586206895,0.7243006958232194,1.5138537065854676
frame_015,frame_012,15,12,20,-3,False,True,671,"mountain bike, all-terrain bike, off-roader",0.5961584076274612,0.5172488626214253,0.8506667613983154,0.14933323860168457,0.03553667687106938,5.253750402372656,0.3642241379310345,0.6922298492608367,1.900560059509043
frame_015,frame_013,15,13,20,-2,False,False,518,crash helmet,0.5254472293434428,0.6435055136058478,0.8776198625564575,0.12238013744354248,0.04485160020543253,5.104979613311879,0.2629310344827586,0.6899383538576084,2.6240278376223793
frame_015,frame_014,15,14,20,-1,False,False,671,"mountain bike, all-terrain bike, off-roader",0.6319177479013254,0.4589960390307204,0.89649897813797,0.10350102186203003,0.05371284880743352,4.898537627962573,0.16594827586206898,0.5849510920562044,3.524900087195829
frame_015,frame_016,15,16,20,1,False,False,671,"mountain bike, all-terrain bike, off-roader",0.981803250487009,0.018364346621142502,0.9838789701461792,0.0161210298538208,0.0980366157541791,4.513699284316246,0.08189655172413793,0.5364236138452544,6.550014653268369
frame_015,frame_017,15,17,20,2,False,False,671,"mountain bike, all-terrain bike, off-roader",0.9882681975329975,0.011801163078597021,0.9888209700584412,0.011179029941558838,0.09706953090167843,4.380508339057024,0.0625,0.4711256717373833,7.538010747798133
frame_015,frame_000,15,0,30,-15,False,False,671,"mountain bike, all-terrain bike, off-roader",0.8706492526645351,0.1385160782220881,0.8820663690567017,0.11793363094329834,0.03457779477689477,5.190006039671234,0.021551724137931036,0.08873299240395599,4.117210847543558
frame_015,frame_001,15,1,30,-14,False,False,671,"mountain bike, all-terrain bike, off-roader",0.98940709463756,0.010649409567825785,0.9879802465438843,0.012019753456115723,0.04898993994208215,5.2541322489586815,0.03879310344827586,0.1516536752345173,3.909294739378668
frame_015,frame_002,15,2,30,-13,False,False,518,crash helmet,0.6866567880407043,0.3759206923185934,0.9040459990501404,0.09595400094985962,0.036617919789344186,5.393713541759378,0.0603448275862069,0.19764145759194746,3.2752012972379863
frame_015,frame_003,15,3,30,-12,False,False,518,crash helmet,0.9641564240362916,0.03650173193741668,0.9680272936820984,0.03197270631790161,0.033403749948199016,5.312683549327944,0.08836206896551724,0.20536916591016524,2.3241778776174797
frame_015,frame_004,15,4,30,-11,False,False,518,crash helmet,0.9727828524257717,0.027594394955021195,0.9766943454742432,0.023305654525756836,0.07117475458684129,5.308015085829289,0.11853448275862069,0.32173818682414257,2.7143003397527665
frame_015,frame_005,15,5,30,-10,True,False,518,crash helmet,0.9850936239201249,0.015018592661879993,0.9881370067596436,0.011862993240356445,0.08062411102224104,5.146437994349481,0.1788793103448276,0.4106337090624042,2.295590855481392
frame_015,frame_006,15,6,30,-9,False,False,518,crash helmet,0.8403113174465031,0.1739828397981844,0.9351622462272644,0.0648377537727356,0.03597302705785808,5.43614625247014,0.26939655172413796,0.41734152741659075,1.5491717497703847
frame_015,frame_007,15,7,30,-8,False,False,671,"mountain bike, all-terrain bike, off-roader",0.8048142423840869,0.217143782993936,0.905930757522583,0.09406924247741699,0.03175136787133049,5.541776511183134,0.39655172413793105,0.5388916996556283,1.3589442860881062
frame_015,frame_008,15,8,30,-7,False,True,671,"mountain bike, all-terrain bike, off-roader",0.6483312551718183,0.4333535169933489,0.871545672416687,0.128454327583313,0.04890544775899725,5.439640293495467,0.5,0.6166099015526847,1.2332198031053694
frame_015,frame_009,15,9,30,-6,False,False,671,"mountain bike, all-terrain bike, off-roader",0.7332140392251599,0.3103176153205274,0.8778550028800964,0.12214499711990356,0.04769886192021187,5.448905452292748,0.5043103448275862,0.5876856950520206,1.1653254807869127
frame_015,frame_010,15,10,30,-5,False,False,671,"mountain bike, all-terrain bike, off-roader",0.9042004469589676,0.1007042098074793,0.9321157932281494,0.06788420677185059,0.029547254993827755,5.501355848227269,0.5280172413793104,0.6630209851671711,1.2556805596635403
frame_015,frame_011,15,11,30,-4,False,False,671,"mountain bike, all-terrain bike, off-roader",0.9220909964415563,0.08111136567345856,0.9455710649490356,0.054428935050964355,0.026326611365204314,5.424221261995885,0.47844827586206895,0.6842004147573353,1.430040506519836
frame_015,frame_012,15,12,30,-3,False,False,671,"mountain bike, all-terrain bike, off-roader",0.8536264299320886,0.15826161657317428,0.9208644032478333,0.07913559675216675,0.01992445071340731,5.415550638276078,0.3642241379310345,0.577731932979614,1.5861989165830823
frame_015,frame_013,15,13,30,-2,False,False,518,crash helmet,0.6767811162265223,0.39040737263593606,0.8995032906532288,0.10049670934677124,0.0279303878446445,5.387454998175004,0.2629310344827586,0.4637980960915737,1.7639534146433622
frame_015,frame_014,15,14,30,-1,False,False,518,crash helmet,0.6624933558680278,0.4117447500504978,0.9053700566291809,0.09462994337081909,0.02886596325267802,5.380370310622254,0.16594827586206898,0.34960355133372606,2.1067019197253103
frame_015,frame_016,15,16,30,1,False,False,671,"mountain bike, all-terrain bike, off-roader",0.9784452148122083,0.021790482663667454,0.9828587770462036,0.017141222953796387,0.04450724314059137,5.422276094010472,0.08189655172413793,0.14532520006563995,1.774497179748867
frame_015,frame_017,15,17,30,2,False,False,671,"mountain bike, all-terrain bike, off-roader",0.9651301838795096,0.0354922811674685,0.9726696610450745,0.027330338954925537,0.023715261539992864,5.402700059989135,0.0625,0.0923456092933091,1.4775297486929455
frame_015,frame_000,15,0,40,-15,False,False,671,"mountain bike, all-terrain bike, off-roader",0.9473451141412879,0.054091823312655274,0.9494358897209167,0.05056411027908325,0.0860485126882097,4.064079448643915,0.021551724137931036,0.27282725854088485,12.659184796297057
frame_015,frame_001,15,1,40,-14,True,False,671,"mountain bike, all-terrain bike, off-roader",0.9953698795321135,0.004640872677849295,0.9941372871398926,0.005862712860107422,0.10527381492753274,3.7993098128487346,0.03879310344827586,0.46710401052990064,12.04090338254855
frame_015,frame_002,15,2,40,-13,False,False,518,crash helmet,0.564299635568067,0.5721698998196436,0.8962178230285645,0.10378217697143555,0.05638228294253657,3.917650796487419,0.0603448275862069,0.6684273222363982,11.07679562563174
frame_015,frame_003,15,3,40,-12,False,False,518,crash helmet,0.9885130365596286,0.01155344823422233,0.9886026382446289,0.011397361755371094,0.06247274909437899,4.067035802146501,0.08836206896551724,0.7398242550947457,8.372645228389317
frame_015,frame_004,15,4,40,-11,False,False,518,crash helmet,0.9920180452486398,0.008013981087875877,0.9917517304420471,0.00824826955795288,0.06564105970860727,4.262396100435483,0.11853448275862069,0.650875473993673,5.491022180601168
frame_015,frame_005,15,5,40,-10,False,False,518,crash helmet,0.9914156208823095,0.008621437132554366,0.992138147354126,0.007861852645874023,0.04964492475353364,4.5190938074683125,0.1788793103448276,0.778037402274992,4.349510297055376
frame_015,frame_006,15,6,40,-9,False,False,518,crash helmet,0.8594996024754614,0.15140491666607492,0.9382147789001465,0.061785221099853516,0.03431582103837944,4.807992913139026,0.26939655172413796,0.7695419353836462,2.8565396641440945
frame_015,frame_007,15,7,40,-8,False,False,671,"mountain bike, all-terrain bike, off-roader",0.6625215143806878,0.41170224711215875,0.8695763349533081,0.1304236650466919,0.022281714072991114,5.100300977519973,0.39655172413793105,0.7976179105541175,2.011384296179948
frame_015,frame_008,15,8,40,-7,False,False,671,"mountain bike, all-terrain bike, off-roader",0.5915707216099243,0.5249740395494746,0.8618683815002441,0.13813161849975586,0.04335842587758088,5.180285787888526,0.5,0.8098208881439806,1.6196417762879611
frame_015,frame_009,15,9,40,-6,False,True,671,"mountain bike, all-terrain bike, off-roader",0.6230578160004586,0.4731159619316214,0.8577867746353149,0.14221322536468506,0.029916387326649314,5.225207810560904,0.5043103448275862,0.871252257883087,1.7276113147767196
frame_015,frame_010,15,10,40,-5,False,False,671,"mountain bike, all-terrain bike, off-roader",0.7321423158703995,0.3117803633300813,0.8621779680252075,0.13782203197479248,0.03116024856745622,5.256111726720574,0.5280172413793104,0.8367364361367902,1.5846763525202883
frame_015,frame_011,15,11,40,-4,False,False,671,"mountain bike, all-terrain bike, off-roader",0.6485741081551729,0.43297900549380497,0.8906844854354858,0.10931551456451416,0.034657149707979715,5.183489381965828,0.47844827586206895,0.8375492676582148,1.7505534242946472
frame_015,frame_012,15,12,40,-3,False,False,671,"mountain bike, all-terrain bike, off-roader",0.904948032921752,0.09987775911683716,0.9414200186729431,0.058579981327056885,0.050090446027810806,4.943749232354067,0.3642241379310345,0.822188665907873,2.2573700649778288
frame_015,frame_013,15,13,40,-2,False,False,518,crash helmet,0.5983083205499397,0.5136490716964914,0.8893479108810425,0.11065208911895752,0.039168506524190405,4.862697134550832,0.2629310344827586,0.784294518004223,2.982890625852127
frame_015,frame_014,15,14,40,-1,False,False,671,"mountain bike, all-terrain bike, off-roader",0.6349363480350213,0.4542305244286684,0.9027486443519592,0.09725135564804077,0.035114362770805346,4.628128995431231,0.16594827586206898,0.7268875824363691,4.380205691564614
frame_015,frame_016,15,16,40,1,False,False,671,"mountain bike, all-terrain bike, off-roader",0.9935627330716693,0.006458075479284453,0.9935744404792786,0.0064255595207214355,0.050666766251687055,4.199419182511446,0.08189655172413793,0.6547217094826838,7.994496663156982
frame_015,frame_017,15,17,40,2,False,False,671,"mountain bike, all-terrain bike, off-roader",0.9768167261599766,0.023456232908846797,0.9807596802711487,0.01924031972885132,0.05666033235588245,4.075758044105827,0.0625,0.6555709763396226,10.489135621433961
frame_015,frame_000,15,0,50,-15,False,False,671,"mountain bike, all-terrain bike, off-roader",0.9546107046076462,0.04645166076313001,0.9541574120521545,0.04584258794784546,0.1090102456177884,4.322403966121161,0.021551724137931036,0.20630457006618316,9.572532051070898
frame_015,frame_001,15,1,50,-14,True,False,671,"mountain bike, all-terrain bike, off-roader",0.9963742348045174,0.003632354213752631,0.9955413937568665,0.004458606243133545,0.06060802575039814,4.281202674384271,0.03879310344827586,0.49131946005743804,12.665123859258403
frame_015,frame_002,15,2,50,-13,False,False,518,crash helmet,0.7035618490717052,0.3515994900565551,0.9112143516540527,0.08878564834594727,0.049049757254825875,4.242554986585937,0.0603448275862069,0.6348506768144426,10.52038264435362
frame_015,frame_003,15,3,50,-12,False,False,518,crash helmet,0.9878047335030364,0.012270238922084495,0.989581823348999,0.010418176651000977,0.07230914145989102,4.2529644023827355,0.08836206896551724,0.6245687596747783,7.068290353392613
frame_015,frame_004,15,4,50,-11,False,False,518,crash helmet,0.9949383763939509,0.005074477013899736,0.9946703910827637,0.005329608917236328,0.10405477636278469,4.347702386965587,0.11853448275862069,0.6619706282981332,5.58462493691516
frame_015,frame_005,15,5,50,-10,False,False,518,crash helmet,0.993038643346318,0.006985699937548606,0.9936802387237549,0.006319761276245117,0.08450707767933882,4.584024713005168,0.1788793103448276,0.7421746326042569,4.149024452149098
frame_015,frame_006,15,6,50,-9,False,False,518,crash helmet,0.8631374480776183,0.14718133281961698,0.9411226511001587,0.05887734889984131,0.05043506617039354,4.948919657787657,0.26939655172413796,0.7340400692699895,2.724756737130201
frame_015,frame_007,15,7,50,-8,False,False,671,"mountain bike, all-terrain bike, off-roader",0.6586756374587734,0.4175240698115359,0.8750916123390198,0.12490838766098022,0.03456042710055431,5.124836667493919,0.39655172413793105,0.7973151864494517,2.0106209049594868
frame_015,frame_008,15,8,50,-7,False,True,671,"mountain bike, all-terrain bike, off-roader",0.5124994398692515,0.6684556609082168,0.8674548268318176,0.13254517316818237,0.03964559013941406,5.217426384975049,0.5,0.8145664798989649,1.6291329597979298
frame_015,frame_009,15,9,50,-6,False,False,671,"mountain bike, all-terrain bike, off-roader",0.6847909668107084,0.37864164523064225,0.8823761940002441,0.11762380599975586,0.02288422003431033,5.392425268071488,0.5043103448275862,0.7919391402302818,1.570340859260046
frame_015,frame_010,15,10,50,-5,False,False,671,"mountain bike, all-terrain bike, off-roader",0.9299245389014652,0.07265183709310818,0.9486210942268372,0.05137890577316284,0.032846447111234196,5.3813034174889856,0.5280172413793104,0.7655434727847299,1.4498455974372026
frame_015,frame_011,15,11,50,-4,False,False,671,"mountain bike, all-terrain bike, off-roader",0.954133102114007,0.04695209723021865,0.9651253819465637,0.03487461805343628,0.02511626036271488,5.270113106953991,0.47844827586206895,0.820724551057336,1.7153882508585763
frame_015,frame_012,15,12,50,-3,False,False,671,"mountain bike, all-terrain bike, off-roader",0.9045752253904489,0.10028980967751977,0.9437370300292969,0.056262969970703125,0.029853951194191666,5.13858091204569,0.3642241379310345,0.7430437911259735,2.040072893979004
frame_015,frame_013,15,13,50,-2,False,False,671,"mountain bike, all-terrain bike, off-roader",0.5674662392442084,0.5665740217147741,0.8834829330444336,0.1165170669555664,0.032718904052170705,4.891010855327398,0.2629310344827586,0.7489473881479928,2.848455640169415
frame_015,frame_014,15,14,50,-1,False,False,671,"mountain bike, all-terrain bike, off-roader",0.7522472217885169,0.28469025668117265,0.9168359041213989,0.08316409587860107,0.03520261812356422,4.74688602659868,0.16594827586206898,0.6298512944934062,3.7954675408433824
frame_015,frame_016,15,16,50,1,False,False,671,"mountain bike, all-terrain bike, off-roader",0.9929494854963536,0.007075486828748367,0.9934870600700378,0.006512939929962158,0.05831577691763985,4.357732107059597,0.08189655172413793,0.6637952172330884,8.105288968319817
frame_015,frame_017,15,17,50,2,False,False,671,"mountain bike, all-terrain bike, off-roader",0.9777922528423485,0.022458051918326394,0.9805785417556763,0.01942145824432373,0.06397793445607054,4.432859591014061,0.0625,0.5669309781791353,9.070895650866165
frame_016,frame_000,16,0,5,-16,False,True,671,"mountain bike, all-terrain bike, off-roader",0.2611935342076802,1.3424936360681796,0.5756451487541199,0.4243548512458801,0.041601545950566594,5.170161640994735,0.021551724137931036,0.1682551585260566,7.807039355609026
frame_016,frame_001,16,1,5,-15,False,False,671,"mountain bike, all-terrain bike, off-roader",0.2654737252415066,1.3262394065061613,0.6090452671051025,0.39095473289489746,0.038024723573943944,5.039092871949295,0.03879310344827586,0.3338463617637789,8.605817325466301
frame_016,frame_002,16,2,5,-14,False,False,671,"mountain bike, all-terrain bike, off-roader",0.5151424911879743,0.6633117346693873,0.732602596282959,0.267397403717041,0.03879602224277703,4.8397324859196935,0.0603448275862069,0.5085950998081626,8.428147368249553
frame_016,frame_003,16,3,5,-13,False,False,518,crash helmet,0.30564376387033143,1.1853350255608521,0.6385321617126465,0.3614678382873535,0.032041046473809745,4.879428410883113,0.08836206896551724,0.5712023414536309,6.464338693524018
frame_016,frame_004,16,4,5,-12,False,False,802,snowmobile,0.7428274258298003,0.297291527958754,0.8675550222396851,0.13244497776031494,0.03712746853116059,4.9815566983179576,0.11853448275862069,0.5567380761199537,4.6968448603574275
frame_016,frame_005,16,5,5,-11,False,False,518,crash helmet,0.8992505800764609,0.10619355133965502,0.9196305871009827,0.08036941289901733,0.037148654366845356,5.173737687887489,0.1788793103448276,0.6601579609142574,3.6905216128218723
frame_016,frame_006,16,6,5,-10,False,False,518,crash helmet,0.8520300831631423,0.16013344389923745,0.918432354927063,0.08156764507293701,0.02293024972708612,5.4302798353638675,0.26939655172413796,0.6985541004846108,2.5930328209988747
frame_016,frame_007,16,7,5,-9,False,False,880,"unicycle, monocycle",0.6458730890815707,0.43715225102972344,0.871300995349884,0.12869900465011597,0.00927939270427566,5.683800873574884,0.39655172413793105,0.7172001872232797,1.8085917764760966
frame_016,frame_008,16,8,5,-8,True,False,518,crash helmet,0.9028670137644454,0.10218000798936266,0.9235605001449585,0.0764394998550415,0.01187692105335996,5.765039246571771,0.5,0.745211913125297,1.490423826250594
frame_016,frame_009,16,9,5,-7,False,False,518,crash helmet,0.649588997680121,0.43141542734688176,0.8157934546470642,0.1842065453529358,0.011634010524803009,5.789128871003822,0.5043103448275862,0.7637452179210178,1.51443496203142
frame_016,frame_010,16,10,5,-6,False,False,518,crash helmet,0.2824705889007727,1.264180843901233,0.6817905902862549,0.3182094097137451,0.010584970913883086,5.822203148505446,0.5280172413793104,0.7471982953697887,1.4151020777615588
frame_016,frame_011,16,11,5,-5,False,False,880,"unicycle, monocycle",0.38611987059233377,0.9516074121506088,0.712190568447113,0.28780943155288696,0.008103482533318954,5.7807141779071545,0.47844827586206895,0.7551580151237854,1.5783482838623264
frame_016,frame_012,16,12,5,-4,False,False,880,"unicycle, monocycle",0.4609842928204579,0.7743913085389278,0.7624669075012207,0.2375330924987793,0.01159104116665933,5.6401541855116974,0.3642241379310345,0.696718388843975,1.91288362380831
frame_016,frame_013,16,13,5,-3,False,False,518,crash helmet,0.6710689127770444,0.3988834456787709,0.8253144025802612,0.17468559741973877,0.015639562035856338,5.37810134443783,0.2629310344827586,0.6493426382430033,2.469631017579947
frame_016,frame_014,16,14,5,-2,False,False,518,crash helmet,0.6517015221619596,0.42816860996759853,0.7943504452705383,0.20564955472946167,0.01796396823037805,5.18995951866589,0.16594827586206898,0.552810104381967,3.331219330301723
frame_016,frame_015,16,15,5,-1,False,False,671,"mountain bike, all-terrain bike, off-roader",0.34180313179484445,1.07352034568948,0.7146630883216858,0.2853369116783142,0.021763009859172334,5.099384669532201,0.11853448275862069,0.5616263636330535,4.738084231377033
frame_016,frame_017,16,17,5,1,False,False,671,"mountain bike, all-terrain bike, off-roader",0.5171396254116319,0.6594423724411866,0.7634451389312744,0.23655486106872559,0.0224235742012548,5.127704928681954,0.0625,0.4078768668607162,6.52602986977146
frame_016,frame_000,16,0,10,-16,False,False,671,"mountain bike, all-terrain bike, off-roader",0.8614038041756757,0.14919189010106848,0.889838457107544,0.11016154289245605,0.1638391911428797,3.988717970837181,0.021551724137931036,0.3119092594823922,14.472589639982996
frame_016,frame_001,16,1,10,-15,True,False,671,"mountain bike, all-terrain bike, off-roader",0.9667286319325044,0.03383745173098429,0.9653615951538086,0.034638404846191406,0.11553868807323622,3.9089512304923555,0.03879310344827586,0.41699935406719085,10.74931668262092
frame_016,frame_002,16,2,10,-14,False,False,671,"mountain bike, all-terrain bike, off-roader",0.7798379110470317,0.24866918724319031,0.8816632032394409,0.11833679676055908,0.074655562704901,3.9372130728687544,0.0603448275862069,0.5706510955568529,9.456503869227847
frame_016,frame_003,16,3,10,-13,False,False,518,crash helmet,0.7680526466021022,0.2638969979207729,0.8401228189468384,0.15987718105316162,0.10569802664350478,3.9805671736321964,0.08836206896551724,0.7025145640009534,7.950408724303473
frame_016,frame_004,16,4,10,-12,False,False,518,crash helmet,0.9193822503612465,0.08405330147262635,0.9329401850700378,0.06705981492996216,0.07278530049846116,4.248288548265484,0.11853448275862069,0.6161313523156742,5.197908135899506
frame_016,frame_005,16,5,10,-11,False,False,518,crash helmet,0.9493888975447128,0.05193676711413442,0.9647940993309021,0.0352059006690979,0.06266442674008159,4.431490253475727,0.1788793103448276,0.7195089700524211,4.022315206076185
frame_016,frame_006,16,6,10,-10,False,False,518,crash helmet,0.893147082153514,0.11300400600909555,0.9398333430290222,0.06016665697097778,0.04891497266356622,4.828366024107989,0.26939655172413796,0.7541212233460771,2.799297981060638
frame_016,frame_007,16,7,10,-9,False,False,880,"unicycle, monocycle",0.7246691912756958,0.3220400161540531,0.8733993172645569,0.12660068273544312,0.049852731758829934,5.078758240469591,0.39655172413793105,0.8037601548479993,2.02687343396452
frame_016,frame_008,16,8,10,-8,False,False,518,crash helmet,0.554016975291556,0.5905599513837907,0.8369927406311035,0.16300725936889648,0.02615150473213141,5.302699391083944,0.5,0.8207147884394457,1.6414295768788913
frame_016,frame_009,16,9,10,-7,False,False,518,crash helmet,0.5128864395984892,0.6677008236213724,0.806156575679779,0.19384342432022095,0.026061116092254043,5.391642586808979,0.5043103448275862,0.8425508255995847,1.670699072983792
frame_016,frame_010,16,10,10,-6,False,False,671,"mountain bike, all-terrain bike, off-roader",0.4245365855839464,0.8567570918232663,0.7656325101852417,0.2343674898147583,0.038512040612793924,5.397587533338036,0.5280172413793104,0.8112477089805709,1.5364038243550402
frame_016,frame_011,16,11,10,-5,False,True,665,moped,0.32076612453118475,1.137043005413445,0.7129430174827576,0.28705698251724243,0.02733543690401665,5.236565996495491,0.47844827586206895,0.8305385599655604,1.7359004136217118
frame_016,frame_012,16,12,10,-4,False,False,665,moped,0.5451850161520239,0.6066300627508858,0.8030433654785156,0.19695663452148438,0.038779199510191736,5.035219218990182,0.3642241379310345,0.7521419431222318,2.06505243555453
frame_016,frame_013,16,13,10,-3,False,False,518,crash helmet,0.6471615807028595,0.43515927732548665,0.8746757507324219,0.12532424926757812,0.04136016561807232,4.778897302861722,0.2629310344827586,0.766058092686981,2.91353241808819
frame_016,frame_014,16,14,10,-2,False,False,518,crash helmet,0.7294942492661145,0.31540379416741526,0.8680081963539124,0.13199180364608765,0.06861848341722909,4.518998648001961,0.16594827586206898,0.7172178994488126,4.321936433042195
frame_016,frame_015,16,15,10,-1,False,False,671,"mountain bike, all-terrain bike, off-roader",0.39960620273045816,0.9172757099797151,0.7942951917648315,0.20570480823516846,0.10627850405279578,4.2479913374466545,0.11853448275862069,0.7327222174595678,6.181511070931626
frame_016,frame_017,16,17,10,1,False,False,671,"mountain bike, all-terrain bike, off-roader",0.7188795817492876,0.3300614154692596,0.8839511275291443,0.11604887247085571,0.10602437901589452,4.214531834823796,0.0625,0.5756717574587067,9.210748119339307
frame_016,frame_000,16,0,20,-16,False,False,671,"mountain bike, all-terrain bike, off-roader",0.8859889148511209,0.12105083991004184,0.9167872667312622,0.08321273326873779,0.13334919399044512,4.302901012117414,0.021551724137931036,0.2990136163065553,13.874231796624166
frame_016,frame_001,16,1,20,-15,True,False,671,"mountain bike, all-terrain bike, off-roader",0.9927713067966377,0.007254946802059514,0.9911448359489441,0.008855164051055908,0.10251085858883162,4.3070696843763345,0.03879310344827586,0.39647809147467244,10.220324135791556
frame_016,frame_002,16,2,20,-14,False,False,671,"mountain bike, all-terrain bike, off-roader",0.9467672416459232,0.054702000962917996,0.9667537808418274,0.03324621915817261,0.12520655840448278,4.119576690449019,0.0603448275862069,0.4855080802871027,8.045562473329129
frame_016,frame_003,16,3,20,-13,False,False,518,crash helmet,0.6614703851102253,0.41329006572601323,0.863913893699646,0.136086106300354,0.11845846108025325,4.201908203350362,0.08836206896551724,0.5960052711022953,6.745035263206464
frame_016,frame_004,16,4,20,-12,False,False,518,crash helmet,0.881026609660406,0.12666744957427079,0.9289722442626953,0.07102775573730469,0.10966634556699188,4.341544727210378,0.11853448275862069,0.5451058106333954,4.598710838798099
frame_016,frame_005,16,5,20,-11,False,False,518,crash helmet,0.825642712063418,0.19159315102008723,0.9302311539649963,0.06976884603500366,0.12034112002545694,4.6207398430902344,0.1788793103448276,0.6514020043478287,3.6415726508119577
frame_016,frame_006,16,6,20,-10,False,False,671,"mountain bike, all-terrain bike, off-roader",0.7313213864851427,0.31290226265705634,0.9131958484649658,0.08680415153503418,0.0752492256380796,4.848957876684351,0.26939655172413796,0.7046320334509556,2.615594108169947
frame_016,frame_007,16,7,20,-9,False,False,671,"mountain bike, all-terrain bike, off-roader",0.9535044964186333,0.04761113825416308,0.9657359719276428,0.03426402807235718,0.041696340143577294,5.196713962795743,0.39655172413793105,0.7890296660103713,1.9897269838522404
frame_016,frame_008,16,8,20,-8,False,False,671,"mountain bike, all-terrain bike, off-roader",0.7973892753253264,0.22641229367972215,0.899945855140686,0.10005414485931396,0.057394587695128986,5.318441190906098,0.5,0.7511397816733907,1.5022795633467814
frame_016,frame_009,16,9,20,-7,False,False,671,"mountain bike, all-terrain bike, off-roader",0.8313612771096894,0.18469082877186072,0.9049482941627502,0.09505170583724976,0.025906935244268632,5.504219593753076,0.5043103448275862,0.7737293402303067,1.534232537892574
frame_016,frame_010,16,10,20,-6,False,False,671,"mountain bike, all-terrain bike, off-roader",0.8950639750010992,0.11086008281373161,0.9257615208625793,0.07423847913742065,0.03568424232381462,5.556942024666599,0.5280172413793104,0.7014697633933029,1.3284978376101735
frame_016,frame_011,16,11,20,-5,False,False,671,"mountain bike, all-terrain bike, off-roader",0.6966993500961539,0.36140130977819984,0.8579810857772827,0.14201891422271729,0.036952770718630935,5.512227703926194,0.47844827586206895,0.7334044587935293,1.5328813913522414
frame_016,frame_012,16,12,20,-4,False,True,671,"mountain bike, all-terrain bike, off-roader",0.5961584076274612,0.5172488626214253,0.8506667613983154,0.14933323860168457,0.04832763826213477,5.200886846220222,0.3642241379310345,0.687945075426865,1.8887959467341147
frame_016,frame_013,16,13,20,-3,False,False,518,crash helmet,0.5254472293434428,0.6435055136058478,0.8776198625564575,0.12238013744354248,0.05422746383835774,5.072785388311667,0.2629310344827586,0.6813657047441521,2.591423663944972
frame_016,frame_014,16,14,20,-2,False,False,671,"mountain bike, all-terrain bike, off-roader",0.6319177479013254,0.4589960390307204,0.89649897813797,0.10350102186203003,0.06422219509847758,4.832758913107419,0.16594827586206898,0.5720471053160987,3.4471409982684387
frame_016,frame_015,16,15,20,-1,False,False,671,"mountain bike, all-terrain bike, off-roader",0.9559709295318927,0.045027774832524514,0.9662148952484131,0.033785104751586914,0.09735230331731876,4.593288198860158,0.11853448275862069,0.5933439518332629,5.005665339102436
frame_016,frame_017,16,17,20,1,False,False,671,"mountain bike, all-terrain bike, off-roader",0.9882681975329975,0.011801163078597021,0.9888209700584412,0.011179029941558838,0.10615302478996304,4.32837330153621,0.0625,0.44629500452606463,7.140720072417034
frame_016,frame_000,16,0,30,-16,False,False,671,"mountain bike, all-terrain bike, off-roader",0.8706492526645351,0.1385160782220881,0.8820663690567017,0.11793363094329834,0.04821559179972619,5.135504638861448,0.021551724137931036,0.08319570356850653,3.860280645578703
frame_016,frame_001,16,1,30,-15,False,False,671,"mountain bike, all-terrain bike, off-roader",0.98940709463756,0.010649409567825785,0.9879802465438843,0.012019753456115723,0.04999461364044661,5.19027071751068,0.03879310344827586,0.13022300397373127,3.356859657989517
frame_016,frame_002,16,2,30,-14,False,False,518,crash helmet,0.6866567880407043,0.3759206923185934,0.9040459990501404,0.09595400094985962,0.048461761896466435,5.3603093316585415,0.0603448275862069,0.1610860682325317,2.6694262735676677
frame_016,frame_003,16,3,30,-13,False,False,518,crash helmet,0.9641564240362916,0.03650173193741668,0.9680272936820984,0.03197270631790161,0.04821605257369579,5.238790102500646,0.08836206896551724,0.16109927689227585,1.8231723043418535
frame_016,frame_004,16,4,30,-12,False,False,518,crash helmet,0.9727828524257717,0.027594394955021195,0.9766943454742432,0.023305654525756836,0.05526932729980001,5.34980990073492,0.11853448275862069,0.2770469852288538,2.3372691117488755
frame_016,frame_005,16,5,30,-11,True,False,518,crash helmet,0.9850936239201249,0.015018592661879993,0.9881370067596436,0.011862993240356445,0.06762324981447326,5.251952578904037,0.1788793103448276,0.35625531927996035,1.9915960017578505
frame_016,frame_006,16,6,30,-10,False,False,518,crash helmet,0.8403113174465031,0.1739828397981844,0.9351622462272644,0.0648377537727356,0.029139708673745292,5.449261446040748,0.26939655172413796,0.3704916900889301,1.3752651536101086
frame_016,frame_007,16,7,30,-9,False,False,671,"mountain bike, all-terrain bike, off-roader",0.8048142423840869,0.217143782993936,0.905930757522583,0.09406924247741699,0.02797406030567237,5.524164256478937,0.39655172413793105,0.5052943719803168,1.2742205902112336
frame_016,frame_008,16,8,30,-8,False,True,671,"mountain bike, all-terrain bike, off-roader",0.6483312551718183,0.4333535169933489,0.871545672416687,0.128454327583313,0.05733098753911724,5.374075992492035,0.5,0.6038215393767594,1.2076430787535188
frame_016,frame_009,16,9,30,-7,False,False,671,"mountain bike, all-terrain bike, off-roader",0.7332140392251599,0.3103176153205274,0.8778550028800964,0.12214499711990356,0.053879621779221704,5.335159338729121,0.5043103448275862,0.5772235900812961,1.1445801102466726
frame_016,frame_010,16,10,30,-6,False,False,671,"mountain bike, all-terrain bike, off-roader",0.9042004469589676,0.1007042098074793,0.9321157932281494,0.06788420677185059,0.027672072982350915,5.490802826357896,0.5280172413793104,0.6527678966528394,1.2362624654976222
frame_016,frame_011,16,11,30,-5,False,False,671,"mountain bike, all-terrain bike, off-roader",0.9220909964415563,0.08111136567345856,0.9455710649490356,0.054428935050964355,0.02446675066299642,5.360335872583101,0.47844827586206895,0.6672742161283338,1.3946632265024634
frame_016,frame_012,16,12,30,-4,False,False,671,"mountain bike, all-terrain bike, off-roader",0.8536264299320886,0.15826161657317428,0.9208644032478333,0.07913559675216675,0.03439455487823262,5.3800617379783295,0.3642241379310345,0.5543480620759793,1.521997046173103
frame_016,frame_013,16,13,30,-3,False,False,518,crash helmet,0.6767811162265223,0.39040737263593606,0.8995032906532288,0.10049670934677124,0.03359575154732857,5.366946811078632,0.2629310344827586,0.4428099583637933,1.684129677711476
frame_016,frame_014,16,14,30,-2,False,False,518,crash helmet,0.6624933558680278,0.4117447500504978,0.9053700566291809,0.09462994337081909,0.027365632119813972,5.406216675305231,0.16594827586206898,0.3404568816003655,2.0515843254879167
frame_016,frame_015,16,15,30,-1,False,False,671,"mountain bike, all-terrain bike, off-roader",0.8020929992423583,0.22053071868330543,0.9185405373573303,0.08145946264266968,0.03985125835284839,5.3787212614926805,0.11853448275862069,0.2820444893028846,2.3794298733916084
frame_016,frame_017,16,17,30,1,False,False,671,"mountain bike, all-terrain bike, off-roader",0.9651301838795096,0.0354922811674685,0.9726696610450745,0.027330338954925537,0.030294476505459623,5.307753402154191,0.0625,0.06899122517002208,1.1038596027203533
frame_016,frame_000,16,0,40,-16,False,False,671,"mountain bike, all-terrain bike, off-roader",0.9473451141412879,0.054091823312655274,0.9494358897209167,0.05056411027908325,0.08954666617900986,3.951700760008697,0.021551724137931036,0.31962917504229393,14.830793721962438
frame_016,frame_001,16,1,40,-15,True,False,671,"mountain bike, all-terrain bike, off-roader",0.9953698795321135,0.004640872677849295,0.9941372871398926,0.005862712860107422,0.08189512859120235,3.7714363522894945,0.03879310344827586,0.5058477348731968,13.039630498953517
frame_016,frame_002,16,2,40,-14,False,False,518,crash helmet,0.564299635568067,0.5721698998196436,0.8962178230285645,0.10378217697143555,0.05437480600892288,3.949827490852053,0.0603448275862069,0.6530671125255056,10.822255007565522
frame_016,frame_003,16,3,40,-13,False,False,518,crash helmet,0.9885130365596286,0.01155344823422233,0.9886026382446289,0.011397361755371094,0.06522765031560494,4.0744662704507055,0.08836206896551724,0.7417022554556532,8.393898695888367
frame_016,frame_004,16,4,40,-12,False,False,518,crash helmet,0.9920180452486398,0.008013981087875877,0.9917517304420471,0.00824826955795288,0.060231643044179585,4.272362211985877,0.11853448275862069,0.6367938135355731,5.372224172372834
frame_016,frame_005,16,5,40,-11,False,False,518,crash helmet,0.9914156208823095,0.008621437132554366,0.992138147354126,0.007861852645874023,0.044272565226113794,4.501781033060752,0.1788793103448276,0.7631876734232265,4.266494945402133
frame_016,frame_006,16,6,40,-10,False,False,518,crash helmet,0.8594996024754614,0.15140491666607492,0.9382147789001465,0.061785221099853516,0.0341991826947602,4.898349580144188,0.26939655172413796,0.7856690373086647,2.916403466489763
frame_016,frame_007,16,7,40,-9,False,False,671,"mountain bike, all-terrain bike, off-roader",0.6625215143806878,0.41170224711215875,0.8695763349533081,0.1304236650466919,0.024467848413304693,5.103707974204773,0.39655172413793105,0.8051360096052498,2.0303429807436735
frame_016,frame_008,16,8,40,-8,False,False,671,"mountain bike, all-terrain bike, off-roader",0.5915707216099243,0.5249740395494746,0.8618683815002441,0.13813161849975586,0.0394240728867976,5.26524892163842,0.5,0.8095361019301928,1.6190722038603855
frame_016,frame_009,16,9,40,-7,False,True,671,"mountain bike, all-terrain bike, off-roader",0.6230578160004586,0.4731159619316214,0.8577867746353149,0.14221322536468506,0.030972043697866134,5.273622878954876,0.5043103448275862,0.869875990009911,1.7248823049769175
frame_016,frame_010,16,10,40,-6,False,False,671,"mountain bike, all-terrain bike, off-roader",0.7321423158703995,0.3117803633300813,0.8621779680252075,0.13782203197479248,0.03026615061854507,5.279647897278524,0.5280172413793104,0.8279424819761458,1.5680216801507414
frame_016,frame_011,16,11,40,-5,False,False,671,"mountain bike, all-terrain bike, off-roader",0.6485741081551729,0.43297900549380497,0.8906844854354858,0.10931551456451416,0.03364081337893511,5.214405202097343,0.47844827586206895,0.8406853802246531,1.757108182091167
frame_016,frame_012,16,12,40,-4,False,False,671,"mountain bike, all-terrain bike, off-roader",0.904948032921752,0.09987775911683716,0.9414200186729431,0.058579981327056885,0.04352070393588913,4.995959026996003,0.3642241379310345,0.8109082546560729,2.226398995032058
frame_016,frame_013,16,13,40,-3,False,False,518,crash helmet,0.5983083205499397,0.5136490716964914,0.8893479108810425,0.11065208911895752,0.03834432360576251,4.865178572263616,0.2629310344827586,0.7907419306491318,3.0074119329606326
frame_016,frame_014,16,14,40,-2,False,False,671,"mountain bike, all-terrain bike, off-roader",0.6349363480350213,0.4542305244286684,0.9027486443519592,0.09725135564804077,0.03112245943151704,4.625534775873692,0.16594827586206898,0.7287501180186968,4.391429282606173
frame_016,frame_015,16,15,40,-1,False,False,671,"mountain bike, all-terrain bike, off-roader",0.9049214243927222,0.09990716292706692,0.9501769542694092,0.04982304573059082,0.05010979620090964,4.3884861131985815,0.11853448275862069,0.7315278190770858,6.171434691850323
frame_016,frame_017,16,17,40,1,False,False,671,"mountain bike, all-terrain bike, off-roader",0.9768167261599766,0.023456232908846797,0.9807596802711487,0.01924031972885132,0.06295677362355573,4.10239599856597,0.0625,0.6505852256106835,10.409363609770937
frame_016,frame_000,16,0,50,-16,False,False,671,"mountain bike, all-terrain bike, off-roader",0.9546107046076462,0.04645166076313001,0.9541574120521545,0.04584258794784546,0.10713567644478474,4.299551766574178,0.021551724137931036,0.20598471221326992,9.557690646695724
frame_016,frame_001,16,1,50,-15,True,False,671,"mountain bike, all-terrain bike, off-roader",0.9963742348045174,0.003632354213752631,0.9955413937568665,0.004458606243133545,0.05130940045053118,4.3930480670887775,0.03879310344827586,0.46252057055990525,11.922752485544224
frame_016,frame_002,16,2,50,-14,False,False,518,crash helmet,0.7035618490717052,0.3515994900565551,0.9112143516540527,0.08878564834594727,0.04805509769809142,4.400762785339537,0.0603448275862069,0.5764485655767239,9.552576229557138
frame_016,frame_003,16,3,50,-13,False,False,518,crash helmet,0.9878047335030364,0.012270238922084495,0.989581823348999,0.010418176651000977,0.08039244927922988,4.358814799740769,0.08836206896551724,0.5692500938228966,6.4422449642396105
frame_016,frame_004,16,4,50,-12,False,False,518,crash helmet,0.9949383763939509,0.005074477013899736,0.9946703910827637,0.005329608917236328,0.10269093443922117,4.439767383987007,0.11853448275862069,0.6419845289366807,5.416014935029452
frame_016,frame_005,16,5,50,-11,False,False,518,crash helmet,0.993038643346318,0.006985699937548606,0.9936802387237549,0.006319761276245117,0.08699609995444671,4.631239358909237,0.1788793103448276,0.7120465179360268,3.9805974014736916
frame_016,frame_006,16,6,50,-10,False,False,518,crash helmet,0.8631374480776183,0.14718133281961698,0.9411226511001587,0.05887734889984131,0.05757377742183106,4.924816735662351,0.26939655172413796,0.7058032227790753,2.619941562955927
frame_016,frame_007,16,7,50,-9,False,False,671,"mountain bike, all-terrain bike, off-roader",0.6586756374587734,0.4175240698115359,0.8750916123390198,0.12490838766098022,0.05506093887410804,5.084890447271238,0.39655172413793105,0.7842396468825571,1.9776478051821005
frame_016,frame_008,16,8,50,-8,False,True,671,"mountain bike, all-terrain bike, off-roader",0.5124994398692515,0.6684556609082168,0.8674548268318176,0.13254517316818237,0.05579520855919362,5.137264547452431,0.5,0.790437846417773,1.580875692835546
frame_016,frame_009,16,9,50,-7,False,False,671,"mountain bike, all-terrain bike, off-roader",0.6847909668107084,0.37864164523064225,0.8823761940002441,0.11762380599975586,0.03366725194065653,5.2271588641362925,0.5043103448275862,0.7631955781581637,1.5133450780572137
frame_016,frame_010,16,10,50,-6,False,False,671,"mountain bike, all-terrain bike, off-roader",0.9299245389014652,0.07265183709310818,0.9486210942268372,0.05137890577316284,0.020989906209801082,5.341855783505517,0.5280172413793104,0.7554336001194011,1.4306987365526616
frame_016,frame_011,16,11,50,-5,False,False,671,"mountain bike, all-terrain bike, off-roader",0.954133102114007,0.04695209723021865,0.9651253819465637,0.03487461805343628,0.023435905652182582,5.218587501788096,0.47844827586206895,0.8138823936664304,1.7010875255010078
frame_016,frame_012,16,12,50,-4,False,False,671,"mountain bike, all-terrain bike, off-roader",0.9045752253904489,0.10028980967751977,0.9437370300292969,0.056262969970703125,0.030891615452669958,5.126340956923917,0.3642241379310345,0.7206497989103253,1.9785887970082305
frame_016,frame_013,16,13,50,-3,False,False,671,"mountain bike, all-terrain bike, off-roader",0.5674662392442084,0.5665740217147741,0.8834829330444336,0.1165170669555664,0.03202196222225074,4.925633748672207,0.2629310344827586,0.7153929747600789,2.7208388548252183
frame_016,frame_014,16,14,50,-2,False,False,671,"mountain bike, all-terrain bike, off-roader",0.7522472217885169,0.28469025668117265,0.9168359041213989,0.08316409587860107,0.04007914743428064,4.760225733244887,0.16594827586206898,0.599979995298104,3.6154638677703925
frame_016,frame_015,16,15,50,-1,False,False,671,"mountain bike, all-terrain bike, off-roader",0.8948498598100406,0.11109932918181453,0.9469749927520752,0.053025007247924805,0.05106264455730748,4.5513891935548205,0.11853448275862069,0.6725010672756195,5.673463549379772
frame_016,frame_017,16,17,50,1,False,False,671,"mountain bike, all-terrain bike, off-roader",0.9777922528423485,0.022458051918326394,0.9805785417556763,0.01942145824432373,0.05125143317358902,4.604702223272669,0.0625,0.4750975477436822,7.601560763898915
frame_017,frame_000,17,0,5,-17,False,True,671,"mountain bike, all-terrain bike, off-roader",0.2611935342076802,1.3424936360681796,0.5756451487541199,0.4243548512458801,0.04476426904270077,5.037075444308086,0.021551724137931036,0.18575747455616468,8.61914681940604
frame_017,frame_001,17,1,5,-16,False,False,671,"mountain bike, all-terrain bike, off-roader",0.2654737252415066,1.3262394065061613,0.6090452671051025,0.39095473289489746,0.04507813163690419,4.895381028400029,0.03879310344827586,0.3654403707146054,9.420240667309827
frame_017,frame_002,17,2,5,-15,False,False,671,"mountain bike, all-terrain bike, off-roader",0.5151424911879743,0.6633117346693873,0.732602596282959,0.267397403717041,0.0453849963253548,4.730257279251246,0.0603448275862069,0.5304203310366447,8.789822628607254
frame_017,frame_003,17,3,5,-14,False,False,518,crash helmet,0.30564376387033143,1.1853350255608521,0.6385321617126465,0.3614678382873535,0.03323411990960339,4.794941231246637,0.08836206896551724,0.5896743187145456,6.673387411793882
frame_017,frame_004,17,4,5,-13,False,False,802,snowmobile,0.7428274258298003,0.297291527958754,0.8675550222396851,0.13244497776031494,0.042952194577673436,4.909943452771779,0.11853448275862069,0.5769954185468688,4.86774316737722
frame_017,frame_005,17,5,5,-12,False,False,518,crash helmet,0.8992505800764609,0.10619355133965502,0.9196305871009827,0.08036941289901733,0.04754567601977056,5.105449153219465,0.1788793103448276,0.6788356263392883,3.794936513511202
frame_017,frame_006,17,6,5,-11,False,False,518,crash helmet,0.8520300831631423,0.16013344389923745,0.918432354927063,0.08156764507293701,0.026385497314271627,5.383430233282806,0.26939655172413796,0.7076057983060741,2.6266327233121465
frame_017,frame_007,17,7,5,-10,False,False,880,"unicycle, monocycle",0.6458730890815707,0.43715225102972344,0.871300995349884,0.12869900465011597,0.012844493456155001,5.643970611534702,0.39655172413793105,0.7285868546749502,1.8373059813542223
frame_017,frame_008,17,8,5,-9,True,False,518,crash helmet,0.9028670137644454,0.10218000798936266,0.9235605001449585,0.0764394998550415,0.014613208412803499,5.7386684835969675,0.5,0.7511296593451386,1.5022593186902773
frame_017,frame_009,17,9,5,-8,False,False,518,crash helmet,0.649588997680121,0.43141542734688176,0.8157934546470642,0.1842065453529358,0.01331193637436698,5.7630598514973475,0.5043103448275862,0.7627748356665445,1.512510785253319
frame_017,frame_010,17,10,5,-7,False,False,518,crash helmet,0.2824705889007727,1.264180843901233,0.6817905902862549,0.3182094097137451,0.013093532984076775,5.802836955308184,0.5280172413793104,0.7412572870362704,1.4038505354482833
frame_017,frame_011,17,11,5,-6,False,False,880,"unicycle, monocycle",0.38611987059233377,0.9516074121506088,0.712190568447113,0.28780943155288696,0.008236704346056384,5.760121743399828,0.47844827586206895,0.7549548579936689,1.5779236671579386
frame_017,frame_012,17,12,5,-5,False,False,880,"unicycle, monocycle",0.4609842928204579,0.7743913085389278,0.7624669075012207,0.2375330924987793,0.013409293316745476,5.608340995183497,0.3642241379310345,0.7017051030405537,1.9265749574604552
frame_017,frame_013,17,13,5,-4,False,False,518,crash helmet,0.6710689127770444,0.3988834456787709,0.8253144025802612,0.17468559741973877,0.02038918754780671,5.343256109104547,0.2629310344827586,0.6463228264249758,2.4581458316490883
frame_017,frame_014,17,14,5,-3,False,False,518,crash helmet,0.6517015221619596,0.42816860996759853,0.7943504452705383,0.20564955472946167,0.01902735807480931,5.1521713080255305,0.16594827586206898,0.5438193982275432,3.2770415685400005
frame_017,frame_015,17,15,5,-2,False,False,671,"mountain bike, all-terrain bike, off-roader",0.34180313179484445,1.07352034568948,0.7146630883216858,0.2853369116783142,0.027740696702409477,5.048899048779356,0.11853448275862069,0.5661116340319021,4.7759236034691375
frame_017,frame_016,17,16,5,-1,False,False,671,"mountain bike, all-terrain bike, off-roader",0.6969059770074442,0.36110477401045316,0.8201878070831299,0.17981219291687012,0.02881968049412752,5.0257044070370025,0.08189655172413793,0.4691571067299169,5.728655197965301
frame_017,frame_000,17,0,10,-17,False,False,671,"mountain bike, all-terrain bike, off-roader",0.8614038041756757,0.14919189010106848,0.889838457107544,0.11016154289245605,0.1762315221424519,3.8735271548905623,0.021551724137931036,0.32592013724461266,15.122694368150027
frame_017,frame_001,17,1,10,-16,True,False,671,"mountain bike, all-terrain bike, off-roader",0.9667286319325044,0.03383745173098429,0.9653615951538086,0.034638404846191406,0.12900120258015388,3.8362529912737813,0.03879310344827586,0.4218914422835202,10.875423845530744
frame_017,frame_002,17,2,10,-15,False,False,671,"mountain bike, all-terrain bike, off-roader",0.7798379110470317,0.24866918724319031,0.8816632032394409,0.11833679676055908,0.0811303404117531,3.8895847398403394,0.0603448275862069,0.5785243831053255,9.586975491459679
frame_017,frame_003,17,3,10,-14,False,False,518,crash helmet,0.7680526466021022,0.2638969979207729,0.8401228189468384,0.15987718105316162,0.10370268426461764,3.954032835640196,0.08836206896551724,0.71763357128659,8.121511636023849
frame_017,frame_004,17,4,10,-13,False,False,518,crash helmet,0.9193822503612465,0.08405330147262635,0.9329401850700378,0.06705981492996216,0.07631821342193273,4.21586617785861,0.11853448275862069,0.6347421472080825,5.354915569173642
frame_017,frame_005,17,5,10,-12,False,False,518,crash helmet,0.9493888975447128,0.05193676711413442,0.9647940993309021,0.0352059006690979,0.05778466120918383,4.428412390226555,0.1788793103448276,0.7218638107880573,4.035479616935645
frame_017,frame_006,17,6,10,-11,False,False,518,crash helmet,0.893147082153514,0.11300400600909555,0.9398333430290222,0.06016665697097778,0.04433111105946984,4.830250419224702,0.26939655172413796,0.7552936913324261,2.803650182225965
frame_017,frame_007,17,7,10,-10,False,False,880,"unicycle, monocycle",0.7246691912756958,0.3220400161540531,0.8733993172645569,0.12660068273544312,0.04840310934107795,5.047005499470268,0.39655172413793105,0.8189745624393423,2.0652402009339936
frame_017,frame_008,17,8,10,-9,False,False,518,crash helmet,0.554016975291556,0.5905599513837907,0.8369927406311035,0.16300725936889648,0.026766916680609282,5.276244272912837,0.5,0.8271251786258399,1.6542503572516798
frame_017,frame_009,17,9,10,-8,False,False,518,crash helmet,0.5128864395984892,0.6677008236213724,0.806156575679779,0.19384342432022095,0.02827256912805598,5.366428656365143,0.5043103448275862,0.8483925306222937,1.6822826248236935
frame_017,frame_010,17,10,10,-7,False,False,671,"mountain bike, all-terrain bike, off-roader",0.4245365855839464,0.8567570918232663,0.7656325101852417,0.2343674898147583,0.04544583767596991,5.3777902507948525,0.5280172413793104,0.8211224800817187,1.5551054316649693
frame_017,frame_011,17,11,10,-6,False,True,665,moped,0.32076612453118475,1.137043005413445,0.7129430174827576,0.28705698251724243,0.027721952899601353,5.2113774964961825,0.47844827586206895,0.8423319117646806,1.760549581345999
frame_017,frame_012,17,12,10,-5,False,False,665,moped,0.5451850161520239,0.6066300627508858,0.8030433654785156,0.19695663452148438,0.04068357574940258,5.0096693038854205,0.3642241379310345,0.7621193985177338,2.0924461592439556
frame_017,frame_013,17,13,10,-4,False,False,518,crash helmet,0.6471615807028595,0.43515927732548665,0.8746757507324219,0.12532424926757812,0.04464062242031866,4.763417301568223,0.2629310344827586,0.7645425514617952,2.9077683924448605
frame_017,frame_014,17,14,10,-3,False,False,518,crash helmet,0.7294942492661145,0.31540379416741526,0.8680081963539124,0.13199180364608765,0.06987354174720269,4.513536547506209,0.16594827586206898,0.7218129145196217,4.34962587450785
frame_017,frame_015,17,15,10,-2,False,False,671,"mountain bike, all-terrain bike, off-roader",0.39960620273045816,0.9172757099797151,0.7942951917648315,0.20570480823516846,0.10759906059528157,4.24253188738689,0.11853448275862069,0.735232252029892,6.2026866353067245
frame_017,frame_016,17,16,10,-1,False,False,671,"mountain bike, all-terrain bike, off-roader",0.7155274244259394,0.3347353516832179,0.8772700428962708,0.12272995710372925,0.12706594530152265,4.175005104506042,0.08189655172413793,0.6682359680515351,8.159512873050323
frame_017,frame_000,17,0,20,-17,False,False,671,"mountain bike, all-terrain bike, off-roader",0.8859889148511209,0.12105083991004184,0.9167872667312622,0.08321273326873779,0.11763202399935503,4.611468960690919,0.021551724137931036,0.26080185264293415,12.101205962632143
frame_017,frame_001,17,1,20,-16,True,False,671,"mountain bike, all-terrain bike, off-roader",0.9927713067966377,0.007254946802059514,0.9911448359489441,0.008855164051055908,0.08943618239475393,4.594109430414943,0.03879310344827586,0.3337058606838521,8.60219551985041
frame_017,frame_002,17,2,20,-15,False,False,671,"mountain bike, all-terrain bike, off-roader",0.9467672416459232,0.054702000962917996,0.9667537808418274,0.03324621915817261,0.1140086514507727,4.378849753329616,0.0603448275862069,0.42542999407919935,7.049982759026732
frame_017,frame_003,17,3,20,-14,False,False,518,crash helmet,0.6614703851102253,0.41329006572601323,0.863913893699646,0.136086106300354,0.10751097840888184,4.440343095900439,0.08836206896551724,0.5559422710893241,6.291639360620644
frame_017,frame_004,17,4,20,-13,False,False,518,crash helmet,0.881026609660406,0.12666744957427079,0.9289722442626953,0.07102775573730469,0.10132396896182203,4.551036536234043,0.11853448275862069,0.508170875409543,4.2871142943641445
frame_017,frame_005,17,5,20,-12,False,False,518,crash helmet,0.825642712063418,0.19159315102008723,0.9302311539649963,0.06976884603500366,0.10352138954415024,4.787214224716866,0.1788793103448276,0.6094864156881242,3.4072493599914413
frame_017,frame_006,17,6,20,-11,False,False,671,"mountain bike, all-terrain bike, off-roader",0.7313213864851427,0.31290226265705634,0.9131958484649658,0.08680415153503418,0.07552889138856098,4.985289517854218,0.26939655172413796,0.6759082281614645,2.508971342935356
frame_017,frame_007,17,7,20,-10,False,False,671,"mountain bike, all-terrain bike, off-roader",0.9535044964186333,0.04761113825416308,0.9657359719276428,0.03426402807235718,0.03864720460533059,5.303116227378354,0.39655172413793105,0.7540638469047531,1.901552309585899
frame_017,frame_008,17,8,20,-9,False,False,671,"mountain bike, all-terrain bike, off-roader",0.7973892753253264,0.22641229367972215,0.899945855140686,0.10005414485931396,0.04075519436351461,5.462008350977179,0.5,0.7243869285771812,1.4487738571543625
frame_017,frame_009,17,9,20,-8,False,False,671,"mountain bike, all-terrain bike, off-roader",0.8313612771096894,0.18469082877186072,0.9049482941627502,0.09505170583724976,0.020789776047658255,5.608642239916289,0.5043103448275862,0.763321378352801,1.5135945280158105
frame_017,frame_010,17,10,20,-7,False,False,671,"mountain bike, all-terrain bike, off-roader",0.8950639750010992,0.11086008281373161,0.9257615208625793,0.07423847913742065,0.028489760686316458,5.64339657311291,0.5280172413793104,0.697964914726907,1.3218600834011627
frame_017,frame_011,17,11,20,-6,False,False,671,"mountain bike, all-terrain bike, off-roader",0.6966993500961539,0.36140130977819984,0.8579810857772827,0.14201891422271729,0.033427019000657386,5.57957190021458,0.47844827586206895,0.7129261470015454,1.490079874814041
frame_017,frame_012,17,12,20,-5,False,True,671,"mountain bike, all-terrain bike, off-roader",0.5961584076274612,0.5172488626214253,0.8506667613983154,0.14933323860168457,0.0380352781265557,5.349785569893469,0.3642241379310345,0.648493684990005,1.7804797031678246
frame_017,frame_013,17,13,20,-4,False,False,518,crash helmet,0.5254472293434428,0.6435055136058478,0.8776198625564575,0.12238013744354248,0.041576021185957164,5.227447207307973,0.2629310344827586,0.6427222807852125,2.4444519531503164
frame_017,frame_014,17,14,20,-3,False,False,671,"mountain bike, all-terrain bike, off-roader",0.6319177479013254,0.4589960390307204,0.89649897813797,0.10350102186203003,0.05358771237618964,5.004971521984016,0.16594827586206898,0.5348278848930442,3.2228589427321106
frame_017,frame_015,17,15,20,-2,False,False,671,"mountain bike, all-terrain bike, off-roader",0.9559709295318927,0.045027774832524514,0.9662148952484131,0.033785104751586914,0.08690420451821206,4.8176920933307095,0.11853448275862069,0.5365692537679095,4.5266933408783645
frame_017,frame_016,17,16,20,-1,False,False,671,"mountain bike, all-terrain bike, off-roader",0.981803250487009,0.018364346621142502,0.9838789701461792,0.0161210298538208,0.09529429760168195,4.727137976108781,0.08189655172413793,0.4805407293327942,5.86765522132675
frame_017,frame_000,17,0,30,-17,False,False,671,"mountain bike, all-terrain bike, off-roader",0.8706492526645351,0.1385160782220881,0.8820663690567017,0.11793363094329834,0.0475364448122473,5.215745323951071,0.021551724137931036,0.07010707064960323,3.2529680781415893
frame_017,frame_001,17,1,30,-16,False,False,671,"mountain bike, all-terrain bike, off-roader",0.98940709463756,0.010649409567825785,0.9879802465438843,0.012019753456115723,0.043222173475593526,5.291857264481921,0.03879310344827586,0.11248007133775935,2.899486283373352
frame_017,frame_002,17,2,30,-15,False,False,518,crash helmet,0.6866567880407043,0.3759206923185934,0.9040459990501404,0.09595400094985962,0.04238704938782035,5.424002670679611,0.0603448275862069,0.13598160403870388,2.253409438355664
frame_017,frame_003,17,3,30,-14,False,False,518,crash helmet,0.9641564240362916,0.03650173193741668,0.9680272936820984,0.03197270631790161,0.042212591086601345,5.31358016511006,0.08836206896551724,0.15421102918307128,1.7452175009986604
frame_017,frame_004,17,4,30,-13,False,False,518,crash helmet,0.9727828524257717,0.027594394955021195,0.9766943454742432,0.023305654525756836,0.03699698247296921,5.4390344099623515,0.11853448275862069,0.25194630913392363,2.125510680693465
frame_017,frame_005,17,5,30,-12,True,False,518,crash helmet,0.9850936239201249,0.015018592661879993,0.9881370067596436,0.011862993240356445,0.047634814117563526,5.392608495803284,0.1788793103448276,0.31635934186515613,1.7685630677762945
frame_017,frame_006,17,6,30,-11,False,False,518,crash helmet,0.8403113174465031,0.1739828397981844,0.9351622462272644,0.0648377537727356,0.01968517125207931,5.527618957197445,0.26939655172413796,0.35262569127326676,1.3089465660063662
frame_017,frame_007,17,7,30,-10,False,False,671,"mountain bike, all-terrain bike, off-roader",0.8048142423840869,0.217143782993936,0.905930757522583,0.09406924247741699,0.02004126655576812,5.566320658711437,0.39655172413793105,0.5019316444418535,1.2657406685925
frame_017,frame_008,17,8,30,-9,False,True,671,"mountain bike, all-terrain bike, off-roader",0.6483312551718183,0.4333535169933489,0.871545672416687,0.128454327583313,0.05009651228587494,5.407423336227108,0.5,0.604684205597146,1.209368411194292
frame_017,frame_009,17,9,30,-8,False,False,671,"mountain bike, all-terrain bike, off-roader",0.7332140392251599,0.3103176153205274,0.8778550028800964,0.12214499711990356,0.056722104340990606,5.379936174203674,0.5043103448275862,0.5823235953134033,1.1546929411342697
frame_017,frame_010,17,10,30,-7,False,False,671,"mountain bike, all-terrain bike, off-roader",0.9042004469589676,0.1007042098074793,0.9321157932281494,0.06788420677185059,0.02097995601815717,5.507199391766397,0.5280172413793104,0.6525074921875454,1.2357692913266165
frame_017,frame_011,17,11,30,-6,False,False,671,"mountain bike, all-terrain bike, off-roader",0.9220909964415563,0.08111136567345856,0.9455710649490356,0.054428935050964355,0.02709457213511214,5.332719366298239,0.47844827586206895,0.6692587167355987,1.3988110115554855
frame_017,frame_012,17,12,30,-5,False,False,671,"mountain bike, all-terrain bike, off-roader",0.8536264299320886,0.15826161657317428,0.9208644032478333,0.07913559675216675,0.031466830792671395,5.406141663616917,0.3642241379310345,0.5644860707528061,1.5498315788716097
frame_017,frame_013,17,13,30,-4,False,False,518,crash helmet,0.6767811162265223,0.39040737263593606,0.8995032906532288,0.10049670934677124,0.029359859264288427,5.401892277821117,0.2629310344827586,0.43168451999860036,1.641816535076644
frame_017,frame_014,17,14,30,-3,False,False,518,crash helmet,0.6624933558680278,0.4117447500504978,0.9053700566291809,0.09462994337081909,0.028094644164496172,5.500424681689228,0.16594827586206898,0.3129203036937244,1.8856496222582873
frame_017,frame_015,17,15,30,-2,False,False,671,"mountain bike, all-terrain bike, off-roader",0.8020929992423583,0.22053071868330543,0.9185405373573303,0.08145946264266968,0.04676159866904436,5.460049480258435,0.11853448275862069,0.25975846726488094,2.1914168874709956
frame_017,frame_016,17,16,30,-1,False,False,671,"mountain bike, all-terrain bike, off-roader",0.9784452148122083,0.021790482663667454,0.9828587770462036,0.017141222953796387,0.07377192404882198,5.339677500329895,0.08189655172413793,0.09964871500287231,1.2167632568771778
frame_017,frame_000,17,0,40,-17,False,False,671,"mountain bike, all-terrain bike, off-roader",0.9473451141412879,0.054091823312655274,0.9494358897209167,0.05056411027908325,0.08996476823711612,4.001935732094044,0.021551724137931036,0.3143311033112509,14.584963193642041
frame_017,frame_001,17,1,40,-16,True,False,671,"mountain bike, all-terrain bike, off-roader",0.9953698795321135,0.004640872677849295,0.9941372871398926,0.005862712860107422,0.09059342779803743,3.7697660151226473,0.03879310344827586,0.4925947086504657,12.697996934100892
frame_017,frame_002,17,2,40,-15,False,False,518,crash helmet,0.564299635568067,0.5721698998196436,0.8962178230285645,0.10378217697143555,0.06313996613025016,3.905469852348946,0.0603448275862069,0.6616164959558207,10.963930504410744
frame_017,frame_003,17,3,40,-14,False,False,518,crash helmet,0.9885130365596286,0.01155344823422233,0.9886026382446289,0.011397361755371094,0.06496812636737695,4.0530338618229855,0.08836206896551724,0.7501751706234798,8.489787296812064
frame_017,frame_004,17,4,40,-13,False,False,518,crash helmet,0.9920180452486398,0.008013981087875877,0.9917517304420471,0.00824826955795288,0.05807727835846875,4.257498228609281,0.11853448275862069,0.642989408914305,5.424492467931591
frame_017,frame_005,17,5,40,-12,False,False,518,crash helmet,0.9914156208823095,0.008621437132554366,0.992138147354126,0.007861852645874023,0.04387223841481468,4.520756946547633,0.1788793103448276,0.7661617480956042,4.283121097787474
frame_017,frame_006,17,6,40,-11,False,False,518,crash helmet,0.8594996024754614,0.15140491666607492,0.9382147789001465,0.061785221099853516,0.03574213677814961,4.890896045767371,0.26939655172413796,0.7749808374148841,2.8767288684840495
frame_017,frame_007,17,7,40,-10,False,False,671,"mountain bike, all-terrain bike, off-roader",0.6625215143806878,0.41170224711215875,0.8695763349533081,0.1304236650466919,0.027128236157174863,5.090015527716169,0.39655172413793105,0.8149474403204264,2.0550848495036838
frame_017,frame_008,17,8,40,-9,False,False,671,"mountain bike, all-terrain bike, off-roader",0.5915707216099243,0.5249740395494746,0.8618683815002441,0.13813161849975586,0.03925373821982785,5.253841242551553,0.5,0.821696657188371,1.643393314376742
frame_017,frame_009,17,9,40,-8,False,True,671,"mountain bike, all-terrain bike, off-roader",0.6230578160004586,0.4731159619316214,0.8577867746353149,0.14221322536468506,0.029627229901641326,5.210192945429874,0.5043103448275862,0.8809102312858855,1.7467621680198757
frame_017,frame_010,17,10,40,-7,False,False,671,"mountain bike, all-terrain bike, off-roader",0.7321423158703995,0.3117803633300813,0.8621779680252075,0.13782203197479248,0.032278239181061055,5.207205879902951,0.5280172413793104,0.8426044387213751,1.5957896308845634
frame_017,frame_011,17,11,40,-6,False,False,671,"mountain bike, all-terrain bike, off-roader",0.6485741081551729,0.43297900549380497,0.8906844854354858,0.10931551456451416,0.02640238572402568,5.1609257399535196,0.47844827586206895,0.8515817739174436,1.7798826265661885
frame_017,frame_012,17,12,40,-5,False,False,671,"mountain bike, all-terrain bike, off-roader",0.904948032921752,0.09987775911683716,0.9414200186729431,0.058579981327056885,0.04318049103533326,4.8908449632705375,0.3642241379310345,0.8221744900194768,2.257331144195487
frame_017,frame_013,17,13,40,-4,False,False,518,crash helmet,0.5983083205499397,0.5136490716964914,0.8893479108810425,0.11065208911895752,0.03840251591515957,4.837488297404933,0.2629310344827586,0.7882454835762944,2.9979172490114805
frame_017,frame_014,17,14,40,-3,False,False,671,"mountain bike, all-terrain bike, off-roader",0.6349363480350213,0.4542305244286684,0.9027486443519592,0.09725135564804077,0.030625315220032798,4.593226499113551,0.16594827586206898,0.7397300680221717,4.457594176133606
frame_017,frame_015,17,15,40,-2,False,False,671,"mountain bike, all-terrain bike, off-roader",0.9049214243927222,0.09990716292706692,0.9501769542694092,0.04982304573059082,0.04441385111796955,4.345440869901033,0.11853448275862069,0.7474966621560518,6.30615365891651
frame_017,frame_016,17,16,40,-1,False,False,671,"mountain bike, all-terrain bike, off-roader",0.9935627330716693,0.006458075479284453,0.9935744404792786,0.0064255595207214355,0.05278120477756842,4.171044517011769,0.08189655172413793,0.6517918575761331,7.958721629350678
frame_017,frame_000,17,0,50,-17,False,False,671,"mountain bike, all-terrain bike, off-roader",0.9546107046076462,0.04645166076313001,0.9541574120521545,0.04584258794784546,0.10355156475546803,4.299559796351721,0.021551724137931036,0.22399247149146279,10.393250677203872
frame_017,frame_001,17,1,50,-16,True,False,671,"mountain bike, all-terrain bike, off-roader",0.9963742348045174,0.003632354213752631,0.9955413937568665,0.004458606243133545,0.0626649700501655,4.240608476718909,0.03879310344827586,0.5114402076632111,13.183792019762773
frame_017,frame_002,17,2,50,-15,False,False,518,crash helmet,0.7035618490717052,0.3515994900565551,0.9112143516540527,0.08878564834594727,0.06749094963203947,4.212533562424245,0.0603448275862069,0.6329402247023272,10.488723723638566
frame_017,frame_003,17,3,50,-14,False,False,518,crash helmet,0.9878047335030364,0.012270238922084495,0.989581823348999,0.010418176651000977,0.06138813818351539,4.248942275591195,0.08836206896551724,0.6409185755271432,7.253322415721816
frame_017,frame_004,17,4,50,-13,False,False,518,crash helmet,0.9949383763939509,0.005074477013899736,0.9946703910827637,0.005329608917236328,0.09001260311751942,4.351188254504862,0.11853448275862069,0.6739685026708307,5.685843367986645
frame_017,frame_005,17,5,50,-12,False,False,518,crash helmet,0.993038643346318,0.006985699937548606,0.9936802387237549,0.006319761276245117,0.07317198906090999,4.644218726277263,0.1788793103448276,0.7356632269719477,4.112623341144382
frame_017,frame_006,17,6,50,-11,False,False,518,crash helmet,0.8631374480776183,0.14718133281961698,0.9411226511001587,0.05887734889984131,0.04492285867375388,4.937549848861187,0.26939655172413796,0.7345765075569618,2.726747996051442
frame_017,frame_007,17,7,50,-10,False,False,671,"mountain bike, all-terrain bike, off-roader",0.6586756374587734,0.4175240698115359,0.8750916123390198,0.12490838766098022,0.04288622717221236,5.076756285094353,0.39655172413793105,0.8194215796132633,2.0663674616334466
frame_017,frame_008,17,8,50,-9,False,True,671,"mountain bike, all-terrain bike, off-roader",0.5124994398692515,0.6684556609082168,0.8674548268318176,0.13254517316818237,0.035444870889584854,5.26307735438123,0.5,0.8166710119767464,1.6333420239534928
frame_017,frame_009,17,9,50,-8,False,False,671,"mountain bike, all-terrain bike, off-roader",0.6847909668107084,0.37864164523064225,0.8823761940002441,0.11762380599975586,0.025192739441031384,5.316394716825143,0.5043103448275862,0.8065882619905316,1.5993886904427634
frame_017,frame_010,17,10,50,-7,False,False,671,"mountain bike, all-terrain bike, off-roader",0.9299245389014652,0.07265183709310818,0.9486210942268372,0.05137890577316284,0.0250226163317081,5.3411876174117685,0.5280172413793104,0.7677503132490642,1.4540250830512889
frame_017,frame_011,17,11,50,-6,False,False,671,"mountain bike, all-terrain bike, off-roader",0.954133102114007,0.04695209723021865,0.9651253819465637,0.03487461805343628,0.03507295627031489,5.204760305618564,0.47844827586206895,0.8258912574443655,1.7261871326765117
frame_017,frame_012,17,12,50,-5,False,False,671,"mountain bike, all-terrain bike, off-roader",0.9045752253904489,0.10028980967751977,0.9437370300292969,0.056262969970703125,0.02845275205056062,5.07899371123805,0.3642241379310345,0.7430497062465959,2.040089134310181
frame_017,frame_013,17,13,50,-4,False,False,671,"mountain bike, all-terrain bike, off-roader",0.5674662392442084,0.5665740217147741,0.8834829330444336,0.1165170669555664,0.02646591076517172,4.902202665296692,0.2629310344827586,0.7519350596414759,2.859818587488892
frame_017,frame_014,17,14,50,-3,False,False,671,"mountain bike, all-terrain bike, off-roader",0.7522472217885169,0.28469025668117265,0.9168359041213989,0.08316409587860107,0.035922896577142434,4.6907375107737295,0.16594827586206898,0.6234498381646484,3.756892531277881
frame_017,frame_015,17,15,50,-2,False,False,671,"mountain bike, all-terrain bike, off-roader",0.8948498598100406,0.11109932918181453,0.9469749927520752,0.053025007247924805,0.048445551263937,4.473674815975372,0.11853448275862069,0.7032960538866035,5.9332612546069825
frame_017,frame_016,17,16,50,-1,False,False,671,"mountain bike, all-terrain bike, off-roader",0.9929494854963536,0.007075486828748367,0.9934870600700378,0.006512939929962158,0.05184782978713316,4.438437185102941,0.08189655172413793,0.6109022118006326,7.45943753356562
