source_frame,target_frame,source_index,target_index,tick,gap,row_max_certainty,row_min_certainty,target_pred_label,target_pred_name,target_pred_confidence,target_self_nll_loss,target_certainty_score,target_uncertainty_score,attention_peak,attention_entropy,subject_area_fraction,subject_attention_mass,subject_lift
frame_000,frame_001,0,1,5,1,False,False,407,ambulance,0.20327061212613798,1.5932171230214092,0.5196596384048462,0.4803403615951538,0.01894897780657574,5.745861866011255,0.09698275862068965,0.1707899729945892,1.7610343882108754
frame_000,frame_002,0,2,5,2,False,False,444,"bicycle-built-for-two, tandem bicycle, tandem",0.13047112270662012,2.0366033586474583,0.5055670738220215,0.4944329261779785,0.014700137121812479,5.754433105186245,0.09051724137931035,0.1655195235116233,1.8285966406998384
frame_000,frame_003,0,3,5,3,False,False,407,ambulance,0.2015017291431778,1.601957316276498,0.5359689593315125,0.46403104066848755,0.01077421487627093,5.73871622917763,0.09482758620689655,0.2042451801515462,2.1538582634163053
frame_000,frame_004,0,4,5,4,False,False,444,"bicycle-built-for-two, tandem bicycle, tandem",0.3398919260795761,1.0791275763733843,0.595255434513092,0.40474456548690796,0.01538558025248907,5.669428615883153,0.08405172413793104,0.21424636528847174,2.5489823972782277
frame_000,frame_005,0,5,5,5,False,False,407,ambulance,0.3168689413103473,1.149267024944618,0.5465472936630249,0.4534527063369751,0.012511021549506958,5.6958670565558185,0.09051724137931035,0.21435999154634494,2.3681675256548584
frame_000,frame_006,0,6,5,6,False,True,407,ambulance,0.20271394967644382,1.5959594085707431,0.4976463317871094,0.5023536682128906,0.014992251100936528,5.688709604113844,0.08836206896551724,0.22789925677089942,2.5791525644316424
frame_000,frame_007,0,7,5,7,False,False,874,"trolleybus, trolley coach, trackless trolley",0.2632530522172589,1.334639533667711,0.5545852184295654,0.44541478157043457,0.013746472030823161,5.696942434097185,0.09698275862068965,0.2014918067567663,2.077604407447546
frame_000,frame_008,0,8,5,8,False,False,874,"trolleybus, trolley coach, trackless trolley",0.1794903114814786,1.7176340475440535,0.554192066192627,0.44580793380737305,0.010635130397928858,5.7364859970984,0.09698275862068965,0.16095221971259965,1.659596221036583
frame_000,frame_009,0,9,5,9,False,False,830,stretcher,0.31457938053398476,1.1565188323559372,0.6193962693214417,0.38060373067855835,0.03601394576316481,5.609902220968688,0.05387931034482758,0.23963223817470278,4.4475743405224835
frame_000,frame_010,0,10,5,10,False,False,422,barbell,0.34195593866146956,1.0730733845425746,0.694621205329895,0.305378794670105,0.028948308757825666,5.516033549398806,0.07112068965517242,0.36130233210948737,5.080129760569761
frame_000,frame_011,0,11,5,11,False,False,422,barbell,0.509989632325597,0.673364882243737,0.6411625742912292,0.35883742570877075,0.027329375361694275,5.644232463629631,0.07543103448275862,0.24735148704034046,3.2791739996205136
frame_000,frame_012,0,12,5,12,False,False,830,stretcher,0.5374522823802008,0.6209152998882956,0.6933852434158325,0.3066147565841675,0.039860248677912144,5.574946444098436,0.11637931034482758,0.27723831726537346,2.3821959113172833
frame_000,frame_013,0,13,5,13,True,False,840,"swab, swob, mop",0.4476478204005407,0.8037484708950817,0.7306418418884277,0.26935815811157227,0.020898648066499364,5.585633115947319,0.1724137931034483,0.3978551737666549,2.3075600078465985
frame_000,frame_014,0,14,5,14,False,False,840,"swab, swob, mop",0.4559376992611091,0.7853991032291106,0.6848056316375732,0.31519436836242676,0.025073118225458987,5.60438939416227,0.20043103448275862,0.4017637497896046,2.004498708627705
frame_000,frame_015,0,15,5,15,False,False,840,"swab, swob, mop",0.2264080950161345,1.4854161779206985,0.5471194982528687,0.45288050174713135,0.011845108119565101,5.855060223429284,0.23060344827586207,0.34837148210236835,1.5106950251915785
frame_000,frame_016,0,16,5,16,False,False,722,ping-pong ball,0.12988428275302502,2.041111357598929,0.5228743553161621,0.4771256446838379,0.013498014783903113,5.807217647848894,0.2607758620689655,0.41603971768197834,1.5953919752432888
frame_000,frame_017,0,17,5,17,False,False,840,"swab, swob, mop",0.23468292413890846,1.4495199348908532,0.5953739881515503,0.4046260118484497,0.02248441461654974,5.6627347260846115,0.24568965517241378,0.3923713749717078,1.5970203332181792
frame_000,frame_001,0,1,10,1,False,False,407,ambulance,0.2702000798540558,1.3085925579192361,0.643459677696228,0.356540322303772,0.050325958000396756,4.859872085292602,0.09698275862068965,0.1764932015642475,1.8198410116846853
frame_000,frame_002,0,2,10,2,False,False,919,street sign,0.28107920389078356,1.2691187849846801,0.628880500793457,0.37111949920654297,0.05016475997706848,4.9447839020521345,0.09051724137931035,0.14126263825585483,1.560615813112301
frame_000,frame_003,0,3,10,3,False,False,444,"bicycle-built-for-two, tandem bicycle, tandem",0.2813081259210419,1.2683046768753152,0.6442954540252686,0.35570454597473145,0.047984406770762135,4.883375562628004,0.09482758620689655,0.22213174937064015,2.342480266090387
frame_000,frame_004,0,4,10,4,True,False,444,"bicycle-built-for-two, tandem bicycle, tandem",0.48501176146737496,0.7235821378904954,0.7588115334510803,0.24118846654891968,0.045472718767704,4.963766621154409,0.08405172413793104,0.1600473795285428,1.9041534384934324
frame_000,frame_005,0,5,10,5,False,False,407,ambulance,0.4275998530854368,0.8495674434107334,0.6723388433456421,0.3276611566543579,0.03699582034647761,4.927060356545335,0.09051724137931035,0.1523222031487639,1.682797672881582
frame_000,frame_006,0,6,10,6,False,False,919,street sign,0.18339316334512576,1.6961229971439786,0.610528290271759,0.38947170972824097,0.05276912319936842,4.791730551195522,0.08836206896551724,0.1641531376120517,1.85773306956078
frame_000,frame_007,0,7,10,7,False,False,919,street sign,0.2778586737364168,1.280642662408864,0.646615743637085,0.35338425636291504,0.036329033938798105,4.927711008401063,0.09698275862068965,0.09481074359259412,0.9776041117103038
frame_000,frame_008,0,8,10,8,False,False,627,"limousine, limo",0.37611691974842026,0.9778552271515677,0.6821677684783936,0.31783223152160645,0.0533388509542293,4.842870807627133,0.09698275862068965,0.1143868615377807,1.1794556389673387
frame_000,frame_009,0,9,10,9,False,False,830,stretcher,0.36410097746096326,1.0103240392095623,0.6794382333755493,0.3205617666244507,0.05170767053089404,4.796564671996654,0.05387931034482758,0.22560135039990292,4.187161063422199
frame_000,frame_010,0,10,10,10,False,False,830,stretcher,0.45085048887872664,0.7966195046878537,0.7192917466163635,0.2807082533836365,0.0370055993370033,4.963580791429472,0.07112068965517242,0.3252413428026264,4.5730903957702616
frame_000,frame_011,0,11,10,11,False,False,422,barbell,0.5170589756917201,0.6595983380748459,0.6652567386627197,0.3347432613372803,0.0817724387490735,4.617988632276681,0.07543103448275862,0.31122951820462824,4.1260141841985005
frame_000,frame_012,0,12,10,12,False,False,830,stretcher,0.2140669958691138,1.5414662481459045,0.5993518829345703,0.4006481170654297,0.04525245376711738,4.88166474048213,0.11637931034482758,0.317525442850321,2.728366768195351
frame_000,frame_013,0,13,10,13,False,False,840,"swab, swob, mop",0.6066511152229971,0.4998014221557756,0.7311597466468811,0.2688402533531189,0.09523905789141185,4.699198405768822,0.1724137931034483,0.5087822171243033,2.950936859320959
frame_000,frame_014,0,14,10,14,False,False,840,"swab, swob, mop",0.4558095558027938,0.7856801974872996,0.6539525985717773,0.34604740142822266,0.053205072423158535,4.688832727892867,0.20043103448275862,0.4389123408984017,2.1898422169554665
frame_000,frame_015,0,15,10,15,False,True,877,turnstile,0.24470771542806255,1.4076907788791146,0.5671014189720154,0.4328985810279846,0.04488267403959474,5.0768350506284605,0.23060344827586207,0.24086233698256473,1.0444871435505612
frame_000,frame_016,0,16,10,16,False,False,877,turnstile,0.17739879358409408,1.7293550096704013,0.5775529742240906,0.4224470257759094,0.11406238917851062,4.6180336060470735,0.2607758620689655,0.2422964407635613,0.9291367645809292
frame_000,frame_017,0,17,10,17,False,False,877,turnstile,0.3009543852031714,1.2007965698927503,0.606727123260498,0.39327287673950195,0.1211122348889223,4.650614195435947,0.24568965517241378,0.22502397523645112,0.9158870571027484
frame_000,frame_001,0,1,20,1,False,False,919,street sign,0.5361603641088368,0.6233219758885538,0.7898116111755371,0.2101883888244629,0.041530165868905906,5.435400689300494,0.09698275862068965,0.15299334627413522,1.5775313926933054
frame_000,frame_002,0,2,20,2,False,False,444,"bicycle-built-for-two, tandem bicycle, tandem",0.4534349108640331,0.7909035459372267,0.7993285059928894,0.2006714940071106,0.048045217940186874,5.398487195324831,0.09051724137931035,0.15788276377939472,1.7442286284199797
frame_000,frame_003,0,3,20,3,False,False,444,"bicycle-built-for-two, tandem bicycle, tandem",0.6287915527859678,0.46395547182193053,0.8086832165718079,0.19131678342819214,0.028983086363817693,5.430800747183808,0.09482758620689655,0.19684602508755883,2.075830810014257
frame_000,frame_004,0,4,20,4,False,False,444,"bicycle-built-for-two, tandem bicycle, tandem",0.822953748841286,0.19485527813298908,0.8942539691925049,0.10574603080749512,0.03372453451509105,5.479871675861284,0.08405172413793104,0.14180592013481155,1.687126844680835
frame_000,frame_005,0,5,20,5,False,False,444,"bicycle-built-for-two, tandem bicycle, tandem",0.6180475281979246,0.48118991801246347,0.788644015789032,0.21135598421096802,0.032141339569145395,5.400641103337617,0.09051724137931035,0.14302474207494842,1.5800828648280016
frame_000,frame_006,0,6,20,6,False,False,919,street sign,0.5036988987757571,0.6857766125030091,0.7584443092346191,0.24155569076538086,0.04700153012722784,5.349582191594854,0.08836206896551724,0.15890961610735582,1.798391753019832
frame_000,frame_007,0,7,20,7,False,False,919,street sign,0.7336439325442594,0.3097314735949057,0.8525481820106506,0.14745181798934937,0.02556906423196533,5.432264050345564,0.09698275862068965,0.11294284188905626,1.1645661919227135
frame_000,frame_008,0,8,20,8,False,False,444,"bicycle-built-for-two, tandem bicycle, tandem",0.2809816923974659,1.2694657633812914,0.7462445497512817,0.25375545024871826,0.04146618814884713,5.382893194720191,0.09698275862068965,0.13472006926018587,1.389113603038361
frame_000,frame_009,0,9,20,9,False,False,747,"punching bag, punch bag, punching ball, punchball",0.691933987817344,0.36826472124223786,0.7937892079353333,0.20621079206466675,0.026167619614313287,5.331773794991866,0.05387931034482758,0.11426502638264993,2.1207588896619827
frame_000,frame_010,0,10,20,10,False,False,830,stretcher,0.28912747588223325,1.2408875951045246,0.6615685224533081,0.3384314775466919,0.02077704660471281,5.411202449325996,0.07112068965517242,0.15589446278970628,2.19197062831587
frame_000,frame_011,0,11,20,11,False,True,870,"tricycle, trike, velocipede",0.1504925520339754,1.8938416841641281,0.5171505212783813,0.48284947872161865,0.025462125069665397,5.3496529293211,0.07543103448275862,0.15161301533881597,2.0099554033488745
frame_000,frame_012,0,12,20,12,False,False,840,"swab, swob, mop",0.5099532072876517,0.6734363078894616,0.7002151608467102,0.2997848391532898,0.02346891139212801,5.385154647393797,0.11637931034482758,0.18345119179377578,1.5763213517094807
frame_000,frame_013,0,13,20,13,True,False,840,"swab, swob, mop",0.9561066039021816,0.04488586178962306,0.9557000398635864,0.044299960136413574,0.03510264023363516,5.215124256231357,0.1724137931034483,0.3063350394881794,1.7767432290314404
frame_000,frame_014,0,14,20,14,False,False,840,"swab, swob, mop",0.9080013896688314,0.09650936990973369,0.9120940566062927,0.08790594339370728,0.04032761936510879,5.13596885130252,0.20043103448275862,0.2962741283993086,1.4781848986804216
frame_000,frame_015,0,15,20,15,False,False,840,"swab, swob, mop",0.4753383105700843,0.7437284956857684,0.6377968788146973,0.36220312118530273,0.04540602822628617,5.339785332734728,0.23060344827586207,0.1530434350406441,0.6636649893351295
frame_000,frame_016,0,16,20,16,False,False,840,"swab, swob, mop",0.3055924217076649,1.1855030200742618,0.5811821222305298,0.4188178777694702,0.06013842681741496,5.268450611991472,0.2607758620689655,0.18880875279545964,0.7240269528685395
frame_000,frame_017,0,17,20,17,False,False,615,knee pad,0.5777160967402597,0.5486727130894851,0.7417512536048889,0.2582487463951111,0.05411958810943098,5.229284321529894,0.24568965517241378,0.2121047016367482,0.8633033470127295
frame_000,frame_001,0,1,30,1,False,False,627,"limousine, limo",0.9366737176481107,0.06542027761259206,0.9459592700004578,0.054040729999542236,0.030925331738968453,5.659123119383733,0.09698275862068965,0.13187000134789006,1.3597262361204665
frame_000,frame_002,0,2,30,2,False,False,627,"limousine, limo",0.4737252724261109,0.7471277193543546,0.7848544120788574,0.21514558792114258,0.025492507941094592,5.655409223197024,0.09051724137931035,0.13449865971866834,1.4858899549871931
frame_000,frame_003,0,3,30,3,False,False,444,"bicycle-built-for-two, tandem bicycle, tandem",0.5843877839519032,0.5371905028971363,0.789193332195282,0.21080666780471802,0.021449705826648978,5.664966950272517,0.09482758620689655,0.14715064744125594,1.551770463925972
frame_000,frame_004,0,4,30,4,False,False,444,"bicycle-built-for-two, tandem bicycle, tandem",0.9099566798692678,0.09435828514363953,0.9289441108703613,0.07105588912963867,0.02080449059716187,5.69361141812808,0.08405172413793104,0.12233251266330461,1.4554432275839317
frame_000,frame_005,0,5,30,5,False,False,444,"bicycle-built-for-two, tandem bicycle, tandem",0.5563891497648626,0.5862873199050505,0.7820481061935425,0.21795189380645752,0.030931988542426507,5.629052064412058,0.09051724137931035,0.17117960472061164,1.8911270616753286
frame_000,frame_006,0,6,30,6,False,False,627,"limousine, limo",0.8182260906646271,0.20061658611376632,0.8708020448684692,0.12919795513153076,0.02475855130147469,5.672996426850235,0.08836206896551724,0.12729564895856338,1.4406141735798392
frame_000,frame_007,0,7,30,7,False,False,627,"limousine, limo",0.7175791973905493,0.3318719578013487,0.8227907419204712,0.1772092580795288,0.0223084278804008,5.7126991951478345,0.09698275862068965,0.13562688430366845,1.398463873708937
frame_000,frame_008,0,8,30,8,False,False,627,"limousine, limo",0.8712792378176564,0.13779275899970855,0.9134699106216431,0.08653008937835693,0.021639376903772507,5.691649108917793,0.09698275862068965,0.10487764870540958,1.0814050888735567
frame_000,frame_009,0,9,30,9,False,False,747,"punching bag, punch bag, punching ball, punchball",0.47716687919442713,0.7398889977169395,0.734700083732605,0.265299916267395,0.031290519496731804,5.430332792270037,0.05387931034482758,0.05161136288269592,0.9579068951028363
frame_000,frame_010,0,10,30,10,False,False,422,barbell,0.270282420541596,1.3082878646567644,0.6769339442253113,0.3230660557746887,0.018300447748684064,5.511463098378995,0.07112068965517242,0.11300941128252154,1.588980813184545
frame_000,frame_011,0,11,30,11,False,False,422,barbell,0.40007396788430755,0.9161058292589284,0.6686528325080872,0.33134716749191284,0.024245919703572226,5.433545832188824,0.07543103448275862,0.10752815696993455,1.4255161381157038
frame_000,frame_012,0,12,30,12,False,False,851,"television, television system",0.4352126860689824,0.8319204338905726,0.7433435916900635,0.2566564083099365,0.027045499064286778,5.440336827722256,0.11637931034482758,0.1111793340893089,0.9553187225451728
frame_000,frame_013,0,13,30,13,True,False,840,"swab, swob, mop",0.9735273648969754,0.026829344758098728,0.971435546875,0.028564453125,0.03415781266296781,5.3943993665532375,0.1724137931034483,0.19858456226949783,1.1517904611630874
frame_000,frame_014,0,14,30,14,False,False,840,"swab, swob, mop",0.9304955343354399,0.07203800212097722,0.9299262762069702,0.07007372379302979,0.07219574706436048,5.174222966097648,0.20043103448275862,0.2040048901659601,1.0178308498602742
frame_000,frame_015,0,15,30,15,False,False,840,"swab, swob, mop",0.49541247398307875,0.70236458262523,0.68141770362854,0.31858229637145996,0.033770598769952254,5.39739055983949,0.23060344827586207,0.15613674695386937,0.6770789774448167
frame_000,frame_016,0,16,30,16,False,True,840,"swab, swob, mop",0.3889763418596011,0.9442367550548131,0.6266717910766602,0.37332820892333984,0.04379151322234891,5.375260418709807,0.2607758620689655,0.21210496150549482,0.813361174698757
frame_000,frame_017,0,17,30,17,False,False,840,"swab, swob, mop",0.4856867866369469,0.7221913347833917,0.6637557148933411,0.33624428510665894,0.045762389438808185,5.18107471228032,0.24568965517241378,0.23538410694287398,0.9580546107148555
frame_000,frame_001,0,1,40,1,False,False,627,"limousine, limo",0.3375997073434577,1.085894383134355,0.6687834858894348,0.3312165141105652,0.026416810108226267,5.10623360350287,0.09698275862068965,0.2663708976327524,2.746579922257714
frame_000,frame_002,0,2,40,2,False,False,444,"bicycle-built-for-two, tandem bicycle, tandem",0.45221402695802365,0.7935997002517694,0.7103736996650696,0.2896263003349304,0.04013198166389952,5.151547719556411,0.09051724137931035,0.20298134297802303,2.242460550995302
frame_000,frame_003,0,3,40,3,False,False,444,"bicycle-built-for-two, tandem bicycle, tandem",0.6355021013583393,0.4533398817360035,0.7810079455375671,0.21899205446243286,0.026229958706193417,5.131042899958082,0.09482758620689655,0.25445539637611614,2.683347816329952
frame_000,frame_004,0,4,40,4,False,False,444,"bicycle-built-for-two, tandem bicycle, tandem",0.8588106614994799,0.15220679863971143,0.9034790992736816,0.09652090072631836,0.023927984756168887,5.080787511229832,0.08405172413793104,0.27057598070147837,3.2191603857816915
frame_000,frame_005,0,5,40,5,False,False,444,"bicycle-built-for-two, tandem bicycle, tandem",0.39598369841760167,0.9263822341871005,0.7029745578765869,0.2970254421234131,0.023452437999917454,5.146117773789789,0.09051724137931035,0.2492388049871148,2.753495369381459
frame_000,frame_006,0,6,40,6,False,True,450,"bobsled, bobsleigh, bob",0.1875023307302466,1.673964003087615,0.6136934757232666,0.3863065242767334,0.029045986567577,5.014512353773014,0.08836206896551724,0.2737350474097077,3.097879560929375
frame_000,frame_007,0,7,40,7,False,False,407,ambulance,0.23891891771393933,1.431631041038139,0.6372805833816528,0.36271941661834717,0.02846322247040722,5.102118559044232,0.09698275862068965,0.22368710798572916,2.306462624563963
frame_000,frame_008,0,8,40,8,False,False,627,"limousine, limo",0.3545754593506762,1.0368340943057917,0.6981737613677979,0.30182623863220215,0.031301580653199684,5.132222078131299,0.09698275862068965,0.19124166670551332,1.9719140744746262
frame_000,frame_009,0,9,40,9,False,False,747,"punching bag, punch bag, punching ball, punchball",0.3329668061459505,1.0997124752135905,0.7336350083351135,0.2663649916648865,0.1254630246613063,4.3640665592948995,0.05387931034482758,0.5147419639393471,9.553610850714284
frame_000,frame_010,0,10,40,10,False,False,830,stretcher,0.39632558290525793,0.9255192264780288,0.7325524687767029,0.2674475312232971,0.1012140284439766,4.310476120656556,0.07112068965517242,0.6540766649377525,9.196714319124762
frame_000,frame_011,0,11,40,11,False,False,851,"television, television system",0.45641720859050283,0.784347956642583,0.665413498878479,0.334586501121521,0.11430048859261027,4.417225827328417,0.07543103448275862,0.5515528524957802,7.312014958801201
frame_000,frame_012,0,12,40,12,False,False,851,"television, television system",0.4567279714110234,0.7836673138722463,0.7872216701507568,0.21277832984924316,0.10928299169285681,4.467446768200963,0.11637931034482758,0.48772968404977035,4.190862470353583
frame_000,frame_013,0,13,40,13,True,False,840,"swab, swob, mop",0.9820650752035959,0.018097704795198233,0.9805395603179932,0.019460439682006836,0.08097267256626478,4.653030267335704,0.1724137931034483,0.7105556581473559,4.121222817254663
frame_000,frame_014,0,14,40,14,False,False,840,"swab, swob, mop",0.971877707708207,0.028525297552096873,0.9704321622848511,0.029567837715148926,0.046903640968544394,4.755451059507356,0.20043103448275862,0.616114990619385,3.0739500607246737
frame_000,frame_015,0,15,40,15,False,False,840,"swab, swob, mop",0.542236148523198,0.6120536740491858,0.7133426070213318,0.2866573929786682,0.034815452989500305,5.220664481446521,0.23060344827586207,0.5011340014261261,2.1731418379600234
frame_000,frame_016,0,16,40,16,False,False,840,"swab, swob, mop",0.37406171540007144,0.9833344807422963,0.6455262899398804,0.35447371006011963,0.03825176121189716,5.0902146857894595,0.2607758620689655,0.6004779276874099,2.3026591607186626
frame_000,frame_017,0,17,40,17,False,False,840,"swab, swob, mop",0.5217514797058515,0.6505638969850507,0.7173216938972473,0.2826783061027527,0.05826593668593345,4.914779188527797,0.24568965517241378,0.5264441677480817,2.1427201213606133
frame_000,frame_001,0,1,50,1,False,False,407,ambulance,0.5577660519924591,0.5838156661778303,0.7282043695449829,0.2717956304550171,0.056866026773504656,4.884797235256296,0.09698275862068965,0.1890121136824239,1.9489249055254376
frame_000,frame_002,0,2,50,2,False,False,555,"fire engine, fire truck",0.3060912473172303,1.1838720276335473,0.7100344300270081,0.28996556997299194,0.08635755004227899,4.7386034964008585,0.09051724137931035,0.20362666762179601,2.2495898518217463
frame_000,frame_003,0,3,50,3,False,False,407,ambulance,0.6485603210577703,0.433000263271091,0.8066418170928955,0.1933581829071045,0.07592298756811014,4.688056533243697,0.09482758620689655,0.33106987081779654,3.491282274078582
frame_000,frame_004,0,4,50,4,False,False,407,ambulance,0.6814976258981256,0.3834625114933996,0.836336076259613,0.16366392374038696,0.059989129179213896,4.823441799583589,0.08405172413793104,0.21915188483124817,2.6073455015820297
frame_000,frame_005,0,5,50,5,False,False,407,ambulance,0.6837573846293366,0.3801521251151101,0.787960946559906,0.212039053440094,0.0493361789891643,4.8352907799236995,0.09051724137931035,0.20151038530113033,2.226209970945821
frame_000,frame_006,0,6,50,6,False,False,407,ambulance,0.5117362782114989,0.6699458682609016,0.7303400039672852,0.26965999603271484,0.060680635718512184,4.815283256413586,0.08836206896551724,0.22434149708819487,2.538889137778596
frame_000,frame_007,0,7,50,7,False,False,407,ambulance,0.6706303712226347,0.3995371563503894,0.8059227466583252,0.1940772533416748,0.04925327713726643,4.9403417286695355,0.09698275862068965,0.14344988912173748,1.4791277456108043
frame_000,frame_008,0,8,50,8,False,False,407,ambulance,0.638003057983323,0.44941220257152514,0.799686849117279,0.20031315088272095,0.1764886796408854,4.542025910338097,0.09698275862068965,0.10236222155007904,1.0554682399830373
frame_000,frame_009,0,9,50,9,False,False,747,"punching bag, punch bag, punching ball, punchball",0.7213100305668494,0.32668623333483326,0.8411332368850708,0.1588667631149292,0.11887399508966624,4.537611870089245,0.05387931034482758,0.38391537760721905,7.125469408389986
frame_000,frame_010,0,10,50,10,False,False,830,stretcher,0.3501219318353653,1.0494738084952684,0.727358341217041,0.272641658782959,0.058084425438634235,4.569805731306378,0.07112068965517242,0.5303444403623343,7.456964252367367
frame_000,frame_011,0,11,50,11,False,True,851,"television, television system",0.3053022697905636,1.186452944645412,0.604576826095581,0.39542317390441895,0.07221530197138842,4.6340636807968565,0.07543103448275862,0.32592484396785015,4.320832217173785
frame_000,frame_012,0,12,50,12,False,False,851,"television, television system",0.6091084005218297,0.4957590295391374,0.7750148177146912,0.22498518228530884,0.07834468195544349,4.460291882978179,0.11637931034482758,0.3095203847877027,2.6595825655832233
frame_000,frame_013,0,13,50,13,False,False,840,"swab, swob, mop",0.9664691158263239,0.03410593549891772,0.9684638381004333,0.03153616189956665,0.12529628103874468,4.13947647688404,0.1724137931034483,0.4671265641072274,2.7093340718219188
frame_000,frame_014,0,14,50,14,True,False,840,"swab, swob, mop",0.9753093750589623,0.02500055056296624,0.973453164100647,0.026546835899353027,0.15640991731456413,4.236744396826337,0.20043103448275862,0.25295005790510167,1.2620303964297546
frame_000,frame_015,0,15,50,15,False,False,840,"swab, swob, mop",0.3536583192767337,1.0394240317368588,0.6716881394386292,0.32831186056137085,0.0711927765278987,4.840491681644879,0.23060344827586207,0.17978707023224252,0.7796373886706591
frame_000,frame_016,0,16,50,16,False,False,676,muzzle,0.17955051114870121,1.7172987114820104,0.6116704940795898,0.38832950592041016,0.08240329686161375,4.597984838623793,0.2607758620689655,0.22509520155822163,0.863174987793511
frame_000,frame_017,0,17,50,17,False,False,747,"punching bag, punch bag, punching ball, punchball",0.4219005604192203,0.8629856315303268,0.6788387894630432,0.3211612105369568,0.17572470429732256,4.18602957013032,0.24568965517241378,0.19649877554990186,0.7997844899574953
frame_001,frame_000,1,0,5,-1,False,True,407,ambulance,0.12765539174514146,2.0584208976818354,0.4940916895866394,0.5059083104133606,0.017553919698430454,5.721220807728829,0.09267241379310345,0.17077810730066165,1.8428149252908606
frame_001,frame_002,1,2,5,1,False,False,444,"bicycle-built-for-two, tandem bicycle, tandem",0.13047112270662012,2.0366033586474583,0.5055670738220215,0.4944329261779785,0.013524468907390917,5.770572251063905,0.09051724137931035,0.16149321556014234,1.7841155242834774
frame_001,frame_003,1,3,5,2,False,False,407,ambulance,0.2015017291431778,1.601957316276498,0.5359689593315125,0.46403104066848755,0.010572343970442252,5.752124794044544,0.09482758620689655,0.20015187877807966,2.1106925398415672
frame_001,frame_004,1,4,5,3,False,False,444,"bicycle-built-for-two, tandem bicycle, tandem",0.3398919260795761,1.0791275763733843,0.595255434513092,0.40474456548690796,0.015190037132185138,5.683353271551614,0.08405172413793104,0.20969647524658244,2.494850372164468
frame_001,frame_005,1,5,5,4,False,False,407,ambulance,0.3168689413103473,1.149267024944618,0.5465472936630249,0.4534527063369751,0.012240231243401472,5.7075885452461925,0.09051724137931035,0.21098812210146928,2.3309163965495654
frame_001,frame_006,1,6,5,5,False,False,407,ambulance,0.20271394967644382,1.5959594085707431,0.4976463317871094,0.5023536682128906,0.015093077791980642,5.705156412927563,0.08836206896551724,0.2185907271784271,2.4738072539217115
frame_001,frame_007,1,7,5,6,False,False,874,"trolleybus, trolley coach, trackless trolley",0.2632530522172589,1.334639533667711,0.5545852184295654,0.44541478157043457,0.012593635247409663,5.714202663872727,0.09698275862068965,0.19254455313633131,1.9853482812279495
frame_001,frame_008,1,8,5,7,False,False,874,"trolleybus, trolley coach, trackless trolley",0.1794903114814786,1.7176340475440535,0.554192066192627,0.44580793380737305,0.010657145786009058,5.750424713944957,0.09698275862068965,0.15500568482375873,1.5982808390716456
frame_001,frame_009,1,9,5,8,False,False,830,stretcher,0.31457938053398476,1.1565188323559372,0.6193962693214417,0.38060373067855835,0.0342967099363437,5.634987930439469,0.05387931034482758,0.22848852675301137,4.240747056535891
frame_001,frame_010,1,10,5,9,False,False,422,barbell,0.34195593866146956,1.0730733845425746,0.694621205329895,0.305378794670105,0.02803681744358713,5.555259041327197,0.07112068965517242,0.3448660437599403,4.849025584988251
frame_001,frame_011,1,11,5,10,False,False,422,barbell,0.509989632325597,0.673364882243737,0.6411625742912292,0.35883742570877075,0.026418451140987127,5.662692260021269,0.07543103448275862,0.2373503264875498,3.146587185434946
frame_001,frame_012,1,12,5,11,False,False,830,stretcher,0.5374522823802008,0.6209152998882956,0.6933852434158325,0.3066147565841675,0.03904744181521713,5.604056435761283,0.11637931034482758,0.2677637932276321,2.3007851862522464
frame_001,frame_013,1,13,5,12,True,False,840,"swab, swob, mop",0.4476478204005407,0.8037484708950817,0.7306418418884277,0.26935815811157227,0.02128944874103145,5.617546913246173,0.1724137931034483,0.38386487951690934,2.226416301198074
frame_001,frame_014,1,14,5,13,False,False,840,"swab, swob, mop",0.4559376992611091,0.7853991032291106,0.6848056316375732,0.31519436836242676,0.026132311803927763,5.617851281897627,0.20043103448275862,0.39168986229802805,1.9542375925406992
frame_001,frame_015,1,15,5,14,False,False,840,"swab, swob, mop",0.2264080950161345,1.4854161779206985,0.5471194982528687,0.45288050174713135,0.011563215327009595,5.866441753584516,0.23060344827586207,0.3375746785319716,1.4638752414844376
frame_001,frame_016,1,16,5,15,False,False,722,ping-pong ball,0.12988428275302502,2.041111357598929,0.5228743553161621,0.4771256446838379,0.0119640416933917,5.818266340319066,0.2607758620689655,0.4047264314481111,1.5520087949745747
frame_001,frame_017,1,17,5,16,False,False,840,"swab, swob, mop",0.23468292413890846,1.4495199348908532,0.5953739881515503,0.4046260118484497,0.02248481837611713,5.670747421265667,0.24568965517241378,0.38531235048677737,1.568288865139164
frame_001,frame_000,1,0,10,-1,False,False,919,street sign,0.2868455391920684,1.2488113990676613,0.6109731197357178,0.3890268802642822,0.056749573153896345,4.846010858090088,0.09267241379310345,0.17785792581227908,1.9192111064394766
frame_001,frame_002,1,2,10,1,False,False,919,street sign,0.28107920389078356,1.2691187849846801,0.628880500793457,0.37111949920654297,0.05027119098117552,4.969135549807544,0.09051724137931035,0.14250747708438255,1.5743683182655597
frame_001,frame_003,1,3,10,2,False,False,444,"bicycle-built-for-two, tandem bicycle, tandem",0.2813081259210419,1.2683046768753152,0.6442954540252686,0.35570454597473145,0.048207058448962996,4.910978828480486,0.09482758620689655,0.2160875591135589,2.278741532470258
frame_001,frame_004,1,4,10,3,True,False,444,"bicycle-built-for-two, tandem bicycle, tandem",0.48501176146737496,0.7235821378904954,0.7588115334510803,0.24118846654891968,0.044234149145569654,4.995331314867534,0.08405172413793104,0.1592895049532486,1.8951366743155729
frame_001,frame_005,1,5,10,4,False,False,407,ambulance,0.4275998530854368,0.8495674434107334,0.6723388433456421,0.3276611566543579,0.0360869462168098,4.952724560615388,0.09051724137931035,0.1529708618286335,1.689963806868713
frame_001,frame_006,1,6,10,5,False,False,919,street sign,0.18339316334512576,1.6961229971439786,0.610528290271759,0.38947170972824097,0.04929763809651215,4.839926061101802,0.08836206896551724,0.15328666030660926,1.7347563507869928
frame_001,frame_007,1,7,10,6,False,False,919,street sign,0.2778586737364168,1.280642662408864,0.646615743637085,0.35338425636291504,0.034610256353803465,4.9567406256573925,0.09698275862068965,0.09026327601684124,0.9307146682625408
frame_001,frame_008,1,8,10,7,False,False,627,"limousine, limo",0.37611691974842026,0.9778552271515677,0.6821677684783936,0.31783223152160645,0.050904470298727564,4.879923516777428,0.09698275862068965,0.10793244279302659,1.1129034101325408
frame_001,frame_009,1,9,10,8,False,False,830,stretcher,0.36410097746096326,1.0103240392095623,0.6794382333755493,0.3205617666244507,0.05162664648216874,4.79661901574199,0.05387931034482758,0.2144390194502822,3.979988200997238
frame_001,frame_010,1,10,10,9,False,False,830,stretcher,0.45085048887872664,0.7966195046878537,0.7192917466163635,0.2807082533836365,0.04093688684451111,4.990382766673807,0.07112068965517242,0.2987360599874074,4.200410055580516
frame_001,frame_011,1,11,10,10,False,False,422,barbell,0.5170589756917201,0.6595983380748459,0.6652567386627197,0.3347432613372803,0.07611799011231148,4.660103641282713,0.07543103448275862,0.2933718079409009,3.889271968130801
frame_001,frame_012,1,12,10,11,False,False,830,stretcher,0.2140669958691138,1.5414662481459045,0.5993518829345703,0.4006481170654297,0.04071396619969386,4.9243244124072305,0.11637931034482758,0.3054600056818259,2.6246933821549487
frame_001,frame_013,1,13,10,12,False,False,840,"swab, swob, mop",0.6066511152229971,0.4998014221557756,0.7311597466468811,0.2688402533531189,0.09086069488084356,4.760308063586151,0.1724137931034483,0.4842441271314404,2.808615937362354
frame_001,frame_014,1,14,10,13,False,False,840,"swab, swob, mop",0.4558095558027938,0.7856801974872996,0.6539525985717773,0.34604740142822266,0.047675265535217386,4.700554596281154,0.20043103448275862,0.42629188462956075,2.1268756394421096
frame_001,frame_015,1,15,10,14,False,True,877,turnstile,0.24470771542806255,1.4076907788791146,0.5671014189720154,0.4328985810279846,0.051220617834767015,5.04882708144404,0.23060344827586207,0.23632022578217604,1.0247905118030811
frame_001,frame_016,1,16,10,15,False,False,877,turnstile,0.17739879358409408,1.7293550096704013,0.5775529742240906,0.4224470257759094,0.10749769141746204,4.620995368731297,0.2607758620689655,0.23703030545355847,0.9089426589293481
frame_001,frame_017,1,17,10,16,False,False,877,turnstile,0.3009543852031714,1.2007965698927503,0.606727123260498,0.39327287673950195,0.11958988583590205,4.667538448910149,0.24568965517241378,0.22232032906059615,0.9048827428431282
frame_001,frame_000,1,0,20,-1,False,False,919,street sign,0.6721204415489872,0.39731772602297877,0.8086676597595215,0.19133234024047852,0.023850141136691566,5.525022530273563,0.09267241379310345,0.12429377517544878,1.341216550730424
frame_001,frame_002,1,2,20,1,False,False,444,"bicycle-built-for-two, tandem bicycle, tandem",0.4534349108640331,0.7909035459372267,0.7993285059928894,0.2006714940071106,0.04024966442078515,5.4749501906591185,0.09051724137931035,0.154189261523472,1.703424222545024
frame_001,frame_003,1,3,20,2,False,False,444,"bicycle-built-for-two, tandem bicycle, tandem",0.6287915527859678,0.46395547182193053,0.8086832165718079,0.19131678342819214,0.026368659368010385,5.505203273846126,0.09482758620689655,0.18046413888714802,1.9030763737190155
frame_001,frame_004,1,4,20,3,False,False,444,"bicycle-built-for-two, tandem bicycle, tandem",0.822953748841286,0.19485527813298908,0.8942539691925049,0.10574603080749512,0.029005540893205096,5.549904767009225,0.08405172413793104,0.13368412252017617,1.5904982781887627
frame_001,frame_005,1,5,20,4,False,False,444,"bicycle-built-for-two, tandem bicycle, tandem",0.6180475281979246,0.48118991801246347,0.788644015789032,0.21135598421096802,0.028965114915987075,5.485858353904144,0.09051724137931035,0.13876339118290085,1.5330050835444284
frame_001,frame_006,1,6,20,5,False,False,919,street sign,0.5036988987757571,0.6857766125030091,0.7584443092346191,0.24155569076538086,0.036895088150268054,5.457027588469023,0.08836206896551724,0.1363754215692999,1.5433706245891503
frame_001,frame_007,1,7,20,6,False,False,919,street sign,0.7336439325442594,0.3097314735949057,0.8525481820106506,0.14745181798934937,0.022138905055599227,5.520019388579167,0.09698275862068965,0.09844265008241151,1.0150531030719765
frame_001,frame_008,1,8,20,7,False,False,444,"bicycle-built-for-two, tandem bicycle, tandem",0.2809816923974659,1.2694657633812914,0.7462445497512817,0.25375545024871826,0.03574091861933195,5.483285536647602,0.09698275862068965,0.11893413364192794,1.226343066885657
frame_001,frame_009,1,9,20,8,False,False,747,"punching bag, punch bag, punching ball, punchball",0.691933987817344,0.36826472124223786,0.7937892079353333,0.20621079206466675,0.02829504414459171,5.3523596724945115,0.05387931034482758,0.09970957843919864,1.850609775831527
frame_001,frame_010,1,10,20,9,False,False,830,stretcher,0.28912747588223325,1.2408875951045246,0.6615685224533081,0.3384314775466919,0.018516583322745882,5.427100778782978,0.07112068965517242,0.12390107849361347,1.7421242551829286
frame_001,frame_011,1,11,20,10,False,True,870,"tricycle, trike, velocipede",0.1504925520339754,1.8938416841641281,0.5171505212783813,0.48284947872161865,0.025643912451437555,5.361764451805032,0.07543103448275862,0.12429854198400243,1.6478435280164894
frame_001,frame_012,1,12,20,11,False,False,840,"swab, swob, mop",0.5099532072876517,0.6734363078894616,0.7002151608467102,0.2997848391532898,0.02250535767742514,5.418612652635466,0.11637931034482758,0.16449531200535528,1.413441199453423
frame_001,frame_013,1,13,20,12,True,False,840,"swab, swob, mop",0.9561066039021816,0.04488586178962306,0.9557000398635864,0.044299960136413574,0.029515842588614446,5.2911982197942224,0.1724137931034483,0.27149576637539696,1.5746754449773024
frame_001,frame_014,1,14,20,13,False,False,840,"swab, swob, mop",0.9080013896688314,0.09650936990973369,0.9120940566062927,0.08790594339370728,0.034820478506182646,5.17576934758126,0.20043103448275862,0.27688849731663473,1.3814651909131024
frame_001,frame_015,1,15,20,14,False,False,840,"swab, swob, mop",0.4753383105700843,0.7437284956857684,0.6377968788146973,0.36220312118530273,0.04888135978016464,5.324965662201419,0.23060344827586207,0.14099657508166144,0.6114244003541206
frame_001,frame_016,1,16,20,15,False,False,840,"swab, swob, mop",0.3055924217076649,1.1855030200742618,0.5811821222305298,0.4188178777694702,0.050484870547459114,5.30448827170147,0.2607758620689655,0.17281498711263316,0.6626954877707585
frame_001,frame_017,1,17,20,16,False,False,615,knee pad,0.5777160967402597,0.5486727130894851,0.7417512536048889,0.2582487463951111,0.047588493827906996,5.277832242510077,0.24568965517241378,0.20161994324036936,0.8206285409081701
frame_001,frame_000,1,0,30,-1,False,False,627,"limousine, limo",0.6953991130629722,0.36326933484351187,0.8037136793136597,0.19628632068634033,0.02646712746050058,5.666789343736003,0.09267241379310345,0.09407702407443151,1.0151567248961912
frame_001,frame_002,1,2,30,1,False,False,627,"limousine, limo",0.4737252724261109,0.7471277193543546,0.7848544120788574,0.21514558792114258,0.02690260604565952,5.6479193611840754,0.09051724137931035,0.11133426891818929,1.2299785899533293
frame_001,frame_003,1,3,30,2,False,False,444,"bicycle-built-for-two, tandem bicycle, tandem",0.5843877839519032,0.5371905028971363,0.789193332195282,0.21080666780471802,0.023447702062766182,5.65027881000856,0.09482758620689655,0.12818806067626895,1.3518013671315636
frame_001,frame_004,1,4,30,3,False,False,444,"bicycle-built-for-two, tandem bicycle, tandem",0.9099566798692678,0.09435828514363953,0.9289441108703613,0.07105588912963867,0.021560193745454176,5.689498406191916,0.08405172413793104,0.10278369329426805,1.222862402270266
frame_001,frame_005,1,5,30,4,False,False,444,"bicycle-built-for-two, tandem bicycle, tandem",0.5563891497648626,0.5862873199050505,0.7820481061935425,0.21795189380645752,0.0241272555077185,5.658111660752706,0.09051724137931035,0.1360176085549615,1.5026707230833842
frame_001,frame_006,1,6,30,5,False,False,627,"limousine, limo",0.8182260906646271,0.20061658611376632,0.8708020448684692,0.12919795513153076,0.02442856502367172,5.696250614571988,0.08836206896551724,0.0917493147699888,1.0383337086164586
frame_001,frame_007,1,7,30,6,False,False,627,"limousine, limo",0.7175791973905493,0.3318719578013487,0.8227907419204712,0.1772092580795288,0.02247631941563449,5.731182526255472,0.09698275862068965,0.09878253723560701,1.0185577172738145
frame_001,frame_008,1,8,30,7,False,False,627,"limousine, limo",0.8712792378176564,0.13779275899970855,0.9134699106216431,0.08653008937835693,0.0226273114268118,5.701799373073424,0.09698275862068965,0.08083784440772863,0.8335279956708019
frame_001,frame_009,1,9,30,8,False,False,747,"punching bag, punch bag, punching ball, punchball",0.47716687919442713,0.7398889977169395,0.734700083732605,0.265299916267395,0.030304586124003406,5.409332069465902,0.05387931034482758,0.035680063394517396,0.6622219766022429
frame_001,frame_010,1,10,30,9,False,False,422,barbell,0.270282420541596,1.3082878646567644,0.6769339442253113,0.3230660557746887,0.018003549346691794,5.498490816105003,0.07112068965517242,0.07644157819781668,1.0748149176905133
frame_001,frame_011,1,11,30,10,False,False,422,barbell,0.40007396788430755,0.9161058292589284,0.6686528325080872,0.33134716749191284,0.022544407882528903,5.425241663692811,0.07543103448275862,0.08695915857713259,1.1528299879939863
frame_001,frame_012,1,12,30,11,False,False,851,"television, television system",0.4352126860689824,0.8319204338905726,0.7433435916900635,0.2566564083099365,0.02118767771677956,5.477434684758968,0.11637931034482758,0.08860749560708665,0.7613681104016334
frame_001,frame_013,1,13,30,12,True,False,840,"swab, swob, mop",0.9735273648969754,0.026829344758098728,0.971435546875,0.028564453125,0.027743820438739287,5.466850281772455,0.1724137931034483,0.1653317213684202,0.9589239839368371
frame_001,frame_014,1,14,30,13,False,False,840,"swab, swob, mop",0.9304955343354399,0.07203800212097722,0.9299262762069702,0.07007372379302979,0.06177079673604228,5.2322394059690325,0.20043103448275862,0.1900543573514747,0.948228191517035
frame_001,frame_015,1,15,30,14,False,False,840,"swab, swob, mop",0.49541247398307875,0.70236458262523,0.68141770362854,0.31858229637145996,0.03057333054065416,5.394873448733755,0.23060344827586207,0.14013330321375425,0.6076808662727287
frame_001,frame_016,1,16,30,15,False,True,840,"swab, swob, mop",0.3889763418596011,0.9442367550548131,0.6266717910766602,0.37332820892333984,0.03936242583952338,5.388997990268638,0.2607758620689655,0.19047104913499505,0.730401378501138
frame_001,frame_017,1,17,30,16,False,False,840,"swab, swob, mop",0.4856867866369469,0.7221913347833917,0.6637557148933411,0.33624428510665894,0.04459383819264972,5.1754982199448065,0.24568965517241378,0.20779192575680727,0.8457495925540226
frame_001,frame_000,1,0,40,-1,False,True,731,"plunger, plumber's helper",0.18675734359137044,1.677945132629249,0.5954543352127075,0.4045456647872925,0.028930261682875262,5.123687397244785,0.09267241379310345,0.2369574172201028,2.5569358509332023
frame_001,frame_002,1,2,40,1,False,False,444,"bicycle-built-for-two, tandem bicycle, tandem",0.45221402695802365,0.7935997002517694,0.7103736996650696,0.2896263003349304,0.036874480717918476,5.2338398104671615,0.09051724137931035,0.20583047208681046,2.273936644006668
frame_001,frame_003,1,3,40,2,False,False,444,"bicycle-built-for-two, tandem bicycle, tandem",0.6355021013583393,0.4533398817360035,0.7810079455375671,0.21899205446243286,0.025247674181453534,5.230668856499181,0.09482758620689655,0.24728903324416657,2.6077752596657566
frame_001,frame_004,1,4,40,3,False,False,444,"bicycle-built-for-two, tandem bicycle, tandem",0.8588106614994799,0.15220679863971143,0.9034790992736816,0.09652090072631836,0.023016085519017144,5.15225057916272,0.08405172413793104,0.26711157515762346,3.177942842900956
frame_001,frame_005,1,5,40,4,False,False,444,"bicycle-built-for-two, tandem bicycle, tandem",0.39598369841760167,0.9263822341871005,0.7029745578765869,0.2970254421234131,0.02322320600106462,5.222410321339993,0.09051724137931035,0.2501810668330314,2.7639051192982516
frame_001,frame_006,1,6,40,5,False,False,450,"bobsled, bobsleigh, bob",0.1875023307302466,1.673964003087615,0.6136934757232666,0.3863065242767334,0.025212973512464834,5.117108476188184,0.08836206896551724,0.2594270227667463,2.9359545991163483
frame_001,frame_007,1,7,40,6,False,False,407,ambulance,0.23891891771393933,1.431631041038139,0.6372805833816528,0.36271941661834717,0.02416602765007809,5.185804959087202,0.09698275862068965,0.21727579434457603,2.240354857241851
frame_001,frame_008,1,8,40,7,False,False,627,"limousine, limo",0.3545754593506762,1.0368340943057917,0.6981737613677979,0.30182623863220215,0.029589522408692986,5.228477476749876,0.09698275862068965,0.18793516238536506,1.9378203410402086
frame_001,frame_009,1,9,40,8,False,False,747,"punching bag, punch bag, punching ball, punchball",0.3329668061459505,1.0997124752135905,0.7336350083351135,0.2663649916648865,0.09720452195259818,4.5696870066862605,0.05387931034482758,0.4579081105734126,8.498774532242537
frame_001,frame_010,1,10,40,9,False,False,830,stretcher,0.39632558290525793,0.9255192264780288,0.7325524687767029,0.2674475312232971,0.08697179750798602,4.4768601538698745,0.07112068965517242,0.6109773639699511,8.590712026729008
frame_001,frame_011,1,11,40,10,False,False,851,"television, television system",0.45641720859050283,0.784347956642583,0.665413498878479,0.334586501121521,0.09892481460177208,4.585159755425786,0.07543103448275862,0.5156056609535964,6.835457905213392
frame_001,frame_012,1,12,40,11,False,False,851,"television, television system",0.4567279714110234,0.7836673138722463,0.7872216701507568,0.21277832984924316,0.09478670020231085,4.618146110718642,0.11637931034482758,0.4888705488923813,4.20066545714935
frame_001,frame_013,1,13,40,12,True,False,840,"swab, swob, mop",0.9820650752035959,0.018097704795198233,0.9805395603179932,0.019460439682006836,0.07915279123084284,4.812462836403416,0.1724137931034483,0.6785876297080999,3.9358082523069795
frame_001,frame_014,1,14,40,13,False,False,840,"swab, swob, mop",0.971877707708207,0.028525297552096873,0.9704321622848511,0.029567837715148926,0.04505258766475285,4.835426152904514,0.20043103448275862,0.6073507338791808,3.03022301634344
frame_001,frame_015,1,15,40,14,False,False,840,"swab, swob, mop",0.542236148523198,0.6120536740491858,0.7133426070213318,0.2866573929786682,0.03446345435470971,5.282625145164266,0.23060344827586207,0.48615056982238936,2.10816695698681
frame_001,frame_016,1,16,40,15,False,False,840,"swab, swob, mop",0.37406171540007144,0.9833344807422963,0.6455262899398804,0.35447371006011963,0.037642691008853923,5.168663769776701,0.2607758620689655,0.5848599092391511,2.2427685775782322
frame_001,frame_017,1,17,40,16,False,False,840,"swab, swob, mop",0.5217514797058515,0.6505638969850507,0.7173216938972473,0.2826783061027527,0.05301067887056808,5.01416808141241,0.24568965517241378,0.5373673164574219,2.1871792529495067
frame_001,frame_000,1,0,50,-1,False,False,407,ambulance,0.3191924116548509,1.1419611867001846,0.6593103408813477,0.34068965911865234,0.062198862531977664,4.8185965225483045,0.09267241379310345,0.23797467674608186,2.567912790934465
frame_001,frame_002,1,2,50,1,False,False,555,"fire engine, fire truck",0.3060912473172303,1.1838720276335473,0.7100344300270081,0.28996556997299194,0.07511783369586882,4.850295991338508,0.09051724137931035,0.20933795945948808,2.3126860283143444
frame_001,frame_003,1,3,50,2,False,False,407,ambulance,0.6485603210577703,0.433000263271091,0.8066418170928955,0.1933581829071045,0.06949226715495076,4.773915935226774,0.09482758620689655,0.3119832001284648,3.2900046559001743
frame_001,frame_004,1,4,50,3,False,False,407,ambulance,0.6814976258981256,0.3834625114933996,0.836336076259613,0.16366392374038696,0.06023702041372457,4.905157184807647,0.08405172413793104,0.2224349211391681,2.6464052156044615
frame_001,frame_005,1,5,50,4,False,False,407,ambulance,0.6837573846293366,0.3801521251151101,0.787960946559906,0.212039053440094,0.04439292727957843,4.929025688180049,0.09051724137931035,0.19969112203524847,2.2061114434370306
frame_001,frame_006,1,6,50,5,False,False,407,ambulance,0.5117362782114989,0.6699458682609016,0.7303400039672852,0.26965999603271484,0.05339275208883823,4.915934713256837,0.08836206896551724,0.20100092289768834,2.2747421518177413
frame_001,frame_007,1,7,50,6,False,False,407,ambulance,0.6706303712226347,0.3995371563503894,0.8059227466583252,0.1940772533416748,0.042431843009908383,5.028156876684952,0.09698275862068965,0.12381024696629221,1.2766212131635464
frame_001,frame_008,1,8,50,7,False,False,407,ambulance,0.638003057983323,0.44941220257152514,0.799686849117279,0.20031315088272095,0.15562634500342098,4.714394531646244,0.09698275862068965,0.09132656421853005,0.9416783510532877
frame_001,frame_009,1,9,50,8,False,False,747,"punching bag, punch bag, punching ball, punchball",0.7213100305668494,0.32668623333483326,0.8411332368850708,0.1588667631149292,0.12133012819048712,4.730804818431004,0.05387931034482758,0.3211267647085792,5.960112752991231
frame_001,frame_010,1,10,50,9,False,False,830,stretcher,0.3501219318353653,1.0494738084952684,0.727358341217041,0.272641658782959,0.06276842107851968,4.779574691425889,0.07112068965517242,0.4345973849354917,6.110702624547519
frame_001,frame_011,1,11,50,10,False,True,851,"television, television system",0.3053022697905636,1.186452944645412,0.604576826095581,0.39542317390441895,0.06795941993898123,4.749329552690595,0.07543103448275862,0.2803315935837173,3.716395983509852
frame_001,frame_012,1,12,50,11,False,False,851,"television, television system",0.6091084005218297,0.4957590295391374,0.7750148177146912,0.22498518228530884,0.06740138534731753,4.610202133782852,0.11637931034482758,0.2553445912487369,2.19407204332248
frame_001,frame_013,1,13,50,12,False,False,840,"swab, swob, mop",0.9664691158263239,0.03410593549891772,0.9684638381004333,0.03153616189956665,0.11053171762757472,4.322291720108119,0.1724137931034483,0.4109395292023299,2.3834492693735134
frame_001,frame_014,1,14,50,13,True,False,840,"swab, swob, mop",0.9753093750589623,0.02500055056296624,0.973453164100647,0.026546835899353027,0.16037421284720918,4.293495428530477,0.20043103448275862,0.22594368878560822,1.1272889418980883
frame_001,frame_015,1,15,50,14,False,False,840,"swab, swob, mop",0.3536583192767337,1.0394240317368588,0.6716881394386292,0.32831186056137085,0.07802090787727772,4.8544945467530844,0.23060344827586207,0.15802106689780598,0.6852502340241307
frame_001,frame_016,1,16,50,15,False,False,676,muzzle,0.17955051114870121,1.7172987114820104,0.6116704940795898,0.38832950592041016,0.08262412204725984,4.639198903987857,0.2607758620689655,0.20183439925573374,0.7739765392947144
frame_001,frame_017,1,17,50,16,False,False,747,"punching bag, punch bag, punching ball, punchball",0.4219005604192203,0.8629856315303268,0.6788387894630432,0.3211612105369568,0.16261412274403084,4.248335882904319,0.24568965517241378,0.1815447905234139,0.7389191473935444
frame_002,frame_000,2,0,5,-2,False,True,407,ambulance,0.12765539174514146,2.0584208976818354,0.4940916895866394,0.5059083104133606,0.018229762054364277,5.727868152279186,0.09267241379310345,0.16982987860329427,1.8325828760913614
frame_002,frame_001,2,1,5,-1,False,False,407,ambulance,0.20327061212613798,1.5932171230214092,0.5196596384048462,0.4803403615951538,0.018098510714814865,5.769408404973888,0.09698275862068965,0.1664188975270395,1.7159637433899184
frame_002,frame_003,2,3,5,1,False,False,407,ambulance,0.2015017291431778,1.601957316276498,0.5359689593315125,0.46403104066848755,0.010450948081502211,5.761198622067811,0.09482758620689655,0.20011909841691558,2.110346856032928
frame_002,frame_004,2,4,5,2,False,False,444,"bicycle-built-for-two, tandem bicycle, tandem",0.3398919260795761,1.0791275763733843,0.595255434513092,0.40474456548690796,0.01577601931521548,5.692733909788934,0.08405172413793104,0.20859920362494294,2.4817956533839367
frame_002,frame_005,2,5,5,3,False,False,407,ambulance,0.3168689413103473,1.149267024944618,0.5465472936630249,0.4534527063369751,0.012520629070342074,5.717276760496656,0.09051724137931035,0.21101921585993316,2.331259908547833
frame_002,frame_006,2,6,5,4,False,False,407,ambulance,0.20271394967644382,1.5959594085707431,0.4976463317871094,0.5023536682128906,0.014584590617863819,5.713126239960117,0.08836206896551724,0.2201268310690987,2.4911914540502877
frame_002,frame_007,2,7,5,5,False,False,874,"trolleybus, trolley coach, trackless trolley",0.2632530522172589,1.334639533667711,0.5545852184295654,0.44541478157043457,0.012826887123864351,5.722964822499602,0.09698275862068965,0.19545188360268326,2.015326088703223
frame_002,frame_008,2,8,5,6,False,False,874,"trolleybus, trolley coach, trackless trolley",0.1794903114814786,1.7176340475440535,0.554192066192627,0.44580793380737305,0.010272304615917329,5.7606124624350485,0.09698275862068965,0.1572397398565462,1.6213164287430544
frame_002,frame_009,2,9,5,7,False,False,830,stretcher,0.31457938053398476,1.1565188323559372,0.6193962693214417,0.38060373067855835,0.03342510381245774,5.639051452920784,0.05387931034482758,0.2261181616318687,4.1967530798874835
frame_002,frame_010,2,10,5,8,False,False,422,barbell,0.34195593866146956,1.0730733845425746,0.694621205329895,0.305378794670105,0.027663207974441016,5.566415960294777,0.07112068965517242,0.3410873864368595,4.795895372930388
frame_002,frame_011,2,11,5,9,False,False,422,barbell,0.509989632325597,0.673364882243737,0.6411625742912292,0.35883742570877075,0.02552827090893335,5.670255494954505,0.07543103448275862,0.23462574713046533,3.1104670476724547
frame_002,frame_012,2,12,5,10,False,False,830,stretcher,0.5374522823802008,0.6209152998882956,0.6933852434158325,0.3066147565841675,0.03738408145210358,5.617623495478046,0.11637931034482758,0.2687255624796119,2.309049277602591
frame_002,frame_013,2,13,5,11,True,False,840,"swab, swob, mop",0.4476478204005407,0.8037484708950817,0.7306418418884277,0.26935815811157227,0.02051442123350076,5.62685880069022,0.1724137931034483,0.38590810588453184,2.2382670141302845
frame_002,frame_014,2,14,5,12,False,False,840,"swab, swob, mop",0.4559376992611091,0.7853991032291106,0.6848056316375732,0.31519436836242676,0.023108873274537037,5.6333087744628765,0.20043103448275862,0.3964763172979805,1.9781184002823973
frame_002,frame_015,2,15,5,13,False,False,840,"swab, swob, mop",0.2264080950161345,1.4854161779206985,0.5471194982528687,0.45288050174713135,0.011332763364640128,5.8677594587606645,0.23060344827586207,0.343612917114728,1.4900597527218111
frame_002,frame_016,2,16,5,14,False,False,722,ping-pong ball,0.12988428275302502,2.041111357598929,0.5228743553161621,0.4771256446838379,0.012203471591898418,5.82180247688105,0.2607758620689655,0.4110720823587379,1.57634253069797
frame_002,frame_017,2,17,5,15,False,False,840,"swab, swob, mop",0.23468292413890846,1.4495199348908532,0.5953739881515503,0.4046260118484497,0.021326765336664624,5.679237407942596,0.24568965517241378,0.3941834692468603,1.6043958748293263
frame_002,frame_000,2,0,10,-2,False,False,919,street sign,0.2868455391920684,1.2488113990676613,0.6109731197357178,0.3890268802642822,0.051067248060804246,4.913033581904761,0.09267241379310345,0.1793535404702196,1.9353498320507416
frame_002,frame_001,2,1,10,-1,False,False,407,ambulance,0.2702000798540558,1.3085925579192361,0.643459677696228,0.356540322303772,0.04233460143427508,4.9677530698163235,0.09698275862068965,0.17325581322836617,1.786459940843598
frame_002,frame_003,2,3,10,1,False,False,444,"bicycle-built-for-two, tandem bicycle, tandem",0.2813081259210419,1.2683046768753152,0.6442954540252686,0.35570454597473145,0.042892872995965496,4.975112240982131,0.09482758620689655,0.21601525026502547,2.277979002794814
frame_002,frame_004,2,4,10,2,True,False,444,"bicycle-built-for-two, tandem bicycle, tandem",0.48501176146737496,0.7235821378904954,0.7588115334510803,0.24118846654891968,0.040161636637230255,5.046762703223011,0.08405172413793104,0.1608611539213115,1.9138352671663728
frame_002,frame_005,2,5,10,3,False,False,407,ambulance,0.4275998530854368,0.8495674434107334,0.6723388433456421,0.3276611566543579,0.03288772757446663,5.011927429231921,0.09051724137931035,0.15293318923052984,1.6895476143563297
frame_002,frame_006,2,6,10,4,False,False,919,street sign,0.18339316334512576,1.6961229971439786,0.610528290271759,0.38947170972824097,0.044437959724331365,4.90314389942016,0.08836206896551724,0.15116240798081865,1.7107160317829233
frame_002,frame_007,2,7,10,5,False,False,919,street sign,0.2778586737364168,1.280642662408864,0.646615743637085,0.35338425636291504,0.03310834983225911,5.009186227541116,0.09698275862068965,0.09210799424986967,0.9497357629319895
frame_002,frame_008,2,8,10,6,False,False,627,"limousine, limo",0.37611691974842026,0.9778552271515677,0.6821677684783936,0.31783223152160645,0.041879041780249954,4.959779286214392,0.09698275862068965,0.10862270989473786,1.1200208309146304
frame_002,frame_009,2,9,10,7,False,False,830,stretcher,0.36410097746096326,1.0103240392095623,0.6794382333755493,0.3205617666244507,0.05096818849972762,4.876837370993458,0.05387931034482758,0.20627162270226923,3.828401317354117
frame_002,frame_010,2,10,10,8,False,False,830,stretcher,0.45085048887872664,0.7966195046878537,0.7192917466163635,0.2807082533836365,0.037165076563576996,5.03755436235689,0.07112068965517242,0.29580362261257725,4.159178208855631
frame_002,frame_011,2,11,10,9,False,False,422,barbell,0.5170589756917201,0.6595983380748459,0.6652567386627197,0.3347432613372803,0.07188512385381854,4.711591764955729,0.07543103448275862,0.2926854314482183,3.8801725769135227
frame_002,frame_012,2,12,10,10,False,False,830,stretcher,0.2140669958691138,1.5414662481459045,0.5993518829345703,0.4006481170654297,0.044404960829174646,4.990475760484289,0.11637931034482758,0.3091775776922456,2.65663696387411
frame_002,frame_013,2,13,10,11,False,False,840,"swab, swob, mop",0.6066511152229971,0.4998014221557756,0.7311597466468811,0.2688402533531189,0.0857832815545778,4.823634287297492,0.1724137931034483,0.48579033212842404,2.8175839263448594
frame_002,frame_014,2,14,10,12,False,False,840,"swab, swob, mop",0.4558095558027938,0.7856801974872996,0.6539525985717773,0.34604740142822266,0.047737542173112935,4.754164814286213,0.20043103448275862,0.4259186796138946,2.1250136273209366
frame_002,frame_015,2,15,10,13,False,True,877,turnstile,0.24470771542806255,1.4076907788791146,0.5671014189720154,0.4328985810279846,0.044323291239410215,5.102891110231013,0.23060344827586207,0.24195053200889788,1.0492060453469965
frame_002,frame_016,2,16,10,14,False,False,877,turnstile,0.17739879358409408,1.7293550096704013,0.5775529742240906,0.4224470257759094,0.08888904824314453,4.779509236474169,0.2607758620689655,0.2528888645663529,0.9697556459403945
frame_002,frame_017,2,17,10,15,False,False,877,turnstile,0.3009543852031714,1.2007965698927503,0.606727123260498,0.39327287673950195,0.11936708393798072,4.716613449973471,0.24568965517241378,0.23353967009904336,0.9505474291750537
frame_002,frame_000,2,0,20,-2,False,False,919,street sign,0.6721204415489872,0.39731772602297877,0.8086676597595215,0.19133234024047852,0.022164435966174467,5.52003684917538,0.09267241379310345,0.12924793658777736,1.3946754087611324
frame_002,frame_001,2,1,20,-1,False,False,919,street sign,0.5361603641088368,0.6233219758885538,0.7898116111755371,0.2101883888244629,0.03594420133385505,5.5016294324092,0.09698275862068965,0.14942130126966177,1.5406996397582904
frame_002,frame_003,2,3,20,1,False,False,444,"bicycle-built-for-two, tandem bicycle, tandem",0.6287915527859678,0.46395547182193053,0.8086832165718079,0.19131678342819214,0.027104358965123348,5.508308628115856,0.09482758620689655,0.1819571015438248,1.9188203435530615
frame_002,frame_004,2,4,20,2,False,False,444,"bicycle-built-for-two, tandem bicycle, tandem",0.822953748841286,0.19485527813298908,0.8942539691925049,0.10574603080749512,0.029088407875536303,5.537952534470296,0.08405172413793104,0.14094120965700485,1.6768390072012884
frame_002,frame_005,2,5,20,3,False,False,444,"bicycle-built-for-two, tandem bicycle, tandem",0.6180475281979246,0.48118991801246347,0.788644015789032,0.21135598421096802,0.026940744524293587,5.473415603462143,0.09051724137931035,0.14569195646991925,1.609549233381965
frame_002,frame_006,2,6,20,4,False,False,919,street sign,0.5036988987757571,0.6857766125030091,0.7584443092346191,0.24155569076538086,0.03855038832040263,5.439479839312691,0.08836206896551724,0.1438715321818336,1.6282046568870925
frame_002,frame_007,2,7,20,5,False,False,919,street sign,0.7336439325442594,0.3097314735949057,0.8525481820106506,0.14745181798934937,0.022220544909912307,5.512366067688019,0.09698275862068965,0.10604428335273121,1.0934343883481619
frame_002,frame_008,2,8,20,6,False,False,444,"bicycle-built-for-two, tandem bicycle, tandem",0.2809816923974659,1.2694657633812914,0.7462445497512817,0.25375545024871826,0.034788654339890854,5.472536839929896,0.09698275862068965,0.13028973884271108,1.3434319738448433
frame_002,frame_009,2,9,20,7,False,False,747,"punching bag, punch bag, punching ball, punchball",0.691933987817344,0.36826472124223786,0.7937892079353333,0.20621079206466675,0.025585320238707215,5.3981623018211735,0.05387931034482758,0.10586306431526112,1.9648184736912464
frame_002,frame_010,2,10,20,8,False,False,830,stretcher,0.28912747588223325,1.2408875951045246,0.6615685224533081,0.3384314775466919,0.017635108996445742,5.459987746508881,0.07112068965517242,0.13812200192868151,1.9420790574214613
frame_002,frame_011,2,11,20,9,False,True,870,"tricycle, trike, velocipede",0.1504925520339754,1.8938416841641281,0.5171505212783813,0.48284947872161865,0.028206123599189677,5.396914037758562,0.07543103448275862,0.13683501017965857,1.8140412778103308
frame_002,frame_012,2,12,20,10,False,False,840,"swab, swob, mop",0.5099532072876517,0.6734363078894616,0.7002151608467102,0.2997848391532898,0.022077914372883745,5.438512128749453,0.11637931034482758,0.17857322865588404,1.5344070017838924
frame_002,frame_013,2,13,20,11,True,False,840,"swab, swob, mop",0.9561066039021816,0.04488586178962306,0.9557000398635864,0.044299960136413574,0.029785568017619925,5.318862920935971,0.1724137931034483,0.2989141657723559,1.7337021614796642
frame_002,frame_014,2,14,20,12,False,False,840,"swab, swob, mop",0.9080013896688314,0.09650936990973369,0.9120940566062927,0.08790594339370728,0.03577440530208309,5.227030230666282,0.20043103448275862,0.30110408215711437,1.5022827324828072
frame_002,frame_015,2,15,20,13,False,False,840,"swab, swob, mop",0.4753383105700843,0.7437284956857684,0.6377968788146973,0.36220312118530273,0.04325121615896996,5.396481296469933,0.23060344827586207,0.16132815323721897,0.6995912439445757
frame_002,frame_016,2,16,20,14,False,False,840,"swab, swob, mop",0.3055924217076649,1.1855030200742618,0.5811821222305298,0.4188178777694702,0.04447079880250702,5.407014971448951,0.2607758620689655,0.1950716045440766,0.7480431777557979
frame_002,frame_017,2,17,20,15,False,False,615,knee pad,0.5777160967402597,0.5486727130894851,0.7417512536048889,0.2582487463951111,0.046738494109080424,5.3425926134196144,0.24568965517241378,0.22239703823036747,0.9051949626218465
frame_002,frame_000,2,0,30,-2,False,False,627,"limousine, limo",0.6953991130629722,0.36326933484351187,0.8037136793136597,0.19628632068634033,0.02541197840827349,5.656859054294451,0.09267241379310345,0.09974340442486969,1.0763009221660356
frame_002,frame_001,2,1,30,-1,False,False,627,"limousine, limo",0.9366737176481107,0.06542027761259206,0.9459592700004578,0.054040729999542236,0.03142345375041548,5.636869467607067,0.09698275862068965,0.11840829994993453,1.2209211372615472
frame_002,frame_003,2,3,30,1,False,False,444,"bicycle-built-for-two, tandem bicycle, tandem",0.5843877839519032,0.5371905028971363,0.789193332195282,0.21080666780471802,0.022834170792716317,5.643189393306057,0.09482758620689655,0.13970564516701978,1.4732595308522087
frame_002,frame_004,2,4,30,2,False,False,444,"bicycle-built-for-two, tandem bicycle, tandem",0.9099566798692678,0.09435828514363953,0.9289441108703613,0.07105588912963867,0.020928291921336672,5.679769198115573,0.08405172413793104,0.11608621208857008,1.3811282668999105
frame_002,frame_005,2,5,30,3,False,False,444,"bicycle-built-for-two, tandem bicycle, tandem",0.5563891497648626,0.5862873199050505,0.7820481061935425,0.21795189380645752,0.024066316798854907,5.646806013850169,0.09051724137931035,0.15027025712016417,1.6601285548513376
frame_002,frame_006,2,6,30,4,False,False,627,"limousine, limo",0.8182260906646271,0.20061658611376632,0.8708020448684692,0.12919795513153076,0.024834521497357362,5.687574622693175,0.08836206896551724,0.10575081821206901,1.1967897475707323
frame_002,frame_007,2,7,30,5,False,False,627,"limousine, limo",0.7175791973905493,0.3318719578013487,0.8227907419204712,0.1772092580795288,0.02281471493800916,5.727803635618182,0.09698275862068965,0.11035710842328159,1.1379044068533923
frame_002,frame_008,2,8,30,6,False,False,627,"limousine, limo",0.8712792378176564,0.13779275899970855,0.9134699106216431,0.08653008937835693,0.02176493976269592,5.6998242384127575,0.09698275862068965,0.08862543885020976,0.9138267472554963
frame_002,frame_009,2,9,30,7,False,False,747,"punching bag, punch bag, punching ball, punchball",0.47716687919442713,0.7398889977169395,0.734700083732605,0.265299916267395,0.02775516062976869,5.4219160594396385,0.05387931034482758,0.043325044446448385,0.804112824926082
frame_002,frame_010,2,10,30,8,False,False,422,barbell,0.270282420541596,1.3082878646567644,0.6769339442253113,0.3230660557746887,0.018747288944670308,5.508876327927728,0.07112068965517242,0.08742271261289153,1.2292163227994444
frame_002,frame_011,2,11,30,9,False,False,422,barbell,0.40007396788430755,0.9161058292589284,0.6686528325080872,0.33134716749191284,0.022336844530229102,5.435979587740244,0.07543103448275862,0.09693081747237266,1.2850256944908833
frame_002,frame_012,2,12,30,10,False,False,851,"television, television system",0.4352126860689824,0.8319204338905726,0.7433435916900635,0.2566564083099365,0.020452147289596413,5.483879050518459,0.11637931034482758,0.102020791948479,0.8766231011869308
frame_002,frame_013,2,13,30,11,True,False,840,"swab, swob, mop",0.9735273648969754,0.026829344758098728,0.971435546875,0.028564453125,0.02472722122338886,5.482213340240388,0.1724137931034483,0.1833758151202311,1.0635797276973402
frame_002,frame_014,2,14,30,12,False,False,840,"swab, swob, mop",0.9304955343354399,0.07203800212097722,0.9299262762069702,0.07007372379302979,0.05951495497997455,5.256083390090627,0.20043103448275862,0.20597419583466758,1.0276562028740404
frame_002,frame_015,2,15,30,13,False,False,840,"swab, swob, mop",0.49541247398307875,0.70236458262523,0.68141770362854,0.31858229637145996,0.027733165212731777,5.427168346210927,0.23060344827586207,0.15856113325207255,0.6875922040089875
frame_002,frame_016,2,16,30,14,False,True,840,"swab, swob, mop",0.3889763418596011,0.9442367550548131,0.6266717910766602,0.37332820892333984,0.036020055287971725,5.42016020736664,0.2607758620689655,0.2135515385228963,0.818908379129123
frame_002,frame_017,2,17,30,15,False,False,840,"swab, swob, mop",0.4856867866369469,0.7221913347833917,0.6637557148933411,0.33624428510665894,0.0521402007713092,5.198804777662392,0.24568965517241378,0.23077242335881784,0.9392842494604516
frame_002,frame_000,2,0,40,-2,False,True,731,"plunger, plumber's helper",0.18675734359137044,1.677945132629249,0.5954543352127075,0.4045456647872925,0.03103128505596826,5.09555107300902,0.09267241379310345,0.23753300328891896,2.5631468261874044
frame_002,frame_001,2,1,40,-1,False,False,627,"limousine, limo",0.3375997073434577,1.085894383134355,0.6687834858894348,0.3312165141105652,0.02618501166817946,5.162344824951496,0.09698275862068965,0.26918566293775725,2.775603280069319
frame_002,frame_003,2,3,40,1,False,False,444,"bicycle-built-for-two, tandem bicycle, tandem",0.6355021013583393,0.4533398817360035,0.7810079455375671,0.21899205446243286,0.02857509840601011,5.1929769913359145,0.09482758620689655,0.2546900647821661,2.6858225013392065
frame_002,frame_004,2,4,40,2,False,False,444,"bicycle-built-for-two, tandem bicycle, tandem",0.8588106614994799,0.15220679863971143,0.9034790992736816,0.09652090072631836,0.026677066349744535,5.103334084464983,0.08405172413793104,0.2796868660208304,3.3275565598375723
frame_002,frame_005,2,5,40,3,False,False,444,"bicycle-built-for-two, tandem bicycle, tandem",0.39598369841760167,0.9263822341871005,0.7029745578765869,0.2970254421234131,0.025421183333708988,5.194602768954201,0.09051724137931035,0.2583574850472993,2.8542350729034967
frame_002,frame_006,2,6,40,4,False,False,450,"bobsled, bobsleigh, bob",0.1875023307302466,1.673964003087615,0.6136934757232666,0.3863065242767334,0.02457956402733197,5.086595129153876,0.08836206896551724,0.26845526742175047,3.038127904480298
frame_002,frame_007,2,7,40,5,False,False,407,ambulance,0.23891891771393933,1.431631041038139,0.6372805833816528,0.36271941661834717,0.02549747724890522,5.149947153547286,0.09698275862068965,0.22574254700869414,2.3276564847118686
frame_002,frame_008,2,8,40,6,False,False,627,"limousine, limo",0.3545754593506762,1.0368340943057917,0.6981737613677979,0.30182623863220215,0.030093777880433045,5.206612889191396,0.09698275862068965,0.1923846412176434,1.9836994116663675
frame_002,frame_009,2,9,40,7,False,False,747,"punching bag, punch bag, punching ball, punchball",0.3329668061459505,1.0997124752135905,0.7336350083351135,0.2663649916648865,0.1045167602149067,4.462166145390723,0.05387931034482758,0.47241070650425615,8.767942712718995
frame_002,frame_010,2,10,40,8,False,False,830,stretcher,0.39632558290525793,0.9255192264780288,0.7325524687767029,0.2674475312232971,0.09209644101659445,4.351842247793364,0.07112068965517242,0.63697706800822,8.956283622903456
frame_002,frame_011,2,11,40,9,False,False,851,"television, television system",0.45641720859050283,0.784347956642583,0.665413498878479,0.334586501121521,0.10336315437184788,4.47355565064694,0.07543103448275862,0.539241143124723,7.148796868853472
frame_002,frame_012,2,12,40,10,False,False,851,"television, television system",0.4567279714110234,0.7836673138722463,0.7872216701507568,0.21277832984924316,0.10084003319078387,4.531904615378486,0.11637931034482758,0.5094310827181269,4.3773337478002015
frame_002,frame_013,2,13,40,11,True,False,840,"swab, swob, mop",0.9820650752035959,0.018097704795198233,0.9805395603179932,0.019460439682006836,0.08102990587335329,4.728726711692222,0.1724137931034483,0.7091229828841099,4.112913300727837
frame_002,frame_014,2,14,40,12,False,False,840,"swab, swob, mop",0.971877707708207,0.028525297552096873,0.9704321622848511,0.029567837715148926,0.04793639409130311,4.79263612533614,0.20043103448275862,0.632687466241385,3.1566342401720715
frame_002,frame_015,2,15,40,13,False,False,840,"swab, swob, mop",0.542236148523198,0.6120536740491858,0.7133426070213318,0.2866573929786682,0.03566417087778831,5.216475375750257,0.23060344827586207,0.5114206592673232,2.217749400934934
frame_002,frame_016,2,16,40,14,False,False,840,"swab, swob, mop",0.37406171540007144,0.9833344807422963,0.6455262899398804,0.35447371006011963,0.041740586128941694,5.108430013256061,0.2607758620689655,0.6164853095180832,2.364042839804881
frame_002,frame_017,2,17,40,15,False,False,840,"swab, swob, mop",0.5217514797058515,0.6505638969850507,0.7173216938972473,0.2826783061027527,0.05410505859646463,4.944897556208437,0.24568965517241378,0.5615935711409553,2.2857843597316077
frame_002,frame_000,2,0,50,-2,False,False,407,ambulance,0.3191924116548509,1.1419611867001846,0.6593103408813477,0.34068965911865234,0.0650662916944518,4.7888930896007915,0.09267241379310345,0.2421350658961052,2.6128062924602977
frame_002,frame_001,2,1,50,-1,False,False,407,ambulance,0.5577660519924591,0.5838156661778303,0.7282043695449829,0.2717956304550171,0.05301219184316488,4.973643783466558,0.09698275862068965,0.18312072035904076,1.8881780943687758
frame_002,frame_003,2,3,50,1,False,False,407,ambulance,0.6485603210577703,0.433000263271091,0.8066418170928955,0.1933581829071045,0.06862018884592479,4.782146177217239,0.09482758620689655,0.31976345634217657,3.372050994153862
frame_002,frame_004,2,4,50,2,False,False,407,ambulance,0.6814976258981256,0.3834625114933996,0.836336076259613,0.16366392374038696,0.07021935171612324,4.864881180311427,0.08405172413793104,0.2348348067374246,2.7939320596452566
frame_002,frame_005,2,5,50,3,False,False,407,ambulance,0.6837573846293366,0.3801521251151101,0.787960946559906,0.212039053440094,0.048641197429080456,4.916591124724341,0.09051724137931035,0.2048501222338998,2.263106112298322
frame_002,frame_006,2,6,50,4,False,False,407,ambulance,0.5117362782114989,0.6699458682609016,0.7303400039672852,0.26965999603271484,0.054457776480300576,4.88757335614744,0.08836206896551724,0.20558362059303995,2.326604876955379
frame_002,frame_007,2,7,50,5,False,False,407,ambulance,0.6706303712226347,0.3995371563503894,0.8059227466583252,0.1940772533416748,0.04550297558452494,5.002428097647761,0.09698275862068965,0.1354112400119806,1.3962403414568667
frame_002,frame_008,2,8,50,6,False,False,407,ambulance,0.638003057983323,0.44941220257152514,0.799686849117279,0.20031315088272095,0.1381324239487201,4.75430281737145,0.09698275862068965,0.09880748090871441,1.0188149142587442
frame_002,frame_009,2,9,50,7,False,False,747,"punching bag, punch bag, punching ball, punchball",0.7213100305668494,0.32668623333483326,0.8411332368850708,0.1588667631149292,0.11963351706047559,4.662391943749876,0.05387931034482758,0.3478050148762634,6.455261076103449
frame_002,frame_010,2,10,50,8,False,False,830,stretcher,0.3501219318353653,1.0494738084952684,0.727358341217041,0.272641658782959,0.06070769707142963,4.738226029977138,0.07112068965517242,0.46233753139285627,6.5007458959480395
frame_002,frame_011,2,11,50,9,False,True,851,"television, television system",0.3053022697905636,1.186452944645412,0.604576826095581,0.39542317390441895,0.0709976990760888,4.692337856798537,0.07543103448275862,0.30980131536367256,4.107080295106973
frame_002,frame_012,2,12,50,10,False,False,851,"television, television system",0.6091084005218297,0.4957590295391374,0.7750148177146912,0.22498518228530884,0.06277443488122213,4.586827069377968,0.11637931034482758,0.28207544978610477,2.423759420384308
frame_002,frame_013,2,13,50,11,False,False,840,"swab, swob, mop",0.9664691158263239,0.03410593549891772,0.9684638381004333,0.03153616189956665,0.1175135087078329,4.351058922631901,0.1724137931034483,0.45285803574604006,2.6265766073270322
frame_002,frame_014,2,14,50,12,True,False,840,"swab, swob, mop",0.9753093750589623,0.02500055056296624,0.973453164100647,0.026546835899353027,0.1414844868197435,4.3701750141481694,0.20043103448275862,0.24537161936945226,1.2242196923379123
frame_002,frame_015,2,15,50,13,False,False,840,"swab, swob, mop",0.3536583192767337,1.0394240317368588,0.6716881394386292,0.32831186056137085,0.07592643728789188,4.917163189536327,0.23060344827586207,0.1746200671851367,0.7572309455504993
frame_002,frame_016,2,16,50,14,False,False,676,muzzle,0.17955051114870121,1.7172987114820104,0.6116704940795898,0.38832950592041016,0.07860564285878575,4.741510203795372,0.2607758620689655,0.22533437151908162,0.8640921354120155
frame_002,frame_017,2,17,50,15,False,False,747,"punching bag, punch bag, punching ball, punchball",0.4219005604192203,0.8629856315303268,0.6788387894630432,0.3211612105369568,0.18092115194098354,4.231945138062934,0.24568965517241378,0.19846512969569646,0.8077878963052909
frame_003,frame_000,3,0,5,-3,False,True,407,ambulance,0.12765539174514146,2.0584208976818354,0.4940916895866394,0.5059083104133606,0.018259480734754516,5.7266900231743,0.09267241379310345,0.16845321160839186,1.817727678751019
frame_003,frame_001,3,1,5,-2,False,False,407,ambulance,0.20327061212613798,1.5932171230214092,0.5196596384048462,0.4803403615951538,0.017247555908507437,5.771043470951385,0.09698275862068965,0.16276780790948384,1.6783169526666777
frame_003,frame_002,3,2,5,-1,False,False,444,"bicycle-built-for-two, tandem bicycle, tandem",0.13047112270662012,2.0366033586474583,0.5055670738220215,0.4944329261779785,0.013537463693058558,5.77912591579026,0.09051724137931035,0.16012706468310847,1.7690228098324365
frame_003,frame_004,3,4,5,1,False,False,444,"bicycle-built-for-two, tandem bicycle, tandem",0.3398919260795761,1.0791275763733843,0.595255434513092,0.40474456548690796,0.014503027231784914,5.694716645093236,0.08405172413793104,0.20491579480106795,2.437972533017834
frame_003,frame_005,3,5,5,2,False,False,407,ambulance,0.3168689413103473,1.149267024944618,0.5465472936630249,0.4534527063369751,0.012099318973889361,5.718984132922577,0.09051724137931035,0.20704199058601733,2.2873210388550484
frame_003,frame_006,3,6,5,3,False,False,407,ambulance,0.20271394967644382,1.5959594085707431,0.4976463317871094,0.5023536682128906,0.015419135726215318,5.71379704923796,0.08836206896551724,0.2152571665324099,2.4360811041716635
frame_003,frame_007,3,7,5,4,False,False,874,"trolleybus, trolley coach, trackless trolley",0.2632530522172589,1.334639533667711,0.5545852184295654,0.44541478157043457,0.012260017958664163,5.724445492190618,0.09698275862068965,0.1888100478763105,1.946841382546846
frame_003,frame_008,3,8,5,5,False,False,874,"trolleybus, trolley coach, trackless trolley",0.1794903114814786,1.7176340475440535,0.554192066192627,0.44580793380737305,0.01035938977829811,5.760482659645595,0.09698275862068965,0.15305809152687005,1.5781989881881713
frame_003,frame_009,3,9,5,6,False,False,830,stretcher,0.31457938053398476,1.1565188323559372,0.6193962693214417,0.38060373067855835,0.03341906106893701,5.641910333194269,0.05387931034482758,0.22395308431478,4.156569244882317
frame_003,frame_010,3,10,5,7,False,False,422,barbell,0.34195593866146956,1.0730733845425746,0.694621205329895,0.305378794670105,0.027032723513047377,5.564632251653662,0.07112068965517242,0.33888050764989314,4.764865319683346
frame_003,frame_011,3,11,5,8,False,False,422,barbell,0.509989632325597,0.673364882243737,0.6411625742912292,0.35883742570877075,0.02488875232587612,5.670251897621469,0.07543103448275862,0.22690197549527472,3.008071903708785
frame_003,frame_012,3,12,5,9,False,False,830,stretcher,0.5374522823802008,0.6209152998882956,0.6933852434158325,0.3066147565841675,0.03869310707731477,5.614669997837514,0.11637931034482758,0.2587383305964748,2.223233062903043
frame_003,frame_013,3,13,5,10,True,False,840,"swab, swob, mop",0.4476478204005407,0.8037484708950817,0.7306418418884277,0.26935815811157227,0.02068739389771299,5.62490683033997,0.1724137931034483,0.3755163405853369,2.177994775394954
frame_003,frame_014,3,14,5,11,False,False,840,"swab, swob, mop",0.4559376992611091,0.7853991032291106,0.6848056316375732,0.31519436836242676,0.02473855422698169,5.635599495287986,0.20043103448275862,0.38122599703120913,1.9020307808868928
frame_003,frame_015,3,15,5,12,False,False,840,"swab, swob, mop",0.2264080950161345,1.4854161779206985,0.5471194982528687,0.45288050174713135,0.011023966459334077,5.865787125538946,0.23060344827586207,0.3341661849451034,1.449094484247925
frame_003,frame_016,3,16,5,13,False,False,722,ping-pong ball,0.12988428275302502,2.041111357598929,0.5228743553161621,0.4771256446838379,0.01279608500246601,5.819123052018018,0.2607758620689655,0.4017159799696139,1.5404645843462879
frame_003,frame_017,3,17,5,14,False,False,840,"swab, swob, mop",0.23468292413890846,1.4495199348908532,0.5953739881515503,0.4046260118484497,0.023289602228848447,5.672911829440306,0.24568965517241378,0.38102888333925816,1.5508544023632964
frame_003,frame_000,3,0,10,-3,False,False,919,street sign,0.2868455391920684,1.2488113990676613,0.6109731197357178,0.3890268802642822,0.050649161648392144,4.953735394662737,0.09267241379310345,0.18162408053831294,1.9598505434831908
frame_003,frame_001,3,1,10,-2,False,False,407,ambulance,0.2702000798540558,1.3085925579192361,0.643459677696228,0.356540322303772,0.041565604026833285,5.011737863728522,0.09698275862068965,0.17116484493977274,1.7648997344901012
frame_003,frame_002,3,2,10,-1,False,False,919,street sign,0.28107920389078356,1.2691187849846801,0.628880500793457,0.37111949920654297,0.04035263958173058,5.080106716485561,0.09051724137931035,0.14436327186577377,1.5948704320409293
frame_003,frame_004,3,4,10,1,True,False,444,"bicycle-built-for-two, tandem bicycle, tandem",0.48501176146737496,0.7235821378904954,0.7588115334510803,0.24118846654891968,0.036880459880639815,5.088534074400447,0.08405172413793104,0.15840254076571952,1.8845840747511247
frame_003,frame_005,3,5,10,2,False,False,407,ambulance,0.4275998530854368,0.8495674434107334,0.6723388433456421,0.3276611566543579,0.03157340668093878,5.037591940438568,0.09051724137931035,0.15265689008875943,1.6864951666948662
frame_003,frame_006,3,6,10,3,False,False,919,street sign,0.18339316334512576,1.6961229971439786,0.610528290271759,0.38947170972824097,0.04470824453300017,4.932189701449383,0.08836206896551724,0.14890475304812723,1.6851659857153911
frame_003,frame_007,3,7,10,4,False,False,919,street sign,0.2778586737364168,1.280642662408864,0.646615743637085,0.35338425636291504,0.031067514824578795,5.039643294694775,0.09698275862068965,0.09250291302521722,0.953807814304462
frame_003,frame_008,3,8,10,5,False,False,627,"limousine, limo",0.37611691974842026,0.9778552271515677,0.6821677684783936,0.31783223152160645,0.04087915553497417,4.994340860993729,0.09698275862068965,0.11230217510530963,1.1579602055303038
frame_003,frame_009,3,9,10,6,False,False,830,stretcher,0.36410097746096326,1.0103240392095623,0.6794382333755493,0.3205617666244507,0.048058855962770985,4.923684007537031,0.05387931034482758,0.19061410512807184,3.5377977911770135
frame_003,frame_010,3,10,10,7,False,False,830,stretcher,0.45085048887872664,0.7966195046878537,0.7192917466163635,0.2807082533836365,0.035349923817936627,5.089282036903591,0.07112068965517242,0.27467779834311473,3.862136316097128
frame_003,frame_011,3,11,10,8,False,False,422,barbell,0.5170589756917201,0.6595983380748459,0.6652567386627197,0.3347432613372803,0.06350647643327743,4.786455792146546,0.07543103448275862,0.2667221917994459,3.535974199855511
frame_003,frame_012,3,12,10,9,False,False,830,stretcher,0.2140669958691138,1.5414662481459045,0.5993518829345703,0.4006481170654297,0.039624690584880475,5.01675706779289,0.11637931034482758,0.27776592528888083,2.386729432111865
frame_003,frame_013,3,13,10,10,False,False,840,"swab, swob, mop",0.6066511152229971,0.4998014221557756,0.7311597466468811,0.2688402533531189,0.08126372917841218,4.8573850985997655,0.1724137931034483,0.4544757737219472,2.6359594875872934
frame_003,frame_014,3,14,10,11,False,False,840,"swab, swob, mop",0.4558095558027938,0.7856801974872996,0.6539525985717773,0.34604740142822266,0.042680840457226914,4.789511168448084,0.20043103448275862,0.3889731852228443,1.9406834187462338
frame_003,frame_015,3,15,10,12,False,True,877,turnstile,0.24470771542806255,1.4076907788791146,0.5671014189720154,0.4328985810279846,0.04894858584834087,5.087845572270186,0.23060344827586207,0.22519893659239212,0.976563612886635
frame_003,frame_016,3,16,10,13,False,False,877,turnstile,0.17739879358409408,1.7293550096704013,0.5775529742240906,0.4224470257759094,0.09415865516265332,4.742942390896039,0.2607758620689655,0.22795797589443345,0.8741528992976622
frame_003,frame_017,3,17,10,14,False,False,877,turnstile,0.3009543852031714,1.2007965698927503,0.606727123260498,0.39327287673950195,0.12342815250829464,4.704871580255665,0.24568965517241378,0.216478202572489,0.8811042631020606
frame_003,frame_000,3,0,20,-3,False,False,919,street sign,0.6721204415489872,0.39731772602297877,0.8086676597595215,0.19133234024047852,0.02318335728707876,5.542204071856705,0.09267241379310345,0.13776867102222537,1.486620078007269
frame_003,frame_001,3,1,20,-2,False,False,919,street sign,0.5361603641088368,0.6233219758885538,0.7898116111755371,0.2101883888244629,0.03643461233769165,5.521888540749158,0.09698275862068965,0.1553373578450414,1.6017007564466492
frame_003,frame_002,3,2,20,-1,False,False,444,"bicycle-built-for-two, tandem bicycle, tandem",0.4534349108640331,0.7909035459372267,0.7993285059928894,0.2006714940071106,0.039460551033876815,5.4917224203959405,0.09051724137931035,0.16308450703823352,1.8016955063271511
frame_003,frame_004,3,4,20,1,False,False,444,"bicycle-built-for-two, tandem bicycle, tandem",0.822953748841286,0.19485527813298908,0.8942539691925049,0.10574603080749512,0.02838162925639836,5.5558312779152415,0.08405172413793104,0.14339108611308107,1.7059862552940928
frame_003,frame_005,3,5,20,2,False,False,444,"bicycle-built-for-two, tandem bicycle, tandem",0.6180475281979246,0.48118991801246347,0.788644015789032,0.21135598421096802,0.02722175620568776,5.470838891849794,0.09051724137931035,0.15101507115590643,1.6683569765795376
frame_003,frame_006,3,6,20,3,False,False,919,street sign,0.5036988987757571,0.6857766125030091,0.7584443092346191,0.24155569076538086,0.041868649983649926,5.443228488663477,0.08836206896551724,0.14734565954943546,1.6675216105106843
frame_003,frame_007,3,7,20,4,False,False,919,street sign,0.7336439325442594,0.3097314735949057,0.8525481820106506,0.14745181798934937,0.02303707018335419,5.526105209344141,0.09698275862068965,0.11005903082107195,1.1348308955772752
frame_003,frame_008,3,8,20,5,False,False,444,"bicycle-built-for-two, tandem bicycle, tandem",0.2809816923974659,1.2694657633812914,0.7462445497512817,0.25375545024871826,0.04201965008418158,5.459723707772598,0.09698275862068965,0.13542445605453202,1.3963766135400635
frame_003,frame_009,3,9,20,6,False,False,747,"punching bag, punch bag, punching ball, punchball",0.691933987817344,0.36826472124223786,0.7937892079353333,0.20621079206466675,0.022481618660512993,5.3924695815848915,0.05387931034482758,0.10206666772080039,1.8943573528980553
frame_003,frame_010,3,10,20,7,False,False,830,stretcher,0.28912747588223325,1.2408875951045246,0.6615685224533081,0.3384314775466919,0.017380958787042544,5.457849025284484,0.07112068965517242,0.13839846964678143,1.945966361094139
frame_003,frame_011,3,11,20,8,False,True,870,"tricycle, trike, velocipede",0.1504925520339754,1.8938416841641281,0.5171505212783813,0.48284947872161865,0.02509554093846065,5.418355908477828,0.07543103448275862,0.13658650376164172,1.8107467927257646
frame_003,frame_012,3,12,20,9,False,False,840,"swab, swob, mop",0.5099532072876517,0.6734363078894616,0.7002151608467102,0.2997848391532898,0.023112784962456227,5.446290813477695,0.11637931034482758,0.1732617429226928,1.4887675688172124
frame_003,frame_013,3,13,20,10,True,False,840,"swab, swob, mop",0.9561066039021816,0.04488586178962306,0.9557000398635864,0.044299960136413574,0.028253995917518628,5.319378122515563,0.1724137931034483,0.2900479588922973,1.6822781615753242
frame_003,frame_014,3,14,20,11,False,False,840,"swab, swob, mop",0.9080013896688314,0.09650936990973369,0.9120940566062927,0.08790594339370728,0.03402235430840604,5.224623216433609,0.20043103448275862,0.28220525230807875,1.4079917964618123
frame_003,frame_015,3,15,20,12,False,False,840,"swab, swob, mop",0.4753383105700843,0.7437284956857684,0.6377968788146973,0.36220312118530273,0.046871851766535376,5.386026780086514,0.23060344827586207,0.15541749881594874,0.6739599948654226
frame_003,frame_016,3,16,20,13,False,False,840,"swab, swob, mop",0.3055924217076649,1.1855030200742618,0.5811821222305298,0.4188178777694702,0.05446851185225208,5.348780570634242,0.2607758620689655,0.18218785571000137,0.6986377276813276
frame_003,frame_017,3,17,20,14,False,False,615,knee pad,0.5777160967402597,0.5486727130894851,0.7417512536048889,0.2582487463951111,0.04933012987973803,5.3148265806279795,0.24568965517241378,0.2108340468362845,0.8581315590529475
frame_003,frame_000,3,0,30,-3,False,False,627,"limousine, limo",0.6953991130629722,0.36326933484351187,0.8037136793136597,0.19628632068634033,0.028531083825526434,5.664248937293477,0.09267241379310345,0.10235145861419966,1.1044436464415963
frame_003,frame_001,3,1,30,-2,False,False,627,"limousine, limo",0.9366737176481107,0.06542027761259206,0.9459592700004578,0.054040729999542236,0.028529277273018617,5.646538870534284,0.09698275862068965,0.11933503617135277,1.230476817411282
frame_003,frame_002,3,2,30,-1,False,False,627,"limousine, limo",0.4737252724261109,0.7471277193543546,0.7848544120788574,0.21514558792114258,0.02917460807742085,5.652856004542676,0.09051724137931035,0.12403335297972415,1.3702732329188572
frame_003,frame_004,3,4,30,1,False,False,444,"bicycle-built-for-two, tandem bicycle, tandem",0.9099566798692678,0.09435828514363953,0.9289441108703613,0.07105588912963867,0.024352343526668624,5.6947889762709325,0.08405172413793104,0.11700841215898258,1.3921000831222543
frame_003,frame_005,3,5,30,2,False,False,444,"bicycle-built-for-two, tandem bicycle, tandem",0.5563891497648626,0.5862873199050505,0.7820481061935425,0.21795189380645752,0.026979662151027678,5.63342569125262,0.09051724137931035,0.16128487797235747,1.7818138899803302
frame_003,frame_006,3,6,30,3,False,False,627,"limousine, limo",0.8182260906646271,0.20061658611376632,0.8708020448684692,0.12919795513153076,0.028342239264218968,5.684135855007307,0.08836206896551724,0.10736204257909415,1.2150240916268218
frame_003,frame_007,3,7,30,4,False,False,627,"limousine, limo",0.7175791973905493,0.3318719578013487,0.8227907419204712,0.1772092580795288,0.025812361535138863,5.720452832722946,0.09698275862068965,0.10925942418387649,1.126586062695971
frame_003,frame_008,3,8,30,5,False,False,627,"limousine, limo",0.8712792378176564,0.13779275899970855,0.9134699106216431,0.08653008937835693,0.02403549140377393,5.697476797523489,0.09698275862068965,0.0907000274881208,0.9352180612108455
frame_003,frame_009,3,9,30,6,False,False,747,"punching bag, punch bag, punching ball, punchball",0.47716687919442713,0.7398889977169395,0.734700083732605,0.265299916267395,0.026403624539530796,5.422958478324724,0.05387931034482758,0.04276266598362588,0.7936750806560964
frame_003,frame_010,3,10,30,7,False,False,422,barbell,0.270282420541596,1.3082878646567644,0.6769339442253113,0.3230660557746887,0.017623236180140802,5.494797077484721,0.07112068965517242,0.08355537882645374,1.1748392659234708
frame_003,frame_011,3,11,30,8,False,False,422,barbell,0.40007396788430755,0.9161058292589284,0.6686528325080872,0.33134716749191284,0.022052302911012855,5.441266223554375,0.07543103448275862,0.08871904175469385,1.1761610106907985
frame_003,frame_012,3,12,30,9,False,False,851,"television, television system",0.4352126860689824,0.8319204338905726,0.7433435916900635,0.2566564083099365,0.027094199756703286,5.450763226465717,0.11637931034482758,0.08815190557548484,0.7574534108708327
frame_003,frame_013,3,13,30,10,True,False,840,"swab, swob, mop",0.9735273648969754,0.026829344758098728,0.971435546875,0.028564453125,0.02728792465478693,5.452507753754131,0.1724137931034483,0.1588442687792364,0.9212967589195711
frame_003,frame_014,3,14,30,11,False,False,840,"swab, swob, mop",0.9304955343354399,0.07203800212097722,0.9299262762069702,0.07007372379302979,0.06288226726215917,5.229919528302517,0.20043103448275862,0.17616076291994,0.8789096128478727
frame_003,frame_015,3,15,30,12,False,False,840,"swab, swob, mop",0.49541247398307875,0.70236458262523,0.68141770362854,0.31858229637145996,0.028466839347555433,5.416377389024243,0.23060344827586207,0.14550234228214537,0.6309634282141631
frame_003,frame_016,3,16,30,13,False,True,840,"swab, swob, mop",0.3889763418596011,0.9442367550548131,0.6266717910766602,0.37332820892333984,0.03966698065045172,5.410204150181562,0.2607758620689655,0.1937050903989247,0.7428029912818269
frame_003,frame_017,3,17,30,14,False,False,840,"swab, swob, mop",0.4856867866369469,0.7221913347833917,0.6637557148933411,0.33624428510665894,0.04903835428689705,5.197659198375726,0.24568965517241378,0.20889993488518124,0.8502593840940711
frame_003,frame_000,3,0,40,-3,False,True,731,"plunger, plumber's helper",0.18675734359137044,1.677945132629249,0.5954543352127075,0.4045456647872925,0.03265640863053682,5.09022439574934,0.09267241379310345,0.24978099004037602,2.695311148342662
frame_003,frame_001,3,1,40,-2,False,False,627,"limousine, limo",0.3375997073434577,1.085894383134355,0.6687834858894348,0.3312165141105652,0.023117126893902534,5.17474184154624,0.09698275862068965,0.2670147450944107,2.753218704973479
frame_003,frame_002,3,2,40,-1,False,False,444,"bicycle-built-for-two, tandem bicycle, tandem",0.45221402695802365,0.7935997002517694,0.7103736996650696,0.2896263003349304,0.035134721374549406,5.2131170731296415,0.09051724137931035,0.2174626970153755,2.402445033693672
frame_003,frame_004,3,4,40,1,False,False,444,"bicycle-built-for-two, tandem bicycle, tandem",0.8588106614994799,0.15220679863971143,0.9034790992736816,0.09652090072631836,0.02538355415785932,5.100164564862996,0.08405172413793104,0.28846164584936906,3.431953940361724
frame_003,frame_005,3,5,40,2,False,False,444,"bicycle-built-for-two, tandem bicycle, tandem",0.39598369841760167,0.9263822341871005,0.7029745578765869,0.2970254421234131,0.02645068755188031,5.1868367405283635,0.09051724137931035,0.2664641116185397,2.943793995023867
frame_003,frame_006,3,6,40,3,False,False,450,"bobsled, bobsleigh, bob",0.1875023307302466,1.673964003087615,0.6136934757232666,0.3863065242767334,0.026641665077418875,5.0879436584510715,0.08836206896551724,0.27238209132327323,3.0825680579024093
frame_003,frame_007,3,7,40,4,False,False,407,ambulance,0.23891891771393933,1.431631041038139,0.6372805833816528,0.36271941661834717,0.026829825581751288,5.157941725381063,0.09698275862068965,0.22284142691038689,2.297742713031545
frame_003,frame_008,3,8,40,5,False,False,627,"limousine, limo",0.3545754593506762,1.0368340943057917,0.6981737613677979,0.30182623863220215,0.026767257279931626,5.210990782664679,0.09698275862068965,0.19021272069513825,1.9613044978343144
frame_003,frame_009,3,9,40,6,False,False,747,"punching bag, punch bag, punching ball, punchball",0.3329668061459505,1.0997124752135905,0.7336350083351135,0.2663649916648865,0.11596630566527359,4.457100634262926,0.05387931034482758,0.48129056916159974,8.932752963639292
frame_003,frame_010,3,10,40,7,False,False,830,stretcher,0.39632558290525793,0.9255192264780288,0.7325524687767029,0.2674475312232971,0.0914721283123179,4.393660714940978,0.07112068965517242,0.6284153294553975,8.835900389918315
frame_003,frame_011,3,11,40,8,False,False,851,"television, television system",0.45641720859050283,0.784347956642583,0.665413498878479,0.334586501121521,0.0983803209368293,4.548025613899403,0.07543103448275862,0.5147299528767049,6.823848518136888
frame_003,frame_012,3,12,40,9,False,False,851,"television, television system",0.4567279714110234,0.7836673138722463,0.7872216701507568,0.21277832984924316,0.12119392818081598,4.497321706926627,0.11637931034482758,0.46031183967610995,3.9552721038836114
frame_003,frame_013,3,13,40,10,True,False,840,"swab, swob, mop",0.9820650752035959,0.018097704795198233,0.9805395603179932,0.019460439682006836,0.0888670387450854,4.740100431910535,0.1724137931034483,0.6835863869592416,3.964801044363601
frame_003,frame_014,3,14,40,11,False,False,840,"swab, swob, mop",0.971877707708207,0.028525297552096873,0.9704321622848511,0.029567837715148926,0.047095194544530775,4.845515633098113,0.20043103448275862,0.5891318643634242,2.939324570587407
frame_003,frame_015,3,15,40,12,False,False,840,"swab, swob, mop",0.542236148523198,0.6120536740491858,0.7133426070213318,0.2866573929786682,0.04134701251427134,5.222476371822984,0.23060344827586207,0.48135803893674556,2.087384393146261
frame_003,frame_016,3,16,40,13,False,False,840,"swab, swob, mop",0.37406171540007144,0.9833344807422963,0.6455262899398804,0.35447371006011963,0.03782185882128787,5.102736782423538,0.2607758620689655,0.5855838801184209,2.2455447964871675
frame_003,frame_017,3,17,40,14,False,False,840,"swab, swob, mop",0.5217514797058515,0.6505638969850507,0.7173216938972473,0.2826783061027527,0.06333570879020864,4.9109067002644124,0.24568965517241378,0.5126670473982229,2.08664482449803
frame_003,frame_000,3,0,50,-3,False,False,407,ambulance,0.3191924116548509,1.1419611867001846,0.6593103408813477,0.34068965911865234,0.08990451625342649,4.602806525779227,0.09267241379310345,0.2749075342247487,2.9664440902391482
frame_003,frame_001,3,1,50,-2,False,False,407,ambulance,0.5577660519924591,0.5838156661778303,0.7282043695449829,0.2717956304550171,0.07379601162878331,4.8398861934743,0.09698275862068965,0.21243561285504672,2.1904472081053705
frame_003,frame_002,3,2,50,-1,False,False,555,"fire engine, fire truck",0.3060912473172303,1.1838720276335473,0.7100344300270081,0.28996556997299194,0.08922983680757539,4.728137439651396,0.09051724137931035,0.21998422016970068,2.4303018609224076
frame_003,frame_004,3,4,50,1,False,False,407,ambulance,0.6814976258981256,0.3834625114933996,0.836336076259613,0.16366392374038696,0.06939265834339821,4.774764477232695,0.08405172413793104,0.25108548348950877,2.98727344459313
frame_003,frame_005,3,5,50,2,False,False,407,ambulance,0.6837573846293366,0.3801521251151101,0.787960946559906,0.212039053440094,0.06152876185124438,4.791698772524551,0.09051724137931035,0.22818952646454432,2.5209509590368704
frame_003,frame_006,3,6,50,3,False,False,407,ambulance,0.5117362782114989,0.6699458682609016,0.7303400039672852,0.26965999603271484,0.07680895275988336,4.746888158507412,0.08836206896551724,0.23031977691142752,2.6065457679732287
frame_003,frame_007,3,7,50,4,False,False,407,ambulance,0.6706303712226347,0.3995371563503894,0.8059227466583252,0.1940772533416748,0.041519745288615816,4.904196180028624,0.09698275862068965,0.14218981916491105,1.4661350242781939
frame_003,frame_008,3,8,50,5,False,False,407,ambulance,0.638003057983323,0.44941220257152514,0.799686849117279,0.20031315088272095,0.17155544474701037,4.545665657587312,0.09698275862068965,0.10311594583831434,1.0632399748661745
frame_003,frame_009,3,9,50,6,False,False,747,"punching bag, punch bag, punching ball, punchball",0.7213100305668494,0.32668623333483326,0.8411332368850708,0.1588667631149292,0.15057596421375644,4.4134935311327546,0.05387931034482758,0.4076020973610098,7.565094927020342
frame_003,frame_010,3,10,50,7,False,False,830,stretcher,0.3501219318353653,1.0494738084952684,0.727358341217041,0.272641658782959,0.06623361057410262,4.565228956497961,0.07112068965517242,0.5246266447198153,7.376568580302858
frame_003,frame_011,3,11,50,8,False,True,851,"television, television system",0.3053022697905636,1.186452944645412,0.604576826095581,0.39542317390441895,0.07711298968467886,4.538776934280408,0.07543103448275862,0.337022861405299,4.467960219773107
frame_003,frame_012,3,12,50,9,False,False,851,"television, television system",0.6091084005218297,0.4957590295391374,0.7750148177146912,0.22498518228530884,0.09083271452685328,4.420864437912001,0.11637931034482758,0.2898759542251364,2.4907859770456167
frame_003,frame_013,3,13,50,10,False,False,840,"swab, swob, mop",0.9664691158263239,0.03410593549891772,0.9684638381004333,0.03153616189956665,0.14265238878491213,4.2044379083120385,0.1724137931034483,0.4670052883928915,2.708630672678771
frame_003,frame_014,3,14,50,11,True,False,840,"swab, swob, mop",0.9753093750589623,0.02500055056296624,0.973453164100647,0.026546835899353027,0.15123893696281474,4.26414429559373,0.20043103448275862,0.2358109946846386,1.1765193713298097
frame_003,frame_015,3,15,50,12,False,False,840,"swab, swob, mop",0.3536583192767337,1.0394240317368588,0.6716881394386292,0.32831186056137085,0.07594178742520555,4.829455474690697,0.23060344827586207,0.1807801514708965,0.7839438344158501
frame_003,frame_016,3,16,50,13,False,False,676,muzzle,0.17955051114870121,1.7172987114820104,0.6116704940795898,0.38832950592041016,0.08021123112269875,4.587609237596635,0.2607758620689655,0.22583398999498383,0.8660080277493595
frame_003,frame_017,3,17,50,14,False,False,747,"punching bag, punch bag, punching ball, punchball",0.4219005604192203,0.8629856315303268,0.6788387894630432,0.3211612105369568,0.19987335376819132,4.057150492258387,0.24568965517241378,0.18192770603180689,0.7404776806908632
frame_004,frame_000,4,0,5,-4,False,True,407,ambulance,0.12765539174514146,2.0584208976818354,0.4940916895866394,0.5059083104133606,0.018691565549718448,5.7143559603203435,0.09267241379310345,0.17122924744554086,1.8476830422030455
frame_004,frame_001,4,1,5,-3,False,False,407,ambulance,0.20327061212613798,1.5932171230214092,0.5196596384048462,0.4803403615951538,0.01792276664998732,5.759030715441343,0.09698275862068965,0.16579096547651184,1.7094890662467
frame_004,frame_002,4,2,5,-2,False,False,444,"bicycle-built-for-two, tandem bicycle, tandem",0.13047112270662012,2.0366033586474583,0.5055670738220215,0.4944329261779785,0.01442862103328515,5.768156474192668,0.09051724137931035,0.16307786035950633,1.8016220763526414
frame_004,frame_003,4,3,5,-1,False,False,407,ambulance,0.2015017291431778,1.601957316276498,0.5359689593315125,0.46403104066848755,0.010563795345887061,5.750814679146723,0.09482758620689655,0.2032762392188129,2.143640340852936
frame_004,frame_005,4,5,5,1,False,False,407,ambulance,0.3168689413103473,1.149267024944618,0.5465472936630249,0.4534527063369751,0.012655597307891304,5.707628397298821,0.09051724137931035,0.21496479441894661,2.3748491573902673
frame_004,frame_006,4,6,5,2,False,False,407,ambulance,0.20271394967644382,1.5959594085707431,0.4976463317871094,0.5023536682128906,0.01674186253226958,5.701339053227738,0.08836206896551724,0.22508260937762625,2.547276359785819
frame_004,frame_007,4,7,5,3,False,False,874,"trolleybus, trolley coach, trackless trolley",0.2632530522172589,1.334639533667711,0.5545852184295654,0.44541478157043457,0.01284565494974653,5.711089902148945,0.09698275862068965,0.19817843935038915,2.043439907968457
frame_004,frame_008,4,8,5,4,False,False,874,"trolleybus, trolley coach, trackless trolley",0.1794903114814786,1.7176340475440535,0.554192066192627,0.44580793380737305,0.01009462309736104,5.753036866165601,0.09698275862068965,0.15871477128909073,1.6365256417364022
frame_004,frame_009,4,9,5,5,False,False,830,stretcher,0.31457938053398476,1.1565188323559372,0.6193962693214417,0.38060373067855835,0.03528426961368626,5.6324301532541545,0.05387931034482758,0.23018414209421478,4.2722176772686264
frame_004,frame_010,4,10,5,6,False,False,422,barbell,0.34195593866146956,1.0730733845425746,0.694621205329895,0.305378794670105,0.028685758452625547,5.545852357836873,0.07112068965517242,0.3470057319415605,4.879110897602547
frame_004,frame_011,4,11,5,7,False,False,422,barbell,0.509989632325597,0.673364882243737,0.6411625742912292,0.35883742570877075,0.025950227044541203,5.664082170533195,0.07543103448275862,0.23316755653675642,3.091135606658714
frame_004,frame_012,4,12,5,8,False,False,830,stretcher,0.5374522823802008,0.6209152998882956,0.6933852434158325,0.3066147565841675,0.03868377240289696,5.611203712710304,0.11637931034482758,0.263328592929281,2.2626753170219702
frame_004,frame_013,4,13,5,9,True,False,840,"swab, swob, mop",0.4476478204005407,0.8037484708950817,0.7306418418884277,0.26935815811157227,0.019641132633148897,5.617181389151103,0.1724137931034483,0.3856493027253477,2.2367659558070163
frame_004,frame_014,4,14,5,10,False,False,840,"swab, swob, mop",0.4559376992611091,0.7853991032291106,0.6848056316375732,0.31519436836242676,0.021154259985795447,5.6462024509186834,0.20043103448275862,0.3891682105276939,1.9416564482241934
frame_004,frame_015,4,15,5,11,False,False,840,"swab, swob, mop",0.2264080950161345,1.4854161779206985,0.5471194982528687,0.45288050174713135,0.011156160520379264,5.865897021689428,0.23060344827586207,0.3430247746187269,1.4875093030195259
frame_004,frame_016,4,16,5,12,False,False,722,ping-pong ball,0.12988428275302502,2.041111357598929,0.5228743553161621,0.4771256446838379,0.01461692720943482,5.824372958752123,0.2607758620689655,0.4100711109824753,1.5725040950071778
frame_004,frame_017,4,17,5,13,False,False,840,"swab, swob, mop",0.23468292413890846,1.4495199348908532,0.5953739881515503,0.4046260118484497,0.02206498774921439,5.686952427617862,0.24568965517241378,0.38581478652900336,1.570333867977698
frame_004,frame_000,4,0,10,-4,False,False,919,street sign,0.2868455391920684,1.2488113990676613,0.6109731197357178,0.3890268802642822,0.04810930762819592,4.981616155916163,0.09267241379310345,0.19664715735151844,2.121960023514059
frame_004,frame_001,4,1,10,-3,False,False,407,ambulance,0.2702000798540558,1.3085925579192361,0.643459677696228,0.356540322303772,0.03906096109565733,5.050346724830102,0.09698275862068965,0.18659048280103666,1.9239552004373557
frame_004,frame_002,4,2,10,-2,False,False,919,street sign,0.28107920389078356,1.2691187849846801,0.628880500793457,0.37111949920654297,0.039231009255288884,5.119735882638759,0.09051724137931035,0.15675266002002788,1.7317436726022128
frame_004,frame_003,4,3,10,-1,False,False,444,"bicycle-built-for-two, tandem bicycle, tandem",0.2813081259210419,1.2683046768753152,0.6442954540252686,0.35570454597473145,0.036115169941903585,5.035197426838971,0.09482758620689655,0.2397535619111233,2.528310289244573
frame_004,frame_005,4,5,10,1,False,False,407,ambulance,0.4275998530854368,0.8495674434107334,0.6723388433456421,0.3276611566543579,0.02903572482350843,5.070140721255633,0.09051724137931035,0.17085554829312755,1.887547009714552
frame_004,frame_006,4,6,10,2,False,False,919,street sign,0.18339316334512576,1.6961229971439786,0.610528290271759,0.38947170972824097,0.04299363005756492,4.967582598034549,0.08836206896551724,0.16890309194895758,1.9114886503491786
frame_004,frame_007,4,7,10,3,False,False,919,street sign,0.2778586737364168,1.280642662408864,0.646615743637085,0.35338425636291504,0.03350163361415672,5.066989269086822,0.09698275862068965,0.10967530640537093,1.1308742704909358
frame_004,frame_008,4,8,10,4,False,False,627,"limousine, limo",0.37611691974842026,0.9778552271515677,0.6821677684783936,0.31783223152160645,0.03859451416703364,5.015883049308254,0.09698275862068965,0.13274955015204773,1.368795361567781
frame_004,frame_009,4,9,10,5,False,False,830,stretcher,0.36410097746096326,1.0103240392095623,0.6794382333755493,0.3205617666244507,0.04453847627064776,4.98238853252606,0.05387931034482758,0.185975277711535,3.4517011543260896
frame_004,frame_010,4,10,10,6,False,False,830,stretcher,0.45085048887872664,0.7966195046878537,0.7192917466163635,0.2807082533836365,0.032276346973675145,5.128392954200951,0.07112068965517242,0.27543968911958233,3.8728489621662483
frame_004,frame_011,4,11,10,7,False,False,422,barbell,0.5170589756917201,0.6595983380748459,0.6652567386627197,0.3347432613372803,0.05998196443500176,4.844095742902288,0.07543103448275862,0.2596103903804471,3.441692032472213
frame_004,frame_012,4,12,10,8,False,False,830,stretcher,0.2140669958691138,1.5414662481459045,0.5993518829345703,0.4006481170654297,0.03437216620653041,5.068453497551855,0.11637931034482758,0.27144874062055546,2.3324484379247727
frame_004,frame_013,4,13,10,9,True,False,840,"swab, swob, mop",0.6066511152229971,0.4998014221557756,0.7311597466468811,0.2688402533531189,0.09966657354412904,4.815187111701472,0.1724137931034483,0.47820570321419115,2.7735930786423086
frame_004,frame_014,4,14,10,10,False,False,840,"swab, swob, mop",0.4558095558027938,0.7856801974872996,0.6539525985717773,0.34604740142822266,0.04343289865971039,4.868234281241674,0.20043103448275862,0.407537527571567,2.0333055139054528
frame_004,frame_015,4,15,10,11,False,True,877,turnstile,0.24470771542806255,1.4076907788791146,0.5671014189720154,0.4328985810279846,0.040914699750175317,5.193346128941293,0.23060344827586207,0.23383075878794135,1.013995066145839
frame_004,frame_016,4,16,10,12,False,False,877,turnstile,0.17739879358409408,1.7293550096704013,0.5775529742240906,0.4224470257759094,0.09411297084970746,4.819269103233234,0.2607758620689655,0.23815369648325788,0.9132505385804268
frame_004,frame_017,4,17,10,13,False,False,877,turnstile,0.3009543852031714,1.2007965698927503,0.606727123260498,0.39327287673950195,0.09256971052340854,4.81350483517137,0.24568965517241378,0.2299580651899963,0.9359696688434938
frame_004,frame_000,4,0,20,-4,False,False,919,street sign,0.6721204415489872,0.39731772602297877,0.8086676597595215,0.19133234024047852,0.02261672157969385,5.5682442001731465,0.09267241379310345,0.1446402987880571,1.5607697357594996
frame_004,frame_001,4,1,20,-3,False,False,919,street sign,0.5361603641088368,0.6233219758885538,0.7898116111755371,0.2101883888244629,0.03416753906954249,5.552053728062534,0.09698275862068965,0.15900900385511071,1.6395595064171415
frame_004,frame_002,4,2,20,-2,False,False,444,"bicycle-built-for-two, tandem bicycle, tandem",0.4534349108640331,0.7909035459372267,0.7993285059928894,0.2006714940071106,0.03810036539962895,5.517971307649731,0.09051724137931035,0.1700303400589009,1.8784304235078575
frame_004,frame_003,4,3,20,-1,False,False,444,"bicycle-built-for-two, tandem bicycle, tandem",0.6287915527859678,0.46395547182193053,0.8086832165718079,0.19131678342819214,0.027752721944494886,5.542611953343227,0.09482758620689655,0.19530897812878803,2.05962195117631
frame_004,frame_005,4,5,20,1,False,False,444,"bicycle-built-for-two, tandem bicycle, tandem",0.6180475281979246,0.48118991801246347,0.788644015789032,0.21135598421096802,0.026787523687193966,5.495823674459446,0.09051724137931035,0.1640681155458236,1.8125620384110035
frame_004,frame_006,4,6,20,2,False,False,919,street sign,0.5036988987757571,0.6857766125030091,0.7584443092346191,0.24155569076538086,0.038037035970990396,5.476978393978992,0.08836206896551724,0.15529984177687944,1.7575396727920016
frame_004,frame_007,4,7,20,3,False,False,919,street sign,0.7336439325442594,0.3097314735949057,0.8525481820106506,0.14745181798934937,0.021611368285359096,5.539783115939001,0.09698275862068965,0.12608382016614575,1.3000642790464807
frame_004,frame_008,4,8,20,4,False,False,444,"bicycle-built-for-two, tandem bicycle, tandem",0.2809816923974659,1.2694657633812914,0.7462445497512817,0.25375545024871826,0.039271250093143834,5.483285270945002,0.09698275862068965,0.15330765964592832,1.580772312793572
frame_004,frame_009,4,9,20,5,False,False,747,"punching bag, punch bag, punching ball, punchball",0.691933987817344,0.36826472124223786,0.7937892079353333,0.20621079206466675,0.02141142978074376,5.4351193197845475,0.05387931034482758,0.10271518563721459,1.9063938454267029
frame_004,frame_010,4,10,20,6,False,False,830,stretcher,0.28912747588223325,1.2408875951045246,0.6615685224533081,0.3384314775466919,0.016714040202142524,5.4910552251813485,0.07112068965517242,0.14471091852807944,2.0347232180917834
frame_004,frame_011,4,11,20,7,False,True,870,"tricycle, trike, velocipede",0.1504925520339754,1.8938416841641281,0.5171505212783813,0.48284947872161865,0.018415730060344925,5.469844638389435,0.07543103448275862,0.13501184656945664,1.7898713373779396
frame_004,frame_012,4,12,20,8,False,False,840,"swab, swob, mop",0.5099532072876517,0.6734363078894616,0.7002151608467102,0.2997848391532898,0.024636343297644688,5.476629415844096,0.11637931034482758,0.16897402952612162,1.4519249944466748
frame_004,frame_013,4,13,20,9,True,False,840,"swab, swob, mop",0.9561066039021816,0.04488586178962306,0.9557000398635864,0.044299960136413574,0.03049625442614845,5.346467842040186,0.1724137931034483,0.2894729246984452,1.678942963250982
frame_004,frame_014,4,14,20,10,False,False,840,"swab, swob, mop",0.9080013896688314,0.09650936990973369,0.9120940566062927,0.08790594339370728,0.03468554168018722,5.2954208425211435,0.20043103448275862,0.27692973076378885,1.3816709147784734
frame_004,frame_015,4,15,20,11,False,False,840,"swab, swob, mop",0.4753383105700843,0.7437284956857684,0.6377968788146973,0.36220312118530273,0.04576674081942233,5.42726933800133,0.23060344827586207,0.1567739886478479,0.6798423432953403
frame_004,frame_016,4,16,20,12,False,False,840,"swab, swob, mop",0.3055924217076649,1.1855030200742618,0.5811821222305298,0.4188178777694702,0.05542775991442156,5.376320392065406,0.2607758620689655,0.1880208839746009,0.7210057038364861
frame_004,frame_017,4,17,20,13,False,False,615,knee pad,0.5777160967402597,0.5486727130894851,0.7417512536048889,0.2582487463951111,0.04896621356578229,5.359513626154283,0.24568965517241378,0.21619276085131553,0.8799424652193896
frame_004,frame_000,4,0,30,-4,False,False,627,"limousine, limo",0.6953991130629722,0.36326933484351187,0.8037136793136597,0.19628632068634033,0.019077772237967788,5.730359906018115,0.09267241379310345,0.11094624507466645,1.1971873887126798
frame_004,frame_001,4,1,30,-3,False,False,627,"limousine, limo",0.9366737176481107,0.06542027761259206,0.9459592700004578,0.054040729999542236,0.02863065161880467,5.710398493941441,0.09698275862068965,0.12657136321480858,1.305091389592693
frame_004,frame_002,4,2,30,-2,False,False,627,"limousine, limo",0.4737252724261109,0.7471277193543546,0.7848544120788574,0.21514558792114258,0.020118199337735704,5.720978629369274,0.09051724137931035,0.12716027572221017,1.404818284169179
frame_004,frame_003,4,3,30,-1,False,False,444,"bicycle-built-for-two, tandem bicycle, tandem",0.5843877839519032,0.5371905028971363,0.789193332195282,0.21080666780471802,0.018162091973937037,5.720045363656133,0.09482758620689655,0.14297240217238832,1.5077089683633678
frame_004,frame_005,4,5,30,1,False,False,444,"bicycle-built-for-two, tandem bicycle, tandem",0.5563891497648626,0.5862873199050505,0.7820481061935425,0.21795189380645752,0.030656292902617153,5.680968356262521,0.09051724137931035,0.1753907974944475,1.9376507151767532
frame_004,frame_006,4,6,30,2,False,False,627,"limousine, limo",0.8182260906646271,0.20061658611376632,0.8708020448684692,0.12919795513153076,0.018426039573584893,5.732464242964767,0.08836206896551724,0.13056935115399348,1.4776629008647069
frame_004,frame_007,4,7,30,3,False,False,627,"limousine, limo",0.7175791973905493,0.3318719578013487,0.8227907419204712,0.1772092580795288,0.01688115302359117,5.756913803621471,0.09698275862068965,0.13424905141778598,1.38425688573006
frame_004,frame_008,4,8,30,4,False,False,627,"limousine, limo",0.8712792378176564,0.13779275899970855,0.9134699106216431,0.08653008937835693,0.029659958630315418,5.73007978986211,0.09698275862068965,0.10856298369789949,1.1194049874627858
frame_004,frame_009,4,9,30,5,False,False,747,"punching bag, punch bag, punching ball, punchball",0.47716687919442713,0.7398889977169395,0.734700083732605,0.265299916267395,0.022043790466639297,5.505067978397617,0.05387931034482758,0.045440991226355795,0.8433847971611637
frame_004,frame_010,4,10,30,6,False,False,422,barbell,0.270282420541596,1.3082878646567644,0.6769339442253113,0.3230660557746887,0.015596526768376787,5.549598374536634,0.07112068965517242,0.09260051550704901,1.3020193695536588
frame_004,frame_011,4,11,30,7,False,False,422,barbell,0.40007396788430755,0.9161058292589284,0.6686528325080872,0.33134716749191284,0.01677204482208553,5.5166640240897635,0.07543103448275862,0.08772410776618274,1.1629710286716797
frame_004,frame_012,4,12,30,8,False,False,851,"television, television system",0.4352126860689824,0.8319204338905726,0.7433435916900635,0.2566564083099365,0.020481595879503715,5.503611074089513,0.11637931034482758,0.08670290217550604,0.7450027149895334
frame_004,frame_013,4,13,30,9,True,False,840,"swab, swob, mop",0.9735273648969754,0.026829344758098728,0.971435546875,0.028564453125,0.025616705671863648,5.493721019424853,0.1724137931034483,0.16739862937779784,0.9709120503912274
frame_004,frame_014,4,14,30,10,False,False,840,"swab, swob, mop",0.9304955343354399,0.07203800212097722,0.9299262762069702,0.07007372379302979,0.05635828543567722,5.3323032795062035,0.20043103448275862,0.17802643030414825,0.8882178888292988
frame_004,frame_015,4,15,30,11,False,False,840,"swab, swob, mop",0.49541247398307875,0.70236458262523,0.68141770362854,0.31858229637145996,0.02484997191508792,5.496739412067429,0.23060344827586207,0.1537885099098371,0.6668959682071441
frame_004,frame_016,4,16,30,12,False,True,840,"swab, swob, mop",0.3889763418596011,0.9442367550548131,0.6266717910766602,0.37332820892333984,0.03540581172793444,5.504423311969004,0.2607758620689655,0.20513313726733992,0.7866262453888077
frame_004,frame_017,4,17,30,13,False,False,840,"swab, swob, mop",0.4856867866369469,0.7221913347833917,0.6637557148933411,0.33624428510665894,0.044312740647912754,5.285121170026578,0.24568965517241378,0.23075688808070485,0.9392210181530444
frame_004,frame_000,4,0,40,-4,False,True,731,"plunger, plumber's helper",0.18675734359137044,1.677945132629249,0.5954543352127075,0.4045456647872925,0.03090335667666017,5.098114896295389,0.09267241379310345,0.25598705197861754,2.7622788864669428
frame_004,frame_001,4,1,40,-3,False,False,627,"limousine, limo",0.3375997073434577,1.085894383134355,0.6687834858894348,0.3312165141105652,0.029208373781858275,5.169456531854689,0.09698275862068965,0.27633852902126116,2.849357277019226
frame_004,frame_002,4,2,40,-2,False,False,444,"bicycle-built-for-two, tandem bicycle, tandem",0.45221402695802365,0.7935997002517694,0.7103736996650696,0.2896263003349304,0.04042123599447043,5.217758234201716,0.09051724137931035,0.21658750610559413,2.3927762579284684
frame_004,frame_003,4,3,40,-1,False,False,444,"bicycle-built-for-two, tandem bicycle, tandem",0.6355021013583393,0.4533398817360035,0.7810079455375671,0.21899205446243286,0.029257800504104568,5.19700495042831,0.09482758620689655,0.26612421077563697,2.8064007681794445
frame_004,frame_005,4,5,40,1,False,False,444,"bicycle-built-for-two, tandem bicycle, tandem",0.39598369841760167,0.9263822341871005,0.7029745578765869,0.2970254421234131,0.022403665292302973,5.196712594191877,0.09051724137931035,0.28304321660720044,3.1269536310890715
frame_004,frame_006,4,6,40,2,False,False,450,"bobsled, bobsleigh, bob",0.1875023307302466,1.673964003087615,0.6136934757232666,0.3863065242767334,0.027109378797166617,5.094443321541668,0.08836206896551724,0.2970971123656999,3.362269759455726
frame_004,frame_007,4,7,40,3,False,False,407,ambulance,0.23891891771393933,1.431631041038139,0.6372805833816528,0.36271941661834717,0.02618581436984303,5.16424238403015,0.09698275862068965,0.2448506949805321,2.524682721577042
frame_004,frame_008,4,8,40,4,False,False,627,"limousine, limo",0.3545754593506762,1.0368340943057917,0.6981737613677979,0.30182623863220215,0.026598280222146678,5.206805607996145,0.09698275862068965,0.2206914743153099,2.2755743129400843
frame_004,frame_009,4,9,40,5,False,False,747,"punching bag, punch bag, punching ball, punchball",0.3329668061459505,1.0997124752135905,0.7336350083351135,0.2663649916648865,0.11005479022433276,4.516927749732805,0.05387931034482758,0.46837645490960933,8.69306700312235
frame_004,frame_010,4,10,40,6,False,False,830,stretcher,0.39632558290525793,0.9255192264780288,0.7325524687767029,0.2674475312232971,0.08632730750754036,4.406987685395917,0.07112068965517242,0.6317524293601837,8.8828220370644
frame_004,frame_011,4,11,40,7,False,False,851,"television, television system",0.45641720859050283,0.784347956642583,0.665413498878479,0.334586501121521,0.09201787409994847,4.5552168105800295,0.07543103448275862,0.5155715217062691,6.835005316334539
frame_004,frame_012,4,12,40,8,False,False,851,"television, television system",0.4567279714110234,0.7836673138722463,0.7872216701507568,0.21277832984924316,0.1109445642385506,4.558210810549054,0.11637931034482758,0.44452726561435124,3.8196416897233143
frame_004,frame_013,4,13,40,9,True,False,840,"swab, swob, mop",0.9820650752035959,0.018097704795198233,0.9805395603179932,0.019460439682006836,0.07858256425418682,4.772576202767748,0.1724137931034483,0.6859836130838123,3.978704955886111
frame_004,frame_014,4,14,40,10,False,False,840,"swab, swob, mop",0.971877707708207,0.028525297552096873,0.9704321622848511,0.029567837715148926,0.04570907386947432,4.890063612035272,0.20043103448275862,0.5996774565551017,2.991939138081368
frame_004,frame_015,4,15,40,11,False,False,840,"swab, swob, mop",0.542236148523198,0.6120536740491858,0.7133426070213318,0.2866573929786682,0.046415798161928985,5.204997027675815,0.23060344827586207,0.5170458175668462,2.2421426107571647
frame_004,frame_016,4,16,40,12,False,False,840,"swab, swob, mop",0.37406171540007144,0.9833344807422963,0.6455262899398804,0.35447371006011963,0.06303611458161512,5.065409088144602,0.2607758620689655,0.6111337609403865,2.343521198978011
frame_004,frame_017,4,17,40,13,False,False,840,"swab, swob, mop",0.5217514797058515,0.6505638969850507,0.7173216938972473,0.2826783061027527,0.052613490132718425,4.968018727802165,0.24568965517241378,0.5402821659530621,2.199043201773867
frame_004,frame_000,4,0,50,-4,False,False,407,ambulance,0.3191924116548509,1.1419611867001846,0.6593103408813477,0.34068965911865234,0.08152470128073236,4.642054932763443,0.09267241379310345,0.277480352179242,2.994206590957402
frame_004,frame_001,4,1,50,-3,False,False,407,ambulance,0.5577660519924591,0.5838156661778303,0.7282043695449829,0.2717956304550171,0.06413402395778292,4.872191981594677,0.09698275862068965,0.21133850349732713,2.1791347916168844
frame_004,frame_002,4,2,50,-2,False,False,555,"fire engine, fire truck",0.3060912473172303,1.1838720276335473,0.7100344300270081,0.28996556997299194,0.08703938271734998,4.743291983980781,0.09051724137931035,0.22326554473543656,2.4665526846962513
frame_004,frame_003,4,3,50,-1,False,False,407,ambulance,0.6485603210577703,0.433000263271091,0.8066418170928955,0.1933581829071045,0.07775375394804702,4.702832336517946,0.09482758620689655,0.3553831359711459,3.7476767066048113
frame_004,frame_005,4,5,50,1,False,False,407,ambulance,0.6837573846293366,0.3801521251151101,0.787960946559906,0.212039053440094,0.05273678525165952,4.8336785317862985,0.09051724137931035,0.2342474081319587,2.58787612793402
frame_004,frame_006,4,6,50,2,False,False,407,ambulance,0.5117362782114989,0.6699458682609016,0.7303400039672852,0.26965999603271484,0.07878743808049682,4.781204711249032,0.08836206896551724,0.24600587469693963,2.784066484375122
frame_004,frame_007,4,7,50,3,False,False,407,ambulance,0.6706303712226347,0.3995371563503894,0.8059227466583252,0.1940772533416748,0.044255409705989054,4.949346880223551,0.09698275862068965,0.1458281392568171,1.5036501470036252
frame_004,frame_008,4,8,50,4,False,False,407,ambulance,0.638003057983323,0.44941220257152514,0.799686849117279,0.20031315088272095,0.15389223615976,4.608127078568851,0.09698275862068965,0.11973324498389262,1.234582792722804
frame_004,frame_009,4,9,50,5,False,False,747,"punching bag, punch bag, punching ball, punchball",0.7213100305668494,0.32668623333483326,0.8411332368850708,0.1588667631149292,0.11448068991839223,4.5420277384844425,0.05387931034482758,0.36973475563788344,6.862277064639117
frame_004,frame_010,4,10,50,6,False,False,830,stretcher,0.3501219318353653,1.0494738084952684,0.727358341217041,0.272641658782959,0.061878896644651696,4.592897492829737,0.07112068965517242,0.520138615225753,7.313464165598466
frame_004,frame_011,4,11,50,7,False,True,851,"television, television system",0.3053022697905636,1.186452944645412,0.604576826095581,0.39542317390441895,0.07789362966980662,4.580739610552211,0.07543103448275862,0.33210510629071216,4.402764837682584
frame_004,frame_012,4,12,50,8,False,False,851,"television, television system",0.6091084005218297,0.4957590295391374,0.7750148177146912,0.22498518228530884,0.0736032646924563,4.455080772116371,0.11637931034482758,0.28391302230447335,2.4395489323939934
frame_004,frame_013,4,13,50,9,False,False,840,"swab, swob, mop",0.9664691158263239,0.03410593549891772,0.9684638381004333,0.03153616189956665,0.1332095582981468,4.217417956353512,0.1724137931034483,0.4673785259778987,2.7107954506718124
frame_004,frame_014,4,14,50,10,True,False,840,"swab, swob, mop",0.9753093750589623,0.02500055056296624,0.973453164100647,0.026546835899353027,0.13744389984174576,4.285364061922381,0.20043103448275862,0.2553835996799122,1.274171938187949
frame_004,frame_015,4,15,50,11,False,False,840,"swab, swob, mop",0.3536583192767337,1.0394240317368588,0.6716881394386292,0.32831186056137085,0.06693273025653042,4.853963340515245,0.23060344827586207,0.18317825616608155,0.7943430921594564
frame_004,frame_016,4,16,50,12,False,False,676,muzzle,0.17955051114870121,1.7172987114820104,0.6116704940795898,0.38832950592041016,0.08468143842818533,4.53400076940996,0.2607758620689655,0.2226402437288089,0.853760934629482
frame_004,frame_017,4,17,50,13,False,False,747,"punching bag, punch bag, punching ball, punchball",0.4219005604192203,0.8629856315303268,0.6788387894630432,0.3211612105369568,0.1821529578705499,4.101714183424399,0.24568965517241378,0.18562357497874238,0.7555205157029514
frame_005,frame_000,5,0,5,-5,False,True,407,ambulance,0.12765539174514146,2.0584208976818354,0.4940916895866394,0.5059083104133606,0.01904541072483638,5.719315158776796,0.09267241379310345,0.17709583547638638,1.9109876200242621
frame_005,frame_001,5,1,5,-4,False,False,407,ambulance,0.20327061212613798,1.5932171230214092,0.5196596384048462,0.4803403615951538,0.01938012434186821,5.763865928628329,0.09698275862068965,0.17260190166859873,1.7797173860939959
frame_005,frame_002,5,2,5,-3,False,False,444,"bicycle-built-for-two, tandem bicycle, tandem",0.13047112270662012,2.0366033586474583,0.5055670738220215,0.4944329261779785,0.014179994341896167,5.773207511099183,0.09051724137931035,0.1690131353620614,1.8671927335237257
frame_005,frame_003,5,3,5,-2,False,False,407,ambulance,0.2015017291431778,1.601957316276498,0.5359689593315125,0.46403104066848755,0.011719138366800228,5.751565039490718,0.09482758620689655,0.21278535526065898,2.2439182918396767
frame_005,frame_004,5,4,5,-1,False,False,444,"bicycle-built-for-two, tandem bicycle, tandem",0.3398919260795761,1.0791275763733843,0.595255434513092,0.40474456548690796,0.01664705386219152,5.672973082499033,0.08405172413793104,0.22197182670657437,2.640895579278218
frame_005,frame_006,5,6,5,1,False,False,407,ambulance,0.20271394967644382,1.5959594085707431,0.4976463317871094,0.5023536682128906,0.016689140129899905,5.698410110036113,0.08836206896551724,0.23397425533493213,2.6479037676928905
frame_005,frame_007,5,7,5,2,False,False,874,"trolleybus, trolley coach, trackless trolley",0.2632530522172589,1.334639533667711,0.5545852184295654,0.44541478157043457,0.01430194240323094,5.707417549808148,0.09698275862068965,0.2087145947893375,2.152079377383391
frame_005,frame_008,5,8,5,3,False,False,874,"trolleybus, trolley coach, trackless trolley",0.1794903114814786,1.7176340475440535,0.554192066192627,0.44580793380737305,0.01087790346241631,5.7567682991901945,0.09698275862068965,0.16493284684611387,1.700640909702152
frame_005,frame_009,5,9,5,4,False,False,830,stretcher,0.31457938053398476,1.1565188323559372,0.6193962693214417,0.38060373067855835,0.034708339922488486,5.645167489128358,0.05387931034482758,0.22853587188271648,4.241625782143219
frame_005,frame_010,5,10,5,5,False,False,422,barbell,0.34195593866146956,1.0730733845425746,0.694621205329895,0.305378794670105,0.02919153136795311,5.559598016446429,0.07112068965517242,0.34637778100393124,4.870281526843154
frame_005,frame_011,5,11,5,6,False,False,422,barbell,0.509989632325597,0.673364882243737,0.6411625742912292,0.35883742570877075,0.025638524138096922,5.672930222405372,0.07543103448275862,0.2354283153494917,3.12110680920469
frame_005,frame_012,5,12,5,7,False,False,830,stretcher,0.5374522823802008,0.6209152998882956,0.6933852434158325,0.3066147565841675,0.036707420391379815,5.6242726097807125,0.11637931034482758,0.26882952821685246,2.309942612826288
frame_005,frame_013,5,13,5,8,True,False,840,"swab, swob, mop",0.4476478204005407,0.8037484708950817,0.7306418418884277,0.26935815811157227,0.01944202534049258,5.629222245441646,0.1724137931034483,0.3887805819654472,2.2549273753995935
frame_005,frame_014,5,14,5,9,False,False,840,"swab, swob, mop",0.4559376992611091,0.7853991032291106,0.6848056316375732,0.31519436836242676,0.019877234718820806,5.6545927206256845,0.20043103448275862,0.397343197321602,1.9824434791099284
frame_005,frame_015,5,15,5,10,False,False,840,"swab, swob, mop",0.2264080950161345,1.4854161779206985,0.5471194982528687,0.45288050174713135,0.011304035440992656,5.8759055347984095,0.23060344827586207,0.3463938626838143,1.5021191802363536
frame_005,frame_016,5,16,5,11,False,False,722,ping-pong ball,0.12988428275302502,2.041111357598929,0.5228743553161621,0.4771256446838379,0.012602417059802164,5.835021829523535,0.2607758620689655,0.4140909162536199,1.5879188854684265
frame_005,frame_017,5,17,5,12,False,False,840,"swab, swob, mop",0.23468292413890846,1.4495199348908532,0.5953739881515503,0.4046260118484497,0.02047862879282273,5.690380641577793,0.24568965517241378,0.3920024705217773,1.595518827386883
frame_005,frame_000,5,0,10,-5,False,False,919,street sign,0.2868455391920684,1.2488113990676613,0.6109731197357178,0.3890268802642822,0.044927633171761065,4.994572257938095,0.09267241379310345,0.18569562451570465,2.0037853436113244
frame_005,frame_001,5,1,10,-4,False,False,407,ambulance,0.2702000798540558,1.3085925579192361,0.643459677696228,0.356540322303772,0.03598020863310578,5.057828590304732,0.09698275862068965,0.18060669188193765,1.8622556674048683
frame_005,frame_002,5,2,10,-3,False,False,919,street sign,0.28107920389078356,1.2691187849846801,0.628880500793457,0.37111949920654297,0.0381909645508222,5.122017454742821,0.09051724137931035,0.15100342655333243,1.6682283314463393
frame_005,frame_003,5,3,10,-2,False,False,444,"bicycle-built-for-two, tandem bicycle, tandem",0.2813081259210419,1.2683046768753152,0.6442954540252686,0.35570454597473145,0.03625421958777156,5.044139612299082,0.09482758620689655,0.233746299454341,2.46496097606396
frame_005,frame_004,5,4,10,-1,True,False,444,"bicycle-built-for-two, tandem bicycle, tandem",0.48501176146737496,0.7235821378904954,0.7588115334510803,0.24118846654891968,0.03422662289890624,5.116140062327986,0.08405172413793104,0.17214811963228152,2.0481212181891957
frame_005,frame_006,5,6,10,1,False,False,919,street sign,0.18339316334512576,1.6961229971439786,0.610528290271759,0.38947170972824097,0.04017885036193238,4.9838567537169585,0.08836206896551724,0.1555662969665498,1.7605551656702223
frame_005,frame_007,5,7,10,2,False,False,919,street sign,0.2778586737364168,1.280642662408864,0.646615743637085,0.35338425636291504,0.030770910450886355,5.076758840392804,0.09698275862068965,0.10605524813181716,1.0935474474036257
frame_005,frame_008,5,8,10,3,False,False,627,"limousine, limo",0.37611691974842026,0.9778552271515677,0.6821677684783936,0.31783223152160645,0.04043687548163618,5.030639783351523,0.09698275862068965,0.12326601452749177,1.271009572016804
frame_005,frame_009,5,9,10,4,False,False,830,stretcher,0.36410097746096326,1.0103240392095623,0.6794382333755493,0.3205617666244507,0.04650436762842021,5.015919032113125,0.05387931034482758,0.1783226617980686,3.3096686029721534
frame_005,frame_010,5,10,10,5,False,False,830,stretcher,0.45085048887872664,0.7966195046878537,0.7192917466163635,0.2807082533836365,0.031837791106200164,5.153111784632326,0.07112068965517242,0.26334054355034153,3.7027276426472264
frame_005,frame_011,5,11,10,6,False,False,422,barbell,0.5170589756917201,0.6595983380748459,0.6652567386627197,0.3347432613372803,0.05539367447776619,4.862702908149246,0.07543103448275862,0.25360813495432444,3.362119274823044
frame_005,frame_012,5,12,10,7,False,False,830,stretcher,0.2140669958691138,1.5414662481459045,0.5993518829345703,0.4006481170654297,0.03416084133799862,5.097459745181674,0.11637931034482758,0.26736890415338904,2.2973920653180095
frame_005,frame_013,5,13,10,8,False,False,840,"swab, swob, mop",0.6066511152229971,0.4998014221557756,0.7311597466468811,0.2688402533531189,0.08143405638919178,4.910873607190792,0.1724137931034483,0.461637523755489,2.677497637781836
frame_005,frame_014,5,14,10,9,False,False,840,"swab, swob, mop",0.4558095558027938,0.7856801974872996,0.6539525985717773,0.34604740142822266,0.043541782518360765,4.8927831619319235,0.20043103448275862,0.40871085058630696,2.03915951260265
frame_005,frame_015,5,15,10,10,False,True,877,turnstile,0.24470771542806255,1.4076907788791146,0.5671014189720154,0.4328985810279846,0.03851174870784395,5.212369476965554,0.23060344827586207,0.232560347410944,1.0084859925110095
frame_005,frame_016,5,16,10,11,False,False,877,turnstile,0.17739879358409408,1.7293550096704013,0.5775529742240906,0.4224470257759094,0.10036671069519688,4.807253850418037,0.2607758620689655,0.2311367620960815,0.8863426248973704
frame_005,frame_017,5,17,10,12,False,False,877,turnstile,0.3009543852031714,1.2007965698927503,0.606727123260498,0.39327287673950195,0.08488379454291643,4.855725013482072,0.24568965517241378,0.2332841297092852,0.9495073349570906
frame_005,frame_000,5,0,20,-5,False,False,919,street sign,0.6721204415489872,0.39731772602297877,0.8086676597595215,0.19133234024047852,0.021339552053670278,5.58905030808881,0.09267241379310345,0.1359725539897833,1.4672387221223129
frame_005,frame_001,5,1,20,-4,False,False,919,street sign,0.5361603641088368,0.6233219758885538,0.7898116111755371,0.2101883888244629,0.028718113434104305,5.576206696958867,0.09698275862068965,0.14975962184424194,1.5441881007939613
frame_005,frame_002,5,2,20,-3,False,False,444,"bicycle-built-for-two, tandem bicycle, tandem",0.4534349108640331,0.7909035459372267,0.7993285059928894,0.2006714940071106,0.03578541738931683,5.540304778310004,0.09051724137931035,0.16343335215276814,1.8055494142591528
frame_005,frame_003,5,3,20,-2,False,False,444,"bicycle-built-for-two, tandem bicycle, tandem",0.6287915527859678,0.46395547182193053,0.8086832165718079,0.19131678342819214,0.027708839742859436,5.567873962571474,0.09482758620689655,0.18089004292880262,1.9075677254310095
frame_005,frame_004,5,4,20,-1,False,False,444,"bicycle-built-for-two, tandem bicycle, tandem",0.822953748841286,0.19485527813298908,0.8942539691925049,0.10574603080749512,0.026002845260059877,5.605664045093121,0.08405172413793104,0.13848766474975285,1.6476481139457775
frame_005,frame_006,5,6,20,1,False,False,919,street sign,0.5036988987757571,0.6857766125030091,0.7584443092346191,0.24155569076538086,0.034136365879059154,5.525146030216745,0.08836206896551724,0.13822289071347418,1.5642785680744395
frame_005,frame_007,5,7,20,2,False,False,919,street sign,0.7336439325442594,0.3097314735949057,0.8525481820106506,0.14745181798934937,0.022584108434654273,5.583065974102691,0.09698275862068965,0.11509373658282324,1.186744306098444
frame_005,frame_008,5,8,20,3,False,False,444,"bicycle-built-for-two, tandem bicycle, tandem",0.2809816923974659,1.2694657633812914,0.7462445497512817,0.25375545024871826,0.03643270199809143,5.532518017863037,0.09698275862068965,0.13204330358762145,1.3615131747701412
frame_005,frame_009,5,9,20,4,False,False,747,"punching bag, punch bag, punching ball, punchball",0.691933987817344,0.36826472124223786,0.7937892079353333,0.20621079206466675,0.021394014875220878,5.422973874292179,0.05387931034482758,0.08961128255362165,1.6631854041952179
frame_005,frame_010,5,10,20,5,False,False,830,stretcher,0.28912747588223325,1.2408875951045246,0.6615685224533081,0.3384314775466919,0.017107603792800182,5.467894157706343,0.07112068965517242,0.12136763098720893,1.7065024478201498
frame_005,frame_011,5,11,20,6,False,True,870,"tricycle, trike, velocipede",0.1504925520339754,1.8938416841641281,0.5171505212783813,0.48284947872161865,0.02373954259611275,5.435530977718397,0.07543103448275862,0.11629590632635495,1.5417514438693913
frame_005,frame_012,5,12,20,7,False,False,840,"swab, swob, mop",0.5099532072876517,0.6734363078894616,0.7002151608467102,0.2997848391532898,0.026197304650573076,5.453206803409111,0.11637931034482758,0.15500197113716724,1.3318687890304741
frame_005,frame_013,5,13,20,8,True,False,840,"swab, swob, mop",0.9561066039021816,0.04488586178962306,0.9557000398635864,0.044299960136413574,0.0317714594139234,5.348651403149609,0.1724137931034483,0.261429720164566,1.5162923769544827
frame_005,frame_014,5,14,20,9,False,False,840,"swab, swob, mop",0.9080013896688314,0.09650936990973369,0.9120940566062927,0.08790594339370728,0.03311120013759932,5.293462149757214,0.20043103448275862,0.2677592823579131,1.3359172797212007
frame_005,frame_015,5,15,20,10,False,False,840,"swab, swob, mop",0.4753383105700843,0.7437284956857684,0.6377968788146973,0.36220312118530273,0.04508557532005146,5.38400952397567,0.23060344827586207,0.14909986211791726,0.646563888062744
frame_005,frame_016,5,16,20,11,False,False,840,"swab, swob, mop",0.3055924217076649,1.1855030200742618,0.5811821222305298,0.4188178777694702,0.05641968921914756,5.329704309034273,0.2607758620689655,0.17664675206965433,0.6773891980191703
frame_005,frame_017,5,17,20,12,False,False,615,knee pad,0.5777160967402597,0.5486727130894851,0.7417512536048889,0.2582487463951111,0.04782369333256186,5.3677517270815285,0.24568965517241378,0.21030293969949934,0.8559698598295412
frame_005,frame_000,5,0,30,-5,False,False,627,"limousine, limo",0.6953991130629722,0.36326933484351187,0.8037136793136597,0.19628632068634033,0.021101103936443585,5.707787323112099,0.09267241379310345,0.09662019548598012,1.0425993187324367
frame_005,frame_001,5,1,30,-4,False,False,627,"limousine, limo",0.9366737176481107,0.06542027761259206,0.9459592700004578,0.054040729999542236,0.021064260858736458,5.699888240534992,0.09698275862068965,0.106311735200008,1.0961921140623048
frame_005,frame_002,5,2,30,-3,False,False,627,"limousine, limo",0.4737252724261109,0.7471277193543546,0.7848544120788574,0.21514558792114258,0.021190295102133775,5.699355834692109,0.09051724137931035,0.10763086292832787,1.1890647713986697
frame_005,frame_003,5,3,30,-2,False,False,444,"bicycle-built-for-two, tandem bicycle, tandem",0.5843877839519032,0.5371905028971363,0.789193332195282,0.21080666780471802,0.01943112881715772,5.694510482727122,0.09482758620689655,0.1249688884695336,1.3178537329514455
frame_005,frame_004,5,4,30,-1,False,False,444,"bicycle-built-for-two, tandem bicycle, tandem",0.9099566798692678,0.09435828514363953,0.9289441108703613,0.07105588912963867,0.01799925631482897,5.723013338224704,0.08405172413793104,0.1061493098029099,1.2629046089371845
frame_005,frame_006,5,6,30,1,False,False,627,"limousine, limo",0.8182260906646271,0.20061658611376632,0.8708020448684692,0.12919795513153076,0.018083034231922857,5.736161984466969,0.08836206896551724,0.09845177287389018,1.1141859174020743
frame_005,frame_007,5,7,30,2,False,False,627,"limousine, limo",0.7175791973905493,0.3318719578013487,0.8227907419204712,0.1772092580795288,0.016996288662814756,5.755393877275854,0.09698275862068965,0.1027036477775053,1.0589887237502769
frame_005,frame_008,5,8,30,3,False,False,627,"limousine, limo",0.8712792378176564,0.13779275899970855,0.9134699106216431,0.08653008937835693,0.020905280202984315,5.7319211609052605,0.09698275862068965,0.0897616959201187,0.9255428201541129
frame_005,frame_009,5,9,30,4,False,False,747,"punching bag, punch bag, punching ball, punchball",0.47716687919442713,0.7398889977169395,0.734700083732605,0.265299916267395,0.022671202390338034,5.478136892880213,0.05387931034482758,0.038468487873114604,0.7139751349250071
frame_005,frame_010,5,10,30,5,False,False,422,barbell,0.270282420541596,1.3082878646567644,0.6769339442253113,0.3230660557746887,0.01746225005655813,5.5232364536484955,0.07112068965517242,0.0744261533965669,1.0464768235153648
frame_005,frame_011,5,11,30,6,False,False,422,barbell,0.40007396788430755,0.9161058292589284,0.6686528325080872,0.33134716749191284,0.02200704851745143,5.470556243835005,0.07543103448275862,0.07886946418748025,1.0455837537997383
frame_005,frame_012,5,12,30,7,False,False,851,"television, television system",0.4352126860689824,0.8319204338905726,0.7433435916900635,0.2566564083099365,0.018814217743298813,5.494905484702759,0.11637931034482758,0.0789777166224937,0.6786233428303162
frame_005,frame_013,5,13,30,8,True,False,840,"swab, swob, mop",0.9735273648969754,0.026829344758098728,0.971435546875,0.028564453125,0.022820560335661648,5.526411902252718,0.1724137931034483,0.1543293599740056,0.8951102878492324
frame_005,frame_014,5,14,30,9,False,False,840,"swab, swob, mop",0.9304955343354399,0.07203800212097722,0.9299262762069702,0.07007372379302979,0.04484145688573308,5.34694012123096,0.20043103448275862,0.183318985181082,0.9146237540217425
frame_005,frame_015,5,15,30,10,False,False,840,"swab, swob, mop",0.49541247398307875,0.70236458262523,0.68141770362854,0.31858229637145996,0.02760595309753502,5.477264925978348,0.23060344827586207,0.14473643137936454,0.627642094953506
frame_005,frame_016,5,16,30,11,False,True,840,"swab, swob, mop",0.3889763418596011,0.9442367550548131,0.6266717910766602,0.37332820892333984,0.03034459025238002,5.489270213381278,0.2607758620689655,0.19468403935925985,0.7465569773776576
frame_005,frame_017,5,17,30,12,False,False,840,"swab, swob, mop",0.4856867866369469,0.7221913347833917,0.6637557148933411,0.33624428510665894,0.04546749976944108,5.272900997205439,0.24568965517241378,0.21506970756915708,0.875371441334113
frame_005,frame_000,5,0,40,-5,False,True,731,"plunger, plumber's helper",0.18675734359137044,1.677945132629249,0.5954543352127075,0.4045456647872925,0.028325257036766693,5.178956647788288,0.09267241379310345,0.2368210511790713,2.555464366211374
frame_005,frame_001,5,1,40,-4,False,False,627,"limousine, limo",0.3375997073434577,1.085894383134355,0.6687834858894348,0.3312165141105652,0.024518443168093162,5.218996699106492,0.09698275862068965,0.26997585522972434,2.7837510405909356
frame_005,frame_002,5,2,40,-3,False,False,444,"bicycle-built-for-two, tandem bicycle, tandem",0.45221402695802365,0.7935997002517694,0.7103736996650696,0.2896263003349304,0.03727253445392892,5.272836838018788,0.09051724137931035,0.2081703662537969,2.29978690337528
frame_005,frame_003,5,3,40,-2,False,False,444,"bicycle-built-for-two, tandem bicycle, tandem",0.6355021013583393,0.4533398817360035,0.7810079455375671,0.21899205446243286,0.02377738287480102,5.266944564541522,0.09482758620689655,0.25536657403810015,2.692956598947238
frame_005,frame_004,5,4,40,-1,False,False,444,"bicycle-built-for-two, tandem bicycle, tandem",0.8588106614994799,0.15220679863971143,0.9034790992736816,0.09652090072631836,0.02562502209630705,5.159572128014545,0.08405172413793104,0.285198902850807,3.3931356646865245
frame_005,frame_006,5,6,40,1,False,False,450,"bobsled, bobsleigh, bob",0.1875023307302466,1.673964003087615,0.6136934757232666,0.3863065242767334,0.021367914941882452,5.154182266503604,0.08836206896551724,0.2770943089419508,3.1358965694893945
frame_005,frame_007,5,7,40,2,False,False,407,ambulance,0.23891891771393933,1.431631041038139,0.6372805833816528,0.36271941661834717,0.025807816207083147,5.197939240177641,0.09698275862068965,0.2436758263004686,2.512568520075943
frame_005,frame_008,5,8,40,3,False,False,627,"limousine, limo",0.3545754593506762,1.0368340943057917,0.6981737613677979,0.30182623863220215,0.030897913613831315,5.243904769075824,0.09698275862068965,0.2145916566588863,2.2126784153271832
frame_005,frame_009,5,9,40,4,False,False,747,"punching bag, punch bag, punching ball, punchball",0.3329668061459505,1.0997124752135905,0.7336350083351135,0.2663649916648865,0.09775772512148108,4.6310265681250655,0.05387931034482758,0.4415421167734149,8.195021687314581
frame_005,frame_010,5,10,40,5,False,False,830,stretcher,0.39632558290525793,0.9255192264780288,0.7325524687767029,0.2674475312232971,0.08806167691510396,4.465907096763132,0.07112068965517242,0.6149131018456492,8.646050886557006
frame_005,frame_011,5,11,40,6,False,False,851,"television, television system",0.45641720859050283,0.784347956642583,0.665413498878479,0.334586501121521,0.0832108782166554,4.625371257644233,0.07543103448275862,0.5053296459294956,6.699227306036741
frame_005,frame_012,5,12,40,7,False,False,851,"television, television system",0.4567279714110234,0.7836673138722463,0.7872216701507568,0.21277832984924316,0.08931095577390775,4.664219345047681,0.11637931034482758,0.487793058609477,4.191407022125877
frame_005,frame_013,5,13,40,8,True,False,840,"swab, swob, mop",0.9820650752035959,0.018097704795198233,0.9805395603179932,0.019460439682006836,0.07220261638409767,4.865652301727707,0.1724137931034483,0.6822445937592909,3.9570186438038872
frame_005,frame_014,5,14,40,9,False,False,840,"swab, swob, mop",0.971877707708207,0.028525297552096873,0.9704321622848511,0.029567837715148926,0.04387190923049394,4.928087056874611,0.20043103448275862,0.6084556219218951,3.0357355760404228
frame_005,frame_015,5,15,40,10,False,False,840,"swab, swob, mop",0.542236148523198,0.6120536740491858,0.7133426070213318,0.2866573929786682,0.03331942885411064,5.276958857426516,0.23060344827586207,0.5132939678450432,2.225872907290655
frame_005,frame_016,5,16,40,11,False,False,840,"swab, swob, mop",0.37406171540007144,0.9833344807422963,0.6455262899398804,0.35447371006011963,0.033879023498080016,5.1564878598225885,0.2607758620689655,0.609631269993976,2.337759580803346
frame_005,frame_017,5,17,40,12,False,False,840,"swab, swob, mop",0.5217514797058515,0.6505638969850507,0.7173216938972473,0.2826783061027527,0.044472377139706684,5.031275146474691,0.24568965517241378,0.559967091805733,2.279164303490001
frame_005,frame_000,5,0,50,-5,False,False,407,ambulance,0.3191924116548509,1.1419611867001846,0.6593103408813477,0.34068965911865234,0.06788411083012666,4.871994703270937,0.09267241379310345,0.22524378356061212,2.4305375714447446
frame_005,frame_001,5,1,50,-4,False,False,407,ambulance,0.5577660519924591,0.5838156661778303,0.7282043695449829,0.2717956304550171,0.047914065544061114,5.025158201388991,0.09698275862068965,0.17435237888080618,1.797766751126535
frame_005,frame_002,5,2,50,-3,False,False,555,"fire engine, fire truck",0.3060912473172303,1.1838720276335473,0.7100344300270081,0.28996556997299194,0.06995987765855388,4.890810932916011,0.09051724137931035,0.20906907491206578,2.3097154942666314
frame_005,frame_003,5,3,50,-2,False,False,407,ambulance,0.6485603210577703,0.433000263271091,0.8066418170928955,0.1933581829071045,0.06811724683391923,4.854856472950818,0.09482758620689655,0.3054175133461703,3.2207665043777958
frame_005,frame_004,5,4,50,-1,False,False,407,ambulance,0.6814976258981256,0.3834625114933996,0.836336076259613,0.16366392374038696,0.05020989369267601,4.965557212146131,0.08405172413793104,0.21914182418518519,2.6072258056904083
frame_005,frame_006,5,6,50,1,False,False,407,ambulance,0.5117362782114989,0.6699458682609016,0.7303400039672852,0.26965999603271484,0.057543278235518185,4.932182565475667,0.08836206896551724,0.20640881603360048,2.335943674136357
frame_005,frame_007,5,7,50,2,False,False,407,ambulance,0.6706303712226347,0.3995371563503894,0.8059227466583252,0.1940772533416748,0.036479455048931755,5.060040843520227,0.09698275862068965,0.13219554360398308,1.3630829384944034
frame_005,frame_008,5,8,50,3,False,False,407,ambulance,0.638003057983323,0.44941220257152514,0.799686849117279,0.20031315088272095,0.11021852779239791,4.866758021201096,0.09698275862068965,0.10033869012682906,1.0346033826410819
frame_005,frame_009,5,9,50,4,False,False,747,"punching bag, punch bag, punching ball, punchball",0.7213100305668494,0.32668623333483326,0.8411332368850708,0.1588667631149292,0.10198848091957925,4.779856768830021,0.05387931034482758,0.31008819965989415,5.7552369856876355
frame_005,frame_010,5,10,50,5,False,False,830,stretcher,0.3501219318353653,1.0494738084952684,0.727358341217041,0.272641658782959,0.06126156496944186,4.792781769944479,0.07112068965517242,0.43787077287458,6.156728442842579
frame_005,frame_011,5,11,50,6,False,True,851,"television, television system",0.3053022697905636,1.186452944645412,0.604576826095581,0.39542317390441895,0.06446722099169121,4.744985638659559,0.07543103448275862,0.27900139641534827,3.698761369620617
frame_005,frame_012,5,12,50,7,False,False,851,"television, television system",0.6091084005218297,0.4957590295391374,0.7750148177146912,0.22498518228530884,0.0605281448893641,4.656878558240864,0.11637931034482758,0.25339704270599916,2.1773375521404374
frame_005,frame_013,5,13,50,8,False,False,840,"swab, swob, mop",0.9664691158263239,0.03410593549891772,0.9684638381004333,0.03153616189956665,0.10673560220284554,4.446250528732618,0.1724137931034483,0.4174774960057224,2.4213694768331897
frame_005,frame_014,5,14,50,9,True,False,840,"swab, swob, mop",0.9753093750589623,0.02500055056296624,0.973453164100647,0.026546835899353027,0.12544743757738472,4.440645662000545,0.20043103448275862,0.22875972981864046,1.1413388670521416
frame_005,frame_015,5,15,50,10,False,False,840,"swab, swob, mop",0.3536583192767337,1.0394240317368588,0.6716881394386292,0.32831186056137085,0.06556311109916792,4.927447309861164,0.23060344827586207,0.15877314014974844,0.6885115610232082
frame_005,frame_016,5,16,50,11,False,False,676,muzzle,0.17955051114870121,1.7172987114820104,0.6116704940795898,0.38832950592041016,0.0758938392142434,4.645144715738978,0.2607758620689655,0.2043080496133724,0.7834622728975602
frame_005,frame_017,5,17,50,12,False,False,747,"punching bag, punch bag, punching ball, punchball",0.4219005604192203,0.8629856315303268,0.6788387894630432,0.3211612105369568,0.16505341358255624,4.219906470579802,0.24568965517241378,0.1837501053483832,0.7478951656285071
frame_006,frame_000,6,0,5,-6,False,True,407,ambulance,0.12765539174514146,2.0584208976818354,0.4940916895866394,0.5059083104133606,0.020467238618211203,5.709660935056896,0.09267241379310345,0.1803890289617043,1.946523475307693
frame_006,frame_001,6,1,5,-5,False,False,407,ambulance,0.20327061212613798,1.5932171230214092,0.5196596384048462,0.4803403615951538,0.02217042810196672,5.753791719933146,0.09698275862068965,0.17669197354725263,1.8218905716872271
frame_006,frame_002,6,2,5,-4,False,False,444,"bicycle-built-for-two, tandem bicycle, tandem",0.13047112270662012,2.0366033586474583,0.5055670738220215,0.4944329261779785,0.014621445797012684,5.766598146329179,0.09051724137931035,0.1727728077232129,1.9087281615135903
frame_006,frame_003,6,3,5,-3,False,False,407,ambulance,0.2015017291431778,1.601957316276498,0.5359689593315125,0.46403104066848755,0.01298285384378525,5.743085647541305,0.09482758620689655,0.21755661959540298,2.294233443006068
frame_006,frame_004,6,4,5,-2,False,False,444,"bicycle-built-for-two, tandem bicycle, tandem",0.3398919260795761,1.0791275763733843,0.595255434513092,0.40474456548690796,0.016619799627397017,5.66220273333604,0.08405172413793104,0.22760585757470023,2.7079261003759205
frame_006,frame_005,6,5,5,-1,False,False,407,ambulance,0.3168689413103473,1.149267024944618,0.5465472936630249,0.4534527063369751,0.013957381247712472,5.692482761243784,0.09051724137931035,0.23177030756968978,2.56051006457943
frame_006,frame_007,6,7,5,1,False,False,874,"trolleybus, trolley coach, trackless trolley",0.2632530522172589,1.334639533667711,0.5545852184295654,0.44541478157043457,0.01424485234282315,5.705145009623646,0.09698275862068965,0.21034242439255732,2.1688641092921466
frame_006,frame_008,6,8,5,2,False,False,874,"trolleybus, trolley coach, trackless trolley",0.1794903114814786,1.7176340475440535,0.554192066192627,0.44580793380737305,0.011164843904948499,5.752264141710944,0.09698275862068965,0.16653922342173189,1.7172044370596355
frame_006,frame_009,6,9,5,3,False,False,830,stretcher,0.31457938053398476,1.1565188323559372,0.6193962693214417,0.38060373067855835,0.03404109536081344,5.644787888937527,0.05387931034482758,0.2280124633749637,4.231911320239327
frame_006,frame_010,6,10,5,4,False,False,422,barbell,0.34195593866146956,1.0730733845425746,0.694621205329895,0.305378794670105,0.028359212215286582,5.559536320655341,0.07112068965517242,0.34474131213891557,4.847271782801721
frame_006,frame_011,6,11,5,5,False,False,422,barbell,0.509989632325597,0.673364882243737,0.6411625742912292,0.35883742570877075,0.02541749589212491,5.669673718557049,0.07543103448275862,0.23569039147422308,3.1245811898297005
frame_006,frame_012,6,12,5,6,False,False,830,stretcher,0.5374522823802008,0.6209152998882956,0.6933852434158325,0.3066147565841675,0.03743194089282721,5.615963373229771,0.11637931034482758,0.26720048743175007,2.295944929043186
frame_006,frame_013,6,13,5,7,True,False,840,"swab, swob, mop",0.4476478204005407,0.8037484708950817,0.7306418418884277,0.26935815811157227,0.019929738605084995,5.62414042882913,0.1724137931034483,0.38802539016688176,2.250547262967914
frame_006,frame_014,6,14,5,8,False,False,840,"swab, swob, mop",0.4559376992611091,0.7853991032291106,0.6848056316375732,0.31519436836242676,0.021329976758587138,5.647215494227515,0.20043103448275862,0.3963655949796849,1.9775659792534817
frame_006,frame_015,6,15,5,9,False,False,840,"swab, swob, mop",0.2264080950161345,1.4854161779206985,0.5471194982528687,0.45288050174713135,0.011504841860935143,5.870055679735524,0.23060344827586207,0.3438142601410981,1.4909328664062573
frame_006,frame_016,6,16,5,10,False,False,722,ping-pong ball,0.12988428275302502,2.041111357598929,0.5228743553161621,0.4771256446838379,0.012257300040818299,5.828759037003843,0.2607758620689655,0.4123808206758946,1.5813611635835958
frame_006,frame_017,6,17,5,11,False,False,840,"swab, swob, mop",0.23468292413890846,1.4495199348908532,0.5953739881515503,0.4046260118484497,0.02200869471827565,5.677485889199561,0.24568965517241378,0.3924944272754849,1.5975211776826754
frame_006,frame_000,6,0,10,-6,False,False,919,street sign,0.2868455391920684,1.2488113990676613,0.6109731197357178,0.3890268802642822,0.05139329069813442,4.931351333377118,0.09267241379310345,0.19152570308370226,2.066695958856694
frame_006,frame_001,6,1,10,-5,False,False,407,ambulance,0.2702000798540558,1.3085925579192361,0.643459677696228,0.356540322303772,0.04452689027118143,4.9890578070073515,0.09698275862068965,0.18419965263117247,1.8993030849080894
frame_006,frame_002,6,2,10,-4,False,False,919,street sign,0.28107920389078356,1.2691187849846801,0.628880500793457,0.37111949920654297,0.03981560489752759,5.070886754844034,0.09051724137931035,0.15262035777450647,1.6860915716040714
frame_006,frame_003,6,3,10,-3,False,False,444,"bicycle-built-for-two, tandem bicycle, tandem",0.2813081259210419,1.2683046768753152,0.6442954540252686,0.35570454597473145,0.03780514040909493,4.977003663144223,0.09482758620689655,0.2370521317108335,2.499822479859699
frame_006,frame_004,6,4,10,-2,True,False,444,"bicycle-built-for-two, tandem bicycle, tandem",0.48501176146737496,0.7235821378904954,0.7588115334510803,0.24118846654891968,0.035748038881911866,5.064878686080794,0.08405172413793104,0.1722574290036641,2.0494217194282087
frame_006,frame_005,6,5,10,-1,False,False,407,ambulance,0.4275998530854368,0.8495674434107334,0.6723388433456421,0.3276611566543579,0.03351079244676788,5.03255226520336,0.09051724137931035,0.16163582240511642,1.7856909903803337
frame_006,frame_007,6,7,10,1,False,False,919,street sign,0.2778586737364168,1.280642662408864,0.646615743637085,0.35338425636291504,0.03284566473096459,5.028668736069132,0.09698275862068965,0.10177428803309928,1.0494059921635126
frame_006,frame_008,6,8,10,2,False,False,627,"limousine, limo",0.37611691974842026,0.9778552271515677,0.6821677684783936,0.31783223152160645,0.04132563616539792,4.973771567685273,0.09698275862068965,0.12059215151305391,1.2434390733790448
frame_006,frame_009,6,9,10,3,False,False,830,stretcher,0.36410097746096326,1.0103240392095623,0.6794382333755493,0.3205617666244507,0.05169117083828974,4.950934836801085,0.05387931034482758,0.18752472465086925,3.4804588895201336
frame_006,frame_010,6,10,10,4,False,False,830,stretcher,0.45085048887872664,0.7966195046878537,0.7192917466163635,0.2807082533836365,0.034348663271893336,5.110405470164269,0.07112068965517242,0.27186068335250424,3.822525971986726
frame_006,frame_011,6,11,10,5,False,False,422,barbell,0.5170589756917201,0.6595983380748459,0.6652567386627197,0.3347432613372803,0.05728797757183255,4.810728935876469,0.07543103448275862,0.25779805447387993,3.4176656364537226
frame_006,frame_012,6,12,10,6,False,False,830,stretcher,0.2140669958691138,1.5414662481459045,0.5993518829345703,0.4006481170654297,0.03558650970738922,5.054753230094786,0.11637931034482758,0.27584679746529406,2.370239148590675
frame_006,frame_013,6,13,10,7,False,False,840,"swab, swob, mop",0.6066511152229971,0.4998014221557756,0.7311597466468811,0.2688402533531189,0.08930885171434286,4.859662382895616,0.1724137931034483,0.4692485146559305,2.721641385004397
frame_006,frame_014,6,14,10,8,False,False,840,"swab, swob, mop",0.4558095558027938,0.7856801974872996,0.6539525985717773,0.34604740142822266,0.045234099071825136,4.850024053274926,0.20043103448275862,0.4061218361239299,2.026242279155951
frame_006,frame_015,6,15,10,9,False,True,877,turnstile,0.24470771542806255,1.4076907788791146,0.5671014189720154,0.4328985810279846,0.044305481554531796,5.160243080482941,0.23060344827586207,0.2255911861751523,0.9782645830399128
frame_006,frame_016,6,16,10,10,False,False,877,turnstile,0.17739879358409408,1.7293550096704013,0.5775529742240906,0.4224470257759094,0.10089098075583532,4.760479169385061,0.2607758620689655,0.2250901063599942,0.8631554491821265
frame_006,frame_017,6,17,10,11,False,False,877,turnstile,0.3009543852031714,1.2007965698927503,0.606727123260498,0.39327287673950195,0.0930013691307152,4.78560742810504,0.24568965517241378,0.2269810246468473,0.9238525915450627
frame_006,frame_000,6,0,20,-6,False,False,919,street sign,0.6721204415489872,0.39731772602297877,0.8086676597595215,0.19133234024047852,0.02229099384233802,5.568842285912535,0.09267241379310345,0.13612647758084567,1.4688996650584276
frame_006,frame_001,6,1,20,-5,False,False,919,street sign,0.5361603641088368,0.6233219758885538,0.7898116111755371,0.2101883888244629,0.03556532862125795,5.54545531965845,0.09698275862068965,0.15355190745246086,1.5832907790653743
frame_006,frame_002,6,2,20,-4,False,False,444,"bicycle-built-for-two, tandem bicycle, tandem",0.4534349108640331,0.7909035459372267,0.7993285059928894,0.2006714940071106,0.04188053191594295,5.505753354268754,0.09051724137931035,0.16664514720408546,1.8410321024451346
frame_006,frame_003,6,3,20,-3,False,False,444,"bicycle-built-for-two, tandem bicycle, tandem",0.6287915527859678,0.46395547182193053,0.8086832165718079,0.19131678342819214,0.029771111465416483,5.535223792417481,0.09482758620689655,0.1918768870099023,2.0234289902862423
frame_006,frame_004,6,4,20,-2,False,False,444,"bicycle-built-for-two, tandem bicycle, tandem",0.822953748841286,0.19485527813298908,0.8942539691925049,0.10574603080749512,0.028510404763358636,5.584001254738459,0.08405172413793104,0.14002142392958422,1.665895915469925
frame_006,frame_005,6,5,20,-1,False,False,444,"bicycle-built-for-two, tandem bicycle, tandem",0.6180475281979246,0.48118991801246347,0.788644015789032,0.21135598421096802,0.029236472678725697,5.503049485328891,0.09051724137931035,0.1576889119734195,1.7420870275158726
frame_006,frame_007,6,7,20,1,False,False,919,street sign,0.7336439325442594,0.3097314735949057,0.8525481820106506,0.14745181798934937,0.02292663601935907,5.564521559824707,0.09698275862068965,0.11897882907307684,1.2268039264423924
frame_006,frame_008,6,8,20,2,False,False,444,"bicycle-built-for-two, tandem bicycle, tandem",0.2809816923974659,1.2694657633812914,0.7462445497512817,0.25375545024871826,0.045072768758831226,5.4882494168506195,0.09698275862068965,0.1366582392419575,1.4090982890726285
frame_006,frame_009,6,9,20,3,False,False,747,"punching bag, punch bag, punching ball, punchball",0.691933987817344,0.36826472124223786,0.7937892079353333,0.20621079206466675,0.02070820353402094,5.419035934579927,0.05387931034482758,0.09846503938498227,1.8275111309852712
frame_006,frame_010,6,10,20,4,False,False,830,stretcher,0.28912747588223325,1.2408875951045246,0.6615685224533081,0.3384314775466919,0.02009044048285755,5.473367515982515,0.07112068965517242,0.13772202771660022,1.9364551775909848
frame_006,frame_011,6,11,20,5,False,True,870,"tricycle, trike, velocipede",0.1504925520339754,1.8938416841641281,0.5171505212783813,0.48284947872161865,0.025118883984199054,5.428384582074736,0.07543103448275862,0.12907742721506107,1.711197892222524
frame_006,frame_012,6,12,20,6,False,False,840,"swab, swob, mop",0.5099532072876517,0.6734363078894616,0.7002151608467102,0.2997848391532898,0.02167010635685341,5.457878824545418,0.11637931034482758,0.17125659401350937,1.4715381411531177
frame_006,frame_013,6,13,20,7,True,False,840,"swab, swob, mop",0.9561066039021816,0.04488586178962306,0.9557000398635864,0.044299960136413574,0.028093304533220165,5.3329719730593865,0.1724137931034483,0.28139160151671766,1.6320712887969624
frame_006,frame_014,6,14,20,8,False,False,840,"swab, swob, mop",0.9080013896688314,0.09650936990973369,0.9120940566062927,0.08790594339370728,0.033024028811387544,5.260732393151199,0.20043103448275862,0.28542996198543047,1.424080670550965
frame_006,frame_015,6,15,20,9,False,False,840,"swab, swob, mop",0.4753383105700843,0.7437284956857684,0.6377968788146973,0.36220312118530273,0.05077386376147983,5.355142198858618,0.23060344827586207,0.1570591597723457,0.6810789732183963
frame_006,frame_016,6,16,20,10,False,False,840,"swab, swob, mop",0.3055924217076649,1.1855030200742618,0.5811821222305298,0.4188178777694702,0.05464537252792075,5.348459779311595,0.2607758620689655,0.19063233928496504,0.7310198795720974
frame_006,frame_017,6,17,20,11,False,False,615,knee pad,0.5777160967402597,0.5486727130894851,0.7417512536048889,0.2582487463951111,0.052818141794689896,5.3488011705383185,0.24568965517241378,0.2276118336148232,0.9264200947129647
frame_006,frame_000,6,0,30,-6,False,False,627,"limousine, limo",0.6953991130629722,0.36326933484351187,0.8037136793136597,0.19628632068634033,0.027528889497483163,5.666955557132913,0.09267241379310345,0.10761425003052165,1.1612328375386523
frame_006,frame_001,6,1,30,-5,False,False,627,"limousine, limo",0.9366737176481107,0.06542027761259206,0.9459592700004578,0.054040729999542236,0.028723394805758112,5.645739938697449,0.09698275862068965,0.12334445652596603,1.2718183961788496
frame_006,frame_002,6,2,30,-4,False,False,627,"limousine, limo",0.4737252724261109,0.7471277193543546,0.7848544120788574,0.21514558792114258,0.028097793844236385,5.649237358572685,0.09051724137931035,0.12736861165797012,1.4071199002213841
frame_006,frame_003,6,3,30,-3,False,False,444,"bicycle-built-for-two, tandem bicycle, tandem",0.5843877839519032,0.5371905028971363,0.789193332195282,0.21080666780471802,0.025226059914981183,5.638021013577054,0.09482758620689655,0.14563686201038115,1.5358069084731103
frame_006,frame_004,6,4,30,-2,False,False,444,"bicycle-built-for-two, tandem bicycle, tandem",0.9099566798692678,0.09435828514363953,0.9289441108703613,0.07105588912963867,0.023906590350755062,5.683138795102702,0.08405172413793104,0.12023168285807866,1.4304487396448333
frame_006,frame_005,6,5,30,-1,False,False,444,"bicycle-built-for-two, tandem bicycle, tandem",0.5563891497648626,0.5862873199050505,0.7820481061935425,0.21795189380645752,0.026396471993976156,5.6430761237134845,0.09051724137931035,0.1565326087100823,1.7293126295590042
frame_006,frame_007,6,7,30,1,False,False,627,"limousine, limo",0.7175791973905493,0.3318719578013487,0.8227907419204712,0.1772092580795288,0.024575825452687685,5.710259974493361,0.09698275862068965,0.12230542082173529,1.261104783584115
frame_006,frame_008,6,8,30,2,False,False,627,"limousine, limo",0.8712792378176564,0.13779275899970855,0.9134699106216431,0.08653008937835693,0.0251965664864383,5.688906750995839,0.09698275862068965,0.10343797288031349,1.0665604314770103
frame_006,frame_009,6,9,30,3,False,False,747,"punching bag, punch bag, punching ball, punchball",0.47716687919442713,0.7398889977169395,0.734700083732605,0.265299916267395,0.023534309071382903,5.464566414828014,0.05387931034482758,0.044858685414723626,0.8325772012972705
frame_006,frame_010,6,10,30,4,False,False,422,barbell,0.270282420541596,1.3082878646567644,0.6769339442253113,0.3230660557746887,0.01891386319188558,5.4945290010045085,0.07112068965517242,0.0875936740325051,1.231620143972193
frame_006,frame_011,6,11,30,5,False,False,422,barbell,0.40007396788430755,0.9161058292589284,0.6686528325080872,0.33134716749191284,0.022773794867708145,5.45079864367698,0.07543103448275862,0.09411734367681356,1.2477270704583283
frame_006,frame_012,6,12,30,6,False,False,851,"television, television system",0.4352126860689824,0.8319204338905726,0.7433435916900635,0.2566564083099365,0.022067869225798807,5.484938715793833,0.11637931034482758,0.09245565139825199,0.794433745347943
frame_006,frame_013,6,13,30,7,True,False,840,"swab, swob, mop",0.9735273648969754,0.026829344758098728,0.971435546875,0.028564453125,0.026045914913813355,5.477410448957672,0.1724137931034483,0.1784374906728896,1.0349374459027596
frame_006,frame_014,6,14,30,8,False,False,840,"swab, swob, mop",0.9304955343354399,0.07203800212097722,0.9299262762069702,0.07007372379302979,0.0506522689034256,5.301498636024258,0.20043103448275862,0.19283682083261794,0.9621105899605884
frame_006,frame_015,6,15,30,9,False,False,840,"swab, swob, mop",0.49541247398307875,0.70236458262523,0.68141770362854,0.31858229637145996,0.02801107034978008,5.452794431701003,0.23060344827586207,0.1512861436690996,0.656044585630488
frame_006,frame_016,6,16,30,10,False,True,840,"swab, swob, mop",0.3889763418596011,0.9442367550548131,0.6266717910766602,0.37332820892333984,0.0376702279089074,5.450047745736303,0.2607758620689655,0.20621064429908864,0.7907581731799762
frame_006,frame_017,6,17,30,11,False,False,840,"swab, swob, mop",0.4856867866369469,0.7221913347833917,0.6637557148933411,0.33624428510665894,0.04118424643459108,5.245615475636167,0.24568965517241378,0.23289806571134164,0.9479359867549344
frame_006,frame_000,6,0,40,-6,False,True,731,"plunger, plumber's helper",0.18675734359137044,1.677945132629249,0.5954543352127075,0.4045456647872925,0.03317044337849622,5.149965301032914,0.09267241379310345,0.25249918058740883,2.7246423207571557
frame_006,frame_001,6,1,40,-5,False,False,627,"limousine, limo",0.3375997073434577,1.085894383134355,0.6687834858894348,0.3312165141105652,0.024819409600040945,5.193271329554998,0.09698275862068965,0.2836311126034388,2.9245519166221245
frame_006,frame_002,6,2,40,-4,False,False,444,"bicycle-built-for-two, tandem bicycle, tandem",0.45221402695802365,0.7935997002517694,0.7103736996650696,0.2896263003349304,0.03925779450080542,5.254079182253609,0.09051724137931035,0.22226158307120347,2.455461298691391
frame_006,frame_003,6,3,40,-3,False,False,444,"bicycle-built-for-two, tandem bicycle, tandem",0.6355021013583393,0.4533398817360035,0.7810079455375671,0.21899205446243286,0.024825222672523063,5.245023863113107,0.09482758620689655,0.2674281000487978,2.820150873241868
frame_006,frame_004,6,4,40,-2,False,False,444,"bicycle-built-for-two, tandem bicycle, tandem",0.8588106614994799,0.15220679863971143,0.9034790992736816,0.09652090072631836,0.02510978812499746,5.145195916161695,0.08405172413793104,0.2971022986170406,3.534755552777099
frame_006,frame_005,6,5,40,-1,False,False,444,"bicycle-built-for-two, tandem bicycle, tandem",0.39598369841760167,0.9263822341871005,0.7029745578765869,0.2970254421234131,0.023336998956835966,5.227841167298541,0.09051724137931035,0.2787395756887918,3.079408645704748
frame_006,frame_007,6,7,40,1,False,False,407,ambulance,0.23891891771393933,1.431631041038139,0.6372805833816528,0.36271941661834717,0.029467621736613738,5.1758725859013595,0.09698275862068965,0.2578807752825993,2.659037327358357
frame_006,frame_008,6,8,40,2,False,False,627,"limousine, limo",0.3545754593506762,1.0368340943057917,0.6981737613677979,0.30182623863220215,0.02578331707592544,5.240179628280101,0.09698275862068965,0.22155895670926587,2.2845190202910968
frame_006,frame_009,6,9,40,3,False,False,747,"punching bag, punch bag, punching ball, punchball",0.3329668061459505,1.0997124752135905,0.7336350083351135,0.2663649916648865,0.10825781925193823,4.518360964246593,0.05387931034482758,0.47095605653642786,8.740944409316102
frame_006,frame_010,6,10,40,4,False,False,830,stretcher,0.39632558290525793,0.9255192264780288,0.7325524687767029,0.2674475312232971,0.09696538598434502,4.379449328954868,0.07112068965517242,0.6348430893045752,8.926278589009785
frame_006,frame_011,6,11,40,5,False,False,851,"television, television system",0.45641720859050283,0.784347956642583,0.665413498878479,0.334586501121521,0.09123559440926175,4.531066000543427,0.07543103448275862,0.5299961855928822,7.0262351461456385
frame_006,frame_012,6,12,40,6,False,False,851,"television, television system",0.4567279714110234,0.7836673138722463,0.7872216701507568,0.21277832984924316,0.09520986634917822,4.599653390605974,0.11637931034482758,0.5042467719423449,4.3327870774305195
frame_006,frame_013,6,13,40,7,True,False,840,"swab, swob, mop",0.9820650752035959,0.018097704795198233,0.9805395603179932,0.019460439682006836,0.07533954788711267,4.800893220395899,0.1724137931034483,0.6989944799173454,4.054167983520603
frame_006,frame_014,6,14,40,8,False,False,840,"swab, swob, mop",0.971877707708207,0.028525297552096873,0.9704321622848511,0.029567837715148926,0.0476679586893144,4.855110927195826,0.20043103448275862,0.630493302317878,3.1456870137150044
frame_006,frame_015,6,15,40,9,False,False,840,"swab, swob, mop",0.542236148523198,0.6120536740491858,0.7133426070213318,0.2866573929786682,0.030107006401470758,5.246195892480605,0.23060344827586207,0.5307636747410192,2.301629393269466
frame_006,frame_016,6,16,40,10,False,False,840,"swab, swob, mop",0.37406171540007144,0.9833344807422963,0.6455262899398804,0.35447371006011963,0.03545223899340889,5.116100152899653,0.2607758620689655,0.6348017347900393,2.434281032583291
frame_006,frame_017,6,17,40,11,False,False,840,"swab, swob, mop",0.5217514797058515,0.6505638969850507,0.7173216938972473,0.2826783061027527,0.05514777864410131,4.968686859581513,0.24568965517241378,0.5881132681762787,2.3937241792438013
frame_006,frame_000,6,0,50,-6,False,False,407,ambulance,0.3191924116548509,1.1419611867001846,0.6593103408813477,0.34068965911865234,0.07819997029128854,4.670179390119418,0.09267241379310345,0.27281937347558755,2.943911378899363
frame_006,frame_001,6,1,50,-5,False,False,407,ambulance,0.5577660519924591,0.5838156661778303,0.7282043695449829,0.2717956304550171,0.061563726350815605,4.872332748764892,0.09698275862068965,0.19812191524082928,2.0428570815943288
frame_006,frame_002,6,2,50,-4,False,False,555,"fire engine, fire truck",0.3060912473172303,1.1838720276335473,0.7100344300270081,0.28996556997299194,0.08668575389250732,4.676357800360387,0.09051724137931035,0.2428587089559493,2.683010498941916
frame_006,frame_003,6,3,50,-3,False,False,407,ambulance,0.6485603210577703,0.433000263271091,0.8066418170928955,0.1933581829071045,0.08554617030916738,4.684034489727953,0.09482758620689655,0.3546219963059892,3.7396501428631588
frame_006,frame_004,6,4,50,-2,False,False,407,ambulance,0.6814976258981256,0.3834625114933996,0.836336076259613,0.16366392374038696,0.061161734188667806,4.79693569305644,0.08405172413793104,0.24942338087537727,2.96749868528654
frame_006,frame_005,6,5,50,-1,False,False,407,ambulance,0.6837573846293366,0.3801521251151101,0.787960946559906,0.212039053440094,0.05151364083749945,4.839634396570162,0.09051724137931035,0.21958127906238045,2.425850321070108
frame_006,frame_007,6,7,50,1,False,False,407,ambulance,0.6706303712226347,0.3995371563503894,0.8059227466583252,0.1940772533416748,0.0406475105892966,4.950115415576912,0.09698275862068965,0.15635879688762738,1.6122329279079801
frame_006,frame_008,6,8,50,2,False,False,407,ambulance,0.638003057983323,0.44941220257152514,0.799686849117279,0.20031315088272095,0.14811179585876277,4.652970917557299,0.09698275862068965,0.11590113959452311,1.1950695282635273
frame_006,frame_009,6,9,50,3,False,False,747,"punching bag, punch bag, punching ball, punchball",0.7213100305668494,0.32668623333483326,0.8411332368850708,0.1588667631149292,0.12405326033375762,4.54464518487951,0.05387931034482758,0.3628459785626478,6.734421362122744
frame_006,frame_010,6,10,50,4,False,False,830,stretcher,0.3501219318353653,1.0494738084952684,0.727358341217041,0.272641658782959,0.06642746271566094,4.552455813870028,0.07112068965517242,0.5042666705430783,7.090295003999646
frame_006,frame_011,6,11,50,5,False,True,851,"television, television system",0.3053022697905636,1.186452944645412,0.604576826095581,0.39542317390441895,0.06907930584095105,4.603923597447921,0.07543103448275862,0.3050828155490237,4.044526468992772
frame_006,frame_012,6,12,50,6,False,False,851,"television, television system",0.6091084005218297,0.4957590295391374,0.7750148177146912,0.22498518228530884,0.06873698397271866,4.473586584369613,0.11637931034482758,0.2777799142602194,2.386849633643367
frame_006,frame_013,6,13,50,7,False,False,840,"swab, swob, mop",0.9664691158263239,0.03410593549891772,0.9684638381004333,0.03153616189956665,0.12653639549642007,4.194358940328662,0.1724137931034483,0.42492820176468377,2.4645835702351655
frame_006,frame_014,6,14,50,8,True,False,840,"swab, swob, mop",0.9753093750589623,0.02500055056296624,0.973453164100647,0.026546835899353027,0.12977746290437586,4.286333929725062,0.20043103448275862,0.21979907918068592,1.0966319649444976
frame_006,frame_015,6,15,50,9,False,False,840,"swab, swob, mop",0.3536583192767337,1.0394240317368588,0.6716881394386292,0.32831186056137085,0.07481055076074768,4.776077983642008,0.23060344827586207,0.16359170289653893,0.7094070106915333
frame_006,frame_016,6,16,50,10,False,False,676,muzzle,0.17955051114870121,1.7172987114820104,0.6116704940795898,0.38832950592041016,0.0835611141018818,4.519643987498978,0.2607758620689655,0.20122966768910652,0.7716575686590531
frame_006,frame_017,6,17,50,11,False,False,747,"punching bag, punch bag, punching ball, punchball",0.4219005604192203,0.8629856315303268,0.6788387894630432,0.3211612105369568,0.16178832800963136,4.103983270213875,0.24568965517241378,0.19808273382281066,0.8062314780156504
frame_007,frame_000,7,0,5,-7,False,True,407,ambulance,0.12765539174514146,2.0584208976818354,0.4940916895866394,0.5059083104133606,0.02235470667455634,5.699444521792669,0.09267241379310345,0.18226731558945092,1.96679149845361
frame_007,frame_001,7,1,5,-6,False,False,407,ambulance,0.20327061212613798,1.5932171230214092,0.5196596384048462,0.4803403615951538,0.023704499090869333,5.747604704206079,0.09698275862068965,0.1771445299301514,1.8265569308353389
frame_007,frame_002,7,2,5,-5,False,False,444,"bicycle-built-for-two, tandem bicycle, tandem",0.13047112270662012,2.0366033586474583,0.5055670738220215,0.4944329261779785,0.014771197924838494,5.763889283580628,0.09051724137931035,0.1721899857781106,1.9022893666915075
frame_007,frame_003,7,3,5,-4,False,False,407,ambulance,0.2015017291431778,1.601957316276498,0.5359689593315125,0.46403104066848755,0.012626414437366573,5.740712844278386,0.09482758620689655,0.21552623059520676,2.2728220680949076
frame_007,frame_004,7,4,5,-3,False,False,444,"bicycle-built-for-two, tandem bicycle, tandem",0.3398919260795761,1.0791275763733843,0.595255434513092,0.40474456548690796,0.016475222708312042,5.661185332058326,0.08405172413793104,0.22516947614380695,2.6789394084801645
frame_007,frame_005,7,5,5,-2,False,False,407,ambulance,0.3168689413103473,1.149267024944618,0.5465472936630249,0.4534527063369751,0.014220980987930556,5.68569382157521,0.09051724137931035,0.2334403825274737,2.578960416493995
frame_007,frame_006,7,6,5,-1,False,False,407,ambulance,0.20271394967644382,1.5959594085707431,0.4976463317871094,0.5023536682128906,0.016674693567023002,5.686812930097528,0.08836206896551724,0.23746575996418975,2.6874173810581476
frame_007,frame_008,7,8,5,1,False,False,874,"trolleybus, trolley coach, trackless trolley",0.1794903114814786,1.7176340475440535,0.554192066192627,0.44580793380737305,0.010939365205931566,5.748957293091257,0.09698275862068965,0.16704019855773228,1.7223700473508394
frame_007,frame_009,7,9,5,2,False,False,830,stretcher,0.31457938053398476,1.1565188323559372,0.6193962693214417,0.38060373067855835,0.03477109543055297,5.622998096255225,0.05387931034482758,0.23271221917653576,4.319138787916504
frame_007,frame_010,7,10,5,3,False,False,422,barbell,0.34195593866146956,1.0730733845425746,0.694621205329895,0.305378794670105,0.028094262046175333,5.538880227930013,0.07112068965517242,0.35078978437467545,4.932316968177255
frame_007,frame_011,7,11,5,4,False,False,422,barbell,0.509989632325597,0.673364882243737,0.6411625742912292,0.35883742570877075,0.027398412917417833,5.652675819529645,0.07543103448275862,0.2385530857478584,3.162532336771609
frame_007,frame_012,7,12,5,5,False,False,830,stretcher,0.5374522823802008,0.6209152998882956,0.6933852434158325,0.3066147565841675,0.0391781477617996,5.596829709718403,0.11637931034482758,0.2675550217027085,2.2989912975936435
frame_007,frame_013,7,13,5,6,True,False,840,"swab, swob, mop",0.4476478204005407,0.8037484708950817,0.7306418418884277,0.26935815811157227,0.020832714147811036,5.601808319143074,0.1724137931034483,0.3893450712731029,2.258201413383997
frame_007,frame_014,7,14,5,7,False,False,840,"swab, swob, mop",0.4559376992611091,0.7853991032291106,0.6848056316375732,0.31519436836242676,0.02330581277394793,5.62343581091598,0.20043103448275862,0.3932593974040847,1.962068391349412
frame_007,frame_015,7,15,5,8,False,False,840,"swab, swob, mop",0.2264080950161345,1.4854161779206985,0.5471194982528687,0.45288050174713135,0.011882875220505516,5.857395242556969,0.23060344827586207,0.3448151476772454,1.4952731637592698
frame_007,frame_016,7,16,5,9,False,False,722,ping-pong ball,0.12988428275302502,2.041111357598929,0.5228743553161621,0.4771256446838379,0.012992506045067609,5.814685700518189,0.2607758620689655,0.41424277386924113,1.5885012154985776
frame_007,frame_017,7,17,5,10,False,False,840,"swab, swob, mop",0.23468292413890846,1.4495199348908532,0.5953739881515503,0.4046260118484497,0.02218013631963944,5.65732638496932,0.24568965517241378,0.39439187574811707,1.6052441258519854
frame_007,frame_000,7,0,10,-7,False,False,919,street sign,0.2868455391920684,1.2488113990676613,0.6109731197357178,0.3890268802642822,0.051690536815395975,4.91309436779659,0.09267241379310345,0.1951022384305354,2.1052892705062423
frame_007,frame_001,7,1,10,-6,False,False,407,ambulance,0.2702000798540558,1.3085925579192361,0.643459677696228,0.356540322303772,0.04127891277962591,4.977358509626283,0.09698275862068965,0.18208796318684267,1.8775292204154443
frame_007,frame_002,7,2,10,-5,False,False,919,street sign,0.28107920389078356,1.2691187849846801,0.628880500793457,0.37111949920654297,0.04060788901538432,5.056237720008916,0.09051724137931035,0.15515741654323,1.7141200303823505
frame_007,frame_003,7,3,10,-4,False,False,444,"bicycle-built-for-two, tandem bicycle, tandem",0.2813081259210419,1.2683046768753152,0.6442954540252686,0.35570454597473145,0.03850074537221815,4.971858998646335,0.09482758620689655,0.23414289192409007,2.469143223926768
frame_007,frame_004,7,4,10,-3,True,False,444,"bicycle-built-for-two, tandem bicycle, tandem",0.48501176146737496,0.7235821378904954,0.7588115334510803,0.24118846654891968,0.03773686191435671,5.053835900565286,0.08405172413793104,0.16834627504419505,2.0028890159104233
frame_007,frame_005,7,5,10,-2,False,False,407,ambulance,0.4275998530854368,0.8495674434107334,0.6723388433456421,0.3276611566543579,0.031041802581657327,5.0125802805946105,0.09051724137931035,0.16965679957582924,1.8743036905520183
frame_007,frame_006,7,6,10,-1,False,False,919,street sign,0.18339316334512576,1.6961229971439786,0.610528290271759,0.38947170972824097,0.04341496134405846,4.909554515508222,0.08836206896551724,0.16504999697019998,1.8678828925407998
frame_007,frame_008,7,8,10,1,False,False,627,"limousine, limo",0.37611691974842026,0.9778552271515677,0.6821677684783936,0.31783223152160645,0.04176898622877865,4.958693912731894,0.09698275862068965,0.1261717208994226,1.3009706332740465
frame_007,frame_009,7,9,10,2,False,False,830,stretcher,0.36410097746096326,1.0103240392095623,0.6794382333755493,0.3205617666244507,0.04991124176522529,4.905351788099882,0.05387931034482758,0.19666295583412793,3.6500644602814147
frame_007,frame_010,7,10,10,3,False,False,830,stretcher,0.45085048887872664,0.7966195046878537,0.7192917466163635,0.2807082533836365,0.03599485804512749,5.068527442723243,0.07112068965517242,0.2759993256196247,3.8807177905304804
frame_007,frame_011,7,11,10,4,False,False,422,barbell,0.5170589756917201,0.6595983380748459,0.6652567386627197,0.3347432613372803,0.06045952351377469,4.76998129798626,0.07543103448275862,0.2637953055579139,3.4971720508249162
frame_007,frame_012,7,12,10,5,False,False,830,stretcher,0.2140669958691138,1.5414662481459045,0.5993518829345703,0.4006481170654297,0.036250152161968835,4.99912029701463,0.11637931034482758,0.2775767447869394,2.38510388113222
frame_007,frame_013,7,13,10,6,False,False,840,"swab, swob, mop",0.6066511152229971,0.4998014221557756,0.7311597466468811,0.2688402533531189,0.09593395088253791,4.781381388364196,0.1724137931034483,0.467885810074366,2.7137376984313226
frame_007,frame_014,7,14,10,7,False,False,840,"swab, swob, mop",0.4558095558027938,0.7856801974872996,0.6539525985717773,0.34604740142822266,0.04666817084104249,4.7719638750724735,0.20043103448275862,0.40120591800442235,2.0017155478930317
frame_007,frame_015,7,15,10,8,False,True,877,turnstile,0.24470771542806255,1.4076907788791146,0.5671014189720154,0.4328985810279846,0.05181431694679903,5.083150011111373,0.23060344827586207,0.22599963617199487,0.9800358054561272
frame_007,frame_016,7,16,10,9,False,False,877,turnstile,0.17739879358409408,1.7293550096704013,0.5775529742240906,0.4224470257759094,0.10537152816115188,4.674198531080943,0.2607758620689655,0.2264455746521293,0.8683532780048595
frame_007,frame_017,7,17,10,10,False,False,877,turnstile,0.3009543852031714,1.2007965698927503,0.606727123260498,0.39327287673950195,0.09977380169397061,4.716138196988653,0.24568965517241378,0.22501415792101737,0.915847098906597
frame_007,frame_000,7,0,20,-7,False,False,919,street sign,0.6721204415489872,0.39731772602297877,0.8086676597595215,0.19133234024047852,0.02390048457075779,5.540548114582359,0.09267241379310345,0.1364986605844914,1.4729157793303256
frame_007,frame_001,7,1,20,-6,False,False,919,street sign,0.5361603641088368,0.6233219758885538,0.7898116111755371,0.2101883888244629,0.03633881787472882,5.519181876573781,0.09698275862068965,0.15859366959057747,1.6352769486672878
frame_007,frame_002,7,2,20,-5,False,False,444,"bicycle-built-for-two, tandem bicycle, tandem",0.4534349108640331,0.7909035459372267,0.7993285059928894,0.2006714940071106,0.043136068366080665,5.4828479027977455,0.09051724137931035,0.16460827711408835,1.818529537641357
frame_007,frame_003,7,3,20,-4,False,False,444,"bicycle-built-for-two, tandem bicycle, tandem",0.6287915527859678,0.46395547182193053,0.8086832165718079,0.19131678342819214,0.030895978519430402,5.510875423145854,0.09482758620689655,0.19255799214467853,2.0306115535257008
frame_007,frame_004,7,4,20,-3,False,False,444,"bicycle-built-for-two, tandem bicycle, tandem",0.822953748841286,0.19485527813298908,0.8942539691925049,0.10574603080749512,0.030159158596610478,5.556099570665076,0.08405172413793104,0.14178817399828636,1.6869157111590993
frame_007,frame_005,7,5,20,-2,False,False,444,"bicycle-built-for-two, tandem bicycle, tandem",0.6180475281979246,0.48118991801246347,0.788644015789032,0.21135598421096802,0.029112274241514448,5.472425536667462,0.09051724137931035,0.1577656973138052,1.7429353227048954
frame_007,frame_006,7,6,20,-1,False,False,919,street sign,0.5036988987757571,0.6857766125030091,0.7584443092346191,0.24155569076538086,0.040007203789422845,5.471689765891929,0.08836206896551724,0.15287022561332894,1.7300435288923082
frame_007,frame_008,7,8,20,1,False,False,444,"bicycle-built-for-two, tandem bicycle, tandem",0.2809816923974659,1.2694657633812914,0.7462445497512817,0.25375545024871826,0.041395597060167766,5.468479525006916,0.09698275862068965,0.1411552239244165,1.4554671977984281
frame_007,frame_009,7,9,20,2,False,False,747,"punching bag, punch bag, punching ball, punchball",0.691933987817344,0.36826472124223786,0.7937892079353333,0.20621079206466675,0.022442167945896745,5.40754158183402,0.05387931034482758,0.10700011549043831,1.9859221435025352
frame_007,frame_010,7,10,20,3,False,False,830,stretcher,0.28912747588223325,1.2408875951045246,0.6615685224533081,0.3384314775466919,0.019748255473855142,5.472058964050703,0.07112068965517242,0.1506841899880747,2.1187110349838383
frame_007,frame_011,7,11,20,4,False,True,870,"tricycle, trike, velocipede",0.1504925520339754,1.8938416841641281,0.5171505212783813,0.48284947872161865,0.027269609179424538,5.40828208377641,0.07543103448275862,0.1402687075185093,1.8595622939596663
frame_007,frame_012,7,12,20,5,False,False,840,"swab, swob, mop",0.5099532072876517,0.6734363078894616,0.7002151608467102,0.2997848391532898,0.020426131569268785,5.46177051364643,0.11637931034482758,0.18419568495833713,1.5827184781605266
frame_007,frame_013,7,13,20,6,True,False,840,"swab, swob, mop",0.9561066039021816,0.04488586178962306,0.9557000398635864,0.044299960136413574,0.0269771253300405,5.33234410583947,0.1724137931034483,0.30640539778978426,1.7771513071807485
frame_007,frame_014,7,14,20,7,False,False,840,"swab, swob, mop",0.9080013896688314,0.09650936990973369,0.9120940566062927,0.08790594339370728,0.03463007906716027,5.247464765527419,0.20043103448275862,0.30656467392565967,1.5295269752850118
frame_007,frame_015,7,15,20,8,False,False,840,"swab, swob, mop",0.4753383105700843,0.7437284956857684,0.6377968788146973,0.36220312118530273,0.0536693116162411,5.361577503203096,0.23060344827586207,0.16884517907261698,0.7321884400906007
frame_007,frame_016,7,16,20,9,False,False,840,"swab, swob, mop",0.3055924217076649,1.1855030200742618,0.5811821222305298,0.4188178777694702,0.0538317327556278,5.372282187138355,0.2607758620689655,0.20374774289564032,0.7813136587072488
frame_007,frame_017,7,17,20,10,False,False,615,knee pad,0.5777160967402597,0.5486727130894851,0.7417512536048889,0.2582487463951111,0.05143202004456419,5.356482264822172,0.24568965517241378,0.23781109334106257,0.9679328711425705
frame_007,frame_000,7,0,30,-7,False,False,627,"limousine, limo",0.6953991130629722,0.36326933484351187,0.8037136793136597,0.19628632068634033,0.026560220759464695,5.684757998075066,0.09267241379310345,0.1058531815424867,1.1422296799003215
frame_007,frame_001,7,1,30,-6,False,False,627,"limousine, limo",0.9366737176481107,0.06542027761259206,0.9459592700004578,0.054040729999542236,0.0299302826412364,5.660824573755436,0.09698275862068965,0.11862605455126364,1.2231664291508073
frame_007,frame_002,7,2,30,-5,False,False,627,"limousine, limo",0.4737252724261109,0.7471277193543546,0.7848544120788574,0.21514558792114258,0.027133396796195954,5.672552328367555,0.09051724137931035,0.11955636377050315,1.3208131616550824
frame_007,frame_003,7,3,30,-4,False,False,444,"bicycle-built-for-two, tandem bicycle, tandem",0.5843877839519032,0.5371905028971363,0.789193332195282,0.21080666780471802,0.023700268658746523,5.661976907479134,0.09482758620689655,0.13800567597793104,1.4553325830400001
frame_007,frame_004,7,4,30,-3,False,False,444,"bicycle-built-for-two, tandem bicycle, tandem",0.9099566798692678,0.09435828514363953,0.9289441108703613,0.07105588912963867,0.02222795798058712,5.704275091657156,0.08405172413793104,0.11482708447478036,1.366147876828156
frame_007,frame_005,7,5,30,-2,False,False,444,"bicycle-built-for-two, tandem bicycle, tandem",0.5563891497648626,0.5862873199050505,0.7820481061935425,0.21795189380645752,0.026554989249373898,5.648025990834663,0.09051724137931035,0.1579832426178917,1.7453386803500417
frame_007,frame_006,7,6,30,-1,False,False,627,"limousine, limo",0.8182260906646271,0.20061658611376632,0.8708020448684692,0.12919795513153076,0.027007111757033925,5.686753750656576,0.08836206896551724,0.11985268066427468,1.3563815567859379
frame_007,frame_008,7,8,30,1,False,False,627,"limousine, limo",0.8712792378176564,0.13779275899970855,0.9134699106216431,0.08653008937835693,0.023134643087230723,5.7120499404448335,0.09698275862068965,0.10069873510934295,1.0383158464607807
frame_007,frame_009,7,9,30,2,False,False,747,"punching bag, punch bag, punching ball, punchball",0.47716687919442713,0.7398889977169395,0.734700083732605,0.265299916267395,0.026662959237035187,5.459354944990098,0.05387931034482758,0.045332002769424964,0.8413619714005274
frame_007,frame_010,7,10,30,3,False,False,422,barbell,0.270282420541596,1.3082878646567644,0.6769339442253113,0.3230660557746887,0.018586073411750725,5.516504595819873,0.07112068965517242,0.09011696213004994,1.267099103889187
frame_007,frame_011,7,11,30,4,False,False,422,barbell,0.40007396788430755,0.9161058292589284,0.6686528325080872,0.33134716749191284,0.025908891431045897,5.454579110656173,0.07543103448275862,0.0915712119543417,1.2139726384804157
frame_007,frame_012,7,12,30,5,False,False,851,"television, television system",0.4352126860689824,0.8319204338905726,0.7433435916900635,0.2566564083099365,0.020651968423682644,5.506694411827917,0.11637931034482758,0.09919678054781339,0.8523575217441743
frame_007,frame_013,7,13,30,6,True,False,840,"swab, swob, mop",0.9735273648969754,0.026829344758098728,0.971435546875,0.028564453125,0.02353916369333387,5.50331489344378,0.1724137931034483,0.18604478664959068,1.079059762567626
frame_007,frame_014,7,14,30,7,False,False,840,"swab, swob, mop",0.9304955343354399,0.07203800212097722,0.9299262762069702,0.07007372379302979,0.05272278860354617,5.314836290891457,0.20043103448275862,0.19958065320034007,0.9957572374726644
frame_007,frame_015,7,15,30,8,False,False,840,"swab, swob, mop",0.49541247398307875,0.70236458262523,0.68141770362854,0.31858229637145996,0.028785154417278393,5.465711583586079,0.23060344827586207,0.15761136414853766,0.6834735791114156
frame_007,frame_016,7,16,30,9,False,True,840,"swab, swob, mop",0.3889763418596011,0.9442367550548131,0.6266717910766602,0.37332820892333984,0.03588446269721958,5.461428394050198,0.2607758620689655,0.2145189698120345,0.8226181982874711
frame_007,frame_017,7,17,30,10,False,False,840,"swab, swob, mop",0.4856867866369469,0.7221913347833917,0.6637557148933411,0.33624428510665894,0.0409502281878806,5.2816811640230785,0.24568965517241378,0.24257381559126429,0.9873179862661985
frame_007,frame_000,7,0,40,-7,False,True,731,"plunger, plumber's helper",0.18675734359137044,1.677945132629249,0.5954543352127075,0.4045456647872925,0.030599847940410273,5.135396785629693,0.09267241379310345,0.2544113495309901,2.7452759577297536
frame_007,frame_001,7,1,40,-6,False,False,627,"limousine, limo",0.3375997073434577,1.085894383134355,0.6687834858894348,0.3312165141105652,0.022936261993649155,5.19828794286996,0.09698275862068965,0.2736089786996134,2.8212125803693473
frame_007,frame_002,7,2,40,-5,False,False,444,"bicycle-built-for-two, tandem bicycle, tandem",0.45221402695802365,0.7935997002517694,0.7103736996650696,0.2896263003349304,0.03478281658324664,5.251628014956363,0.09051724137931035,0.21156240392724907,2.3372608433867517
frame_007,frame_003,7,3,40,-4,False,False,444,"bicycle-built-for-two, tandem bicycle, tandem",0.6355021013583393,0.4533398817360035,0.7810079455375671,0.21899205446243286,0.027397377719441753,5.232828355410783,0.09482758620689655,0.2549644647186669,2.688716173396851
frame_007,frame_004,7,4,40,-3,False,False,444,"bicycle-built-for-two, tandem bicycle, tandem",0.8588106614994799,0.15220679863971143,0.9034790992736816,0.09652090072631836,0.028429489418084236,5.153203895145258,0.08405172413793104,0.2785522243664324,3.314057233487811
frame_007,frame_005,7,5,40,-2,False,False,444,"bicycle-built-for-two, tandem bicycle, tandem",0.39598369841760167,0.9263822341871005,0.7029745578765869,0.2970254421234131,0.02702405299906112,5.2256117264420725,0.09051724137931035,0.26619321121261297,2.9408011905393434
frame_007,frame_006,7,6,40,-1,False,False,450,"bobsled, bobsleigh, bob",0.1875023307302466,1.673964003087615,0.6136934757232666,0.3863065242767334,0.02531836019333114,5.121557854805934,0.08836206896551724,0.283179649116261,3.204764809510856
frame_007,frame_008,7,8,40,1,False,False,627,"limousine, limo",0.3545754593506762,1.0368340943057917,0.6981737613677979,0.30182623863220215,0.028435811837113266,5.235546244807887,0.09698275862068965,0.2098475837696311,2.163761752646863
frame_007,frame_009,7,9,40,2,False,False,747,"punching bag, punch bag, punching ball, punchball",0.3329668061459505,1.0997124752135905,0.7336350083351135,0.2663649916648865,0.10736991580145727,4.51500535989795,0.05387931034482758,0.46951813101974277,8.714256511726425
frame_007,frame_010,7,10,40,3,False,False,830,stretcher,0.39632558290525793,0.9255192264780288,0.7325524687767029,0.2674475312232971,0.09096164661592782,4.4072822472347575,0.07112068965517242,0.6250865275409089,8.7890954175449
frame_007,frame_011,7,11,40,4,False,False,851,"television, television system",0.45641720859050283,0.784347956642583,0.665413498878479,0.334586501121521,0.10027441338710118,4.5076248508809496,0.07543103448275862,0.5313887249920761,7.044696239894952
frame_007,frame_012,7,12,40,5,False,False,851,"television, television system",0.4567279714110234,0.7836673138722463,0.7872216701507568,0.21277832984924316,0.10590416000032761,4.536860005044504,0.11637931034482758,0.5015662995566519,4.309754870264564
frame_007,frame_013,7,13,40,6,True,False,840,"swab, swob, mop",0.9820650752035959,0.018097704795198233,0.9805395603179932,0.019460439682006836,0.07810764016374337,4.751652650286267,0.1724137931034483,0.7019395296550797,4.071249271999462
frame_007,frame_014,7,14,40,7,False,False,840,"swab, swob, mop",0.971877707708207,0.028525297552096873,0.9704321622848511,0.029567837715148926,0.04975759124046524,4.829642415087049,0.20043103448275862,0.6197212171340064,3.091942416668591
frame_007,frame_015,7,15,40,8,False,False,840,"swab, swob, mop",0.542236148523198,0.6120536740491858,0.7133426070213318,0.2866573929786682,0.03254139749428133,5.236634512300704,0.23060344827586207,0.5197140764208411,2.2537133781240213
frame_007,frame_016,7,16,40,9,False,False,840,"swab, swob, mop",0.37406171540007144,0.9833344807422963,0.6455262899398804,0.35447371006011963,0.0377107860417655,5.1161029111690235,0.2607758620689655,0.6213757894331858,2.3827964156776713
frame_007,frame_017,7,17,40,10,False,False,840,"swab, swob, mop",0.5217514797058515,0.6505638969850507,0.7173216938972473,0.2826783061027527,0.05164982324942788,4.981132305915944,0.24568965517241378,0.5664790311489516,2.3056690390623995
frame_007,frame_000,7,0,50,-7,False,False,407,ambulance,0.3191924116548509,1.1419611867001846,0.6593103408813477,0.34068965911865234,0.08073702299394903,4.626533294514475,0.09267241379310345,0.2757916482623577,2.9759842975286968
frame_007,frame_001,7,1,50,-6,False,False,407,ambulance,0.5577660519924591,0.5838156661778303,0.7282043695449829,0.2717956304550171,0.0591886353412505,4.86108170092531,0.09698275862068965,0.19779504294151617,2.039486664996967
frame_007,frame_002,7,2,50,-5,False,False,555,"fire engine, fire truck",0.3060912473172303,1.1838720276335473,0.7100344300270081,0.28996556997299194,0.0816475221237681,4.7058302235876495,0.09051724137931035,0.2269663155362102,2.5074373906857508
frame_007,frame_003,7,3,50,-4,False,False,407,ambulance,0.6485603210577703,0.433000263271091,0.8066418170928955,0.1933581829071045,0.08572881512566086,4.681839785209224,0.09482758620689655,0.3487794451966539,3.6780377857101683
frame_007,frame_004,7,4,50,-3,False,False,407,ambulance,0.6814976258981256,0.3834625114933996,0.836336076259613,0.16366392374038696,0.05826159218706487,4.795764227746421,0.08405172413793104,0.23087318687575853,2.746798941291076
frame_007,frame_005,7,5,50,-2,False,False,407,ambulance,0.6837573846293366,0.3801521251151101,0.787960946559906,0.212039053440094,0.0471272688754685,4.817528262637392,0.09051724137931035,0.21746042424521245,2.402419924994728
frame_007,frame_006,7,6,50,-1,False,False,407,ambulance,0.5117362782114989,0.6699458682609016,0.7303400039672852,0.26965999603271484,0.061538990352848155,4.767776078600855,0.08836206896551724,0.22543377887713886,2.5512505707071327
frame_007,frame_008,7,8,50,1,False,False,407,ambulance,0.638003057983323,0.44941220257152514,0.799686849117279,0.20031315088272095,0.15736781437716033,4.61211776126769,0.09698275862068965,0.1129787527898646,1.1649364732110483
frame_007,frame_009,7,9,50,2,False,False,747,"punching bag, punch bag, punching ball, punchball",0.7213100305668494,0.32668623333483326,0.8411332368850708,0.1588667631149292,0.12298285655292526,4.549485062330129,0.05387931034482758,0.35803598976194795,6.645147969981754
frame_007,frame_010,7,10,50,3,False,False,830,stretcher,0.3501219318353653,1.0494738084952684,0.727358341217041,0.272641658782959,0.062393174091199995,4.558950366417364,0.07112068965517242,0.5079692766969114,7.142355890526269
frame_007,frame_011,7,11,50,4,False,True,851,"television, television system",0.3053022697905636,1.186452944645412,0.604576826095581,0.39542317390441895,0.07232305971713943,4.5828493791794,0.07543103448275862,0.3156671496218227,4.184844497843592
frame_007,frame_012,7,12,50,5,False,False,851,"television, television system",0.6091084005218297,0.4957590295391374,0.7750148177146912,0.22498518228530884,0.07011069495461406,4.417361116997856,0.11637931034482758,0.28849249234782437,2.478898452766491
frame_007,frame_013,7,13,50,6,False,False,840,"swab, swob, mop",0.9664691158263239,0.03410593549891772,0.9684638381004333,0.03153616189956665,0.12798097921746934,4.152171348819799,0.1724137931034483,0.4431553938523766,2.5703012843437842
frame_007,frame_014,7,14,50,7,True,False,840,"swab, swob, mop",0.9753093750589623,0.02500055056296624,0.973453164100647,0.026546835899353027,0.13365425446127863,4.240941095195835,0.20043103448275862,0.22662310145627598,1.1306786997388394
frame_007,frame_015,7,15,50,8,False,False,840,"swab, swob, mop",0.3536583192767337,1.0394240317368588,0.6716881394386292,0.32831186056137085,0.09031065438840921,4.703586644789516,0.23060344827586207,0.16340538703334725,0.7085990615277862
frame_007,frame_016,7,16,50,9,False,False,676,muzzle,0.17955051114870121,1.7172987114820104,0.6116704940795898,0.38832950592041016,0.08973211360027658,4.526573418094825,0.2607758620689655,0.20488428786339505,0.7856719799059115
frame_007,frame_017,7,17,50,10,False,False,747,"punching bag, punch bag, punching ball, punchball",0.4219005604192203,0.8629856315303268,0.6788387894630432,0.3211612105369568,0.17341646441657024,4.102473918635849,0.24568965517241378,0.19951535145,0.8120624830947368
frame_008,frame_000,8,0,5,-8,False,True,407,ambulance,0.12765539174514146,2.0584208976818354,0.4940916895866394,0.5059083104133606,0.020049992778379298,5.714214100338046,0.09267241379310345,0.17595002004593246,1.8986234721235502
frame_008,frame_001,8,1,5,-7,False,False,407,ambulance,0.20327061212613798,1.5932171230214092,0.5196596384048462,0.4803403615951538,0.020505629202376655,5.758084935118566,0.09698275862068965,0.1710640412771382,1.7638603367242696
frame_008,frame_002,8,2,5,-6,False,False,444,"bicycle-built-for-two, tandem bicycle, tandem",0.13047112270662012,2.0366033586474583,0.5055670738220215,0.4944329261779785,0.013972076326264665,5.772445461444873,0.09051724137931035,0.16617928472382854,1.835885431234677
frame_008,frame_003,8,3,5,-5,False,False,407,ambulance,0.2015017291431778,1.601957316276498,0.5359689593315125,0.46403104066848755,0.01168635199223095,5.753803122894281,0.09482758620689655,0.2065834213781696,2.1785160799879706
frame_008,frame_004,8,4,5,-4,False,False,444,"bicycle-built-for-two, tandem bicycle, tandem",0.3398919260795761,1.0791275763733843,0.595255434513092,0.40474456548690796,0.016053184637739117,5.678683676045442,0.08405172413793104,0.2159998492003673,2.5698443597171905
frame_008,frame_005,8,5,5,-3,False,False,407,ambulance,0.3168689413103473,1.149267024944618,0.5465472936630249,0.4534527063369751,0.013257520197268207,5.70247037080379,0.09051724137931035,0.22278758907000876,2.4612724125829537
frame_008,frame_006,8,6,5,-2,False,False,407,ambulance,0.20271394967644382,1.5959594085707431,0.4976463317871094,0.5023536682128906,0.01567319245069656,5.699986289320812,0.08836206896551724,0.22929535308497592,2.594952288571435
frame_008,frame_007,8,7,5,-1,False,False,874,"trolleybus, trolley coach, trackless trolley",0.2632530522172589,1.334639533667711,0.5545852184295654,0.44541478157043457,0.013631712600362037,5.713100037030015,0.09698275862068965,0.20372195393221013,2.1005997027676777
frame_008,frame_009,8,9,5,1,False,False,830,stretcher,0.31457938053398476,1.1565188323559372,0.6193962693214417,0.38060373067855835,0.03409907303320909,5.63054121976994,0.05387931034482758,0.22936964827901585,4.2571006720585345
frame_008,frame_010,8,10,5,2,False,False,422,barbell,0.34195593866146956,1.0730733845425746,0.694621205329895,0.305378794670105,0.02822439768233104,5.552839990494682,0.07112068965517242,0.34517712801869344,4.853399618202235
frame_008,frame_011,8,11,5,3,False,False,422,barbell,0.509989632325597,0.673364882243737,0.6411625742912292,0.35883742570877075,0.026597421768423907,5.663237250909466,0.07543103448275862,0.2344154084003131,3.1076785570784367
frame_008,frame_012,8,12,5,4,False,False,830,stretcher,0.5374522823802008,0.6209152998882956,0.6933852434158325,0.3066147565841675,0.03980294991787545,5.605381300056578,0.11637931034482758,0.2638416622541327,2.2670839127021774
frame_008,frame_013,8,13,5,5,True,False,840,"swab, swob, mop",0.4476478204005407,0.8037484708950817,0.7306418418884277,0.26935815811157227,0.021354081053853932,5.612100422929926,0.1724137931034483,0.38478339410370327,2.231743685801479
frame_008,frame_014,8,14,5,6,False,False,840,"swab, swob, mop",0.4559376992611091,0.7853991032291106,0.6848056316375732,0.31519436836242676,0.02514395443088577,5.625897611913259,0.20043103448275862,0.38944261069437247,1.9430254985181594
frame_008,frame_015,8,15,5,7,False,False,840,"swab, swob, mop",0.2264080950161345,1.4854161779206985,0.5471194982528687,0.45288050174713135,0.011564698023251068,5.862415040852978,0.23060344827586207,0.34126737272331614,1.4798884200338196
frame_008,frame_016,8,16,5,8,False,False,722,ping-pong ball,0.12988428275302502,2.041111357598929,0.5228743553161621,0.4771256446838379,0.012776894358791663,5.822348356827199,0.2607758620689655,0.40890016727913575,1.568013864607595
frame_008,frame_017,8,17,5,9,False,False,840,"swab, swob, mop",0.23468292413890846,1.4495199348908532,0.5953739881515503,0.4046260118484497,0.021116230815288888,5.670459633942734,0.24568965517241378,0.39089329495635006,1.5910042882433897
frame_008,frame_000,8,0,10,-8,False,False,919,street sign,0.2868455391920684,1.2488113990676613,0.6109731197357178,0.3890268802642822,0.05687686072705485,4.86263024015317,0.09267241379310345,0.18755415595784458,2.0238401945218576
frame_008,frame_001,8,1,10,-7,False,False,407,ambulance,0.2702000798540558,1.3085925579192361,0.643459677696228,0.356540322303772,0.04376934574500086,4.933673261856416,0.09698275862068965,0.17575115425006985,1.812189679378498
frame_008,frame_002,8,2,10,-6,False,False,919,street sign,0.28107920389078356,1.2691187849846801,0.628880500793457,0.37111949920654297,0.04993120331317878,5.01006189107167,0.09051724137931035,0.1469260370444633,1.6231828854435946
frame_008,frame_003,8,3,10,-5,False,False,444,"bicycle-built-for-two, tandem bicycle, tandem",0.2813081259210419,1.2683046768753152,0.6442954540252686,0.35570454597473145,0.047451767133431744,4.922870270810951,0.09482758620689655,0.22952041746671303,2.420397129648974
frame_008,frame_004,8,4,10,-4,True,False,444,"bicycle-built-for-two, tandem bicycle, tandem",0.48501176146737496,0.7235821378904954,0.7588115334510803,0.24118846654891968,0.04478298408554291,5.005145669355894,0.08405172413793104,0.16386779755123831,1.949606617019861
frame_008,frame_005,8,5,10,-3,False,False,407,ambulance,0.4275998530854368,0.8495674434107334,0.6723388433456421,0.3276611566543579,0.03513322086399281,4.981053030604469,0.09051724137931035,0.15884877066272796,1.7549007044644231
frame_008,frame_006,8,6,10,-2,False,False,919,street sign,0.18339316334512576,1.6961229971439786,0.610528290271759,0.38947170972824097,0.04540825235615189,4.8622270506414775,0.08836206896551724,0.15592179801270709,1.7645783970218558
frame_008,frame_007,8,7,10,-1,False,False,919,street sign,0.2778586737364168,1.280642662408864,0.646615743637085,0.35338425636291504,0.036147683507327034,4.9756014678877865,0.09698275862068965,0.09820246033443354,1.0125764798928258
frame_008,frame_009,8,9,10,1,False,False,830,stretcher,0.36410097746096326,1.0103240392095623,0.6794382333755493,0.3205617666244507,0.050024580273119554,4.890127906811395,0.05387931034482758,0.1995673951340942,3.7039708536887885
frame_008,frame_010,8,10,10,2,False,False,830,stretcher,0.45085048887872664,0.7966195046878537,0.7192917466163635,0.2807082533836365,0.035180829159908014,5.038897004154227,0.07112068965517242,0.2892109944430834,4.066481861260324
frame_008,frame_011,8,11,10,3,False,False,422,barbell,0.5170589756917201,0.6595983380748459,0.6652567386627197,0.3347432613372803,0.06621934401387729,4.719683711473784,0.07543103448275862,0.27793946300461997,3.684683166689819
frame_008,frame_012,8,12,10,4,False,False,830,stretcher,0.2140669958691138,1.5414662481459045,0.5993518829345703,0.4006481170654297,0.044816117554846706,4.963402318705208,0.11637931034482758,0.29368422876650896,2.523508928660373
frame_008,frame_013,8,13,10,5,False,False,840,"swab, swob, mop",0.6066511152229971,0.4998014221557756,0.7311597466468811,0.2688402533531189,0.09123021351784437,4.782321896048602,0.1724137931034483,0.48763725536775937,2.8282960811330042
frame_008,frame_014,8,14,10,6,False,False,840,"swab, swob, mop",0.4558095558027938,0.7856801974872996,0.6539525985717773,0.34604740142822266,0.04627387180661019,4.742270957453733,0.20043103448275862,0.41425932139993205,2.0668422056942846
frame_008,frame_015,8,15,10,7,False,True,877,turnstile,0.24470771542806255,1.4076907788791146,0.5671014189720154,0.4328985810279846,0.04834193395689104,5.086533001228014,0.23060344827586207,0.2358672844852772,1.0228263551511085
frame_008,frame_016,8,16,10,8,False,False,877,turnstile,0.17739879358409408,1.7293550096704013,0.5775529742240906,0.4224470257759094,0.10733089409217574,4.657749929272964,0.2607758620689655,0.22919124834681845,0.8788821424208575
frame_008,frame_017,8,17,10,9,False,False,877,turnstile,0.3009543852031714,1.2007965698927503,0.606727123260498,0.39327287673950195,0.09834808101820099,4.7342687790285325,0.24568965517241378,0.22664826238775057,0.9224981907711953
frame_008,frame_000,8,0,20,-8,False,False,919,street sign,0.6721204415489872,0.39731772602297877,0.8086676597595215,0.19133234024047852,0.027333204417922655,5.508714367957017,0.09267241379310345,0.13568186183431397,1.464101950956318
frame_008,frame_001,8,1,20,-7,False,False,919,street sign,0.5361603641088368,0.6233219758885538,0.7898116111755371,0.2101883888244629,0.03610779720191771,5.4957905768130235,0.09698275862068965,0.15557065105209086,1.6041062686260035
frame_008,frame_002,8,2,20,-6,False,False,444,"bicycle-built-for-two, tandem bicycle, tandem",0.4534349108640331,0.7909035459372267,0.7993285059928894,0.2006714940071106,0.04449349012994297,5.441421347288383,0.09051724137931035,0.16886617050039363,1.8655691217186343
frame_008,frame_003,8,3,20,-5,False,False,444,"bicycle-built-for-two, tandem bicycle, tandem",0.6287915527859678,0.46395547182193053,0.8086832165718079,0.19131678342819214,0.03617979662701712,5.4700147825106935,0.09482758620689655,0.20059037027762233,2.115316632018563
frame_008,frame_004,8,4,20,-4,False,False,444,"bicycle-built-for-two, tandem bicycle, tandem",0.822953748841286,0.19485527813298908,0.8942539691925049,0.10574603080749512,0.028669874952864754,5.533905290718888,0.08405172413793104,0.14179221978473397,1.6869638456440144
frame_008,frame_005,8,5,20,-3,False,False,444,"bicycle-built-for-two, tandem bicycle, tandem",0.6180475281979246,0.48118991801246347,0.788644015789032,0.21135598421096802,0.03216079153920837,5.441288991225639,0.09051724137931035,0.1612817690324907,1.78177954359704
frame_008,frame_006,8,6,20,-2,False,False,919,street sign,0.5036988987757571,0.6857766125030091,0.7584443092346191,0.24155569076538086,0.04532352800709616,5.430620584943648,0.08836206896551724,0.15836008870699317,1.7921727112206056
frame_008,frame_007,8,7,20,-1,False,False,919,street sign,0.7336439325442594,0.3097314735949057,0.8525481820106506,0.14745181798934937,0.023375766617655776,5.518353644794946,0.09698275862068965,0.12097651561697634,1.2474022943617116
frame_008,frame_009,8,9,20,1,False,False,747,"punching bag, punch bag, punching ball, punchball",0.691933987817344,0.36826472124223786,0.7937892079353333,0.20621079206466675,0.024253359490758544,5.373686358254661,0.05387931034482758,0.10005641642573238,1.857047088861593
frame_008,frame_010,8,10,20,2,False,False,830,stretcher,0.28912747588223325,1.2408875951045246,0.6615685224533081,0.3384314775466919,0.022659413634485176,5.43685497669429,0.07112068965517242,0.14437749166465141,2.0300350343150986
frame_008,frame_011,8,11,20,3,False,True,870,"tricycle, trike, velocipede",0.1504925520339754,1.8938416841641281,0.5171505212783813,0.48284947872161865,0.029613611257629423,5.391733667080478,0.07543103448275862,0.13243687485133235,1.7557345694576632
frame_008,frame_012,8,12,20,4,False,False,840,"swab, swob, mop",0.5099532072876517,0.6734363078894616,0.7002151608467102,0.2997848391532898,0.020819384609047538,5.443655847060717,0.11637931034482758,0.1774965302109415,1.5251553707014234
frame_008,frame_013,8,13,20,5,True,False,840,"swab, swob, mop",0.9561066039021816,0.04488586178962306,0.9557000398635864,0.044299960136413574,0.02799609121874604,5.320398368458438,0.1724137931034483,0.29529091351739495,1.7126872984008905
frame_008,frame_014,8,14,20,6,False,False,840,"swab, swob, mop",0.9080013896688314,0.09650936990973369,0.9120940566062927,0.08790594339370728,0.03600315750968118,5.192212864797578,0.20043103448275862,0.29955853240337244,1.494571602528654
frame_008,frame_015,8,15,20,7,False,False,840,"swab, swob, mop",0.4753383105700843,0.7437284956857684,0.6377968788146973,0.36220312118530273,0.056642714344927694,5.321530969489807,0.23060344827586207,0.16260696188536275,0.7051367319140964
frame_008,frame_016,8,16,20,8,False,False,840,"swab, swob, mop",0.3055924217076649,1.1855030200742618,0.5811821222305298,0.4188178777694702,0.05768977906008914,5.316747911319435,0.2607758620689655,0.19635436299609238,0.7529621853734452
frame_008,frame_017,8,17,20,9,False,False,615,knee pad,0.5777160967402597,0.5486727130894851,0.7417512536048889,0.2582487463951111,0.05237049596619554,5.322382246747528,0.24568965517241378,0.22294307659533752,0.907417434563479
frame_008,frame_000,8,0,30,-8,False,False,627,"limousine, limo",0.6953991130629722,0.36326933484351187,0.8037136793136597,0.19628632068634033,0.031027516565746035,5.680830685828163,0.09267241379310345,0.10130103788646005,1.0931088739376154
frame_008,frame_001,8,1,30,-7,False,False,627,"limousine, limo",0.9366737176481107,0.06542027761259206,0.9459592700004578,0.054040729999542236,0.030069101782880765,5.658608479672555,0.09698275862068965,0.1129598165969528,1.1647412200219134
frame_008,frame_002,8,2,30,-6,False,False,627,"limousine, limo",0.4737252724261109,0.7471277193543546,0.7848544120788574,0.21514558792114258,0.03210149707465412,5.670281208520852,0.09051724137931035,0.11308730965503261,1.2493455161889317
frame_008,frame_003,8,3,30,-5,False,False,444,"bicycle-built-for-two, tandem bicycle, tandem",0.5843877839519032,0.5371905028971363,0.789193332195282,0.21080666780471802,0.02819442594668675,5.6636501666168275,0.09482758620689655,0.1294192890732062,1.3647852302265382
frame_008,frame_004,8,4,30,-4,False,False,444,"bicycle-built-for-two, tandem bicycle, tandem",0.9099566798692678,0.09435828514363953,0.9289441108703613,0.07105588912963867,0.02653202232871568,5.706809980437283,0.08405172413793104,0.11089436455629183,1.3193585936953693
frame_008,frame_005,8,5,30,-3,False,False,444,"bicycle-built-for-two, tandem bicycle, tandem",0.5563891497648626,0.5862873199050505,0.7820481061935425,0.21795189380645752,0.030820213560999316,5.634841492494261,0.09051724137931035,0.15808947743368332,1.7465123221245014
frame_008,frame_006,8,6,30,-2,False,False,627,"limousine, limo",0.8182260906646271,0.20061658611376632,0.8708020448684692,0.12919795513153076,0.03105570971295815,5.684091385795419,0.08836206896551724,0.11057755469682932,1.251414277544605
frame_008,frame_007,8,7,30,-1,False,False,627,"limousine, limo",0.7175791973905493,0.3318719578013487,0.8227907419204712,0.1772092580795288,0.02864513163820235,5.721642097062485,0.09698275862068965,0.12095760972199855,1.2472073535779407
frame_008,frame_009,8,9,30,1,False,False,747,"punching bag, punch bag, punching ball, punchball",0.47716687919442713,0.7398889977169395,0.734700083732605,0.265299916267395,0.028242161878347157,5.403533292560103,0.05387931034482758,0.03822609260425134,0.7094762787349049
frame_008,frame_010,8,10,30,2,False,False,422,barbell,0.270282420541596,1.3082878646567644,0.6769339442253113,0.3230660557746887,0.02201571933204675,5.48485822343207,0.07112068965517242,0.08038848361690228,1.130310799946747
frame_008,frame_011,8,11,30,3,False,False,422,barbell,0.40007396788430755,0.9161058292589284,0.6686528325080872,0.33134716749191284,0.025723898636775173,5.419795335862947,0.07543103448275862,0.08610116319019864,1.1414554205786334
frame_008,frame_012,8,12,30,4,False,False,851,"television, television system",0.4352126860689824,0.8319204338905726,0.7433435916900635,0.2566564083099365,0.02073087904586055,5.482101770479783,0.11637931034482758,0.08910536690297755,0.76564611561077
frame_008,frame_013,8,13,30,5,True,False,840,"swab, swob, mop",0.9735273648969754,0.026829344758098728,0.971435546875,0.028564453125,0.02974472728641999,5.47545557207806,0.1724137931034483,0.16825843422816786,0.9758989185233735
frame_008,frame_014,8,14,30,6,False,False,840,"swab, swob, mop",0.9304955343354399,0.07203800212097722,0.9299262762069702,0.07007372379302979,0.06014103205989966,5.256966674859656,0.20043103448275862,0.18455532888741488,0.9207921785350592
frame_008,frame_015,8,15,30,7,False,False,840,"swab, swob, mop",0.49541247398307875,0.70236458262523,0.68141770362854,0.31858229637145996,0.03032604939867514,5.445137316612029,0.23060344827586207,0.15095975059094507,0.6546291988242852
frame_008,frame_016,8,16,30,8,False,True,840,"swab, swob, mop",0.3889763418596011,0.9442367550548131,0.6266717910766602,0.37332820892333984,0.040020983265502776,5.441454767154777,0.2607758620689655,0.20420481794291243,0.7830664093017468
frame_008,frame_017,8,17,30,9,False,False,840,"swab, swob, mop",0.4856867866369469,0.7221913347833917,0.6637557148933411,0.33624428510665894,0.039167083732156736,5.255153569867788,0.24568965517241378,0.22638335616818187,0.9214199759827754
frame_008,frame_000,8,0,40,-8,False,True,731,"plunger, plumber's helper",0.18675734359137044,1.677945132629249,0.5954543352127075,0.4045456647872925,0.029950305827821207,5.102462348291896,0.09267241379310345,0.2554665927727304,2.7566627685243468
frame_008,frame_001,8,1,40,-7,False,False,627,"limousine, limo",0.3375997073434577,1.085894383134355,0.6687834858894348,0.3312165141105652,0.027389947550160307,5.17594101521796,0.09698275862068965,0.2680012524965119,2.7633906924084783
frame_008,frame_002,8,2,40,-6,False,False,444,"bicycle-built-for-two, tandem bicycle, tandem",0.45221402695802365,0.7935997002517694,0.7103736996650696,0.2896263003349304,0.040177219165447885,5.224679139069369,0.09051724137931035,0.20559527383318885,2.2713382632999912
frame_008,frame_003,8,3,40,-5,False,False,444,"bicycle-built-for-two, tandem bicycle, tandem",0.6355021013583393,0.4533398817360035,0.7810079455375671,0.21899205446243286,0.021977033852616065,5.220149752497544,0.09482758620689655,0.24884738944461363,2.6242088341431984
frame_008,frame_004,8,4,40,-4,False,False,444,"bicycle-built-for-two, tandem bicycle, tandem",0.8588106614994799,0.15220679863971143,0.9034790992736816,0.09652090072631836,0.02692784897873024,5.1382069805407795,0.08405172413793104,0.2721286429698818,3.2376330855903888
frame_008,frame_005,8,5,40,-3,False,False,444,"bicycle-built-for-two, tandem bicycle, tandem",0.39598369841760167,0.9263822341871005,0.7029745578765869,0.2970254421234131,0.026717530205418238,5.213646977965319,0.09051724137931035,0.25902409382183356,2.8615995126983518
frame_008,frame_006,8,6,40,-2,False,False,450,"bobsled, bobsleigh, bob",0.1875023307302466,1.673964003087615,0.6136934757232666,0.3863065242767334,0.027167196983633245,5.1055159542343205,0.08836206896551724,0.2713696492209563,3.071110176549359
frame_008,frame_007,8,7,40,-1,False,False,407,ambulance,0.23891891771393933,1.431631041038139,0.6372805833816528,0.36271941661834717,0.025637226185243327,5.169044907831066,0.09698275862068965,0.23442816695054347,2.4172148770011592
frame_008,frame_009,8,9,40,1,False,False,747,"punching bag, punch bag, punching ball, punchball",0.3329668061459505,1.0997124752135905,0.7336350083351135,0.2663649916648865,0.11256318989886499,4.504870276056252,0.05387931034482758,0.4726008375605005,8.771471545122889
frame_008,frame_010,8,10,40,2,False,False,830,stretcher,0.39632558290525793,0.9255192264780288,0.7325524687767029,0.2674475312232971,0.0985160838094847,4.3765886073546545,0.07112068965517242,0.6276472709647842,8.8251010220503
frame_008,frame_011,8,11,40,3,False,False,851,"television, television system",0.45641720859050283,0.784347956642583,0.665413498878479,0.334586501121521,0.10327887590585302,4.50991154333274,0.07543103448275862,0.5338086472051823,7.076777494377274
frame_008,frame_012,8,12,40,4,False,False,851,"television, television system",0.4567279714110234,0.7836673138722463,0.7872216701507568,0.21277832984924316,0.1216084831302275,4.497399375339439,0.11637931034482758,0.4754880095297563,4.08567474855198
frame_008,frame_013,8,13,40,5,True,False,840,"swab, swob, mop",0.9820650752035959,0.018097704795198233,0.9805395603179932,0.019460439682006836,0.08915948833584932,4.711752422486104,0.1724137931034483,0.7036902829486669,4.081403641102267
frame_008,frame_014,8,14,40,6,False,False,840,"swab, swob, mop",0.971877707708207,0.028525297552096873,0.9704321622848511,0.029567837715148926,0.0490889100985066,4.810825303754667,0.20043103448275862,0.6128720449487717,3.057770202755162
frame_008,frame_015,8,15,40,7,False,False,840,"swab, swob, mop",0.542236148523198,0.6120536740491858,0.7133426070213318,0.2866573929786682,0.03033500332657132,5.233192339525376,0.23060344827586207,0.5289055616024811,2.2935717811546845
frame_008,frame_016,8,16,40,8,False,False,840,"swab, swob, mop",0.37406171540007144,0.9833344807422963,0.6455262899398804,0.35447371006011963,0.04142259722128079,5.122560164053674,0.2607758620689655,0.6108720313207595,2.342517541593656
frame_008,frame_017,8,17,40,9,False,False,840,"swab, swob, mop",0.5217514797058515,0.6505638969850507,0.7173216938972473,0.2826783061027527,0.04833260155052988,5.008203481784843,0.24568965517241378,0.5587570311283738,2.274239144241802
frame_008,frame_000,8,0,50,-8,False,False,407,ambulance,0.3191924116548509,1.1419611867001846,0.6593103408813477,0.34068965911865234,0.07964160998395464,4.637557362506172,0.09267241379310345,0.26309753276925957,2.8390059349985215
frame_008,frame_001,8,1,50,-7,False,False,407,ambulance,0.5577660519924591,0.5838156661778303,0.7282043695449829,0.2717956304550171,0.055359676153551286,4.880839921818629,0.09698275862068965,0.18256611242326218,1.882459470319859
frame_008,frame_002,8,2,50,-6,False,False,555,"fire engine, fire truck",0.3060912473172303,1.1838720276335473,0.7100344300270081,0.28996556997299194,0.08023364869589876,4.762684549500109,0.09051724137931035,0.20870237611857334,2.3056643456909054
frame_008,frame_003,8,3,50,-5,False,False,407,ambulance,0.6485603210577703,0.433000263271091,0.8066418170928955,0.1933581829071045,0.0815480067884898,4.7055239236872115,0.09482758620689655,0.34009180922166704,3.586422715428489
frame_008,frame_004,8,4,50,-4,False,False,407,ambulance,0.6814976258981256,0.3834625114933996,0.836336076259613,0.16366392374038696,0.05311343022551984,4.84595032726662,0.08405172413793104,0.2284349128444055,2.7177897323026707
frame_008,frame_005,8,5,50,-3,False,False,407,ambulance,0.6837573846293366,0.3801521251151101,0.787960946559906,0.212039053440094,0.0429343089371295,4.850197974293151,0.09051724137931035,0.21643668199650917,2.3911100106281014
frame_008,frame_006,8,6,50,-2,False,False,407,ambulance,0.5117362782114989,0.6699458682609016,0.7303400039672852,0.26965999603271484,0.06730799294614156,4.804853249039091,0.08836206896551724,0.2277204017160509,2.5771284486889665
frame_008,frame_007,8,7,50,-1,False,False,407,ambulance,0.6706303712226347,0.3995371563503894,0.8059227466583252,0.1940772533416748,0.03933600302295299,4.94023113180556,0.09698275862068965,0.14802091433423323,1.5262600944685383
frame_008,frame_009,8,9,50,1,False,False,747,"punching bag, punch bag, punching ball, punchball",0.7213100305668494,0.32668623333483326,0.8411332368850708,0.1588667631149292,0.11809943767996563,4.57163121520089,0.05387931034482758,0.36046501735820907,6.690230722168361
frame_008,frame_010,8,10,50,2,False,False,830,stretcher,0.3501219318353653,1.0494738084952684,0.727358341217041,0.272641658782959,0.06606060836492923,4.5646548845139545,0.07112068965517242,0.5178489747335941,7.281270432617808
frame_008,frame_011,8,11,50,3,False,True,851,"television, television system",0.3053022697905636,1.186452944645412,0.604576826095581,0.39542317390441895,0.07443068011126522,4.6299492354879686,0.07543103448275862,0.3150427212743211,4.176566362036714
frame_008,frame_012,8,12,50,4,False,False,851,"television, television system",0.6091084005218297,0.4957590295391374,0.7750148177146912,0.22498518228530884,0.08237108509466921,4.419074252426367,0.11637931034482758,0.2896882708762831,2.489173290492507
frame_008,frame_013,8,13,50,5,False,False,840,"swab, swob, mop",0.9664691158263239,0.03410593549891772,0.9684638381004333,0.03153616189956665,0.12307178922593807,4.201679515920855,0.1724137931034483,0.4578992072118663,2.655815401828824
frame_008,frame_014,8,14,50,6,True,False,840,"swab, swob, mop",0.9753093750589623,0.02500055056296624,0.973453164100647,0.026546835899353027,0.1449292699902468,4.27563419008753,0.20043103448275862,0.24071424695963564,1.200982909562053
frame_008,frame_015,8,15,50,7,False,False,840,"swab, swob, mop",0.3536583192767337,1.0394240317368588,0.6716881394386292,0.32831186056137085,0.09020108529145061,4.813182122577519,0.23060344827586207,0.18156583476547491,0.7873509096371997
frame_008,frame_016,8,16,50,8,False,False,676,muzzle,0.17955051114870121,1.7172987114820104,0.6116704940795898,0.38832950592041016,0.09256093991560442,4.624866946522935,0.2607758620689655,0.22996821125204397,0.8818615704210612
frame_008,frame_017,8,17,50,9,False,False,747,"punching bag, punch bag, punching ball, punchball",0.4219005604192203,0.8629856315303268,0.6788387894630432,0.3211612105369568,0.16406768741716785,4.184386747325021,0.24568965517241378,0.20540041155500594,0.8360157101887962
frame_009,frame_000,9,0,5,-9,False,True,407,ambulance,0.12765539174514146,2.0584208976818354,0.4940916895866394,0.5059083104133606,0.012863374226054556,5.750506592735464,0.09267241379310345,0.13924619592848467,1.5025636025771367
frame_009,frame_001,9,1,5,-8,False,False,407,ambulance,0.20327061212613798,1.5932171230214092,0.5196596384048462,0.4803403615951538,0.012072982293073733,5.785609313954775,0.09698275862068965,0.13209746219140242,1.3620716101513495
frame_009,frame_002,9,2,5,-7,False,False,444,"bicycle-built-for-two, tandem bicycle, tandem",0.13047112270662012,2.0366033586474583,0.5055670738220215,0.4944329261779785,0.009389823327290114,5.794078563016415,0.09051724137931035,0.12750484775482074,1.4086249847199244
frame_009,frame_003,9,3,5,-6,False,False,407,ambulance,0.2015017291431778,1.601957316276498,0.5359689593315125,0.46403104066848755,0.009032706801441378,5.780248502747535,0.09482758620689655,0.15548294544608857,1.639638333795116
frame_009,frame_004,9,4,5,-5,False,False,444,"bicycle-built-for-two, tandem bicycle, tandem",0.3398919260795761,1.0791275763733843,0.595255434513092,0.40474456548690796,0.011195303712491363,5.7310535133411165,0.08405172413793104,0.16949500751521768,2.016555986847718
frame_009,frame_005,9,5,5,-4,False,False,407,ambulance,0.3168689413103473,1.149267024944618,0.5465472936630249,0.4534527063369751,0.009356050694546569,5.751071359491945,0.09051724137931035,0.16294699946759145,1.800176375070534
frame_009,frame_006,9,6,5,-3,False,False,407,ambulance,0.20271394967644382,1.5959594085707431,0.4976463317871094,0.5023536682128906,0.013527710222141809,5.7394725421213595,0.08836206896551724,0.16744111089540856,1.8949433037919408
frame_009,frame_007,9,7,5,-2,False,False,874,"trolleybus, trolley coach, trackless trolley",0.2632530522172589,1.334639533667711,0.5545852184295654,0.44541478157043457,0.010754605681654872,5.734946168834142,0.09698275862068965,0.1509149284257726,1.5561005953235219
frame_009,frame_008,9,8,5,-1,False,False,874,"trolleybus, trolley coach, trackless trolley",0.1794903114814786,1.7176340475440535,0.554192066192627,0.44580793380737305,0.009218516631396886,5.756317706235322,0.09698275862068965,0.12368971275012126,1.275378371467917
frame_009,frame_010,9,10,5,1,False,False,422,barbell,0.34195593866146956,1.0730733845425746,0.694621205329895,0.305378794670105,0.02594776081607377,5.501623257085406,0.07112068965517242,0.36126035953035285,5.079539600669204
frame_009,frame_011,9,11,5,2,False,False,422,barbell,0.509989632325597,0.673364882243737,0.6411625742912292,0.35883742570877075,0.027116162443391503,5.625747796113787,0.07543103448275862,0.2527048447242017,3.350144227200845
frame_009,frame_012,9,12,5,3,False,False,830,stretcher,0.5374522823802008,0.6209152998882956,0.6933852434158325,0.3066147565841675,0.04109478026577058,5.5685340041068585,0.11637931034482758,0.28985818533990015,2.490633296253957
frame_009,frame_013,9,13,5,4,True,False,840,"swab, swob, mop",0.4476478204005407,0.8037484708950817,0.7306418418884277,0.26935815811157227,0.023494124135866587,5.634552986239228,0.1724137931034483,0.4083211353509413,2.3682625850354593
frame_009,frame_014,9,14,5,5,False,False,840,"swab, swob, mop",0.4559376992611091,0.7853991032291106,0.6848056316375732,0.31519436836242676,0.018298017004601295,5.629504928140091,0.20043103448275862,0.41974176987773987,2.0941954970244225
frame_009,frame_015,9,15,5,6,False,False,840,"swab, swob, mop",0.2264080950161345,1.4854161779206985,0.5471194982528687,0.45288050174713135,0.011362209819885814,5.862090012152096,0.23060344827586207,0.3550042443877832,1.539457657905901
frame_009,frame_016,9,16,5,7,False,False,722,ping-pong ball,0.12988428275302502,2.041111357598929,0.5228743553161621,0.4771256446838379,0.013124539560984248,5.807425334434603,0.2607758620689655,0.41401584154864635,1.587630995690677
frame_009,frame_017,9,17,5,8,False,False,840,"swab, swob, mop",0.23468292413890846,1.4495199348908532,0.5953739881515503,0.4046260118484497,0.018412271406825557,5.713285949120745,0.24568965517241378,0.389069243852197,1.583580080240521
frame_009,frame_000,9,0,10,-9,False,False,919,street sign,0.2868455391920684,1.2488113990676613,0.6109731197357178,0.3890268802642822,0.029197009113588118,5.149950575768766,0.09267241379310345,0.15656344111715784,1.6894287599618891
frame_009,frame_001,9,1,10,-8,False,False,407,ambulance,0.2702000798540558,1.3085925579192361,0.643459677696228,0.356540322303772,0.0280206109181629,5.225537922647265,0.09698275862068965,0.12860902677972205,1.3261019650175785
frame_009,frame_002,9,2,10,-7,False,False,919,street sign,0.28107920389078356,1.2691187849846801,0.628880500793457,0.37111949920654297,0.031086464727199385,5.246934023124693,0.09051724137931035,0.11039048722194228,1.2195520493090766
frame_009,frame_003,9,3,10,-6,False,False,444,"bicycle-built-for-two, tandem bicycle, tandem",0.2813081259210419,1.2683046768753152,0.6442954540252686,0.35570454597473145,0.031171806378960634,5.211957993424546,0.09482758620689655,0.1405221349686822,1.481869786942467
frame_009,frame_004,9,4,10,-5,True,False,444,"bicycle-built-for-two, tandem bicycle, tandem",0.48501176146737496,0.7235821378904954,0.7588115334510803,0.24118846654891968,0.03409868799547166,5.242809503552655,0.08405172413793104,0.12161578190203201,1.4469159692959705
frame_009,frame_005,9,5,10,-4,False,False,407,ambulance,0.4275998530854368,0.8495674434107334,0.6723388433456421,0.3276611566543579,0.026771692632631804,5.233427606613979,0.09051724137931035,0.09609160938462134,1.061583494153912
frame_009,frame_006,9,6,10,-3,False,False,919,street sign,0.18339316334512576,1.6961229971439786,0.610528290271759,0.38947170972824097,0.02866250640627566,5.139951195182958,0.08836206896551724,0.08443820169281455,0.9555933069625842
frame_009,frame_007,9,7,10,-2,False,False,919,street sign,0.2778586737364168,1.280642662408864,0.646615743637085,0.35338425636291504,0.024879831577881893,5.18063521293799,0.09698275862068965,0.05385201290306231,0.5552740886004647
frame_009,frame_008,9,8,10,-1,False,False,627,"limousine, limo",0.37611691974842026,0.9778552271515677,0.6821677684783936,0.31783223152160645,0.036468330820631854,5.19586718638784,0.09698275862068965,0.07277526565075314,0.7503938502655435
frame_009,frame_010,9,10,10,1,False,False,830,stretcher,0.45085048887872664,0.7966195046878537,0.7192917466163635,0.2807082533836365,0.034956544879277456,5.209356694258992,0.07112068965517242,0.2628521679266182,3.6958607853924494
frame_009,frame_011,9,11,10,2,False,False,422,barbell,0.5170589756917201,0.6595983380748459,0.6652567386627197,0.3347432613372803,0.064615987549829,4.901090010940418,0.07543103448275862,0.26882475892804397,3.5638482326460688
frame_009,frame_012,9,12,10,3,False,False,830,stretcher,0.2140669958691138,1.5414662481459045,0.5993518829345703,0.4006481170654297,0.035568430529367645,5.197317211648499,0.11637931034482758,0.2713781663532308,2.3318420219981313
frame_009,frame_013,9,13,10,4,False,False,840,"swab, swob, mop",0.6066511152229971,0.4998014221557756,0.7311597466468811,0.2688402533531189,0.052543333974350605,5.143257331642501,0.1724137931034483,0.441066396899973,2.558185102019843
frame_009,frame_014,9,14,10,5,False,False,840,"swab, swob, mop",0.4558095558027938,0.7856801974872996,0.6539525985717773,0.34604740142822266,0.04595322526977501,4.973753688938922,0.20043103448275862,0.4042008673114626,2.0166580906722436
frame_009,frame_015,9,15,10,6,False,True,877,turnstile,0.24470771542806255,1.4076907788791146,0.5671014189720154,0.4328985810279846,0.033134199391541955,5.323366144757732,0.23060344827586207,0.22587409084933607,0.9794913846176817
frame_009,frame_016,9,16,10,7,False,False,877,turnstile,0.17739879358409408,1.7293550096704013,0.5775529742240906,0.4224470257759094,0.07082132432126793,5.076776889619124,0.2607758620689655,0.2157689456822494,0.8274114941864771
frame_009,frame_017,9,17,10,8,False,False,877,turnstile,0.3009543852031714,1.2007965698927503,0.606727123260498,0.39327287673950195,0.09430507414529243,5.024293425505158,0.24568965517241378,0.23391839062069844,0.9520888881403867
frame_009,frame_000,9,0,20,-9,False,False,919,street sign,0.6721204415489872,0.39731772602297877,0.8086676597595215,0.19133234024047852,0.02696057400613029,5.7082143923955355,0.09267241379310345,0.10217722834250739,1.1025635802540332
frame_009,frame_001,9,1,20,-8,False,False,919,street sign,0.5361603641088368,0.6233219758885538,0.7898116111755371,0.2101883888244629,0.030613573158020845,5.7115278061917145,0.09698275862068965,0.10424426469037523,1.0748741959185357
frame_009,frame_002,9,2,20,-7,False,False,444,"bicycle-built-for-two, tandem bicycle, tandem",0.4534349108640331,0.7909035459372267,0.7993285059928894,0.2006714940071106,0.02931996050344767,5.697686495950469,0.09051724137931035,0.11154497857916494,1.2323064300174413
frame_009,frame_003,9,3,20,-6,False,False,444,"bicycle-built-for-two, tandem bicycle, tandem",0.6287915527859678,0.46395547182193053,0.8086832165718079,0.19131678342819214,0.028269706323559785,5.710600640752377,0.09482758620689655,0.11292227485872577,1.1908167166920174
frame_009,frame_004,9,4,20,-5,False,False,444,"bicycle-built-for-two, tandem bicycle, tandem",0.822953748841286,0.19485527813298908,0.8942539691925049,0.10574603080749512,0.025812514822327503,5.725461029414159,0.08405172413793104,0.0890360391783729,1.0593005686862826
frame_009,frame_005,9,5,20,-4,False,False,444,"bicycle-built-for-two, tandem bicycle, tandem",0.6180475281979246,0.48118991801246347,0.788644015789032,0.21135598421096802,0.02425811579332573,5.671268973491233,0.09051724137931035,0.0843770179840997,0.9321651510624348
frame_009,frame_006,9,6,20,-3,False,False,919,street sign,0.5036988987757571,0.6857766125030091,0.7584443092346191,0.24155569076538086,0.030251997125239294,5.676470060722396,0.08836206896551724,0.07363437266387132,0.8333255833179584
frame_009,frame_007,9,7,20,-2,False,False,919,street sign,0.7336439325442594,0.3097314735949057,0.8525481820106506,0.14745181798934937,0.02552090762397533,5.690614733994341,0.09698275862068965,0.06585168008847304,0.6790039902455888
frame_009,frame_008,9,8,20,-1,False,False,444,"bicycle-built-for-two, tandem bicycle, tandem",0.2809816923974659,1.2694657633812914,0.7462445497512817,0.25375545024871826,0.03469933542164448,5.653219650872325,0.09698275862068965,0.0821423410327863,0.8469788053158409
frame_009,frame_010,9,10,20,1,False,False,830,stretcher,0.28912747588223325,1.2408875951045246,0.6615685224533081,0.3384314775466919,0.01537233150321478,5.6158568871860055,0.07112068965517242,0.09639912676817516,1.3554301460737357
frame_009,frame_011,9,11,20,2,False,True,870,"tricycle, trike, velocipede",0.1504925520339754,1.8938416841641281,0.5171505212783813,0.48284947872161865,0.01865072907762164,5.577732771436189,0.07543103448275862,0.11099726442180802,1.4715065911919691
frame_009,frame_012,9,12,20,3,False,False,840,"swab, swob, mop",0.5099532072876517,0.6734363078894616,0.7002151608467102,0.2997848391532898,0.016414675858491816,5.650587234398064,0.11637931034482758,0.1493558950177739,1.283354357189761
frame_009,frame_013,9,13,20,4,True,False,840,"swab, swob, mop",0.9561066039021816,0.04488586178962306,0.9557000398635864,0.044299960136413574,0.030099793874727918,5.5201524856291835,0.1724137931034483,0.25405195549747117,1.4735013418853327
frame_009,frame_014,9,14,20,5,False,False,840,"swab, swob, mop",0.9080013896688314,0.09650936990973369,0.9120940566062927,0.08790594339370728,0.037688866421378434,5.435627187301524,0.20043103448275862,0.2586228805768614,1.2903335116953085
frame_009,frame_015,9,15,20,6,False,False,840,"swab, swob, mop",0.4753383105700843,0.7437284956857684,0.6377968788146973,0.36220312118530273,0.02241125677281484,5.571491139933631,0.23060344827586207,0.13991820572510402,0.6067481070696099
frame_009,frame_016,9,16,20,7,False,False,840,"swab, swob, mop",0.3055924217076649,1.1855030200742618,0.5811821222305298,0.4188178777694702,0.031615469382288874,5.5433702292815905,0.2607758620689655,0.14089791472180307,0.5403027473629474
frame_009,frame_017,9,17,20,8,False,False,615,knee pad,0.5777160967402597,0.5486727130894851,0.7417512536048889,0.2582487463951111,0.02919248681905479,5.565957029317473,0.24568965517241378,0.1815451800588517,0.7389207328711157
frame_009,frame_000,9,0,30,-9,False,False,627,"limousine, limo",0.6953991130629722,0.36326933484351187,0.8037136793136597,0.19628632068634033,0.05676375332612707,5.373804730015906,0.09267241379310345,0.05674802077035185,0.6123507357544943
frame_009,frame_001,9,1,30,-8,False,False,627,"limousine, limo",0.9366737176481107,0.06542027761259206,0.9459592700004578,0.054040729999542236,0.05629592875175888,5.37179079142229,0.09698275862068965,0.04298831417262255,0.44325728391326363
frame_009,frame_002,9,2,30,-7,False,False,627,"limousine, limo",0.4737252724261109,0.7471277193543546,0.7848544120788574,0.21514558792114258,0.06007572640040588,5.366768040244159,0.09051724137931035,0.0620290427448503,0.6852732341335842
frame_009,frame_003,9,3,30,-6,False,False,444,"bicycle-built-for-two, tandem bicycle, tandem",0.5843877839519032,0.5371905028971363,0.789193332195282,0.21080666780471802,0.0536316830395703,5.409207585018251,0.09482758620689655,0.06994576577197886,0.7376098935954135
frame_009,frame_004,9,4,30,-5,False,False,444,"bicycle-built-for-two, tandem bicycle, tandem",0.9099566798692678,0.09435828514363953,0.9289441108703613,0.07105588912963867,0.04965403721364712,5.458097886236859,0.08405172413793104,0.04768200000274366,0.567293538494181
frame_009,frame_005,9,5,30,-4,False,False,444,"bicycle-built-for-two, tandem bicycle, tandem",0.5563891497648626,0.5862873199050505,0.7820481061935425,0.21795189380645752,0.053325606411277315,5.426255104528672,0.09051724137931035,0.06734625011120711,0.744015715514288
frame_009,frame_006,9,6,30,-3,False,False,627,"limousine, limo",0.8182260906646271,0.20061658611376632,0.8708020448684692,0.12919795513153076,0.04768943463797852,5.4455642578563115,0.08836206896551724,0.03835611603386596,0.43407897170033677
frame_009,frame_007,9,7,30,-2,False,False,627,"limousine, limo",0.7175791973905493,0.3318719578013487,0.8227907419204712,0.1772092580795288,0.04200661938235377,5.464012907473721,0.09698275862068965,0.03979315873604419,0.41031168118943345
frame_009,frame_008,9,8,30,-1,False,False,627,"limousine, limo",0.8712792378176564,0.13779275899970855,0.9134699106216431,0.08653008937835693,0.04149263330237844,5.453370340767072,0.09698275862068965,0.03622686941307105,0.3735392757258882
frame_009,frame_010,9,10,30,1,False,False,422,barbell,0.270282420541596,1.3082878646567644,0.6769339442253113,0.3230660557746887,0.028611622787918713,5.352141115166915,0.07112068965517242,0.06435541722375959,0.9048761694492258
frame_009,frame_011,9,11,30,2,False,False,422,barbell,0.40007396788430755,0.9161058292589284,0.6686528325080872,0.33134716749191284,0.02197810623932755,5.3619116014237775,0.07543103448275862,0.05156926050334236,0.6836610535300245
frame_009,frame_012,9,12,30,3,False,False,851,"television, television system",0.4352126860689824,0.8319204338905726,0.7433435916900635,0.2566564083099365,0.019500611148320832,5.437331523738781,0.11637931034482758,0.07169458141377254,0.6160423291850085
frame_009,frame_013,9,13,30,4,True,False,840,"swab, swob, mop",0.9735273648969754,0.026829344758098728,0.971435546875,0.028564453125,0.030263913369432162,5.328039473593034,0.1724137931034483,0.12030265409924754,0.6977553937756357
frame_009,frame_014,9,14,30,5,False,False,840,"swab, swob, mop",0.9304955343354399,0.07203800212097722,0.9299262762069702,0.07007372379302979,0.026949474880004477,5.116163841881318,0.20043103448275862,0.09921312655735778,0.4949988249743442
frame_009,frame_015,9,15,30,6,False,False,840,"swab, swob, mop",0.49541247398307875,0.70236458262523,0.68141770362854,0.31858229637145996,0.022753860576136473,5.292697480762845,0.23060344827586207,0.08120933140143534,0.35216009131089715
frame_009,frame_016,9,16,30,7,False,True,840,"swab, swob, mop",0.3889763418596011,0.9442367550548131,0.6266717910766602,0.37332820892333984,0.030916961021481865,5.324400719506051,0.2607758620689655,0.12117200925110246,0.46465960572323584
frame_009,frame_017,9,17,30,8,False,False,840,"swab, swob, mop",0.4856867866369469,0.7221913347833917,0.6637557148933411,0.33624428510665894,0.04854592970718775,5.140463493723701,0.24568965517241378,0.1421902870055001,0.5787394137767724
frame_009,frame_000,9,0,40,-9,False,True,731,"plunger, plumber's helper",0.18675734359137044,1.677945132629249,0.5954543352127075,0.4045456647872925,0.025703160088926782,5.256861509639927,0.09267241379310345,0.18759586898473132,2.0242903071840774
frame_009,frame_001,9,1,40,-8,False,False,627,"limousine, limo",0.3375997073434577,1.085894383134355,0.6687834858894348,0.3312165141105652,0.027524337582177198,5.35443321107171,0.09698275862068965,0.16776049098316476,1.7297970625819654
frame_009,frame_002,9,2,40,-7,False,False,444,"bicycle-built-for-two, tandem bicycle, tandem",0.45221402695802365,0.7935997002517694,0.7103736996650696,0.2896263003349304,0.026316463521438276,5.364488711990946,0.09051724137931035,0.1351102975132108,1.492647096336424
frame_009,frame_003,9,3,40,-6,False,False,444,"bicycle-built-for-two, tandem bicycle, tandem",0.6355021013583393,0.4533398817360035,0.7810079455375671,0.21899205446243286,0.02513643147336511,5.317226907790687,0.09482758620689655,0.18137632847312707,1.9126958275347947
frame_009,frame_004,9,4,40,-5,False,False,444,"bicycle-built-for-two, tandem bicycle, tandem",0.8588106614994799,0.15220679863971143,0.9034790992736816,0.09652090072631836,0.025623127803682366,5.2733075674800975,0.08405172413793104,0.19986252233164584,2.377851547740607
frame_009,frame_005,9,5,40,-4,False,False,444,"bicycle-built-for-two, tandem bicycle, tandem",0.39598369841760167,0.9263822341871005,0.7029745578765869,0.2970254421234131,0.0269796010933726,5.345188362514627,0.09051724137931035,0.16530973406869978,1.8262789668542072
frame_009,frame_006,9,6,40,-3,False,False,450,"bobsled, bobsleigh, bob",0.1875023307302466,1.673964003087615,0.6136934757232666,0.3863065242767334,0.024289544585021722,5.286825427670873,0.08836206896551724,0.1630125224927268,1.8448246447957375
frame_009,frame_007,9,7,40,-2,False,False,407,ambulance,0.23891891771393933,1.431631041038139,0.6372805833816528,0.36271941661834717,0.02766675132327139,5.3000313325647355,0.09698275862068965,0.13034735350152069,1.3440260449934578
frame_009,frame_008,9,8,40,-1,False,False,627,"limousine, limo",0.3545754593506762,1.0368340943057917,0.6981737613677979,0.30182623863220215,0.0267265657435134,5.3243150881730354,0.09698275862068965,0.10724449336606302,1.1058098871522943
frame_009,frame_010,9,10,40,1,False,False,830,stretcher,0.39632558290525793,0.9255192264780288,0.7325524687767029,0.2674475312232971,0.09111850043209499,4.802224913537145,0.07112068965517242,0.5217006615271601,7.335427483290978
frame_009,frame_011,9,11,40,2,False,False,851,"television, television system",0.45641720859050283,0.784347956642583,0.665413498878479,0.334586501121521,0.09158425098916681,4.813586907688777,0.07543103448275862,0.44439071864307855,5.89135124143967
frame_009,frame_012,9,12,40,3,False,False,851,"television, television system",0.4567279714110234,0.7836673138722463,0.7872216701507568,0.21277832984924316,0.1560282872936924,4.6801367448062186,0.11637931034482758,0.38125496707803774,3.27596860600388
frame_009,frame_013,9,13,40,4,True,False,840,"swab, swob, mop",0.9820650752035959,0.018097704795198233,0.9805395603179932,0.019460439682006836,0.09855852916778808,4.91940359526928,0.1724137931034483,0.6496379453349304,3.767900082942596
frame_009,frame_014,9,14,40,5,False,False,840,"swab, swob, mop",0.971877707708207,0.028525297552096873,0.9704321622848511,0.029567837715148926,0.06616540944611683,4.975504773072592,0.20043103448275862,0.547131464167141,2.7297741868124024
frame_009,frame_015,9,15,40,6,False,False,840,"swab, swob, mop",0.542236148523198,0.6120536740491858,0.7133426070213318,0.2866573929786682,0.028747810475691197,5.477801767322182,0.23060344827586207,0.4400535536537337,1.9082696158442285
frame_009,frame_016,9,16,40,7,False,False,840,"swab, swob, mop",0.37406171540007144,0.9833344807422963,0.6455262899398804,0.35447371006011963,0.03864939601105206,5.384355941600997,0.2607758620689655,0.4848679503241769,1.8593283384332073
frame_009,frame_017,9,17,40,8,False,False,840,"swab, swob, mop",0.5217514797058515,0.6505638969850507,0.7173216938972473,0.2826783061027527,0.05943254764594463,5.246810627714108,0.24568965517241378,0.44480609993857506,1.8104388629078845
frame_009,frame_000,9,0,50,-9,False,False,407,ambulance,0.3191924116548509,1.1419611867001846,0.6593103408813477,0.34068965911865234,0.046952903503028026,5.020734217894833,0.09267241379310345,0.17734504978648793,1.913676816300707
frame_009,frame_001,9,1,50,-8,False,False,407,ambulance,0.5577660519924591,0.5838156661778303,0.7282043695449829,0.2717956304550171,0.029844859104584533,5.170735088082322,0.09698275862068965,0.1067004226076387,1.1001999131098747
frame_009,frame_002,9,2,50,-7,False,False,555,"fire engine, fire truck",0.3060912473172303,1.1838720276335473,0.7100344300270081,0.28996556997299194,0.040992975409506575,5.134136545017558,0.09051724137931035,0.12577277643571722,1.3894897206231616
frame_009,frame_003,9,3,50,-6,False,False,407,ambulance,0.6485603210577703,0.433000263271091,0.8066418170928955,0.1933581829071045,0.03586341505009308,5.11146276050629,0.09482758620689655,0.20711343628217793,2.184105328066604
frame_009,frame_004,9,4,50,-5,False,False,407,ambulance,0.6814976258981256,0.3834625114933996,0.836336076259613,0.16366392374038696,0.04207527656534949,5.127124014495317,0.08405172413793104,0.16866456930418364,2.006675901465159
frame_009,frame_005,9,5,50,-4,False,False,407,ambulance,0.6837573846293366,0.3801521251151101,0.787960946559906,0.212039053440094,0.029895637485727412,5.143020145866286,0.09051724137931035,0.12655445921209602,1.3981254541526797
frame_009,frame_006,9,6,50,-3,False,False,407,ambulance,0.5117362782114989,0.6699458682609016,0.7303400039672852,0.26965999603271484,0.036984142942331516,5.104539691561161,0.08836206896551724,0.1272141976673378,1.4396923833571889
frame_009,frame_007,9,7,50,-2,False,False,407,ambulance,0.6706303712226347,0.3995371563503894,0.8059227466583252,0.1940772533416748,0.035864167135883605,5.1134385743770405,0.09698275862068965,0.08854875856786842,0.9130360883442433
frame_009,frame_008,9,8,50,-1,False,False,407,ambulance,0.638003057983323,0.44941220257152514,0.799686849117279,0.20031315088272095,0.06496325131018348,5.0018299237130766,0.09698275862068965,0.07564515854216096,0.7799856347458375
frame_009,frame_010,9,10,50,1,False,False,830,stretcher,0.3501219318353653,1.0494738084952684,0.727358341217041,0.272641658782959,0.07609173733766998,4.8015556997181505,0.07112068965517242,0.45726843973060705,6.42947139500005
frame_009,frame_011,9,11,50,2,False,True,851,"television, television system",0.3053022697905636,1.186452944645412,0.604576826095581,0.39542317390441895,0.10330562831659049,4.750182248030847,0.07543103448275862,0.319276170732575,4.232689806283281
frame_009,frame_012,9,12,50,3,False,False,851,"television, television system",0.6091084005218297,0.4957590295391374,0.7750148177146912,0.22498518228530884,0.1400419811227164,4.645056102825077,0.11637931034482758,0.27039072595415703,2.3233573489394233
frame_009,frame_013,9,13,50,4,False,False,840,"swab, swob, mop",0.9664691158263239,0.03410593549891772,0.9684638381004333,0.03153616189956665,0.10194095913161014,4.503242904563923,0.1724137931034483,0.4825485513386919,2.798781597764413
frame_009,frame_014,9,14,50,5,True,False,840,"swab, swob, mop",0.9753093750589623,0.02500055056296624,0.973453164100647,0.026546835899353027,0.0727589799789866,4.6279615344262055,0.20043103448275862,0.25439322475769793,1.2692307127695897
frame_009,frame_015,9,15,50,6,False,False,840,"swab, swob, mop",0.3536583192767337,1.0394240317368588,0.6716881394386292,0.32831186056137085,0.06252290421919673,5.2585306935156115,0.23060344827586207,0.18162305066596662,0.7875990234486777
frame_009,frame_016,9,16,50,7,False,False,676,muzzle,0.17955051114870121,1.7172987114820104,0.6116704940795898,0.38832950592041016,0.047448284637649815,5.116418479533666,0.2607758620689655,0.240053813634352,0.9205369382342092
frame_009,frame_017,9,17,50,8,False,False,747,"punching bag, punch bag, punching ball, punchball",0.4219005604192203,0.8629856315303268,0.6788387894630432,0.3211612105369568,0.13563075682254977,4.654538223615793,0.24568965517241378,0.20221647617893332,0.8230565346230269
frame_010,frame_000,10,0,5,-10,False,True,407,ambulance,0.12765539174514146,2.0584208976818354,0.4940916895866394,0.5059083104133606,0.01357216089190835,5.737201994106638,0.09267241379310345,0.14210067358248654,1.5333654079598547
frame_010,frame_001,10,1,5,-9,False,False,407,ambulance,0.20327061212613798,1.5932171230214092,0.5196596384048462,0.4803403615951538,0.012990397329415197,5.774780487250466,0.09698275862068965,0.13062783252719581,1.34691809539153
frame_010,frame_002,10,2,5,-8,False,False,444,"bicycle-built-for-two, tandem bicycle, tandem",0.13047112270662012,2.0366033586474583,0.5055670738220215,0.4944329261779785,0.009125881005973554,5.786567494582373,0.09051724137931035,0.12501278476763017,1.3810936221947714
frame_010,frame_003,10,3,5,-7,False,False,407,ambulance,0.2015017291431778,1.601957316276498,0.5359689593315125,0.46403104066848755,0.009308935265342608,5.776665147017286,0.09482758620689655,0.14778829973388766,1.5584947971937244
frame_010,frame_004,10,4,5,-6,False,False,444,"bicycle-built-for-two, tandem bicycle, tandem",0.3398919260795761,1.0791275763733843,0.595255434513092,0.40474456548690796,0.01031390293077484,5.7326080178861085,0.08405172413793104,0.16332437646218312,1.943141299447512
frame_010,frame_005,10,5,5,-5,False,False,407,ambulance,0.3168689413103473,1.149267024944618,0.5465472936630249,0.4534527063369751,0.009007594552589673,5.750223427029883,0.09051724137931035,0.15663268564511024,1.7304182414126463
frame_010,frame_006,10,6,5,-4,False,False,407,ambulance,0.20271394967644382,1.5959594085707431,0.4976463317871094,0.5023536682128906,0.011679576904003577,5.73562926710678,0.08836206896551724,0.16849986947591206,1.906925352117639
frame_010,frame_007,10,7,5,-3,False,False,874,"trolleybus, trolley coach, trackless trolley",0.2632530522172589,1.334639533667711,0.5545852184295654,0.44541478157043457,0.01093683861063606,5.728493914827086,0.09698275862068965,0.15213322299451215,1.5686625659878586
frame_010,frame_008,10,8,5,-2,False,False,874,"trolleybus, trolley coach, trackless trolley",0.1794903114814786,1.7176340475440535,0.554192066192627,0.44580793380737305,0.010204095248753731,5.7462351113533465,0.09698275862068965,0.12461006488008779,1.2848682245413496
frame_010,frame_009,10,9,5,-1,False,False,830,stretcher,0.31457938053398476,1.1565188323559372,0.6193962693214417,0.38060373067855835,0.03403550047195117,5.552774315845113,0.05387931034482758,0.249600533625838,4.632585904095554
frame_010,frame_011,10,11,5,1,False,False,422,barbell,0.509989632325597,0.673364882243737,0.6411625742912292,0.35883742570877075,0.026187766188445285,5.604770256884896,0.07543103448275862,0.2554950382348218,3.387134221170209
frame_010,frame_012,10,12,5,2,False,False,830,stretcher,0.5374522823802008,0.6209152998882956,0.6933852434158325,0.3066147565841675,0.04095655314206485,5.539313393135286,0.11637931034482758,0.2886835857362118,2.480540440400042
frame_010,frame_013,10,13,5,3,True,False,840,"swab, swob, mop",0.4476478204005407,0.8037484708950817,0.7306418418884277,0.26935815811157227,0.021123672065893356,5.59118856453148,0.1724137931034483,0.4095934802818544,2.375642185634755
frame_010,frame_014,10,14,5,4,False,False,840,"swab, swob, mop",0.4559376992611091,0.7853991032291106,0.6848056316375732,0.31519436836242676,0.02021808182131369,5.5939608764070545,0.20043103448275862,0.41478911887770503,2.069485496336077
frame_010,frame_015,10,15,5,5,False,False,840,"swab, swob, mop",0.2264080950161345,1.4854161779206985,0.5471194982528687,0.45288050174713135,0.013299954168115647,5.836024020744594,0.23060344827586207,0.353119673045358,1.5312853111499638
frame_010,frame_016,10,16,5,6,False,False,722,ping-pong ball,0.12988428275302502,2.041111357598929,0.5228743553161621,0.4771256446838379,0.015999536804510165,5.775982786460148,0.2607758620689655,0.41604336799056607,1.5954059731208483
frame_010,frame_017,10,17,5,7,False,False,840,"swab, swob, mop",0.23468292413890846,1.4495199348908532,0.5953739881515503,0.4046260118484497,0.021047133679946633,5.6837588200665445,0.24568965517241378,0.3913063188655801,1.592685368014291
frame_010,frame_000,10,0,10,-10,False,False,919,street sign,0.2868455391920684,1.2488113990676613,0.6109731197357178,0.3890268802642822,0.03158697535409505,5.108393167990698,0.09267241379310345,0.16394502472397565,1.7690811970215046
frame_010,frame_001,10,1,10,-9,False,False,407,ambulance,0.2702000798540558,1.3085925579192361,0.643459677696228,0.356540322303772,0.030690196715145723,5.196797650423693,0.09698275862068965,0.134075440627,1.3824667655761778
frame_010,frame_002,10,2,10,-8,False,False,919,street sign,0.28107920389078356,1.2691187849846801,0.628880500793457,0.37111949920654297,0.03493465062650778,5.221769459891086,0.09051724137931035,0.11678290365253845,1.2901730308280437
frame_010,frame_003,10,3,10,-7,False,False,444,"bicycle-built-for-two, tandem bicycle, tandem",0.2813081259210419,1.2683046768753152,0.6442954540252686,0.35570454597473145,0.030643854225364617,5.1946913636939875,0.09482758620689655,0.14381755523317472,1.5166214915498426
frame_010,frame_004,10,4,10,-6,True,False,444,"bicycle-built-for-two, tandem bicycle, tandem",0.48501176146737496,0.7235821378904954,0.7588115334510803,0.24118846654891968,0.0326846354143556,5.2241274375481,0.08405172413793104,0.12470845563622063,1.4837108568001633
frame_010,frame_005,10,5,10,-5,False,False,407,ambulance,0.4275998530854368,0.8495674434107334,0.6723388433456421,0.3276611566543579,0.027143791396963275,5.215688069037301,0.09051724137931035,0.11111198891709999,1.2275229251793904
frame_010,frame_006,10,6,10,-4,False,False,919,street sign,0.18339316334512576,1.6961229971439786,0.610528290271759,0.38947170972824097,0.030200818479514595,5.104470102347667,0.08836206896551724,0.09501812265428375,1.0753270466240894
frame_010,frame_007,10,7,10,-3,False,False,919,street sign,0.2778586737364168,1.280642662408864,0.646615743637085,0.35338425636291504,0.026701731129363207,5.169707755354226,0.09698275862068965,0.061628286362150626,0.6354561082675086
frame_010,frame_008,10,8,10,-2,False,False,627,"limousine, limo",0.37611691974842026,0.9778552271515677,0.6821677684783936,0.31783223152160645,0.03711762690832438,5.172141946478011,0.09698275862068965,0.08073676409319748,0.8324857453165251
frame_010,frame_009,10,9,10,-1,False,False,830,stretcher,0.36410097746096326,1.0103240392095623,0.6794382333755493,0.3205617666244507,0.04695031769087566,5.033847540274398,0.05387931034482758,0.1636164385026206,3.036721098608638
frame_010,frame_011,10,11,10,1,False,False,422,barbell,0.5170589756917201,0.6595983380748459,0.6652567386627197,0.3347432613372803,0.05921675284291315,4.860419292834343,0.07543103448275862,0.2406581190347219,3.190439063774599
frame_010,frame_012,10,12,10,2,False,False,830,stretcher,0.2140669958691138,1.5414662481459045,0.5993518829345703,0.4006481170654297,0.031781204702176304,5.147792719413273,0.11637931034482758,0.2483846057373682,2.1342677233729415
frame_010,frame_013,10,13,10,3,False,False,840,"swab, swob, mop",0.6066511152229971,0.4998014221557756,0.7311597466468811,0.2688402533531189,0.053076885432078176,5.092608296355466,0.1724137931034483,0.41374471080471,2.399719322667318
frame_010,frame_014,10,14,10,4,False,False,840,"swab, swob, mop",0.4558095558027938,0.7856801974872996,0.6539525985717773,0.34604740142822266,0.040185241996909364,4.928844496256567,0.20043103448275862,0.3759184419255638,1.8755500758436732
frame_010,frame_015,10,15,10,5,False,True,877,turnstile,0.24470771542806255,1.4076907788791146,0.5671014189720154,0.4328985810279846,0.03926729915854476,5.25657152678966,0.23060344827586207,0.21723726277557248,0.9420382236249124
frame_010,frame_016,10,16,10,6,False,False,877,turnstile,0.17739879358409408,1.7293550096704013,0.5775529742240906,0.4224470257759094,0.08419855808810744,4.931338718650738,0.2607758620689655,0.20694531265668045,0.7935754138239647
frame_010,frame_017,10,17,10,7,False,False,877,turnstile,0.3009543852031714,1.2007965698927503,0.606727123260498,0.39327287673950195,0.09890701045882366,4.919529589625659,0.24568965517241378,0.22331536345850944,0.9089327074100736
frame_010,frame_000,10,0,20,-10,False,False,919,street sign,0.6721204415489872,0.39731772602297877,0.8086676597595215,0.19133234024047852,0.021938350049087504,5.729449958048803,0.09267241379310345,0.112680616833656,1.2159024700189855
frame_010,frame_001,10,1,20,-9,False,False,919,street sign,0.5361603641088368,0.6233219758885538,0.7898116111755371,0.2101883888244629,0.024446111242162265,5.736040587492685,0.09698275862068965,0.11618015651432959,1.1979465027255318
frame_010,frame_002,10,2,20,-8,False,False,444,"bicycle-built-for-two, tandem bicycle, tandem",0.4534349108640331,0.7909035459372267,0.7993285059928894,0.2006714940071106,0.023232315016253,5.717057339149456,0.09051724137931035,0.1190994949844401,1.3157658493519098
frame_010,frame_003,10,3,20,-7,False,False,444,"bicycle-built-for-two, tandem bicycle, tandem",0.6287915527859678,0.46395547182193053,0.8086832165718079,0.19131678342819214,0.022052088384316517,5.739546826533871,0.09482758620689655,0.11799106765340904,1.2442694407086772
frame_010,frame_004,10,4,20,-6,False,False,444,"bicycle-built-for-two, tandem bicycle, tandem",0.822953748841286,0.19485527813298908,0.8942539691925049,0.10574603080749512,0.02059376602685954,5.749832291297489,0.08405172413793104,0.096662636365673,1.1500375198377506
frame_010,frame_005,10,5,20,-5,False,False,444,"bicycle-built-for-two, tandem bicycle, tandem",0.6180475281979246,0.48118991801246347,0.788644015789032,0.21135598421096802,0.019638795185002528,5.6973339987174345,0.09051724137931035,0.0940618833611985,1.0391598542760978
frame_010,frame_006,10,6,20,-4,False,False,919,street sign,0.5036988987757571,0.6857766125030091,0.7584443092346191,0.24155569076538086,0.025439789853002444,5.7081072176056065,0.08836206896551724,0.08265118793692124,0.9353695415300355
frame_010,frame_007,10,7,20,-3,False,False,919,street sign,0.7336439325442594,0.3097314735949057,0.8525481820106506,0.14745181798934937,0.021501710618691754,5.712761871097733,0.09698275862068965,0.07785527118678319,0.8027743517926089
frame_010,frame_008,10,8,20,-2,False,False,444,"bicycle-built-for-two, tandem bicycle, tandem",0.2809816923974659,1.2694657633812914,0.7462445497512817,0.25375545024871826,0.028940528969385846,5.691863080020235,0.09698275862068965,0.09734003042342439,1.0036838692548649
frame_010,frame_009,10,9,20,-1,False,False,747,"punching bag, punch bag, punching ball, punchball",0.691933987817344,0.36826472124223786,0.7937892079353333,0.20621079206466675,0.015945529745885697,5.629044367670791,0.05387931034482758,0.07158663944194481,1.3286480280424957
frame_010,frame_011,10,11,20,1,False,True,870,"tricycle, trike, velocipede",0.1504925520339754,1.8938416841641281,0.5171505212783813,0.48284947872161865,0.021571781905500607,5.574140117937015,0.07543103448275862,0.12295379539434788,1.6300160303707834
frame_010,frame_012,10,12,20,2,False,False,840,"swab, swob, mop",0.5099532072876517,0.6734363078894616,0.7002151608467102,0.2997848391532898,0.015910083455344864,5.6584699747233,0.11637931034482758,0.16898895997933425,1.4520532857483535
frame_010,frame_013,10,13,20,3,True,False,840,"swab, swob, mop",0.9561066039021816,0.04488586178962306,0.9557000398635864,0.044299960136413574,0.019366812412840717,5.5872125916239,0.1724137931034483,0.2857708270928345,1.6574707971384401
frame_010,frame_014,10,14,20,4,False,False,840,"swab, swob, mop",0.9080013896688314,0.09650936990973369,0.9120940566062927,0.08790594339370728,0.035260826878469896,5.492008933410848,0.20043103448275862,0.2941634684887372,1.46765429439542
frame_010,frame_015,10,15,20,5,False,False,840,"swab, swob, mop",0.4753383105700843,0.7437284956857684,0.6377968788146973,0.36220312118530273,0.024586716676433105,5.628283373510628,0.23060344827586207,0.17570533651046688,0.7619371601949217
frame_010,frame_016,10,16,20,6,False,False,840,"swab, swob, mop",0.3055924217076649,1.1855030200742618,0.5811821222305298,0.4188178777694702,0.04456400441323893,5.582689996613644,0.2607758620689655,0.17724413397154884,0.6796799848165178
frame_010,frame_017,10,17,20,7,False,False,615,knee pad,0.5777160967402597,0.5486727130894851,0.7417512536048889,0.2582487463951111,0.02468691418817089,5.649174128401272,0.24568965517241378,0.22180935327019516,0.9028029817313207
frame_010,frame_000,10,0,30,-10,False,False,627,"limousine, limo",0.6953991130629722,0.36326933484351187,0.8037136793136597,0.19628632068634033,0.04808972752820936,5.398046540041628,0.09267241379310345,0.06598103074365122,0.7119813550012596
frame_010,frame_001,10,1,30,-9,False,False,627,"limousine, limo",0.9366737176481107,0.06542027761259206,0.9459592700004578,0.054040729999542236,0.04804939310313387,5.391393421550698,0.09698275862068965,0.0556541082380296,0.5738556938321274
frame_010,frame_002,10,2,30,-8,False,False,627,"limousine, limo",0.4737252724261109,0.7471277193543546,0.7848544120788574,0.21514558792114258,0.05105904114254573,5.385652263105088,0.09051724137931035,0.07290933276939361,0.8054745334523484
frame_010,frame_003,10,3,30,-7,False,False,444,"bicycle-built-for-two, tandem bicycle, tandem",0.5843877839519032,0.5371905028971363,0.789193332195282,0.21080666780471802,0.04683021428608123,5.421251781934739,0.09482758620689655,0.08201982840587195,0.8649363722801042
frame_010,frame_004,10,4,30,-6,False,False,444,"bicycle-built-for-two, tandem bicycle, tandem",0.9099566798692678,0.09435828514363953,0.9289441108703613,0.07105588912963867,0.042264806990697505,5.474534939020598,0.08405172413793104,0.05512871823564451,0.6558903913163859
frame_010,frame_005,10,5,30,-5,False,False,444,"bicycle-built-for-two, tandem bicycle, tandem",0.5563891497648626,0.5862873199050505,0.7820481061935425,0.21795189380645752,0.04366639608084863,5.428563223657382,0.09051724137931035,0.09003575030300606,0.9946806700141622
frame_010,frame_006,10,6,30,-4,False,False,627,"limousine, limo",0.8182260906646271,0.20061658611376632,0.8708020448684692,0.12919795513153076,0.038181477006735395,5.483738052459721,0.08836206896551724,0.045647926664605536,0.5166009261555359
frame_010,frame_007,10,7,30,-3,False,False,627,"limousine, limo",0.7175791973905493,0.3318719578013487,0.8227907419204712,0.1772092580795288,0.03480738011510502,5.493381198650462,0.09698275862068965,0.048354104338279906,0.4985845425102639
frame_010,frame_008,10,8,30,-2,False,False,627,"limousine, limo",0.8712792378176564,0.13779275899970855,0.9134699106216431,0.08653008937835693,0.034465141956893514,5.4715720357534465,0.09698275862068965,0.04283180355497004,0.44164348554457994
frame_010,frame_009,10,9,30,-1,False,False,747,"punching bag, punch bag, punching ball, punchball",0.47716687919442713,0.7398889977169395,0.734700083732605,0.265299916267395,0.025955615748933736,5.386740837672642,0.05387931034482758,0.03730718281658402,0.6924213130757993
frame_010,frame_011,10,11,30,1,False,False,422,barbell,0.40007396788430755,0.9161058292589284,0.6686528325080872,0.33134716749191284,0.025083843771528263,5.353104829571233,0.07543103448275862,0.05394881558601352,0.7152071551974364
frame_010,frame_012,10,12,30,2,False,False,851,"television, television system",0.4352126860689824,0.8319204338905726,0.7433435916900635,0.2566564083099365,0.015777433223864594,5.428001908556377,0.11637931034482758,0.06516615849137608,0.559946250740713
frame_010,frame_013,10,13,30,3,True,False,840,"swab, swob, mop",0.9735273648969754,0.026829344758098728,0.971435546875,0.028564453125,0.02361830499948469,5.351127615486927,0.1724137931034483,0.12841974872133594,0.7448345425837484
frame_010,frame_014,10,14,30,4,False,False,840,"swab, swob, mop",0.9304955343354399,0.07203800212097722,0.9299262762069702,0.07007372379302979,0.02919455416766106,5.087681394300707,0.20043103448275862,0.10432847403803085,0.5205205586413582
frame_010,frame_015,10,15,30,5,False,False,840,"swab, swob, mop",0.49541247398307875,0.70236458262523,0.68141770362854,0.31858229637145996,0.02861369795543245,5.2493589398300005,0.23060344827586207,0.0860840569739958,0.3732990881862996
frame_010,frame_016,10,16,30,6,False,True,840,"swab, swob, mop",0.3889763418596011,0.9442367550548131,0.6266717910766602,0.37332820892333984,0.02824375392704233,5.302588952922148,0.2607758620689655,0.13479414167810147,0.5168965432945378
frame_010,frame_017,10,17,30,7,False,False,840,"swab, swob, mop",0.4856867866369469,0.7221913347833917,0.6637557148933411,0.33624428510665894,0.06088032221308785,5.075337703173903,0.24568965517241378,0.15717498354788761,0.6397297575984198
frame_010,frame_000,10,0,40,-10,False,True,731,"plunger, plumber's helper",0.18675734359137044,1.677945132629249,0.5954543352127075,0.4045456647872925,0.030286021510974863,5.160276406003199,0.09267241379310345,0.22203035759737882,2.3958624633763668
frame_010,frame_001,10,1,40,-9,False,False,627,"limousine, limo",0.3375997073434577,1.085894383134355,0.6687834858894348,0.3312165141105652,0.025453667760970536,5.2972090984524085,0.09698275862068965,0.1871635673144554,1.9298643385312735
frame_010,frame_002,10,2,40,-8,False,False,444,"bicycle-built-for-two, tandem bicycle, tandem",0.45221402695802365,0.7935997002517694,0.7103736996650696,0.2896263003349304,0.02479502934333466,5.3215383948403705,0.09051724137931035,0.14427921755677323,1.5939418320557803
frame_010,frame_003,10,3,40,-7,False,False,444,"bicycle-built-for-two, tandem bicycle, tandem",0.6355021013583393,0.4533398817360035,0.7810079455375671,0.21899205446243286,0.03007154886706729,5.2753243172678275,0.09482758620689655,0.18764817565655026,1.978835306923621
frame_010,frame_004,10,4,40,-6,False,False,444,"bicycle-built-for-two, tandem bicycle, tandem",0.8588106614994799,0.15220679863971143,0.9034790992736816,0.09652090072631836,0.02415640099660839,5.229933392324019,0.08405172413793104,0.2086440528436355,2.482329244088381
frame_010,frame_005,10,5,40,-5,False,False,444,"bicycle-built-for-two, tandem bicycle, tandem",0.39598369841760167,0.9263822341871005,0.7029745578765869,0.2970254421234131,0.026914976909725014,5.316000753841934,0.09051724137931035,0.17418059112833909,1.9242808162749843
frame_010,frame_006,10,6,40,-4,False,False,450,"bobsled, bobsleigh, bob",0.1875023307302466,1.673964003087615,0.6136934757232666,0.3863065242767334,0.02205666923756609,5.238791551052467,0.08836206896551724,0.18373421101485848,2.0793335100218133
frame_010,frame_007,10,7,40,-3,False,False,407,ambulance,0.23891891771393933,1.431631041038139,0.6372805833816528,0.36271941661834717,0.027694366752365956,5.263045085420829,0.09698275862068965,0.14577837010965902,1.503136971797373
frame_010,frame_008,10,8,40,-2,False,False,627,"limousine, limo",0.3545754593506762,1.0368340943057917,0.6981737613677979,0.30182623863220215,0.03900384911130811,5.272232456474477,0.09698275862068965,0.1192427962367716,1.229525721196934
frame_010,frame_009,10,9,40,-1,False,False,747,"punching bag, punch bag, punching ball, punchball",0.3329668061459505,1.0997124752135905,0.7336350083351135,0.2663649916648865,0.06887900033661823,4.826979650066605,0.05387931034482758,0.3764001758245322,6.985987263303318
frame_010,frame_011,10,11,40,1,False,False,851,"television, television system",0.45641720859050283,0.784347956642583,0.665413498878479,0.334586501121521,0.09937211915109477,4.709218189832625,0.07543103448275862,0.461961669155332,6.124291842516401
frame_010,frame_012,10,12,40,2,False,False,851,"television, television system",0.4567279714110234,0.7836673138722463,0.7872216701507568,0.21277832984924316,0.16065975029997845,4.55796115210796,0.11637931034482758,0.39152842488527145,3.364244243458629
frame_010,frame_013,10,13,40,3,True,False,840,"swab, swob, mop",0.9820650752035959,0.018097704795198233,0.9805395603179932,0.019460439682006836,0.08775098688563622,4.81541217352951,0.1724137931034483,0.6850699376655152,3.9734056384599876
frame_010,frame_014,10,14,40,4,False,False,840,"swab, swob, mop",0.971877707708207,0.028525297552096873,0.9704321622848511,0.029567837715148926,0.0657257724445217,4.91893624484625,0.20043103448275862,0.5724329792522673,2.8560097029360434
frame_010,frame_015,10,15,40,5,False,False,840,"swab, swob, mop",0.542236148523198,0.6120536740491858,0.7133426070213318,0.2866573929786682,0.046053994317219994,5.34420666349505,0.23060344827586207,0.4744901446119101,2.0576021224292176
frame_010,frame_016,10,16,40,6,False,False,840,"swab, swob, mop",0.37406171540007144,0.9833344807422963,0.6455262899398804,0.35447371006011963,0.06094722821360667,5.234868194338812,0.2607758620689655,0.5294125282575537,2.030143910012437
frame_010,frame_017,10,17,40,7,False,False,840,"swab, swob, mop",0.5217514797058515,0.6505638969850507,0.7173216938972473,0.2826783061027527,0.07305728697889285,5.111690374099153,0.24568965517241378,0.4667945942788204,1.8999358925032692
frame_010,frame_000,10,0,50,-10,False,False,407,ambulance,0.3191924116548509,1.1419611867001846,0.6593103408813477,0.34068965911865234,0.05945945546117571,4.927685872825188,0.09267241379310345,0.2171838768353383,2.3435655546883014
frame_010,frame_001,10,1,50,-9,False,False,407,ambulance,0.5577660519924591,0.5838156661778303,0.7282043695449829,0.2717956304550171,0.03322206412499982,5.143602653156036,0.09698275862068965,0.13126955433660337,1.3535349602707547
frame_010,frame_002,10,2,50,-8,False,False,555,"fire engine, fire truck",0.3060912473172303,1.1838720276335473,0.7100344300270081,0.28996556997299194,0.04439573699131203,5.106669897618845,0.09051724137931035,0.14240605039140705,1.5732477948003065
frame_010,frame_003,10,3,50,-7,False,False,407,ambulance,0.6485603210577703,0.433000263271091,0.8066418170928955,0.1933581829071045,0.04873725355775639,5.071439959082429,0.09482758620689655,0.22785531097798883,2.4028378248587914
frame_010,frame_004,10,4,50,-6,False,False,407,ambulance,0.6814976258981256,0.3834625114933996,0.836336076259613,0.16366392374038696,0.04988429726046672,5.100810622268272,0.08405172413793104,0.1858230910006894,2.2108183134440993
frame_010,frame_005,10,5,50,-5,False,False,407,ambulance,0.6837573846293366,0.3801521251151101,0.787960946559906,0.212039053440094,0.03504933843503096,5.116725061139144,0.09051724137931035,0.1428464780853356,1.5781134721808505
frame_010,frame_006,10,6,50,-4,False,False,407,ambulance,0.5117362782114989,0.6699458682609016,0.7303400039672852,0.26965999603271484,0.04536894765641226,5.074276496658844,0.08836206896551724,0.1508772827035224,1.7074892481569366
frame_010,frame_007,10,7,50,-3,False,False,407,ambulance,0.6706303712226347,0.3995371563503894,0.8059227466583252,0.1940772533416748,0.03683067432181525,5.112499952283348,0.09698275862068965,0.11194309517652162,1.1542576924868007
frame_010,frame_008,10,8,50,-2,False,False,407,ambulance,0.638003057983323,0.44941220257152514,0.799686849117279,0.20031315088272095,0.07150870451355873,4.96714805609024,0.09698275862068965,0.08601418930445424,0.8869018630503727
frame_010,frame_009,10,9,50,-1,False,False,747,"punching bag, punch bag, punching ball, punchball",0.7213100305668494,0.32668623333483326,0.8411332368850708,0.1588667631149292,0.09448786005540162,4.803803984301815,0.05387931034482758,0.3268274554908346,6.06591757390989
frame_010,frame_011,10,11,50,1,False,True,851,"television, television system",0.3053022697905636,1.186452944645412,0.604576826095581,0.39542317390441895,0.10464920610054132,4.695162158147311,0.07543103448275862,0.3341052964478739,4.429281644337529
frame_010,frame_012,10,12,50,2,False,False,851,"television, television system",0.6091084005218297,0.4957590295391374,0.7750148177146912,0.22498518228530884,0.15032163137449175,4.571601634610041,0.11637931034482758,0.28048845492337654,2.4101230200823465
frame_010,frame_013,10,13,50,3,False,False,840,"swab, swob, mop",0.9664691158263239,0.03410593549891772,0.9684638381004333,0.03153616189956665,0.13185474128411515,4.399493728487369,0.1724137931034483,0.5281195492029559,3.063093385377144
frame_010,frame_014,10,14,50,4,True,False,840,"swab, swob, mop",0.9753093750589623,0.02500055056296624,0.973453164100647,0.026546835899353027,0.0706714986447461,4.624294185762199,0.20043103448275862,0.2940157264765476,1.466917172958259
frame_010,frame_015,10,15,50,5,False,False,840,"swab, swob, mop",0.3536583192767337,1.0394240317368588,0.6716881394386292,0.32831186056137085,0.054569589585199876,5.227071899969939,0.23060344827586207,0.21335619462087396,0.9252081710662198
frame_010,frame_016,10,16,50,6,False,False,676,muzzle,0.17955051114870121,1.7172987114820104,0.6116704940795898,0.38832950592041016,0.0530919180692179,5.034808503889927,0.2607758620689655,0.28698108498010294,1.1004894498410558
frame_010,frame_017,10,17,50,7,False,False,747,"punching bag, punch bag, punching ball, punchball",0.4219005604192203,0.8629856315303268,0.6788387894630432,0.3211612105369568,0.15673314985872583,4.5721147698444256,0.24568965517241378,0.22559837164483376,0.9182249512561655
frame_011,frame_000,11,0,5,-11,False,True,407,ambulance,0.12765539174514146,2.0584208976818354,0.4940916895866394,0.5059083104133606,0.013131413437097582,5.76613543771859,0.09267241379310345,0.1351227515637905,1.458068761060437
frame_011,frame_001,11,1,5,-10,False,False,407,ambulance,0.20327061212613798,1.5932171230214092,0.5196596384048462,0.4803403615951538,0.012679878476433166,5.795995548577301,0.09698275862068965,0.1272808830164207,1.312407327102649
frame_011,frame_002,11,2,5,-9,False,False,444,"bicycle-built-for-two, tandem bicycle, tandem",0.13047112270662012,2.0366033586474583,0.5055670738220215,0.4944329261779785,0.008615113868236992,5.8084856635237685,0.09051724137931035,0.12207472067537699,1.3486350093660695
frame_011,frame_003,11,3,5,-8,False,False,407,ambulance,0.2015017291431778,1.601957316276498,0.5359689593315125,0.46403104066848755,0.008853174730480229,5.7933118881071035,0.09482758620689655,0.14698671733278537,1.550041746418464
frame_011,frame_004,11,4,5,-7,False,False,444,"bicycle-built-for-two, tandem bicycle, tandem",0.3398919260795761,1.0791275763733843,0.595255434513092,0.40474456548690796,0.00966859040299087,5.751879424262496,0.08405172413793104,0.15942624527087138,1.896763533479085
frame_011,frame_005,11,5,5,-6,False,False,407,ambulance,0.3168689413103473,1.149267024944618,0.5465472936630249,0.4534527063369751,0.00928589145828409,5.772708487429285,0.09051724137931035,0.15183609667824904,1.6774273537787514
frame_011,frame_006,11,6,5,-5,False,False,407,ambulance,0.20271394967644382,1.5959594085707431,0.4976463317871094,0.5023536682128906,0.010575570860704875,5.76314898839326,0.08836206896551724,0.1590660951815746,1.8001626381524543
frame_011,frame_007,11,7,5,-4,False,False,874,"trolleybus, trolley coach, trackless trolley",0.2632530522172589,1.334639533667711,0.5545852184295654,0.44541478157043457,0.010049091683549038,5.758654752637792,0.09698275862068965,0.14505988789111735,1.4957286218106323
frame_011,frame_008,11,8,5,-3,False,False,874,"trolleybus, trolley coach, trackless trolley",0.1794903114814786,1.7176340475440535,0.554192066192627,0.44580793380737305,0.010039369705482094,5.774013011933885,0.09698275862068965,0.11926779584565425,1.2297834949418571
frame_011,frame_009,11,9,5,-2,False,False,830,stretcher,0.31457938053398476,1.1565188323559372,0.6193962693214417,0.38060373067855835,0.030640138415167627,5.631891871873934,0.05387931034482758,0.226348552907835,4.201029141969418
frame_011,frame_010,11,10,5,-1,False,False,422,barbell,0.34195593866146956,1.0730733845425746,0.694621205329895,0.305378794670105,0.025076368245448896,5.555773246553634,0.07112068965517242,0.3438103003315712,4.834181192540879
frame_011,frame_012,11,12,5,1,False,False,830,stretcher,0.5374522823802008,0.6209152998882956,0.6933852434158325,0.3066147565841675,0.03691958658207047,5.607831989711084,0.11637931034482758,0.2782112130482292,2.390555608414414
frame_011,frame_013,11,13,5,2,True,False,840,"swab, swob, mop",0.4476478204005407,0.8037484708950817,0.7306418418884277,0.26935815811157227,0.019910337473894316,5.6509894413236825,0.1724137931034483,0.39594720048355747,2.296493762804633
frame_011,frame_014,11,14,5,3,False,False,840,"swab, swob, mop",0.4559376992611091,0.7853991032291106,0.6848056316375732,0.31519436836242676,0.0180158092314584,5.643139317245954,0.20043103448275862,0.4064978457330186,2.0281182840873186
frame_011,frame_015,11,15,5,4,False,False,840,"swab, swob, mop",0.2264080950161345,1.4854161779206985,0.5471194982528687,0.45288050174713135,0.010457010918261388,5.873772803666261,0.23060344827586207,0.3369660694223099,1.4612360393640353
frame_011,frame_016,11,16,5,5,False,False,722,ping-pong ball,0.12988428275302502,2.041111357598929,0.5228743553161621,0.4771256446838379,0.013039898329976297,5.820889964137843,0.2607758620689655,0.40142708301899444,1.539356748105896
frame_011,frame_017,11,17,5,6,False,False,840,"swab, swob, mop",0.23468292413890846,1.4495199348908532,0.5953739881515503,0.4046260118484497,0.02008300668963035,5.723881817567795,0.24568965517241378,0.3761368469405016,1.5309429559683574
frame_011,frame_000,11,0,10,-11,False,False,919,street sign,0.2868455391920684,1.2488113990676613,0.6109731197357178,0.3890268802642822,0.030232966949845026,5.122939332389983,0.09267241379310345,0.15123514151074616,1.631932689790377
frame_011,frame_001,11,1,10,-10,False,False,407,ambulance,0.2702000798540558,1.3085925579192361,0.643459677696228,0.356540322303772,0.030070999519698348,5.199839555810403,0.09698275862068965,0.12558075349466338,1.294877102700529
frame_011,frame_002,11,2,10,-9,False,False,919,street sign,0.28107920389078356,1.2691187849846801,0.628880500793457,0.37111949920654297,0.03201872461631799,5.229653351220458,0.09051724137931035,0.11015970684421866,1.2170024756123206
frame_011,frame_003,11,3,10,-8,False,False,444,"bicycle-built-for-two, tandem bicycle, tandem",0.2813081259210419,1.2683046768753152,0.6442954540252686,0.35570454597473145,0.029275596204466164,5.1985119331533145,0.09482758620689655,0.14656239293332082,1.5455670527513834
frame_011,frame_004,11,4,10,-7,True,False,444,"bicycle-built-for-two, tandem bicycle, tandem",0.48501176146737496,0.7235821378904954,0.7588115334510803,0.24118846654891968,0.030448562001213944,5.239405864673063,0.08405172413793104,0.11771219191063689,1.4004732576034749
frame_011,frame_005,11,5,10,-6,False,False,407,ambulance,0.4275998530854368,0.8495674434107334,0.6723388433456421,0.3276611566543579,0.02507099523362717,5.221240807048737,0.09051724137931035,0.1017735713888992,1.1243556458202197
frame_011,frame_006,11,6,10,-5,False,False,919,street sign,0.18339316334512576,1.6961229971439786,0.610528290271759,0.38947170972824097,0.027384670268546574,5.115061702176915,0.08836206896551724,0.09335036306137079,1.0564528892799037
frame_011,frame_007,11,7,10,-4,False,False,919,street sign,0.2778586737364168,1.280642662408864,0.646615743637085,0.35338425636291504,0.026051396145406254,5.175274753308738,0.09698275862068965,0.05703542446343208,0.588098598911833
frame_011,frame_008,11,8,10,-3,False,False,627,"limousine, limo",0.37611691974842026,0.9778552271515677,0.6821677684783936,0.31783223152160645,0.039943802868965705,5.17671945112204,0.09698275862068965,0.07498249186708082,0.7731528050294556
frame_011,frame_009,11,9,10,-2,False,False,830,stretcher,0.36410097746096326,1.0103240392095623,0.6794382333755493,0.3205617666244507,0.03751993957399831,5.104018677973456,0.05387931034482758,0.13680154589725926,2.539036691853132
frame_011,frame_010,11,10,10,-1,False,False,830,stretcher,0.45085048887872664,0.7966195046878537,0.7192917466163635,0.2807082533836365,0.024169819859503398,5.2292375946997485,0.07112068965517242,0.21307418592173322,2.9959521899298247
frame_011,frame_012,11,12,10,1,False,False,830,stretcher,0.2140669958691138,1.5414662481459045,0.5993518829345703,0.4006481170654297,0.02815216221419721,5.192041692426876,0.11637931034482758,0.23479286742645328,2.017479453442117
frame_011,frame_013,11,13,10,2,False,False,840,"swab, swob, mop",0.6066511152229971,0.4998014221557756,0.7311597466468811,0.2688402533531189,0.0659753977834781,5.076106028198486,0.1724137931034483,0.42256743341012504,2.450891113778725
frame_011,frame_014,11,14,10,3,False,False,840,"swab, swob, mop",0.4558095558027938,0.7856801974872996,0.6539525985717773,0.34604740142822266,0.04357645021994643,4.952659374709723,0.20043103448275862,0.3739618900516903,1.8657883546664977
frame_011,frame_015,11,15,10,4,False,True,877,turnstile,0.24470771542806255,1.4076907788791146,0.5671014189720154,0.4328985810279846,0.04424180873518627,5.250390522719455,0.23060344827586207,0.19532971791912218,0.84703728144367
frame_011,frame_016,11,16,10,5,False,False,877,turnstile,0.17739879358409408,1.7293550096704013,0.5775529742240906,0.4224470257759094,0.09615924351152523,4.941449525103762,0.2607758620689655,0.1953535520509289,0.7491243648895125
frame_011,frame_017,11,17,10,6,False,False,877,turnstile,0.3009543852031714,1.2007965698927503,0.606727123260498,0.39327287673950195,0.09857930929769168,4.920265539852169,0.24568965517241378,0.19867793127923272,0.8086540360838946
frame_011,frame_000,11,0,20,-11,False,False,919,street sign,0.6721204415489872,0.39731772602297877,0.8086676597595215,0.19133234024047852,0.025581697209775843,5.731847952724466,0.09267241379310345,0.09905882597776981,1.068913843108958
frame_011,frame_001,11,1,20,-10,False,False,919,street sign,0.5361603641088368,0.6233219758885538,0.7898116111755371,0.2101883888244629,0.028547430894945238,5.732818502921434,0.09698275862068965,0.10449880323345286,1.0774987711182695
frame_011,frame_002,11,2,20,-9,False,False,444,"bicycle-built-for-two, tandem bicycle, tandem",0.4534349108640331,0.7909035459372267,0.7993285059928894,0.2006714940071106,0.02703732705857027,5.709597066304524,0.09051724137931035,0.11413082538006744,1.2608738803893165
frame_011,frame_003,11,3,20,-8,False,False,444,"bicycle-built-for-two, tandem bicycle, tandem",0.6287915527859678,0.46395547182193053,0.8086832165718079,0.19131678342819214,0.025369158076675644,5.729826035173195,0.09482758620689655,0.11909029301033543,1.2558612717453554
frame_011,frame_004,11,4,20,-7,False,False,444,"bicycle-built-for-two, tandem bicycle, tandem",0.822953748841286,0.19485527813298908,0.8942539691925049,0.10574603080749512,0.022961681722393098,5.745199985244293,0.08405172413793104,0.09225660067433666,1.0976169926382617
frame_011,frame_005,11,5,20,-6,False,False,444,"bicycle-built-for-two, tandem bicycle, tandem",0.6180475281979246,0.48118991801246347,0.788644015789032,0.21135598421096802,0.02300505539118496,5.69282843741335,0.09051724137931035,0.08829330704814856,0.9754308207224031
frame_011,frame_006,11,6,20,-5,False,False,919,street sign,0.5036988987757571,0.6857766125030091,0.7584443092346191,0.24155569076538086,0.02840116380980635,5.697866287947507,0.08836206896551724,0.07772060537060412,0.8795697778526905
frame_011,frame_007,11,7,20,-4,False,False,919,street sign,0.7336439325442594,0.3097314735949057,0.8525481820106506,0.14745181798934937,0.024080119695575657,5.714738940655547,0.09698275862068965,0.0686823053551276,0.7081908818839825
frame_011,frame_008,11,8,20,-3,False,False,444,"bicycle-built-for-two, tandem bicycle, tandem",0.2809816923974659,1.2694657633812914,0.7462445497512817,0.25375545024871826,0.03233481595075509,5.68544763887561,0.09698275862068965,0.09161218998956927,0.9446234701146698
frame_011,frame_009,11,9,20,-2,False,False,747,"punching bag, punch bag, punching ball, punchball",0.691933987817344,0.36826472124223786,0.7937892079353333,0.20621079206466675,0.016614573341925745,5.619410115843194,0.05387931034482758,0.05953593111761115,1.104986881542863
frame_011,frame_010,11,10,20,-1,False,False,830,stretcher,0.28912747588223325,1.2408875951045246,0.6615685224533081,0.3384314775466919,0.014015416603646934,5.621498117196892,0.07112068965517242,0.09417179810248752,1.3241125551380062
frame_011,frame_012,11,12,20,1,False,False,840,"swab, swob, mop",0.5099532072876517,0.6734363078894616,0.7002151608467102,0.2997848391532898,0.014667818380621303,5.646408235475083,0.11637931034482758,0.14674643003335636,1.260932287694025
frame_011,frame_013,11,13,20,2,True,False,840,"swab, swob, mop",0.9561066039021816,0.04488586178962306,0.9557000398635864,0.044299960136413574,0.01920537462021978,5.57594978309668,0.1724137931034483,0.2609027782533776,1.51323611386959
frame_011,frame_014,11,14,20,3,False,False,840,"swab, swob, mop",0.9080013896688314,0.09650936990973369,0.9120940566062927,0.08790594339370728,0.03233762370316448,5.443933215466209,0.20043103448275862,0.2656801895665913,1.3255441716010576
frame_011,frame_015,11,15,20,4,False,False,840,"swab, swob, mop",0.4753383105700843,0.7437284956857684,0.6377968788146973,0.36220312118530273,0.028092073439594283,5.576002694157434,0.23060344827586207,0.14577435575642889,0.6321430006633926
frame_011,frame_016,11,16,20,5,False,True,840,"swab, swob, mop",0.3055924217076649,1.1855030200742618,0.5811821222305298,0.4188178777694702,0.03553473202137863,5.573885340760748,0.2607758620689655,0.1560650716528498,0.5984644069993579
frame_011,frame_017,11,17,20,6,False,False,615,knee pad,0.5777160967402597,0.5486727130894851,0.7417512536048889,0.2582487463951111,0.0334166060181073,5.5721976344545165,0.24568965517241378,0.19061463140900817,0.7758349909980684
frame_011,frame_000,11,0,30,-11,False,False,627,"limousine, limo",0.6953991130629722,0.36326933484351187,0.8037136793136597,0.19628632068634033,0.04546911955968604,5.441985908864101,0.09267241379310345,0.05536621535481395,0.5974400912705505
frame_011,frame_001,11,1,30,-10,False,False,627,"limousine, limo",0.9366737176481107,0.06542027761259206,0.9459592700004578,0.054040729999542236,0.04462495377135614,5.449939497115405,0.09698275862068965,0.042159293387642856,0.43470915848591746
frame_011,frame_002,11,2,30,-9,False,False,627,"limousine, limo",0.4737252724261109,0.7471277193543546,0.7848544120788574,0.21514558792114258,0.048324577385536215,5.4534124744326204,0.09051724137931035,0.05624732197635022,0.6213989856434882
frame_011,frame_003,11,3,30,-8,False,False,444,"bicycle-built-for-two, tandem bicycle, tandem",0.5843877839519032,0.5371905028971363,0.789193332195282,0.21080666780471802,0.04280712419630576,5.484727841675321,0.09482758620689655,0.0638518811934237,0.6733471107670137
frame_011,frame_004,11,4,30,-7,False,False,444,"bicycle-built-for-two, tandem bicycle, tandem",0.9099566798692678,0.09435828514363953,0.9289441108703613,0.07105588912963867,0.038364164988804676,5.529069101179413,0.08405172413793104,0.041668923661242176,0.4957533481747787
frame_011,frame_005,11,5,30,-6,False,False,444,"bicycle-built-for-two, tandem bicycle, tandem",0.5563891497648626,0.5862873199050505,0.7820481061935425,0.21795189380645752,0.039835676406088746,5.511019587821649,0.09051724137931035,0.06259175015828383,0.691489811272469
frame_011,frame_006,11,6,30,-5,False,False,627,"limousine, limo",0.8182260906646271,0.20061658611376632,0.8708020448684692,0.12919795513153076,0.03402946153249722,5.532182573238182,0.08836206896551724,0.03831288849893507,0.4335897625245335
frame_011,frame_007,11,7,30,-4,False,False,627,"limousine, limo",0.7175791973905493,0.3318719578013487,0.8227907419204712,0.1772092580795288,0.030926898182139912,5.548562473407466,0.09698275862068965,0.044270998000608436,0.4564831793840514
frame_011,frame_008,11,8,30,-3,False,False,627,"limousine, limo",0.8712792378176564,0.13779275899970855,0.9134699106216431,0.08653008937835693,0.03335086629601513,5.525214053640726,0.09698275862068965,0.037868819223215826,0.39046960265715874
frame_011,frame_009,11,9,30,-2,False,False,747,"punching bag, punch bag, punching ball, punchball",0.47716687919442713,0.7398889977169395,0.734700083732605,0.265299916267395,0.036444045406191165,5.383513914690471,0.05387931034482758,0.025700406017845477,0.47699953569121206
frame_011,frame_010,11,10,30,-1,False,False,422,barbell,0.270282420541596,1.3082878646567644,0.6769339442253113,0.3230660557746887,0.028365112543266523,5.394192575828892,0.07112068965517242,0.04549762334744123,0.6397241585822039
frame_011,frame_012,11,12,30,1,False,False,851,"television, television system",0.4352126860689824,0.8319204338905726,0.7433435916900635,0.2566564083099365,0.01618986960008778,5.479848669179859,0.11637931034482758,0.05601079548652191,0.48127794640270677
frame_011,frame_013,11,13,30,2,True,False,840,"swab, swob, mop",0.9735273648969754,0.026829344758098728,0.971435546875,0.028564453125,0.024088768293838856,5.378554590467757,0.1724137931034483,0.10667996142913572,0.6187437762889871
frame_011,frame_014,11,14,30,3,False,False,840,"swab, swob, mop",0.9304955343354399,0.07203800212097722,0.9299262762069702,0.07007372379302979,0.028514981125642137,5.13394753768454,0.20043103448275862,0.09592750334799628,0.4786060382093578
frame_011,frame_015,11,15,30,4,False,False,840,"swab, swob, mop",0.49541247398307875,0.70236458262523,0.68141770362854,0.31858229637145996,0.023021639902696556,5.280579471879794,0.23060344827586207,0.0727626801017841,0.3155316221236245
frame_011,frame_016,11,16,30,5,False,True,840,"swab, swob, mop",0.3889763418596011,0.9442367550548131,0.6266717910766602,0.37332820892333984,0.03271554789973025,5.3276197161609335,0.2607758620689655,0.1167801142239111,0.4478179586768161
frame_011,frame_017,11,17,30,6,False,False,840,"swab, swob, mop",0.4856867866369469,0.7221913347833917,0.6637557148933411,0.33624428510665894,0.043225712858139996,5.171159280221623,0.24568965517241378,0.13424420415521476,0.5463974625264881
frame_011,frame_000,11,0,40,-11,False,True,731,"plunger, plumber's helper",0.18675734359137044,1.677945132629249,0.5954543352127075,0.4045456647872925,0.026685033071388625,5.185696885507586,0.09267241379310345,0.20447482149370513,2.206425980769283
frame_011,frame_001,11,1,40,-10,False,False,627,"limousine, limo",0.3375997073434577,1.085894383134355,0.6687834858894348,0.3312165141105652,0.026365369587445054,5.301848992397744,0.09698275862068965,0.17556703711046645,1.8102912270945875
frame_011,frame_002,11,2,40,-9,False,False,444,"bicycle-built-for-two, tandem bicycle, tandem",0.45221402695802365,0.7935997002517694,0.7103736996650696,0.2896263003349304,0.027022175503414774,5.317163553018801,0.09051724137931035,0.13282449142195518,1.4673943814235049
frame_011,frame_003,11,3,40,-8,False,False,444,"bicycle-built-for-two, tandem bicycle, tandem",0.6355021013583393,0.4533398817360035,0.7810079455375671,0.21899205446243286,0.030980138465099456,5.260078043596765,0.09482758620689655,0.17142039612710958,1.8077059955222465
frame_011,frame_004,11,4,40,-7,False,False,444,"bicycle-built-for-two, tandem bicycle, tandem",0.8588106614994799,0.15220679863971143,0.9034790992736816,0.09652090072631836,0.025208961379844026,5.229727512648852,0.08405172413793104,0.18980457830811756,2.2581878034606806
frame_011,frame_005,11,5,40,-6,False,False,444,"bicycle-built-for-two, tandem bicycle, tandem",0.39598369841760167,0.9263822341871005,0.7029745578765869,0.2970254421234131,0.027992061077049008,5.31691034715786,0.09051724137931035,0.16379736863072578,1.8095709296346847
frame_011,frame_006,11,6,40,-5,False,False,450,"bobsled, bobsleigh, bob",0.1875023307302466,1.673964003087615,0.6136934757232666,0.3863065242767334,0.024336660519473183,5.236736479471169,0.08836206896551724,0.17324396259565802,1.960614601082569
frame_011,frame_007,11,7,40,-4,False,False,407,ambulance,0.23891891771393933,1.431631041038139,0.6372805833816528,0.36271941661834717,0.028308913276723736,5.2739530676030535,0.09698275862068965,0.13336053654242375,1.3750953101263248
frame_011,frame_008,11,8,40,-3,False,False,627,"limousine, limo",0.3545754593506762,1.0368340943057917,0.6981737613677979,0.30182623863220215,0.03190512592183279,5.29543885300029,0.09698275862068965,0.11905063067999816,1.2275442807893144
frame_011,frame_009,11,9,40,-2,False,False,747,"punching bag, punch bag, punching ball, punchball",0.3329668061459505,1.0997124752135905,0.7336350083351135,0.2663649916648865,0.06129553702817178,4.923504925149826,0.05387931034482758,0.3517145915529247,6.527822819222283
frame_011,frame_010,11,10,40,-1,False,False,830,stretcher,0.39632558290525793,0.9255192264780288,0.7325524687767029,0.2674475312232971,0.07053370667304816,4.808927116320027,0.07112068965517242,0.5135420717300168,7.220712766143266
frame_011,frame_012,11,12,40,1,False,False,851,"television, television system",0.4567279714110234,0.7836673138722463,0.7872216701507568,0.21277832984924316,0.14041115259605855,4.68696523289572,0.11637931034482758,0.38564866058764896,3.3137218243086877
frame_011,frame_013,11,13,40,2,True,False,840,"swab, swob, mop",0.9820650752035959,0.018097704795198233,0.9805395603179932,0.019460439682006836,0.0724533326620571,4.910186133844926,0.1724137931034483,0.6583554765581892,3.818461764037497
frame_011,frame_014,11,14,40,3,False,False,840,"swab, swob, mop",0.971877707708207,0.028525297552096873,0.9704321622848511,0.029567837715148926,0.05902385001997615,4.996067570997571,0.20043103448275862,0.5619026986459376,2.8034715287281187
frame_011,frame_015,11,15,40,4,False,False,840,"swab, swob, mop",0.542236148523198,0.6120536740491858,0.7133426070213318,0.2866573929786682,0.03636387328746695,5.432056329125642,0.23060344827586207,0.435474692283399,1.888413618873805
frame_011,frame_016,11,16,40,5,False,False,840,"swab, swob, mop",0.37406171540007144,0.9833344807422963,0.6455262899398804,0.35447371006011963,0.04972706977745492,5.295329158879959,0.2607758620689655,0.5034381520401764,1.9305396904681145
frame_011,frame_017,11,17,40,6,False,False,840,"swab, swob, mop",0.5217514797058515,0.6505638969850507,0.7173216938972473,0.2826783061027527,0.064593485459264,5.178445586462386,0.24568965517241378,0.44043577450835536,1.7926508716831306
frame_011,frame_000,11,0,50,-11,False,False,407,ambulance,0.3191924116548509,1.1419611867001846,0.6593103408813477,0.34068965911865234,0.048481154967835775,5.057708665027813,0.09267241379310345,0.19116259796492543,2.0627778012959395
frame_011,frame_001,11,1,50,-10,False,False,407,ambulance,0.5577660519924591,0.5838156661778303,0.7282043695449829,0.2717956304550171,0.02680812793750927,5.205636815334174,0.09698275862068965,0.11440042077148667,1.1795954497326626
frame_011,frame_002,11,2,50,-9,False,False,555,"fire engine, fire truck",0.3060912473172303,1.1838720276335473,0.7100344300270081,0.28996556997299194,0.04008536299863742,5.167576719229844,0.09051724137931035,0.12823206208274743,1.4166589715808287
frame_011,frame_003,11,3,50,-8,False,False,407,ambulance,0.6485603210577703,0.433000263271091,0.8066418170928955,0.1933581829071045,0.0366174318697978,5.149420457822248,0.09482758620689655,0.1993713750852175,2.10246177362593
frame_011,frame_004,11,4,50,-7,False,False,407,ambulance,0.6814976258981256,0.3834625114933996,0.836336076259613,0.16366392374038696,0.041414685140215325,5.18107419681637,0.08405172413793104,0.15093148239300863,1.795697636675795
frame_011,frame_005,11,5,50,-6,False,False,407,ambulance,0.6837573846293366,0.3801521251151101,0.787960946559906,0.212039053440094,0.027679106333835645,5.16921459097701,0.09051724137931035,0.11417627701445315,1.2613760127311016
frame_011,frame_006,11,6,50,-5,False,False,407,ambulance,0.5117362782114989,0.6699458682609016,0.7303400039672852,0.26965999603271484,0.035790622438441645,5.125593290193321,0.08836206896551724,0.12429855420064263,1.4066958329048338
frame_011,frame_007,11,7,50,-4,False,False,407,ambulance,0.6706303712226347,0.3995371563503894,0.8059227466583252,0.1940772533416748,0.03393518569149975,5.143711765355384,0.09698275862068965,0.08888602566785854,0.9165136868863636
frame_011,frame_008,11,8,50,-3,False,False,407,ambulance,0.638003057983323,0.44941220257152514,0.799686849117279,0.20031315088272095,0.05945924716432942,5.054154149577045,0.09698275862068965,0.07975592919330843,0.8223722476821136
frame_011,frame_009,11,9,50,-2,False,False,747,"punching bag, punch bag, punching ball, punchball",0.7213100305668494,0.32668623333483326,0.8411332368850708,0.1588667631149292,0.06303155412303178,5.065625230243868,0.05387931034482758,0.2430498717257697,4.511005619230286
frame_011,frame_010,11,10,50,-1,False,False,830,stretcher,0.3501219318353653,1.0494738084952684,0.727358341217041,0.272641658782959,0.0592023589735024,4.978540134926183,0.07112068965517242,0.389381806508206,5.474944188479017
frame_011,frame_012,11,12,50,1,False,False,851,"television, television system",0.6091084005218297,0.4957590295391374,0.7750148177146912,0.22498518228530884,0.11212675071531222,4.8019878699820975,0.11637931034482758,0.24447419590446257,2.1006671648087156
frame_011,frame_013,11,13,50,2,False,False,840,"swab, swob, mop",0.9664691158263239,0.03410593549891772,0.9684638381004333,0.03153616189956665,0.10636482386247842,4.531307159517235,0.1724137931034483,0.45521026248738883,2.640219522426855
frame_011,frame_014,11,14,50,3,True,False,840,"swab, swob, mop",0.9753093750589623,0.02500055056296624,0.973453164100647,0.026546835899353027,0.0773713074466276,4.662444051850967,0.20043103448275862,0.25028465182704157,1.2487320263198634
frame_011,frame_015,11,15,50,4,False,False,840,"swab, swob, mop",0.3536583192767337,1.0394240317368588,0.6716881394386292,0.32831186056137085,0.04616755333689308,5.233469993603974,0.23060344827586207,0.1617938651687527,0.7016107797972079
frame_011,frame_016,11,16,50,5,False,True,676,muzzle,0.17955051114870121,1.7172987114820104,0.6116704940795898,0.38832950592041016,0.058900780226187575,5.073808633305403,0.2607758620689655,0.21356487453838777,0.8189595188910076
frame_011,frame_017,11,17,50,6,False,False,747,"punching bag, punch bag, punching ball, punchball",0.4219005604192203,0.8629856315303268,0.6788387894630432,0.3211612105369568,0.15016578317393883,4.575663619592865,0.24568965517241378,0.17364948453588472,0.7067838668828992
frame_012,frame_000,12,0,5,-12,False,True,407,ambulance,0.12765539174514146,2.0584208976818354,0.4940916895866394,0.5059083104133606,0.015268530836552342,5.7801417659125605,0.09267241379310345,0.13169014958740258,1.4210285908966231
frame_012,frame_001,12,1,5,-11,False,False,407,ambulance,0.20327061212613798,1.5932171230214092,0.5196596384048462,0.4803403615951538,0.013889820343190548,5.8109141708896965,0.09698275862068965,0.12189660461495877,1.2568894342520194
frame_012,frame_002,12,2,5,-10,False,False,444,"bicycle-built-for-two, tandem bicycle, tandem",0.13047112270662012,2.0366033586474583,0.5055670738220215,0.4944329261779785,0.008946523061222155,5.827906347967825,0.09051724137931035,0.11507833830465848,1.2713416422228936
frame_012,frame_003,12,3,5,-9,False,False,407,ambulance,0.2015017291431778,1.601957316276498,0.5359689593315125,0.46403104066848755,0.009298932852336338,5.810622031579101,0.09482758620689655,0.13648820270781775,1.439330137646078
frame_012,frame_004,12,4,5,-8,False,False,444,"bicycle-built-for-two, tandem bicycle, tandem",0.3398919260795761,1.0791275763733843,0.595255434513092,0.40474456548690796,0.009941117658788502,5.781222018704951,0.08405172413793104,0.14727930959664715,1.752246144944725
frame_012,frame_005,12,5,5,-7,False,False,407,ambulance,0.3168689413103473,1.149267024944618,0.5465472936630249,0.4534527063369751,0.008418468623708533,5.79912533992168,0.09051724137931035,0.14219513272961712,1.5709176568224368
frame_012,frame_006,12,6,5,-6,False,False,407,ambulance,0.20271394967644382,1.5959594085707431,0.4976463317871094,0.5023536682128906,0.008179236988355675,5.7851956489470115,0.08836206896551724,0.1555023114303499,1.7598310366751795
frame_012,frame_007,12,7,5,-5,False,False,874,"trolleybus, trolley coach, trackless trolley",0.2632530522172589,1.334639533667711,0.5545852184295654,0.44541478157043457,0.010752039989054305,5.782242729300297,0.09698275862068965,0.14071647445621926,1.4509432032819054
frame_012,frame_008,12,8,5,-4,False,False,874,"trolleybus, trolley coach, trackless trolley",0.1794903114814786,1.7176340475440535,0.554192066192627,0.44580793380737305,0.009876156423626952,5.794511455444882,0.09698275862068965,0.11818370244407367,1.2186052874233373
frame_012,frame_009,12,9,5,-3,False,False,830,stretcher,0.31457938053398476,1.1565188323559372,0.6193962693214417,0.38060373067855835,0.032605301164835156,5.637544802949318,0.05387931034482758,0.22120956334910086,4.105649495759312
frame_012,frame_010,12,10,5,-2,False,False,422,barbell,0.34195593866146956,1.0730733845425746,0.694621205329895,0.305378794670105,0.026423571338697542,5.589580297746335,0.07112068965517242,0.3264102534100209,4.5895259873409
frame_012,frame_011,12,11,5,-1,False,False,422,barbell,0.509989632325597,0.673364882243737,0.6411625742912292,0.35883742570877075,0.027479905861653484,5.676447244192288,0.07543103448275862,0.2317556281819934,3.07241747075557
frame_012,frame_013,12,13,5,1,True,False,840,"swab, swob, mop",0.4476478204005407,0.8037484708950817,0.7306418418884277,0.26935815811157227,0.021701652553183983,5.669562763856798,0.1724137931034483,0.38444139546148864,2.229760093676634
frame_012,frame_014,12,14,5,2,False,False,840,"swab, swob, mop",0.4559376992611091,0.7853991032291106,0.6848056316375732,0.31519436836242676,0.01881732796413135,5.674643729093771,0.20043103448275862,0.3824926438735925,1.9083503952402894
frame_012,frame_015,12,15,5,3,False,False,840,"swab, swob, mop",0.2264080950161345,1.4854161779206985,0.5471194982528687,0.45288050174713135,0.012580932111041688,5.874061723099878,0.23060344827586207,0.33316229806717945,1.4447411804034698
frame_012,frame_016,12,16,5,4,False,False,722,ping-pong ball,0.12988428275302502,2.041111357598929,0.5228743553161621,0.4771256446838379,0.017116013939378307,5.813937278426711,0.2607758620689655,0.4006017783578206,1.5361919434547833
frame_012,frame_017,12,17,5,5,False,False,840,"swab, swob, mop",0.23468292413890846,1.4495199348908532,0.5953739881515503,0.4046260118484497,0.020711943854706934,5.7276565464834555,0.24568965517241378,0.3701705685060975,1.506659156024818
frame_012,frame_000,12,0,10,-12,False,False,919,street sign,0.2868455391920684,1.2488113990676613,0.6109731197357178,0.3890268802642822,0.030289305611241806,5.201784167227343,0.09267241379310345,0.1344052711550501,1.450326646882401
frame_012,frame_001,12,1,10,-11,False,False,407,ambulance,0.2702000798540558,1.3085925579192361,0.643459677696228,0.356540322303772,0.02920317282486192,5.266329865526949,0.09698275862068965,0.12291049108846858,1.2673437303344315
frame_012,frame_002,12,2,10,-10,False,False,919,street sign,0.28107920389078356,1.2691187849846801,0.628880500793457,0.37111949920654297,0.03323926356389939,5.313673939315921,0.09051724137931035,0.11162235472666568,1.2331612522184017
frame_012,frame_003,12,3,10,-9,False,False,444,"bicycle-built-for-two, tandem bicycle, tandem",0.2813081259210419,1.2683046768753152,0.6442954540252686,0.35570454597473145,0.025931709956465633,5.285245244701718,0.09482758620689655,0.14265767535678042,1.504390031035139
frame_012,frame_004,12,4,10,-8,True,False,444,"bicycle-built-for-two, tandem bicycle, tandem",0.48501176146737496,0.7235821378904954,0.7588115334510803,0.24118846654891968,0.027566027207471654,5.333912450989745,0.08405172413793104,0.10587479721501016,1.259638613019608
frame_012,frame_005,12,5,10,-7,False,False,407,ambulance,0.4275998530854368,0.8495674434107334,0.6723388433456421,0.3276611566543579,0.027378450614286596,5.295248914357575,0.09051724137931035,0.10845434119198613,1.198162245549561
frame_012,frame_006,12,6,10,-6,False,False,919,street sign,0.18339316334512576,1.6961229971439786,0.610528290271759,0.38947170972824097,0.030469194038309173,5.1981923107834875,0.08836206896551724,0.09998652549002866,1.1315548250578855
frame_012,frame_007,12,7,10,-5,False,False,919,street sign,0.2778586737364168,1.280642662408864,0.646615743637085,0.35338425636291504,0.028420307046759696,5.277563099994164,0.09698275862068965,0.06399869294736762,0.6598976339461906
frame_012,frame_008,12,8,10,-4,False,False,627,"limousine, limo",0.37611691974842026,0.9778552271515677,0.6821677684783936,0.31783223152160645,0.04424739971361079,5.26277009597881,0.09698275862068965,0.08385678014996185,0.8646565775462733
frame_012,frame_009,12,9,10,-3,False,False,830,stretcher,0.36410097746096326,1.0103240392095623,0.6794382333755493,0.3205617666244507,0.041086506566271615,5.154356875833343,0.05387931034482758,0.13621354936284402,2.528123476174385
frame_012,frame_010,12,10,10,-2,False,False,830,stretcher,0.45085048887872664,0.7966195046878537,0.7192917466163635,0.2807082533836365,0.030118472558191042,5.265745623205273,0.07112068965517242,0.20256391673995058,2.8481714353738505
frame_012,frame_011,12,11,10,-1,False,False,422,barbell,0.5170589756917201,0.6595983380748459,0.6652567386627197,0.3347432613372803,0.05385554496819587,5.011753045544111,0.07543103448275862,0.20071584047615826,2.6609185708839265
frame_012,frame_013,12,13,10,1,False,False,840,"swab, swob, mop",0.6066511152229971,0.4998014221557756,0.7311597466468811,0.2688402533531189,0.0770775832520249,5.097965498783948,0.1724137931034483,0.402867721463956,2.3366327844909445
frame_012,frame_014,12,14,10,2,False,False,840,"swab, swob, mop",0.4558095558027938,0.7856801974872996,0.6539525985717773,0.34604740142822266,0.03890327023862368,5.057670726804377,0.20043103448275862,0.3192572386543212,1.5928533197376886
frame_012,frame_015,12,15,10,3,False,True,877,turnstile,0.24470771542806255,1.4076907788791146,0.5671014189720154,0.4328985810279846,0.0391375193830923,5.33674071432253,0.23060344827586207,0.20020698442655638,0.8681872969525435
frame_012,frame_016,12,16,10,4,False,False,877,turnstile,0.17739879358409408,1.7293550096704013,0.5775529742240906,0.4224470257759094,0.06930193384221889,5.117460652442363,0.2607758620689655,0.21353159848817527,0.8188319148637464
frame_012,frame_017,12,17,10,5,False,False,877,turnstile,0.3009543852031714,1.2007965698927503,0.606727123260498,0.39327287673950195,0.09366335735845256,5.030458629637891,0.24568965517241378,0.21829875657073478,0.8885142372703592
frame_012,frame_000,12,0,20,-12,False,False,919,street sign,0.6721204415489872,0.39731772602297877,0.8086676597595215,0.19133234024047852,0.018784975850344283,5.76904349550793,0.09267241379310345,0.10548208671182888,1.1382253077741533
frame_012,frame_001,12,1,20,-11,False,False,919,street sign,0.5361603641088368,0.6233219758885538,0.7898116111755371,0.2101883888244629,0.020439913333378027,5.77246624692477,0.09698275862068965,0.10924390790946692,1.1264260726665034
frame_012,frame_002,12,2,20,-10,False,False,444,"bicycle-built-for-two, tandem bicycle, tandem",0.4534349108640331,0.7909035459372267,0.7993285059928894,0.2006714940071106,0.019718654368245058,5.74552343352453,0.09051724137931035,0.11727431755647198,1.2956019844334048
frame_012,frame_003,12,3,20,-9,False,False,444,"bicycle-built-for-two, tandem bicycle, tandem",0.6287915527859678,0.46395547182193053,0.8086832165718079,0.19131678342819214,0.017981715415312537,5.776204889131313,0.09482758620689655,0.10920082627140411,1.1515723497711707
frame_012,frame_004,12,4,20,-8,False,False,444,"bicycle-built-for-two, tandem bicycle, tandem",0.822953748841286,0.19485527813298908,0.8942539691925049,0.10574603080749512,0.016917646092494517,5.781591014108686,0.08405172413793104,0.09391334334960615,1.1173279824158269
frame_012,frame_005,12,5,20,-7,False,False,444,"bicycle-built-for-two, tandem bicycle, tandem",0.6180475281979246,0.48118991801246347,0.788644015789032,0.21135598421096802,0.01687493201887157,5.741603203911415,0.09051724137931035,0.09497725665213289,1.049272549680706
frame_012,frame_006,12,6,20,-6,False,False,919,street sign,0.5036988987757571,0.6857766125030091,0.7584443092346191,0.24155569076538086,0.022258250421759336,5.747110895238608,0.08836206896551724,0.0816901996670281,0.9244939669634401
frame_012,frame_007,12,7,20,-5,False,False,919,street sign,0.7336439325442594,0.3097314735949057,0.8525481820106506,0.14745181798934937,0.020598040733911974,5.758886943493935,0.09698275862068965,0.07642738473462238,0.7880512559303285
frame_012,frame_008,12,8,20,-4,False,False,444,"bicycle-built-for-two, tandem bicycle, tandem",0.2809816923974659,1.2694657633812914,0.7462445497512817,0.25375545024871826,0.026140027013310446,5.739934118147495,0.09698275862068965,0.09475462866312555,0.9770255044375612
frame_012,frame_009,12,9,20,-3,False,False,747,"punching bag, punch bag, punching ball, punchball",0.691933987817344,0.36826472124223786,0.7937892079353333,0.20621079206466675,0.015013665044947765,5.665490000493369,0.05387931034482758,0.05989776660940193,1.1117025482704999
frame_012,frame_010,12,10,20,-2,False,False,830,stretcher,0.28912747588223325,1.2408875951045246,0.6615685224533081,0.3384314775466919,0.018732959390889575,5.655179683499341,0.07112068965517242,0.09373489900157178,1.317969488991797
frame_012,frame_011,12,11,20,-1,False,True,870,"tricycle, trike, velocipede",0.1504925520339754,1.8938416841641281,0.5171505212783813,0.48284947872161865,0.022391086440593067,5.587996199128407,0.07543103448275862,0.09926042622658598,1.31590965054674
frame_012,frame_013,12,13,20,1,True,False,840,"swab, swob, mop",0.9561066039021816,0.04488586178962306,0.9557000398635864,0.044299960136413574,0.020006362311093488,5.623434779052331,0.1724137931034483,0.24394712199004204,1.4148933075422436
frame_012,frame_014,12,14,20,2,False,False,840,"swab, swob, mop",0.9080013896688314,0.09650936990973369,0.9120940566062927,0.08790594339370728,0.02029576360801072,5.565958917054349,0.20043103448275862,0.24713849258654277,1.233035059786622
frame_012,frame_015,12,15,20,3,False,False,840,"swab, swob, mop",0.4753383105700843,0.7437284956857684,0.6377968788146973,0.36220312118530273,0.03209698176761273,5.624804934503315,0.23060344827586207,0.16488191842170558,0.7150019639969288
frame_012,frame_016,12,16,20,4,False,False,840,"swab, swob, mop",0.3055924217076649,1.1855030200742618,0.5811821222305298,0.4188178777694702,0.03990098366778031,5.633154573124969,0.2607758620689655,0.18906622922133023,0.7250143004851011
frame_012,frame_017,12,17,20,5,False,False,615,knee pad,0.5777160967402597,0.5486727130894851,0.7417512536048889,0.2582487463951111,0.03428540057562504,5.644235995255247,0.24568965517241378,0.22134230937098948,0.9009020311240273
frame_012,frame_000,12,0,30,-12,False,False,627,"limousine, limo",0.6953991130629722,0.36326933484351187,0.8037136793136597,0.19628632068634033,0.03637713164017851,5.434441825055586,0.09267241379310345,0.05378839036920075,0.5804142588676546
frame_012,frame_001,12,1,30,-11,False,False,627,"limousine, limo",0.9366737176481107,0.06542027761259206,0.9459592700004578,0.054040729999542236,0.03654771305861815,5.45229791832341,0.09698275862068965,0.043743119754455245,0.45104016813482745
frame_012,frame_002,12,2,30,-10,False,False,627,"limousine, limo",0.4737252724261109,0.7471277193543546,0.7848544120788574,0.21514558792114258,0.037421688179477865,5.464996008969762,0.09051724137931035,0.06118250031453194,0.6759209558557815
frame_012,frame_003,12,3,30,-9,False,False,444,"bicycle-built-for-two, tandem bicycle, tandem",0.5843877839519032,0.5371905028971363,0.789193332195282,0.21080666780471802,0.03475483198543231,5.487521055857205,0.09482758620689655,0.062031889606259244,0.6541544722114612
frame_012,frame_004,12,4,30,-8,False,False,444,"bicycle-built-for-two, tandem bicycle, tandem",0.9099566798692678,0.09435828514363953,0.9289441108703613,0.07105588912963867,0.03115711923148465,5.5346608872536684,0.08405172413793104,0.04364818609707123,0.5193014961292577
frame_012,frame_005,12,5,30,-7,False,False,444,"bicycle-built-for-two, tandem bicycle, tandem",0.5563891497648626,0.5862873199050505,0.7820481061935425,0.21795189380645752,0.03063925702548204,5.504069253261747,0.09051724137931035,0.07182409141640837,0.7934852004098448
frame_012,frame_006,12,6,30,-6,False,False,627,"limousine, limo",0.8182260906646271,0.20061658611376632,0.8708020448684692,0.12919795513153076,0.02675565532786217,5.535344455022154,0.08836206896551724,0.038438448830341344,0.43501073798239964
frame_012,frame_007,12,7,30,-5,False,False,627,"limousine, limo",0.7175791973905493,0.3318719578013487,0.8227907419204712,0.1772092580795288,0.025538118438985957,5.53999469493784,0.09698275862068965,0.04395175407472138,0.4531914197926826
frame_012,frame_008,12,8,30,-4,False,False,627,"limousine, limo",0.8712792378176564,0.13779275899970855,0.9134699106216431,0.08653008937835693,0.02725739397191412,5.525120399658194,0.09698275862068965,0.03847844325868397,0.3967555038228747
frame_012,frame_009,12,9,30,-3,False,False,747,"punching bag, punch bag, punching ball, punchball",0.47716687919442713,0.7398889977169395,0.734700083732605,0.265299916267395,0.025346910452034882,5.396206437183736,0.05387931034482758,0.02802155819085547,0.5200801200222775
frame_012,frame_010,12,10,30,-2,False,False,422,barbell,0.270282420541596,1.3082878646567644,0.6769339442253113,0.3230660557746887,0.036978341590141545,5.3486270730775445,0.07112068965517242,0.044722991674437045,0.6288323677860239
frame_012,frame_011,12,11,30,-1,False,False,422,barbell,0.40007396788430755,0.9161058292589284,0.6686528325080872,0.33134716749191284,0.021171774442024987,5.390490424486764,0.07543103448275862,0.040386752715743136,0.535412950288709
frame_012,frame_013,12,13,30,1,True,False,840,"swab, swob, mop",0.9735273648969754,0.026829344758098728,0.971435546875,0.028564453125,0.025970732129672065,5.367365965483375,0.1724137931034483,0.09926807447787839,0.5757548319716946
frame_012,frame_014,12,14,30,2,False,False,840,"swab, swob, mop",0.9304955343354399,0.07203800212097722,0.9299262762069702,0.07007372379302979,0.035724062170092094,5.070348757755212,0.20043103448275862,0.08736818161069299,0.4359014652404467
frame_012,frame_015,12,15,30,3,False,False,840,"swab, swob, mop",0.49541247398307875,0.70236458262523,0.68141770362854,0.31858229637145996,0.027221382775128852,5.251711952692079,0.23060344827586207,0.08652657643372912,0.3752180510771057
frame_012,frame_016,12,16,30,4,False,True,840,"swab, swob, mop",0.3889763418596011,0.9442367550548131,0.6266717910766602,0.37332820892333984,0.029262684354199042,5.341239994347843,0.2607758620689655,0.142346208288185,0.5458565342621309
frame_012,frame_017,12,17,30,5,False,False,840,"swab, swob, mop",0.4856867866369469,0.7221913347833917,0.6637557148933411,0.33624428510665894,0.04612887898653962,5.13077038226854,0.24568965517241378,0.15508497855805775,0.6312230706222701
frame_012,frame_000,12,0,40,-12,False,True,731,"plunger, plumber's helper",0.18675734359137044,1.677945132629249,0.5954543352127075,0.4045456647872925,0.027060576345599757,5.249376400462614,0.09267241379310345,0.20211207385915145,2.180930285363867
frame_012,frame_001,12,1,40,-11,False,False,627,"limousine, limo",0.3375997073434577,1.085894383134355,0.6687834858894348,0.3312165141105652,0.02554050635795416,5.359184812478753,0.09698275862068965,0.18424686082771838,1.8997898538680296
frame_012,frame_002,12,2,40,-10,False,False,444,"bicycle-built-for-two, tandem bicycle, tandem",0.45221402695802365,0.7935997002517694,0.7103736996650696,0.2896263003349304,0.021079718923290802,5.391504774029651,0.09051724137931035,0.14305176753491192,1.580381431814265
frame_012,frame_003,12,3,40,-9,False,False,444,"bicycle-built-for-two, tandem bicycle, tandem",0.6355021013583393,0.4533398817360035,0.7810079455375671,0.21899205446243286,0.029700697455151547,5.337717390736675,0.09482758620689655,0.17363827673323604,1.8310945546413984
frame_012,frame_004,12,4,40,-8,False,False,444,"bicycle-built-for-two, tandem bicycle, tandem",0.8588106614994799,0.15220679863971143,0.9034790992736816,0.09652090072631836,0.02627605412294389,5.310717076458498,0.08405172413793104,0.1862362404308547,2.2157337323055533
frame_012,frame_005,12,5,40,-7,False,False,444,"bicycle-built-for-two, tandem bicycle, tandem",0.39598369841760167,0.9263822341871005,0.7029745578765869,0.2970254421234131,0.020923315007695144,5.385520358352746,0.09051724137931035,0.16978594482318382,1.8757304380466022
frame_012,frame_006,12,6,40,-6,False,False,450,"bobsled, bobsleigh, bob",0.1875023307302466,1.673964003087615,0.6136934757232666,0.3863065242767334,0.02003328500849942,5.3035601915813935,0.08836206896551724,0.1777598449065527,2.011721171625377
frame_012,frame_007,12,7,40,-5,False,False,407,ambulance,0.23891891771393933,1.431631041038139,0.6372805833816528,0.36271941661834717,0.02541660353288783,5.330915092403725,0.09698275862068965,0.14846703545058051,1.530860098868208
frame_012,frame_008,12,8,40,-4,False,False,627,"limousine, limo",0.3545754593506762,1.0368340943057917,0.6981737613677979,0.30182623863220215,0.03007621683425827,5.339653573902358,0.09698275862068965,0.1351983382154572,1.3940450873771588
frame_012,frame_009,12,9,40,-3,False,False,747,"punching bag, punch bag, punching ball, punchball",0.3329668061459505,1.0997124752135905,0.7336350083351135,0.2663649916648865,0.0698316021635596,4.902529194058031,0.05387931034482758,0.3710722288694591,6.8871005678171615
frame_012,frame_010,12,10,40,-2,False,False,830,stretcher,0.39632558290525793,0.9255192264780288,0.7325524687767029,0.2674475312232971,0.05724190607953541,4.8459401311046335,0.07112068965517242,0.5003830100726246,7.035688384051449
frame_012,frame_011,12,11,40,-1,False,False,851,"television, television system",0.45641720859050283,0.784347956642583,0.665413498878479,0.334586501121521,0.08069268378847498,4.905058886275371,0.07543103448275862,0.4137861691875214,5.485622357228856
frame_012,frame_013,12,13,40,1,True,False,840,"swab, swob, mop",0.9820650752035959,0.018097704795198233,0.9805395603179932,0.019460439682006836,0.06309786362906822,4.975020834132229,0.1724137931034483,0.6519603067734824,3.7813697792861976
frame_012,frame_014,12,14,40,2,False,False,840,"swab, swob, mop",0.971877707708207,0.028525297552096873,0.9704321622848511,0.029567837715148926,0.05528635561127012,5.105963244470528,0.20043103448275862,0.5463569060970059,2.7259097250431266
frame_012,frame_015,12,15,40,3,False,False,840,"swab, swob, mop",0.542236148523198,0.6120536740491858,0.7133426070213318,0.2866573929786682,0.048965606802147295,5.380646209091545,0.23060344827586207,0.48225203103240666,2.0912611439162307
frame_012,frame_016,12,16,40,4,False,False,840,"swab, swob, mop",0.37406171540007144,0.9833344807422963,0.6455262899398804,0.35447371006011963,0.05933189344873056,5.242067412412135,0.2607758620689655,0.5421258097707315,2.0788956672199954
frame_012,frame_017,12,17,40,5,False,False,840,"swab, swob, mop",0.5217514797058515,0.6505638969850507,0.7173216938972473,0.2826783061027527,0.06254841312814742,5.193112237844716,0.24568965517241378,0.47681755630689937,1.9407311063719415
frame_012,frame_000,12,0,50,-12,False,False,407,ambulance,0.3191924116548509,1.1419611867001846,0.6593103408813477,0.34068965911865234,0.03746195086468551,5.132593361171241,0.09267241379310345,0.19166704230266177,2.0682211076380246
frame_012,frame_001,12,1,50,-11,False,False,407,ambulance,0.5577660519924591,0.5838156661778303,0.7282043695449829,0.2717956304550171,0.02944406687339745,5.258013454347656,0.09698275862068965,0.12974123628977804,1.3377763030768226
frame_012,frame_002,12,2,50,-10,False,False,555,"fire engine, fire truck",0.3060912473172303,1.1838720276335473,0.7100344300270081,0.28996556997299194,0.04582918096034539,5.202266864579979,0.09051724137931035,0.15417846027149668,1.7033048944279632
frame_012,frame_003,12,3,50,-9,False,False,407,ambulance,0.6485603210577703,0.433000263271091,0.8066418170928955,0.1933581829071045,0.03996171858308107,5.207682911808561,0.09482758620689655,0.21399286973128262,2.256652080802617
frame_012,frame_004,12,4,50,-8,False,False,407,ambulance,0.6814976258981256,0.3834625114933996,0.836336076259613,0.16366392374038696,0.04482772271804225,5.250129098794532,0.08405172413793104,0.15677519674419585,1.865222853571971
frame_012,frame_005,12,5,50,-7,False,False,407,ambulance,0.6837573846293366,0.3801521251151101,0.787960946559906,0.212039053440094,0.03004335793453969,5.219173086530899,0.09051724137931035,0.14652017908056317,1.6186991212709836
frame_012,frame_006,12,6,50,-6,False,False,407,ambulance,0.5117362782114989,0.6699458682609016,0.7303400039672852,0.26965999603271484,0.0391394042387183,5.195264566407802,0.08836206896551724,0.14815697513147016,1.6767033283171258
frame_012,frame_007,12,7,50,-5,False,False,407,ambulance,0.6706303712226347,0.3995371563503894,0.8059227466583252,0.1940772533416748,0.03087863345928048,5.25452593782341,0.09698275862068965,0.11408165773041885,1.1763086485980967
frame_012,frame_008,12,8,50,-4,False,False,407,ambulance,0.638003057983323,0.44941220257152514,0.799686849117279,0.20031315088272095,0.06323540829266448,5.106890125810656,0.09698275862068965,0.10084771347969945,1.0398519789906788
frame_012,frame_009,12,9,50,-3,False,False,747,"punching bag, punch bag, punching ball, punchball",0.7213100305668494,0.32668623333483326,0.8411332368850708,0.1588667631149292,0.08001729783384796,4.972693837392717,0.05387931034482758,0.2912703457604129,5.405977617313264
frame_012,frame_010,12,10,50,-2,False,False,830,stretcher,0.3501219318353653,1.0494738084952684,0.727358341217041,0.272641658782959,0.05220624779588072,5.022480020717325,0.07112068965517242,0.386784536082749,5.438424992193804
frame_012,frame_011,12,11,50,-1,False,True,851,"television, television system",0.3053022697905636,1.186452944645412,0.604576826095581,0.39542317390441895,0.07053704603555402,4.911383798298805,0.07543103448275862,0.26165788799017425,3.4688360007840244
frame_012,frame_013,12,13,50,1,False,False,840,"swab, swob, mop",0.9664691158263239,0.03410593549891772,0.9684638381004333,0.03153616189956665,0.11485806098150744,4.643900584207018,0.1724137931034483,0.4842711228971974,2.808772512803745
frame_012,frame_014,12,14,50,2,True,False,840,"swab, swob, mop",0.9753093750589623,0.02500055056296624,0.973453164100647,0.026546835899353027,0.06807234296225118,4.806403654331456,0.20043103448275862,0.26626357741229006,1.3284548378419634
frame_012,frame_015,12,15,50,3,False,False,840,"swab, swob, mop",0.3536583192767337,1.0394240317368588,0.6716881394386292,0.32831186056137085,0.03679361546223213,5.281857063667772,0.23060344827586207,0.2170808585966398,0.941359984942438
frame_012,frame_016,12,16,50,4,False,False,676,muzzle,0.17955051114870121,1.7172987114820104,0.6116704940795898,0.38832950592041016,0.04252505717314595,5.108033646654817,0.2607758620689655,0.3033919973409842,1.1634205517869147
frame_012,frame_017,12,17,50,5,False,False,747,"punching bag, punch bag, punching ball, punchball",0.4219005604192203,0.8629856315303268,0.6788387894630432,0.3211612105369568,0.16489093003184607,4.608123622953226,0.24568965517241378,0.22880041634769124,0.931257834959024
frame_013,frame_000,13,0,5,-13,False,True,407,ambulance,0.12765539174514146,2.0584208976818354,0.4940916895866394,0.5059083104133606,0.01492815733476511,5.773870159102994,0.09267241379310345,0.13856271444870782,1.4951883605628007
frame_013,frame_001,13,1,5,-12,False,False,407,ambulance,0.20327061212613798,1.5932171230214092,0.5196596384048462,0.4803403615951538,0.014029144476711759,5.806079288886753,0.09698275862068965,0.12575488972688173,1.2966726407394027
frame_013,frame_002,13,2,5,-11,False,False,444,"bicycle-built-for-two, tandem bicycle, tandem",0.13047112270662012,2.0366033586474583,0.5055670738220215,0.4944329261779785,0.008840918477432519,5.824303652128034,0.09051724137931035,0.11931545399548478,1.318151682235832
frame_013,frame_003,13,3,5,-10,False,False,407,ambulance,0.2015017291431778,1.601957316276498,0.5359689593315125,0.46403104066848755,0.009279801549942082,5.8074578761467475,0.09482758620689655,0.14103041707752978,1.487229852817587
frame_013,frame_004,13,4,5,-9,False,False,444,"bicycle-built-for-two, tandem bicycle, tandem",0.3398919260795761,1.0791275763733843,0.595255434513092,0.40474456548690796,0.0098765493467606,5.7759998200132605,0.08405172413793104,0.15395469343863927,1.8316660962956055
frame_013,frame_005,13,5,5,-8,False,False,407,ambulance,0.3168689413103473,1.149267024944618,0.5465472936630249,0.4534527063369751,0.009022629793288488,5.7962744917881235,0.09051724137931035,0.1487763257747746,1.6436241704641765
frame_013,frame_006,13,6,5,-7,False,False,407,ambulance,0.20271394967644382,1.5959594085707431,0.4976463317871094,0.5023536682128906,0.009202942442326141,5.780839140878081,0.08836206896551724,0.16562363242243822,1.8743747669271058
frame_013,frame_007,13,7,5,-6,False,False,874,"trolleybus, trolley coach, trackless trolley",0.2632530522172589,1.334639533667711,0.5545852184295654,0.44541478157043457,0.01042699170110537,5.7798468337165705,0.09698275862068965,0.1492138269324709,1.538560348814811
frame_013,frame_008,13,8,5,-5,False,False,874,"trolleybus, trolley coach, trackless trolley",0.1794903114814786,1.7176340475440535,0.554192066192627,0.44580793380737305,0.009634983613539634,5.7944423446915865,0.09698275862068965,0.12424407347106167,1.2810944464571692
frame_013,frame_009,13,9,5,-4,False,False,830,stretcher,0.31457938053398476,1.1565188323559372,0.6193962693214417,0.38060373067855835,0.0327798240056099,5.641078631270505,0.05387931034482758,0.21998096012698548,4.082846619956851
frame_013,frame_010,13,10,5,-3,True,False,422,barbell,0.34195593866146956,1.0730733845425746,0.694621205329895,0.305378794670105,0.027156365860673923,5.585738337677987,0.07112068965517242,0.328743621687977,4.622334559491555
frame_013,frame_011,13,11,5,-2,False,False,422,barbell,0.509989632325597,0.673364882243737,0.6411625742912292,0.35883742570877075,0.025945499419312273,5.682349295783424,0.07543103448275862,0.22917915262399807,3.0382607662152887
frame_013,frame_012,13,12,5,-1,False,False,830,stretcher,0.5374522823802008,0.6209152998882956,0.6933852434158325,0.3066147565841675,0.03730779448704439,5.631882482721345,0.11637931034482758,0.2623412440566806,2.254191430412959
frame_013,frame_014,13,14,5,1,False,False,840,"swab, swob, mop",0.4559376992611091,0.7853991032291106,0.6848056316375732,0.31519436836242676,0.0168407838504882,5.68397101168067,0.20043103448275862,0.38608753336051826,1.9262861879492523
frame_013,frame_015,13,15,5,2,False,False,840,"swab, swob, mop",0.2264080950161345,1.4854161779206985,0.5471194982528687,0.45288050174713135,0.014822410886453993,5.8619849139879205,0.23060344827586207,0.3446751046874744,1.4946658745325994
frame_013,frame_016,13,16,5,3,False,False,722,ping-pong ball,0.12988428275302502,2.041111357598929,0.5228743553161621,0.4771256446838379,0.018914663887977582,5.798083640446743,0.2607758620689655,0.40863659643121614,1.5670031466453247
frame_013,frame_017,13,17,5,4,False,False,840,"swab, swob, mop",0.23468292413890846,1.4495199348908532,0.5953739881515503,0.4046260118484497,0.02108495297384378,5.724216103350349,0.24568965517241378,0.37906196807706327,1.5428487121733103
frame_013,frame_000,13,0,10,-13,False,False,919,street sign,0.2868455391920684,1.2488113990676613,0.6109731197357178,0.3890268802642822,0.03079489615873468,5.2516185162736235,0.09267241379310345,0.1307597257578134,1.4109886686424513
frame_013,frame_001,13,1,10,-12,False,False,407,ambulance,0.2702000798540558,1.3085925579192361,0.643459677696228,0.356540322303772,0.029324390080663145,5.31043054363051,0.09698275862068965,0.12079195873943636,1.2454993078910772
frame_013,frame_002,13,2,10,-11,False,False,919,street sign,0.28107920389078356,1.2691187849846801,0.628880500793457,0.37111949920654297,0.033357176946641,5.357032786565702,0.09051724137931035,0.10798492564595616,1.192976321421992
frame_013,frame_003,13,3,10,-10,False,False,444,"bicycle-built-for-two, tandem bicycle, tandem",0.2813081259210419,1.2683046768753152,0.6442954540252686,0.35570454597473145,0.024752678427327052,5.3320913685946385,0.09482758620689655,0.1443338816918554,1.5220663887504753
frame_013,frame_004,13,4,10,-9,True,False,444,"bicycle-built-for-two, tandem bicycle, tandem",0.48501176146737496,0.7235821378904954,0.7588115334510803,0.24118846654891968,0.024914868169910565,5.373293945330802,0.08405172413793104,0.11380188337489117,1.3539506124602436
frame_013,frame_005,13,5,10,-8,False,False,407,ambulance,0.4275998530854368,0.8495674434107334,0.6723388433456421,0.3276611566543579,0.028369659316586155,5.342375296242419,0.09051724137931035,0.10808722617816974,1.194106498730256
frame_013,frame_006,13,6,10,-7,False,False,919,street sign,0.18339316334512576,1.6961229971439786,0.610528290271759,0.38947170972824097,0.03241961120119682,5.251299215579971,0.08836206896551724,0.10045761362017817,1.1368861638966505
frame_013,frame_007,13,7,10,-6,False,False,919,street sign,0.2778586737364168,1.280642662408864,0.646615743637085,0.35338425636291504,0.029630083896394727,5.326957417148856,0.09698275862068965,0.06617843003059147,0.6823731452043209
frame_013,frame_008,13,8,10,-5,False,False,627,"limousine, limo",0.37611691974842026,0.9778552271515677,0.6821677684783936,0.31783223152160645,0.03864707746465311,5.328357023545567,0.09698275862068965,0.0847391125964647,0.8737544054391028
frame_013,frame_009,13,9,10,-4,False,False,830,stretcher,0.36410097746096326,1.0103240392095623,0.6794382333755493,0.3205617666244507,0.03832656929015988,5.252455958191323,0.05387931034482758,0.14617840642832244,2.7130712233096648
frame_013,frame_010,13,10,10,-3,False,False,830,stretcher,0.45085048887872664,0.7966195046878537,0.7192917466163635,0.2807082533836365,0.02511474478759123,5.345660418850377,0.07112068965517242,0.21862280519804003,3.0739691397542597
frame_013,frame_011,13,11,10,-2,False,False,422,barbell,0.5170589756917201,0.6595983380748459,0.6652567386627197,0.3347432613372803,0.054834396560821216,5.099031102067325,0.07543103448275862,0.22161422914043824,2.9379714948903812
frame_013,frame_012,13,12,10,-1,False,False,830,stretcher,0.2140669958691138,1.5414662481459045,0.5993518829345703,0.4006481170654297,0.026760602502282307,5.329078741222627,0.11637931034482758,0.24538816371083724,2.1085205178116384
frame_013,frame_014,13,14,10,1,False,False,840,"swab, swob, mop",0.4558095558027938,0.7856801974872996,0.6539525985717773,0.34604740142822266,0.031476814231637125,5.113508164954324,0.20043103448275862,0.3558115421770216,1.7752317803240647
frame_013,frame_015,13,15,10,2,False,True,877,turnstile,0.24470771542806255,1.4076907788791146,0.5671014189720154,0.4328985810279846,0.04732866940933666,5.355303998812536,0.23060344827586207,0.21958208506516344,0.9522064249554751
frame_013,frame_016,13,16,10,3,False,False,877,turnstile,0.17739879358409408,1.7293550096704013,0.5775529742240906,0.4224470257759094,0.04508748606581269,5.2439949826557815,0.2607758620689655,0.24564953122719352,0.9419948966067586
frame_013,frame_017,13,17,10,4,False,False,877,turnstile,0.3009543852031714,1.2007965698927503,0.606727123260498,0.39327287673950195,0.10395114225470362,5.072225642096921,0.24568965517241378,0.23971719370579136,0.9756910340305894
frame_013,frame_000,13,0,20,-13,False,False,919,street sign,0.6721204415489872,0.39731772602297877,0.8086676597595215,0.19133234024047852,0.019021177530984167,5.758840654572208,0.09267241379310345,0.12330416823631662,1.330538001433742
frame_013,frame_001,13,1,20,-12,False,False,919,street sign,0.5361603641088368,0.6233219758885538,0.7898116111755371,0.2101883888244629,0.020255928674888048,5.761705638509659,0.09698275862068965,0.12833879014634664,1.323315525064552
frame_013,frame_002,13,2,20,-11,False,False,444,"bicycle-built-for-two, tandem bicycle, tandem",0.4534349108640331,0.7909035459372267,0.7993285059928894,0.2006714940071106,0.019898686594782822,5.739260114162834,0.09051724137931035,0.13822791995415096,1.5270894013982392
frame_013,frame_003,13,3,20,-10,False,False,444,"bicycle-built-for-two, tandem bicycle, tandem",0.6287915527859678,0.46395547182193053,0.8086832165718079,0.19131678342819214,0.0183990261075276,5.77494180517443,0.09482758620689655,0.1306952951265457,1.3782412940617548
frame_013,frame_004,13,4,20,-9,False,False,444,"bicycle-built-for-two, tandem bicycle, tandem",0.822953748841286,0.19485527813298908,0.8942539691925049,0.10574603080749512,0.01744364750662558,5.769306444350082,0.08405172413793104,0.11177254793133734,1.3298067241061673
frame_013,frame_005,13,5,20,-8,False,False,444,"bicycle-built-for-two, tandem bicycle, tandem",0.6180475281979246,0.48118991801246347,0.788644015789032,0.21135598421096802,0.017211921567682278,5.720913877883847,0.09051724137931035,0.1141765485938302,1.2613790130366003
frame_013,frame_006,13,6,20,-7,False,False,919,street sign,0.5036988987757571,0.6857766125030091,0.7584443092346191,0.24155569076538086,0.02169726942741272,5.720552469196718,0.08836206896551724,0.1002597750154736,1.1346472099312135
frame_013,frame_007,13,7,20,-6,False,False,919,street sign,0.7336439325442594,0.3097314735949057,0.8525481820106506,0.14745181798934937,0.018694344537754617,5.7480549874322495,0.09698275862068965,0.09030098219373557,0.9311034608420734
frame_013,frame_008,13,8,20,-5,False,False,444,"bicycle-built-for-two, tandem bicycle, tandem",0.2809816923974659,1.2694657633812914,0.7462445497512817,0.25375545024871826,0.025487040991448492,5.732240218332592,0.09698275862068965,0.10829391909724354,1.1166306324693556
frame_013,frame_009,13,9,20,-4,False,False,747,"punching bag, punch bag, punching ball, punchball",0.691933987817344,0.36826472124223786,0.7937892079353333,0.20621079206466675,0.014521517553440572,5.684666487029213,0.05387931034482758,0.07469025586157656,1.386251148790861
frame_013,frame_010,13,10,20,-3,False,False,830,stretcher,0.28912747588223325,1.2408875951045246,0.6615685224533081,0.3384314775466919,0.013668733574266524,5.692089529398794,0.07112068965517242,0.11555313477015877,1.6247471070713233
frame_013,frame_011,13,11,20,-2,False,True,870,"tricycle, trike, velocipede",0.1504925520339754,1.8938416841641281,0.5171505212783813,0.48284947872161865,0.01751295835740765,5.64122041049869,0.07543103448275862,0.11373297538067073,1.5077743021894634
frame_013,frame_012,13,12,20,-1,False,False,840,"swab, swob, mop",0.5099532072876517,0.6734363078894616,0.7002151608467102,0.2997848391532898,0.014742638810119394,5.68129574197321,0.11637931034482758,0.16536298747172593,1.420896781238534
frame_013,frame_014,13,14,20,1,True,False,840,"swab, swob, mop",0.9080013896688314,0.09650936990973369,0.9120940566062927,0.08790594339370728,0.022324694379441658,5.566145713276077,0.20043103448275862,0.25758965131081824,1.2851784753572006
frame_013,frame_015,13,15,20,2,False,False,840,"swab, swob, mop",0.4753383105700843,0.7437284956857684,0.6377968788146973,0.36220312118530273,0.03187084541494333,5.620559111564808,0.23060344827586207,0.1669917325847662,0.7241510646666497
frame_013,frame_016,13,16,20,3,False,False,840,"swab, swob, mop",0.3055924217076649,1.1855030200742618,0.5811821222305298,0.4188178777694702,0.03599286838095787,5.638284395506245,0.2607758620689655,0.20015558831932856,0.7675387849600698
frame_013,frame_017,13,17,20,4,False,False,615,knee pad,0.5777160967402597,0.5486727130894851,0.7417512536048889,0.2582487463951111,0.03559771903214741,5.6337312562413135,0.24568965517241378,0.21391086637112458,0.8706547543526475
frame_013,frame_000,13,0,30,-13,False,False,627,"limousine, limo",0.6953991130629722,0.36326933484351187,0.8037136793136597,0.19628632068634033,0.031112093260786223,5.541788405074406,0.09267241379310345,0.06370082915783606,0.6873763890519984
frame_013,frame_001,13,1,30,-12,True,False,627,"limousine, limo",0.9366737176481107,0.06542027761259206,0.9459592700004578,0.054040729999542236,0.0304953002958123,5.556404357278295,0.09698275862068965,0.054582160738024625,0.5628027240542983
frame_013,frame_002,13,2,30,-11,False,False,627,"limousine, limo",0.4737252724261109,0.7471277193543546,0.7848544120788574,0.21514558792114258,0.03155122697554233,5.562273905559635,0.09051724137931035,0.06943590545130111,0.7671014316524695
frame_013,frame_003,13,3,30,-10,False,False,444,"bicycle-built-for-two, tandem bicycle, tandem",0.5843877839519032,0.5371905028971363,0.789193332195282,0.21080666780471802,0.029527595088811004,5.574121084020841,0.09482758620689655,0.07201168289156577,0.7593959286746936
frame_013,frame_004,13,4,30,-9,False,False,444,"bicycle-built-for-two, tandem bicycle, tandem",0.9099566798692678,0.09435828514363953,0.9289441108703613,0.07105588912963867,0.02695648721161325,5.611796530655036,0.08405172413793104,0.051458101153820573,0.6122194598813524
frame_013,frame_005,13,5,30,-8,False,False,444,"bicycle-built-for-two, tandem bicycle, tandem",0.5563891497648626,0.5862873199050505,0.7820481061935425,0.21795189380645752,0.026498582027580573,5.577939589258616,0.09051724137931035,0.0778935915051112,0.8605387251993237
frame_013,frame_006,13,6,30,-7,False,False,627,"limousine, limo",0.8182260906646271,0.20061658611376632,0.8708020448684692,0.12919795513153076,0.023330259646688976,5.607681070135534,0.08836206896551724,0.04699059629145158,0.5317960165666715
frame_013,frame_007,13,7,30,-6,False,False,627,"limousine, limo",0.7175791973905493,0.3318719578013487,0.8227907419204712,0.1772092580795288,0.02164736413196233,5.616328333630062,0.09698275862068965,0.05356254992145052,0.5522894036345121
frame_013,frame_008,13,8,30,-5,False,False,627,"limousine, limo",0.8712792378176564,0.13779275899970855,0.9134699106216431,0.08653008937835693,0.022988856039996564,5.609965084047252,0.09698275862068965,0.046736684600358645,0.4819071478792536
frame_013,frame_009,13,9,30,-4,False,False,747,"punching bag, punch bag, punching ball, punchball",0.47716687919442713,0.7398889977169395,0.734700083732605,0.265299916267395,0.021774355559370434,5.462698267951733,0.05387931034482758,0.03151008884878217,0.5848272490333971
frame_013,frame_010,13,10,30,-3,False,False,422,barbell,0.270282420541596,1.3082878646567644,0.6769339442253113,0.3230660557746887,0.02814134337131252,5.455688570976509,0.07112068965517242,0.04838937712650557,0.6803839692938964
frame_013,frame_011,13,11,30,-2,False,False,422,barbell,0.40007396788430755,0.9161058292589284,0.6686528325080872,0.33134716749191284,0.0192480104650497,5.478471148882934,0.07543103448275862,0.046400741574896785,0.6151412597357745
frame_013,frame_012,13,12,30,-1,False,False,851,"television, television system",0.4352126860689824,0.8319204338905726,0.7433435916900635,0.2566564083099365,0.016076073269581576,5.5154428118549905,0.11637931034482758,0.0574118566694408,0.49331669434482467
frame_013,frame_014,13,14,30,1,False,False,840,"swab, swob, mop",0.9304955343354399,0.07203800212097722,0.9299262762069702,0.07007372379302979,0.029072704265574473,5.209553310447729,0.20043103448275862,0.10807902160329448,0.5392329679992327
frame_013,frame_015,13,15,30,2,False,False,840,"swab, swob, mop",0.49541247398307875,0.70236458262523,0.68141770362854,0.31858229637145996,0.0318985469016133,5.352074822779263,0.23060344827586207,0.09906010006236,0.4295690320461219
frame_013,frame_016,13,16,30,3,False,True,840,"swab, swob, mop",0.3889763418596011,0.9442367550548131,0.6266717910766602,0.37332820892333984,0.027174725393892107,5.422533382013885,0.2607758620689655,0.15304175972658474,0.5868708802738456
frame_013,frame_017,13,17,30,4,False,False,840,"swab, swob, mop",0.4856867866369469,0.7221913347833917,0.6637557148933411,0.33624428510665894,0.03874042649475779,5.242233105831334,0.24568965517241378,0.16338091740000926,0.6649889971368799
frame_013,frame_000,13,0,40,-13,False,True,731,"plunger, plumber's helper",0.18675734359137044,1.677945132629249,0.5954543352127075,0.4045456647872925,0.026564816300114726,5.2585315971150965,0.09267241379310345,0.20305160334207065,2.1910684639702507
frame_013,frame_001,13,1,40,-12,False,False,627,"limousine, limo",0.3375997073434577,1.085894383134355,0.6687834858894348,0.3312165141105652,0.024790186423891306,5.333756442101903,0.09698275862068965,0.19265065970213605,1.9864423578175805
frame_013,frame_002,13,2,40,-11,False,False,444,"bicycle-built-for-two, tandem bicycle, tandem",0.45221402695802365,0.7935997002517694,0.7103736996650696,0.2896263003349304,0.020478632200255274,5.373583959889953,0.09051724137931035,0.15407919429509567,1.7022082417362951
frame_013,frame_003,13,3,40,-10,False,False,444,"bicycle-built-for-two, tandem bicycle, tandem",0.6355021013583393,0.4533398817360035,0.7810079455375671,0.21899205446243286,0.026765823175389742,5.327555338862222,0.09482758620689655,0.18372303787199126,1.937442944831908
frame_013,frame_004,13,4,40,-9,False,False,444,"bicycle-built-for-two, tandem bicycle, tandem",0.8588106614994799,0.15220679863971143,0.9034790992736816,0.09652090072631836,0.025690814444517828,5.286002709125281,0.08405172413793104,0.19520254364581283,2.322409750042491
frame_013,frame_005,13,5,40,-8,False,False,444,"bicycle-built-for-two, tandem bicycle, tandem",0.39598369841760167,0.9263822341871005,0.7029745578765869,0.2970254421234131,0.020891243760286855,5.361086195274886,0.09051724137931035,0.1784765604003581,1.9717410482325275
frame_013,frame_006,13,6,40,-7,False,False,450,"bobsled, bobsleigh, bob",0.1875023307302466,1.673964003087615,0.6136934757232666,0.3863065242767334,0.02102866013749527,5.277323738063977,0.08836206896551724,0.1900703258864007,2.151039785641218
frame_013,frame_007,13,7,40,-6,False,False,407,ambulance,0.23891891771393933,1.431631041038139,0.6372805833816528,0.36271941661834717,0.024184962709977408,5.303336444264643,0.09698275862068965,0.16140663786742757,1.6642817771219198
frame_013,frame_008,13,8,40,-5,False,False,627,"limousine, limo",0.3545754593506762,1.0368340943057917,0.6981737613677979,0.30182623863220215,0.027562814285712178,5.326778095612667,0.09698275862068965,0.1529537083916236,1.5771226820825188
frame_013,frame_009,13,9,40,-4,False,False,747,"punching bag, punch bag, punching ball, punchball",0.3329668061459505,1.0997124752135905,0.7336350083351135,0.2663649916648865,0.0761623910621873,4.845878554597071,0.05387931034482758,0.3962083325143338,7.353626651466036
frame_013,frame_010,13,10,40,-3,False,False,830,stretcher,0.39632558290525793,0.9255192264780288,0.7325524687767029,0.2674475312232971,0.06011653056710613,4.777439207031323,0.07112068965517242,0.524760605378428,7.378452148351229
frame_013,frame_011,13,11,40,-2,False,False,851,"television, television system",0.45641720859050283,0.784347956642583,0.665413498878479,0.334586501121521,0.07651454326266312,4.883173085625601,0.07543103448275862,0.4261613257684356,5.649681575901546
frame_013,frame_012,13,12,40,-1,False,False,851,"television, television system",0.4567279714110234,0.7836673138722463,0.7872216701507568,0.21277832984924316,0.11699858171235128,4.752029655729945,0.11637931034482758,0.40776595631660206,3.5037667357574698
frame_013,frame_014,13,14,40,1,True,False,840,"swab, swob, mop",0.971877707708207,0.028525297552096873,0.9704321622848511,0.029567837715148926,0.05001371456922764,5.104537039673504,0.20043103448275862,0.5634673266160438,2.811277844621982
frame_013,frame_015,13,15,40,2,False,False,840,"swab, swob, mop",0.542236148523198,0.6120536740491858,0.7133426070213318,0.2866573929786682,0.05193657358034199,5.32109264612942,0.23060344827586207,0.5084806143291538,2.205000047184368
frame_013,frame_016,13,16,40,3,False,False,840,"swab, swob, mop",0.37406171540007144,0.9833344807422963,0.6455262899398804,0.35447371006011963,0.06235278575646708,5.169424160991867,0.2607758620689655,0.5778949019691085,2.2160597893691434
frame_013,frame_017,13,17,40,4,False,False,840,"swab, swob, mop",0.5217514797058515,0.6505638969850507,0.7173216938972473,0.2826783061027527,0.04708131429074468,5.207044726245803,0.24568965517241378,0.5085932053270235,2.070063572559113
frame_013,frame_000,13,0,50,-13,False,False,407,ambulance,0.3191924116548509,1.1419611867001846,0.6593103408813477,0.34068965911865234,0.0292377700001439,5.234330923515516,0.09267241379310345,0.17615551755888278,1.900840933658642
frame_013,frame_001,13,1,50,-12,False,False,407,ambulance,0.5577660519924591,0.5838156661778303,0.7282043695449829,0.2717956304550171,0.028684386635678558,5.291674389161792,0.09698275862068965,0.13376880443725944,1.3793050057530751
frame_013,frame_002,13,2,50,-11,False,False,555,"fire engine, fire truck",0.3060912473172303,1.1838720276335473,0.7100344300270081,0.28996556997299194,0.04675648384190975,5.236024909139872,0.09051724137931035,0.16140350067812262,1.7831243884440213
frame_013,frame_003,13,3,50,-10,False,False,407,ambulance,0.6485603210577703,0.433000263271091,0.8066418170928955,0.1933581829071045,0.04083777676436422,5.233567113295052,0.09482758620689655,0.20913091489055277,2.2053805570276475
frame_013,frame_004,13,4,50,-9,False,False,407,ambulance,0.6814976258981256,0.3834625114933996,0.836336076259613,0.16366392374038696,0.037955742774846715,5.303852374149905,0.08405172413793104,0.1460776905852368,1.7379499597833303
frame_013,frame_005,13,5,50,-8,False,False,407,ambulance,0.6837573846293366,0.3801521251151101,0.787960946559906,0.212039053440094,0.03175551427451282,5.2517840109869915,0.09051724137931035,0.14171708238941183,1.565636338778264
frame_013,frame_006,13,6,50,-7,False,False,407,ambulance,0.5117362782114989,0.6699458682609016,0.7303400039672852,0.26965999603271484,0.03839209300040465,5.220696603976787,0.08836206896551724,0.14277574744152002,1.6158035808015925
frame_013,frame_007,13,7,50,-6,False,False,407,ambulance,0.6706303712226347,0.3995371563503894,0.8059227466583252,0.1940772533416748,0.029821125648926267,5.287912199274058,0.09698275862068965,0.10778232039363872,1.111355481392186
frame_013,frame_008,13,8,50,-5,False,False,407,ambulance,0.638003057983323,0.44941220257152514,0.799686849117279,0.20031315088272095,0.06019453391611415,5.167201468861202,0.09698275862068965,0.1043929709885299,1.0764075230817305
frame_013,frame_009,13,9,50,-4,False,False,747,"punching bag, punch bag, punching ball, punchball",0.7213100305668494,0.32668623333483326,0.8411332368850708,0.1588667631149292,0.08908125902919507,5.012411553198665,0.05387931034482758,0.28258287705159607,5.2447381980776235
frame_013,frame_010,13,10,50,-3,False,False,830,stretcher,0.3501219318353653,1.0494738084952684,0.727358341217041,0.272641658782959,0.06185243937940111,5.057683031093068,0.07112068965517242,0.38040652945524045,5.348746353552472
frame_013,frame_011,13,11,50,-2,False,True,851,"television, television system",0.3053022697905636,1.186452944645412,0.604576826095581,0.39542317390441895,0.06620752744201396,4.932843719574294,0.07543103448275862,0.26295895595836855,3.4860844447052286
frame_013,frame_012,13,12,50,-1,False,False,851,"television, television system",0.6091084005218297,0.4957590295391374,0.7750148177146912,0.22498518228530884,0.09585332738661403,4.886746685182039,0.11637931034482758,0.24259037812206857,2.0844802860859226
frame_013,frame_014,13,14,50,1,True,False,840,"swab, swob, mop",0.9753093750589623,0.02500055056296624,0.973453164100647,0.026546835899353027,0.07445966330163284,4.790141929740541,0.20043103448275862,0.26003395991199996,1.2973737354749246
frame_013,frame_015,13,15,50,2,False,False,840,"swab, swob, mop",0.3536583192767337,1.0394240317368588,0.6716881394386292,0.32831186056137085,0.0398651474737808,5.269557328103376,0.23060344827586207,0.2115165511959537,0.9172306519151636
frame_013,frame_016,13,16,50,3,False,False,676,muzzle,0.17955051114870121,1.7172987114820104,0.6116704940795898,0.38832950592041016,0.0330315378817254,5.131409428629629,0.2607758620689655,0.2891619364794095,1.1088523845160827
frame_013,frame_017,13,17,50,4,False,False,747,"punching bag, punch bag, punching ball, punchball",0.4219005604192203,0.8629856315303268,0.6788387894630432,0.3211612105369568,0.1610942958850415,4.621208543533926,0.24568965517241378,0.2226845003892623,0.9063649840405062
frame_014,frame_000,14,0,5,-14,False,True,407,ambulance,0.12765539174514146,2.0584208976818354,0.4940916895866394,0.5059083104133606,0.01629243235800911,5.788854739108718,0.09267241379310345,0.13460761442287145,1.452510071911915
frame_014,frame_001,14,1,5,-13,False,False,407,ambulance,0.20327061212613798,1.5932171230214092,0.5196596384048462,0.4803403615951538,0.014844188258595178,5.814096219910873,0.09698275862068965,0.12310799248249137,1.2693801891527998
frame_014,frame_002,14,2,5,-12,False,False,444,"bicycle-built-for-two, tandem bicycle, tandem",0.13047112270662012,2.0366033586474583,0.5055670738220215,0.4944329261779785,0.009905581282833207,5.827974144152307,0.09051724137931035,0.12227534130771144,1.350851389685193
frame_014,frame_003,14,3,5,-11,False,False,407,ambulance,0.2015017291431778,1.601957316276498,0.5359689593315125,0.46403104066848755,0.010173350556190437,5.809526700655969,0.09482758620689655,0.14638831081956588,1.5437312777336039
frame_014,frame_004,14,4,5,-10,False,False,444,"bicycle-built-for-two, tandem bicycle, tandem",0.3398919260795761,1.0791275763733843,0.595255434513092,0.40474456548690796,0.010766004916592528,5.777423382520421,0.08405172413793104,0.15522964530318653,1.846834754376373
frame_014,frame_005,14,5,5,-9,False,False,407,ambulance,0.3168689413103473,1.149267024944618,0.5465472936630249,0.4534527063369751,0.009706536315099318,5.802450919466628,0.09051724137931035,0.14932958338727587,1.6497363498022857
frame_014,frame_006,14,6,5,-8,False,False,407,ambulance,0.20271394967644382,1.5959594085707431,0.4976463317871094,0.5023536682128906,0.009270859032262931,5.790900918786515,0.08836206896551724,0.1644466238090727,1.861054474327067
frame_014,frame_007,14,7,5,-7,False,False,874,"trolleybus, trolley coach, trackless trolley",0.2632530522172589,1.334639533667711,0.5545852184295654,0.44541478157043457,0.012017539555108403,5.788616872928811,0.09698275862068965,0.15055372125401867,1.5523761480414369
frame_014,frame_008,14,8,5,-6,False,False,874,"trolleybus, trolley coach, trackless trolley",0.1794903114814786,1.7176340475440535,0.554192066192627,0.44580793380737305,0.010652858564229317,5.801900916949803,0.09698275862068965,0.12162549559894185,1.254093999064645
frame_014,frame_009,14,9,5,-5,False,False,830,stretcher,0.31457938053398476,1.1565188323559372,0.6193962693214417,0.38060373067855835,0.02959221550737237,5.682481500866694,0.05387931034482758,0.21407402975766682,3.973213992302296
frame_014,frame_010,14,10,5,-4,False,False,422,barbell,0.34195593866146956,1.0730733845425746,0.694621205329895,0.305378794670105,0.02320905228281163,5.618462396734804,0.07112068965517242,0.3201428785112773,4.501402897855535
frame_014,frame_011,14,11,5,-3,False,False,422,barbell,0.509989632325597,0.673364882243737,0.6411625742912292,0.35883742570877075,0.021687848692758072,5.7226052047452,0.07543103448275862,0.2175541408561613,2.8841463244931096
frame_014,frame_012,14,12,5,-2,False,False,830,stretcher,0.5374522823802008,0.6209152998882956,0.6933852434158325,0.3066147565841675,0.034902356085036786,5.662985104441504,0.11637931034482758,0.25286275906611544,2.172746670494029
frame_014,frame_013,14,13,5,-1,True,False,840,"swab, swob, mop",0.4476478204005407,0.8037484708950817,0.7306418418884277,0.26935815811157227,0.018434332961996848,5.6806744417554995,0.1724137931034483,0.3661939161236833,2.123924713517363
frame_014,frame_015,14,15,5,1,False,False,840,"swab, swob, mop",0.2264080950161345,1.4854161779206985,0.5471194982528687,0.45288050174713135,0.012896967007112571,5.888067834572896,0.23060344827586207,0.32546541792426265,1.4113640552977371
frame_014,frame_016,14,16,5,2,False,False,722,ping-pong ball,0.12988428275302502,2.041111357598929,0.5228743553161621,0.4771256446838379,0.01564677601754248,5.828422041904213,0.2607758620689655,0.392581517636976,1.50543656350047
frame_014,frame_017,14,17,5,3,False,False,840,"swab, swob, mop",0.23468292413890846,1.4495199348908532,0.5953739881515503,0.4046260118484497,0.017165474351529906,5.77444720245459,0.24568965517241378,0.3548246727453979,1.4441986680163565
frame_014,frame_000,14,0,10,-14,False,False,919,street sign,0.2868455391920684,1.2488113990676613,0.6109731197357178,0.3890268802642822,0.03134948387861794,5.310505265995685,0.09267241379310345,0.12630009549803126,1.3628661467694534
frame_014,frame_001,14,1,10,-13,False,False,407,ambulance,0.2702000798540558,1.3085925579192361,0.643459677696228,0.356540322303772,0.02765667401299877,5.353834549622615,0.09698275862068965,0.12474565342814667,1.286266293125779
frame_014,frame_002,14,2,10,-12,False,False,919,street sign,0.28107920389078356,1.2691187849846801,0.628880500793457,0.37111949920654297,0.026982346668208902,5.415052601104716,0.09051724137931035,0.11056148713963294,1.2214411912568972
frame_014,frame_003,14,3,10,-11,False,False,444,"bicycle-built-for-two, tandem bicycle, tandem",0.2813081259210419,1.2683046768753152,0.6442954540252686,0.35570454597473145,0.023761848163081696,5.365905052818407,0.09482758620689655,0.15222107408300628,1.6052404176026118
frame_014,frame_004,14,4,10,-10,True,False,444,"bicycle-built-for-two, tandem bicycle, tandem",0.48501176146737496,0.7235821378904954,0.7588115334510803,0.24118846654891968,0.02208528674959665,5.430205018259224,0.08405172413793104,0.10919646457049671,1.2991579374541147
frame_014,frame_005,14,5,10,-9,False,False,407,ambulance,0.4275998530854368,0.8495674434107334,0.6723388433456421,0.3276611566543579,0.02345444042118885,5.383277179506603,0.09051724137931035,0.11491195520976238,1.2695035051745178
frame_014,frame_006,14,6,10,-8,False,False,919,street sign,0.18339316334512576,1.6961229971439786,0.610528290271759,0.38947170972824097,0.027870129755100333,5.30623839967709,0.08836206896551724,0.11220075766717202,1.2697841843309225
frame_014,frame_007,14,7,10,-7,False,False,919,street sign,0.2778586737364168,1.280642662408864,0.646615743637085,0.35338425636291504,0.023092534147300434,5.3808613386209885,0.09698275862068965,0.07729345754297533,0.7969814288875678
frame_014,frame_008,14,8,10,-6,False,False,627,"limousine, limo",0.37611691974842026,0.9778552271515677,0.6821677684783936,0.31783223152160645,0.035066399521027865,5.367903762269709,0.09698275862068965,0.09274549728780407,0.9563091275898019
frame_014,frame_009,14,9,10,-5,False,False,830,stretcher,0.36410097746096326,1.0103240392095623,0.6794382333755493,0.3205617666244507,0.026419837164151045,5.331747526608967,0.05387931034482758,0.14304899981271146,2.654989436523925
frame_014,frame_010,14,10,10,-4,False,False,830,stretcher,0.45085048887872664,0.7966195046878537,0.7192917466163635,0.2807082533836365,0.01920662631934818,5.412507061572925,0.07112068965517242,0.20316751831625862,2.8566584393558787
frame_014,frame_011,14,11,10,-3,False,False,422,barbell,0.5170589756917201,0.6595983380748459,0.6652567386627197,0.3347432613372803,0.04689515283080071,5.200281318228713,0.07543103448275862,0.20762587462199145,2.752525880702972
frame_014,frame_012,14,12,10,-2,False,False,830,stretcher,0.2140669958691138,1.5414662481459045,0.5993518829345703,0.4006481170654297,0.02403393598741896,5.355997577551807,0.11637931034482758,0.22324233748882077,1.918230455459497
frame_014,frame_013,14,13,10,-1,False,False,840,"swab, swob, mop",0.6066511152229971,0.4998014221557756,0.7311597466468811,0.2688402533531189,0.05483020038122197,5.252141459579427,0.1724137931034483,0.38959306351062745,2.259639768361639
frame_014,frame_015,14,15,10,1,False,True,877,turnstile,0.24470771542806255,1.4076907788791146,0.5671014189720154,0.4328985810279846,0.03798942617894677,5.4127001239634485,0.23060344827586207,0.2072770135641351,0.898846114894941
frame_014,frame_016,14,16,10,2,False,False,877,turnstile,0.17739879358409408,1.7293550096704013,0.5775529742240906,0.4224470257759094,0.056326078661536716,5.224594978259034,0.2607758620689655,0.22634317079395141,0.867960588829698
frame_014,frame_017,14,17,10,3,False,False,877,turnstile,0.3009543852031714,1.2007965698927503,0.606727123260498,0.39327287673950195,0.0819852045488758,5.134490856135657,0.24568965517241378,0.2209306191315534,0.8992263796231648
frame_014,frame_000,14,0,20,-14,False,False,919,street sign,0.6721204415489872,0.39731772602297877,0.8086676597595215,0.19133234024047852,0.01887836850119737,5.785453433241395,0.09267241379310345,0.1222609735700298,1.3192812031742749
frame_014,frame_001,14,1,20,-13,False,False,919,street sign,0.5361603641088368,0.6233219758885538,0.7898116111755371,0.2101883888244629,0.02074246480034717,5.787055276465972,0.09698275862068965,0.12589997483474727,1.298168629407172
frame_014,frame_002,14,2,20,-12,False,False,444,"bicycle-built-for-two, tandem bicycle, tandem",0.4534349108640331,0.7909035459372267,0.7993285059928894,0.2006714940071106,0.021029266333431378,5.756118083446996,0.09051724137931035,0.1424127203427283,1.57332148188157
frame_014,frame_003,14,3,20,-11,False,False,444,"bicycle-built-for-two, tandem bicycle, tandem",0.6287915527859678,0.46395547182193053,0.8086832165718079,0.19131678342819214,0.019754506818916506,5.7894065536164705,0.09482758620689655,0.14164834889266664,1.493746224686303
frame_014,frame_004,14,4,20,-10,False,False,444,"bicycle-built-for-two, tandem bicycle, tandem",0.822953748841286,0.19485527813298908,0.8942539691925049,0.10574603080749512,0.019223993340314237,5.79607499162317,0.08405172413793104,0.10855834509283357,1.2915659518737121
frame_014,frame_005,14,5,20,-9,False,False,444,"bicycle-built-for-two, tandem bicycle, tandem",0.6180475281979246,0.48118991801246347,0.788644015789032,0.21135598421096802,0.020526524598221244,5.732037497342143,0.09051724137931035,0.11559542371069745,1.2770542048038955
frame_014,frame_006,14,6,20,-8,False,False,919,street sign,0.5036988987757571,0.6857766125030091,0.7584443092346191,0.24155569076538086,0.022011438156912738,5.727988044562055,0.08836206896551724,0.10540497828416208,1.192875851801249
frame_014,frame_007,14,7,20,-7,False,False,919,street sign,0.7336439325442594,0.3097314735949057,0.8525481820106506,0.14745181798934937,0.018325714203511433,5.7637773938701695,0.09698275862068965,0.09260606890448331,0.954871466037339
frame_014,frame_008,14,8,20,-6,False,False,444,"bicycle-built-for-two, tandem bicycle, tandem",0.2809816923974659,1.2694657633812914,0.7462445497512817,0.25375545024871826,0.032825942702815164,5.727775229647331,0.09698275862068965,0.1065411606294187,1.0985577451566728
frame_014,frame_009,14,9,20,-5,False,False,747,"punching bag, punch bag, punching ball, punchball",0.691933987817344,0.36826472124223786,0.7937892079353333,0.20621079206466675,0.017910100683460745,5.704226834576312,0.05387931034482758,0.06947970651771168,1.2895433529687288
frame_014,frame_010,14,10,20,-4,False,False,830,stretcher,0.28912747588223325,1.2408875951045246,0.6615685224533081,0.3384314775466919,0.014948994083453364,5.709686154669434,0.07112068965517242,0.09933131348300221,1.3966584683670613
frame_014,frame_011,14,11,20,-3,False,True,870,"tricycle, trike, velocipede",0.1504925520339754,1.8938416841641281,0.5171505212783813,0.48284947872161865,0.014874691468531265,5.694976548328632,0.07543103448275862,0.10053587089211712,1.332818402684067
frame_014,frame_012,14,12,20,-2,False,False,840,"swab, swob, mop",0.5099532072876517,0.6734363078894616,0.7002151608467102,0.2997848391532898,0.016634531400717054,5.693117284732894,0.11637931034482758,0.1402708208955485,1.2052900165839722
frame_014,frame_013,14,13,20,-1,True,False,840,"swab, swob, mop",0.9561066039021816,0.04488586178962306,0.9557000398635864,0.044299960136413574,0.017760887613848895,5.659333866480647,0.1724137931034483,0.23357054731094118,1.3547091744034587
frame_014,frame_015,14,15,20,1,False,False,840,"swab, swob, mop",0.4753383105700843,0.7437284956857684,0.6377968788146973,0.36220312118530273,0.024189069746487022,5.627132638790625,0.23060344827586207,0.1417207203256144,0.6145646189821036
frame_014,frame_016,14,16,20,2,False,False,840,"swab, swob, mop",0.3055924217076649,1.1855030200742618,0.5811821222305298,0.4188178777694702,0.03386852839168962,5.626528082903912,0.2607758620689655,0.1693895620327053,0.6495599734146715
frame_014,frame_017,14,17,20,3,False,False,615,knee pad,0.5777160967402597,0.5486727130894851,0.7417512536048889,0.2582487463951111,0.03549362772051917,5.613320886433083,0.24568965517241378,0.17780061101691427,0.7236796799284932
frame_014,frame_000,14,0,30,-14,False,False,627,"limousine, limo",0.6953991130629722,0.36326933484351187,0.8037136793136597,0.19628632068634033,0.027044162196749676,5.580545757374061,0.09267241379310345,0.06347784698101958,0.6849702557951879
frame_014,frame_001,14,1,30,-13,False,False,627,"limousine, limo",0.9366737176481107,0.06542027761259206,0.9459592700004578,0.054040729999542236,0.024949560169574295,5.603014392556861,0.09698275862068965,0.05872672774172677,0.605537814936916
frame_014,frame_002,14,2,30,-12,False,False,627,"limousine, limo",0.4737252724261109,0.7471277193543546,0.7848544120788574,0.21514558792114258,0.026342327015158613,5.607682751673677,0.09051724137931035,0.07033493502283338,0.7770335678713021
frame_014,frame_003,14,3,30,-11,False,False,444,"bicycle-built-for-two, tandem bicycle, tandem",0.5843877839519032,0.5371905028971363,0.789193332195282,0.21080666780471802,0.023558029916403017,5.618938168617676,0.09482758620689655,0.07535417809434795,0.794644059904033
frame_014,frame_004,14,4,30,-10,False,False,444,"bicycle-built-for-two, tandem bicycle, tandem",0.9099566798692678,0.09435828514363953,0.9289441108703613,0.07105588912963867,0.022731572448358866,5.649355859171014,0.08405172413793104,0.05169512426338546,0.6150394271336116
frame_014,frame_005,14,5,30,-9,False,False,444,"bicycle-built-for-two, tandem bicycle, tandem",0.5563891497648626,0.5862873199050505,0.7820481061935425,0.21795189380645752,0.023039288685568066,5.6195543518642666,0.09051724137931035,0.08057151647477909,0.8901234201023214
frame_014,frame_006,14,6,30,-8,False,False,627,"limousine, limo",0.8182260906646271,0.20061658611376632,0.8708020448684692,0.12919795513153076,0.02111654694181217,5.636166529451991,0.08836206896551724,0.05863049638328434,0.6635256176059496
frame_014,frame_007,14,7,30,-7,False,False,627,"limousine, limo",0.7175791973905493,0.3318719578013487,0.8227907419204712,0.1772092580795288,0.019930150434042095,5.643084695872735,0.09698275862068965,0.06517406375741508,0.6720170129653465
frame_014,frame_008,14,8,30,-6,False,False,627,"limousine, limo",0.8712792378176564,0.13779275899970855,0.9134699106216431,0.08653008937835693,0.02073626635928541,5.640413373331589,0.09698275862068965,0.056753513755394516,0.5851917862778456
frame_014,frame_009,14,9,30,-5,False,False,747,"punching bag, punch bag, punching ball, punchball",0.47716687919442713,0.7398889977169395,0.734700083732605,0.265299916267395,0.02384718512386616,5.489545230060177,0.05387931034482758,0.026004142457394918,0.4826368840092497
frame_014,frame_010,14,10,30,-4,False,False,422,barbell,0.270282420541596,1.3082878646567644,0.6769339442253113,0.3230660557746887,0.027577032806035264,5.490708417576039,0.07112068965517242,0.03843200259010897,0.5403772485397139
frame_014,frame_011,14,11,30,-3,False,False,422,barbell,0.40007396788430755,0.9161058292589284,0.6686528325080872,0.33134716749191284,0.01718419816699603,5.521062620256231,0.07543103448275862,0.03773820589251821,0.5003007866893843
frame_014,frame_012,14,12,30,-2,False,False,851,"television, television system",0.4352126860689824,0.8319204338905726,0.7433435916900635,0.2566564083099365,0.020952090365799092,5.543494381929518,0.11637931034482758,0.05040194885533956,0.4330834123866214
frame_014,frame_013,14,13,30,-1,True,False,840,"swab, swob, mop",0.9735273648969754,0.026829344758098728,0.971435546875,0.028564453125,0.02888088782960193,5.4706827352013345,0.1724137931034483,0.09380267360593095,0.5440555069143994
frame_014,frame_015,14,15,30,1,False,False,840,"swab, swob, mop",0.49541247398307875,0.70236458262523,0.68141770362854,0.31858229637145996,0.024903370110783037,5.394926386749718,0.23060344827586207,0.08944536475884844,0.38787522661781004
frame_014,frame_016,14,16,30,2,False,True,840,"swab, swob, mop",0.3889763418596011,0.9442367550548131,0.6266717910766602,0.37332820892333984,0.02223317286396123,5.466650079120521,0.2607758620689655,0.13660095003466724,0.5238251307114512
frame_014,frame_017,14,17,30,3,False,False,840,"swab, swob, mop",0.4856867866369469,0.7221913347833917,0.6637557148933411,0.33624428510665894,0.03428015124923923,5.316400996734393,0.24568965517241378,0.1436220018394628,0.5845667443290417
frame_014,frame_000,14,0,40,-14,False,True,731,"plunger, plumber's helper",0.18675734359137044,1.677945132629249,0.5954543352127075,0.4045456647872925,0.025727538587657483,5.211746668910916,0.09267241379310345,0.20918536758620251,2.257256059534836
frame_014,frame_001,14,1,40,-13,False,False,627,"limousine, limo",0.3375997073434577,1.085894383134355,0.6687834858894348,0.3312165141105652,0.02566741948736833,5.298089046667863,0.09698275862068965,0.1898677488238028,1.9577474545387668
frame_014,frame_002,14,2,40,-12,False,False,444,"bicycle-built-for-two, tandem bicycle, tandem",0.45221402695802365,0.7935997002517694,0.7103736996650696,0.2896263003349304,0.02668185353765057,5.334155328746329,0.09051724137931035,0.16160138107126595,1.7853104956444619
frame_014,frame_003,14,3,40,-11,False,False,444,"bicycle-built-for-two, tandem bicycle, tandem",0.6355021013583393,0.4533398817360035,0.7810079455375671,0.21899205446243286,0.031241559286689764,5.268804239365233,0.09482758620689655,0.20901403269490232,2.2041479811462428
frame_014,frame_004,14,4,40,-10,False,False,444,"bicycle-built-for-two, tandem bicycle, tandem",0.8588106614994799,0.15220679863971143,0.9034790992736816,0.09652090072631836,0.020725903834454606,5.232025219822274,0.08405172413793104,0.21962047597805318,2.612920534713248
frame_014,frame_005,14,5,40,-9,False,False,444,"bicycle-built-for-two, tandem bicycle, tandem",0.39598369841760167,0.9263822341871005,0.7029745578765869,0.2970254421234131,0.025488484420888413,5.327895027714265,0.09051724137931035,0.1928396312278263,2.1304187830883667
frame_014,frame_006,14,6,40,-8,False,False,450,"bobsled, bobsleigh, bob",0.1875023307302466,1.673964003087615,0.6136934757232666,0.3863065242767334,0.020803125531942402,5.234597177198392,0.08836206896551724,0.21283610109964057,2.4086817295178835
frame_014,frame_007,14,7,40,-7,False,False,407,ambulance,0.23891891771393933,1.431631041038139,0.6372805833816528,0.36271941661834717,0.03139460044291057,5.273543612768625,0.09698275862068965,0.1680508621873727,1.7327911123320208
frame_014,frame_008,14,8,40,-6,False,False,627,"limousine, limo",0.3545754593506762,1.0368340943057917,0.6981737613677979,0.30182623863220215,0.034520134402869745,5.276268314830082,0.09698275862068965,0.15456833573239948,1.5937712839962968
frame_014,frame_009,14,9,40,-5,False,False,747,"punching bag, punch bag, punching ball, punchball",0.3329668061459505,1.0997124752135905,0.7336350083351135,0.2663649916648865,0.08470091345998294,4.860960508255049,0.05387931034482758,0.400653832555489,7.436135132229876
frame_014,frame_010,14,10,40,-4,False,False,830,stretcher,0.39632558290525793,0.9255192264780288,0.7325524687767029,0.2674475312232971,0.0578099196091825,4.844886146041532,0.07112068965517242,0.5105532105890563,7.178687567070368
frame_014,frame_011,14,11,40,-3,False,False,851,"television, television system",0.45641720859050283,0.784347956642583,0.665413498878479,0.334586501121521,0.07698056827638387,4.909563835955247,0.07543103448275862,0.41321809603115645,5.478091330241617
frame_014,frame_012,14,12,40,-2,False,False,851,"television, television system",0.4567279714110234,0.7836673138722463,0.7872216701507568,0.21277832984924316,0.13548244426423048,4.736214690766493,0.11637931034482758,0.37699652071189155,3.2393775113021794
frame_014,frame_013,14,13,40,-1,True,False,840,"swab, swob, mop",0.9820650752035959,0.018097704795198233,0.9805395603179932,0.019460439682006836,0.07028485885841383,4.944179697443399,0.1724137931034483,0.6364602194062393,3.691469272556188
frame_014,frame_015,14,15,40,1,False,False,840,"swab, swob, mop",0.542236148523198,0.6120536740491858,0.7133426070213318,0.2866573929786682,0.05146862967486627,5.3602619542460115,0.23060344827586207,0.45562134222262446,1.975778530759792
frame_014,frame_016,14,16,40,2,False,False,840,"swab, swob, mop",0.37406171540007144,0.9833344807422963,0.6455262899398804,0.35447371006011963,0.07307479434772483,5.165665537525058,0.2607758620689655,0.5619946169418913,2.155086795545765
frame_014,frame_017,14,17,40,3,False,False,840,"swab, swob, mop",0.5217514797058515,0.6505638969850507,0.7173216938972473,0.2826783061027527,0.04662670596852617,5.222107486214271,0.24568965517241378,0.45621088648438496,1.8568583449890756
frame_014,frame_000,14,0,50,-14,False,False,407,ambulance,0.3191924116548509,1.1419611867001846,0.6593103408813477,0.34068965911865234,0.03577659644856028,5.197944622008006,0.09267241379310345,0.1918497330336187,2.0701924680836994
frame_014,frame_001,14,1,50,-13,False,False,407,ambulance,0.5577660519924591,0.5838156661778303,0.7282043695449829,0.2717956304550171,0.031065081977272924,5.260079003461328,0.09698275862068965,0.14237734695680096,1.468068644176792
frame_014,frame_002,14,2,50,-12,False,False,555,"fire engine, fire truck",0.3060912473172303,1.1838720276335473,0.7100344300270081,0.28996556997299194,0.05102744701582841,5.17395839619698,0.09051724137931035,0.17624822711891064,1.9471232710279651
frame_014,frame_003,14,3,50,-11,False,False,407,ambulance,0.6485603210577703,0.433000263271091,0.8066418170928955,0.1933581829071045,0.042485516635821084,5.18226044456007,0.09482758620689655,0.23618515622911485,2.4906798293252113
frame_014,frame_004,14,4,50,-10,False,False,407,ambulance,0.6814976258981256,0.3834625114933996,0.836336076259613,0.16366392374038696,0.03414115626755805,5.251869168875092,0.08405172413793104,0.17146420965576414,2.0399844430839633
frame_014,frame_005,14,5,50,-9,False,False,407,ambulance,0.6837573846293366,0.3801521251151101,0.787960946559906,0.212039053440094,0.04043227062375786,5.196595557283031,0.09051724137931035,0.16378052500772125,1.809384847704349
frame_014,frame_006,14,6,50,-8,False,False,407,ambulance,0.5117362782114989,0.6699458682609016,0.7303400039672852,0.26965999603271484,0.034262120570006084,5.172042459682714,0.08836206896551724,0.17182201250434626,1.9445222878540651
frame_014,frame_007,14,7,50,-7,False,False,407,ambulance,0.6706303712226347,0.3995371563503894,0.8059227466583252,0.1940772533416748,0.03305608406052635,5.243641151700352,0.09698275862068965,0.12239997297652079,1.2620797213579034
frame_014,frame_008,14,8,50,-6,False,False,407,ambulance,0.638003057983323,0.44941220257152514,0.799686849117279,0.20031315088272095,0.08353395192004792,5.082343144165574,0.09698275862068965,0.10998520690412565,1.1340696889669846
frame_014,frame_009,14,9,50,-5,False,False,747,"punching bag, punch bag, punching ball, punchball",0.7213100305668494,0.32668623333483326,0.8411332368850708,0.1588667631149292,0.0755381965411307,5.03081767625276,0.05387931034482758,0.2881858554097903,5.348729476405708
frame_014,frame_010,14,10,50,-4,False,False,830,stretcher,0.3501219318353653,1.0494738084952684,0.727358341217041,0.272641658782959,0.051283046950706505,5.056817763926915,0.07112068965517242,0.389642789544299,5.478613768138022
frame_014,frame_011,14,11,50,-3,False,True,851,"television, television system",0.3053022697905636,1.186452944645412,0.604576826095581,0.39542317390441895,0.07440096102342346,4.955640035851317,0.07543103448275862,0.25481173762947273,3.3780756074307243
frame_014,frame_012,14,12,50,-2,False,False,851,"television, television system",0.6091084005218297,0.4957590295391374,0.7750148177146912,0.22498518228530884,0.09415628635624022,4.851947819781699,0.11637931034482758,0.23232590014697282,1.9962818086702852
frame_014,frame_013,14,13,50,-1,True,False,840,"swab, swob, mop",0.9664691158263239,0.03410593549891772,0.9684638381004333,0.03153616189956665,0.09171572297578187,4.646615157506579,0.1724137931034483,0.40813346511496407,2.3671740976667914
frame_014,frame_015,14,15,50,1,False,False,840,"swab, swob, mop",0.3536583192767337,1.0394240317368588,0.6716881394386292,0.32831186056137085,0.030791953197065673,5.266095444985734,0.23060344827586207,0.1891960053501141,0.8204387521724574
frame_014,frame_016,14,16,50,2,False,False,676,muzzle,0.17955051114870121,1.7172987114820104,0.6116704940795898,0.38832950592041016,0.035049278721357505,5.112140127393062,0.2607758620689655,0.2655802612148068,1.0184234810220691
frame_014,frame_017,14,17,50,3,False,False,747,"punching bag, punch bag, punching ball, punchball",0.4219005604192203,0.8629856315303268,0.6788387894630432,0.3211612105369568,0.1373989178928007,4.612500991448604,0.24568965517241378,0.18870363076108781,0.768056883097761
frame_015,frame_000,15,0,5,-15,False,True,407,ambulance,0.12765539174514146,2.0584208976818354,0.4940916895866394,0.5059083104133606,0.014619753656347398,5.800030488652277,0.09267241379310345,0.13762116732444923,1.485028410198708
frame_015,frame_001,15,1,5,-14,False,False,407,ambulance,0.20327061212613798,1.5932171230214092,0.5196596384048462,0.4803403615951538,0.01356018781660798,5.829109913672374,0.09698275862068965,0.1312493297169659,1.3533264219704928
frame_015,frame_002,15,2,5,-13,False,False,444,"bicycle-built-for-two, tandem bicycle, tandem",0.13047112270662012,2.0366033586474583,0.5055670738220215,0.4944329261779785,0.009130176897226205,5.841419498971809,0.09051724137931035,0.1271400017629405,1.4045943051905807
frame_015,frame_003,15,3,5,-12,False,False,407,ambulance,0.2015017291431778,1.601957316276498,0.5359689593315125,0.46403104066848755,0.009619989496299606,5.82106558944348,0.09482758620689655,0.15291852390229624,1.6125953429696696
frame_015,frame_004,15,4,5,-11,False,False,444,"bicycle-built-for-two, tandem bicycle, tandem",0.3398919260795761,1.0791275763733843,0.595255434513092,0.40474456548690796,0.009993768295972403,5.796152003609064,0.08405172413793104,0.15808289705797993,1.8807811342282739
frame_015,frame_005,15,5,5,-10,False,False,407,ambulance,0.3168689413103473,1.149267024944618,0.5465472936630249,0.4534527063369751,0.009123975471003722,5.816987615535816,0.09051724137931035,0.14820008653495953,1.6372580988624101
frame_015,frame_006,15,6,5,-9,False,False,407,ambulance,0.20271394967644382,1.5959594085707431,0.4976463317871094,0.5023536682128906,0.009193307763536407,5.803441660668135,0.08836206896551724,0.15892833866487846,1.7986036375732588
frame_015,frame_007,15,7,5,-8,False,False,874,"trolleybus, trolley coach, trackless trolley",0.2632530522172589,1.334639533667711,0.5545852184295654,0.44541478157043457,0.011598412876026504,5.800255713625388,0.09698275862068965,0.1426023071056561,1.4703882332672096
frame_015,frame_008,15,8,5,-7,False,False,874,"trolleybus, trolley coach, trackless trolley",0.1794903114814786,1.7176340475440535,0.554192066192627,0.44580793380737305,0.010298888036648784,5.81343542770057,0.09698275862068965,0.11784815881854621,1.2151454598178988
frame_015,frame_009,15,9,5,-6,False,False,830,stretcher,0.31457938053398476,1.1565188323559372,0.6193962693214417,0.38060373067855835,0.027077377095267547,5.704012489210143,0.05387931034482758,0.2013023109340492,3.7361708909359534
frame_015,frame_010,15,10,5,-5,False,False,422,barbell,0.34195593866146956,1.0730733845425746,0.694621205329895,0.305378794670105,0.021863769446204835,5.6640488854494935,0.07112068965517242,0.29581160702169124,4.15929047448681
frame_015,frame_011,15,11,5,-4,False,False,422,barbell,0.509989632325597,0.673364882243737,0.6411625742912292,0.35883742570877075,0.021860864294967395,5.728188362365918,0.07543103448275862,0.21062965531611186,2.7923474304764544
frame_015,frame_012,15,12,5,-3,False,False,830,stretcher,0.5374522823802008,0.6209152998882956,0.6933852434158325,0.3066147565841675,0.0379954091485793,5.686182999548354,0.11637931034482758,0.24963762226321137,2.1450343838912977
frame_015,frame_013,15,13,5,-2,True,False,840,"swab, swob, mop",0.4476478204005407,0.8037484708950817,0.7306418418884277,0.26935815811157227,0.01850633902897494,5.738836219439975,0.1724137931034483,0.36491163586257447,2.1164874880029316
frame_015,frame_014,15,14,5,-1,False,False,840,"swab, swob, mop",0.4559376992611091,0.7853991032291106,0.6848056316375732,0.31519436836242676,0.014805149238187496,5.759178413895322,0.20043103448275862,0.36973147438047194,1.8446817646509568
frame_015,frame_016,15,16,5,1,False,False,722,ping-pong ball,0.12988428275302502,2.041111357598929,0.5228743553161621,0.4771256446838379,0.015046542640888066,5.837439771250345,0.2607758620689655,0.39657570346548343,1.5207531108097876
frame_015,frame_017,15,17,5,2,False,False,840,"swab, swob, mop",0.23468292413890846,1.4495199348908532,0.5953739881515503,0.4046260118484497,0.017090087739852083,5.782236454583496,0.24568965517241378,0.3537135194681642,1.4396760792388439
frame_015,frame_000,15,0,10,-15,False,False,919,street sign,0.2868455391920684,1.2488113990676613,0.6109731197357178,0.3890268802642822,0.0271671394598432,5.317020115394138,0.09267241379310345,0.13892619250069368,1.4991105423330666
frame_015,frame_001,15,1,10,-14,False,False,407,ambulance,0.2702000798540558,1.3085925579192361,0.643459677696228,0.356540322303772,0.027158726180639345,5.35977659731736,0.09698275862068965,0.1331140325138429,1.3725535796982913
frame_015,frame_002,15,2,10,-13,False,False,919,street sign,0.28107920389078356,1.2691187849846801,0.628880500793457,0.37111949920654297,0.028572744945392692,5.400722313061397,0.09051724137931035,0.11745569970066487,1.297605825264488
frame_015,frame_003,15,3,10,-12,False,False,444,"bicycle-built-for-two, tandem bicycle, tandem",0.2813081259210419,1.2683046768753152,0.6442954540252686,0.35570454597473145,0.022561095254963227,5.373879156315215,0.09482758620689655,0.15628412266359856,1.6480871117252214
frame_015,frame_004,15,4,10,-11,True,False,444,"bicycle-built-for-two, tandem bicycle, tandem",0.48501176146737496,0.7235821378904954,0.7588115334510803,0.24118846654891968,0.023571081637927403,5.424816857796521,0.08405172413793104,0.12115507094154283,1.4414346901763044
frame_015,frame_005,15,5,10,-10,False,False,407,ambulance,0.4275998530854368,0.8495674434107334,0.6723388433456421,0.3276611566543579,0.02269806014375976,5.382495265957091,0.09051724137931035,0.12157388314377719,1.3431019471122052
frame_015,frame_006,15,6,10,-9,False,False,919,street sign,0.18339316334512576,1.6961229971439786,0.610528290271759,0.38947170972824097,0.02656711051709728,5.3151282553857735,0.08836206896551724,0.10976098799449331,1.2421731324254854
frame_015,frame_007,15,7,10,-8,False,False,919,street sign,0.2778586737364168,1.280642662408864,0.646615743637085,0.35338425636291504,0.023087125865770372,5.387036528665369,0.09698275862068965,0.0764128549512019,0.7879014377190595
frame_015,frame_008,15,8,10,-7,False,False,627,"limousine, limo",0.37611691974842026,0.9778552271515677,0.6821677684783936,0.31783223152160645,0.042097776865910534,5.364233022678164,0.09698275862068965,0.08973996932872202,0.925318794856156
frame_015,frame_009,15,9,10,-6,False,False,830,stretcher,0.36410097746096326,1.0103240392095623,0.6794382333755493,0.3205617666244507,0.03388589647858129,5.241635885597448,0.05387931034482758,0.1269379277392682,2.355967938840818
frame_015,frame_010,15,10,10,-5,False,False,830,stretcher,0.45085048887872664,0.7966195046878537,0.7192917466163635,0.2807082533836365,0.02656587233307113,5.3410415846637305,0.07112068965517242,0.1866414127391278,2.624291379119857
frame_015,frame_011,15,11,10,-4,False,False,422,barbell,0.5170589756917201,0.6595983380748459,0.6652567386627197,0.3347432613372803,0.049961604120243246,5.095367798949716,0.07543103448275862,0.20885976743625007,2.768883774012001
frame_015,frame_012,15,12,10,-3,False,False,830,stretcher,0.2140669958691138,1.5414662481459045,0.5993518829345703,0.4006481170654297,0.026352047837396933,5.296498788828126,0.11637931034482758,0.23031384243589437,1.9789930164862035
frame_015,frame_013,15,13,10,-2,False,False,840,"swab, swob, mop",0.6066511152229971,0.4998014221557756,0.7311597466468811,0.2688402533531189,0.05222171567128284,5.2279942369807095,0.1724137931034483,0.39448365827732457,2.2880052180084824
frame_015,frame_014,15,14,10,-1,False,False,840,"swab, swob, mop",0.4558095558027938,0.7856801974872996,0.6539525985717773,0.34604740142822266,0.03513333197173738,5.0992744200342885,0.20043103448275862,0.35425561549575174,1.7674688773121376
frame_015,frame_016,15,16,10,1,False,True,877,turnstile,0.17739879358409408,1.7293550096704013,0.5775529742240906,0.4224470257759094,0.04943148133187797,5.208690284104662,0.2607758620689655,0.23445580586549325,0.8990701976990815
frame_015,frame_017,15,17,10,2,False,False,877,turnstile,0.3009543852031714,1.2007965698927503,0.606727123260498,0.39327287673950195,0.08361154720616379,5.078288030383391,0.24568965517241378,0.23100006508845639,0.9402107912372261
frame_015,frame_000,15,0,20,-15,False,False,919,street sign,0.6721204415489872,0.39731772602297877,0.8086676597595215,0.19133234024047852,0.01735879829749354,5.799187559911019,0.09267241379310345,0.11773171755952126,1.270407370874834
frame_015,frame_001,15,1,20,-14,False,False,919,street sign,0.5361603641088368,0.6233219758885538,0.7898116111755371,0.2101883888244629,0.018909383450167336,5.810072236553787,0.09698275862068965,0.11687106667010658,1.2050705541095434
frame_015,frame_002,15,2,20,-13,False,False,444,"bicycle-built-for-two, tandem bicycle, tandem",0.4534349108640331,0.7909035459372267,0.7993285059928894,0.2006714940071106,0.018933093153802018,5.772362300540349,0.09051724137931035,0.13483392076862152,1.4895937913485806
frame_015,frame_003,15,3,20,-12,False,False,444,"bicycle-built-for-two, tandem bicycle, tandem",0.6287915527859678,0.46395547182193053,0.8086832165718079,0.19131678342819214,0.01752488869130096,5.797242232048826,0.09482758620689655,0.13573965631973528,1.4314363757353903
frame_015,frame_004,15,4,20,-11,False,False,444,"bicycle-built-for-two, tandem bicycle, tandem",0.822953748841286,0.19485527813298908,0.8942539691925049,0.10574603080749512,0.017006664185662823,5.8111878396743615,0.08405172413793104,0.1064691712608872,1.2667101401295298
frame_015,frame_005,15,5,20,-10,False,False,444,"bicycle-built-for-two, tandem bicycle, tandem",0.6180475281979246,0.48118991801246347,0.788644015789032,0.21135598421096802,0.018660500696959712,5.76132445634517,0.09051724137931035,0.10295138839076116,1.1373677193645995
frame_015,frame_006,15,6,20,-9,False,False,919,street sign,0.5036988987757571,0.6857766125030091,0.7584443092346191,0.24155569076538086,0.022982323257631547,5.764901580956484,0.08836206896551724,0.09822586307432779,1.1116292796704415
frame_015,frame_007,15,7,20,-8,False,False,919,street sign,0.7336439325442594,0.3097314735949057,0.8525481820106506,0.14745181798934937,0.017671421198007208,5.793902124150044,0.09698275862068965,0.08170578938478466,0.8424774727675575
frame_015,frame_008,15,8,20,-7,False,False,444,"bicycle-built-for-two, tandem bicycle, tandem",0.2809816923974659,1.2694657633812914,0.7462445497512817,0.25375545024871826,0.02765542219011547,5.763366940710547,0.09698275862068965,0.09278144284794888,0.9566797662544063
frame_015,frame_009,15,9,20,-6,False,False,747,"punching bag, punch bag, punching ball, punchball",0.691933987817344,0.36826472124223786,0.7937892079353333,0.20621079206466675,0.015617528060004498,5.710278253422393,0.05387931034482758,0.057780624243810565,1.0724083859651241
frame_015,frame_010,15,10,20,-5,False,False,830,stretcher,0.28912747588223325,1.2408875951045246,0.6615685224533081,0.3384314775466919,0.013845278733909557,5.710400896647423,0.07112068965517242,0.08550243139862823,1.202216005120106
frame_015,frame_011,15,11,20,-4,False,True,870,"tricycle, trike, velocipede",0.1504925520339754,1.8938416841641281,0.5171505212783813,0.48284947872161865,0.01407349297347747,5.6693147014676875,0.07543103448275862,0.08990770584632321,1.191919300362685
frame_015,frame_012,15,12,20,-3,False,False,840,"swab, swob, mop",0.5099532072876517,0.6734363078894616,0.7002151608467102,0.2997848391532898,0.014957251325960205,5.707356484717966,0.11637931034482758,0.12872364055762878,1.1060698003470324
frame_015,frame_013,15,13,20,-2,True,False,840,"swab, swob, mop",0.9561066039021816,0.04488586178962306,0.9557000398635864,0.044299960136413574,0.01480341322404812,5.688237659293215,0.1724137931034483,0.21480895710645376,1.2458919512174318
frame_015,frame_014,15,14,20,-1,False,False,840,"swab, swob, mop",0.9080013896688314,0.09650936990973369,0.9120940566062927,0.08790594339370728,0.02388546032297821,5.6051020279068196,0.20043103448275862,0.21024017734902725,1.0489402396768672
frame_015,frame_016,15,16,20,1,False,False,840,"swab, swob, mop",0.3055924217076649,1.1855030200742618,0.5811821222305298,0.4188178777694702,0.025796929674652982,5.644953320528574,0.2607758620689655,0.15759431227452952,0.604328602441171
frame_015,frame_017,15,17,20,2,False,False,615,knee pad,0.5777160967402597,0.5486727130894851,0.7417512536048889,0.2582487463951111,0.03848358722088743,5.611237069798053,0.24568965517241378,0.17770257938394646,0.7232806739837822
frame_015,frame_000,15,0,30,-15,False,False,627,"limousine, limo",0.6953991130629722,0.36326933484351187,0.8037136793136597,0.19628632068634033,0.032758965953208506,5.412666831438488,0.09267241379310345,0.047740236964769575,0.5151504639919321
frame_015,frame_001,15,1,30,-14,False,False,627,"limousine, limo",0.9366737176481107,0.06542027761259206,0.9459592700004578,0.054040729999542236,0.029835943080104347,5.449104929044448,0.09698275862068965,0.038603678175844175,0.39804681496870437
frame_015,frame_002,15,2,30,-13,False,False,627,"limousine, limo",0.4737252724261109,0.7471277193543546,0.7848544120788574,0.21514558792114258,0.03168189481627535,5.453865476166495,0.09051724137931035,0.04828232977808065,0.5334047861197481
frame_015,frame_003,15,3,30,-12,False,False,444,"bicycle-built-for-two, tandem bicycle, tandem",0.5843877839519032,0.5371905028971363,0.789193332195282,0.21080666780471802,0.02994255414735942,5.467783511018103,0.09482758620689655,0.050743591775370446,0.5351142405402702
frame_015,frame_004,15,4,30,-11,False,False,444,"bicycle-built-for-two, tandem bicycle, tandem",0.9099566798692678,0.09435828514363953,0.9289441108703613,0.07105588912963867,0.027889117922647665,5.508241299181643,0.08405172413793104,0.03564454397516418,0.42407867703785074
frame_015,frame_005,15,5,30,-10,False,False,444,"bicycle-built-for-two, tandem bicycle, tandem",0.5563891497648626,0.5862873199050505,0.7820481061935425,0.21795189380645752,0.027030296243737886,5.495521091452363,0.09051724137931035,0.051375849890914524,0.5675808178424843
frame_015,frame_006,15,6,30,-9,False,False,627,"limousine, limo",0.8182260906646271,0.20061658611376632,0.8708020448684692,0.12919795513153076,0.024216141612960995,5.516711092869883,0.08836206896551724,0.03261093738061246,0.369060364502541
frame_015,frame_007,15,7,30,-8,False,False,627,"limousine, limo",0.7175791973905493,0.3318719578013487,0.8227907419204712,0.1772092580795288,0.022786466297610237,5.523833209735507,0.09698275862068965,0.037043195240050945,0.38195650203074755
frame_015,frame_008,15,8,30,-7,False,False,627,"limousine, limo",0.8712792378176564,0.13779275899970855,0.9134699106216431,0.08653008937835693,0.0245744248265185,5.518036342109287,0.09698275862068965,0.03412318440133267,0.3518479458270746
frame_015,frame_009,15,9,30,-6,False,False,747,"punching bag, punch bag, punching ball, punchball",0.47716687919442713,0.7398889977169395,0.734700083732605,0.265299916267395,0.0254137538376878,5.420601787276672,0.05387931034482758,0.02415726720001206,0.44835887923222384
frame_015,frame_010,15,10,30,-5,False,False,422,barbell,0.270282420541596,1.3082878646567644,0.6769339442253113,0.3230660557746887,0.026447709613046662,5.4206290728063475,0.07112068965517242,0.032151220001535814,0.45206563880947326
frame_015,frame_011,15,11,30,-4,False,False,422,barbell,0.40007396788430755,0.9161058292589284,0.6686528325080872,0.33134716749191284,0.021743595853889765,5.469569470825648,0.07543103448275862,0.03280300899216691,0.4348741763532985
frame_015,frame_012,15,12,30,-3,False,False,851,"television, television system",0.4352126860689824,0.8319204338905726,0.7433435916900635,0.2566564083099365,0.018191614990391708,5.495739144158052,0.11637931034482758,0.04343229003723597,0.3731959736532869
frame_015,frame_013,15,13,30,-2,True,False,840,"swab, swob, mop",0.9735273648969754,0.026829344758098728,0.971435546875,0.028564453125,0.023095766277084807,5.456534587204166,0.1724137931034483,0.0800182749568279,0.46410599474960174
frame_015,frame_014,15,14,30,-1,False,False,840,"swab, swob, mop",0.9304955343354399,0.07203800212097722,0.9299262762069702,0.07007372379302979,0.03765451605185297,5.143259241101433,0.20043103448275862,0.07740685633799962,0.3862019499014175
frame_015,frame_016,15,16,30,1,False,True,840,"swab, swob, mop",0.3889763418596011,0.9442367550548131,0.6266717910766602,0.37332820892333984,0.025856441276002798,5.4888347067292536,0.2607758620689655,0.13699177906068138,0.5253238469764971
frame_015,frame_017,15,17,30,2,False,False,840,"swab, swob, mop",0.4856867866369469,0.7221913347833917,0.6637557148933411,0.33624428510665894,0.022608980839555787,5.330720858854331,0.24568965517241378,0.13735618322300994,0.5590637632936545
frame_015,frame_000,15,0,40,-15,False,True,731,"plunger, plumber's helper",0.18675734359137044,1.677945132629249,0.5954543352127075,0.4045456647872925,0.030776904185003298,5.221791562999361,0.09267241379310345,0.20529803101639654,2.215308985851349
frame_015,frame_001,15,1,40,-14,False,False,627,"limousine, limo",0.3375997073434577,1.085894383134355,0.6687834858894348,0.3312165141105652,0.02795138220148059,5.318083577105007,0.09698275862068965,0.18772630429983633,1.935666782113868
frame_015,frame_002,15,2,40,-13,False,False,444,"bicycle-built-for-two, tandem bicycle, tandem",0.45221402695802365,0.7935997002517694,0.7103736996650696,0.2896263003349304,0.02677747574343536,5.348171751055233,0.09051724137931035,0.15083535616133245,1.6663715537823394
frame_015,frame_003,15,3,40,-12,False,False,444,"bicycle-built-for-two, tandem bicycle, tandem",0.6355021013583393,0.4533398817360035,0.7810079455375671,0.21899205446243286,0.026268338691592022,5.294048309777807,0.09482758620689655,0.19327232243066111,2.038144491086972
frame_015,frame_004,15,4,40,-11,False,False,444,"bicycle-built-for-two, tandem bicycle, tandem",0.8588106614994799,0.15220679863971143,0.9034790992736816,0.09652090072631836,0.024888876761510328,5.256577139693533,0.08405172413793104,0.20227016193855477,2.4064962856279335
frame_015,frame_005,15,5,40,-10,False,False,444,"bicycle-built-for-two, tandem bicycle, tandem",0.39598369841760167,0.9263822341871005,0.7029745578765869,0.2970254421234131,0.025418048220776937,5.35078495184249,0.09051724137931035,0.177330635931674,1.9590813112451604
frame_015,frame_006,15,6,40,-9,False,False,450,"bobsled, bobsleigh, bob",0.1875023307302466,1.673964003087615,0.6136934757232666,0.3863065242767334,0.022378779705348947,5.264672669610299,0.08836206896551724,0.19052858884861462,2.156225981116029
frame_015,frame_007,15,7,40,-8,False,False,407,ambulance,0.23891891771393933,1.431631041038139,0.6372805833816528,0.36271941661834717,0.026240010081122266,5.313525046357379,0.09698275862068965,0.15078309678260554,1.554741264602866
frame_015,frame_008,15,8,40,-7,False,False,627,"limousine, limo",0.3545754593506762,1.0368340943057917,0.6981737613677979,0.30182623863220215,0.0348068022343498,5.319671263163789,0.09698275862068965,0.14005252059808063,1.4440971012779868
frame_015,frame_009,15,9,40,-6,False,False,747,"punching bag, punch bag, punching ball, punchball",0.3329668061459505,1.0997124752135905,0.7336350083351135,0.2663649916648865,0.06160313420326976,4.9866521108065935,0.05387931034482758,0.32133527127264166,5.96398263482023
frame_015,frame_010,15,10,40,-5,False,False,830,stretcher,0.39632558290525793,0.9255192264780288,0.7325524687767029,0.2674475312232971,0.0514489938437564,4.9438677945981,0.07112068965517242,0.4523496587830043,6.360310353797393
frame_015,frame_011,15,11,40,-4,False,False,851,"television, television system",0.45641720859050283,0.784347956642583,0.665413498878479,0.334586501121521,0.07363308246526504,4.952851320510014,0.07543103448275862,0.3778367582949224,5.009035881395543
frame_015,frame_012,15,12,40,-3,False,False,851,"television, television system",0.4567279714110234,0.7836673138722463,0.7872216701507568,0.21277832984924316,0.12140004331258113,4.818739796366948,0.11637931034482758,0.3644454200184146,3.1315310164545256
frame_015,frame_013,15,13,40,-2,True,False,840,"swab, swob, mop",0.9820650752035959,0.018097704795198233,0.9805395603179932,0.019460439682006836,0.06400828183312339,5.035915560688496,0.1724137931034483,0.609141115879494,3.533018472101065
frame_015,frame_014,15,14,40,-1,False,False,840,"swab, swob, mop",0.971877707708207,0.028525297552096873,0.9704321622848511,0.029567837715148926,0.04438328754385464,5.178569403832395,0.20043103448275862,0.5151005635264372,2.5699641018953425
frame_015,frame_016,15,16,40,1,False,False,840,"swab, swob, mop",0.37406171540007144,0.9833344807422963,0.6455262899398804,0.35447371006011963,0.052412532215778955,5.183641190350995,0.2607758620689655,0.5339641824113184,2.047598187097948
frame_015,frame_017,15,17,40,2,False,False,840,"swab, swob, mop",0.5217514797058515,0.6505638969850507,0.7173216938972473,0.2826783061027527,0.04498058944898798,5.212916853818433,0.24568965517241378,0.45371874382546584,1.8467148871492645
frame_015,frame_000,15,0,50,-15,False,False,407,ambulance,0.3191924116548509,1.1419611867001846,0.6593103408813477,0.34068965911865234,0.024562830361258906,5.434926865808418,0.09267241379310345,0.14411067759133903,1.5550547535437513
frame_015,frame_001,15,1,50,-14,False,False,407,ambulance,0.5577660519924591,0.5838156661778303,0.7282043695449829,0.2717956304550171,0.017649581834296216,5.477004299449434,0.09698275862068965,0.11022712716047386,1.1365641556102195
frame_015,frame_002,15,2,50,-13,False,False,555,"fire engine, fire truck",0.3060912473172303,1.1838720276335473,0.7100344300270081,0.28996556997299194,0.02850602927197439,5.43674940429683,0.09051724137931035,0.14095535157585232,1.5572210269332256
frame_015,frame_003,15,3,50,-12,False,False,407,ambulance,0.6485603210577703,0.433000263271091,0.8066418170928955,0.1933581829071045,0.025648331224087502,5.412840157702824,0.09482758620689655,0.17401062853999177,1.8350211736944588
frame_015,frame_004,15,4,50,-11,False,False,407,ambulance,0.6814976258981256,0.3834625114933996,0.836336076259613,0.16366392374038696,0.021572365941612996,5.481003847526454,0.08405172413793104,0.13272930609574987,1.5791384109853317
frame_015,frame_005,15,5,50,-10,False,False,407,ambulance,0.6837573846293366,0.3801521251151101,0.787960946559906,0.212039053440094,0.027337066605686935,5.420483326249471,0.09051724137931035,0.12343814568365913,1.3636976094575675
frame_015,frame_006,15,6,50,-9,False,False,407,ambulance,0.5117362782114989,0.6699458682609016,0.7303400039672852,0.26965999603271484,0.025094659965873282,5.424821290127032,0.08836206896551724,0.11636728326905971,1.3169370594352123
frame_015,frame_007,15,7,50,-8,False,False,407,ambulance,0.6706303712226347,0.3995371563503894,0.8059227466583252,0.1940772533416748,0.02297999379625889,5.45182391856462,0.09698275862068965,0.08856580554941153,0.9132118616650433
frame_015,frame_008,15,8,50,-7,False,False,407,ambulance,0.638003057983323,0.44941220257152514,0.799686849117279,0.20031315088272095,0.051894179974767474,5.369514896858596,0.09698275862068965,0.08255151215612135,0.8511978142320068
frame_015,frame_009,15,9,50,-6,False,False,747,"punching bag, punch bag, punching ball, punchball",0.7213100305668494,0.32668623333483326,0.8411332368850708,0.1588667631149292,0.047825731397183664,5.291085608380005,0.05387931034482758,0.1752548374226555,3.252729782564486
frame_015,frame_010,15,10,50,-5,False,False,830,stretcher,0.3501219318353653,1.0494738084952684,0.727358341217041,0.272641658782959,0.034577794426214545,5.289814245022068,0.07112068965517242,0.2286663558067401,3.2151875483129517
frame_015,frame_011,15,11,50,-4,False,True,851,"television, television system",0.3053022697905636,1.186452944645412,0.604576826095581,0.39542317390441895,0.050163955382718235,5.128913800130066,0.07543103448275862,0.16169469955388457,2.1436097312286413
frame_015,frame_012,15,12,50,-3,False,False,851,"television, television system",0.6091084005218297,0.4957590295391374,0.7750148177146912,0.22498518228530884,0.07620599831896557,5.151584153092788,0.11637931034482758,0.1731724170659343,1.4880000281221022
frame_015,frame_013,15,13,50,-2,False,False,840,"swab, swob, mop",0.9664691158263239,0.03410593549891772,0.9684638381004333,0.03153616189956665,0.05987748394338269,5.047023017737052,0.1724137931034483,0.3216637005874095,1.865649463406975
frame_015,frame_014,15,14,50,-1,True,False,840,"swab, swob, mop",0.9753093750589623,0.02500055056296624,0.973453164100647,0.026546835899353027,0.06620722175444892,5.0041275287644105,0.20043103448275862,0.19038757437233186,0.949890693642602
frame_015,frame_016,15,16,50,1,False,False,676,muzzle,0.17955051114870121,1.7172987114820104,0.6116704940795898,0.38832950592041016,0.02957233799686622,5.254541737251621,0.2607758620689655,0.24607687524156657,0.9436336372899743
frame_015,frame_017,15,17,50,2,False,False,747,"punching bag, punch bag, punching ball, punchball",0.4219005604192203,0.8629856315303268,0.6788387894630432,0.3211612105369568,0.109406128326999,4.8069527659652795,0.24568965517241378,0.18028535769183243,0.7337930348158794
frame_016,frame_000,16,0,5,-16,False,True,407,ambulance,0.12765539174514146,2.0584208976818354,0.4940916895866394,0.5059083104133606,0.01385909691342058,5.801945678908453,0.09267241379310345,0.1428981865059768,1.5419711288086797
frame_016,frame_001,16,1,5,-15,False,False,407,ambulance,0.20327061212613798,1.5932171230214092,0.5196596384048462,0.4803403615951538,0.012962536753727714,5.8300682862038204,0.09698275862068965,0.1392917764908326,1.4362529842610294
frame_016,frame_002,16,2,5,-14,False,False,444,"bicycle-built-for-two, tandem bicycle, tandem",0.13047112270662012,2.0366033586474583,0.5055670738220215,0.4944329261779785,0.009046515441061397,5.841302802904714,0.09051724137931035,0.13337109358783544,1.4734330339227535
frame_016,frame_003,16,3,5,-13,False,False,407,ambulance,0.2015017291431778,1.601957316276498,0.5359689593315125,0.46403104066848755,0.009181987459022585,5.820051073419045,0.09482758620689655,0.16063678313617433,1.6939878948905658
frame_016,frame_004,16,4,5,-12,False,False,444,"bicycle-built-for-two, tandem bicycle, tandem",0.3398919260795761,1.0791275763733843,0.595255434513092,0.40474456548690796,0.010092373973056191,5.792445595200622,0.08405172413793104,0.16468543029650112,1.9593343501942697
frame_016,frame_005,16,5,5,-11,False,False,407,ambulance,0.3168689413103473,1.149267024944618,0.5465472936630249,0.4534527063369751,0.008932970268331902,5.814173409113558,0.09051724137931035,0.15597804078339092,1.7231859743688902
frame_016,frame_006,16,6,5,-10,False,False,407,ambulance,0.20271394967644382,1.5959594085707431,0.4976463317871094,0.5023536682128906,0.009488986784230845,5.801680823029538,0.08836206896551724,0.16578345796685168,1.876183524307785
frame_016,frame_007,16,7,5,-9,False,False,874,"trolleybus, trolley coach, trackless trolley",0.2632530522172589,1.334639533667711,0.5545852184295654,0.44541478157043457,0.010215720232705623,5.800703337894043,0.09698275862068965,0.14759180087132395,1.521835457873207
frame_016,frame_008,16,8,5,-8,False,False,874,"trolleybus, trolley coach, trackless trolley",0.1794903114814786,1.7176340475440535,0.554192066192627,0.44580793380737305,0.008744946573750094,5.815544332400616,0.09698275862068965,0.12450574179971464,1.2837925376681687
frame_016,frame_009,16,9,5,-7,False,False,830,stretcher,0.31457938053398476,1.1565188323559372,0.6193962693214417,0.38060373067855835,0.026980988441422465,5.709511341938729,0.05387931034482758,0.20826583403322113,3.8654138796565842
frame_016,frame_010,16,10,5,-6,False,False,422,barbell,0.34195593866146956,1.0730733845425746,0.694621205329895,0.305378794670105,0.021604374111141595,5.660766195539226,0.07112068965517242,0.30534380340134765,4.293318932673494
frame_016,frame_011,16,11,5,-5,False,False,422,barbell,0.509989632325597,0.673364882243737,0.6411625742912292,0.35883742570877075,0.023583056148145855,5.7309577720948415,0.07543103448275862,0.22372372553845238,2.965937389995483
frame_016,frame_012,16,12,5,-4,False,False,830,stretcher,0.5374522823802008,0.6209152998882956,0.6933852434158325,0.3066147565841675,0.03858771497699394,5.689847136638095,0.11637931034482758,0.26123479834497315,2.244684193186436
frame_016,frame_013,16,13,5,-3,True,False,840,"swab, swob, mop",0.4476478204005407,0.8037484708950817,0.7306418418884277,0.26935815811157227,0.020067179672511756,5.74810913285958,0.1724137931034483,0.378436470369938,2.19493152814564
frame_016,frame_014,16,14,5,-2,False,False,840,"swab, swob, mop",0.4559376992611091,0.7853991032291106,0.6848056316375732,0.31519436836242676,0.013131586143856627,5.771921958154362,0.20043103448275862,0.3803755854389235,1.8977878671361346
frame_016,frame_015,16,15,5,-1,False,False,840,"swab, swob, mop",0.2264080950161345,1.4854161779206985,0.5471194982528687,0.45288050174713135,0.012855176786308023,5.909434161297154,0.23060344827586207,0.34096116557641987,1.4785605684809235
frame_016,frame_017,16,17,5,1,False,False,840,"swab, swob, mop",0.23468292413890846,1.4495199348908532,0.5953739881515503,0.4046260118484497,0.01597059479508356,5.790607648877458,0.24568965517241378,0.3671747434754265,1.4944656225666482
frame_016,frame_000,16,0,10,-16,False,False,919,street sign,0.2868455391920684,1.2488113990676613,0.6109731197357178,0.3890268802642822,0.0273616209818375,5.304756722131469,0.09267241379310345,0.14452290149946503,1.5595029371105062
frame_016,frame_001,16,1,10,-15,False,False,407,ambulance,0.2702000798540558,1.3085925579192361,0.643459677696228,0.356540322303772,0.032905407099512944,5.341971562574098,0.09698275862068965,0.13897108388985668,1.4329462872198555
frame_016,frame_002,16,2,10,-14,False,False,919,street sign,0.28107920389078356,1.2691187849846801,0.628880500793457,0.37111949920654297,0.02712762136932848,5.395947350148402,0.09051724137931035,0.12095878503297054,1.336306577507103
frame_016,frame_003,16,3,10,-13,False,False,444,"bicycle-built-for-two, tandem bicycle, tandem",0.2813081259210419,1.2683046768753152,0.6442954540252686,0.35570454597473145,0.021559473035556276,5.353688147557399,0.09482758620689655,0.16729857218407748,1.7642394884866353
frame_016,frame_004,16,4,10,-12,True,False,444,"bicycle-built-for-two, tandem bicycle, tandem",0.48501176146737496,0.7235821378904954,0.7588115334510803,0.24118846654891968,0.024107765303143097,5.411504758086321,0.08405172413793104,0.133244006702341,1.585262028458621
frame_016,frame_005,16,5,10,-11,False,False,407,ambulance,0.4275998530854368,0.8495674434107334,0.6723388433456421,0.3276611566543579,0.02445777455907045,5.361692864401756,0.09051724137931035,0.13620643427836418,1.504756797741928
frame_016,frame_006,16,6,10,-10,False,False,919,street sign,0.18339316334512576,1.6961229971439786,0.610528290271759,0.38947170972824097,0.029384999919748335,5.289996755741051,0.08836206896551724,0.12701874388370923,1.4374804185863679
frame_016,frame_007,16,7,10,-9,False,False,919,street sign,0.2778586737364168,1.280642662408864,0.646615743637085,0.35338425636291504,0.024363584646233852,5.368021243775829,0.09698275862068965,0.08904981513107425,0.9182025382404101
frame_016,frame_008,16,8,10,-8,False,False,627,"limousine, limo",0.37611691974842026,0.9778552271515677,0.6821677684783936,0.31783223152160645,0.047066428194658526,5.32866235917268,0.09698275862068965,0.1040624877632216,1.0729998738252184
frame_016,frame_009,16,9,10,-7,False,False,830,stretcher,0.36410097746096326,1.0103240392095623,0.6794382333755493,0.3205617666244507,0.032003373216506405,5.2559737433453435,0.05387931034482758,0.13301500777332761,2.4687585442729607
frame_016,frame_010,16,10,10,-6,False,False,830,stretcher,0.45085048887872664,0.7966195046878537,0.7192917466163635,0.2807082533836365,0.02510291663502964,5.345787332423263,0.07112068965517242,0.20768878918637862,2.9202302479539295
frame_016,frame_011,16,11,10,-5,False,False,422,barbell,0.5170589756917201,0.6595983380748459,0.6652567386627197,0.3347432613372803,0.052994403303805906,5.104608158994294,0.07543103448275862,0.22308788020800263,2.9575078976146636
frame_016,frame_012,16,12,10,-4,False,False,830,stretcher,0.2140669958691138,1.5414662481459045,0.5993518829345703,0.4006481170654297,0.027204033051883122,5.325427120275817,0.11637931034482758,0.24447339039542076,2.1006602433976895
frame_016,frame_013,16,13,10,-3,False,False,840,"swab, swob, mop",0.6066511152229971,0.4998014221557756,0.7311597466468811,0.2688402533531189,0.06500446880508304,5.20120115997809,0.1724137931034483,0.43525333510372166,2.5244693436015853
frame_016,frame_014,16,14,10,-2,False,False,840,"swab, swob, mop",0.4558095558027938,0.7856801974872996,0.6539525985717773,0.34604740142822266,0.039959743980034594,5.138019438004189,0.20043103448275862,0.3789326304728962,1.890588607950794
frame_016,frame_015,16,15,10,-1,False,True,877,turnstile,0.24470771542806255,1.4076907788791146,0.5671014189720154,0.4328985810279846,0.027481106684139094,5.446663748810074,0.23060344827586207,0.23756909929009587,1.030206187575743
frame_016,frame_017,16,17,10,1,False,False,877,turnstile,0.3009543852031714,1.2007965698927503,0.606727123260498,0.39327287673950195,0.07159888089088505,5.185042456743346,0.24568965517241378,0.24732360392440128,1.006650458078265
frame_016,frame_000,16,0,20,-16,False,False,919,street sign,0.6721204415489872,0.39731772602297877,0.8086676597595215,0.19133234024047852,0.01771236013687991,5.799017017042452,0.09267241379310345,0.12011572061208607,1.296132427069952
frame_016,frame_001,16,1,20,-15,False,False,919,street sign,0.5361603641088368,0.6233219758885538,0.7898116111755371,0.2101883888244629,0.01931273571750348,5.8082300158582125,0.09698275862068965,0.1220754409826031,1.2587334359095075
frame_016,frame_002,16,2,20,-14,False,False,444,"bicycle-built-for-two, tandem bicycle, tandem",0.4534349108640331,0.7909035459372267,0.7993285059928894,0.2006714940071106,0.019132129695992,5.779117997797712,0.09051724137931035,0.13411012010730156,1.4815975173759028
frame_016,frame_003,16,3,20,-13,False,False,444,"bicycle-built-for-two, tandem bicycle, tandem",0.6287915527859678,0.46395547182193053,0.8086832165718079,0.19131678342819214,0.020108647672903882,5.79487434215992,0.09482758620689655,0.14732076516215042,1.553564432619041
frame_016,frame_004,16,4,20,-12,False,False,444,"bicycle-built-for-two, tandem bicycle, tandem",0.822953748841286,0.19485527813298908,0.8942539691925049,0.10574603080749512,0.016992298926979555,5.816083247519396,0.08405172413793104,0.1136338234464286,1.3519511302344325
frame_016,frame_005,16,5,20,-11,False,False,444,"bicycle-built-for-two, tandem bicycle, tandem",0.6180475281979246,0.48118991801246347,0.788644015789032,0.21135598421096802,0.019962697915024422,5.750410878168976,0.09051724137931035,0.11617009116972218,1.2834029119702641
frame_016,frame_006,16,6,20,-10,False,False,919,street sign,0.5036988987757571,0.6857766125030091,0.7584443092346191,0.24155569076538086,0.028643854097472048,5.748237749638999,0.08836206896551724,0.11995805530556258,1.3575740893117327
frame_016,frame_007,16,7,20,-9,False,False,919,street sign,0.7336439325442594,0.3097314735949057,0.8525481820106506,0.14745181798934937,0.019953077707500256,5.786991004750468,0.09698275862068965,0.09917079233217406,1.0225610587139726
frame_016,frame_008,16,8,20,-8,False,False,444,"bicycle-built-for-two, tandem bicycle, tandem",0.2809816923974659,1.2694657633812914,0.7462445497512817,0.25375545024871826,0.030991218913322936,5.748840047900986,0.09698275862068965,0.1114011767569175,1.148669911449105
frame_016,frame_009,16,9,20,-7,False,False,747,"punching bag, punch bag, punching ball, punchball",0.691933987817344,0.36826472124223786,0.7937892079353333,0.20621079206466675,0.016792814945750394,5.729788597395613,0.05387931034482758,0.06671946013253698,1.2383131800598863
frame_016,frame_010,16,10,20,-6,False,False,830,stretcher,0.28912747588223325,1.2408875951045246,0.6615685224533081,0.3384314775466919,0.013913373647302555,5.733042554539471,0.07112068965517242,0.10252060295018992,1.441501811178428
frame_016,frame_011,16,11,20,-5,False,True,870,"tricycle, trike, velocipede",0.1504925520339754,1.8938416841641281,0.5171505212783813,0.48284947872161865,0.018313932982392894,5.712791412243417,0.07543103448275862,0.10796425870614387,1.4312976011328788
frame_016,frame_012,16,12,20,-4,False,False,840,"swab, swob, mop",0.5099532072876517,0.6734363078894616,0.7002151608467102,0.2997848391532898,0.013207418984789266,5.757355860675957,0.11637931034482758,0.1448893903588619,1.2449755023428133
frame_016,frame_013,16,13,20,-3,True,False,840,"swab, swob, mop",0.9561066039021816,0.04488586178962306,0.9557000398635864,0.044299960136413574,0.018070769180012998,5.721439173698412,0.1724137931034483,0.24642835130210608,1.4292844375522151
frame_016,frame_014,16,14,20,-2,False,False,840,"swab, swob, mop",0.9080013896688314,0.09650936990973369,0.9120940566062927,0.08790594339370728,0.021591778472265906,5.650529686207116,0.20043103448275862,0.23587881087563597,1.1768577230784418
frame_016,frame_015,16,15,20,-1,False,False,840,"swab, swob, mop",0.4753383105700843,0.7437284956857684,0.6377968788146973,0.36220312118530273,0.02198522570467295,5.702602870290227,0.23060344827586207,0.15301959210110969,0.6635615956534102
frame_016,frame_017,16,17,20,1,False,False,615,knee pad,0.5777160967402597,0.5486727130894851,0.7417512536048889,0.2582487463951111,0.03092278032931743,5.6886569826177915,0.24568965517241378,0.19417830871862576,0.7903397828547575
frame_016,frame_000,16,0,30,-16,False,False,627,"limousine, limo",0.6953991130629722,0.36326933484351187,0.8037136793136597,0.19628632068634033,0.029946695915814975,5.562514152392584,0.09267241379310345,0.05883827084980507,0.6349059924258035
frame_016,frame_001,16,1,30,-15,False,False,627,"limousine, limo",0.9366737176481107,0.06542027761259206,0.9459592700004578,0.054040729999542236,0.029297489885640206,5.586729931854691,0.09698275862068965,0.05269616825237445,0.5433560459800387
frame_016,frame_002,16,2,30,-14,False,False,627,"limousine, limo",0.4737252724261109,0.7471277193543546,0.7848544120788574,0.21514558792114258,0.03039323369139195,5.598334585593436,0.09051724137931035,0.06310250304607078,0.6971324146042105
frame_016,frame_003,16,3,30,-13,False,False,444,"bicycle-built-for-two, tandem bicycle, tandem",0.5843877839519032,0.5371905028971363,0.789193332195282,0.21080666780471802,0.02872047951614144,5.612493877341383,0.09482758620689655,0.0705787339207341,0.7442848304368325
frame_016,frame_004,16,4,30,-12,False,False,444,"bicycle-built-for-two, tandem bicycle, tandem",0.9099566798692678,0.09435828514363953,0.9289441108703613,0.07105588912963867,0.027259562171982787,5.6473668167401065,0.08405172413793104,0.05370958471040728,0.6390063411699738
frame_016,frame_005,16,5,30,-11,False,False,444,"bicycle-built-for-two, tandem bicycle, tandem",0.5563891497648626,0.5862873199050505,0.7820481061935425,0.21795189380645752,0.026634585015824826,5.6303672699588425,0.09051724137931035,0.0769260931533849,0.8498501719802523
frame_016,frame_006,16,6,30,-10,False,False,627,"limousine, limo",0.8182260906646271,0.20061658611376632,0.8708020448684692,0.12919795513153076,0.025081483748966474,5.6471876677321085,0.08836206896551724,0.05051582056448802,0.5716912376078644
frame_016,frame_007,16,7,30,-9,False,False,627,"limousine, limo",0.7175791973905493,0.3318719578013487,0.8227907419204712,0.1772092580795288,0.023281536957657726,5.6547326681636845,0.09698275862068965,0.05675407853437131,0.5851976097766286
frame_016,frame_008,16,8,30,-8,False,False,627,"limousine, limo",0.8712792378176564,0.13779275899970855,0.9134699106216431,0.08653008937835693,0.02501796951925374,5.6497686783737,0.09698275862068965,0.04822884848811896,0.4972930155219377
frame_016,frame_009,16,9,30,-7,False,False,747,"punching bag, punch bag, punching ball, punchball",0.47716687919442713,0.7398889977169395,0.734700083732605,0.265299916267395,0.02261452940226775,5.552948584350837,0.05387931034482758,0.02729799833917162,0.5066508491750252
frame_016,frame_010,16,10,30,-6,False,False,422,barbell,0.270282420541596,1.3082878646567644,0.6769339442253113,0.3230660557746887,0.023906318982397236,5.545681357052105,0.07112068965517242,0.039430068223474016,0.5544106562330892
frame_016,frame_011,16,11,30,-5,False,False,422,barbell,0.40007396788430755,0.9161058292589284,0.6686528325080872,0.33134716749191284,0.020843618124619274,5.587548665938214,0.07543103448275862,0.039085936452807994,0.5181678432600831
frame_016,frame_012,16,12,30,-4,False,False,851,"television, television system",0.4352126860689824,0.8319204338905726,0.7433435916900635,0.2566564083099365,0.015696965174317783,5.610343966647807,0.11637931034482758,0.05014689545475271,0.4308918424260233
frame_016,frame_013,16,13,30,-3,True,False,840,"swab, swob, mop",0.9735273648969754,0.026829344758098728,0.971435546875,0.028564453125,0.01870308455498182,5.585849924002788,0.1724137931034483,0.08896536099053984,0.515999093745131
frame_016,frame_014,16,14,30,-2,False,False,840,"swab, swob, mop",0.9304955343354399,0.07203800212097722,0.9299262762069702,0.07007372379302979,0.029675050558595564,5.3200901213594,0.20043103448275862,0.0910438017421317,0.45424004310052807
frame_016,frame_015,16,15,30,-1,False,False,840,"swab, swob, mop",0.49541247398307875,0.70236458262523,0.68141770362854,0.31858229637145996,0.020286880502786857,5.518024239695545,0.23060344827586207,0.10113590988790923,0.43857067465411104
frame_016,frame_017,16,17,30,1,False,True,840,"swab, swob, mop",0.4856867866369469,0.7221913347833917,0.6637557148933411,0.33624428510665894,0.021925425026616197,5.461113098687999,0.24568965517241378,0.14894009351931123,0.606212310464565
frame_016,frame_000,16,0,40,-16,False,True,731,"plunger, plumber's helper",0.18675734359137044,1.677945132629249,0.5954543352127075,0.4045456647872925,0.027221556408810636,5.244617830624669,0.09267241379310345,0.21811672629009593,2.3536316511303372
frame_016,frame_001,16,1,40,-15,False,False,627,"limousine, limo",0.3375997073434577,1.085894383134355,0.6687834858894348,0.3312165141105652,0.024525063424999667,5.340000294758822,0.09698275862068965,0.20021764605021455,2.064466394828879
frame_016,frame_002,16,2,40,-14,False,False,444,"bicycle-built-for-two, tandem bicycle, tandem",0.45221402695802365,0.7935997002517694,0.7103736996650696,0.2896263003349304,0.02686215191234232,5.368240207344931,0.09051724137931035,0.1627301992627466,1.7977812489979623
frame_016,frame_003,16,3,40,-13,False,False,444,"bicycle-built-for-two, tandem bicycle, tandem",0.6355021013583393,0.4533398817360035,0.7810079455375671,0.21899205446243286,0.02512505234057766,5.300861055240341,0.09482758620689655,0.21578989999691056,2.2756025817856025
frame_016,frame_004,16,4,40,-12,False,False,444,"bicycle-built-for-two, tandem bicycle, tandem",0.8588106614994799,0.15220679863971143,0.9034790992736816,0.09652090072631836,0.02450819713699335,5.262070978978274,0.08405172413793104,0.2237095175427798,2.661569644611534
frame_016,frame_005,16,5,40,-11,False,False,444,"bicycle-built-for-two, tandem bicycle, tandem",0.39598369841760167,0.9263822341871005,0.7029745578765869,0.2970254421234131,0.02372523748587714,5.362800006922869,0.09051724137931035,0.20341449960536417,2.2472459004021186
frame_016,frame_006,16,6,40,-10,False,False,450,"bobsled, bobsleigh, bob",0.1875023307302466,1.673964003087615,0.6136934757232666,0.3863065242767334,0.02057603744571629,5.2689134976946,0.08836206896551724,0.22174977651358335,2.509558446397626
frame_016,frame_007,16,7,40,-9,False,False,407,ambulance,0.23891891771393933,1.431631041038139,0.6372805833816528,0.36271941661834717,0.0254751331506433,5.320080437685992,0.09698275862068965,0.17799558943513275,1.8353322999533688
frame_016,frame_008,16,8,40,-8,False,False,627,"limousine, limo",0.3545754593506762,1.0368340943057917,0.6981737613677979,0.30182623863220215,0.03373709674085317,5.333800123908088,0.09698275862068965,0.16293034505212736,1.6799928912041577
frame_016,frame_009,16,9,40,-7,False,False,747,"punching bag, punch bag, punching ball, punchball",0.3329668061459505,1.0997124752135905,0.7336350083351135,0.2663649916648865,0.06433714251302443,5.005890685413884,0.05387931034482758,0.33542376557614534,6.225465089093258
frame_016,frame_010,16,10,40,-6,False,False,830,stretcher,0.39632558290525793,0.9255192264780288,0.7325524687767029,0.2674475312232971,0.04941443200091361,4.951769565706152,0.07112068965517242,0.4649252418052552,6.537130672655709
frame_016,frame_011,16,11,40,-5,False,False,851,"television, television system",0.45641720859050283,0.784347956642583,0.665413498878479,0.334586501121521,0.07090350798020036,4.9889278463554305,0.07543103448275862,0.39471350101931924,5.232773270656118
frame_016,frame_012,16,12,40,-4,False,False,851,"television, television system",0.4567279714110234,0.7836673138722463,0.7872216701507568,0.21277832984924316,0.11872339133390396,4.843326211614277,0.11637931034482758,0.37846775148487427,3.252019197944105
frame_016,frame_013,16,13,40,-3,True,False,840,"swab, swob, mop",0.9820650752035959,0.018097704795198233,0.9805395603179932,0.019460439682006836,0.061829886493124146,5.052674434967501,0.1724137931034483,0.6156911055872442,3.571008412406016
frame_016,frame_014,16,14,40,-2,False,False,840,"swab, swob, mop",0.971877707708207,0.028525297552096873,0.9704321622848511,0.029567837715148926,0.03759991768560954,5.209386193244822,0.20043103448275862,0.5327178423690819,2.6578610630027315
frame_016,frame_015,16,15,40,-1,False,False,840,"swab, swob, mop",0.542236148523198,0.6120536740491858,0.7133426070213318,0.2866573929786682,0.03977175047073816,5.397259569942496,0.23060344827586207,0.45549320956918155,1.9752228900943947
frame_016,frame_017,16,17,40,1,False,False,840,"swab, swob, mop",0.5217514797058515,0.6505638969850507,0.7173216938972473,0.2826783061027527,0.03339762219132166,5.249333154667664,0.24568965517241378,0.4785127968520598,1.9476310328013662
frame_016,frame_000,16,0,50,-16,False,False,407,ambulance,0.3191924116548509,1.1419611867001846,0.6593103408813477,0.34068965911865234,0.023896451791933407,5.40149553248001,0.09267241379310345,0.16043346831853597,1.7311890534837369
frame_016,frame_001,16,1,50,-15,False,False,407,ambulance,0.5577660519924591,0.5838156661778303,0.7282043695449829,0.2717956304550171,0.022010579356075574,5.447224977309366,0.09698275862068965,0.12521377475788661,1.2910931441702087
frame_016,frame_002,16,2,50,-14,False,False,555,"fire engine, fire truck",0.3060912473172303,1.1838720276335473,0.7100344300270081,0.28996556997299194,0.03245368634331463,5.389836002240392,0.09051724137931035,0.1553084619701068,1.7157887227173705
frame_016,frame_003,16,3,50,-13,False,False,407,ambulance,0.6485603210577703,0.433000263271091,0.8066418170928955,0.1933581829071045,0.031210036997032533,5.357091908552986,0.09482758620689655,0.20854406941167472,2.1991920047049334
frame_016,frame_004,16,4,50,-12,False,False,407,ambulance,0.6814976258981256,0.3834625114933996,0.836336076259613,0.16366392374038696,0.025405046997288287,5.436483525311926,0.08405172413793104,0.15950744368832004,1.8977295864456538
frame_016,frame_005,16,5,50,-11,False,False,407,ambulance,0.6837573846293366,0.3801521251151101,0.787960946559906,0.212039053440094,0.02993412719955438,5.387317819814625,0.09051724137931035,0.1591655629948223,1.758400505466608
frame_016,frame_006,16,6,50,-10,False,False,407,ambulance,0.5117362782114989,0.6699458682609016,0.7303400039672852,0.26965999603271484,0.02301201212807599,5.387407198677909,0.08836206896551724,0.1493454977553505,1.6901539258166496
frame_016,frame_007,16,7,50,-9,False,False,407,ambulance,0.6706303712226347,0.3995371563503894,0.8059227466583252,0.1940772533416748,0.024804519334829304,5.4043726154261265,0.09698275862068965,0.11802169969388643,1.216934859065851
frame_016,frame_008,16,8,50,-8,False,False,407,ambulance,0.638003057983323,0.44941220257152514,0.799686849117279,0.20031315088272095,0.0662105814414518,5.292235068733314,0.09698275862068965,0.09950548239120192,1.026012085100393
frame_016,frame_009,16,9,50,-7,False,False,747,"punching bag, punch bag, punching ball, punchball",0.7213100305668494,0.32668623333483326,0.8411332368850708,0.1588667631149292,0.045093376564321684,5.304098728229439,0.05387931034482758,0.18937686423569589,3.514834600214516
frame_016,frame_010,16,10,50,-6,False,False,830,stretcher,0.3501219318353653,1.0494738084952684,0.727358341217041,0.272641658782959,0.03304703522491116,5.316980022853344,0.07112068965517242,0.2490976683941198,3.5024641859051995
frame_016,frame_011,16,11,50,-5,False,True,851,"television, television system",0.3053022697905636,1.186452944645412,0.604576826095581,0.39542317390441895,0.043023832365706796,5.170001110745113,0.07543103448275862,0.17759988868578164,2.354467095720077
frame_016,frame_012,16,12,50,-4,False,False,851,"television, television system",0.6091084005218297,0.4957590295391374,0.7750148177146912,0.22498518228530884,0.07196490374124537,5.161313454831681,0.11637931034482758,0.18873711441621893,1.6217411312801036
frame_016,frame_013,16,13,50,-3,False,False,840,"swab, swob, mop",0.9664691158263239,0.03410593549891772,0.9684638381004333,0.03153616189956665,0.05810947043963427,5.064216902053283,0.1724137931034483,0.34012067436937465,1.9726999113423729
frame_016,frame_014,16,14,50,-2,True,False,840,"swab, swob, mop",0.9753093750589623,0.02500055056296624,0.973453164100647,0.026546835899353027,0.06276904057664819,5.056019877832577,0.20043103448275862,0.20852884520584392,1.040401980381845
frame_016,frame_015,16,15,50,-1,False,False,840,"swab, swob, mop",0.3536583192767337,1.0394240317368588,0.6716881394386292,0.32831186056137085,0.026428256019694354,5.394881870793644,0.23060344827586207,0.1780739478124405,0.772208521354882
frame_016,frame_017,16,17,50,1,False,False,747,"punching bag, punch bag, punching ball, punchball",0.4219005604192203,0.8629856315303268,0.6788387894630432,0.3211612105369568,0.09971944207583129,4.856948898005362,0.24568965517241378,0.19891052302179593,0.8096007252816958
frame_017,frame_000,17,0,5,-17,False,True,407,ambulance,0.12765539174514146,2.0584208976818354,0.4940916895866394,0.5059083104133606,0.014581178064712737,5.8130530405387955,0.09267241379310345,0.13622772168774686,1.4699921596073149
frame_017,frame_001,17,1,5,-16,False,False,407,ambulance,0.20327061212613798,1.5932171230214092,0.5196596384048462,0.4803403615951538,0.01316239320000551,5.842115161200324,0.09698275862068965,0.12861234682737951,1.3261361983978688
frame_017,frame_002,17,2,5,-15,False,False,444,"bicycle-built-for-two, tandem bicycle, tandem",0.13047112270662012,2.0366033586474583,0.5055670738220215,0.4944329261779785,0.008658817028363845,5.855338456182607,0.09051724137931035,0.12388148069418102,1.3685954057642855
frame_017,frame_003,17,3,5,-14,False,False,407,ambulance,0.2015017291431778,1.601957316276498,0.5359689593315125,0.46403104066848755,0.009681848782776713,5.831742511962241,0.09482758620689655,0.15047777833912776,1.5868565715762564
frame_017,frame_004,17,4,5,-13,False,False,444,"bicycle-built-for-two, tandem bicycle, tandem",0.3398919260795761,1.0791275763733843,0.595255434513092,0.40474456548690796,0.009949367554923537,5.811738477537265,0.08405172413793104,0.15278073983691598,1.8176990585725388
frame_017,frame_005,17,5,5,-12,False,False,407,ambulance,0.3168689413103473,1.149267024944618,0.5465472936630249,0.4534527063369751,0.009435795283255092,5.831914978314045,0.09051724137931035,0.14481843637845002,1.5998989161809716
frame_017,frame_006,17,6,5,-11,False,False,407,ambulance,0.20271394967644382,1.5959594085707431,0.4976463317871094,0.5023536682128906,0.008480904559629404,5.820643723194326,0.08836206896551724,0.15504294207931016,1.754632320117071
frame_017,frame_007,17,7,5,-10,False,False,874,"trolleybus, trolley coach, trackless trolley",0.2632530522172589,1.334639533667711,0.5545852184295654,0.44541478157043457,0.011120832399937728,5.821266206509599,0.09698275862068965,0.13786408289587707,1.4215318769708214
frame_017,frame_008,17,8,5,-9,False,False,874,"trolleybus, trolley coach, trackless trolley",0.1794903114814786,1.7176340475440535,0.554192066192627,0.44580793380737305,0.01031697439650411,5.830447962872586,0.09698275862068965,0.11496799697391587,1.1854477910199326
frame_017,frame_009,17,9,5,-8,False,False,830,stretcher,0.31457938053398476,1.1565188323559372,0.6193962693214417,0.38060373067855835,0.024543121621567226,5.739293994087504,0.05387931034482758,0.18774927160787833,3.484626481042222
frame_017,frame_010,17,10,5,-7,False,False,422,barbell,0.34195593866146956,1.0730733845425746,0.694621205329895,0.305378794670105,0.019277839333179836,5.711624368908415,0.07112068965517242,0.27489126567076916,3.8651377960980873
frame_017,frame_011,17,11,5,-6,False,False,422,barbell,0.509989632325597,0.673364882243737,0.6411625742912292,0.35883742570877075,0.02099341720651614,5.7546856795485475,0.07543103448275862,0.19882791632702415,2.635890090735406
frame_017,frame_012,17,12,5,-5,False,False,830,stretcher,0.5374522823802008,0.6209152998882956,0.6933852434158325,0.3066147565841675,0.03510788755230961,5.722285310900332,0.11637931034482758,0.2362526553751007,2.030022816556421
frame_017,frame_013,17,13,5,-4,True,False,840,"swab, swob, mop",0.4476478204005407,0.8037484708950817,0.7306418418884277,0.26935815811157227,0.018021455132693872,5.764074444230136,0.1724137931034483,0.3506046592247169,2.0335070235033577
frame_017,frame_014,17,14,5,-3,False,False,840,"swab, swob, mop",0.4559376992611091,0.7853991032291106,0.6848056316375732,0.31519436836242676,0.01402603572493119,5.784720352790442,0.20043103448275862,0.352941020309704,1.760910036814007
frame_017,frame_015,17,15,5,-2,False,False,840,"swab, swob, mop",0.2264080950161345,1.4854161779206985,0.5471194982528687,0.45288050174713135,0.011907402501205982,5.915630411157742,0.23060344827586207,0.3143225281443444,1.363043486532484
frame_017,frame_016,17,16,5,-1,False,False,722,ping-pong ball,0.12988428275302502,2.041111357598929,0.5228743553161621,0.4771256446838379,0.014545126821295372,5.844277490807926,0.2607758620689655,0.3820250679524961,1.4649556324789932
frame_017,frame_000,17,0,10,-17,False,False,919,street sign,0.2868455391920684,1.2488113990676613,0.6109731197357178,0.3890268802642822,0.02764260433625048,5.368820727369317,0.09267241379310345,0.13528784782578124,1.4598502649107556
frame_017,frame_001,17,1,10,-16,False,False,407,ambulance,0.2702000798540558,1.3085925579192361,0.643459677696228,0.356540322303772,0.02550110227816029,5.409251279003705,0.09698275862068965,0.1276808331860898,1.3165312577410149
frame_017,frame_002,17,2,10,-15,False,False,919,street sign,0.28107920389078356,1.2691187849846801,0.628880500793457,0.37111949920654297,0.02809484328570142,5.448217499906115,0.09051724137931035,0.11488878985783868,1.2692475831913606
frame_017,frame_003,17,3,10,-14,False,False,444,"bicycle-built-for-two, tandem bicycle, tandem",0.2813081259210419,1.2683046768753152,0.6442954540252686,0.35570454597473145,0.02120931225967426,5.427059774672962,0.09482758620689655,0.15326156446205483,1.616212861599851
frame_017,frame_004,17,4,10,-13,True,False,444,"bicycle-built-for-two, tandem bicycle, tandem",0.48501176146737496,0.7235821378904954,0.7588115334510803,0.24118846654891968,0.02178602313257111,5.464871007536965,0.08405172413793104,0.1216106794482385,1.4468552631790426
frame_017,frame_005,17,5,10,-12,False,False,407,ambulance,0.4275998530854368,0.8495674434107334,0.6723388433456421,0.3276611566543579,0.02159255717430152,5.4413265521589125,0.09051724137931035,0.1184870409703216,1.3089996907197434
frame_017,frame_006,17,6,10,-11,False,False,919,street sign,0.18339316334512576,1.6961229971439786,0.610528290271759,0.38947170972824097,0.025097050602131667,5.377708829032846,0.08836206896551724,0.10559279085720814,1.1950013404327946
frame_017,frame_007,17,7,10,-10,False,False,919,street sign,0.2778586737364168,1.280642662408864,0.646615743637085,0.35338425636291504,0.02165258244536759,5.434148754559702,0.09698275862068965,0.07583501794732889,0.7819432961680134
frame_017,frame_008,17,8,10,-9,False,False,627,"limousine, limo",0.37611691974842026,0.9778552271515677,0.6821677684783936,0.31783223152160645,0.03680794725969781,5.414590218665651,0.09698275862068965,0.08784804975475469,0.9058110019156927
frame_017,frame_009,17,9,10,-8,False,False,830,stretcher,0.36410097746096326,1.0103240392095623,0.6794382333755493,0.3205617666244507,0.02968279645328801,5.327530119500841,0.05387931034482758,0.1305579033426553,2.4231546860396826
frame_017,frame_010,17,10,10,-7,False,False,830,stretcher,0.45085048887872664,0.7966195046878537,0.7192917466163635,0.2807082533836365,0.022536275858697875,5.412047109756704,0.07112068965517242,0.18832738522157969,2.6479971740246353
frame_017,frame_011,17,11,10,-6,False,False,422,barbell,0.5170589756917201,0.6595983380748459,0.6652567386627197,0.3347432613372803,0.045067950983620854,5.17532030607801,0.07543103448275862,0.2047955960866161,2.7150044738339965
frame_017,frame_012,17,12,10,-5,False,False,830,stretcher,0.2140669958691138,1.5414662481459045,0.5993518829345703,0.4006481170654297,0.024892926147096175,5.370882321282256,0.11637931034482758,0.22513188255977448,1.9344665464395439
frame_017,frame_013,17,13,10,-4,False,False,840,"swab, swob, mop",0.6066511152229971,0.4998014221557756,0.7311597466468811,0.2688402533531189,0.05090780546637434,5.295608107440006,0.1724137931034483,0.3880345076453684,2.2506001443431365
frame_017,frame_014,17,14,10,-3,False,False,840,"swab, swob, mop",0.4558095558027938,0.7856801974872996,0.6539525985717773,0.34604740142822266,0.031702816008147124,5.161523833197113,0.20043103448275862,0.34600885386076397,1.726323743993489
frame_017,frame_015,17,15,10,-2,False,True,877,turnstile,0.24470771542806255,1.4076907788791146,0.5671014189720154,0.4328985810279846,0.03697817011387045,5.401163813558543,0.23060344827586207,0.2176830105241772,0.9439711858244694
frame_017,frame_016,17,16,10,-1,False,False,877,turnstile,0.17739879358409408,1.7293550096704013,0.5775529742240906,0.4224470257759094,0.03843324287235196,5.287298082846088,0.2607758620689655,0.2381683723588546,0.9133068163182523
frame_017,frame_000,17,0,20,-17,False,False,919,street sign,0.6721204415489872,0.39731772602297877,0.8086676597595215,0.19133234024047852,0.014440445186963627,5.856000649802793,0.09267241379310345,0.10811265112950415,1.1666109331183703
frame_017,frame_001,17,1,20,-16,False,False,919,street sign,0.5361603641088368,0.6233219758885538,0.7898116111755371,0.2101883888244629,0.0152117417151486,5.866993935365762,0.09698275862068965,0.10484480220943934,1.0810664050039969
frame_017,frame_002,17,2,20,-15,False,False,444,"bicycle-built-for-two, tandem bicycle, tandem",0.4534349108640331,0.7909035459372267,0.7993285059928894,0.2006714940071106,0.015459498332514332,5.8380696992606556,0.09051724137931035,0.11684788236530215,1.2908908908928618
frame_017,frame_003,17,3,20,-14,False,False,444,"bicycle-built-for-two, tandem bicycle, tandem",0.6287915527859678,0.46395547182193053,0.8086832165718079,0.19131678342819214,0.014802074916638697,5.855997923141405,0.09482758620689655,0.12036179393696977,1.2692698269716813
frame_017,frame_004,17,4,20,-13,False,False,444,"bicycle-built-for-two, tandem bicycle, tandem",0.822953748841286,0.19485527813298908,0.8942539691925049,0.10574603080749512,0.013977486772017603,5.87448558805131,0.08405172413793104,0.09463645903923934,1.125931204979668
frame_017,frame_005,17,5,20,-12,False,False,444,"bicycle-built-for-two, tandem bicycle, tandem",0.6180475281979246,0.48118991801246347,0.788644015789032,0.21135598421096802,0.017221083946515784,5.8364683374375,0.09051724137931035,0.08955643362838532,0.9893853619897807
frame_017,frame_006,17,6,20,-11,False,False,919,street sign,0.5036988987757571,0.6857766125030091,0.7584443092346191,0.24155569076538086,0.016292642841119757,5.840427341400339,0.08836206896551724,0.0795468402666335,0.9002374117979987
frame_017,frame_007,17,7,20,-10,False,False,919,street sign,0.7336439325442594,0.3097314735949057,0.8525481820106506,0.14745181798934937,0.01624003615569798,5.849976539605857,0.09698275862068965,0.0746120695378817,0.7693333392350469
frame_017,frame_008,17,8,20,-9,False,False,444,"bicycle-built-for-two, tandem bicycle, tandem",0.2809816923974659,1.2694657633812914,0.7462445497512817,0.25375545024871826,0.020238010423642344,5.837390898645449,0.09698275862068965,0.08983692838698684,0.9263185504791532
frame_017,frame_009,17,9,20,-8,False,False,747,"punching bag, punch bag, punching ball, punchball",0.691933987817344,0.36826472124223786,0.7937892079353333,0.20621079206466675,0.014703370725740338,5.8002019201816655,0.05387931034482758,0.06274899083452404,1.1646212698887661
frame_017,frame_010,17,10,20,-7,False,False,830,stretcher,0.28912747588223325,1.2408875951045246,0.6615685224533081,0.3384314775466919,0.012559607758701213,5.787761536489157,0.07112068965517242,0.09193969336416756,1.2927278097264772
frame_017,frame_011,17,11,20,-6,False,True,870,"tricycle, trike, velocipede",0.1504925520339754,1.8938416841641281,0.5171505212783813,0.48284947872161865,0.014167429052509927,5.73883635483213,0.07543103448275862,0.09742853853671503,1.2916240537438792
frame_017,frame_012,17,12,20,-5,False,False,840,"swab, swob, mop",0.5099532072876517,0.6734363078894616,0.7002151608467102,0.2997848391532898,0.012081176890020704,5.77478266929775,0.11637931034482758,0.13937965418904652,1.1976325841429183
frame_017,frame_013,17,13,20,-4,True,False,840,"swab, swob, mop",0.9561066039021816,0.04488586178962306,0.9557000398635864,0.044299960136413574,0.012341596993204655,5.76193651538042,0.1724137931034483,0.23173168955897083,1.3440437994420307
frame_017,frame_014,17,14,20,-3,False,False,840,"swab, swob, mop",0.9080013896688314,0.09650936990973369,0.9120940566062927,0.08790594339370728,0.018011968640270368,5.7015728070853395,0.20043103448275862,0.23071395100161837,1.1510889598360314
frame_017,frame_015,17,15,20,-2,False,False,840,"swab, swob, mop",0.4753383105700843,0.7437284956857684,0.6377968788146973,0.36220312118530273,0.026005842378676796,5.727405294390554,0.23060344827586207,0.1628586594107691,0.7062282052952977
frame_017,frame_016,17,16,20,-1,False,False,840,"swab, swob, mop",0.3055924217076649,1.1855030200742618,0.5811821222305298,0.4188178777694702,0.015790967099424364,5.778601074311072,0.2607758620689655,0.19225338341020837,0.7372361148953445
frame_017,frame_000,17,0,30,-17,False,False,627,"limousine, limo",0.6953991130629722,0.36326933484351187,0.8037136793136597,0.19628632068634033,0.03482613367608394,5.482014849594811,0.09267241379310345,0.0517977226292334,0.5589335651154488
frame_017,frame_001,17,1,30,-16,False,False,627,"limousine, limo",0.9366737176481107,0.06542027761259206,0.9459592700004578,0.054040729999542236,0.028174297351888384,5.514699573411388,0.09698275862068965,0.04445774683391628,0.45840876735415903
frame_017,frame_002,17,2,30,-15,False,False,627,"limousine, limo",0.4737252724261109,0.7471277193543546,0.7848544120788574,0.21514558792114258,0.027619723309477134,5.525613283382423,0.09051724137931035,0.05308425725405374,0.5864546515685937
frame_017,frame_003,17,3,30,-14,False,False,444,"bicycle-built-for-two, tandem bicycle, tandem",0.5843877839519032,0.5371905028971363,0.789193332195282,0.21080666780471802,0.025985896845455495,5.539300988062906,0.09482758620689655,0.056186666877291284,0.5925139416150718
frame_017,frame_004,17,4,30,-13,False,False,444,"bicycle-built-for-two, tandem bicycle, tandem",0.9099566798692678,0.09435828514363953,0.9289441108703613,0.07105588912963867,0.024348210239924926,5.572493488011114,0.08405172413793104,0.04084554141468535,0.4859572106772821
frame_017,frame_005,17,5,30,-12,False,False,444,"bicycle-built-for-two, tandem bicycle, tandem",0.5563891497648626,0.5862873199050505,0.7820481061935425,0.21795189380645752,0.02237536960224485,5.565116161170707,0.09051724137931035,0.05558107633156806,0.6140385575677995
frame_017,frame_006,17,6,30,-11,False,False,627,"limousine, limo",0.8182260906646271,0.20061658611376632,0.8708020448684692,0.12919795513153076,0.021617360441622085,5.575482668283775,0.08836206896551724,0.036348250611606694,0.41135581179964653
frame_017,frame_007,17,7,30,-10,False,False,627,"limousine, limo",0.7175791973905493,0.3318719578013487,0.8227907419204712,0.1772092580795288,0.02127961466941412,5.580004478687699,0.09698275862068965,0.04166782859436509,0.42964161039523113
frame_017,frame_008,17,8,30,-9,False,False,627,"limousine, limo",0.8712792378176564,0.13779275899970855,0.9134699106216431,0.08653008937835693,0.02075650332062932,5.578443740299102,0.09698275862068965,0.03737383563570548,0.3853657718881632
frame_017,frame_009,17,9,30,-8,False,False,747,"punching bag, punch bag, punching ball, punchball",0.47716687919442713,0.7398889977169395,0.734700083732605,0.265299916267395,0.025723147993591718,5.454179458869184,0.05387931034482758,0.024077805890616182,0.44688407732983637
frame_017,frame_010,17,10,30,-7,False,False,422,barbell,0.270282420541596,1.3082878646567644,0.6769339442253113,0.3230660557746887,0.028872722855847927,5.45112176368858,0.07112068965517242,0.03375470760093523,0.4746116462676953
frame_017,frame_011,17,11,30,-6,False,False,422,barbell,0.40007396788430755,0.9161058292589284,0.6686528325080872,0.33134716749191284,0.01967869889310701,5.493493318257728,0.07543103448275862,0.0365082114535731,0.4839945746987977
frame_017,frame_012,17,12,30,-5,False,False,851,"television, television system",0.4352126860689824,0.8319204338905726,0.7433435916900635,0.2566564083099365,0.018504580395998678,5.522660059757358,0.11637931034482758,0.04692870638050215,0.4032392548250555
frame_017,frame_013,17,13,30,-4,True,False,840,"swab, swob, mop",0.9735273648969754,0.026829344758098728,0.971435546875,0.028564453125,0.02366201222106073,5.51541369888191,0.1724137931034483,0.08707750238094607,0.5050495138094871
frame_017,frame_014,17,14,30,-3,False,False,840,"swab, swob, mop",0.9304955343354399,0.07203800212097722,0.9299262762069702,0.07007372379302979,0.04044337931690562,5.23078572261976,0.20043103448275862,0.08906101039739693,0.4443474067138944
frame_017,frame_015,17,15,30,-2,False,False,840,"swab, swob, mop",0.49541247398307875,0.70236458262523,0.68141770362854,0.31858229637145996,0.02345009525597945,5.453371698586811,0.23060344827586207,0.10154295497666652,0.4403358047586286
frame_017,frame_016,17,16,30,-1,False,True,840,"swab, swob, mop",0.3889763418596011,0.9442367550548131,0.6266717910766602,0.37332820892333984,0.02520282900173478,5.540705498826157,0.2607758620689655,0.15231860563549038,0.584097793511302
frame_017,frame_000,17,0,40,-17,False,True,731,"plunger, plumber's helper",0.18675734359137044,1.677945132629249,0.5954543352127075,0.4045456647872925,0.023904737110584714,5.3243872187691785,0.09267241379310345,0.19689413317861174,2.1246250649971126
frame_017,frame_001,17,1,40,-16,False,False,627,"limousine, limo",0.3375997073434577,1.085894383134355,0.6687834858894348,0.3312165141105652,0.022106740667764704,5.396813720257343,0.09698275862068965,0.19117430960874376,1.9712195479657135
frame_017,frame_002,17,2,40,-15,False,False,444,"bicycle-built-for-two, tandem bicycle, tandem",0.45221402695802365,0.7935997002517694,0.7103736996650696,0.2896263003349304,0.023438079113194097,5.428477227228262,0.09051724137931035,0.15861819098349222,1.7523533480081046
frame_017,frame_003,17,3,40,-14,False,False,444,"bicycle-built-for-two, tandem bicycle, tandem",0.6355021013583393,0.4533398817360035,0.7810079455375671,0.21899205446243286,0.02299882658673098,5.37434824941756,0.09482758620689655,0.19932833670530084,2.102007914346809
frame_017,frame_004,17,4,40,-13,False,False,444,"bicycle-built-for-two, tandem bicycle, tandem",0.8588106614994799,0.15220679863971143,0.9034790992736816,0.09652090072631836,0.022741403573538384,5.343270139392889,0.08405172413793104,0.20464888823817565,2.434797029295218
frame_017,frame_005,17,5,40,-12,False,False,444,"bicycle-built-for-two, tandem bicycle, tandem",0.39598369841760167,0.9263822341871005,0.7029745578765869,0.2970254421234131,0.022093230914747648,5.422556110557338,0.09051724137931035,0.1839561948613166,2.0322779622774023
frame_017,frame_006,17,6,40,-11,False,False,450,"bobsled, bobsleigh, bob",0.1875023307302466,1.673964003087615,0.6136934757232666,0.3863065242767334,0.017677752740294792,5.357968164171999,0.08836206896551724,0.1936129741306337,2.191132195039367
frame_017,frame_007,17,7,40,-10,False,False,407,ambulance,0.23891891771393933,1.431631041038139,0.6372805833816528,0.36271941661834717,0.022790371842598467,5.394453869526522,0.09698275862068965,0.1581591543463106,1.6307966137041803
frame_017,frame_008,17,8,40,-9,False,False,627,"limousine, limo",0.3545754593506762,1.0368340943057917,0.6981737613677979,0.30182623863220215,0.026872492902647645,5.406191401255846,0.09698275862068965,0.15007752649062692,1.5474660509255753
frame_017,frame_009,17,9,40,-8,False,False,747,"punching bag, punch bag, punching ball, punchball",0.3329668061459505,1.0997124752135905,0.7336350083351135,0.2663649916648865,0.05365890275882088,5.135279673168467,0.05387931034482758,0.3008420352679986,5.583628174574054
frame_017,frame_010,17,10,40,-7,False,False,830,stretcher,0.39632558290525793,0.9255192264780288,0.7325524687767029,0.2674475312232971,0.04157792432447208,5.0827072071034225,0.07112068965517242,0.4271277800835072,6.005675453295374
frame_017,frame_011,17,11,40,-6,False,False,851,"television, television system",0.45641720859050283,0.784347956642583,0.665413498878479,0.334586501121521,0.05562911216186059,5.1206534080353325,0.07543103448275862,0.3587255231781003,4.755675507275387
frame_017,frame_012,17,12,40,-5,False,False,851,"television, television system",0.4567279714110234,0.7836673138722463,0.7872216701507568,0.21277832984924316,0.0976820963729921,4.987645902589498,0.11637931034482758,0.3525488269022501,3.029308438567482
frame_017,frame_013,17,13,40,-4,True,False,840,"swab, swob, mop",0.9820650752035959,0.018097704795198233,0.9805395603179932,0.019460439682006836,0.056885816864256006,5.161723546450619,0.1724137931034483,0.5855442032679998,3.396156378954399
frame_017,frame_014,17,14,40,-3,False,False,840,"swab, swob, mop",0.971877707708207,0.028525297552096873,0.9704321622848511,0.029567837715148926,0.03308703401334599,5.294917639224148,0.20043103448275862,0.5133750260062354,2.5613549684612176
frame_017,frame_015,17,15,40,-2,False,False,840,"swab, swob, mop",0.542236148523198,0.6120536740491858,0.7133426070213318,0.2866573929786682,0.04290607964617895,5.437497706232008,0.23060344827586207,0.4520582652233369,1.9603274305011993
frame_017,frame_016,17,16,40,-1,False,False,840,"swab, swob, mop",0.37406171540007144,0.9833344807422963,0.6455262899398804,0.35447371006011963,0.0494194705313334,5.273568792102324,0.2607758620689655,0.5404778220774203,2.0725761111068017
frame_017,frame_000,17,0,50,-17,False,False,407,ambulance,0.3191924116548509,1.1419611867001846,0.6593103408813477,0.34068965911865234,0.019582860172079858,5.488156696849403,0.09267241379310345,0.1422778220751538,1.535276963787706
frame_017,frame_001,17,1,50,-16,False,False,407,ambulance,0.5577660519924591,0.5838156661778303,0.7282043695449829,0.2717956304550171,0.01761200847119866,5.525434977649908,0.09698275862068965,0.11148209787758946,1.1495042981155892
frame_017,frame_002,17,2,50,-15,False,False,555,"fire engine, fire truck",0.3060912473172303,1.1838720276335473,0.7100344300270081,0.28996556997299194,0.030048316168676082,5.47491655250403,0.09051724137931035,0.14249598686966314,1.5742413787505642
frame_017,frame_003,17,3,50,-14,False,False,407,ambulance,0.6485603210577703,0.433000263271091,0.8066418170928955,0.1933581829071045,0.024787470229124295,5.446210134001294,0.09482758620689655,0.17628111732018154,1.8589645099219145
frame_017,frame_004,17,4,50,-13,False,False,407,ambulance,0.6814976258981256,0.3834625114933996,0.836336076259613,0.16366392374038696,0.02099979656001903,5.51992808155612,0.08405172413793104,0.13658499532246696,1.6250112264006324
frame_017,frame_005,17,5,50,-12,False,False,407,ambulance,0.6837573846293366,0.3801521251151101,0.787960946559906,0.212039053440094,0.021851785614967173,5.489726437715066,0.09051724137931035,0.1257845283398995,1.3896195511836515
frame_017,frame_006,17,6,50,-11,False,False,407,ambulance,0.5117362782114989,0.6699458682609016,0.7303400039672852,0.26965999603271484,0.020670425099931854,5.484195482993153,0.08836206896551724,0.12197030438965707,1.380346859434168
frame_017,frame_007,17,7,50,-10,False,False,407,ambulance,0.6706303712226347,0.3995371563503894,0.8059227466583252,0.1940772533416748,0.019883573078523363,5.50867630164801,0.09698275862068965,0.09502879320116975,0.9798524454520614
frame_017,frame_008,17,8,50,-9,False,False,407,ambulance,0.638003057983323,0.44941220257152514,0.799686849117279,0.20031315088272095,0.03928060157382797,5.44733519133136,0.09698275862068965,0.08978748834278069,0.9258087686900054
frame_017,frame_009,17,9,50,-8,False,False,747,"punching bag, punch bag, punching ball, punchball",0.7213100305668494,0.32668623333483326,0.8411332368850708,0.1588667631149292,0.038805480225020124,5.3970279661826766,0.05387931034482758,0.16569394040528937,3.075279533922171
frame_017,frame_010,17,10,50,-7,False,False,830,stretcher,0.3501219318353653,1.0494738084952684,0.727358341217041,0.272641658782959,0.028374880421941705,5.380781462191026,0.07112068965517242,0.22542803043085136,3.1696547309065157
frame_017,frame_011,17,11,50,-6,False,True,851,"television, television system",0.3053022697905636,1.186452944645412,0.604576826095581,0.39542317390441895,0.046394608127312525,5.229120529655878,0.07543103448275862,0.16134011790268052,2.1389089916241075
frame_017,frame_012,17,12,50,-5,False,False,851,"television, television system",0.6091084005218297,0.4957590295391374,0.7750148177146912,0.22498518228530884,0.05842126141083651,5.252983995897118,0.11637931034482758,0.17694451141634318,1.5204120980959859
frame_017,frame_013,17,13,50,-4,False,False,840,"swab, swob, mop",0.9664691158263239,0.03410593549891772,0.9684638381004333,0.03153616189956665,0.042763944013582376,5.201455791581443,0.1724137931034483,0.3321969617889723,1.9267423783760391
frame_017,frame_014,17,14,50,-3,True,False,840,"swab, swob, mop",0.9753093750589623,0.02500055056296624,0.973453164100647,0.026546835899353027,0.04939426758749257,5.184901252109947,0.20043103448275862,0.22641585464828065,1.1296446941591638
frame_017,frame_015,17,15,50,-2,False,False,840,"swab, swob, mop",0.3536583192767337,1.0394240317368588,0.6716881394386292,0.32831186056137085,0.02118083295679021,5.435351668201034,0.23060344827586207,0.18625599040820853,0.8076895284991473
frame_017,frame_016,17,16,50,-1,False,False,676,muzzle,0.17955051114870121,1.7172987114820104,0.6116704940795898,0.38832950592041016,0.022954931858361304,5.354033859649622,0.2607758620689655,0.26614517988972014,1.0205897807341333
