source_frame,target_frame,source_index,target_index,tick,gap,row_max_certainty,row_min_certainty,target_pred_label,target_pred_name,target_pred_confidence,target_self_nll_loss,target_certainty_score,target_uncertainty_score,attention_peak,attention_entropy
frame_000,frame_001,0,1,5,1,True,False,456,bow,0.47302165265640733,0.7486141142516787,0.6509323120117188,0.34906768798828125,0.0324199509516751,5.019514033764257
frame_000,frame_002,0,2,5,2,False,False,456,bow,0.34248961790837107,1.0715139344155844,0.6339419484138489,0.3660580515861511,0.03618981284738918,5.037488999935418
frame_000,frame_003,0,3,5,3,False,False,876,"tub, vat",0.2894853052241593,1.239650742413994,0.6179662942886353,0.38203370571136475,0.029807332264119,5.061047854194936
frame_000,frame_004,0,4,5,4,False,False,703,park bench,0.12447271003198798,2.0836687836346623,0.50589919090271,0.49410080909729004,0.027050973464517934,5.040949282927773
frame_000,frame_005,0,5,5,5,False,False,703,park bench,0.1708068641234378,1.767221810358853,0.5286301374435425,0.4713698625564575,0.026521522920467284,5.062156653641682
frame_000,frame_006,0,6,5,6,False,False,703,park bench,0.22499785877332026,1.4916643933860207,0.5607644319534302,0.4392355680465698,0.024112967704269437,5.136429461185411
frame_000,frame_007,0,7,5,7,False,False,703,park bench,0.19880804362746432,1.6154155246754456,0.5988924503326416,0.4011075496673584,0.025734054318234598,5.130419631842157
frame_000,frame_008,0,8,5,8,False,False,416,"balance beam, beam",0.2845190384197903,1.2569551087802369,0.645402193069458,0.354597806930542,0.03001819202653787,5.101104812682586
frame_000,frame_009,0,9,5,9,False,False,981,"ballplayer, baseball player",0.20703415377156717,1.5748715052612499,0.5838593244552612,0.41614067554473877,0.02817419379769236,5.07932172873686
frame_000,frame_010,0,10,5,10,False,False,416,"balance beam, beam",0.16186603212131184,1.8209862480857568,0.5364500284194946,0.46354997158050537,0.027805782630956146,5.052847469095417
frame_000,frame_011,0,11,5,11,False,False,416,"balance beam, beam",0.13344365491278773,2.014075950812837,0.5108722448348999,0.4891277551651001,0.029077394343299097,5.007807818143004
frame_000,frame_012,0,12,5,12,False,False,345,ox,0.19142987764407085,1.6532337116019704,0.5002516508102417,0.4997483491897583,0.030714888408018316,4.992064375850409
frame_000,frame_013,0,13,5,13,False,True,690,oxcart,0.15665107543315565,1.8537343964102106,0.4997352957725525,0.5002647042274475,0.0325649378363357,4.989800820740553
frame_000,frame_014,0,14,5,14,False,False,690,oxcart,0.16305512448976886,1.81366694829393,0.5505906939506531,0.4494093060493469,0.032624594957877104,5.008350322445625
frame_000,frame_015,0,15,5,15,False,False,416,"balance beam, beam",0.22170583446314748,1.5064038457772089,0.5605427026748657,0.4394572973251343,0.030411510298464322,5.045036159703897
frame_000,frame_016,0,16,5,16,False,False,981,"ballplayer, baseball player",0.22552440060475004,1.4893269192203746,0.5261799097061157,0.4738200902938843,0.02883123804908951,5.001067781023028
frame_000,frame_017,0,17,5,17,False,False,981,"ballplayer, baseball player",0.36507083837026255,1.0076638665035444,0.6252011060714722,0.37479889392852783,0.028421107145154736,5.053525605949799
frame_000,frame_018,0,18,5,18,False,False,981,"ballplayer, baseball player",0.2817875012678983,1.266602033702402,0.609499454498291,0.390500545501709,0.030452511965821022,5.02974128284481
frame_000,frame_019,0,19,5,19,False,False,981,"ballplayer, baseball player",0.15543259279802593,1.8615431281748402,0.5086660981178284,0.49133390188217163,0.028275861493678146,5.025333834945387
frame_000,frame_001,0,1,10,1,False,False,690,oxcart,0.36043536457358255,1.0204426321641424,0.7167479395866394,0.2832520604133606,0.07309245348475085,4.580043900467196
frame_000,frame_002,0,2,10,2,False,False,690,oxcart,0.48120132604231425,0.7314695391865027,0.7570929527282715,0.24290704727172852,0.08090101269546181,4.627800412607884
frame_000,frame_003,0,3,10,3,False,False,690,oxcart,0.5536868978859183,0.5911559182724151,0.7869836688041687,0.2130163311958313,0.08751160849197545,4.639135618119091
frame_000,frame_004,0,4,10,4,False,False,703,park bench,0.39546477187635276,0.9276935681149259,0.7133579850196838,0.28664201498031616,0.049937687219338556,4.689095317006728
frame_000,frame_005,0,5,10,5,False,False,703,park bench,0.6270799992971713,0.46668115590260273,0.76422119140625,0.23577880859375,0.048564169938377165,4.775761589701361
frame_000,frame_006,0,6,10,6,False,False,703,park bench,0.7883311436414076,0.23783704434996422,0.8523095846176147,0.14769041538238525,0.04081243927684435,4.766056891198161
frame_000,frame_007,0,7,10,7,True,False,703,park bench,0.7395081918570741,0.301769919330672,0.87115478515625,0.12884521484375,0.05180782835840625,4.70868229075961
frame_000,frame_008,0,8,10,8,False,False,416,"balance beam, beam",0.720351137407092,0.3280164950113815,0.8428562879562378,0.1571437120437622,0.05383913159862823,4.683555837364526
frame_000,frame_009,0,9,10,9,False,False,703,park bench,0.490875779716257,0.7115641776640239,0.7742506265640259,0.22574937343597412,0.05104444152168902,4.752943768480824
frame_000,frame_010,0,10,10,10,False,False,703,park bench,0.42539440696669284,0.8547385240064921,0.6992111802101135,0.3007888197898865,0.07108385161492135,4.681012934394553
frame_000,frame_011,0,11,10,11,False,False,690,oxcart,0.23235334948826275,1.4594960078534722,0.6690607070922852,0.33093929290771484,0.056093022930068806,4.686021208178234
frame_000,frame_012,0,12,10,12,False,False,690,oxcart,0.4837669694199472,0.7261519563491123,0.7841253280639648,0.21587467193603516,0.04460385802369753,4.627523995073938
frame_000,frame_013,0,13,10,13,False,False,690,oxcart,0.5600950417845953,0.5796487921808313,0.8534557819366455,0.1465442180633545,0.055792881651185476,4.510717662084268
frame_000,frame_014,0,14,10,14,False,False,690,oxcart,0.7243847242460452,0.3224326406523659,0.8649649024009705,0.13503509759902954,0.03937053333508547,4.711010642491819
frame_000,frame_015,0,15,10,15,False,False,416,"balance beam, beam",0.40240629916464027,0.9102930063314554,0.7076969146728516,0.29230308532714844,0.05117448022590103,4.708001120645661
frame_000,frame_016,0,16,10,16,False,True,690,oxcart,0.1968575610437108,1.6252748521511713,0.5906793475151062,0.4093206524848938,0.05653078451418406,4.5779245078461
frame_000,frame_017,0,17,10,17,False,False,416,"balance beam, beam",0.5031906537165381,0.6867861474636735,0.759023129940033,0.24097687005996704,0.04933734538346941,4.592474115757988
frame_000,frame_018,0,18,10,18,False,False,416,"balance beam, beam",0.7453845880096326,0.2938549682848457,0.8499241471290588,0.15007585287094116,0.05809383864254264,4.445218392939616
frame_000,frame_019,0,19,10,19,False,False,416,"balance beam, beam",0.3812720147632116,0.9642422090864048,0.6765185594558716,0.3234814405441284,0.07592353275355244,4.5030558320516985
frame_000,frame_001,0,1,20,1,True,False,427,"barrel, cask",0.9226520650348795,0.08050307650588806,0.9323467016220093,0.06765329837799072,0.027955231795522426,5.199530995076769
frame_000,frame_002,0,2,20,2,False,False,427,"barrel, cask",0.9275325115483121,0.07522743223260764,0.9323031306266785,0.06769686937332153,0.030125867966915874,5.179120245136078
frame_000,frame_003,0,3,20,3,False,False,427,"barrel, cask",0.6477663516166937,0.43422521614306797,0.7525835037231445,0.24741649627685547,0.034945364955681284,5.2110912037797075
frame_000,frame_004,0,4,20,4,False,False,427,"barrel, cask",0.6734745306327188,0.39530510027926646,0.7407971620559692,0.25920283794403076,0.030913356197672225,5.2432150347338755
frame_000,frame_005,0,5,20,5,False,False,427,"barrel, cask",0.3503245719229348,1.0488952058692702,0.5841547250747681,0.41584527492523193,0.02680404118633453,5.2426726304344164
frame_000,frame_006,0,6,20,6,False,False,703,park bench,0.1421939244334909,1.9505634880286338,0.5318683385848999,0.4681316614151001,0.02378108343207777,5.237968516412979
frame_000,frame_007,0,7,20,7,False,False,703,park bench,0.3152200492584619,1.1544843149678234,0.5959129333496094,0.4040870666503906,0.02431103532364538,5.20681858855777
frame_000,frame_008,0,8,20,8,False,False,830,stretcher,0.3415922932660227,1.0741373780188734,0.5705919861793518,0.4294080138206482,0.02683221378466838,5.162444589467647
frame_000,frame_009,0,9,20,9,False,False,830,stretcher,0.21735227110603952,1.5262358725288214,0.536159873008728,0.463840126991272,0.02388885391166451,5.198612020286054
frame_000,frame_010,0,10,20,10,False,False,830,stretcher,0.19433218300851957,1.638186300655938,0.5399535894393921,0.4600464105606079,0.03315025963582594,5.191733019269384
frame_000,frame_011,0,11,20,11,False,False,830,stretcher,0.20984301991346926,1.5613955520217893,0.5314674973487854,0.4685325026512146,0.028895525784869678,5.137850316918257
frame_000,frame_012,0,12,20,12,False,False,690,oxcart,0.37735284050914936,0.9745746127609762,0.6293631792068481,0.37063682079315186,0.03162854867433924,5.115445228228694
frame_000,frame_013,0,13,20,13,False,False,690,oxcart,0.3725944640656689,0.987264678505086,0.5941082239151001,0.4058917760848999,0.03624433592152135,5.0473286547355505
frame_000,frame_014,0,14,20,14,False,False,690,oxcart,0.6223968934328593,0.4741772974015246,0.7349047064781189,0.2650952935218811,0.029343588583720333,5.077494582306626
frame_000,frame_015,0,15,20,15,False,False,830,stretcher,0.2252910860128961,1.4903619972938245,0.5289996266365051,0.4710003733634949,0.02825593078782616,5.130227354829133
frame_000,frame_016,0,16,20,16,False,False,267,standard poodle,0.28539678164675575,1.2538748506436423,0.5607526302337646,0.43924736976623535,0.03229752589812091,5.038292114910534
frame_000,frame_017,0,17,20,17,False,False,981,"ballplayer, baseball player",0.20170281151320996,1.600959895035282,0.5408183336257935,0.45918166637420654,0.029183928127095884,5.033846466783987
frame_000,frame_018,0,18,20,18,False,False,981,"ballplayer, baseball player",0.4398558393094884,0.8213082436878452,0.641482949256897,0.358517050743103,0.03755051667153553,4.991915192803093
frame_000,frame_019,0,19,20,19,False,True,249,"malamute, malemute, Alaskan malamute",0.11542748678663599,2.1591127662109346,0.46729743480682373,0.5327025651931763,0.048665172512780665,4.970121652811791
frame_000,frame_001,0,1,30,1,False,False,427,"barrel, cask",0.965317349870361,0.035298371736452505,0.9677907824516296,0.03220921754837036,0.028555860953087202,5.143006060352669
frame_000,frame_002,0,2,30,2,True,False,427,"barrel, cask",0.9727020487545943,0.027677462853594736,0.9727835059165955,0.02721649408340454,0.029017395823872104,5.136860141581424
frame_000,frame_003,0,3,30,3,False,False,427,"barrel, cask",0.6939780721403112,0.36531491531411664,0.791993260383606,0.20800673961639404,0.03050971188592347,5.149836982157641
frame_000,frame_004,0,4,30,4,False,False,427,"barrel, cask",0.6422693386885417,0.44274753260305033,0.7517197728157043,0.24828022718429565,0.03176175385758976,5.17844168549413
frame_000,frame_005,0,5,30,5,False,False,427,"barrel, cask",0.32735099955959934,1.1167222906107743,0.6224814653396606,0.37751853466033936,0.04275612234373871,5.14614156776599
frame_000,frame_006,0,6,30,6,False,False,703,park bench,0.5401526027666304,0.6159035816310481,0.7071157097816467,0.29288429021835327,0.04419406009724215,5.186936924849846
frame_000,frame_007,0,7,30,7,False,False,703,park bench,0.7990845027565503,0.22428857816162928,0.8602330684661865,0.13976693153381348,0.04381753071772261,5.161350638283764
frame_000,frame_008,0,8,30,8,False,False,703,park bench,0.47096688438309137,0.7529674966029356,0.7220920324325562,0.27790796756744385,0.03734916489325209,5.148568087140161
frame_000,frame_009,0,9,30,9,False,False,703,park bench,0.3445164572737345,1.0656134181927115,0.6360412240028381,0.36395877599716187,0.031029699487778697,5.117960277336929
frame_000,frame_010,0,10,30,10,False,False,176,"Saluki, gazelle hound",0.281424477931012,1.267891151834002,0.6502265334129333,0.34977346658706665,0.03561168918306878,5.036802189370044
frame_000,frame_011,0,11,30,11,False,False,176,"Saluki, gazelle hound",0.3823971122758231,0.9612956494133647,0.6414053440093994,0.3585946559906006,0.03900719082925429,5.1062033042735395
frame_000,frame_012,0,12,30,12,False,False,176,"Saluki, gazelle hound",0.6698543906749088,0.40069491756701847,0.8023284673690796,0.1976715326309204,0.041802010986166996,5.085411189559218
frame_000,frame_013,0,13,30,13,False,False,690,oxcart,0.24579292959325683,1.4032658471408244,0.6328157186508179,0.36718428134918213,0.033532924561425606,5.117312233193646
frame_000,frame_014,0,14,30,14,False,False,690,oxcart,0.4490198782689784,0.8006881199058897,0.7439985871315002,0.25600141286849976,0.04394947040351489,5.115585570898379
frame_000,frame_015,0,15,30,15,False,True,703,park bench,0.2243111806174123,1.4947209919866786,0.5595017671585083,0.4404982328414917,0.03895828873000577,5.083666564226061
frame_000,frame_016,0,16,30,16,False,False,267,standard poodle,0.18456334728101964,1.689762528734617,0.5606030225753784,0.4393969774246216,0.04078015651233754,5.0836882752037
frame_000,frame_017,0,17,30,17,False,False,703,park bench,0.3271551318097337,1.1173208113772732,0.612591028213501,0.387408971786499,0.03284481192554326,5.111651502792078
frame_000,frame_018,0,18,30,18,False,False,981,"ballplayer, baseball player",0.34507627048911826,1.0639898125025047,0.6872057914733887,0.31279420852661133,0.059266545294530106,5.088039316509914
frame_000,frame_019,0,19,30,19,False,False,176,"Saluki, gazelle hound",0.5443214211241456,0.6082153589532657,0.6933525204658508,0.30664747953414917,0.06429886129183954,5.0787696810483975
frame_000,frame_001,0,1,40,1,False,False,427,"barrel, cask",0.9646765251657854,0.035962440919690974,0.9700115323066711,0.029988467693328857,0.09033790301077982,3.7257108374237204
frame_000,frame_002,0,2,40,2,True,False,427,"barrel, cask",0.9834961835913146,0.01664152159642951,0.9839980602264404,0.01600193977355957,0.08498570458176982,3.7696759585425497
frame_000,frame_003,0,3,40,3,False,False,427,"barrel, cask",0.7909713755103226,0.23449349959326637,0.8539729714393616,0.14602702856063843,0.08439021484880853,3.8217083565438026
frame_000,frame_004,0,4,40,4,False,False,427,"barrel, cask",0.8676305686517489,0.14198926707270942,0.890394389629364,0.10960561037063599,0.07116102386211746,3.905228011851796
frame_000,frame_005,0,5,40,5,False,False,427,"barrel, cask",0.4269151663273401,0.8511699591982111,0.6990329027175903,0.30096709728240967,0.08629213253165964,3.9602142816031796
frame_000,frame_006,0,6,40,6,False,False,703,park bench,0.6192450100444903,0.4792542687081296,0.7874075770378113,0.21259242296218872,0.06512220194793096,3.9649625840843434
frame_000,frame_007,0,7,40,7,False,False,703,park bench,0.9129815552287893,0.09103960096934527,0.9291031956672668,0.07089680433273315,0.08379724546950981,3.9459539518192184
frame_000,frame_008,0,8,40,8,False,False,703,park bench,0.6998718311893983,0.35685805900413214,0.7908145189285278,0.20918548107147217,0.07726488765272618,3.946647884974917
frame_000,frame_009,0,9,40,9,False,False,703,park bench,0.5638385913804654,0.5729872539385905,0.7622135281562805,0.23778647184371948,0.08053831054285354,4.010528834559107
frame_000,frame_010,0,10,40,10,False,False,703,park bench,0.38892711902894495,0.944363307598147,0.739278256893158,0.26072174310684204,0.07538471556601763,3.9225830982320375
frame_000,frame_011,0,11,40,11,False,False,222,kuvasz,0.2703176342018784,1.308157588457111,0.6376515626907349,0.36234843730926514,0.07171049853037272,3.9206083313418563
frame_000,frame_012,0,12,40,12,False,False,690,oxcart,0.421658590279765,0.8635593201587799,0.6900156736373901,0.30998432636260986,0.07515689567517209,3.960175025022608
frame_000,frame_013,0,13,40,13,False,False,690,oxcart,0.39483270157266154,0.9292931441219272,0.6700178384780884,0.3299821615219116,0.0759671110536923,3.8750384442654617
frame_000,frame_014,0,14,40,14,False,False,690,oxcart,0.7238691531487176,0.32314463062478005,0.8083404302597046,0.1916595697402954,0.06700943325210516,3.8663754747764956
frame_000,frame_015,0,15,40,15,False,False,843,swing,0.351927220507864,1.04433088468266,0.6886241436004639,0.31137585639953613,0.11041221379678366,3.786482891346707
frame_000,frame_016,0,16,40,16,False,False,222,kuvasz,0.35978977039320925,1.0222353892395075,0.6288051605224609,0.37119483947753906,0.08766008089032032,3.78069130014622
frame_000,frame_017,0,17,40,17,False,False,843,swing,0.465463319442676,0.7647219835594958,0.7372304201126099,0.26276957988739014,0.07716469282493021,3.8298625759856075
frame_000,frame_018,0,18,40,18,False,False,703,park bench,0.34773259659803724,1.05632149515906,0.7380357980728149,0.26196420192718506,0.08150583773035337,3.7858139492639515
frame_000,frame_019,0,19,40,19,False,True,981,"ballplayer, baseball player",0.23748308377089847,1.4376588842719453,0.6011539697647095,0.3988460302352905,0.14191148019209357,3.765868128368922
frame_000,frame_001,0,1,50,1,False,False,427,"barrel, cask",0.9447233653215501,0.056863129453150946,0.9593470096588135,0.04065299034118652,0.06772498167372289,4.4651333031599805
frame_000,frame_002,0,2,50,2,True,False,427,"barrel, cask",0.9619071580828116,0.038837342243176365,0.9688401222229004,0.03115987777709961,0.06454393309135203,4.449896698233361
frame_000,frame_003,0,3,50,3,False,False,427,"barrel, cask",0.5904406334883159,0.5268861844050421,0.7975770831108093,0.20242291688919067,0.0531467757604562,4.4957377000934216
frame_000,frame_004,0,4,50,4,False,False,427,"barrel, cask",0.6555910333947852,0.4222181091511037,0.7877044677734375,0.2122955322265625,0.06911320266585907,4.379541535278565
frame_000,frame_005,0,5,50,5,False,False,703,park bench,0.2513912086280829,1.3807449530950286,0.6522414684295654,0.34775853157043457,0.1355708287969206,4.258776360369728
frame_000,frame_006,0,6,50,6,False,False,703,park bench,0.7032774514778305,0.35200379721180397,0.8025108575820923,0.19748914241790771,0.08921614241136858,4.346555863642876
frame_000,frame_007,0,7,50,7,False,False,703,park bench,0.9541331939073247,0.04695200102423547,0.9567227959632874,0.043277204036712646,0.07604509529051297,4.455080836050712
frame_000,frame_008,0,8,50,8,False,False,703,park bench,0.7722811333204355,0.25840663291619936,0.8384786248207092,0.16152137517929077,0.0753481380206397,4.37420559458244
frame_000,frame_009,0,9,50,9,False,False,703,park bench,0.7165143125825502,0.3333570562224937,0.8198736310005188,0.1801263689994812,0.0853345091814931,4.391185761750887
frame_000,frame_010,0,10,50,10,False,False,427,"barrel, cask",0.42567100101679517,0.8540885291712046,0.789038896560669,0.21096110343933105,0.10959020423557861,4.266412756388563
frame_000,frame_011,0,11,50,11,False,True,427,"barrel, cask",0.22399450373154114,1.496133764340895,0.634406328201294,0.36559367179870605,0.09844566715150253,4.219367515293129
frame_000,frame_012,0,12,50,12,False,False,690,oxcart,0.4809484035543464,0.731995283747902,0.7106359004974365,0.2893640995025635,0.12984244375828755,4.152237671435206
frame_000,frame_013,0,13,50,13,False,False,690,oxcart,0.41621973373445087,0.8765419520801778,0.6644651889801025,0.33553481101989746,0.14353500126034122,4.157673234042781
frame_000,frame_014,0,14,50,14,False,False,690,oxcart,0.7023813674851971,0.35327876394189506,0.8174905776977539,0.1825094223022461,0.15039515751027063,4.181853782607775
frame_000,frame_015,0,15,50,15,False,False,222,kuvasz,0.37394624614705874,0.9836432187768249,0.6630699634552002,0.3369300365447998,0.050799749302343336,4.484413657987332
frame_000,frame_016,0,16,50,16,False,False,222,kuvasz,0.3826220880176469,0.9607074922841763,0.6751923561096191,0.32480764389038086,0.07525310538133513,4.230042578580549
frame_000,frame_017,0,17,50,17,False,False,981,"ballplayer, baseball player",0.3503223073078416,1.0489016702243124,0.6588466763496399,0.3411533236503601,0.0697140567092607,4.351626184711066
frame_000,frame_018,0,18,50,18,False,False,981,"ballplayer, baseball player",0.6193099274988259,0.47914944097311807,0.775102436542511,0.224897563457489,0.07035570365369505,4.289678468076835
frame_000,frame_019,0,19,50,19,False,False,981,"ballplayer, baseball player",0.5930573633686697,0.5224641504829792,0.74164879322052,0.25835120677948,0.057244408376895754,4.314295630229678
frame_001,frame_000,1,0,5,-1,False,False,456,bow,0.43312333593265034,0.8367327510478888,0.6391266584396362,0.36087334156036377,0.032654412046734714,4.978433962574604
frame_001,frame_002,1,2,5,1,False,False,456,bow,0.34248961790837107,1.0715139344155844,0.6339419484138489,0.3660580515861511,0.0343795944712208,5.040460389442311
frame_001,frame_003,1,3,5,2,False,False,876,"tub, vat",0.2894853052241593,1.239650742413994,0.6179662942886353,0.38203370571136475,0.027844493642490135,5.063062524243431
frame_001,frame_004,1,4,5,3,False,False,703,park bench,0.12447271003198798,2.0836687836346623,0.50589919090271,0.49410080909729004,0.026631488856132108,5.040096742452258
frame_001,frame_005,1,5,5,4,False,False,703,park bench,0.1708068641234378,1.767221810358853,0.5286301374435425,0.4713698625564575,0.026136603041614824,5.062439843427299
frame_001,frame_006,1,6,5,5,False,False,703,park bench,0.22499785877332026,1.4916643933860207,0.5607644319534302,0.4392355680465698,0.023535868062322697,5.1325063071498205
frame_001,frame_007,1,7,5,6,False,False,703,park bench,0.19880804362746432,1.6154155246754456,0.5988924503326416,0.4011075496673584,0.02584313816058728,5.125474242644698
frame_001,frame_008,1,8,5,7,True,False,416,"balance beam, beam",0.2845190384197903,1.2569551087802369,0.645402193069458,0.354597806930542,0.030095297373604793,5.100796495041327
frame_001,frame_009,1,9,5,8,False,False,981,"ballplayer, baseball player",0.20703415377156717,1.5748715052612499,0.5838593244552612,0.41614067554473877,0.025932114936124,5.0834041222905615
frame_001,frame_010,1,10,5,9,False,False,416,"balance beam, beam",0.16186603212131184,1.8209862480857568,0.5364500284194946,0.46354997158050537,0.027373451860064995,5.053408324453595
frame_001,frame_011,1,11,5,10,False,False,416,"balance beam, beam",0.13344365491278773,2.014075950812837,0.5108722448348999,0.4891277551651001,0.028062299227814037,5.010364729130616
frame_001,frame_012,1,12,5,11,False,False,345,ox,0.19142987764407085,1.6532337116019704,0.5002516508102417,0.4997483491897583,0.02871292415900925,4.9984781165956
frame_001,frame_013,1,13,5,12,False,True,690,oxcart,0.15665107543315565,1.8537343964102106,0.4997352957725525,0.5002647042274475,0.03233550503543759,4.9946058304728975
frame_001,frame_014,1,14,5,13,False,False,690,oxcart,0.16305512448976886,1.81366694829393,0.5505906939506531,0.4494093060493469,0.031096978406175445,5.012496238681732
frame_001,frame_015,1,15,5,14,False,False,416,"balance beam, beam",0.22170583446314748,1.5064038457772089,0.5605427026748657,0.4394572973251343,0.028111444519435504,5.046948426552835
frame_001,frame_016,1,16,5,15,False,False,981,"ballplayer, baseball player",0.22552440060475004,1.4893269192203746,0.5261799097061157,0.4738200902938843,0.027041403519587493,5.002947735942289
frame_001,frame_017,1,17,5,16,False,False,981,"ballplayer, baseball player",0.36507083837026255,1.0076638665035444,0.6252011060714722,0.37479889392852783,0.026815814711916495,5.052778958923216
frame_001,frame_018,1,18,5,17,False,False,981,"ballplayer, baseball player",0.2817875012678983,1.266602033702402,0.609499454498291,0.390500545501709,0.03007484952077154,5.03354049438251
frame_001,frame_019,1,19,5,18,False,False,981,"ballplayer, baseball player",0.15543259279802593,1.8615431281748402,0.5086660981178284,0.49133390188217163,0.026446560329289322,5.027944641039769
frame_001,frame_000,1,0,10,-1,False,False,427,"barrel, cask",0.5555055482723771,0.5878766820632633,0.75243079662323,0.24756920337677002,0.07658853331994814,4.5147115423092945
frame_001,frame_002,1,2,10,1,False,False,690,oxcart,0.48120132604231425,0.7314695391865027,0.7570929527282715,0.24290704727172852,0.08338155620447708,4.611194136075028
frame_001,frame_003,1,3,10,2,False,False,690,oxcart,0.5536868978859183,0.5911559182724151,0.7869836688041687,0.2130163311958313,0.09116091575361641,4.618250894684018
frame_001,frame_004,1,4,10,3,False,False,703,park bench,0.39546477187635276,0.9276935681149259,0.7133579850196838,0.28664201498031616,0.052677258297272295,4.658840493460567
frame_001,frame_005,1,5,10,4,False,False,703,park bench,0.6270799992971713,0.46668115590260273,0.76422119140625,0.23577880859375,0.04735217645988568,4.750410640438404
frame_001,frame_006,1,6,10,5,False,False,703,park bench,0.7883311436414076,0.23783704434996422,0.8523095846176147,0.14769041538238525,0.040850878455703954,4.745478757358475
frame_001,frame_007,1,7,10,6,True,False,703,park bench,0.7395081918570741,0.301769919330672,0.87115478515625,0.12884521484375,0.05000286164882965,4.683611019507426
frame_001,frame_008,1,8,10,7,False,False,416,"balance beam, beam",0.720351137407092,0.3280164950113815,0.8428562879562378,0.1571437120437622,0.05691057747167427,4.645347583309448
frame_001,frame_009,1,9,10,8,False,False,703,park bench,0.490875779716257,0.7115641776640239,0.7742506265640259,0.22574937343597412,0.050932545917415556,4.710404018330927
frame_001,frame_010,1,10,10,9,False,False,703,park bench,0.42539440696669284,0.8547385240064921,0.6992111802101135,0.3007888197898865,0.07165675639503535,4.651301307940496
frame_001,frame_011,1,11,10,10,False,False,690,oxcart,0.23235334948826275,1.4594960078534722,0.6690607070922852,0.33093929290771484,0.05641417269619917,4.651334506168242
frame_001,frame_012,1,12,10,11,False,False,690,oxcart,0.4837669694199472,0.7261519563491123,0.7841253280639648,0.21587467193603516,0.048210124739568434,4.595866381491488
frame_001,frame_013,1,13,10,12,False,False,690,oxcart,0.5600950417845953,0.5796487921808313,0.8534557819366455,0.1465442180633545,0.06272835837355761,4.472924231744235
frame_001,frame_014,1,14,10,13,False,False,690,oxcart,0.7243847242460452,0.3224326406523659,0.8649649024009705,0.13503509759902954,0.0397829744303645,4.688553872193725
frame_001,frame_015,1,15,10,14,False,False,416,"balance beam, beam",0.40240629916464027,0.9102930063314554,0.7076969146728516,0.29230308532714844,0.052814378421682136,4.681615171187829
frame_001,frame_016,1,16,10,15,False,True,690,oxcart,0.1968575610437108,1.6252748521511713,0.5906793475151062,0.4093206524848938,0.056593619299479786,4.548161367923667
frame_001,frame_017,1,17,10,16,False,False,416,"balance beam, beam",0.5031906537165381,0.6867861474636735,0.759023129940033,0.24097687005996704,0.05064660748735584,4.564021432167424
frame_001,frame_018,1,18,10,17,False,False,416,"balance beam, beam",0.7453845880096326,0.2938549682848457,0.8499241471290588,0.15007585287094116,0.06040308994911052,4.413881764858173
frame_001,frame_019,1,19,10,18,False,False,416,"balance beam, beam",0.3812720147632116,0.9642422090864048,0.6765185594558716,0.3234814405441284,0.068500890069183,4.4875342179388955
frame_001,frame_000,1,0,20,-1,False,False,427,"barrel, cask",0.8954357929792834,0.11044475968420309,0.9076558351516724,0.09234416484832764,0.03424079005138052,5.055408687716696
frame_001,frame_002,1,2,20,1,True,False,427,"barrel, cask",0.9275325115483121,0.07522743223260764,0.9323031306266785,0.06769686937332153,0.02643666430315488,5.174853626254425
frame_001,frame_003,1,3,20,2,False,False,427,"barrel, cask",0.6477663516166937,0.43422521614306797,0.7525835037231445,0.24741649627685547,0.030733028544190757,5.2169275271966775
frame_001,frame_004,1,4,20,3,False,False,427,"barrel, cask",0.6734745306327188,0.39530510027926646,0.7407971620559692,0.25920283794403076,0.027615342397189362,5.250195793728111
frame_001,frame_005,1,5,20,4,False,False,427,"barrel, cask",0.3503245719229348,1.0488952058692702,0.5841547250747681,0.41584527492523193,0.02355678945332979,5.251867429602573
frame_001,frame_006,1,6,20,5,False,False,703,park bench,0.1421939244334909,1.9505634880286338,0.5318683385848999,0.4681316614151001,0.026702258736405155,5.233604998424076
frame_001,frame_007,1,7,20,6,False,False,703,park bench,0.3152200492584619,1.1544843149678234,0.5959129333496094,0.4040870666503906,0.02829486137801796,5.199498356703655
frame_001,frame_008,1,8,20,7,False,False,830,stretcher,0.3415922932660227,1.0741373780188734,0.5705919861793518,0.4294080138206482,0.032364421198945385,5.148946448805509
frame_001,frame_009,1,9,20,8,False,False,830,stretcher,0.21735227110603952,1.5262358725288214,0.536159873008728,0.463840126991272,0.02170260977539159,5.195022421321881
frame_001,frame_010,1,10,20,9,False,False,830,stretcher,0.19433218300851957,1.638186300655938,0.5399535894393921,0.4600464105606079,0.030088596720046188,5.184167379629848
frame_001,frame_011,1,11,20,10,False,False,830,stretcher,0.20984301991346926,1.5613955520217893,0.5314674973487854,0.4685325026512146,0.027420185190073616,5.129936672075765
frame_001,frame_012,1,12,20,11,False,False,690,oxcart,0.37735284050914936,0.9745746127609762,0.6293631792068481,0.37063682079315186,0.029532152795180785,5.1242485656374255
frame_001,frame_013,1,13,20,12,False,False,690,oxcart,0.3725944640656689,0.987264678505086,0.5941082239151001,0.4058917760848999,0.03912685820028156,5.0383796272817705
frame_001,frame_014,1,14,20,13,False,False,690,oxcart,0.6223968934328593,0.4741772974015246,0.7349047064781189,0.2650952935218811,0.033662356750592,5.059543658724769
frame_001,frame_015,1,15,20,14,False,False,830,stretcher,0.2252910860128961,1.4903619972938245,0.5289996266365051,0.4710003733634949,0.031698106933708725,5.124919428458958
frame_001,frame_016,1,16,20,15,False,False,267,standard poodle,0.28539678164675575,1.2538748506436423,0.5607526302337646,0.43924736976623535,0.029914910028488773,5.033701531440056
frame_001,frame_017,1,17,20,16,False,False,981,"ballplayer, baseball player",0.20170281151320996,1.600959895035282,0.5408183336257935,0.45918166637420654,0.027922465934353904,5.039242225983452
frame_001,frame_018,1,18,20,17,False,False,981,"ballplayer, baseball player",0.4398558393094884,0.8213082436878452,0.641482949256897,0.358517050743103,0.03741070614819956,4.991322388683026
frame_001,frame_019,1,19,20,18,False,True,249,"malamute, malemute, Alaskan malamute",0.11542748678663599,2.1591127662109346,0.46729743480682373,0.5327025651931763,0.04755067418136625,4.968260671567131
frame_001,frame_000,1,0,30,-1,False,False,427,"barrel, cask",0.8937867294733715,0.1122880899040718,0.9170268177986145,0.0829731822013855,0.022963350953236848,5.148739930930101
frame_001,frame_002,1,2,30,1,True,False,427,"barrel, cask",0.9727020487545943,0.027677462853594736,0.9727835059165955,0.02721649408340454,0.030308520311496143,5.147299302444145
frame_001,frame_003,1,3,30,2,False,False,427,"barrel, cask",0.6939780721403112,0.36531491531411664,0.791993260383606,0.20800673961639404,0.0327335368615526,5.164285582143805
frame_001,frame_004,1,4,30,3,False,False,427,"barrel, cask",0.6422693386885417,0.44274753260305033,0.7517197728157043,0.24828022718429565,0.02764121991441618,5.187465532909233
frame_001,frame_005,1,5,30,4,False,False,427,"barrel, cask",0.32735099955959934,1.1167222906107743,0.6224814653396606,0.37751853466033936,0.037516974198056864,5.165402119765292
frame_001,frame_006,1,6,30,5,False,False,703,park bench,0.5401526027666304,0.6159035816310481,0.7071157097816467,0.29288429021835327,0.03968273191659774,5.197375380550625
frame_001,frame_007,1,7,30,6,False,False,703,park bench,0.7990845027565503,0.22428857816162928,0.8602330684661865,0.13976693153381348,0.039008666693400244,5.163475197450042
frame_001,frame_008,1,8,30,7,False,False,703,park bench,0.47096688438309137,0.7529674966029356,0.7220920324325562,0.27790796756744385,0.03392652851425895,5.134896629343836
frame_001,frame_009,1,9,30,8,False,False,703,park bench,0.3445164572737345,1.0656134181927115,0.6360412240028381,0.36395877599716187,0.03026823673869797,5.1079868861757305
frame_001,frame_010,1,10,30,9,False,False,176,"Saluki, gazelle hound",0.281424477931012,1.267891151834002,0.6502265334129333,0.34977346658706665,0.03640297185350172,5.026640913052404
frame_001,frame_011,1,11,30,10,False,False,176,"Saluki, gazelle hound",0.3823971122758231,0.9612956494133647,0.6414053440093994,0.3585946559906006,0.03377593704484374,5.1131034517773575
frame_001,frame_012,1,12,30,11,False,False,176,"Saluki, gazelle hound",0.6698543906749088,0.40069491756701847,0.8023284673690796,0.1976715326309204,0.034889594473624504,5.107569609324088
frame_001,frame_013,1,13,30,12,False,False,690,oxcart,0.24579292959325683,1.4032658471408244,0.6328157186508179,0.36718428134918213,0.027851022163805954,5.131940574886299
frame_001,frame_014,1,14,30,13,False,False,690,oxcart,0.4490198782689784,0.8006881199058897,0.7439985871315002,0.25600141286849976,0.037358879582258156,5.131543776577206
frame_001,frame_015,1,15,30,14,False,True,703,park bench,0.2243111806174123,1.4947209919866786,0.5595017671585083,0.4404982328414917,0.038286015876266045,5.099153356426307
frame_001,frame_016,1,16,30,15,False,False,267,standard poodle,0.18456334728101964,1.689762528734617,0.5606030225753784,0.4393969774246216,0.036234087571656304,5.080082036063953
frame_001,frame_017,1,17,30,16,False,False,703,park bench,0.3271551318097337,1.1173208113772732,0.612591028213501,0.387408971786499,0.03322609110431114,5.122181798161797
frame_001,frame_018,1,18,30,17,False,False,981,"ballplayer, baseball player",0.34507627048911826,1.0639898125025047,0.6872057914733887,0.31279420852661133,0.050780501139036795,5.117161629754037
frame_001,frame_019,1,19,30,18,False,False,176,"Saluki, gazelle hound",0.5443214211241456,0.6082153589532657,0.6933525204658508,0.30664747953414917,0.05925848037705477,5.0994436922371875
frame_001,frame_000,1,0,40,-1,False,False,427,"barrel, cask",0.9535190879144683,0.04759583535392087,0.9621262550354004,0.03787374496459961,0.12817826779033317,3.7094278737077504
frame_001,frame_002,1,2,40,1,True,False,427,"barrel, cask",0.9834961835913146,0.01664152159642951,0.9839980602264404,0.01600193977355957,0.0869854838963781,3.7604721735814937
frame_001,frame_003,1,3,40,2,False,False,427,"barrel, cask",0.7909713755103226,0.23449349959326637,0.8539729714393616,0.14602702856063843,0.08676565468573078,3.786106922697842
frame_001,frame_004,1,4,40,3,False,False,427,"barrel, cask",0.8676305686517489,0.14198926707270942,0.890394389629364,0.10960561037063599,0.07417931840525084,3.8874827469236632
frame_001,frame_005,1,5,40,4,False,False,427,"barrel, cask",0.4269151663273401,0.8511699591982111,0.6990329027175903,0.30096709728240967,0.08886926669312932,3.924210139560008
frame_001,frame_006,1,6,40,5,False,False,703,park bench,0.6192450100444903,0.4792542687081296,0.7874075770378113,0.21259242296218872,0.06319505682008732,3.946820768574595
frame_001,frame_007,1,7,40,6,False,False,703,park bench,0.9129815552287893,0.09103960096934527,0.9291031956672668,0.07089680433273315,0.078548044303509,3.9280760977311084
frame_001,frame_008,1,8,40,7,False,False,703,park bench,0.6998718311893983,0.35685805900413214,0.7908145189285278,0.20918548107147217,0.07098356577909327,3.923038741936128
frame_001,frame_009,1,9,40,8,False,False,703,park bench,0.5638385913804654,0.5729872539385905,0.7622135281562805,0.23778647184371948,0.0739362089602204,4.002604173260605
frame_001,frame_010,1,10,40,9,False,False,703,park bench,0.38892711902894495,0.944363307598147,0.739278256893158,0.26072174310684204,0.07829305628907882,3.913811080761813
frame_001,frame_011,1,11,40,10,False,False,222,kuvasz,0.2703176342018784,1.308157588457111,0.6376515626907349,0.36234843730926514,0.07602556017545004,3.900148470873685
frame_001,frame_012,1,12,40,11,False,False,690,oxcart,0.421658590279765,0.8635593201587799,0.6900156736373901,0.30998432636260986,0.06763724364750467,3.943903784006878
frame_001,frame_013,1,13,40,12,False,False,690,oxcart,0.39483270157266154,0.9292931441219272,0.6700178384780884,0.3299821615219116,0.0816460008294199,3.8459010192780108
frame_001,frame_014,1,14,40,13,False,False,690,oxcart,0.7238691531487176,0.32314463062478005,0.8083404302597046,0.1916595697402954,0.0728113869649168,3.867848070059325
frame_001,frame_015,1,15,40,14,False,False,843,swing,0.351927220507864,1.04433088468266,0.6886241436004639,0.31137585639953613,0.12415455580034122,3.728469642131497
frame_001,frame_016,1,16,40,15,False,False,222,kuvasz,0.35978977039320925,1.0222353892395075,0.6288051605224609,0.37119483947753906,0.10069564849349387,3.7490757648615713
frame_001,frame_017,1,17,40,16,False,False,843,swing,0.465463319442676,0.7647219835594958,0.7372304201126099,0.26276957988739014,0.06967201027181921,3.8076887691897294
frame_001,frame_018,1,18,40,17,False,False,703,park bench,0.34773259659803724,1.05632149515906,0.7380357980728149,0.26196420192718506,0.08596395947649176,3.7767097441129955
frame_001,frame_019,1,19,40,18,False,True,981,"ballplayer, baseball player",0.23748308377089847,1.4376588842719453,0.6011539697647095,0.3988460302352905,0.144118866887699,3.744023559294705
frame_001,frame_000,1,0,50,-1,False,False,427,"barrel, cask",0.877973539519948,0.13013882302217142,0.926745593547821,0.07325440645217896,0.06767652624545792,4.42520012499201
frame_001,frame_002,1,2,50,1,True,False,427,"barrel, cask",0.9619071580828116,0.038837342243176365,0.9688401222229004,0.03115987777709961,0.056133261698510656,4.5308874327526905
frame_001,frame_003,1,3,50,2,False,False,427,"barrel, cask",0.5904406334883159,0.5268861844050421,0.7975770831108093,0.20242291688919067,0.04425527110245814,4.5782026027231435
frame_001,frame_004,1,4,50,3,False,False,427,"barrel, cask",0.6555910333947852,0.4222181091511037,0.7877044677734375,0.2122955322265625,0.06478658326076474,4.469918349761694
frame_001,frame_005,1,5,50,4,False,False,703,park bench,0.2513912086280829,1.3807449530950286,0.6522414684295654,0.34775853157043457,0.12532360660651762,4.3297718142052295
frame_001,frame_006,1,6,50,5,False,False,703,park bench,0.7032774514778305,0.35200379721180397,0.8025108575820923,0.19748914241790771,0.0829808798972195,4.411150529518666
frame_001,frame_007,1,7,50,6,False,False,703,park bench,0.9541331939073247,0.04695200102423547,0.9567227959632874,0.043277204036712646,0.06765445479833952,4.485495407965546
frame_001,frame_008,1,8,50,7,False,False,703,park bench,0.7722811333204355,0.25840663291619936,0.8384786248207092,0.16152137517929077,0.08347711561016079,4.397885587172006
frame_001,frame_009,1,9,50,8,False,False,703,park bench,0.7165143125825502,0.3333570562224937,0.8198736310005188,0.1801263689994812,0.07513924780109114,4.414629219246744
frame_001,frame_010,1,10,50,9,False,False,427,"barrel, cask",0.42567100101679517,0.8540885291712046,0.789038896560669,0.21096110343933105,0.09880192403326622,4.303217679190983
frame_001,frame_011,1,11,50,10,False,True,427,"barrel, cask",0.22399450373154114,1.496133764340895,0.634406328201294,0.36559367179870605,0.0967955746977059,4.213038277959935
frame_001,frame_012,1,12,50,11,False,False,690,oxcart,0.4809484035543464,0.731995283747902,0.7106359004974365,0.2893640995025635,0.12400700493524952,4.185403514020668
frame_001,frame_013,1,13,50,12,False,False,690,oxcart,0.41621973373445087,0.8765419520801778,0.6644651889801025,0.33553481101989746,0.13762115067865358,4.191320425280515
frame_001,frame_014,1,14,50,13,False,False,690,oxcart,0.7023813674851971,0.35327876394189506,0.8174905776977539,0.1825094223022461,0.1384797212134319,4.230977253522106
frame_001,frame_015,1,15,50,14,False,False,222,kuvasz,0.37394624614705874,0.9836432187768249,0.6630699634552002,0.3369300365447998,0.044767372903742886,4.506915767343497
frame_001,frame_016,1,16,50,15,False,False,222,kuvasz,0.3826220880176469,0.9607074922841763,0.6751923561096191,0.32480764389038086,0.07486281462638937,4.26157399163052
frame_001,frame_017,1,17,50,16,False,False,981,"ballplayer, baseball player",0.3503223073078416,1.0489016702243124,0.6588466763496399,0.3411533236503601,0.06029917358849424,4.386263052669799
frame_001,frame_018,1,18,50,17,False,False,981,"ballplayer, baseball player",0.6193099274988259,0.47914944097311807,0.775102436542511,0.224897563457489,0.0640048294493263,4.326631076861014
frame_001,frame_019,1,19,50,18,False,False,981,"ballplayer, baseball player",0.5930573633686697,0.5224641504829792,0.74164879322052,0.25835120677948,0.05875316230405481,4.3084540663803566
frame_002,frame_000,2,0,5,-2,False,False,456,bow,0.43312333593265034,0.8367327510478888,0.6391266584396362,0.36087334156036377,0.03572626390003274,4.950074157958968
frame_002,frame_001,2,1,5,-1,True,False,456,bow,0.47302165265640733,0.7486141142516787,0.6509323120117188,0.34906768798828125,0.0331931226550209,4.991903792055942
frame_002,frame_003,2,3,5,1,False,False,876,"tub, vat",0.2894853052241593,1.239650742413994,0.6179662942886353,0.38203370571136475,0.028744654644108372,5.031329922557633
frame_002,frame_004,2,4,5,2,False,False,703,park bench,0.12447271003198798,2.0836687836346623,0.50589919090271,0.49410080909729004,0.02653250285368931,5.0092970980873694
frame_002,frame_005,2,5,5,3,False,False,703,park bench,0.1708068641234378,1.767221810358853,0.5286301374435425,0.4713698625564575,0.026343465295763438,5.034766434586043
frame_002,frame_006,2,6,5,4,False,False,703,park bench,0.22499785877332026,1.4916643933860207,0.5607644319534302,0.4392355680465698,0.023197761329726178,5.107551946858562
frame_002,frame_007,2,7,5,5,False,False,703,park bench,0.19880804362746432,1.6154155246754456,0.5988924503326416,0.4011075496673584,0.025320950759893948,5.097751382463941
frame_002,frame_008,2,8,5,6,False,False,416,"balance beam, beam",0.2845190384197903,1.2569551087802369,0.645402193069458,0.354597806930542,0.029020290816010454,5.078010074174051
frame_002,frame_009,2,9,5,7,False,False,981,"ballplayer, baseball player",0.20703415377156717,1.5748715052612499,0.5838593244552612,0.41614067554473877,0.02791772571897348,5.061447163243363
frame_002,frame_010,2,10,5,8,False,False,416,"balance beam, beam",0.16186603212131184,1.8209862480857568,0.5364500284194946,0.46354997158050537,0.028549300965669596,5.032209853890466
frame_002,frame_011,2,11,5,9,False,False,416,"balance beam, beam",0.13344365491278773,2.014075950812837,0.5108722448348999,0.4891277551651001,0.02883055474411522,4.989898278830102
frame_002,frame_012,2,12,5,10,False,False,345,ox,0.19142987764407085,1.6532337116019704,0.5002516508102417,0.4997483491897583,0.027693934844706822,4.974571604544085
frame_002,frame_013,2,13,5,11,False,True,690,oxcart,0.15665107543315565,1.8537343964102106,0.4997352957725525,0.5002647042274475,0.032843656176346936,4.973139174328604
frame_002,frame_014,2,14,5,12,False,False,690,oxcart,0.16305512448976886,1.81366694829393,0.5505906939506531,0.4494093060493469,0.033060558447020674,4.99062271854651
frame_002,frame_015,2,15,5,13,False,False,416,"balance beam, beam",0.22170583446314748,1.5064038457772089,0.5605427026748657,0.4394572973251343,0.0283309209442788,5.029192995573796
frame_002,frame_016,2,16,5,14,False,False,981,"ballplayer, baseball player",0.22552440060475004,1.4893269192203746,0.5261799097061157,0.4738200902938843,0.027979515797010402,4.982941795816661
frame_002,frame_017,2,17,5,15,False,False,981,"ballplayer, baseball player",0.36507083837026255,1.0076638665035444,0.6252011060714722,0.37479889392852783,0.027026610445171084,5.0366162417110525
frame_002,frame_018,2,18,5,16,False,False,981,"ballplayer, baseball player",0.2817875012678983,1.266602033702402,0.609499454498291,0.390500545501709,0.0300800500341455,5.011264763989732
frame_002,frame_019,2,19,5,17,False,False,981,"ballplayer, baseball player",0.15543259279802593,1.8615431281748402,0.5086660981178284,0.49133390188217163,0.028633609550691545,5.004820201490022
frame_002,frame_000,2,0,10,-2,False,False,427,"barrel, cask",0.5555055482723771,0.5878766820632633,0.75243079662323,0.24756920337677002,0.08118457609035791,4.463533931191692
frame_002,frame_001,2,1,10,-1,False,False,690,oxcart,0.36043536457358255,1.0204426321641424,0.7167479395866394,0.2832520604133606,0.07567356644093684,4.5225984236701375
frame_002,frame_003,2,3,10,1,False,False,690,oxcart,0.5536868978859183,0.5911559182724151,0.7869836688041687,0.2130163311958313,0.09285220321764416,4.555935943019156
frame_002,frame_004,2,4,10,2,False,False,703,park bench,0.39546477187635276,0.9276935681149259,0.7133579850196838,0.28664201498031616,0.05262714268132323,4.613187555865036
frame_002,frame_005,2,5,10,3,False,False,703,park bench,0.6270799992971713,0.46668115590260273,0.76422119140625,0.23577880859375,0.0482898724783407,4.697179627378711
frame_002,frame_006,2,6,10,4,False,False,703,park bench,0.7883311436414076,0.23783704434996422,0.8523095846176147,0.14769041538238525,0.044205843092088214,4.690892874951086
frame_002,frame_007,2,7,10,5,True,False,703,park bench,0.7395081918570741,0.301769919330672,0.87115478515625,0.12884521484375,0.05262440786553359,4.6366640425347985
frame_002,frame_008,2,8,10,6,False,False,416,"balance beam, beam",0.720351137407092,0.3280164950113815,0.8428562879562378,0.1571437120437622,0.05258969615024388,4.603480040365019
frame_002,frame_009,2,9,10,7,False,False,703,park bench,0.490875779716257,0.7115641776640239,0.7742506265640259,0.22574937343597412,0.05054678758473149,4.678651586649394
frame_002,frame_010,2,10,10,8,False,False,703,park bench,0.42539440696669284,0.8547385240064921,0.6992111802101135,0.3007888197898865,0.07234566786840284,4.609569663352302
frame_002,frame_011,2,11,10,9,False,False,690,oxcart,0.23235334948826275,1.4594960078534722,0.6690607070922852,0.33093929290771484,0.05588837918377761,4.618073638569327
frame_002,frame_012,2,12,10,10,False,False,690,oxcart,0.4837669694199472,0.7261519563491123,0.7841253280639648,0.21587467193603516,0.0479212215693107,4.56819092106611
frame_002,frame_013,2,13,10,11,False,False,690,oxcart,0.5600950417845953,0.5796487921808313,0.8534557819366455,0.1465442180633545,0.06417972583507577,4.432263367780195
frame_002,frame_014,2,14,10,12,False,False,690,oxcart,0.7243847242460452,0.3224326406523659,0.8649649024009705,0.13503509759902954,0.039455835119866174,4.6554188103163785
frame_002,frame_015,2,15,10,13,False,False,416,"balance beam, beam",0.40240629916464027,0.9102930063314554,0.7076969146728516,0.29230308532714844,0.058879751696808445,4.637581152635664
frame_002,frame_016,2,16,10,14,False,True,690,oxcart,0.1968575610437108,1.6252748521511713,0.5906793475151062,0.4093206524848938,0.056710569532572315,4.504169260288863
frame_002,frame_017,2,17,10,15,False,False,416,"balance beam, beam",0.5031906537165381,0.6867861474636735,0.759023129940033,0.24097687005996704,0.05679362335346072,4.515665098427985
frame_002,frame_018,2,18,10,16,False,False,416,"balance beam, beam",0.7453845880096326,0.2938549682848457,0.8499241471290588,0.15007585287094116,0.060457048191218915,4.354799425024225
frame_002,frame_019,2,19,10,17,False,False,416,"balance beam, beam",0.3812720147632116,0.9642422090864048,0.6765185594558716,0.3234814405441284,0.08206556789604375,4.428919092406341
frame_002,frame_000,2,0,20,-2,False,False,427,"barrel, cask",0.8954357929792834,0.11044475968420309,0.9076558351516724,0.09234416484832764,0.029508311204528848,5.051889884704445
frame_002,frame_001,2,1,20,-1,True,False,427,"barrel, cask",0.9226520650348795,0.08050307650588806,0.9323467016220093,0.06765329837799072,0.025065112913084203,5.188102786688685
frame_002,frame_003,2,3,20,1,False,False,427,"barrel, cask",0.6477663516166937,0.43422521614306797,0.7525835037231445,0.24741649627685547,0.03210286029503318,5.2076076502559845
frame_002,frame_004,2,4,20,2,False,False,427,"barrel, cask",0.6734745306327188,0.39530510027926646,0.7407971620559692,0.25920283794403076,0.030952170539638002,5.234539915914609
frame_002,frame_005,2,5,20,3,False,False,427,"barrel, cask",0.3503245719229348,1.0488952058692702,0.5841547250747681,0.41584527492523193,0.026575179702622877,5.238834843969348
frame_002,frame_006,2,6,20,4,False,False,703,park bench,0.1421939244334909,1.9505634880286338,0.5318683385848999,0.4681316614151001,0.02853994283637566,5.217599182827333
frame_002,frame_007,2,7,20,5,False,False,703,park bench,0.3152200492584619,1.1544843149678234,0.5959129333496094,0.4040870666503906,0.028112476516909287,5.185057296786466
frame_002,frame_008,2,8,20,6,False,False,830,stretcher,0.3415922932660227,1.0741373780188734,0.5705919861793518,0.4294080138206482,0.03298188059867236,5.1251294368129585
frame_002,frame_009,2,9,20,7,False,False,830,stretcher,0.21735227110603952,1.5262358725288214,0.536159873008728,0.463840126991272,0.024140927583052866,5.183261883762331
frame_002,frame_010,2,10,20,8,False,False,830,stretcher,0.19433218300851957,1.638186300655938,0.5399535894393921,0.4600464105606079,0.032166421336615784,5.172040027636373
frame_002,frame_011,2,11,20,9,False,False,830,stretcher,0.20984301991346926,1.5613955520217893,0.5314674973487854,0.4685325026512146,0.027575152313534124,5.120455485648627
frame_002,frame_012,2,12,20,10,False,False,690,oxcart,0.37735284050914936,0.9745746127609762,0.6293631792068481,0.37063682079315186,0.03176229851326385,5.1080782345215905
frame_002,frame_013,2,13,20,11,False,False,690,oxcart,0.3725944640656689,0.987264678505086,0.5941082239151001,0.4058917760848999,0.042444896091198094,5.0183044796773455
frame_002,frame_014,2,14,20,12,False,False,690,oxcart,0.6223968934328593,0.4741772974015246,0.7349047064781189,0.2650952935218811,0.03426626334465921,5.039190906941593
frame_002,frame_015,2,15,20,13,False,False,830,stretcher,0.2252910860128961,1.4903619972938245,0.5289996266365051,0.4710003733634949,0.03342345373439224,5.108072376640847
frame_002,frame_016,2,16,20,14,False,False,267,standard poodle,0.28539678164675575,1.2538748506436423,0.5607526302337646,0.43924736976623535,0.030130673013142765,5.012240538767534
frame_002,frame_017,2,17,20,15,False,False,981,"ballplayer, baseball player",0.20170281151320996,1.600959895035282,0.5408183336257935,0.45918166637420654,0.02929230006430048,5.020136937727278
frame_002,frame_018,2,18,20,16,False,False,981,"ballplayer, baseball player",0.4398558393094884,0.8213082436878452,0.641482949256897,0.358517050743103,0.04018124197888462,4.97491035142574
frame_002,frame_019,2,19,20,17,False,True,249,"malamute, malemute, Alaskan malamute",0.11542748678663599,2.1591127662109346,0.46729743480682373,0.5327025651931763,0.04912919434876317,4.955245920439787
frame_002,frame_000,2,0,30,-2,False,False,427,"barrel, cask",0.8937867294733715,0.1122880899040718,0.9170268177986145,0.0829731822013855,0.02641153830870918,5.15909303469778
frame_002,frame_001,2,1,30,-1,True,False,427,"barrel, cask",0.965317349870361,0.035298371736452505,0.9677907824516296,0.03220921754837036,0.027753576828416587,5.17539147144911
frame_002,frame_003,2,3,30,1,False,False,427,"barrel, cask",0.6939780721403112,0.36531491531411664,0.791993260383606,0.20800673961639404,0.029893176288920305,5.191184061318914
frame_002,frame_004,2,4,30,2,False,False,427,"barrel, cask",0.6422693386885417,0.44274753260305033,0.7517197728157043,0.24828022718429565,0.025210360328622002,5.209559624910137
frame_002,frame_005,2,5,30,3,False,False,427,"barrel, cask",0.32735099955959934,1.1167222906107743,0.6224814653396606,0.37751853466033936,0.03406265648717672,5.186319550989882
frame_002,frame_006,2,6,30,4,False,False,703,park bench,0.5401526027666304,0.6159035816310481,0.7071157097816467,0.29288429021835327,0.03804966050527488,5.211307797266178
frame_002,frame_007,2,7,30,5,False,False,703,park bench,0.7990845027565503,0.22428857816162928,0.8602330684661865,0.13976693153381348,0.03690185093431733,5.175384319940045
frame_002,frame_008,2,8,30,6,False,False,703,park bench,0.47096688438309137,0.7529674966029356,0.7220920324325562,0.27790796756744385,0.03570225785922419,5.143605191034707
frame_002,frame_009,2,9,30,7,False,False,703,park bench,0.3445164572737345,1.0656134181927115,0.6360412240028381,0.36395877599716187,0.029089164195202126,5.114344131150935
frame_002,frame_010,2,10,30,8,False,False,176,"Saluki, gazelle hound",0.281424477931012,1.267891151834002,0.6502265334129333,0.34977346658706665,0.03850375764777921,5.0248340620947864
frame_002,frame_011,2,11,30,9,False,False,176,"Saluki, gazelle hound",0.3823971122758231,0.9612956494133647,0.6414053440093994,0.3585946559906006,0.034134257216431166,5.113089742222895
frame_002,frame_012,2,12,30,10,False,False,176,"Saluki, gazelle hound",0.6698543906749088,0.40069491756701847,0.8023284673690796,0.1976715326309204,0.03429571138039506,5.108765582117336
frame_002,frame_013,2,13,30,11,False,False,690,oxcart,0.24579292959325683,1.4032658471408244,0.6328157186508179,0.36718428134918213,0.028337718834744927,5.13772167850314
frame_002,frame_014,2,14,30,12,False,False,690,oxcart,0.4490198782689784,0.8006881199058897,0.7439985871315002,0.25600141286849976,0.03758185308838631,5.126365994791293
frame_002,frame_015,2,15,30,13,False,True,703,park bench,0.2243111806174123,1.4947209919866786,0.5595017671585083,0.4404982328414917,0.03531904898675669,5.103122562623281
frame_002,frame_016,2,16,30,14,False,False,267,standard poodle,0.18456334728101964,1.689762528734617,0.5606030225753784,0.4393969774246216,0.03788322673001701,5.082180842679724
frame_002,frame_017,2,17,30,15,False,False,703,park bench,0.3271551318097337,1.1173208113772732,0.612591028213501,0.387408971786499,0.034517176055879416,5.1224711155710505
frame_002,frame_018,2,18,30,16,False,False,981,"ballplayer, baseball player",0.34507627048911826,1.0639898125025047,0.6872057914733887,0.31279420852661133,0.0479079159900253,5.12295391699209
frame_002,frame_019,2,19,30,17,False,False,176,"Saluki, gazelle hound",0.5443214211241456,0.6082153589532657,0.6933525204658508,0.30664747953414917,0.05885273158877264,5.099056215614247
frame_002,frame_000,2,0,40,-2,False,False,427,"barrel, cask",0.9535190879144683,0.04759583535392087,0.9621262550354004,0.03787374496459961,0.13306416574272467,3.707110731998998
frame_002,frame_001,2,1,40,-1,True,False,427,"barrel, cask",0.9646765251657854,0.035962440919690974,0.9700115323066711,0.029988467693328857,0.09219329045342049,3.710102629406384
frame_002,frame_003,2,3,40,1,False,False,427,"barrel, cask",0.7909713755103226,0.23449349959326637,0.8539729714393616,0.14602702856063843,0.08807687126717408,3.7909173247142047
frame_002,frame_004,2,4,40,2,False,False,427,"barrel, cask",0.8676305686517489,0.14198926707270942,0.890394389629364,0.10960561037063599,0.07883894519599793,3.8904355983601144
frame_002,frame_005,2,5,40,3,False,False,427,"barrel, cask",0.4269151663273401,0.8511699591982111,0.6990329027175903,0.30096709728240967,0.09500266543511537,3.9249342050880536
frame_002,frame_006,2,6,40,4,False,False,703,park bench,0.6192450100444903,0.4792542687081296,0.7874075770378113,0.21259242296218872,0.06336530959976992,3.9561435486653265
frame_002,frame_007,2,7,40,5,False,False,703,park bench,0.9129815552287893,0.09103960096934527,0.9291031956672668,0.07089680433273315,0.08070330965462781,3.9269979288786243
frame_002,frame_008,2,8,40,6,False,False,703,park bench,0.6998718311893983,0.35685805900413214,0.7908145189285278,0.20918548107147217,0.07510992178607116,3.9163929297027886
frame_002,frame_009,2,9,40,7,False,False,703,park bench,0.5638385913804654,0.5729872539385905,0.7622135281562805,0.23778647184371948,0.07339803784683845,4.0067430159027815
frame_002,frame_010,2,10,40,8,False,False,703,park bench,0.38892711902894495,0.944363307598147,0.739278256893158,0.26072174310684204,0.08007924152375434,3.9109169962001964
frame_002,frame_011,2,11,40,9,False,False,222,kuvasz,0.2703176342018784,1.308157588457111,0.6376515626907349,0.36234843730926514,0.07551996897464724,3.9014555919495315
frame_002,frame_012,2,12,40,10,False,False,690,oxcart,0.421658590279765,0.8635593201587799,0.6900156736373901,0.30998432636260986,0.06824284919848952,3.9457636024719873
frame_002,frame_013,2,13,40,11,False,False,690,oxcart,0.39483270157266154,0.9292931441219272,0.6700178384780884,0.3299821615219116,0.07881222523290586,3.8520527154422086
frame_002,frame_014,2,14,40,12,False,False,690,oxcart,0.7238691531487176,0.32314463062478005,0.8083404302597046,0.1916595697402954,0.07253457530575466,3.8542712117811293
frame_002,frame_015,2,15,40,13,False,False,843,swing,0.351927220507864,1.04433088468266,0.6886241436004639,0.31137585639953613,0.12629528309203336,3.7184516886539054
frame_002,frame_016,2,16,40,14,False,False,222,kuvasz,0.35978977039320925,1.0222353892395075,0.6288051605224609,0.37119483947753906,0.10412924731275132,3.743403079361431
frame_002,frame_017,2,17,40,15,False,False,843,swing,0.465463319442676,0.7647219835594958,0.7372304201126099,0.26276957988739014,0.06800991416605014,3.813916646134749
frame_002,frame_018,2,18,40,16,False,False,703,park bench,0.34773259659803724,1.05632149515906,0.7380357980728149,0.26196420192718506,0.08543834143916816,3.776859820552052
frame_002,frame_019,2,19,40,17,False,True,981,"ballplayer, baseball player",0.23748308377089847,1.4376588842719453,0.6011539697647095,0.3988460302352905,0.14759243734224303,3.73304304415899
frame_002,frame_000,2,0,50,-2,False,False,427,"barrel, cask",0.877973539519948,0.13013882302217142,0.926745593547821,0.07325440645217896,0.07792202292213607,4.3622925906103625
frame_002,frame_001,2,1,50,-1,True,False,427,"barrel, cask",0.9447233653215501,0.056863129453150946,0.9593470096588135,0.04065299034118652,0.06712260124948827,4.500254503650617
frame_002,frame_003,2,3,50,1,False,False,427,"barrel, cask",0.5904406334883159,0.5268861844050421,0.7975770831108093,0.20242291688919067,0.050069454233183534,4.536441305119673
frame_002,frame_004,2,4,50,2,False,False,427,"barrel, cask",0.6555910333947852,0.4222181091511037,0.7877044677734375,0.2122955322265625,0.06882218286209622,4.420686797672522
frame_002,frame_005,2,5,50,3,False,False,703,park bench,0.2513912086280829,1.3807449530950286,0.6522414684295654,0.34775853157043457,0.11943138371291313,4.319829390982246
frame_002,frame_006,2,6,50,4,False,False,703,park bench,0.7032774514778305,0.35200379721180397,0.8025108575820923,0.19748914241790771,0.07738910529569228,4.401295887834976
frame_002,frame_007,2,7,50,5,False,False,703,park bench,0.9541331939073247,0.04695200102423547,0.9567227959632874,0.043277204036712646,0.06497724973013874,4.474302759211887
frame_002,frame_008,2,8,50,6,False,False,703,park bench,0.7722811333204355,0.25840663291619936,0.8384786248207092,0.16152137517929077,0.08331188389405007,4.384147274114531
frame_002,frame_009,2,9,50,7,False,False,703,park bench,0.7165143125825502,0.3333570562224937,0.8198736310005188,0.1801263689994812,0.08188565769712768,4.404535042036534
frame_002,frame_010,2,10,50,8,False,False,427,"barrel, cask",0.42567100101679517,0.8540885291712046,0.789038896560669,0.21096110343933105,0.10946909867873178,4.276857080321916
frame_002,frame_011,2,11,50,9,False,True,427,"barrel, cask",0.22399450373154114,1.496133764340895,0.634406328201294,0.36559367179870605,0.1070589419955721,4.202527786131033
frame_002,frame_012,2,12,50,10,False,False,690,oxcart,0.4809484035543464,0.731995283747902,0.7106359004974365,0.2893640995025635,0.11813758849585831,4.173149629502796
frame_002,frame_013,2,13,50,11,False,False,690,oxcart,0.41621973373445087,0.8765419520801778,0.6644651889801025,0.33553481101989746,0.13434251005377393,4.163927231217565
frame_002,frame_014,2,14,50,12,False,False,690,oxcart,0.7023813674851971,0.35327876394189506,0.8174905776977539,0.1825094223022461,0.13945469550029865,4.21956271619498
frame_002,frame_015,2,15,50,13,False,False,222,kuvasz,0.37394624614705874,0.9836432187768249,0.6630699634552002,0.3369300365447998,0.049763830748256195,4.493587798152143
frame_002,frame_016,2,16,50,14,False,False,222,kuvasz,0.3826220880176469,0.9607074922841763,0.6751923561096191,0.32480764389038086,0.07122494345012136,4.249048447246571
frame_002,frame_017,2,17,50,15,False,False,981,"ballplayer, baseball player",0.3503223073078416,1.0489016702243124,0.6588466763496399,0.3411533236503601,0.06216201923801214,4.372852500786632
frame_002,frame_018,2,18,50,16,False,False,981,"ballplayer, baseball player",0.6193099274988259,0.47914944097311807,0.775102436542511,0.224897563457489,0.06568102671901019,4.2952493165672685
frame_002,frame_019,2,19,50,17,False,False,981,"ballplayer, baseball player",0.5930573633686697,0.5224641504829792,0.74164879322052,0.25835120677948,0.06230532495701105,4.298577511825103
frame_003,frame_000,3,0,5,-3,False,False,456,bow,0.43312333593265034,0.8367327510478888,0.6391266584396362,0.36087334156036377,0.036493621993177114,4.982012756563283
frame_003,frame_001,3,1,5,-2,True,False,456,bow,0.47302165265640733,0.7486141142516787,0.6509323120117188,0.34906768798828125,0.034073385852689944,5.024383212734768
frame_003,frame_002,3,2,5,-1,False,False,456,bow,0.34248961790837107,1.0715139344155844,0.6339419484138489,0.3660580515861511,0.037341002078607834,5.043700384289532
frame_003,frame_004,3,4,5,1,False,False,703,park bench,0.12447271003198798,2.0836687836346623,0.50589919090271,0.49410080909729004,0.02633760189592409,5.043406560636037
frame_003,frame_005,3,5,5,2,False,False,703,park bench,0.1708068641234378,1.767221810358853,0.5286301374435425,0.4713698625564575,0.027388170457121122,5.060797384605621
frame_003,frame_006,3,6,5,3,False,False,703,park bench,0.22499785877332026,1.4916643933860207,0.5607644319534302,0.4392355680465698,0.024415094514685442,5.132563713120366
frame_003,frame_007,3,7,5,4,False,False,703,park bench,0.19880804362746432,1.6154155246754456,0.5988924503326416,0.4011075496673584,0.02605470983606915,5.124083247892752
frame_003,frame_008,3,8,5,5,False,False,416,"balance beam, beam",0.2845190384197903,1.2569551087802369,0.645402193069458,0.354597806930542,0.029353845772883004,5.101710928809024
frame_003,frame_009,3,9,5,6,False,False,981,"ballplayer, baseball player",0.20703415377156717,1.5748715052612499,0.5838593244552612,0.41614067554473877,0.027128121224131226,5.084946194367026
frame_003,frame_010,3,10,5,7,False,False,416,"balance beam, beam",0.16186603212131184,1.8209862480857568,0.5364500284194946,0.46354997158050537,0.0287484951328737,5.05560751552224
frame_003,frame_011,3,11,5,8,False,False,416,"balance beam, beam",0.13344365491278773,2.014075950812837,0.5108722448348999,0.4891277551651001,0.027980789673817202,5.009309743391715
frame_003,frame_012,3,12,5,9,False,False,345,ox,0.19142987764407085,1.6532337116019704,0.5002516508102417,0.4997483491897583,0.028860450378939036,4.999149128252331
frame_003,frame_013,3,13,5,10,False,True,690,oxcart,0.15665107543315565,1.8537343964102106,0.4997352957725525,0.5002647042274475,0.030751732604725635,4.994910898196337
frame_003,frame_014,3,14,5,11,False,False,690,oxcart,0.16305512448976886,1.81366694829393,0.5505906939506531,0.4494093060493469,0.030294196509556098,5.017887947070302
frame_003,frame_015,3,15,5,12,False,False,416,"balance beam, beam",0.22170583446314748,1.5064038457772089,0.5605427026748657,0.4394572973251343,0.026871696320444283,5.048301376325616
frame_003,frame_016,3,16,5,13,False,False,981,"ballplayer, baseball player",0.22552440060475004,1.4893269192203746,0.5261799097061157,0.4738200902938843,0.02851717630698573,5.003548730528539
frame_003,frame_017,3,17,5,14,False,False,981,"ballplayer, baseball player",0.36507083837026255,1.0076638665035444,0.6252011060714722,0.37479889392852783,0.02555910843309568,5.059342000120388
frame_003,frame_018,3,18,5,15,False,False,981,"ballplayer, baseball player",0.2817875012678983,1.266602033702402,0.609499454498291,0.390500545501709,0.030480594227641798,5.031254712641575
frame_003,frame_019,3,19,5,16,False,False,981,"ballplayer, baseball player",0.15543259279802593,1.8615431281748402,0.5086660981178284,0.49133390188217163,0.028169294349624428,5.027397239712556
frame_003,frame_000,3,0,10,-3,False,False,427,"barrel, cask",0.5555055482723771,0.5878766820632633,0.75243079662323,0.24756920337677002,0.07626336763037778,4.519777612405664
frame_003,frame_001,3,1,10,-2,False,False,690,oxcart,0.36043536457358255,1.0204426321641424,0.7167479395866394,0.2832520604133606,0.07928586084330515,4.566213378087169
frame_003,frame_002,3,2,10,-1,False,False,690,oxcart,0.48120132604231425,0.7314695391865027,0.7570929527282715,0.24290704727172852,0.09068164212699141,4.589967559130663
frame_003,frame_004,3,4,10,1,False,False,703,park bench,0.39546477187635276,0.9276935681149259,0.7133579850196838,0.28664201498031616,0.05568382225453764,4.658922929909911
frame_003,frame_005,3,5,10,2,False,False,703,park bench,0.6270799992971713,0.46668115590260273,0.76422119140625,0.23577880859375,0.04839921475908298,4.746138165070365
frame_003,frame_006,3,6,10,3,False,False,703,park bench,0.7883311436414076,0.23783704434996422,0.8523095846176147,0.14769041538238525,0.04622548873738739,4.743833141707174
frame_003,frame_007,3,7,10,4,True,False,703,park bench,0.7395081918570741,0.301769919330672,0.87115478515625,0.12884521484375,0.05244213367182885,4.697632947265513
frame_003,frame_008,3,8,10,5,False,False,416,"balance beam, beam",0.720351137407092,0.3280164950113815,0.8428562879562378,0.1571437120437622,0.04996126951636024,4.668463591918705
frame_003,frame_009,3,9,10,6,False,False,703,park bench,0.490875779716257,0.7115641776640239,0.7742506265640259,0.22574937343597412,0.04745554581531127,4.73268253310186
frame_003,frame_010,3,10,10,7,False,False,703,park bench,0.42539440696669284,0.8547385240064921,0.6992111802101135,0.3007888197898865,0.06708021220000429,4.66885830249194
frame_003,frame_011,3,11,10,8,False,False,690,oxcart,0.23235334948826275,1.4594960078534722,0.6690607070922852,0.33093929290771484,0.050295919135916495,4.673491752479211
frame_003,frame_012,3,12,10,9,False,False,690,oxcart,0.4837669694199472,0.7261519563491123,0.7841253280639648,0.21587467193603516,0.04877847811570639,4.613284598139137
frame_003,frame_013,3,13,10,10,False,False,690,oxcart,0.5600950417845953,0.5796487921808313,0.8534557819366455,0.1465442180633545,0.06487581184625177,4.469009975143732
frame_003,frame_014,3,14,10,11,False,False,690,oxcart,0.7243847242460452,0.3224326406523659,0.8649649024009705,0.13503509759902954,0.03819072913476796,4.69654273391851
frame_003,frame_015,3,15,10,12,False,False,416,"balance beam, beam",0.40240629916464027,0.9102930063314554,0.7076969146728516,0.29230308532714844,0.05274933652201539,4.689722401808163
frame_003,frame_016,3,16,10,13,False,True,690,oxcart,0.1968575610437108,1.6252748521511713,0.5906793475151062,0.4093206524848938,0.056325010954722185,4.54510021917325
frame_003,frame_017,3,17,10,14,False,False,416,"balance beam, beam",0.5031906537165381,0.6867861474636735,0.759023129940033,0.24097687005996704,0.05149005204747017,4.559728364760281
frame_003,frame_018,3,18,10,15,False,False,416,"balance beam, beam",0.7453845880096326,0.2938549682848457,0.8499241471290588,0.15007585287094116,0.05918845063106176,4.403808854372414
frame_003,frame_019,3,19,10,16,False,False,416,"balance beam, beam",0.3812720147632116,0.9642422090864048,0.6765185594558716,0.3234814405441284,0.07449089733353148,4.485393011452299
frame_003,frame_000,3,0,20,-3,False,False,427,"barrel, cask",0.8954357929792834,0.11044475968420309,0.9076558351516724,0.09234416484832764,0.026429554831624548,5.086308509573923
frame_003,frame_001,3,1,20,-2,True,False,427,"barrel, cask",0.9226520650348795,0.08050307650588806,0.9323467016220093,0.06765329837799072,0.0252314582490486,5.213420707034189
frame_003,frame_002,3,2,20,-1,False,False,427,"barrel, cask",0.9275325115483121,0.07522743223260764,0.9323031306266785,0.06769686937332153,0.027918090555192326,5.183411816134411
frame_003,frame_004,3,4,20,1,False,False,427,"barrel, cask",0.6734745306327188,0.39530510027926646,0.7407971620559692,0.25920283794403076,0.0316916621875249,5.256579049758546
frame_003,frame_005,3,5,20,2,False,False,427,"barrel, cask",0.3503245719229348,1.0488952058692702,0.5841547250747681,0.41584527492523193,0.027420209687288206,5.2599997966383745
frame_003,frame_006,3,6,20,3,False,False,703,park bench,0.1421939244334909,1.9505634880286338,0.5318683385848999,0.4681316614151001,0.03127387597632121,5.241577814246142
frame_003,frame_007,3,7,20,4,False,False,703,park bench,0.3152200492584619,1.1544843149678234,0.5959129333496094,0.4040870666503906,0.025868028283612083,5.211470417699358
frame_003,frame_008,3,8,20,5,False,False,830,stretcher,0.3415922932660227,1.0741373780188734,0.5705919861793518,0.4294080138206482,0.030915682661720355,5.154685675033743
frame_003,frame_009,3,9,20,6,False,False,830,stretcher,0.21735227110603952,1.5262358725288214,0.536159873008728,0.463840126991272,0.024871165024379634,5.207635265159791
frame_003,frame_010,3,10,20,7,False,False,830,stretcher,0.19433218300851957,1.638186300655938,0.5399535894393921,0.4600464105606079,0.029105540550878956,5.210648544877986
frame_003,frame_011,3,11,20,8,False,False,830,stretcher,0.20984301991346926,1.5613955520217893,0.5314674973487854,0.4685325026512146,0.028938342491464153,5.151254729221472
frame_003,frame_012,3,12,20,9,False,False,690,oxcart,0.37735284050914936,0.9745746127609762,0.6293631792068481,0.37063682079315186,0.03212013118142777,5.134713251625342
frame_003,frame_013,3,13,20,10,False,False,690,oxcart,0.3725944640656689,0.987264678505086,0.5941082239151001,0.4058917760848999,0.04084319699432845,5.0555542215455365
frame_003,frame_014,3,14,20,11,False,False,690,oxcart,0.6223968934328593,0.4741772974015246,0.7349047064781189,0.2650952935218811,0.032220941095226815,5.0792730321915025
frame_003,frame_015,3,15,20,12,False,False,830,stretcher,0.2252910860128961,1.4903619972938245,0.5289996266365051,0.4710003733634949,0.032841835453086526,5.149948803312217
frame_003,frame_016,3,16,20,13,False,False,267,standard poodle,0.28539678164675575,1.2538748506436423,0.5607526302337646,0.43924736976623535,0.03199333355372299,5.051169938908116
frame_003,frame_017,3,17,20,14,False,False,981,"ballplayer, baseball player",0.20170281151320996,1.600959895035282,0.5408183336257935,0.45918166637420654,0.028855942242903825,5.0526647977559564
frame_003,frame_018,3,18,20,15,False,False,981,"ballplayer, baseball player",0.4398558393094884,0.8213082436878452,0.641482949256897,0.358517050743103,0.03859281102561851,5.019838797274273
frame_003,frame_019,3,19,20,16,False,True,249,"malamute, malemute, Alaskan malamute",0.11542748678663599,2.1591127662109346,0.46729743480682373,0.5327025651931763,0.04702138136548297,5.005195001152375
frame_003,frame_000,3,0,30,-3,False,False,427,"barrel, cask",0.8937867294733715,0.1122880899040718,0.9170268177986145,0.0829731822013855,0.02435386373506366,5.12856258040471
frame_003,frame_001,3,1,30,-2,False,False,427,"barrel, cask",0.965317349870361,0.035298371736452505,0.9677907824516296,0.03220921754837036,0.02791483917242126,5.150234235025061
frame_003,frame_002,3,2,30,-1,True,False,427,"barrel, cask",0.9727020487545943,0.027677462853594736,0.9727835059165955,0.02721649408340454,0.02961473903947256,5.138343459399271
frame_003,frame_004,3,4,30,1,False,False,427,"barrel, cask",0.6422693386885417,0.44274753260305033,0.7517197728157043,0.24828022718429565,0.02548081424833473,5.18155049631158
frame_003,frame_005,3,5,30,2,False,False,427,"barrel, cask",0.32735099955959934,1.1167222906107743,0.6224814653396606,0.37751853466033936,0.03375012025366012,5.1483202515626
frame_003,frame_006,3,6,30,3,False,False,703,park bench,0.5401526027666304,0.6159035816310481,0.7071157097816467,0.29288429021835327,0.0374421587027353,5.175195030733578
frame_003,frame_007,3,7,30,4,False,False,703,park bench,0.7990845027565503,0.22428857816162928,0.8602330684661865,0.13976693153381348,0.036030802237507556,5.133509500511286
frame_003,frame_008,3,8,30,5,False,False,703,park bench,0.47096688438309137,0.7529674966029356,0.7220920324325562,0.27790796756744385,0.035197801530908804,5.110191506587524
frame_003,frame_009,3,9,30,6,False,False,703,park bench,0.3445164572737345,1.0656134181927115,0.6360412240028381,0.36395877599716187,0.030705552355742287,5.086029725276774
frame_003,frame_010,3,10,30,7,False,False,176,"Saluki, gazelle hound",0.281424477931012,1.267891151834002,0.6502265334129333,0.34977346658706665,0.039038847638863956,4.996028319101054
frame_003,frame_011,3,11,30,8,False,False,176,"Saluki, gazelle hound",0.3823971122758231,0.9612956494133647,0.6414053440093994,0.3585946559906006,0.032842953135233575,5.078168166571489
frame_003,frame_012,3,12,30,9,False,False,176,"Saluki, gazelle hound",0.6698543906749088,0.40069491756701847,0.8023284673690796,0.1976715326309204,0.032757807615340834,5.0725998131086385
frame_003,frame_013,3,13,30,10,False,False,690,oxcart,0.24579292959325683,1.4032658471408244,0.6328157186508179,0.36718428134918213,0.026990240568352312,5.096947352568473
frame_003,frame_014,3,14,30,11,False,False,690,oxcart,0.4490198782689784,0.8006881199058897,0.7439985871315002,0.25600141286849976,0.03726323241115271,5.09045418723279
frame_003,frame_015,3,15,30,12,False,True,703,park bench,0.2243111806174123,1.4947209919866786,0.5595017671585083,0.4404982328414917,0.03619106083361727,5.0744523646147055
frame_003,frame_016,3,16,30,13,False,False,267,standard poodle,0.18456334728101964,1.689762528734617,0.5606030225753784,0.4393969774246216,0.044163518504788786,5.039310555459149
frame_003,frame_017,3,17,30,14,False,False,703,park bench,0.3271551318097337,1.1173208113772732,0.612591028213501,0.387408971786499,0.034227133267979944,5.078280887211416
frame_003,frame_018,3,18,30,15,False,False,981,"ballplayer, baseball player",0.34507627048911826,1.0639898125025047,0.6872057914733887,0.31279420852661133,0.04911891013604646,5.087373136613936
frame_003,frame_019,3,19,30,16,False,False,176,"Saluki, gazelle hound",0.5443214211241456,0.6082153589532657,0.6933525204658508,0.30664747953414917,0.05913597329729308,5.06218678371936
frame_003,frame_000,3,0,40,-3,False,False,427,"barrel, cask",0.9535190879144683,0.04759583535392087,0.9621262550354004,0.03787374496459961,0.1281216176641648,3.7278260762541153
frame_003,frame_001,3,1,40,-2,False,False,427,"barrel, cask",0.9646765251657854,0.035962440919690974,0.9700115323066711,0.029988467693328857,0.0938825293639264,3.7197921214811998
frame_003,frame_002,3,2,40,-1,True,False,427,"barrel, cask",0.9834961835913146,0.01664152159642951,0.9839980602264404,0.01600193977355957,0.09035603777557093,3.7684761750484994
frame_003,frame_004,3,4,40,1,False,False,427,"barrel, cask",0.8676305686517489,0.14198926707270942,0.890394389629364,0.10960561037063599,0.07712088546110049,3.898366394659174
frame_003,frame_005,3,5,40,2,False,False,427,"barrel, cask",0.4269151663273401,0.8511699591982111,0.6990329027175903,0.30096709728240967,0.0942719213322639,3.932988267434011
frame_003,frame_006,3,6,40,3,False,False,703,park bench,0.6192450100444903,0.4792542687081296,0.7874075770378113,0.21259242296218872,0.062018342572597605,3.9606214196557348
frame_003,frame_007,3,7,40,4,False,False,703,park bench,0.9129815552287893,0.09103960096934527,0.9291031956672668,0.07089680433273315,0.08162265231774869,3.9425705364526955
frame_003,frame_008,3,8,40,5,False,False,703,park bench,0.6998718311893983,0.35685805900413214,0.7908145189285278,0.20918548107147217,0.0732563865874636,3.9269441289944513
frame_003,frame_009,3,9,40,6,False,False,703,park bench,0.5638385913804654,0.5729872539385905,0.7622135281562805,0.23778647184371948,0.07228523306372434,4.014060829218602
frame_003,frame_010,3,10,40,7,False,False,703,park bench,0.38892711902894495,0.944363307598147,0.739278256893158,0.26072174310684204,0.07421834642526313,3.9279164058894525
frame_003,frame_011,3,11,40,8,False,False,222,kuvasz,0.2703176342018784,1.308157588457111,0.6376515626907349,0.36234843730926514,0.06942798834903308,3.9012556351930376
frame_003,frame_012,3,12,40,9,False,False,690,oxcart,0.421658590279765,0.8635593201587799,0.6900156736373901,0.30998432636260986,0.07205725415583512,3.945876330851528
frame_003,frame_013,3,13,40,10,False,False,690,oxcart,0.39483270157266154,0.9292931441219272,0.6700178384780884,0.3299821615219116,0.08447376711420755,3.8501289906038894
frame_003,frame_014,3,14,40,11,False,False,690,oxcart,0.7238691531487176,0.32314463062478005,0.8083404302597046,0.1916595697402954,0.07580077512603603,3.864538481831597
frame_003,frame_015,3,15,40,12,False,False,843,swing,0.351927220507864,1.04433088468266,0.6886241436004639,0.31137585639953613,0.13172274748325147,3.7286051220298395
frame_003,frame_016,3,16,40,13,False,False,222,kuvasz,0.35978977039320925,1.0222353892395075,0.6288051605224609,0.37119483947753906,0.10601867748865061,3.7558974330508783
frame_003,frame_017,3,17,40,14,False,False,843,swing,0.465463319442676,0.7647219835594958,0.7372304201126099,0.26276957988739014,0.0746024977980937,3.831364219287718
frame_003,frame_018,3,18,40,15,False,False,703,park bench,0.34773259659803724,1.05632149515906,0.7380357980728149,0.26196420192718506,0.08051447747851409,3.79008389720969
frame_003,frame_019,3,19,40,16,False,True,981,"ballplayer, baseball player",0.23748308377089847,1.4376588842719453,0.6011539697647095,0.3988460302352905,0.14572760794950834,3.7372808011027736
frame_003,frame_000,3,0,50,-3,False,False,427,"barrel, cask",0.877973539519948,0.13013882302217142,0.926745593547821,0.07325440645217896,0.08053051084587703,4.320284212522074
frame_003,frame_001,3,1,50,-2,False,False,427,"barrel, cask",0.9447233653215501,0.056863129453150946,0.9593470096588135,0.04065299034118652,0.07439631960373917,4.4432482041412245
frame_003,frame_002,3,2,50,-1,True,False,427,"barrel, cask",0.9619071580828116,0.038837342243176365,0.9688401222229004,0.03115987777709961,0.06341165348042682,4.426424604007632
frame_003,frame_004,3,4,50,1,False,False,427,"barrel, cask",0.6555910333947852,0.4222181091511037,0.7877044677734375,0.2122955322265625,0.07182129331273204,4.366930342228633
frame_003,frame_005,3,5,50,2,False,False,703,park bench,0.2513912086280829,1.3807449530950286,0.6522414684295654,0.34775853157043457,0.129111184133454,4.251539463152856
frame_003,frame_006,3,6,50,3,False,False,703,park bench,0.7032774514778305,0.35200379721180397,0.8025108575820923,0.19748914241790771,0.08271351500054062,4.349501612862799
frame_003,frame_007,3,7,50,4,False,False,703,park bench,0.9541331939073247,0.04695200102423547,0.9567227959632874,0.043277204036712646,0.07284420059727997,4.445418624520681
frame_003,frame_008,3,8,50,5,False,False,703,park bench,0.7722811333204355,0.25840663291619936,0.8384786248207092,0.16152137517929077,0.0743980565553128,4.369846099096678
frame_003,frame_009,3,9,50,6,False,False,703,park bench,0.7165143125825502,0.3333570562224937,0.8198736310005188,0.1801263689994812,0.08004214637773452,4.3783947801882235
frame_003,frame_010,3,10,50,7,False,False,427,"barrel, cask",0.42567100101679517,0.8540885291712046,0.789038896560669,0.21096110343933105,0.10254562786564683,4.265505530848133
frame_003,frame_011,3,11,50,8,False,True,427,"barrel, cask",0.22399450373154114,1.496133764340895,0.634406328201294,0.36559367179870605,0.100072626341875,4.165721358187045
frame_003,frame_012,3,12,50,9,False,False,690,oxcart,0.4809484035543464,0.731995283747902,0.7106359004974365,0.2893640995025635,0.12822106739267433,4.106455825372791
frame_003,frame_013,3,13,50,10,False,False,690,oxcart,0.41621973373445087,0.8765419520801778,0.6644651889801025,0.33553481101989746,0.14515536658316824,4.103546087044625
frame_003,frame_014,3,14,50,11,False,False,690,oxcart,0.7023813674851971,0.35327876394189506,0.8174905776977539,0.1825094223022461,0.1419780511875982,4.202233726126609
frame_003,frame_015,3,15,50,12,False,False,222,kuvasz,0.37394624614705874,0.9836432187768249,0.6630699634552002,0.3369300365447998,0.05308727752678031,4.471840137578299
frame_003,frame_016,3,16,50,13,False,False,222,kuvasz,0.3826220880176469,0.9607074922841763,0.6751923561096191,0.32480764389038086,0.07464603220139672,4.215113974897975
frame_003,frame_017,3,17,50,14,False,False,981,"ballplayer, baseball player",0.3503223073078416,1.0489016702243124,0.6588466763496399,0.3411533236503601,0.06212317561658143,4.3417918214580915
frame_003,frame_018,3,18,50,15,False,False,981,"ballplayer, baseball player",0.6193099274988259,0.47914944097311807,0.775102436542511,0.224897563457489,0.06659165778465134,4.268396621397226
frame_003,frame_019,3,19,50,16,False,False,981,"ballplayer, baseball player",0.5930573633686697,0.5224641504829792,0.74164879322052,0.25835120677948,0.06190298021381592,4.276222549862819
frame_004,frame_000,4,0,5,-4,False,False,456,bow,0.43312333593265034,0.8367327510478888,0.6391266584396362,0.36087334156036377,0.035825096014007324,4.995272337623426
frame_004,frame_001,4,1,5,-3,True,False,456,bow,0.47302165265640733,0.7486141142516787,0.6509323120117188,0.34906768798828125,0.03312808271730733,5.035421792912887
frame_004,frame_002,4,2,5,-2,False,False,456,bow,0.34248961790837107,1.0715139344155844,0.6339419484138489,0.3660580515861511,0.03659819471077865,5.052971936762843
frame_004,frame_003,4,3,5,-1,False,False,876,"tub, vat",0.2894853052241593,1.239650742413994,0.6179662942886353,0.38203370571136475,0.02526753445539821,5.075597398076862
frame_004,frame_005,4,5,5,1,False,False,703,park bench,0.1708068641234378,1.767221810358853,0.5286301374435425,0.4713698625564575,0.027363959815147484,5.072198900259627
frame_004,frame_006,4,6,5,2,False,False,703,park bench,0.22499785877332026,1.4916643933860207,0.5607644319534302,0.4392355680465698,0.02346089083624962,5.143910335628693
frame_004,frame_007,4,7,5,3,False,False,703,park bench,0.19880804362746432,1.6154155246754456,0.5988924503326416,0.4011075496673584,0.025636676078216666,5.134984279200728
frame_004,frame_008,4,8,5,4,False,False,416,"balance beam, beam",0.2845190384197903,1.2569551087802369,0.645402193069458,0.354597806930542,0.02910664661005893,5.1124272713007235
frame_004,frame_009,4,9,5,5,False,False,981,"ballplayer, baseball player",0.20703415377156717,1.5748715052612499,0.5838593244552612,0.41614067554473877,0.025495595883367826,5.095035799109758
frame_004,frame_010,4,10,5,6,False,False,416,"balance beam, beam",0.16186603212131184,1.8209862480857568,0.5364500284194946,0.46354997158050537,0.028134595339677822,5.065597410983261
frame_004,frame_011,4,11,5,7,False,False,416,"balance beam, beam",0.13344365491278773,2.014075950812837,0.5108722448348999,0.4891277551651001,0.027143878953567433,5.020059571177409
frame_004,frame_012,4,12,5,8,False,False,345,ox,0.19142987764407085,1.6532337116019704,0.5002516508102417,0.4997483491897583,0.02750795328074669,5.008813761740682
frame_004,frame_013,4,13,5,9,False,True,690,oxcart,0.15665107543315565,1.8537343964102106,0.4997352957725525,0.5002647042274475,0.030735442174771307,5.0058099515100976
frame_004,frame_014,4,14,5,10,False,False,690,oxcart,0.16305512448976886,1.81366694829393,0.5505906939506531,0.4494093060493469,0.030477239332772688,5.026436544225209
frame_004,frame_015,4,15,5,11,False,False,416,"balance beam, beam",0.22170583446314748,1.5064038457772089,0.5605427026748657,0.4394572973251343,0.02543080223734244,5.0602304490780625
frame_004,frame_016,4,16,5,12,False,False,981,"ballplayer, baseball player",0.22552440060475004,1.4893269192203746,0.5261799097061157,0.4738200902938843,0.028019111278510787,5.014094170433245
frame_004,frame_017,4,17,5,13,False,False,981,"ballplayer, baseball player",0.36507083837026255,1.0076638665035444,0.6252011060714722,0.37479889392852783,0.025173678945961214,5.067278865496453
frame_004,frame_018,4,18,5,14,False,False,981,"ballplayer, baseball player",0.2817875012678983,1.266602033702402,0.609499454498291,0.390500545501709,0.02972173529254632,5.04110103215389
frame_004,frame_019,4,19,5,15,False,False,981,"ballplayer, baseball player",0.15543259279802593,1.8615431281748402,0.5086660981178284,0.49133390188217163,0.026657987644709814,5.033292767024388
frame_004,frame_000,4,0,10,-4,False,False,427,"barrel, cask",0.5555055482723771,0.5878766820632633,0.75243079662323,0.24756920337677002,0.07346752332016042,4.538377971121562
frame_004,frame_001,4,1,10,-3,False,False,690,oxcart,0.36043536457358255,1.0204426321641424,0.7167479395866394,0.2832520604133606,0.07830515513572142,4.586883722998911
frame_004,frame_002,4,2,10,-2,False,False,690,oxcart,0.48120132604231425,0.7314695391865027,0.7570929527282715,0.24290704727172852,0.0889376568151373,4.608171650569401
frame_004,frame_003,4,3,10,-1,False,False,690,oxcart,0.5536868978859183,0.5911559182724151,0.7869836688041687,0.2130163311958313,0.09386210192344883,4.617706768407703
frame_004,frame_005,4,5,10,1,False,False,703,park bench,0.6270799992971713,0.46668115590260273,0.76422119140625,0.23577880859375,0.048467182097196096,4.7614757390885245
frame_004,frame_006,4,6,10,2,False,False,703,park bench,0.7883311436414076,0.23783704434996422,0.8523095846176147,0.14769041538238525,0.04432971323620835,4.767696585359012
frame_004,frame_007,4,7,10,3,True,False,703,park bench,0.7395081918570741,0.301769919330672,0.87115478515625,0.12884521484375,0.05140247724989653,4.7227137495223115
frame_004,frame_008,4,8,10,4,False,False,416,"balance beam, beam",0.720351137407092,0.3280164950113815,0.8428562879562378,0.1571437120437622,0.04747078607114602,4.680719102243952
frame_004,frame_009,4,9,10,5,False,False,703,park bench,0.490875779716257,0.7115641776640239,0.7742506265640259,0.22574937343597412,0.04735807286735506,4.743277941697748
frame_004,frame_010,4,10,10,6,False,False,703,park bench,0.42539440696669284,0.8547385240064921,0.6992111802101135,0.3007888197898865,0.06712529172122522,4.68653020348653
frame_004,frame_011,4,11,10,7,False,False,690,oxcart,0.23235334948826275,1.4594960078534722,0.6690607070922852,0.33093929290771484,0.04981960832508976,4.692317985552666
frame_004,frame_012,4,12,10,8,False,False,690,oxcart,0.4837669694199472,0.7261519563491123,0.7841253280639648,0.21587467193603516,0.05035633862216829,4.627720705018737
frame_004,frame_013,4,13,10,9,False,False,690,oxcart,0.5600950417845953,0.5796487921808313,0.8534557819366455,0.1465442180633545,0.06678423407533185,4.478641717278192
frame_004,frame_014,4,14,10,10,False,False,690,oxcart,0.7243847242460452,0.3224326406523659,0.8649649024009705,0.13503509759902954,0.0408489496148941,4.716123500770742
frame_004,frame_015,4,15,10,11,False,False,416,"balance beam, beam",0.40240629916464027,0.9102930063314554,0.7076969146728516,0.29230308532714844,0.053247221559590475,4.698362233494619
frame_004,frame_016,4,16,10,12,False,True,690,oxcart,0.1968575610437108,1.6252748521511713,0.5906793475151062,0.4093206524848938,0.05788500641881219,4.550332722075582
frame_004,frame_017,4,17,10,13,False,False,416,"balance beam, beam",0.5031906537165381,0.6867861474636735,0.759023129940033,0.24097687005996704,0.051531056335432965,4.568364447062725
frame_004,frame_018,4,18,10,14,False,False,416,"balance beam, beam",0.7453845880096326,0.2938549682848457,0.8499241471290588,0.15007585287094116,0.06314468402941886,4.4185086942980485
frame_004,frame_019,4,19,10,15,False,False,416,"balance beam, beam",0.3812720147632116,0.9642422090864048,0.6765185594558716,0.3234814405441284,0.07258584932650697,4.496558897408836
frame_004,frame_000,4,0,20,-4,False,False,427,"barrel, cask",0.8954357929792834,0.11044475968420309,0.9076558351516724,0.09234416484832764,0.030057533258883943,5.048472809638066
frame_004,frame_001,4,1,20,-3,True,False,427,"barrel, cask",0.9226520650348795,0.08050307650588806,0.9323467016220093,0.06765329837799072,0.02577952462895925,5.179874193286938
frame_004,frame_002,4,2,20,-2,False,False,427,"barrel, cask",0.9275325115483121,0.07522743223260764,0.9323031306266785,0.06769686937332153,0.026562815915022433,5.152459570976525
frame_004,frame_003,4,3,20,-1,False,False,427,"barrel, cask",0.6477663516166937,0.43422521614306797,0.7525835037231445,0.24741649627685547,0.029336036955884343,5.2009743528286645
frame_004,frame_005,4,5,20,1,False,False,427,"barrel, cask",0.3503245719229348,1.0488952058692702,0.5841547250747681,0.41584527492523193,0.032464157351425764,5.221435608546576
frame_004,frame_006,4,6,20,2,False,False,703,park bench,0.1421939244334909,1.9505634880286338,0.5318683385848999,0.4681316614151001,0.03180507604411396,5.20305576424495
frame_004,frame_007,4,7,20,3,False,False,703,park bench,0.3152200492584619,1.1544843149678234,0.5959129333496094,0.4040870666503906,0.02716694219147046,5.173684546963006
frame_004,frame_008,4,8,20,4,False,False,830,stretcher,0.3415922932660227,1.0741373780188734,0.5705919861793518,0.4294080138206482,0.03579165393918604,5.108042805628273
frame_004,frame_009,4,9,20,5,False,False,830,stretcher,0.21735227110603952,1.5262358725288214,0.536159873008728,0.463840126991272,0.027603974853976265,5.171099347697575
frame_004,frame_010,4,10,20,6,False,False,830,stretcher,0.19433218300851957,1.638186300655938,0.5399535894393921,0.4600464105606079,0.026810320226507096,5.1773577369568144
frame_004,frame_011,4,11,20,7,False,False,830,stretcher,0.20984301991346926,1.5613955520217893,0.5314674973487854,0.4685325026512146,0.03400546689667362,5.107223608473289
frame_004,frame_012,4,12,20,8,False,False,690,oxcart,0.37735284050914936,0.9745746127609762,0.6293631792068481,0.37063682079315186,0.037538454411427294,5.093928493739724
frame_004,frame_013,4,13,20,9,False,False,690,oxcart,0.3725944640656689,0.987264678505086,0.5941082239151001,0.4058917760848999,0.041432795457363364,5.017925491797484
frame_004,frame_014,4,14,20,10,False,False,690,oxcart,0.6223968934328593,0.4741772974015246,0.7349047064781189,0.2650952935218811,0.03169565601912553,5.040369018144871
frame_004,frame_015,4,15,20,11,False,False,830,stretcher,0.2252910860128961,1.4903619972938245,0.5289996266365051,0.4710003733634949,0.033881370034026116,5.108085856561669
frame_004,frame_016,4,16,20,12,False,False,267,standard poodle,0.28539678164675575,1.2538748506436423,0.5607526302337646,0.43924736976623535,0.030909567974723023,5.012845528789111
frame_004,frame_017,4,17,20,13,False,False,981,"ballplayer, baseball player",0.20170281151320996,1.600959895035282,0.5408183336257935,0.45918166637420654,0.031741537271859036,5.010756792327157
frame_004,frame_018,4,18,20,14,False,False,981,"ballplayer, baseball player",0.4398558393094884,0.8213082436878452,0.641482949256897,0.358517050743103,0.04158894020669136,4.977223684685155
frame_004,frame_019,4,19,20,15,False,True,249,"malamute, malemute, Alaskan malamute",0.11542748678663599,2.1591127662109346,0.46729743480682373,0.5327025651931763,0.05341852762219006,4.954293145209527
frame_004,frame_000,4,0,30,-4,False,False,427,"barrel, cask",0.8937867294733715,0.1122880899040718,0.9170268177986145,0.0829731822013855,0.02716152233120829,5.129238627690567
frame_004,frame_001,4,1,30,-3,False,False,427,"barrel, cask",0.965317349870361,0.035298371736452505,0.9677907824516296,0.03220921754837036,0.026123331810354384,5.162398999060312
frame_004,frame_002,4,2,30,-2,True,False,427,"barrel, cask",0.9727020487545943,0.027677462853594736,0.9727835059165955,0.02721649408340454,0.02894067198775412,5.150101788054877
frame_004,frame_003,4,3,30,-1,False,False,427,"barrel, cask",0.6939780721403112,0.36531491531411664,0.791993260383606,0.20800673961639404,0.026274906684758917,5.1539981629815435
frame_004,frame_005,4,5,30,1,False,False,427,"barrel, cask",0.32735099955959934,1.1167222906107743,0.6224814653396606,0.37751853466033936,0.03404089025110781,5.1593288762767475
frame_004,frame_006,4,6,30,2,False,False,703,park bench,0.5401526027666304,0.6159035816310481,0.7071157097816467,0.29288429021835327,0.039098918178696804,5.182262426822215
frame_004,frame_007,4,7,30,3,False,False,703,park bench,0.7990845027565503,0.22428857816162928,0.8602330684661865,0.13976693153381348,0.03799384040674627,5.128602166726665
frame_004,frame_008,4,8,30,4,False,False,703,park bench,0.47096688438309137,0.7529674966029356,0.7220920324325562,0.27790796756744385,0.03658939865182128,5.101077917908577
frame_004,frame_009,4,9,30,5,False,False,703,park bench,0.3445164572737345,1.0656134181927115,0.6360412240028381,0.36395877599716187,0.033013216714536435,5.087204784306181
frame_004,frame_010,4,10,30,6,False,False,176,"Saluki, gazelle hound",0.281424477931012,1.267891151834002,0.6502265334129333,0.34977346658706665,0.03760131044244066,5.008808324432886
frame_004,frame_011,4,11,30,7,False,False,176,"Saluki, gazelle hound",0.3823971122758231,0.9612956494133647,0.6414053440093994,0.3585946559906006,0.029480915471127106,5.093196280698715
frame_004,frame_012,4,12,30,8,False,False,176,"Saluki, gazelle hound",0.6698543906749088,0.40069491756701847,0.8023284673690796,0.1976715326309204,0.028999838876843903,5.09587424050291
frame_004,frame_013,4,13,30,9,False,False,690,oxcart,0.24579292959325683,1.4032658471408244,0.6328157186508179,0.36718428134918213,0.023620117704658626,5.123050546397042
frame_004,frame_014,4,14,30,10,False,False,690,oxcart,0.4490198782689784,0.8006881199058897,0.7439985871315002,0.25600141286849976,0.03308436949085555,5.108468816993438
frame_004,frame_015,4,15,30,11,False,True,703,park bench,0.2243111806174123,1.4947209919866786,0.5595017671585083,0.4404982328414917,0.03855096179390685,5.096738904010127
frame_004,frame_016,4,16,30,12,False,False,267,standard poodle,0.18456334728101964,1.689762528734617,0.5606030225753784,0.4393969774246216,0.039533723270903154,5.060790279721435
frame_004,frame_017,4,17,30,13,False,False,703,park bench,0.3271551318097337,1.1173208113772732,0.612591028213501,0.387408971786499,0.03721417817481347,5.10182264656606
frame_004,frame_018,4,18,30,14,False,False,981,"ballplayer, baseball player",0.34507627048911826,1.0639898125025047,0.6872057914733887,0.31279420852661133,0.049015265225863164,5.11145464632232
frame_004,frame_019,4,19,30,15,False,False,176,"Saluki, gazelle hound",0.5443214211241456,0.6082153589532657,0.6933525204658508,0.30664747953414917,0.05987486276286363,5.085885910594596
frame_004,frame_000,4,0,40,-4,False,False,427,"barrel, cask",0.9535190879144683,0.04759583535392087,0.9621262550354004,0.03787374496459961,0.12486433829775877,3.727598577312248
frame_004,frame_001,4,1,40,-3,False,False,427,"barrel, cask",0.9646765251657854,0.035962440919690974,0.9700115323066711,0.029988467693328857,0.0916650064072028,3.7059931965598176
frame_004,frame_002,4,2,40,-2,True,False,427,"barrel, cask",0.9834961835913146,0.01664152159642951,0.9839980602264404,0.01600193977355957,0.08927311327364784,3.759272885769059
frame_004,frame_003,4,3,40,-1,False,False,427,"barrel, cask",0.7909713755103226,0.23449349959326637,0.8539729714393616,0.14602702856063843,0.09753471925265272,3.790098905120226
frame_004,frame_005,4,5,40,1,False,False,427,"barrel, cask",0.4269151663273401,0.8511699591982111,0.6990329027175903,0.30096709728240967,0.09428462322675812,3.919419182337556
frame_004,frame_006,4,6,40,2,False,False,703,park bench,0.6192450100444903,0.4792542687081296,0.7874075770378113,0.21259242296218872,0.06408829843652324,3.9511177746869346
frame_004,frame_007,4,7,40,3,False,False,703,park bench,0.9129815552287893,0.09103960096934527,0.9291031956672668,0.07089680433273315,0.08371400859713272,3.927269789279971
frame_004,frame_008,4,8,40,4,False,False,703,park bench,0.6998718311893983,0.35685805900413214,0.7908145189285278,0.20918548107147217,0.0767085033330489,3.9085782140626955
frame_004,frame_009,4,9,40,5,False,False,703,park bench,0.5638385913804654,0.5729872539385905,0.7622135281562805,0.23778647184371948,0.07233318593768465,4.000657369053045
frame_004,frame_010,4,10,40,6,False,False,703,park bench,0.38892711902894495,0.944363307598147,0.739278256893158,0.26072174310684204,0.08258222021499366,3.916371816603763
frame_004,frame_011,4,11,40,7,False,False,222,kuvasz,0.2703176342018784,1.308157588457111,0.6376515626907349,0.36234843730926514,0.07946345900122333,3.8734966973892364
frame_004,frame_012,4,12,40,8,False,False,690,oxcart,0.421658590279765,0.8635593201587799,0.6900156736373901,0.30998432636260986,0.07274933773557486,3.9150649601662115
frame_004,frame_013,4,13,40,9,False,False,690,oxcart,0.39483270157266154,0.9292931441219272,0.6700178384780884,0.3299821615219116,0.09321725293747776,3.8308012201426664
frame_004,frame_014,4,14,40,10,False,False,690,oxcart,0.7238691531487176,0.32314463062478005,0.8083404302597046,0.1916595697402954,0.08008653129570753,3.8715654637333454
frame_004,frame_015,4,15,40,11,False,False,843,swing,0.351927220507864,1.04433088468266,0.6886241436004639,0.31137585639953613,0.13740783605869383,3.6884851961537977
frame_004,frame_016,4,16,40,12,False,False,222,kuvasz,0.35978977039320925,1.0222353892395075,0.6288051605224609,0.37119483947753906,0.10569925048016196,3.7520265188444784
frame_004,frame_017,4,17,40,13,False,False,843,swing,0.465463319442676,0.7647219835594958,0.7372304201126099,0.26276957988739014,0.07421188843575764,3.815394136885532
frame_004,frame_018,4,18,40,14,False,False,703,park bench,0.34773259659803724,1.05632149515906,0.7380357980728149,0.26196420192718506,0.0878573941967681,3.7656626986963255
frame_004,frame_019,4,19,40,15,False,True,981,"ballplayer, baseball player",0.23748308377089847,1.4376588842719453,0.6011539697647095,0.3988460302352905,0.16053919713257878,3.694030553241241
frame_004,frame_000,4,0,50,-4,False,False,427,"barrel, cask",0.877973539519948,0.13013882302217142,0.926745593547821,0.07325440645217896,0.0579081827647072,4.475371861408007
frame_004,frame_001,4,1,50,-3,False,False,427,"barrel, cask",0.9447233653215501,0.056863129453150946,0.9593470096588135,0.04065299034118652,0.0553499693173044,4.579879291022756
frame_004,frame_002,4,2,50,-2,True,False,427,"barrel, cask",0.9619071580828116,0.038837342243176365,0.9688401222229004,0.03115987777709961,0.0537880618221654,4.544513822212506
frame_004,frame_003,4,3,50,-1,False,False,427,"barrel, cask",0.5904406334883159,0.5268861844050421,0.7975770831108093,0.20242291688919067,0.04199416507213431,4.602507327862309
frame_004,frame_005,4,5,50,1,False,False,703,park bench,0.2513912086280829,1.3807449530950286,0.6522414684295654,0.34775853157043457,0.11648231642780398,4.352606111652614
frame_004,frame_006,4,6,50,2,False,False,703,park bench,0.7032774514778305,0.35200379721180397,0.8025108575820923,0.19748914241790771,0.07355795138312743,4.434107682435821
frame_004,frame_007,4,7,50,3,False,False,703,park bench,0.9541331939073247,0.04695200102423547,0.9567227959632874,0.043277204036712646,0.06116993366126725,4.4887732845854424
frame_004,frame_008,4,8,50,4,False,False,703,park bench,0.7722811333204355,0.25840663291619936,0.8384786248207092,0.16152137517929077,0.0861819312358545,4.391210847109269
frame_004,frame_009,4,9,50,5,False,False,703,park bench,0.7165143125825502,0.3333570562224937,0.8198736310005188,0.1801263689994812,0.06603918116050159,4.417966984913317
frame_004,frame_010,4,10,50,6,False,False,427,"barrel, cask",0.42567100101679517,0.8540885291712046,0.789038896560669,0.21096110343933105,0.0817225646324328,4.330600591876812
frame_004,frame_011,4,11,50,7,False,True,427,"barrel, cask",0.22399450373154114,1.496133764340895,0.634406328201294,0.36559367179870605,0.08519818705959191,4.226091430421749
frame_004,frame_012,4,12,50,8,False,False,690,oxcart,0.4809484035543464,0.731995283747902,0.7106359004974365,0.2893640995025635,0.11294437720181441,4.181238902183823
frame_004,frame_013,4,13,50,9,False,False,690,oxcart,0.41621973373445087,0.8765419520801778,0.6644651889801025,0.33553481101989746,0.12571626847891526,4.229177690413829
frame_004,frame_014,4,14,50,10,False,False,690,oxcart,0.7023813674851971,0.35327876394189506,0.8174905776977539,0.1825094223022461,0.12060206243059558,4.299466368984081
frame_004,frame_015,4,15,50,11,False,False,222,kuvasz,0.37394624614705874,0.9836432187768249,0.6630699634552002,0.3369300365447998,0.047944262959995515,4.512604449277921
frame_004,frame_016,4,16,50,12,False,False,222,kuvasz,0.3826220880176469,0.9607074922841763,0.6751923561096191,0.32480764389038086,0.07672437984574719,4.27891676195417
frame_004,frame_017,4,17,50,13,False,False,981,"ballplayer, baseball player",0.3503223073078416,1.0489016702243124,0.6588466763496399,0.3411533236503601,0.054687212248477265,4.441398605254703
frame_004,frame_018,4,18,50,14,False,False,981,"ballplayer, baseball player",0.6193099274988259,0.47914944097311807,0.775102436542511,0.224897563457489,0.0572906853199349,4.338422745188406
frame_004,frame_019,4,19,50,15,False,False,981,"ballplayer, baseball player",0.5930573633686697,0.5224641504829792,0.74164879322052,0.25835120677948,0.05663850320326851,4.333436685121637
frame_005,frame_000,5,0,5,-5,False,False,456,bow,0.43312333593265034,0.8367327510478888,0.6391266584396362,0.36087334156036377,0.035176024251030905,5.0132834689970505
frame_005,frame_001,5,1,5,-4,True,False,456,bow,0.47302165265640733,0.7486141142516787,0.6509323120117188,0.34906768798828125,0.03224467827603792,5.05451794277834
frame_005,frame_002,5,2,5,-3,False,False,456,bow,0.34248961790837107,1.0715139344155844,0.6339419484138489,0.3660580515861511,0.03543478992184131,5.0711972951378
frame_005,frame_003,5,3,5,-2,False,False,876,"tub, vat",0.2894853052241593,1.239650742413994,0.6179662942886353,0.38203370571136475,0.025656717334581622,5.091029580948815
frame_005,frame_004,5,4,5,-1,False,False,703,park bench,0.12447271003198798,2.0836687836346623,0.50589919090271,0.49410080909729004,0.025299325664679396,5.072795559619558
frame_005,frame_006,5,6,5,1,False,False,703,park bench,0.22499785877332026,1.4916643933860207,0.5607644319534302,0.4392355680465698,0.022559924217854882,5.163235358756594
frame_005,frame_007,5,7,5,2,False,False,703,park bench,0.19880804362746432,1.6154155246754456,0.5988924503326416,0.4011075496673584,0.024446042242861184,5.154550744493627
frame_005,frame_008,5,8,5,3,False,False,416,"balance beam, beam",0.2845190384197903,1.2569551087802369,0.645402193069458,0.354597806930542,0.02749053369427063,5.130454227895287
frame_005,frame_009,5,9,5,4,False,False,981,"ballplayer, baseball player",0.20703415377156717,1.5748715052612499,0.5838593244552612,0.41614067554473877,0.025400631098877746,5.1120608584873874
frame_005,frame_010,5,10,5,5,False,False,416,"balance beam, beam",0.16186603212131184,1.8209862480857568,0.5364500284194946,0.46354997158050537,0.02755303684369984,5.083180279926687
frame_005,frame_011,5,11,5,6,False,False,416,"balance beam, beam",0.13344365491278773,2.014075950812837,0.5108722448348999,0.4891277551651001,0.02706278654890618,5.039318814710731
frame_005,frame_012,5,12,5,7,False,False,345,ox,0.19142987764407085,1.6532337116019704,0.5002516508102417,0.4997483491897583,0.02613356689781085,5.026593041942225
frame_005,frame_013,5,13,5,8,False,True,690,oxcart,0.15665107543315565,1.8537343964102106,0.4997352957725525,0.5002647042274475,0.030824758208912867,5.025511157052663
frame_005,frame_014,5,14,5,9,False,False,690,oxcart,0.16305512448976886,1.81366694829393,0.5505906939506531,0.4494093060493469,0.03069437128076179,5.046124689459787
frame_005,frame_015,5,15,5,10,False,False,416,"balance beam, beam",0.22170583446314748,1.5064038457772089,0.5605427026748657,0.4394572973251343,0.02538606566079858,5.07852153539683
frame_005,frame_016,5,16,5,11,False,False,981,"ballplayer, baseball player",0.22552440060475004,1.4893269192203746,0.5261799097061157,0.4738200902938843,0.02780452234517749,5.036515927174136
frame_005,frame_017,5,17,5,12,False,False,981,"ballplayer, baseball player",0.36507083837026255,1.0076638665035444,0.6252011060714722,0.37479889392852783,0.02501446758608923,5.089786843993767
frame_005,frame_018,5,18,5,13,False,False,981,"ballplayer, baseball player",0.2817875012678983,1.266602033702402,0.609499454498291,0.390500545501709,0.028768198423569515,5.061324737250917
frame_005,frame_019,5,19,5,14,False,False,981,"ballplayer, baseball player",0.15543259279802593,1.8615431281748402,0.5086660981178284,0.49133390188217163,0.02698092524797392,5.049734002986332
frame_005,frame_000,5,0,10,-5,False,False,427,"barrel, cask",0.5555055482723771,0.5878766820632633,0.75243079662323,0.24756920337677002,0.07601320736289664,4.516864961410479
frame_005,frame_001,5,1,10,-4,False,False,690,oxcart,0.36043536457358255,1.0204426321641424,0.7167479395866394,0.2832520604133606,0.08171463525979729,4.567127116862035
frame_005,frame_002,5,2,10,-3,False,False,690,oxcart,0.48120132604231425,0.7314695391865027,0.7570929527282715,0.24290704727172852,0.09245824630749842,4.590223680850475
frame_005,frame_003,5,3,10,-2,False,False,690,oxcart,0.5536868978859183,0.5911559182724151,0.7869836688041687,0.2130163311958313,0.09838834382417858,4.594028339777555
frame_005,frame_004,5,4,10,-1,False,False,703,park bench,0.39546477187635276,0.9276935681149259,0.7133579850196838,0.28664201498031616,0.05686355023868783,4.649163721051323
frame_005,frame_006,5,6,10,1,False,False,703,park bench,0.7883311436414076,0.23783704434996422,0.8523095846176147,0.14769041538238525,0.04513083823188723,4.7531894053359816
frame_005,frame_007,5,7,10,2,True,False,703,park bench,0.7395081918570741,0.301769919330672,0.87115478515625,0.12884521484375,0.0537646968641599,4.711984860105792
frame_005,frame_008,5,8,10,3,False,False,416,"balance beam, beam",0.720351137407092,0.3280164950113815,0.8428562879562378,0.1571437120437622,0.048637979026644615,4.668625341013221
frame_005,frame_009,5,9,10,4,False,False,703,park bench,0.490875779716257,0.7115641776640239,0.7742506265640259,0.22574937343597412,0.0516786509650965,4.727709473447371
frame_005,frame_010,5,10,10,5,False,False,703,park bench,0.42539440696669284,0.8547385240064921,0.6992111802101135,0.3007888197898865,0.07301915398984661,4.666790288921188
frame_005,frame_011,5,11,10,6,False,False,690,oxcart,0.23235334948826275,1.4594960078534722,0.6690607070922852,0.33093929290771484,0.053892377959519004,4.672319743127938
frame_005,frame_012,5,12,10,7,False,False,690,oxcart,0.4837669694199472,0.7261519563491123,0.7841253280639648,0.21587467193603516,0.05260214282521247,4.605271111116251
frame_005,frame_013,5,13,10,8,False,False,690,oxcart,0.5600950417845953,0.5796487921808313,0.8534557819366455,0.1465442180633545,0.0714173696573564,4.440505173553187
frame_005,frame_014,5,14,10,9,False,False,690,oxcart,0.7243847242460452,0.3224326406523659,0.8649649024009705,0.13503509759902954,0.04472764889549233,4.699525850662092
frame_005,frame_015,5,15,10,10,False,False,416,"balance beam, beam",0.40240629916464027,0.9102930063314554,0.7076969146728516,0.29230308532714844,0.04979125322801946,4.689762390051994
frame_005,frame_016,5,16,10,11,False,True,690,oxcart,0.1968575610437108,1.6252748521511713,0.5906793475151062,0.4093206524848938,0.05917627162133198,4.527012761028818
frame_005,frame_017,5,17,10,12,False,False,416,"balance beam, beam",0.5031906537165381,0.6867861474636735,0.759023129940033,0.24097687005996704,0.049319170756491275,4.553308357096595
frame_005,frame_018,5,18,10,13,False,False,416,"balance beam, beam",0.7453845880096326,0.2938549682848457,0.8499241471290588,0.15007585287094116,0.06794127887581956,4.405274029709509
frame_005,frame_019,5,19,10,14,False,False,416,"balance beam, beam",0.3812720147632116,0.9642422090864048,0.6765185594558716,0.3234814405441284,0.06911984994631473,4.480270627226216
frame_005,frame_000,5,0,20,-5,False,False,427,"barrel, cask",0.8954357929792834,0.11044475968420309,0.9076558351516724,0.09234416484832764,0.03103990682113476,5.0463431637139085
frame_005,frame_001,5,1,20,-4,True,False,427,"barrel, cask",0.9226520650348795,0.08050307650588806,0.9323467016220093,0.06765329837799072,0.02660541082224368,5.181850505067456
frame_005,frame_002,5,2,20,-3,False,False,427,"barrel, cask",0.9275325115483121,0.07522743223260764,0.9323031306266785,0.06769686937332153,0.02871623729255446,5.147219863798738
frame_005,frame_003,5,3,20,-2,False,False,427,"barrel, cask",0.6477663516166937,0.43422521614306797,0.7525835037231445,0.24741649627685547,0.03256548179762198,5.194064480566086
frame_005,frame_004,5,4,20,-1,False,False,427,"barrel, cask",0.6734745306327188,0.39530510027926646,0.7407971620559692,0.25920283794403076,0.03994174308595412,5.212838303851962
frame_005,frame_006,5,6,20,1,False,False,703,park bench,0.1421939244334909,1.9505634880286338,0.5318683385848999,0.4681316614151001,0.03157288583421504,5.206613679526162
frame_005,frame_007,5,7,20,2,False,False,703,park bench,0.3152200492584619,1.1544843149678234,0.5959129333496094,0.4040870666503906,0.03033633201587763,5.173245744842552
frame_005,frame_008,5,8,20,3,False,False,830,stretcher,0.3415922932660227,1.0741373780188734,0.5705919861793518,0.4294080138206482,0.03459182389737464,5.108368230307677
frame_005,frame_009,5,9,20,4,False,False,830,stretcher,0.21735227110603952,1.5262358725288214,0.536159873008728,0.463840126991272,0.03037803885368705,5.16688846977054
frame_005,frame_010,5,10,20,5,False,False,830,stretcher,0.19433218300851957,1.638186300655938,0.5399535894393921,0.4600464105606079,0.02711256739696245,5.179297239013799
frame_005,frame_011,5,11,20,6,False,False,830,stretcher,0.20984301991346926,1.5613955520217893,0.5314674973487854,0.4685325026512146,0.035700321759130446,5.102977124786962
frame_005,frame_012,5,12,20,7,False,False,690,oxcart,0.37735284050914936,0.9745746127609762,0.6293631792068481,0.37063682079315186,0.04232321626541437,5.0954812831013845
frame_005,frame_013,5,13,20,8,False,False,690,oxcart,0.3725944640656689,0.987264678505086,0.5941082239151001,0.4058917760848999,0.04696161252271664,5.009848649994335
frame_005,frame_014,5,14,20,9,False,False,690,oxcart,0.6223968934328593,0.4741772974015246,0.7349047064781189,0.2650952935218811,0.030552691756088494,5.049357280463696
frame_005,frame_015,5,15,20,10,False,False,830,stretcher,0.2252910860128961,1.4903619972938245,0.5289996266365051,0.4710003733634949,0.03570668471077813,5.112967381817322
frame_005,frame_016,5,16,20,11,False,False,267,standard poodle,0.28539678164675575,1.2538748506436423,0.5607526302337646,0.43924736976623535,0.03196403346509252,5.018866941617144
frame_005,frame_017,5,17,20,12,False,False,981,"ballplayer, baseball player",0.20170281151320996,1.600959895035282,0.5408183336257935,0.45918166637420654,0.034352921509457325,5.005203400268361
frame_005,frame_018,5,18,20,13,False,False,981,"ballplayer, baseball player",0.4398558393094884,0.8213082436878452,0.641482949256897,0.358517050743103,0.046695769199078085,4.968737266503892
frame_005,frame_019,5,19,20,14,False,True,249,"malamute, malemute, Alaskan malamute",0.11542748678663599,2.1591127662109346,0.46729743480682373,0.5327025651931763,0.05824031704049393,4.947181253379885
frame_005,frame_000,5,0,30,-5,False,False,427,"barrel, cask",0.8937867294733715,0.1122880899040718,0.9170268177986145,0.0829731822013855,0.030654311186262273,5.109567241575778
frame_005,frame_001,5,1,30,-4,False,False,427,"barrel, cask",0.965317349870361,0.035298371736452505,0.9677907824516296,0.03220921754837036,0.02640563767471864,5.1491903786724755
frame_005,frame_002,5,2,30,-3,True,False,427,"barrel, cask",0.9727020487545943,0.027677462853594736,0.9727835059165955,0.02721649408340454,0.028930631177998312,5.148070662380537
frame_005,frame_003,5,3,30,-2,False,False,427,"barrel, cask",0.6939780721403112,0.36531491531411664,0.791993260383606,0.20800673961639404,0.023668455187096805,5.151133772180431
frame_005,frame_004,5,4,30,-1,False,False,427,"barrel, cask",0.6422693386885417,0.44274753260305033,0.7517197728157043,0.24828022718429565,0.029560852898716444,5.183337985923463
frame_005,frame_006,5,6,30,1,False,False,703,park bench,0.5401526027666304,0.6159035816310481,0.7071157097816467,0.29288429021835327,0.04578717354399395,5.16855675353872
frame_005,frame_007,5,7,30,2,False,False,703,park bench,0.7990845027565503,0.22428857816162928,0.8602330684661865,0.13976693153381348,0.04339245670490627,5.113894261834629
frame_005,frame_008,5,8,30,3,False,False,703,park bench,0.47096688438309137,0.7529674966029356,0.7220920324325562,0.27790796756744385,0.03951473571637724,5.097511075627925
frame_005,frame_009,5,9,30,4,False,False,703,park bench,0.3445164572737345,1.0656134181927115,0.6360412240028381,0.36395877599716187,0.03518976675480001,5.0750892366394424
frame_005,frame_010,5,10,30,5,False,False,176,"Saluki, gazelle hound",0.281424477931012,1.267891151834002,0.6502265334129333,0.34977346658706665,0.034849807356023214,5.0033072025585845
frame_005,frame_011,5,11,30,6,False,False,176,"Saluki, gazelle hound",0.3823971122758231,0.9612956494133647,0.6414053440093994,0.3585946559906006,0.032816682020723506,5.0749514975960786
frame_005,frame_012,5,12,30,7,False,False,176,"Saluki, gazelle hound",0.6698543906749088,0.40069491756701847,0.8023284673690796,0.1976715326309204,0.03288155441573644,5.093393657294552
frame_005,frame_013,5,13,30,8,False,False,690,oxcart,0.24579292959325683,1.4032658471408244,0.6328157186508179,0.36718428134918213,0.025477040561764454,5.117141261847843
frame_005,frame_014,5,14,30,9,False,False,690,oxcart,0.4490198782689784,0.8006881199058897,0.7439985871315002,0.25600141286849976,0.03644609813623479,5.104757006120963
frame_005,frame_015,5,15,30,10,False,True,703,park bench,0.2243111806174123,1.4947209919866786,0.5595017671585083,0.4404982328414917,0.04118708574623522,5.077662627443198
frame_005,frame_016,5,16,30,11,False,False,267,standard poodle,0.18456334728101964,1.689762528734617,0.5606030225753784,0.4393969774246216,0.04198731181318669,5.045448625257404
frame_005,frame_017,5,17,30,12,False,False,703,park bench,0.3271551318097337,1.1173208113772732,0.612591028213501,0.387408971786499,0.03859620953406766,5.092081531916757
frame_005,frame_018,5,18,30,13,False,False,981,"ballplayer, baseball player",0.34507627048911826,1.0639898125025047,0.6872057914733887,0.31279420852661133,0.05700506283199134,5.0872223821020395
frame_005,frame_019,5,19,30,14,False,False,176,"Saluki, gazelle hound",0.5443214211241456,0.6082153589532657,0.6933525204658508,0.30664747953414917,0.0705152139704943,5.059712335725516
frame_005,frame_000,5,0,40,-5,False,False,427,"barrel, cask",0.9535190879144683,0.04759583535392087,0.9621262550354004,0.03787374496459961,0.12531226759128522,3.7366282819351753
frame_005,frame_001,5,1,40,-4,False,False,427,"barrel, cask",0.9646765251657854,0.035962440919690974,0.9700115323066711,0.029988467693328857,0.09202652349302914,3.727178847400592
frame_005,frame_002,5,2,40,-3,True,False,427,"barrel, cask",0.9834961835913146,0.01664152159642951,0.9839980602264404,0.01600193977355957,0.08801771511948414,3.7855419038666325
frame_005,frame_003,5,3,40,-2,False,False,427,"barrel, cask",0.7909713755103226,0.23449349959326637,0.8539729714393616,0.14602702856063843,0.09027404051426112,3.8086496581852445
frame_005,frame_004,5,4,40,-1,False,False,427,"barrel, cask",0.8676305686517489,0.14198926707270942,0.890394389629364,0.10960561037063599,0.07785061662681197,3.906439901763374
frame_005,frame_006,5,6,40,1,False,False,703,park bench,0.6192450100444903,0.4792542687081296,0.7874075770378113,0.21259242296218872,0.06167718283439205,3.9676661736643255
frame_005,frame_007,5,7,40,2,False,False,703,park bench,0.9129815552287893,0.09103960096934527,0.9291031956672668,0.07089680433273315,0.0835040263129035,3.938683686220487
frame_005,frame_008,5,8,40,3,False,False,703,park bench,0.6998718311893983,0.35685805900413214,0.7908145189285278,0.20918548107147217,0.07989820833481003,3.922388982784015
frame_005,frame_009,5,9,40,4,False,False,703,park bench,0.5638385913804654,0.5729872539385905,0.7622135281562805,0.23778647184371948,0.06398209828896996,4.014026893615557
frame_005,frame_010,5,10,40,5,False,False,703,park bench,0.38892711902894495,0.944363307598147,0.739278256893158,0.26072174310684204,0.07766222732458068,3.9190241085613273
frame_005,frame_011,5,11,40,6,False,False,222,kuvasz,0.2703176342018784,1.308157588457111,0.6376515626907349,0.36234843730926514,0.07236860503179177,3.883366055207863
frame_005,frame_012,5,12,40,7,False,False,690,oxcart,0.421658590279765,0.8635593201587799,0.6900156736373901,0.30998432636260986,0.07125526046994217,3.9193333210794234
frame_005,frame_013,5,13,40,8,False,False,690,oxcart,0.39483270157266154,0.9292931441219272,0.6700178384780884,0.3299821615219116,0.08471082892629409,3.8368374819640887
frame_005,frame_014,5,14,40,9,False,False,690,oxcart,0.7238691531487176,0.32314463062478005,0.8083404302597046,0.1916595697402954,0.07073593246436874,3.88413856536797
frame_005,frame_015,5,15,40,10,False,False,843,swing,0.351927220507864,1.04433088468266,0.6886241436004639,0.31137585639953613,0.12505139403522644,3.699868726449715
frame_005,frame_016,5,16,40,11,False,False,222,kuvasz,0.35978977039320925,1.0222353892395075,0.6288051605224609,0.37119483947753906,0.10239917687335749,3.755742086592371
frame_005,frame_017,5,17,40,12,False,False,843,swing,0.465463319442676,0.7647219835594958,0.7372304201126099,0.26276957988739014,0.07239217881612586,3.830816663104339
frame_005,frame_018,5,18,40,13,False,False,703,park bench,0.34773259659803724,1.05632149515906,0.7380357980728149,0.26196420192718506,0.08031503701848813,3.789137165661375
frame_005,frame_019,5,19,40,14,False,True,981,"ballplayer, baseball player",0.23748308377089847,1.4376588842719453,0.6011539697647095,0.3988460302352905,0.15140188132651197,3.7208952155959754
frame_005,frame_000,5,0,50,-5,False,False,427,"barrel, cask",0.877973539519948,0.13013882302217142,0.926745593547821,0.07325440645217896,0.060640785364651756,4.50447986535543
frame_005,frame_001,5,1,50,-4,False,False,427,"barrel, cask",0.9447233653215501,0.056863129453150946,0.9593470096588135,0.04065299034118652,0.05403323014955693,4.614710678032715
frame_005,frame_002,5,2,50,-3,True,False,427,"barrel, cask",0.9619071580828116,0.038837342243176365,0.9688401222229004,0.03115987777709961,0.043355569091143555,4.597816637189881
frame_005,frame_003,5,3,50,-2,False,False,427,"barrel, cask",0.5904406334883159,0.5268861844050421,0.7975770831108093,0.20242291688919067,0.040523875162403224,4.640560146147164
frame_005,frame_004,5,4,50,-1,False,False,427,"barrel, cask",0.6555910333947852,0.4222181091511037,0.7877044677734375,0.2122955322265625,0.06057875842070631,4.562077289909592
frame_005,frame_006,5,6,50,1,False,False,703,park bench,0.7032774514778305,0.35200379721180397,0.8025108575820923,0.19748914241790771,0.053738343871992895,4.5003656029536465
frame_005,frame_007,5,7,50,2,False,False,703,park bench,0.9541331939073247,0.04695200102423547,0.9567227959632874,0.043277204036712646,0.05391535142908724,4.515558838160995
frame_005,frame_008,5,8,50,3,False,False,703,park bench,0.7722811333204355,0.25840663291619936,0.8384786248207092,0.16152137517929077,0.0735717260341324,4.426557713306746
frame_005,frame_009,5,9,50,4,False,False,703,park bench,0.7165143125825502,0.3333570562224937,0.8198736310005188,0.1801263689994812,0.07094082889493096,4.4261636984819335
frame_005,frame_010,5,10,50,5,False,False,427,"barrel, cask",0.42567100101679517,0.8540885291712046,0.789038896560669,0.21096110343933105,0.08981216099978927,4.353957239390914
frame_005,frame_011,5,11,50,6,False,True,427,"barrel, cask",0.22399450373154114,1.496133764340895,0.634406328201294,0.36559367179870605,0.09503210941510741,4.250267828187505
frame_005,frame_012,5,12,50,7,False,False,690,oxcart,0.4809484035543464,0.731995283747902,0.7106359004974365,0.2893640995025635,0.09796409281116861,4.24002825872631
frame_005,frame_013,5,13,50,8,False,False,690,oxcart,0.41621973373445087,0.8765419520801778,0.6644651889801025,0.33553481101989746,0.09399638267381885,4.295874640379829
frame_005,frame_014,5,14,50,9,False,False,690,oxcart,0.7023813674851971,0.35327876394189506,0.8174905776977539,0.1825094223022461,0.10028950158299614,4.357852687207159
frame_005,frame_015,5,15,50,10,False,False,222,kuvasz,0.37394624614705874,0.9836432187768249,0.6630699634552002,0.3369300365447998,0.04849967681220052,4.515998171072491
frame_005,frame_016,5,16,50,11,False,False,222,kuvasz,0.3826220880176469,0.9607074922841763,0.6751923561096191,0.32480764389038086,0.06672427160590821,4.310441968778351
frame_005,frame_017,5,17,50,12,False,False,981,"ballplayer, baseball player",0.3503223073078416,1.0489016702243124,0.6588466763496399,0.3411533236503601,0.0510959930394181,4.444597078202846
frame_005,frame_018,5,18,50,13,False,False,981,"ballplayer, baseball player",0.6193099274988259,0.47914944097311807,0.775102436542511,0.224897563457489,0.054993196213347646,4.372332402848711
frame_005,frame_019,5,19,50,14,False,False,981,"ballplayer, baseball player",0.5930573633686697,0.5224641504829792,0.74164879322052,0.25835120677948,0.0614047042150453,4.342402969135931
frame_006,frame_000,6,0,5,-6,False,False,456,bow,0.43312333593265034,0.8367327510478888,0.6391266584396362,0.36087334156036377,0.033760856747881325,5.0498161839721325
frame_006,frame_001,6,1,5,-5,True,False,456,bow,0.47302165265640733,0.7486141142516787,0.6509323120117188,0.34906768798828125,0.03111136823225071,5.093493005140523
frame_006,frame_002,6,2,5,-4,False,False,456,bow,0.34248961790837107,1.0715139344155844,0.6339419484138489,0.3660580515861511,0.03405757223389183,5.1070381566007335
frame_006,frame_003,6,3,5,-3,False,False,876,"tub, vat",0.2894853052241593,1.239650742413994,0.6179662942886353,0.38203370571136475,0.024105990394270468,5.129116714902297
frame_006,frame_004,6,4,5,-2,False,False,703,park bench,0.12447271003198798,2.0836687836346623,0.50589919090271,0.49410080909729004,0.02391394560851016,5.107982605306504
frame_006,frame_005,6,5,5,-1,False,False,703,park bench,0.1708068641234378,1.767221810358853,0.5286301374435425,0.4713698625564575,0.02682885186756296,5.120643633246226
frame_006,frame_007,6,7,5,1,False,False,703,park bench,0.19880804362746432,1.6154155246754456,0.5988924503326416,0.4011075496673584,0.024672787832731826,5.181389543571225
frame_006,frame_008,6,8,5,2,False,False,416,"balance beam, beam",0.2845190384197903,1.2569551087802369,0.645402193069458,0.354597806930542,0.027616065431401875,5.152148485609903
frame_006,frame_009,6,9,5,3,False,False,981,"ballplayer, baseball player",0.20703415377156717,1.5748715052612499,0.5838593244552612,0.41614067554473877,0.023787654817084544,5.13451829449153
frame_006,frame_010,6,10,5,4,False,False,416,"balance beam, beam",0.16186603212131184,1.8209862480857568,0.5364500284194946,0.46354997158050537,0.027784713069107108,5.105930223136054
frame_006,frame_011,6,11,5,5,False,False,416,"balance beam, beam",0.13344365491278773,2.014075950812837,0.5108722448348999,0.4891277551651001,0.02573310893651064,5.0614740703401715
frame_006,frame_012,6,12,5,6,False,False,345,ox,0.19142987764407085,1.6532337116019704,0.5002516508102417,0.4997483491897583,0.02577835693713935,5.05198607901038
frame_006,frame_013,6,13,5,7,False,True,690,oxcart,0.15665107543315565,1.8537343964102106,0.4997352957725525,0.5002647042274475,0.028996832284719068,5.05380883775552
frame_006,frame_014,6,14,5,8,False,False,690,oxcart,0.16305512448976886,1.81366694829393,0.5505906939506531,0.4494093060493469,0.028157832195806237,5.0735855540354295
frame_006,frame_015,6,15,5,9,False,False,416,"balance beam, beam",0.22170583446314748,1.5064038457772089,0.5605427026748657,0.4394572973251343,0.024617960693791092,5.09868075510425
frame_006,frame_016,6,16,5,10,False,False,981,"ballplayer, baseball player",0.22552440060475004,1.4893269192203746,0.5261799097061157,0.4738200902938843,0.027958227190857204,5.05691491364658
frame_006,frame_017,6,17,5,11,False,False,981,"ballplayer, baseball player",0.36507083837026255,1.0076638665035444,0.6252011060714722,0.37479889392852783,0.02385474060555196,5.110131484222073
frame_006,frame_018,6,18,5,12,False,False,981,"ballplayer, baseball player",0.2817875012678983,1.266602033702402,0.609499454498291,0.390500545501709,0.028796240336528684,5.07814310959162
frame_006,frame_019,6,19,5,13,False,False,981,"ballplayer, baseball player",0.15543259279802593,1.8615431281748402,0.5086660981178284,0.49133390188217163,0.024789947399041612,5.067378367951137
frame_006,frame_000,6,0,10,-6,False,False,427,"barrel, cask",0.5555055482723771,0.5878766820632633,0.75243079662323,0.24756920337677002,0.0679623862521767,4.572187759007297
frame_006,frame_001,6,1,10,-5,False,False,690,oxcart,0.36043536457358255,1.0204426321641424,0.7167479395866394,0.2832520604133606,0.0746688335888564,4.641190096040811
frame_006,frame_002,6,2,10,-4,False,False,690,oxcart,0.48120132604231425,0.7314695391865027,0.7570929527282715,0.24290704727172852,0.08519127521717497,4.652531154038549
frame_006,frame_003,6,3,10,-3,False,False,690,oxcart,0.5536868978859183,0.5911559182724151,0.7869836688041687,0.2130163311958313,0.09326679980424578,4.662588011712478
frame_006,frame_004,6,4,10,-2,False,False,703,park bench,0.39546477187635276,0.9276935681149259,0.7133579850196838,0.28664201498031616,0.05355974260080836,4.701379269079572
frame_006,frame_005,6,5,10,-1,False,False,703,park bench,0.6270799992971713,0.46668115590260273,0.76422119140625,0.23577880859375,0.050162387409938045,4.783729861324609
frame_006,frame_007,6,7,10,1,True,False,703,park bench,0.7395081918570741,0.301769919330672,0.87115478515625,0.12884521484375,0.05099634930983013,4.756855321043931
frame_006,frame_008,6,8,10,2,False,False,416,"balance beam, beam",0.720351137407092,0.3280164950113815,0.8428562879562378,0.1571437120437622,0.05375374378169321,4.685124824366562
frame_006,frame_009,6,9,10,3,False,False,703,park bench,0.490875779716257,0.7115641776640239,0.7742506265640259,0.22574937343597412,0.051720230613526784,4.752039206574663
frame_006,frame_010,6,10,10,4,False,False,703,park bench,0.42539440696669284,0.8547385240064921,0.6992111802101135,0.3007888197898865,0.07398928889207895,4.71108229556563
frame_006,frame_011,6,11,10,5,False,False,690,oxcart,0.23235334948826275,1.4594960078534722,0.6690607070922852,0.33093929290771484,0.05264726810322065,4.709538989079839
frame_006,frame_012,6,12,10,6,False,False,690,oxcart,0.4837669694199472,0.7261519563491123,0.7841253280639648,0.21587467193603516,0.05594066470147023,4.637482516194396
frame_006,frame_013,6,13,10,7,False,False,690,oxcart,0.5600950417845953,0.5796487921808313,0.8534557819366455,0.1465442180633545,0.07545868237334767,4.465305543667353
frame_006,frame_014,6,14,10,8,False,False,690,oxcart,0.7243847242460452,0.3224326406523659,0.8649649024009705,0.13503509759902954,0.04362762346631624,4.715010189801486
frame_006,frame_015,6,15,10,9,False,False,416,"balance beam, beam",0.40240629916464027,0.9102930063314554,0.7076969146728516,0.29230308532714844,0.04795284582642248,4.719057345875713
frame_006,frame_016,6,16,10,10,False,True,690,oxcart,0.1968575610437108,1.6252748521511713,0.5906793475151062,0.4093206524848938,0.06450905780856529,4.5469121394618615
frame_006,frame_017,6,17,10,11,False,False,416,"balance beam, beam",0.5031906537165381,0.6867861474636735,0.759023129940033,0.24097687005996704,0.049123864858847746,4.581665260891974
frame_006,frame_018,6,18,10,12,False,False,416,"balance beam, beam",0.7453845880096326,0.2938549682848457,0.8499241471290588,0.15007585287094116,0.07280461378976937,4.437312702580256
frame_006,frame_019,6,19,10,13,False,False,416,"balance beam, beam",0.3812720147632116,0.9642422090864048,0.6765185594558716,0.3234814405441284,0.062059311597102304,4.520541219739018
frame_006,frame_000,6,0,20,-6,False,False,427,"barrel, cask",0.8954357929792834,0.11044475968420309,0.9076558351516724,0.09234416484832764,0.031572729853009684,5.104636488720539
frame_006,frame_001,6,1,20,-5,True,False,427,"barrel, cask",0.9226520650348795,0.08050307650588806,0.9323467016220093,0.06765329837799072,0.025333317175211544,5.226941353922019
frame_006,frame_002,6,2,20,-4,False,False,427,"barrel, cask",0.9275325115483121,0.07522743223260764,0.9323031306266785,0.06769686937332153,0.029569245373581434,5.2053948293821115
frame_006,frame_003,6,3,20,-3,False,False,427,"barrel, cask",0.6477663516166937,0.43422521614306797,0.7525835037231445,0.24741649627685547,0.023342585186799727,5.247948832756439
frame_006,frame_004,6,4,20,-2,False,False,427,"barrel, cask",0.6734745306327188,0.39530510027926646,0.7407971620559692,0.25920283794403076,0.03352182779457867,5.27444417972497
frame_006,frame_005,6,5,20,-1,False,False,427,"barrel, cask",0.3503245719229348,1.0488952058692702,0.5841547250747681,0.41584527492523193,0.03122221710483998,5.271073335263701
frame_006,frame_007,6,7,20,1,False,False,703,park bench,0.3152200492584619,1.1544843149678234,0.5959129333496094,0.4040870666503906,0.027855099652285324,5.229394070520038
frame_006,frame_008,6,8,20,2,False,False,830,stretcher,0.3415922932660227,1.0741373780188734,0.5705919861793518,0.4294080138206482,0.03366355617163497,5.175342831567329
frame_006,frame_009,6,9,20,3,False,False,830,stretcher,0.21735227110603952,1.5262358725288214,0.536159873008728,0.463840126991272,0.026524027812974475,5.2194196337846215
frame_006,frame_010,6,10,20,4,False,False,830,stretcher,0.19433218300851957,1.638186300655938,0.5399535894393921,0.4600464105606079,0.022565638407458476,5.224776054531352
frame_006,frame_011,6,11,20,5,False,False,830,stretcher,0.20984301991346926,1.5613955520217893,0.5314674973487854,0.4685325026512146,0.032497834017062,5.153474930257745
frame_006,frame_012,6,12,20,6,False,False,690,oxcart,0.37735284050914936,0.9745746127609762,0.6293631792068481,0.37063682079315186,0.03418099545650342,5.165523232174127
frame_006,frame_013,6,13,20,7,False,False,690,oxcart,0.3725944640656689,0.987264678505086,0.5941082239151001,0.4058917760848999,0.040770802833132384,5.08442980484061
frame_006,frame_014,6,14,20,8,False,False,690,oxcart,0.6223968934328593,0.4741772974015246,0.7349047064781189,0.2650952935218811,0.030138727215376554,5.10295090837662
frame_006,frame_015,6,15,20,9,False,False,830,stretcher,0.2252910860128961,1.4903619972938245,0.5289996266365051,0.4710003733634949,0.03336404673448119,5.164135813511987
frame_006,frame_016,6,16,20,10,False,False,267,standard poodle,0.28539678164675575,1.2538748506436423,0.5607526302337646,0.43924736976623535,0.02803226221277447,5.087444739729605
frame_006,frame_017,6,17,20,11,False,False,981,"ballplayer, baseball player",0.20170281151320996,1.600959895035282,0.5408183336257935,0.45918166637420654,0.032511144791824875,5.073080755633128
frame_006,frame_018,6,18,20,12,False,False,981,"ballplayer, baseball player",0.4398558393094884,0.8213082436878452,0.641482949256897,0.358517050743103,0.0407724863124063,5.042415812380134
frame_006,frame_019,6,19,20,13,False,True,249,"malamute, malemute, Alaskan malamute",0.11542748678663599,2.1591127662109346,0.46729743480682373,0.5327025651931763,0.05535679607544014,5.02029213317984
frame_006,frame_000,6,0,30,-6,False,False,427,"barrel, cask",0.8937867294733715,0.1122880899040718,0.9170268177986145,0.0829731822013855,0.039166070842128836,5.0217884498415275
frame_006,frame_001,6,1,30,-5,False,False,427,"barrel, cask",0.965317349870361,0.035298371736452505,0.9677907824516296,0.03220921754837036,0.02804992692035852,5.069546583583717
frame_006,frame_002,6,2,30,-4,True,False,427,"barrel, cask",0.9727020487545943,0.027677462853594736,0.9727835059165955,0.02721649408340454,0.029625228076846182,5.044871235687706
frame_006,frame_003,6,3,30,-3,False,False,427,"barrel, cask",0.6939780721403112,0.36531491531411664,0.791993260383606,0.20800673961639404,0.02547121202703522,5.07202209186936
frame_006,frame_004,6,4,30,-2,False,False,427,"barrel, cask",0.6422693386885417,0.44274753260305033,0.7517197728157043,0.24828022718429565,0.030292270708974743,5.1069315036959555
frame_006,frame_005,6,5,30,-1,False,False,427,"barrel, cask",0.32735099955959934,1.1167222906107743,0.6224814653396606,0.37751853466033936,0.04253045052408506,5.089411492608624
frame_006,frame_007,6,7,30,1,False,False,703,park bench,0.7990845027565503,0.22428857816162928,0.8602330684661865,0.13976693153381348,0.0452058196985304,5.044990676684085
frame_006,frame_008,6,8,30,2,False,False,703,park bench,0.47096688438309137,0.7529674966029356,0.7220920324325562,0.27790796756744385,0.03995609623666528,5.023073008641626
frame_006,frame_009,6,9,30,3,False,False,703,park bench,0.3445164572737345,1.0656134181927115,0.6360412240028381,0.36395877599716187,0.03706156497259019,5.016463053543622
frame_006,frame_010,6,10,30,4,False,False,176,"Saluki, gazelle hound",0.281424477931012,1.267891151834002,0.6502265334129333,0.34977346658706665,0.03965897033470117,4.922171133242498
frame_006,frame_011,6,11,30,5,False,False,176,"Saluki, gazelle hound",0.3823971122758231,0.9612956494133647,0.6414053440093994,0.3585946559906006,0.033496138099940814,5.0260119040659035
frame_006,frame_012,6,12,30,6,False,False,176,"Saluki, gazelle hound",0.6698543906749088,0.40069491756701847,0.8023284673690796,0.1976715326309204,0.036016394272586925,5.023104549511539
frame_006,frame_013,6,13,30,7,False,False,690,oxcart,0.24579292959325683,1.4032658471408244,0.6328157186508179,0.36718428134918213,0.026762652830022684,5.055196081937492
frame_006,frame_014,6,14,30,8,False,False,690,oxcart,0.4490198782689784,0.8006881199058897,0.7439985871315002,0.25600141286849976,0.039872233270189045,5.051392377422911
frame_006,frame_015,6,15,30,9,False,True,703,park bench,0.2243111806174123,1.4947209919866786,0.5595017671585083,0.4404982328414917,0.0452056306358344,5.040882553139088
frame_006,frame_016,6,16,30,10,False,False,267,standard poodle,0.18456334728101964,1.689762528734617,0.5606030225753784,0.4393969774246216,0.04363048755375614,4.990918832111099
frame_006,frame_017,6,17,30,11,False,False,703,park bench,0.3271551318097337,1.1173208113772732,0.612591028213501,0.387408971786499,0.03999600948020309,5.030969873992437
frame_006,frame_018,6,18,30,12,False,False,981,"ballplayer, baseball player",0.34507627048911826,1.0639898125025047,0.6872057914733887,0.31279420852661133,0.06036386560981292,5.034726607704087
frame_006,frame_019,6,19,30,13,False,False,176,"Saluki, gazelle hound",0.5443214211241456,0.6082153589532657,0.6933525204658508,0.30664747953414917,0.07417524603780076,5.031487819038767
frame_006,frame_000,6,0,40,-6,False,False,427,"barrel, cask",0.9535190879144683,0.04759583535392087,0.9621262550354004,0.03787374496459961,0.11877154477432159,3.7764959766177224
frame_006,frame_001,6,1,40,-5,False,False,427,"barrel, cask",0.9646765251657854,0.035962440919690974,0.9700115323066711,0.029988467693328857,0.08875057906686215,3.7809285571347324
frame_006,frame_002,6,2,40,-4,True,False,427,"barrel, cask",0.9834961835913146,0.01664152159642951,0.9839980602264404,0.01600193977355957,0.08994613610611013,3.828602015655531
frame_006,frame_003,6,3,40,-3,False,False,427,"barrel, cask",0.7909713755103226,0.23449349959326637,0.8539729714393616,0.14602702856063843,0.09048041581308884,3.8394659999628358
frame_006,frame_004,6,4,40,-2,False,False,427,"barrel, cask",0.8676305686517489,0.14198926707270942,0.890394389629364,0.10960561037063599,0.07993088654897607,3.9191618614968426
frame_006,frame_005,6,5,40,-1,False,False,427,"barrel, cask",0.4269151663273401,0.8511699591982111,0.6990329027175903,0.30096709728240967,0.08299064690743689,3.95108256443568
frame_006,frame_007,6,7,40,1,False,False,703,park bench,0.9129815552287893,0.09103960096934527,0.9291031956672668,0.07089680433273315,0.0854707958770909,3.9462382063516177
frame_006,frame_008,6,8,40,2,False,False,703,park bench,0.6998718311893983,0.35685805900413214,0.7908145189285278,0.20918548107147217,0.0795067316272917,3.9334705073280976
frame_006,frame_009,6,9,40,3,False,False,703,park bench,0.5638385913804654,0.5729872539385905,0.7622135281562805,0.23778647184371948,0.06908888409105114,4.018231614772452
frame_006,frame_010,6,10,40,4,False,False,703,park bench,0.38892711902894495,0.944363307598147,0.739278256893158,0.26072174310684204,0.07959785307726895,3.923504525814585
frame_006,frame_011,6,11,40,5,False,False,222,kuvasz,0.2703176342018784,1.308157588457111,0.6376515626907349,0.36234843730926514,0.07280384061435648,3.9030269691342445
frame_006,frame_012,6,12,40,6,False,False,690,oxcart,0.421658590279765,0.8635593201587799,0.6900156736373901,0.30998432636260986,0.07312846065234202,3.930324807803924
frame_006,frame_013,6,13,40,7,False,False,690,oxcart,0.39483270157266154,0.9292931441219272,0.6700178384780884,0.3299821615219116,0.09029106618133087,3.856899362078348
frame_006,frame_014,6,14,40,8,False,False,690,oxcart,0.7238691531487176,0.32314463062478005,0.8083404302597046,0.1916595697402954,0.08156118482248664,3.923526680326124
frame_006,frame_015,6,15,40,9,False,False,843,swing,0.351927220507864,1.04433088468266,0.6886241436004639,0.31137585639953613,0.1282149102374088,3.7201810575082455
frame_006,frame_016,6,16,40,10,False,False,222,kuvasz,0.35978977039320925,1.0222353892395075,0.6288051605224609,0.37119483947753906,0.09108849051810969,3.7787388844103464
frame_006,frame_017,6,17,40,11,False,False,843,swing,0.465463319442676,0.7647219835594958,0.7372304201126099,0.26276957988739014,0.07602824236585075,3.8357080316137973
frame_006,frame_018,6,18,40,12,False,False,703,park bench,0.34773259659803724,1.05632149515906,0.7380357980728149,0.26196420192718506,0.08755350097887221,3.7913914003203057
frame_006,frame_019,6,19,40,13,False,True,981,"ballplayer, baseball player",0.23748308377089847,1.4376588842719453,0.6011539697647095,0.3988460302352905,0.1566208593004977,3.7423912235491343
frame_006,frame_000,6,0,50,-6,False,False,427,"barrel, cask",0.877973539519948,0.13013882302217142,0.926745593547821,0.07325440645217896,0.04962915034409808,4.595523971372593
frame_006,frame_001,6,1,50,-5,False,False,427,"barrel, cask",0.9447233653215501,0.056863129453150946,0.9593470096588135,0.04065299034118652,0.042640107886693736,4.681021431114434
frame_006,frame_002,6,2,50,-4,True,False,427,"barrel, cask",0.9619071580828116,0.038837342243176365,0.9688401222229004,0.03115987777709961,0.04492580823074966,4.636547992199322
frame_006,frame_003,6,3,50,-3,False,False,427,"barrel, cask",0.5904406334883159,0.5268861844050421,0.7975770831108093,0.20242291688919067,0.03288312255942654,4.689574819627394
frame_006,frame_004,6,4,50,-2,False,False,427,"barrel, cask",0.6555910333947852,0.4222181091511037,0.7877044677734375,0.2122955322265625,0.05570935775209421,4.621745162189613
frame_006,frame_005,6,5,50,-1,False,False,703,park bench,0.2513912086280829,1.3807449530950286,0.6522414684295654,0.34775853157043457,0.09235782664545712,4.449794696625036
frame_006,frame_007,6,7,50,1,False,False,703,park bench,0.9541331939073247,0.04695200102423547,0.9567227959632874,0.043277204036712646,0.05589273130328125,4.536998046560431
frame_006,frame_008,6,8,50,2,False,False,703,park bench,0.7722811333204355,0.25840663291619936,0.8384786248207092,0.16152137517929077,0.07212516593018178,4.4500327689741095
frame_006,frame_009,6,9,50,3,False,False,703,park bench,0.7165143125825502,0.3333570562224937,0.8198736310005188,0.1801263689994812,0.06920995381406206,4.45056607727696
frame_006,frame_010,6,10,50,4,False,False,427,"barrel, cask",0.42567100101679517,0.8540885291712046,0.789038896560669,0.21096110343933105,0.08721385620450275,4.369308087655186
frame_006,frame_011,6,11,50,5,False,True,427,"barrel, cask",0.22399450373154114,1.496133764340895,0.634406328201294,0.36559367179870605,0.0994619577297531,4.2825488188710725
frame_006,frame_012,6,12,50,6,False,False,690,oxcart,0.4809484035543464,0.731995283747902,0.7106359004974365,0.2893640995025635,0.09757297897993246,4.274836827596833
frame_006,frame_013,6,13,50,7,False,False,690,oxcart,0.41621973373445087,0.8765419520801778,0.6644651889801025,0.33553481101989746,0.0890836089245878,4.357722782861716
frame_006,frame_014,6,14,50,8,False,False,690,oxcart,0.7023813674851971,0.35327876394189506,0.8174905776977539,0.1825094223022461,0.0947861399907256,4.404621831347167
frame_006,frame_015,6,15,50,9,False,False,222,kuvasz,0.37394624614705874,0.9836432187768249,0.6630699634552002,0.3369300365447998,0.0463965855421354,4.533432790019546
frame_006,frame_016,6,16,50,10,False,False,222,kuvasz,0.3826220880176469,0.9607074922841763,0.6751923561096191,0.32480764389038086,0.06321323035808532,4.347646570832308
frame_006,frame_017,6,17,50,11,False,False,981,"ballplayer, baseball player",0.3503223073078416,1.0489016702243124,0.6588466763496399,0.3411533236503601,0.04548096594343277,4.472203145561434
frame_006,frame_018,6,18,50,12,False,False,981,"ballplayer, baseball player",0.6193099274988259,0.47914944097311807,0.775102436542511,0.224897563457489,0.05120708417842997,4.409094572072616
frame_006,frame_019,6,19,50,13,False,False,981,"ballplayer, baseball player",0.5930573633686697,0.5224641504829792,0.74164879322052,0.25835120677948,0.06436364255804128,4.376241147897437
frame_007,frame_000,7,0,5,-7,False,False,456,bow,0.43312333593265034,0.8367327510478888,0.6391266584396362,0.36087334156036377,0.03220253063078721,5.0640333148002
frame_007,frame_001,7,1,5,-6,True,False,456,bow,0.47302165265640733,0.7486141142516787,0.6509323120117188,0.34906768798828125,0.02940617722003493,5.109190667061583
frame_007,frame_002,7,2,5,-5,False,False,456,bow,0.34248961790837107,1.0715139344155844,0.6339419484138489,0.3660580515861511,0.03201778970785677,5.119899518694615
frame_007,frame_003,7,3,5,-4,False,False,876,"tub, vat",0.2894853052241593,1.239650742413994,0.6179662942886353,0.38203370571136475,0.02369126629577331,5.1408118647148395
frame_007,frame_004,7,4,5,-3,False,False,703,park bench,0.12447271003198798,2.0836687836346623,0.50589919090271,0.49410080909729004,0.02459797656518217,5.117691712889149
frame_007,frame_005,7,5,5,-2,False,False,703,park bench,0.1708068641234378,1.767221810358853,0.5286301374435425,0.4713698625564575,0.026413574871370627,5.128778046831312
frame_007,frame_006,7,6,5,-1,False,False,703,park bench,0.22499785877332026,1.4916643933860207,0.5607644319534302,0.4392355680465698,0.0224504751351524,5.19832991548671
frame_007,frame_008,7,8,5,1,False,False,416,"balance beam, beam",0.2845190384197903,1.2569551087802369,0.645402193069458,0.354597806930542,0.027057634629919614,5.165678224622142
frame_007,frame_009,7,9,5,2,False,False,981,"ballplayer, baseball player",0.20703415377156717,1.5748715052612499,0.5838593244552612,0.41614067554473877,0.02302269071592308,5.146021160662417
frame_007,frame_010,7,10,5,3,False,False,416,"balance beam, beam",0.16186603212131184,1.8209862480857568,0.5364500284194946,0.46354997158050537,0.02721456401496273,5.118772358398845
frame_007,frame_011,7,11,5,4,False,False,416,"balance beam, beam",0.13344365491278773,2.014075950812837,0.5108722448348999,0.4891277551651001,0.025494786520328376,5.075027907566723
frame_007,frame_012,7,12,5,5,False,False,345,ox,0.19142987764407085,1.6532337116019704,0.5002516508102417,0.4997483491897583,0.027497987760460117,5.0640241884442645
frame_007,frame_013,7,13,5,6,False,True,690,oxcart,0.15665107543315565,1.8537343964102106,0.4997352957725525,0.5002647042274475,0.027720846591429874,5.065912306712891
frame_007,frame_014,7,14,5,7,False,False,690,oxcart,0.16305512448976886,1.81366694829393,0.5505906939506531,0.4494093060493469,0.026797211297486873,5.08754947843119
frame_007,frame_015,7,15,5,8,False,False,416,"balance beam, beam",0.22170583446314748,1.5064038457772089,0.5605427026748657,0.4394572973251343,0.023226362836748504,5.111829399664756
frame_007,frame_016,7,16,5,9,False,False,981,"ballplayer, baseball player",0.22552440060475004,1.4893269192203746,0.5261799097061157,0.4738200902938843,0.027269234930779485,5.067457846091411
frame_007,frame_017,7,17,5,10,False,False,981,"ballplayer, baseball player",0.36507083837026255,1.0076638665035444,0.6252011060714722,0.37479889392852783,0.023100223375692643,5.125036147356971
frame_007,frame_018,7,18,5,11,False,False,981,"ballplayer, baseball player",0.2817875012678983,1.266602033702402,0.609499454498291,0.390500545501709,0.028167863774332308,5.091182523837051
frame_007,frame_019,7,19,5,12,False,False,981,"ballplayer, baseball player",0.15543259279802593,1.8615431281748402,0.5086660981178284,0.49133390188217163,0.023534685531807868,5.0833700970125255
frame_007,frame_000,7,0,10,-7,False,False,427,"barrel, cask",0.5555055482723771,0.5878766820632633,0.75243079662323,0.24756920337677002,0.0627538115862961,4.601668412836866
frame_007,frame_001,7,1,10,-6,False,False,690,oxcart,0.36043536457358255,1.0204426321641424,0.7167479395866394,0.2832520604133606,0.07621539394364857,4.658004373719712
frame_007,frame_002,7,2,10,-5,False,False,690,oxcart,0.48120132604231425,0.7314695391865027,0.7570929527282715,0.24290704727172852,0.08669577713859919,4.670362361711109
frame_007,frame_003,7,3,10,-4,False,False,690,oxcart,0.5536868978859183,0.5911559182724151,0.7869836688041687,0.2130163311958313,0.09281847035399134,4.690072530180126
frame_007,frame_004,7,4,10,-3,False,False,703,park bench,0.39546477187635276,0.9276935681149259,0.7133579850196838,0.28664201498031616,0.05247428744123804,4.734711437087271
frame_007,frame_005,7,5,10,-2,False,False,703,park bench,0.6270799992971713,0.46668115590260273,0.76422119140625,0.23577880859375,0.04929567603948655,4.815648717407891
frame_007,frame_006,7,6,10,-1,False,False,703,park bench,0.7883311436414076,0.23783704434996422,0.8523095846176147,0.14769041538238525,0.038728833724696515,4.842517249635103
frame_007,frame_008,7,8,10,1,False,False,416,"balance beam, beam",0.720351137407092,0.3280164950113815,0.8428562879562378,0.1571437120437622,0.05518041806908202,4.716633455689425
frame_007,frame_009,7,9,10,2,False,False,703,park bench,0.490875779716257,0.7115641776640239,0.7742506265640259,0.22574937343597412,0.04881301635623862,4.787708600612682
frame_007,frame_010,7,10,10,3,False,False,703,park bench,0.42539440696669284,0.8547385240064921,0.6992111802101135,0.3007888197898865,0.07086672598527068,4.742272072434335
frame_007,frame_011,7,11,10,4,False,False,690,oxcart,0.23235334948826275,1.4594960078534722,0.6690607070922852,0.33093929290771484,0.05075675564390392,4.742310827816244
frame_007,frame_012,7,12,10,5,False,False,690,oxcart,0.4837669694199472,0.7261519563491123,0.7841253280639648,0.21587467193603516,0.054199994986903206,4.670119117662226
frame_007,frame_013,7,13,10,6,False,False,690,oxcart,0.5600950417845953,0.5796487921808313,0.8534557819366455,0.1465442180633545,0.07399481706812733,4.493017000970871
frame_007,frame_014,7,14,10,7,True,False,690,oxcart,0.7243847242460452,0.3224326406523659,0.8649649024009705,0.13503509759902954,0.04239470178102921,4.745730781817154
frame_007,frame_015,7,15,10,8,False,False,416,"balance beam, beam",0.40240629916464027,0.9102930063314554,0.7076969146728516,0.29230308532714844,0.044050357527937845,4.755164949280337
frame_007,frame_016,7,16,10,9,False,True,690,oxcart,0.1968575610437108,1.6252748521511713,0.5906793475151062,0.4093206524848938,0.06263696430016281,4.586853858223471
frame_007,frame_017,7,17,10,10,False,False,416,"balance beam, beam",0.5031906537165381,0.6867861474636735,0.759023129940033,0.24097687005996704,0.0455363091666221,4.619053247596028
frame_007,frame_018,7,18,10,11,False,False,416,"balance beam, beam",0.7453845880096326,0.2938549682848457,0.8499241471290588,0.15007585287094116,0.07027876391663473,4.467169926501004
frame_007,frame_019,7,19,10,12,False,False,416,"balance beam, beam",0.3812720147632116,0.9642422090864048,0.6765185594558716,0.3234814405441284,0.056916497782989316,4.554296627150069
frame_007,frame_000,7,0,20,-7,False,False,427,"barrel, cask",0.8954357929792834,0.11044475968420309,0.9076558351516724,0.09234416484832764,0.02963361138876998,5.103196470655958
frame_007,frame_001,7,1,20,-6,True,False,427,"barrel, cask",0.9226520650348795,0.08050307650588806,0.9323467016220093,0.06765329837799072,0.025915743628807927,5.225155130841836
frame_007,frame_002,7,2,20,-5,False,False,427,"barrel, cask",0.9275325115483121,0.07522743223260764,0.9323031306266785,0.06769686937332153,0.02738118414670597,5.195798299143431
frame_007,frame_003,7,3,20,-4,False,False,427,"barrel, cask",0.6477663516166937,0.43422521614306797,0.7525835037231445,0.24741649627685547,0.025121440769759286,5.238188637078158
frame_007,frame_004,7,4,20,-3,False,False,427,"barrel, cask",0.6734745306327188,0.39530510027926646,0.7407971620559692,0.25920283794403076,0.039324845725068745,5.269425220466403
frame_007,frame_005,7,5,20,-2,False,False,427,"barrel, cask",0.3503245719229348,1.0488952058692702,0.5841547250747681,0.41584527492523193,0.035373180931576174,5.264028874435214
frame_007,frame_006,7,6,20,-1,False,False,703,park bench,0.1421939244334909,1.9505634880286338,0.5318683385848999,0.4681316614151001,0.032523054628321946,5.258787547083415
frame_007,frame_008,7,8,20,1,False,False,830,stretcher,0.3415922932660227,1.0741373780188734,0.5705919861793518,0.4294080138206482,0.03292740840325376,5.180858828436138
frame_007,frame_009,7,9,20,2,False,False,830,stretcher,0.21735227110603952,1.5262358725288214,0.536159873008728,0.463840126991272,0.02958913897246609,5.216884084975336
frame_007,frame_010,7,10,20,3,False,False,830,stretcher,0.19433218300851957,1.638186300655938,0.5399535894393921,0.4600464105606079,0.02503355958200428,5.230020580553715
frame_007,frame_011,7,11,20,4,False,False,830,stretcher,0.20984301991346926,1.5613955520217893,0.5314674973487854,0.4685325026512146,0.036313832268927496,5.1564143895421015
frame_007,frame_012,7,12,20,5,False,False,690,oxcart,0.37735284050914936,0.9745746127609762,0.6293631792068481,0.37063682079315186,0.0381126255625953,5.162411401358682
frame_007,frame_013,7,13,20,6,False,False,690,oxcart,0.3725944640656689,0.987264678505086,0.5941082239151001,0.4058917760848999,0.047548665717171666,5.072286069291083
frame_007,frame_014,7,14,20,7,False,False,690,oxcart,0.6223968934328593,0.4741772974015246,0.7349047064781189,0.2650952935218811,0.03010320400613504,5.101808793793859
frame_007,frame_015,7,15,20,8,False,False,830,stretcher,0.2252910860128961,1.4903619972938245,0.5289996266365051,0.4710003733634949,0.032853182641306176,5.166753179251076
frame_007,frame_016,7,16,20,9,False,False,267,standard poodle,0.28539678164675575,1.2538748506436423,0.5607526302337646,0.43924736976623535,0.029956400564926457,5.093096152012087
frame_007,frame_017,7,17,20,10,False,False,981,"ballplayer, baseball player",0.20170281151320996,1.600959895035282,0.5408183336257935,0.45918166637420654,0.034581020890549735,5.080590431195478
frame_007,frame_018,7,18,20,11,False,False,981,"ballplayer, baseball player",0.4398558393094884,0.8213082436878452,0.641482949256897,0.358517050743103,0.04405653033978843,5.0469951425719906
frame_007,frame_019,7,19,20,12,False,True,249,"malamute, malemute, Alaskan malamute",0.11542748678663599,2.1591127662109346,0.46729743480682373,0.5327025651931763,0.05920968272408434,5.022764471123104
frame_007,frame_000,7,0,30,-7,False,False,427,"barrel, cask",0.8937867294733715,0.1122880899040718,0.9170268177986145,0.0829731822013855,0.04379979523334169,5.006531025471536
frame_007,frame_001,7,1,30,-6,False,False,427,"barrel, cask",0.965317349870361,0.035298371736452505,0.9677907824516296,0.03220921754837036,0.02894423059588752,5.067099837427052
frame_007,frame_002,7,2,30,-5,True,False,427,"barrel, cask",0.9727020487545943,0.027677462853594736,0.9727835059165955,0.02721649408340454,0.030257878959170415,5.036533718976584
frame_007,frame_003,7,3,30,-4,False,False,427,"barrel, cask",0.6939780721403112,0.36531491531411664,0.791993260383606,0.20800673961639404,0.026827186342150207,5.078817320719025
frame_007,frame_004,7,4,30,-3,False,False,427,"barrel, cask",0.6422693386885417,0.44274753260305033,0.7517197728157043,0.24828022718429565,0.03158112183568357,5.104446473378395
frame_007,frame_005,7,5,30,-2,False,False,427,"barrel, cask",0.32735099955959934,1.1167222906107743,0.6224814653396606,0.37751853466033936,0.043868973133228635,5.0859338339129305
frame_007,frame_006,7,6,30,-1,False,False,703,park bench,0.5401526027666304,0.6159035816310481,0.7071157097816467,0.29288429021835327,0.050196361488052524,5.0946620735641694
frame_007,frame_008,7,8,30,1,False,False,703,park bench,0.47096688438309137,0.7529674966029356,0.7220920324325562,0.27790796756744385,0.04142861182612362,5.028695523171252
frame_007,frame_009,7,9,30,2,False,False,703,park bench,0.3445164572737345,1.0656134181927115,0.6360412240028381,0.36395877599716187,0.03628183533040997,5.0249190120944585
frame_007,frame_010,7,10,30,3,False,False,176,"Saluki, gazelle hound",0.281424477931012,1.267891151834002,0.6502265334129333,0.34977346658706665,0.04118806377786778,4.9347996242287255
frame_007,frame_011,7,11,30,4,False,False,176,"Saluki, gazelle hound",0.3823971122758231,0.9612956494133647,0.6414053440093994,0.3585946559906006,0.040124568588155884,5.035336929213524
frame_007,frame_012,7,12,30,5,False,False,176,"Saluki, gazelle hound",0.6698543906749088,0.40069491756701847,0.8023284673690796,0.1976715326309204,0.04402179269571417,5.026099535149008
frame_007,frame_013,7,13,30,6,False,False,690,oxcart,0.24579292959325683,1.4032658471408244,0.6328157186508179,0.36718428134918213,0.0326403971360661,5.048038469317401
frame_007,frame_014,7,14,30,7,False,False,690,oxcart,0.4490198782689784,0.8006881199058897,0.7439985871315002,0.25600141286849976,0.04903420815889457,5.054059514933516
frame_007,frame_015,7,15,30,8,False,True,703,park bench,0.2243111806174123,1.4947209919866786,0.5595017671585083,0.4404982328414917,0.04121358296674794,5.055627762718232
frame_007,frame_016,7,16,30,9,False,False,267,standard poodle,0.18456334728101964,1.689762528734617,0.5606030225753784,0.4393969774246216,0.039513271699269555,5.006082185643644
frame_007,frame_017,7,17,30,10,False,False,703,park bench,0.3271551318097337,1.1173208113772732,0.612591028213501,0.387408971786499,0.03784921745637119,5.032151473522475
frame_007,frame_018,7,18,30,11,False,False,981,"ballplayer, baseball player",0.34507627048911826,1.0639898125025047,0.6872057914733887,0.31279420852661133,0.0645083716708974,5.028894453498435
frame_007,frame_019,7,19,30,12,False,False,176,"Saluki, gazelle hound",0.5443214211241456,0.6082153589532657,0.6933525204658508,0.30664747953414917,0.0758101179781695,5.033820209886164
frame_007,frame_000,7,0,40,-7,False,False,427,"barrel, cask",0.9535190879144683,0.04759583535392087,0.9621262550354004,0.03787374496459961,0.11091229390531734,3.8240963950233313
frame_007,frame_001,7,1,40,-6,False,False,427,"barrel, cask",0.9646765251657854,0.035962440919690974,0.9700115323066711,0.029988467693328857,0.08949597218907414,3.8151372912271206
frame_007,frame_002,7,2,40,-5,True,False,427,"barrel, cask",0.9834961835913146,0.01664152159642951,0.9839980602264404,0.01600193977355957,0.09218299822792549,3.8622823399887967
frame_007,frame_003,7,3,40,-4,False,False,427,"barrel, cask",0.7909713755103226,0.23449349959326637,0.8539729714393616,0.14602702856063843,0.09138990531280071,3.8606560144673576
frame_007,frame_004,7,4,40,-3,False,False,427,"barrel, cask",0.8676305686517489,0.14198926707270942,0.890394389629364,0.10960561037063599,0.08269564080183894,3.9541079333919846
frame_007,frame_005,7,5,40,-2,False,False,427,"barrel, cask",0.4269151663273401,0.8511699591982111,0.6990329027175903,0.30096709728240967,0.08508525585370412,3.9819977182505495
frame_007,frame_006,7,6,40,-1,False,False,703,park bench,0.6192450100444903,0.4792542687081296,0.7874075770378113,0.21259242296218872,0.05892537214945143,4.034333662107449
frame_007,frame_008,7,8,40,1,False,False,703,park bench,0.6998718311893983,0.35685805900413214,0.7908145189285278,0.20918548107147217,0.0815313692547949,3.9788030450810994
frame_007,frame_009,7,9,40,2,False,False,703,park bench,0.5638385913804654,0.5729872539385905,0.7622135281562805,0.23778647184371948,0.06595074372905119,4.063823902389251
frame_007,frame_010,7,10,40,3,False,False,703,park bench,0.38892711902894495,0.944363307598147,0.739278256893158,0.26072174310684204,0.0836523902545691,3.9739480819602493
frame_007,frame_011,7,11,40,4,False,False,222,kuvasz,0.2703176342018784,1.308157588457111,0.6376515626907349,0.36234843730926514,0.07842203349908705,3.955946644896713
frame_007,frame_012,7,12,40,5,False,False,690,oxcart,0.421658590279765,0.8635593201587799,0.6900156736373901,0.30998432636260986,0.06476210023866294,3.988754536940938
frame_007,frame_013,7,13,40,6,False,False,690,oxcart,0.39483270157266154,0.9292931441219272,0.6700178384780884,0.3299821615219116,0.09018837567408924,3.9126922629637306
frame_007,frame_014,7,14,40,7,False,False,690,oxcart,0.7238691531487176,0.32314463062478005,0.8083404302597046,0.1916595697402954,0.07880501380557177,3.9873248215188033
frame_007,frame_015,7,15,40,8,False,False,843,swing,0.351927220507864,1.04433088468266,0.6886241436004639,0.31137585639953613,0.12642277828391996,3.7998686381968128
frame_007,frame_016,7,16,40,9,False,False,222,kuvasz,0.35978977039320925,1.0222353892395075,0.6288051605224609,0.37119483947753906,0.0816682281768508,3.8432808256411537
frame_007,frame_017,7,17,40,10,False,False,843,swing,0.465463319442676,0.7647219835594958,0.7372304201126099,0.26276957988739014,0.07225474592248703,3.883944383983433
frame_007,frame_018,7,18,40,11,False,False,703,park bench,0.34773259659803724,1.05632149515906,0.7380357980728149,0.26196420192718506,0.08146934887112822,3.825725149344973
frame_007,frame_019,7,19,40,12,False,True,981,"ballplayer, baseball player",0.23748308377089847,1.4376588842719453,0.6011539697647095,0.3988460302352905,0.15096945203584303,3.7902815519814474
frame_007,frame_000,7,0,50,-7,False,False,427,"barrel, cask",0.877973539519948,0.13013882302217142,0.926745593547821,0.07325440645217896,0.050223100360812165,4.600432113953535
frame_007,frame_001,7,1,50,-6,False,False,427,"barrel, cask",0.9447233653215501,0.056863129453150946,0.9593470096588135,0.04065299034118652,0.044104553972042174,4.6795278849855855
frame_007,frame_002,7,2,50,-5,True,False,427,"barrel, cask",0.9619071580828116,0.038837342243176365,0.9688401222229004,0.03115987777709961,0.04364652507322306,4.651183678548735
frame_007,frame_003,7,3,50,-4,False,False,427,"barrel, cask",0.5904406334883159,0.5268861844050421,0.7975770831108093,0.20242291688919067,0.03441934694046862,4.6947849034530496
frame_007,frame_004,7,4,50,-3,False,False,427,"barrel, cask",0.6555910333947852,0.4222181091511037,0.7877044677734375,0.2122955322265625,0.05900914041948906,4.616316042102794
frame_007,frame_005,7,5,50,-2,False,False,703,park bench,0.2513912086280829,1.3807449530950286,0.6522414684295654,0.34775853157043457,0.09684672101687739,4.424187686389949
frame_007,frame_006,7,6,50,-1,False,False,703,park bench,0.7032774514778305,0.35200379721180397,0.8025108575820923,0.19748914241790771,0.054524836283974386,4.519277462892297
frame_007,frame_008,7,8,50,1,False,False,703,park bench,0.7722811333204355,0.25840663291619936,0.8384786248207092,0.16152137517929077,0.07000607182461449,4.438709045906744
frame_007,frame_009,7,9,50,2,False,False,703,park bench,0.7165143125825502,0.3333570562224937,0.8198736310005188,0.1801263689994812,0.07042115108242239,4.455398213414854
frame_007,frame_010,7,10,50,3,False,False,427,"barrel, cask",0.42567100101679517,0.8540885291712046,0.789038896560669,0.21096110343933105,0.08760220494058836,4.37926144259003
frame_007,frame_011,7,11,50,4,False,True,427,"barrel, cask",0.22399450373154114,1.496133764340895,0.634406328201294,0.36559367179870605,0.09366477383323102,4.317827403312125
frame_007,frame_012,7,12,50,5,False,False,690,oxcart,0.4809484035543464,0.731995283747902,0.7106359004974365,0.2893640995025635,0.09303160997201526,4.292403609311746
frame_007,frame_013,7,13,50,6,False,False,690,oxcart,0.41621973373445087,0.8765419520801778,0.6644651889801025,0.33553481101989746,0.08585615518093602,4.36604693919059
frame_007,frame_014,7,14,50,7,False,False,690,oxcart,0.7023813674851971,0.35327876394189506,0.8174905776977539,0.1825094223022461,0.08556141035637953,4.420169496311023
frame_007,frame_015,7,15,50,8,False,False,222,kuvasz,0.37394624614705874,0.9836432187768249,0.6630699634552002,0.3369300365447998,0.046843514205939935,4.544084233066931
frame_007,frame_016,7,16,50,9,False,False,222,kuvasz,0.3826220880176469,0.9607074922841763,0.6751923561096191,0.32480764389038086,0.061422198962324856,4.360709369283631
frame_007,frame_017,7,17,50,10,False,False,981,"ballplayer, baseball player",0.3503223073078416,1.0489016702243124,0.6588466763496399,0.3411533236503601,0.0471727359828133,4.485225927613657
frame_007,frame_018,7,18,50,11,False,False,981,"ballplayer, baseball player",0.6193099274988259,0.47914944097311807,0.775102436542511,0.224897563457489,0.04715907892543205,4.411409395642747
frame_007,frame_019,7,19,50,12,False,False,981,"ballplayer, baseball player",0.5930573633686697,0.5224641504829792,0.74164879322052,0.25835120677948,0.06921581852069641,4.388946087372782
frame_008,frame_000,8,0,5,-8,False,False,456,bow,0.43312333593265034,0.8367327510478888,0.6391266584396362,0.36087334156036377,0.031849250271275734,5.0854381704948555
frame_008,frame_001,8,1,5,-7,True,False,456,bow,0.47302165265640733,0.7486141142516787,0.6509323120117188,0.34906768798828125,0.029497683241141513,5.12886311939754
frame_008,frame_002,8,2,5,-6,False,False,456,bow,0.34248961790837107,1.0715139344155844,0.6339419484138489,0.3660580515861511,0.03245122691017631,5.139848060133292
frame_008,frame_003,8,3,5,-5,False,False,876,"tub, vat",0.2894853052241593,1.239650742413994,0.6179662942886353,0.38203370571136475,0.02355283262318275,5.161553324658335
frame_008,frame_004,8,4,5,-4,False,False,703,park bench,0.12447271003198798,2.0836687836346623,0.50589919090271,0.49410080909729004,0.02435858515960781,5.139192243997594
frame_008,frame_005,8,5,5,-3,False,False,703,park bench,0.1708068641234378,1.767221810358853,0.5286301374435425,0.4713698625564575,0.02671223912059099,5.145049429689552
frame_008,frame_006,8,6,5,-2,False,False,703,park bench,0.22499785877332026,1.4916643933860207,0.5607644319534302,0.4392355680465698,0.02301742101292183,5.213968156606057
frame_008,frame_007,8,7,5,-1,False,False,703,park bench,0.19880804362746432,1.6154155246754456,0.5988924503326416,0.4011075496673584,0.024499502398411633,5.213045306961638
frame_008,frame_009,8,9,5,1,False,False,981,"ballplayer, baseball player",0.20703415377156717,1.5748715052612499,0.5838593244552612,0.41614067554473877,0.022571255926941494,5.160481637834971
frame_008,frame_010,8,10,5,2,False,False,416,"balance beam, beam",0.16186603212131184,1.8209862480857568,0.5364500284194946,0.46354997158050537,0.026712472195631606,5.1337662714781
frame_008,frame_011,8,11,5,3,False,False,416,"balance beam, beam",0.13344365491278773,2.014075950812837,0.5108722448348999,0.4891277551651001,0.025562386712644228,5.088433869191747
frame_008,frame_012,8,12,5,4,False,False,345,ox,0.19142987764407085,1.6532337116019704,0.5002516508102417,0.4997483491897583,0.027543568850911443,5.078152345967876
frame_008,frame_013,8,13,5,5,False,True,690,oxcart,0.15665107543315565,1.8537343964102106,0.4997352957725525,0.5002647042274475,0.027750043320961443,5.083777314880849
frame_008,frame_014,8,14,5,6,False,False,690,oxcart,0.16305512448976886,1.81366694829393,0.5505906939506531,0.4494093060493469,0.026500940607501987,5.103262468036092
frame_008,frame_015,8,15,5,7,False,False,416,"balance beam, beam",0.22170583446314748,1.5064038457772089,0.5605427026748657,0.4394572973251343,0.022529764418371668,5.126112344804791
frame_008,frame_016,8,16,5,8,False,False,981,"ballplayer, baseball player",0.22552440060475004,1.4893269192203746,0.5261799097061157,0.4738200902938843,0.027265211600313033,5.084618912986635
frame_008,frame_017,8,17,5,9,False,False,981,"ballplayer, baseball player",0.36507083837026255,1.0076638665035444,0.6252011060714722,0.37479889392852783,0.022784469898444154,5.13961808707093
frame_008,frame_018,8,18,5,10,False,False,981,"ballplayer, baseball player",0.2817875012678983,1.266602033702402,0.609499454498291,0.390500545501709,0.02756758018533851,5.106601808161177
frame_008,frame_019,8,19,5,11,False,False,981,"ballplayer, baseball player",0.15543259279802593,1.8615431281748402,0.5086660981178284,0.49133390188217163,0.023158986514008894,5.096476538991929
frame_008,frame_000,8,0,10,-8,False,False,427,"barrel, cask",0.5555055482723771,0.5878766820632633,0.75243079662323,0.24756920337677002,0.06258310368459463,4.577557991958424
frame_008,frame_001,8,1,10,-7,False,False,690,oxcart,0.36043536457358255,1.0204426321641424,0.7167479395866394,0.2832520604133606,0.07946316884625389,4.6367171157683345
frame_008,frame_002,8,2,10,-6,False,False,690,oxcart,0.48120132604231425,0.7314695391865027,0.7570929527282715,0.24290704727172852,0.0905909313818639,4.642623863505076
frame_008,frame_003,8,3,10,-5,False,False,690,oxcart,0.5536868978859183,0.5911559182724151,0.7869836688041687,0.2130163311958313,0.09719307150680272,4.667781257375539
frame_008,frame_004,8,4,10,-4,False,False,703,park bench,0.39546477187635276,0.9276935681149259,0.7133579850196838,0.28664201498031616,0.0547152080980982,4.711403076978879
frame_008,frame_005,8,5,10,-3,False,False,703,park bench,0.6270799992971713,0.46668115590260273,0.76422119140625,0.23577880859375,0.051799062113898973,4.786415340233042
frame_008,frame_006,8,6,10,-2,False,False,703,park bench,0.7883311436414076,0.23783704434996422,0.8523095846176147,0.14769041538238525,0.041499570803906975,4.823839157190547
frame_008,frame_007,8,7,10,-1,True,False,703,park bench,0.7395081918570741,0.301769919330672,0.87115478515625,0.12884521484375,0.051910619051589925,4.774745303115488
frame_008,frame_009,8,9,10,1,False,False,703,park bench,0.490875779716257,0.7115641776640239,0.7742506265640259,0.22574937343597412,0.050342936031062255,4.757160171434249
frame_008,frame_010,8,10,10,2,False,False,703,park bench,0.42539440696669284,0.8547385240064921,0.6992111802101135,0.3007888197898865,0.07635070524920172,4.7071875964214875
frame_008,frame_011,8,11,10,3,False,False,690,oxcart,0.23235334948826275,1.4594960078534722,0.6690607070922852,0.33093929290771484,0.054205157249550405,4.714573229373029
frame_008,frame_012,8,12,10,4,False,False,690,oxcart,0.4837669694199472,0.7261519563491123,0.7841253280639648,0.21587467193603516,0.05158565215398471,4.667322376599261
frame_008,frame_013,8,13,10,5,False,False,690,oxcart,0.5600950417845953,0.5796487921808313,0.8534557819366455,0.1465442180633545,0.07086830438148996,4.477223100004558
frame_008,frame_014,8,14,10,6,False,False,690,oxcart,0.7243847242460452,0.3224326406523659,0.8649649024009705,0.13503509759902954,0.03915604953231123,4.72698267498458
frame_008,frame_015,8,15,10,7,False,False,416,"balance beam, beam",0.40240629916464027,0.9102930063314554,0.7076969146728516,0.29230308532714844,0.045759067997013986,4.723765050530665
frame_008,frame_016,8,16,10,8,False,True,690,oxcart,0.1968575610437108,1.6252748521511713,0.5906793475151062,0.4093206524848938,0.056346334356125925,4.561300588303822
frame_008,frame_017,8,17,10,9,False,False,416,"balance beam, beam",0.5031906537165381,0.6867861474636735,0.759023129940033,0.24097687005996704,0.04587404402348535,4.593288318294903
frame_008,frame_018,8,18,10,10,False,False,416,"balance beam, beam",0.7453845880096326,0.2938549682848457,0.8499241471290588,0.15007585287094116,0.06870647528274118,4.4497802225472896
frame_008,frame_019,8,19,10,11,False,False,416,"balance beam, beam",0.3812720147632116,0.9642422090864048,0.6765185594558716,0.3234814405441284,0.060179310726997115,4.525846358460479
frame_008,frame_000,8,0,20,-8,False,False,427,"barrel, cask",0.8954357929792834,0.11044475968420309,0.9076558351516724,0.09234416484832764,0.03113221713301053,5.087192781981318
frame_008,frame_001,8,1,20,-7,True,False,427,"barrel, cask",0.9226520650348795,0.08050307650588806,0.9323467016220093,0.06765329837799072,0.026569917482819356,5.210760909011237
frame_008,frame_002,8,2,20,-6,False,False,427,"barrel, cask",0.9275325115483121,0.07522743223260764,0.9323031306266785,0.06769686937332153,0.02702904480042565,5.1895332262839915
frame_008,frame_003,8,3,20,-5,False,False,427,"barrel, cask",0.6477663516166937,0.43422521614306797,0.7525835037231445,0.24741649627685547,0.027682984385121925,5.222030136463611
frame_008,frame_004,8,4,20,-4,False,False,427,"barrel, cask",0.6734745306327188,0.39530510027926646,0.7407971620559692,0.25920283794403076,0.042000818601015,5.2452201047660925
frame_008,frame_005,8,5,20,-3,False,False,427,"barrel, cask",0.3503245719229348,1.0488952058692702,0.5841547250747681,0.41584527492523193,0.03853225661710017,5.2528879673468705
frame_008,frame_006,8,6,20,-2,False,False,703,park bench,0.1421939244334909,1.9505634880286338,0.5318683385848999,0.4681316614151001,0.0322295165307748,5.246079056366213
frame_008,frame_007,8,7,20,-1,False,False,703,park bench,0.3152200492584619,1.1544843149678234,0.5959129333496094,0.4040870666503906,0.03192550763598928,5.218245450474639
frame_008,frame_009,8,9,20,1,False,False,830,stretcher,0.21735227110603952,1.5262358725288214,0.536159873008728,0.463840126991272,0.03210563662138956,5.203798791701185
frame_008,frame_010,8,10,20,2,False,False,830,stretcher,0.19433218300851957,1.638186300655938,0.5399535894393921,0.4600464105606079,0.02625295500098101,5.214486590801593
frame_008,frame_011,8,11,20,3,False,False,830,stretcher,0.20984301991346926,1.5613955520217893,0.5314674973487854,0.4685325026512146,0.038598366282023816,5.138062511204053
frame_008,frame_012,8,12,20,4,False,False,690,oxcart,0.37735284050914936,0.9745746127609762,0.6293631792068481,0.37063682079315186,0.040932215736070934,5.156134081693556
frame_008,frame_013,8,13,20,5,False,False,690,oxcart,0.3725944640656689,0.987264678505086,0.5941082239151001,0.4058917760848999,0.05198198671202453,5.056190803801067
frame_008,frame_014,8,14,20,6,False,False,690,oxcart,0.6223968934328593,0.4741772974015246,0.7349047064781189,0.2650952935218811,0.030304783706372528,5.098910086565459
frame_008,frame_015,8,15,20,7,False,False,830,stretcher,0.2252910860128961,1.4903619972938245,0.5289996266365051,0.4710003733634949,0.03660100321278332,5.156542604159667
frame_008,frame_016,8,16,20,8,False,False,267,standard poodle,0.28539678164675575,1.2538748506436423,0.5607526302337646,0.43924736976623535,0.032213289250616464,5.087048669216909
frame_008,frame_017,8,17,20,9,False,False,981,"ballplayer, baseball player",0.20170281151320996,1.600959895035282,0.5408183336257935,0.45918166637420654,0.03734248478714873,5.073350282543949
frame_008,frame_018,8,18,20,10,False,False,981,"ballplayer, baseball player",0.4398558393094884,0.8213082436878452,0.641482949256897,0.358517050743103,0.049908957190815305,5.033116697379927
frame_008,frame_019,8,19,20,11,False,True,249,"malamute, malemute, Alaskan malamute",0.11542748678663599,2.1591127662109346,0.46729743480682373,0.5327025651931763,0.06790751260994336,5.005355525798393
frame_008,frame_000,8,0,30,-8,False,False,427,"barrel, cask",0.8937867294733715,0.1122880899040718,0.9170268177986145,0.0829731822013855,0.04621500481204696,4.955746362775572
frame_008,frame_001,8,1,30,-7,False,False,427,"barrel, cask",0.965317349870361,0.035298371736452505,0.9677907824516296,0.03220921754837036,0.031211182298597553,5.021241068390786
frame_008,frame_002,8,2,30,-6,True,False,427,"barrel, cask",0.9727020487545943,0.027677462853594736,0.9727835059165955,0.02721649408340454,0.03150717181670629,5.0010982579594625
frame_008,frame_003,8,3,30,-5,False,False,427,"barrel, cask",0.6939780721403112,0.36531491531411664,0.791993260383606,0.20800673961639404,0.024883434298659964,5.045042633416035
frame_008,frame_004,8,4,30,-4,False,False,427,"barrel, cask",0.6422693386885417,0.44274753260305033,0.7517197728157043,0.24828022718429565,0.03453298254521027,5.057732688353607
frame_008,frame_005,8,5,30,-3,False,False,427,"barrel, cask",0.32735099955959934,1.1167222906107743,0.6224814653396606,0.37751853466033936,0.046262740816437435,5.041311137292674
frame_008,frame_006,8,6,30,-2,False,False,703,park bench,0.5401526027666304,0.6159035816310481,0.7071157097816467,0.29288429021835327,0.05485431886903586,5.04934835301213
frame_008,frame_007,8,7,30,-1,False,False,703,park bench,0.7990845027565503,0.22428857816162928,0.8602330684661865,0.13976693153381348,0.04949628804861682,4.998739622336197
frame_008,frame_009,8,9,30,1,False,False,703,park bench,0.3445164572737345,1.0656134181927115,0.6360412240028381,0.36395877599716187,0.04010602055372788,4.970814853022488
frame_008,frame_010,8,10,30,2,False,False,176,"Saluki, gazelle hound",0.281424477931012,1.267891151834002,0.6502265334129333,0.34977346658706665,0.04165087609277794,4.878263439820631
frame_008,frame_011,8,11,30,3,False,False,176,"Saluki, gazelle hound",0.3823971122758231,0.9612956494133647,0.6414053440093994,0.3585946559906006,0.041084687656172056,4.991694135553269
frame_008,frame_012,8,12,30,4,False,False,176,"Saluki, gazelle hound",0.6698543906749088,0.40069491756701847,0.8023284673690796,0.1976715326309204,0.04083115970784168,4.986470477224032
frame_008,frame_013,8,13,30,5,False,False,690,oxcart,0.24579292959325683,1.4032658471408244,0.6328157186508179,0.36718428134918213,0.03171196261756626,5.005911250254831
frame_008,frame_014,8,14,30,6,False,False,690,oxcart,0.4490198782689784,0.8006881199058897,0.7439985871315002,0.25600141286849976,0.04714132392296008,5.005510796065016
frame_008,frame_015,8,15,30,7,False,True,703,park bench,0.2243111806174123,1.4947209919866786,0.5595017671585083,0.4404982328414917,0.041206736577897696,5.009967140303918
frame_008,frame_016,8,16,30,8,False,False,267,standard poodle,0.18456334728101964,1.689762528734617,0.5606030225753784,0.4393969774246216,0.04252405553273887,4.950698419884107
frame_008,frame_017,8,17,30,9,False,False,703,park bench,0.3271551318097337,1.1173208113772732,0.612591028213501,0.387408971786499,0.04442192229031086,4.975743770508652
frame_008,frame_018,8,18,30,10,False,False,981,"ballplayer, baseball player",0.34507627048911826,1.0639898125025047,0.6872057914733887,0.31279420852661133,0.06619565903626767,4.96986031694693
frame_008,frame_019,8,19,30,11,False,False,176,"Saluki, gazelle hound",0.5443214211241456,0.6082153589532657,0.6933525204658508,0.30664747953414917,0.08379869186849556,4.9754302831105415
frame_008,frame_000,8,0,40,-8,False,False,427,"barrel, cask",0.9535190879144683,0.04759583535392087,0.9621262550354004,0.03787374496459961,0.11014691574495432,3.8356232684435296
frame_008,frame_001,8,1,40,-7,False,False,427,"barrel, cask",0.9646765251657854,0.035962440919690974,0.9700115323066711,0.029988467693328857,0.09111723041390164,3.829672164921055
frame_008,frame_002,8,2,40,-6,True,False,427,"barrel, cask",0.9834961835913146,0.01664152159642951,0.9839980602264404,0.01600193977355957,0.09103160652841927,3.8818645321651166
frame_008,frame_003,8,3,40,-5,False,False,427,"barrel, cask",0.7909713755103226,0.23449349959326637,0.8539729714393616,0.14602702856063843,0.09538725048133805,3.8717854418720004
frame_008,frame_004,8,4,40,-4,False,False,427,"barrel, cask",0.8676305686517489,0.14198926707270942,0.890394389629364,0.10960561037063599,0.08858710528981079,3.950232643517361
frame_008,frame_005,8,5,40,-3,False,False,427,"barrel, cask",0.4269151663273401,0.8511699591982111,0.6990329027175903,0.30096709728240967,0.09004177833182754,3.97573912367755
frame_008,frame_006,8,6,40,-2,False,False,703,park bench,0.6192450100444903,0.4792542687081296,0.7874075770378113,0.21259242296218872,0.06113688523234429,4.045823152087168
frame_008,frame_007,8,7,40,-1,False,False,703,park bench,0.9129815552287893,0.09103960096934527,0.9291031956672668,0.07089680433273315,0.08700418563033427,3.9957848544902634
frame_008,frame_009,8,9,40,1,False,False,703,park bench,0.5638385913804654,0.5729872539385905,0.7622135281562805,0.23778647184371948,0.06705296146285933,4.069910122485825
frame_008,frame_010,8,10,40,2,False,False,703,park bench,0.38892711902894495,0.944363307598147,0.739278256893158,0.26072174310684204,0.08891582744015979,3.964498426902071
frame_008,frame_011,8,11,40,3,False,False,222,kuvasz,0.2703176342018784,1.308157588457111,0.6376515626907349,0.36234843730926514,0.08526703100587274,3.944854810707727
frame_008,frame_012,8,12,40,4,False,False,690,oxcart,0.421658590279765,0.8635593201587799,0.6900156736373901,0.30998432636260986,0.0680898064708172,3.982131667110704
frame_008,frame_013,8,13,40,5,False,False,690,oxcart,0.39483270157266154,0.9292931441219272,0.6700178384780884,0.3299821615219116,0.08894281056491121,3.911331863379714
frame_008,frame_014,8,14,40,6,False,False,690,oxcart,0.7238691531487176,0.32314463062478005,0.8083404302597046,0.1916595697402954,0.07836971507127792,4.009461622867242
frame_008,frame_015,8,15,40,7,False,False,843,swing,0.351927220507864,1.04433088468266,0.6886241436004639,0.31137585639953613,0.1317283512124672,3.7944366842793507
frame_008,frame_016,8,16,40,8,False,False,222,kuvasz,0.35978977039320925,1.0222353892395075,0.6288051605224609,0.37119483947753906,0.07880967862382192,3.8423425623146894
frame_008,frame_017,8,17,40,9,False,False,843,swing,0.465463319442676,0.7647219835594958,0.7372304201126099,0.26276957988739014,0.08046645645859542,3.8823675528373665
frame_008,frame_018,8,18,40,10,False,False,703,park bench,0.34773259659803724,1.05632149515906,0.7380357980728149,0.26196420192718506,0.08531556403524908,3.823845183208163
frame_008,frame_019,8,19,40,11,False,True,981,"ballplayer, baseball player",0.23748308377089847,1.4376588842719453,0.6011539697647095,0.3988460302352905,0.14620478172375462,3.8182047363989446
frame_008,frame_000,8,0,50,-8,False,False,427,"barrel, cask",0.877973539519948,0.13013882302217142,0.926745593547821,0.07325440645217896,0.04741984219320885,4.589795684903233
frame_008,frame_001,8,1,50,-7,False,False,427,"barrel, cask",0.9447233653215501,0.056863129453150946,0.9593470096588135,0.04065299034118652,0.04357299168565321,4.671154221493325
frame_008,frame_002,8,2,50,-6,True,False,427,"barrel, cask",0.9619071580828116,0.038837342243176365,0.9688401222229004,0.03115987777709961,0.04205319988299101,4.655409035116996
frame_008,frame_003,8,3,50,-5,False,False,427,"barrel, cask",0.5904406334883159,0.5268861844050421,0.7975770831108093,0.20242291688919067,0.0329427644851743,4.69157033072951
frame_008,frame_004,8,4,50,-4,False,False,427,"barrel, cask",0.6555910333947852,0.4222181091511037,0.7877044677734375,0.2122955322265625,0.05986671819991187,4.5996059542441206
frame_008,frame_005,8,5,50,-3,False,False,703,park bench,0.2513912086280829,1.3807449530950286,0.6522414684295654,0.34775853157043457,0.09523265744696889,4.423388521018514
frame_008,frame_006,8,6,50,-2,False,False,703,park bench,0.7032774514778305,0.35200379721180397,0.8025108575820923,0.19748914241790771,0.05766550051240616,4.512033849750225
frame_008,frame_007,8,7,50,-1,False,False,703,park bench,0.9541331939073247,0.04695200102423547,0.9567227959632874,0.043277204036712646,0.05275411524957166,4.532347881985506
frame_008,frame_009,8,9,50,1,False,False,703,park bench,0.7165143125825502,0.3333570562224937,0.8198736310005188,0.1801263689994812,0.06959947746739854,4.450874616513808
frame_008,frame_010,8,10,50,2,False,False,427,"barrel, cask",0.42567100101679517,0.8540885291712046,0.789038896560669,0.21096110343933105,0.08769401077677312,4.365600269500967
frame_008,frame_011,8,11,50,3,False,True,427,"barrel, cask",0.22399450373154114,1.496133764340895,0.634406328201294,0.36559367179870605,0.09465946103465521,4.30113739205678
frame_008,frame_012,8,12,50,4,False,False,690,oxcart,0.4809484035543464,0.731995283747902,0.7106359004974365,0.2893640995025635,0.0891699859248481,4.283709655147048
frame_008,frame_013,8,13,50,5,False,False,690,oxcart,0.41621973373445087,0.8765419520801778,0.6644651889801025,0.33553481101989746,0.08622184440309891,4.338117789425503
frame_008,frame_014,8,14,50,6,False,False,690,oxcart,0.7023813674851971,0.35327876394189506,0.8174905776977539,0.1825094223022461,0.08378768495289994,4.417544886908179
frame_008,frame_015,8,15,50,7,False,False,222,kuvasz,0.37394624614705874,0.9836432187768249,0.6630699634552002,0.3369300365447998,0.04945836670089112,4.532405278895453
frame_008,frame_016,8,16,50,8,False,False,222,kuvasz,0.3826220880176469,0.9607074922841763,0.6751923561096191,0.32480764389038086,0.06438707457622243,4.339416445412878
frame_008,frame_017,8,17,50,9,False,False,981,"ballplayer, baseball player",0.3503223073078416,1.0489016702243124,0.6588466763496399,0.3411533236503601,0.05151019653526558,4.455741821280002
frame_008,frame_018,8,18,50,10,False,False,981,"ballplayer, baseball player",0.6193099274988259,0.47914944097311807,0.775102436542511,0.224897563457489,0.04549007880656178,4.384434743741776
frame_008,frame_019,8,19,50,11,False,False,981,"ballplayer, baseball player",0.5930573633686697,0.5224641504829792,0.74164879322052,0.25835120677948,0.07057625985112566,4.365032048610004
frame_009,frame_000,9,0,5,-9,False,False,456,bow,0.43312333593265034,0.8367327510478888,0.6391266584396362,0.36087334156036377,0.03277877693561556,5.070532088249567
frame_009,frame_001,9,1,5,-8,True,False,456,bow,0.47302165265640733,0.7486141142516787,0.6509323120117188,0.34906768798828125,0.03041300458127671,5.113588373892945
frame_009,frame_002,9,2,5,-7,False,False,456,bow,0.34248961790837107,1.0715139344155844,0.6339419484138489,0.3660580515861511,0.03325300293225066,5.125780130955876
frame_009,frame_003,9,3,5,-6,False,False,876,"tub, vat",0.2894853052241593,1.239650742413994,0.6179662942886353,0.38203370571136475,0.024297647887228168,5.1494016408802565
frame_009,frame_004,9,4,5,-5,False,False,703,park bench,0.12447271003198798,2.0836687836346623,0.50589919090271,0.49410080909729004,0.0250066930612868,5.128998827736274
frame_009,frame_005,9,5,5,-4,False,False,703,park bench,0.1708068641234378,1.767221810358853,0.5286301374435425,0.4713698625564575,0.026459153628639553,5.136374789539696
frame_009,frame_006,9,6,5,-3,False,False,703,park bench,0.22499785877332026,1.4916643933860207,0.5607644319534302,0.4392355680465698,0.023286000242125984,5.2020337411410935
frame_009,frame_007,9,7,5,-2,False,False,703,park bench,0.19880804362746432,1.6154155246754456,0.5988924503326416,0.4011075496673584,0.024806616813880012,5.199280823631311
frame_009,frame_008,9,8,5,-1,False,False,416,"balance beam, beam",0.2845190384197903,1.2569551087802369,0.645402193069458,0.354597806930542,0.02730864494402293,5.167919775961448
frame_009,frame_010,9,10,5,1,False,False,416,"balance beam, beam",0.16186603212131184,1.8209862480857568,0.5364500284194946,0.46354997158050537,0.027005345830425558,5.118326955770541
frame_009,frame_011,9,11,5,2,False,False,416,"balance beam, beam",0.13344365491278773,2.014075950812837,0.5108722448348999,0.4891277551651001,0.025925336579305683,5.074133399184799
frame_009,frame_012,9,12,5,3,False,False,345,ox,0.19142987764407085,1.6532337116019704,0.5002516508102417,0.4997483491897583,0.027724826236879403,5.065034838488684
frame_009,frame_013,9,13,5,4,False,True,690,oxcart,0.15665107543315565,1.8537343964102106,0.4997352957725525,0.5002647042274475,0.028855767108489645,5.069496069252704
frame_009,frame_014,9,14,5,5,False,False,690,oxcart,0.16305512448976886,1.81366694829393,0.5505906939506531,0.4494093060493469,0.026707082885263238,5.090581269180065
frame_009,frame_015,9,15,5,6,False,False,416,"balance beam, beam",0.22170583446314748,1.5064038457772089,0.5605427026748657,0.4394572973251343,0.022834904309348706,5.112600325309597
frame_009,frame_016,9,16,5,7,False,False,981,"ballplayer, baseball player",0.22552440060475004,1.4893269192203746,0.5261799097061157,0.4738200902938843,0.02694599147410407,5.069634095362279
frame_009,frame_017,9,17,5,8,False,False,981,"ballplayer, baseball player",0.36507083837026255,1.0076638665035444,0.6252011060714722,0.37479889392852783,0.022979658283622837,5.123204337694502
frame_009,frame_018,9,18,5,9,False,False,981,"ballplayer, baseball player",0.2817875012678983,1.266602033702402,0.609499454498291,0.390500545501709,0.027368336474795436,5.091305356882895
frame_009,frame_019,9,19,5,10,False,False,981,"ballplayer, baseball player",0.15543259279802593,1.8615431281748402,0.5086660981178284,0.49133390188217163,0.02319888754148184,5.082973204392337
frame_009,frame_000,9,0,10,-9,False,False,427,"barrel, cask",0.5555055482723771,0.5878766820632633,0.75243079662323,0.24756920337677002,0.06376297829864432,4.602502760093355
frame_009,frame_001,9,1,10,-8,False,False,690,oxcart,0.36043536457358255,1.0204426321641424,0.7167479395866394,0.2832520604133606,0.07523767828962127,4.66662974867027
frame_009,frame_002,9,2,10,-7,False,False,690,oxcart,0.48120132604231425,0.7314695391865027,0.7570929527282715,0.24290704727172852,0.08648128122104616,4.674807319284276
frame_009,frame_003,9,3,10,-6,False,False,690,oxcart,0.5536868978859183,0.5911559182724151,0.7869836688041687,0.2130163311958313,0.09443544089693713,4.697008265501938
frame_009,frame_004,9,4,10,-5,False,False,703,park bench,0.39546477187635276,0.9276935681149259,0.7133579850196838,0.28664201498031616,0.05322592656999027,4.739598084503775
frame_009,frame_005,9,5,10,-4,False,False,703,park bench,0.6270799992971713,0.46668115590260273,0.76422119140625,0.23577880859375,0.051807731906569315,4.808968744632215
frame_009,frame_006,9,6,10,-3,False,False,703,park bench,0.7883311436414076,0.23783704434996422,0.8523095846176147,0.14769041538238525,0.04241593585196017,4.834700710283318
frame_009,frame_007,9,7,10,-2,True,False,703,park bench,0.7395081918570741,0.301769919330672,0.87115478515625,0.12884521484375,0.052383406911745686,4.783491178173014
frame_009,frame_008,9,8,10,-1,False,False,416,"balance beam, beam",0.720351137407092,0.3280164950113815,0.8428562879562378,0.1571437120437622,0.05584416955848444,4.701471012820459
frame_009,frame_010,9,10,10,1,False,False,703,park bench,0.42539440696669284,0.8547385240064921,0.6992111802101135,0.3007888197898865,0.07568930056868985,4.723475409559379
frame_009,frame_011,9,11,10,2,False,False,690,oxcart,0.23235334948826275,1.4594960078534722,0.6690607070922852,0.33093929290771484,0.05547202287134283,4.721299956682554
frame_009,frame_012,9,12,10,3,False,False,690,oxcart,0.4837669694199472,0.7261519563491123,0.7841253280639648,0.21587467193603516,0.0480976405675427,4.687082703016159
frame_009,frame_013,9,13,10,4,False,False,690,oxcart,0.5600950417845953,0.5796487921808313,0.8534557819366455,0.1465442180633545,0.06676307200219114,4.517130905486665
frame_009,frame_014,9,14,10,5,False,False,690,oxcart,0.7243847242460452,0.3224326406523659,0.8649649024009705,0.13503509759902954,0.038825206434239076,4.741127445128298
frame_009,frame_015,9,15,10,6,False,False,416,"balance beam, beam",0.40240629916464027,0.9102930063314554,0.7076969146728516,0.29230308532714844,0.047965355401605625,4.734285042883959
frame_009,frame_016,9,16,10,7,False,True,690,oxcart,0.1968575610437108,1.6252748521511713,0.5906793475151062,0.4093206524848938,0.053614400391690374,4.582415170983248
frame_009,frame_017,9,17,10,8,False,False,416,"balance beam, beam",0.5031906537165381,0.6867861474636735,0.759023129940033,0.24097687005996704,0.0476030071795516,4.6070210431834075
frame_009,frame_018,9,18,10,9,False,False,416,"balance beam, beam",0.7453845880096326,0.2938549682848457,0.8499241471290588,0.15007585287094116,0.06584372500100048,4.473015337167935
frame_009,frame_019,9,19,10,10,False,False,416,"balance beam, beam",0.3812720147632116,0.9642422090864048,0.6765185594558716,0.3234814405441284,0.061346298369157934,4.540649521724546
frame_009,frame_000,9,0,20,-9,False,False,427,"barrel, cask",0.8954357929792834,0.11044475968420309,0.9076558351516724,0.09234416484832764,0.029807452148702323,5.089545585127185
frame_009,frame_001,9,1,20,-8,True,False,427,"barrel, cask",0.9226520650348795,0.08050307650588806,0.9323467016220093,0.06765329837799072,0.02522923958786594,5.21595470673482
frame_009,frame_002,9,2,20,-7,False,False,427,"barrel, cask",0.9275325115483121,0.07522743223260764,0.9323031306266785,0.06769686937332153,0.02662299030011961,5.201623768453331
frame_009,frame_003,9,3,20,-6,False,False,427,"barrel, cask",0.6477663516166937,0.43422521614306797,0.7525835037231445,0.24741649627685547,0.024416936784768504,5.2299243081519275
frame_009,frame_004,9,4,20,-5,False,False,427,"barrel, cask",0.6734745306327188,0.39530510027926646,0.7407971620559692,0.25920283794403076,0.03650055799653921,5.252434130805321
frame_009,frame_005,9,5,20,-4,False,False,427,"barrel, cask",0.3503245719229348,1.0488952058692702,0.5841547250747681,0.41584527492523193,0.033669419520483995,5.259644126646217
frame_009,frame_006,9,6,20,-3,False,False,703,park bench,0.1421939244334909,1.9505634880286338,0.5318683385848999,0.4681316614151001,0.031071806586129867,5.2484617010052705
frame_009,frame_007,9,7,20,-2,False,False,703,park bench,0.3152200492584619,1.1544843149678234,0.5959129333496094,0.4040870666503906,0.030363943140692996,5.223222297203771
frame_009,frame_008,9,8,20,-1,False,False,830,stretcher,0.3415922932660227,1.0741373780188734,0.5705919861793518,0.4294080138206482,0.0335731619286528,5.180796325694953
frame_009,frame_010,9,10,20,1,False,False,830,stretcher,0.19433218300851957,1.638186300655938,0.5399535894393921,0.4600464105606079,0.020940908483405504,5.216782391391812
frame_009,frame_011,9,11,20,2,False,False,830,stretcher,0.20984301991346926,1.5613955520217893,0.5314674973487854,0.4685325026512146,0.03392269087615132,5.141843753582712
frame_009,frame_012,9,12,20,3,False,False,690,oxcart,0.37735284050914936,0.9745746127609762,0.6293631792068481,0.37063682079315186,0.03610852295445036,5.148354802810279
frame_009,frame_013,9,13,20,4,False,False,690,oxcart,0.3725944640656689,0.987264678505086,0.5941082239151001,0.4058917760848999,0.042789757044836965,5.084943534172071
frame_009,frame_014,9,14,20,5,False,False,690,oxcart,0.6223968934328593,0.4741772974015246,0.7349047064781189,0.2650952935218811,0.03395527535422954,5.106268502384161
frame_009,frame_015,9,15,20,6,False,False,830,stretcher,0.2252910860128961,1.4903619972938245,0.5289996266365051,0.4710003733634949,0.03707372094654642,5.152867305886344
frame_009,frame_016,9,16,20,7,False,False,267,standard poodle,0.28539678164675575,1.2538748506436423,0.5607526302337646,0.43924736976623535,0.03215004088158413,5.087215418657447
frame_009,frame_017,9,17,20,8,False,False,981,"ballplayer, baseball player",0.20170281151320996,1.600959895035282,0.5408183336257935,0.45918166637420654,0.033287860143202286,5.076396535846246
frame_009,frame_018,9,18,20,9,False,False,981,"ballplayer, baseball player",0.4398558393094884,0.8213082436878452,0.641482949256897,0.358517050743103,0.04442423600541475,5.045868298453328
frame_009,frame_019,9,19,20,10,False,True,249,"malamute, malemute, Alaskan malamute",0.11542748678663599,2.1591127662109346,0.46729743480682373,0.5327025651931763,0.06204932582847554,5.017094572756585
frame_009,frame_000,9,0,30,-9,False,False,427,"barrel, cask",0.8937867294733715,0.1122880899040718,0.9170268177986145,0.0829731822013855,0.04512689957167698,4.98578927831125
frame_009,frame_001,9,1,30,-8,False,False,427,"barrel, cask",0.965317349870361,0.035298371736452505,0.9677907824516296,0.03220921754837036,0.02901042608640081,5.045194193829895
frame_009,frame_002,9,2,30,-7,True,False,427,"barrel, cask",0.9727020487545943,0.027677462853594736,0.9727835059165955,0.02721649408340454,0.02957649921261712,5.037102412025873
frame_009,frame_003,9,3,30,-6,False,False,427,"barrel, cask",0.6939780721403112,0.36531491531411664,0.791993260383606,0.20800673961639404,0.025181090437024007,5.064900822213247
frame_009,frame_004,9,4,30,-5,False,False,427,"barrel, cask",0.6422693386885417,0.44274753260305033,0.7517197728157043,0.24828022718429565,0.031157736172954434,5.087202634827085
frame_009,frame_005,9,5,30,-4,False,False,427,"barrel, cask",0.32735099955959934,1.1167222906107743,0.6224814653396606,0.37751853466033936,0.04237534484292056,5.066886523500222
frame_009,frame_006,9,6,30,-3,False,False,703,park bench,0.5401526027666304,0.6159035816310481,0.7071157097816467,0.29288429021835327,0.050461367434276046,5.084785438385018
frame_009,frame_007,9,7,30,-2,False,False,703,park bench,0.7990845027565503,0.22428857816162928,0.8602330684661865,0.13976693153381348,0.04579346590529204,5.044353211752339
frame_009,frame_008,9,8,30,-1,False,False,703,park bench,0.47096688438309137,0.7529674966029356,0.7220920324325562,0.27790796756744385,0.042198838361821554,5.015878472200637
frame_009,frame_010,9,10,30,1,False,False,176,"Saluki, gazelle hound",0.281424477931012,1.267891151834002,0.6502265334129333,0.34977346658706665,0.035967618361371016,4.918911518389153
frame_009,frame_011,9,11,30,2,False,False,176,"Saluki, gazelle hound",0.3823971122758231,0.9612956494133647,0.6414053440093994,0.3585946559906006,0.04042177642291738,5.0147634145694076
frame_009,frame_012,9,12,30,3,False,False,176,"Saluki, gazelle hound",0.6698543906749088,0.40069491756701847,0.8023284673690796,0.1976715326309204,0.04117943352751215,5.022464970573636
frame_009,frame_013,9,13,30,4,False,False,690,oxcart,0.24579292959325683,1.4032658471408244,0.6328157186508179,0.36718428134918213,0.030967733468607254,5.032819429576737
frame_009,frame_014,9,14,30,5,False,False,690,oxcart,0.4490198782689784,0.8006881199058897,0.7439985871315002,0.25600141286849976,0.04660252136495406,5.035333001428828
frame_009,frame_015,9,15,30,6,False,True,703,park bench,0.2243111806174123,1.4947209919866786,0.5595017671585083,0.4404982328414917,0.041798952901313,5.025772624613864
frame_009,frame_016,9,16,30,7,False,False,267,standard poodle,0.18456334728101964,1.689762528734617,0.5606030225753784,0.4393969774246216,0.04320190629079284,4.968421788438283
frame_009,frame_017,9,17,30,8,False,False,703,park bench,0.3271551318097337,1.1173208113772732,0.612591028213501,0.387408971786499,0.039494064975611844,5.0048128781782975
frame_009,frame_018,9,18,30,9,False,False,981,"ballplayer, baseball player",0.34507627048911826,1.0639898125025047,0.6872057914733887,0.31279420852661133,0.06292428908599997,5.007489154440478
frame_009,frame_019,9,19,30,10,False,False,176,"Saluki, gazelle hound",0.5443214211241456,0.6082153589532657,0.6933525204658508,0.30664747953414917,0.07858219108695653,5.00018668220997
frame_009,frame_000,9,0,40,-9,False,False,427,"barrel, cask",0.9535190879144683,0.04759583535392087,0.9621262550354004,0.03787374496459961,0.1065697674760689,3.862408329867118
frame_009,frame_001,9,1,40,-8,False,False,427,"barrel, cask",0.9646765251657854,0.035962440919690974,0.9700115323066711,0.029988467693328857,0.08358745304429031,3.859373609561057
frame_009,frame_002,9,2,40,-7,True,False,427,"barrel, cask",0.9834961835913146,0.01664152159642951,0.9839980602264404,0.01600193977355957,0.0818942857487215,3.9148354374510355
frame_009,frame_003,9,3,40,-6,False,False,427,"barrel, cask",0.7909713755103226,0.23449349959326637,0.8539729714393616,0.14602702856063843,0.09016103508324717,3.9243979703267984
frame_009,frame_004,9,4,40,-5,False,False,427,"barrel, cask",0.8676305686517489,0.14198926707270942,0.890394389629364,0.10960561037063599,0.08128935140773272,3.9884961109518953
frame_009,frame_005,9,5,40,-4,False,False,427,"barrel, cask",0.4269151663273401,0.8511699591982111,0.6990329027175903,0.30096709728240967,0.08624113374533472,4.016069507526278
frame_009,frame_006,9,6,40,-3,False,False,703,park bench,0.6192450100444903,0.4792542687081296,0.7874075770378113,0.21259242296218872,0.0654696369216031,4.0622659498407625
frame_009,frame_007,9,7,40,-2,False,False,703,park bench,0.9129815552287893,0.09103960096934527,0.9291031956672668,0.07089680433273315,0.08154289520158983,4.008483366998086
frame_009,frame_008,9,8,40,-1,False,False,703,park bench,0.6998718311893983,0.35685805900413214,0.7908145189285278,0.20918548107147217,0.07857544844022148,4.011642438747614
frame_009,frame_010,9,10,40,1,False,False,703,park bench,0.38892711902894495,0.944363307598147,0.739278256893158,0.26072174310684204,0.07816912143604482,3.992579003427523
frame_009,frame_011,9,11,40,2,False,False,222,kuvasz,0.2703176342018784,1.308157588457111,0.6376515626907349,0.36234843730926514,0.07361507651416535,3.952345423153239
frame_009,frame_012,9,12,40,3,False,False,690,oxcart,0.421658590279765,0.8635593201587799,0.6900156736373901,0.30998432636260986,0.0726581090365552,3.981161074128042
frame_009,frame_013,9,13,40,4,False,False,690,oxcart,0.39483270157266154,0.9292931441219272,0.6700178384780884,0.3299821615219116,0.08809249241112216,3.919679092026646
frame_009,frame_014,9,14,40,5,False,False,690,oxcart,0.7238691531487176,0.32314463062478005,0.8083404302597046,0.1916595697402954,0.07692668385897342,4.0077174723559175
frame_009,frame_015,9,15,40,6,False,False,843,swing,0.351927220507864,1.04433088468266,0.6886241436004639,0.31137585639953613,0.11983219207015412,3.807672948500359
frame_009,frame_016,9,16,40,7,False,False,222,kuvasz,0.35978977039320925,1.0222353892395075,0.6288051605224609,0.37119483947753906,0.07932051997966062,3.8536190955851053
frame_009,frame_017,9,17,40,8,False,False,843,swing,0.465463319442676,0.7647219835594958,0.7372304201126099,0.26276957988739014,0.07231310639756966,3.8929524362929633
frame_009,frame_018,9,18,40,9,False,False,703,park bench,0.34773259659803724,1.05632149515906,0.7380357980728149,0.26196420192718506,0.09236413379599898,3.8513788986545405
frame_009,frame_019,9,19,40,10,False,True,981,"ballplayer, baseball player",0.23748308377089847,1.4376588842719453,0.6011539697647095,0.3988460302352905,0.13841961311720163,3.849723563490346
frame_009,frame_000,9,0,50,-9,False,False,427,"barrel, cask",0.877973539519948,0.13013882302217142,0.926745593547821,0.07325440645217896,0.05153186573357906,4.5979018065337875
frame_009,frame_001,9,1,50,-8,False,False,427,"barrel, cask",0.9447233653215501,0.056863129453150946,0.9593470096588135,0.04065299034118652,0.03863801844546902,4.668613640401055
frame_009,frame_002,9,2,50,-7,True,False,427,"barrel, cask",0.9619071580828116,0.038837342243176365,0.9688401222229004,0.03115987777709961,0.04058761515443035,4.647099006839538
frame_009,frame_003,9,3,50,-6,False,False,427,"barrel, cask",0.5904406334883159,0.5268861844050421,0.7975770831108093,0.20242291688919067,0.03233036705868788,4.6718402425797185
frame_009,frame_004,9,4,50,-5,False,False,427,"barrel, cask",0.6555910333947852,0.4222181091511037,0.7877044677734375,0.2122955322265625,0.04918967531988507,4.59907094985202
frame_009,frame_005,9,5,50,-4,False,False,703,park bench,0.2513912086280829,1.3807449530950286,0.6522414684295654,0.34775853157043457,0.09278359178716764,4.40566463573473
frame_009,frame_006,9,6,50,-3,False,False,703,park bench,0.7032774514778305,0.35200379721180397,0.8025108575820923,0.19748914241790771,0.06282161288017542,4.474175522774628
frame_009,frame_007,9,7,50,-2,False,False,703,park bench,0.9541331939073247,0.04695200102423547,0.9567227959632874,0.043277204036712646,0.058548260375370795,4.491467815287233
frame_009,frame_008,9,8,50,-1,False,False,703,park bench,0.7722811333204355,0.25840663291619936,0.8384786248207092,0.16152137517929077,0.06769613936914948,4.404574529693085
frame_009,frame_010,9,10,50,1,False,False,427,"barrel, cask",0.42567100101679517,0.8540885291712046,0.789038896560669,0.21096110343933105,0.08367541448886442,4.346233929768499
frame_009,frame_011,9,11,50,2,False,True,427,"barrel, cask",0.22399450373154114,1.496133764340895,0.634406328201294,0.36559367179870605,0.0974852186707303,4.252106480015948
frame_009,frame_012,9,12,50,3,False,False,690,oxcart,0.4809484035543464,0.731995283747902,0.7106359004974365,0.2893640995025635,0.09107053143198458,4.266915435326327
frame_009,frame_013,9,13,50,4,False,False,690,oxcart,0.41621973373445087,0.8765419520801778,0.6644651889801025,0.33553481101989746,0.09416515362095454,4.318809021647699
frame_009,frame_014,9,14,50,5,False,False,690,oxcart,0.7023813674851971,0.35327876394189506,0.8174905776977539,0.1825094223022461,0.09058054414359612,4.37542021392068
frame_009,frame_015,9,15,50,6,False,False,222,kuvasz,0.37394624614705874,0.9836432187768249,0.6630699634552002,0.3369300365447998,0.045607208470833396,4.504089800576319
frame_009,frame_016,9,16,50,7,False,False,222,kuvasz,0.3826220880176469,0.9607074922841763,0.6751923561096191,0.32480764389038086,0.07326805596417343,4.3118220803109875
frame_009,frame_017,9,17,50,8,False,False,981,"ballplayer, baseball player",0.3503223073078416,1.0489016702243124,0.6588466763496399,0.3411533236503601,0.057372912079597244,4.421007903869672
frame_009,frame_018,9,18,50,9,False,False,981,"ballplayer, baseball player",0.6193099274988259,0.47914944097311807,0.775102436542511,0.224897563457489,0.04615272620620961,4.3748795366603765
frame_009,frame_019,9,19,50,10,False,False,981,"ballplayer, baseball player",0.5930573633686697,0.5224641504829792,0.74164879322052,0.25835120677948,0.08796282107335306,4.314578361222978
frame_010,frame_000,10,0,5,-10,False,False,456,bow,0.43312333593265034,0.8367327510478888,0.6391266584396362,0.36087334156036377,0.03187748801700272,5.077320436626103
frame_010,frame_001,10,1,5,-9,True,False,456,bow,0.47302165265640733,0.7486141142516787,0.6509323120117188,0.34906768798828125,0.029516585066902325,5.1184748577008
frame_010,frame_002,10,2,5,-8,False,False,456,bow,0.34248961790837107,1.0715139344155844,0.6339419484138489,0.3660580515861511,0.03202289306783156,5.132192787243249
frame_010,frame_003,10,3,5,-7,False,False,876,"tub, vat",0.2894853052241593,1.239650742413994,0.6179662942886353,0.38203370571136475,0.023187687616260597,5.151631537394403
frame_010,frame_004,10,4,5,-6,False,False,703,park bench,0.12447271003198798,2.0836687836346623,0.50589919090271,0.49410080909729004,0.024082669993706535,5.131097281463201
frame_010,frame_005,10,5,5,-5,False,False,703,park bench,0.1708068641234378,1.767221810358853,0.5286301374435425,0.4713698625564575,0.026340366830140852,5.142818156895902
frame_010,frame_006,10,6,5,-4,False,False,703,park bench,0.22499785877332026,1.4916643933860207,0.5607644319534302,0.4392355680465698,0.02202654803286963,5.207992063338286
frame_010,frame_007,10,7,5,-3,False,False,703,park bench,0.19880804362746432,1.6154155246754456,0.5988924503326416,0.4011075496673584,0.02408010872920731,5.201874196720963
frame_010,frame_008,10,8,5,-2,False,False,416,"balance beam, beam",0.2845190384197903,1.2569551087802369,0.645402193069458,0.354597806930542,0.026986051771559594,5.175310548345154
frame_010,frame_009,10,9,5,-1,False,False,981,"ballplayer, baseball player",0.20703415377156717,1.5748715052612499,0.5838593244552612,0.41614067554473877,0.023032434623330426,5.157535324596494
frame_010,frame_011,10,11,5,1,False,False,416,"balance beam, beam",0.13344365491278773,2.014075950812837,0.5108722448348999,0.4891277551651001,0.025856602866763008,5.083079092013653
frame_010,frame_012,10,12,5,2,False,False,345,ox,0.19142987764407085,1.6532337116019704,0.5002516508102417,0.4997483491897583,0.024725584134529247,5.0752823026201295
frame_010,frame_013,10,13,5,3,False,True,690,oxcart,0.15665107543315565,1.8537343964102106,0.4997352957725525,0.5002647042274475,0.028317343644220845,5.078735093464514
frame_010,frame_014,10,14,5,4,False,False,690,oxcart,0.16305512448976886,1.81366694829393,0.5505906939506531,0.4494093060493469,0.028105173097044488,5.097080719424346
frame_010,frame_015,10,15,5,5,False,False,416,"balance beam, beam",0.22170583446314748,1.5064038457772089,0.5605427026748657,0.4394572973251343,0.02312758741384167,5.122840023295969
frame_010,frame_016,10,16,5,6,False,False,981,"ballplayer, baseball player",0.22552440060475004,1.4893269192203746,0.5261799097061157,0.4738200902938843,0.026883700631982345,5.081082766903086
frame_010,frame_017,10,17,5,7,False,False,981,"ballplayer, baseball player",0.36507083837026255,1.0076638665035444,0.6252011060714722,0.37479889392852783,0.023063529291366576,5.131228870424675
frame_010,frame_018,10,18,5,8,False,False,981,"ballplayer, baseball player",0.2817875012678983,1.266602033702402,0.609499454498291,0.390500545501709,0.02756996325720241,5.098602227063567
frame_010,frame_019,10,19,5,9,False,False,981,"ballplayer, baseball player",0.15543259279802593,1.8615431281748402,0.5086660981178284,0.49133390188217163,0.023467133382920783,5.086602132220184
frame_010,frame_000,10,0,10,-10,False,False,427,"barrel, cask",0.5555055482723771,0.5878766820632633,0.75243079662323,0.24756920337677002,0.06213568420393773,4.608532699701742
frame_010,frame_001,10,1,10,-9,False,False,690,oxcart,0.36043536457358255,1.0204426321641424,0.7167479395866394,0.2832520604133606,0.0762014543753831,4.67071311032791
frame_010,frame_002,10,2,10,-8,False,False,690,oxcart,0.48120132604231425,0.7314695391865027,0.7570929527282715,0.24290704727172852,0.08712507986592516,4.6858134193592775
frame_010,frame_003,10,3,10,-7,False,False,690,oxcart,0.5536868978859183,0.5911559182724151,0.7869836688041687,0.2130163311958313,0.09430368213270574,4.705718933848106
frame_010,frame_004,10,4,10,-6,False,False,703,park bench,0.39546477187635276,0.9276935681149259,0.7133579850196838,0.28664201498031616,0.054011102531458195,4.7534219878732955
frame_010,frame_005,10,5,10,-5,False,False,703,park bench,0.6270799992971713,0.46668115590260273,0.76422119140625,0.23577880859375,0.04995961485045198,4.824675601610917
frame_010,frame_006,10,6,10,-4,False,False,703,park bench,0.7883311436414076,0.23783704434996422,0.8523095846176147,0.14769041538238525,0.039520532014419005,4.855117016633544
frame_010,frame_007,10,7,10,-3,True,False,703,park bench,0.7395081918570741,0.301769919330672,0.87115478515625,0.12884521484375,0.05015493896971087,4.800241304491214
frame_010,frame_008,10,8,10,-2,False,False,416,"balance beam, beam",0.720351137407092,0.3280164950113815,0.8428562879562378,0.1571437120437622,0.05083575235106556,4.725768846607599
frame_010,frame_009,10,9,10,-1,False,False,703,park bench,0.490875779716257,0.7115641776640239,0.7742506265640259,0.22574937343597412,0.050365764526933865,4.794597699534737
frame_010,frame_011,10,11,10,1,False,False,690,oxcart,0.23235334948826275,1.4594960078534722,0.6690607070922852,0.33093929290771484,0.05396319885264014,4.746614540451338
frame_010,frame_012,10,12,10,2,False,False,690,oxcart,0.4837669694199472,0.7261519563491123,0.7841253280639648,0.21587467193603516,0.05143263523101908,4.690447243725362
frame_010,frame_013,10,13,10,3,False,False,690,oxcart,0.5600950417845953,0.5796487921808313,0.8534557819366455,0.1465442180633545,0.07481639436742814,4.514245314851104
frame_010,frame_014,10,14,10,4,False,False,690,oxcart,0.7243847242460452,0.3224326406523659,0.8649649024009705,0.13503509759902954,0.04317532485557475,4.760698122892427
frame_010,frame_015,10,15,10,5,False,False,416,"balance beam, beam",0.40240629916464027,0.9102930063314554,0.7076969146728516,0.29230308532714844,0.04760637949690436,4.758320197302172
frame_010,frame_016,10,16,10,6,False,True,690,oxcart,0.1968575610437108,1.6252748521511713,0.5906793475151062,0.4093206524848938,0.05600126425385166,4.5979488815735055
frame_010,frame_017,10,17,10,7,False,False,416,"balance beam, beam",0.5031906537165381,0.6867861474636735,0.759023129940033,0.24097687005996704,0.048147111419002284,4.628359344924435
frame_010,frame_018,10,18,10,8,False,False,416,"balance beam, beam",0.7453845880096326,0.2938549682848457,0.8499241471290588,0.15007585287094116,0.0687305493517508,4.480642167270847
frame_010,frame_019,10,19,10,9,False,False,416,"balance beam, beam",0.3812720147632116,0.9642422090864048,0.6765185594558716,0.3234814405441284,0.06201595057975154,4.554699616572485
frame_010,frame_000,10,0,20,-10,False,False,427,"barrel, cask",0.8954357929792834,0.11044475968420309,0.9076558351516724,0.09234416484832764,0.02955440867576345,5.103146136563691
frame_010,frame_001,10,1,20,-9,True,False,427,"barrel, cask",0.9226520650348795,0.08050307650588806,0.9323467016220093,0.06765329837799072,0.024749503009127472,5.234061956286952
frame_010,frame_002,10,2,20,-8,False,False,427,"barrel, cask",0.9275325115483121,0.07522743223260764,0.9323031306266785,0.06769686937332153,0.026149347766002834,5.213811086932715
frame_010,frame_003,10,3,20,-7,False,False,427,"barrel, cask",0.6477663516166937,0.43422521614306797,0.7525835037231445,0.24741649627685547,0.025683948912809715,5.249041175352501
frame_010,frame_004,10,4,20,-6,False,False,427,"barrel, cask",0.6734745306327188,0.39530510027926646,0.7407971620559692,0.25920283794403076,0.03787932523823012,5.2773398727930285
frame_010,frame_005,10,5,20,-5,False,False,427,"barrel, cask",0.3503245719229348,1.0488952058692702,0.5841547250747681,0.41584527492523193,0.03419322936850693,5.274944524424354
frame_010,frame_006,10,6,20,-4,False,False,703,park bench,0.1421939244334909,1.9505634880286338,0.5318683385848999,0.4681316614151001,0.029807913757433066,5.268644891321651
frame_010,frame_007,10,7,20,-3,False,False,703,park bench,0.3152200492584619,1.1544843149678234,0.5959129333496094,0.4040870666503906,0.03059173196713199,5.23638444862239
frame_010,frame_008,10,8,20,-2,False,False,830,stretcher,0.3415922932660227,1.0741373780188734,0.5705919861793518,0.4294080138206482,0.03511857986114823,5.187466434066872
frame_010,frame_009,10,9,20,-1,False,False,830,stretcher,0.21735227110603952,1.5262358725288214,0.536159873008728,0.463840126991272,0.029090102324367,5.222364347399654
frame_010,frame_011,10,11,20,1,False,False,830,stretcher,0.20984301991346926,1.5613955520217893,0.5314674973487854,0.4685325026512146,0.033728052234997453,5.1545537079125685
frame_010,frame_012,10,12,20,2,False,False,690,oxcart,0.37735284050914936,0.9745746127609762,0.6293631792068481,0.37063682079315186,0.036134328508521635,5.1672377405761285
frame_010,frame_013,10,13,20,3,False,False,690,oxcart,0.3725944640656689,0.987264678505086,0.5941082239151001,0.4058917760848999,0.04877080109806636,5.089266238822236
frame_010,frame_014,10,14,20,4,False,False,690,oxcart,0.6223968934328593,0.4741772974015246,0.7349047064781189,0.2650952935218811,0.030709114137067967,5.116743757481522
frame_010,frame_015,10,15,20,5,False,False,830,stretcher,0.2252910860128961,1.4903619972938245,0.5289996266365051,0.4710003733634949,0.03718502830385749,5.1652771184287705
frame_010,frame_016,10,16,20,6,False,False,267,standard poodle,0.28539678164675575,1.2538748506436423,0.5607526302337646,0.43924736976623535,0.029865613800860037,5.103109878727743
frame_010,frame_017,10,17,20,7,False,False,981,"ballplayer, baseball player",0.20170281151320996,1.600959895035282,0.5408183336257935,0.45918166637420654,0.03299900524303215,5.0829303401205435
frame_010,frame_018,10,18,20,8,False,False,981,"ballplayer, baseball player",0.4398558393094884,0.8213082436878452,0.641482949256897,0.358517050743103,0.04683335460881766,5.05047391173428
frame_010,frame_019,10,19,20,9,False,True,249,"malamute, malemute, Alaskan malamute",0.11542748678663599,2.1591127662109346,0.46729743480682373,0.5327025651931763,0.06132238824561134,5.033238554375086
frame_010,frame_000,10,0,30,-10,False,False,427,"barrel, cask",0.8937867294733715,0.1122880899040718,0.9170268177986145,0.0829731822013855,0.044091067269883814,5.036017948947461
frame_010,frame_001,10,1,30,-9,False,False,427,"barrel, cask",0.965317349870361,0.035298371736452505,0.9677907824516296,0.03220921754837036,0.028655073132761864,5.087392917347712
frame_010,frame_002,10,2,30,-8,True,False,427,"barrel, cask",0.9727020487545943,0.027677462853594736,0.9727835059165955,0.02721649408340454,0.028861906709840658,5.072700333863465
frame_010,frame_003,10,3,30,-7,False,False,427,"barrel, cask",0.6939780721403112,0.36531491531411664,0.791993260383606,0.20800673961639404,0.02473620898729184,5.106427473093815
frame_010,frame_004,10,4,30,-6,False,False,427,"barrel, cask",0.6422693386885417,0.44274753260305033,0.7517197728157043,0.24828022718429565,0.029153339573735754,5.127116802440977
frame_010,frame_005,10,5,30,-5,False,False,427,"barrel, cask",0.32735099955959934,1.1167222906107743,0.6224814653396606,0.37751853466033936,0.03941192038986446,5.113697751976784
frame_010,frame_006,10,6,30,-4,False,False,703,park bench,0.5401526027666304,0.6159035816310481,0.7071157097816467,0.29288429021835327,0.04605660542056488,5.1299835300293
frame_010,frame_007,10,7,30,-3,False,False,703,park bench,0.7990845027565503,0.22428857816162928,0.8602330684661865,0.13976693153381348,0.042620666495282455,5.094232115797261
frame_010,frame_008,10,8,30,-2,False,False,703,park bench,0.47096688438309137,0.7529674966029356,0.7220920324325562,0.27790796756744385,0.04106482514245431,5.068048693692292
frame_010,frame_009,10,9,30,-1,False,False,703,park bench,0.3445164572737345,1.0656134181927115,0.6360412240028381,0.36395877599716187,0.03469659808130887,5.059757135129523
frame_010,frame_011,10,11,30,1,False,False,176,"Saluki, gazelle hound",0.3823971122758231,0.9612956494133647,0.6414053440093994,0.3585946559906006,0.03486965607498196,5.065592840480289
frame_010,frame_012,10,12,30,2,False,False,176,"Saluki, gazelle hound",0.6698543906749088,0.40069491756701847,0.8023284673690796,0.1976715326309204,0.03803463023756751,5.0706475462907825
frame_010,frame_013,10,13,30,3,False,False,690,oxcart,0.24579292959325683,1.4032658471408244,0.6328157186508179,0.36718428134918213,0.027802033764154223,5.073146859082019
frame_010,frame_014,10,14,30,4,False,False,690,oxcart,0.4490198782689784,0.8006881199058897,0.7439985871315002,0.25600141286849976,0.04180201547361836,5.093148229408055
frame_010,frame_015,10,15,30,5,False,True,703,park bench,0.2243111806174123,1.4947209919866786,0.5595017671585083,0.4404982328414917,0.03959928057984006,5.075386316777503
frame_010,frame_016,10,16,30,6,False,False,267,standard poodle,0.18456334728101964,1.689762528734617,0.5606030225753784,0.4393969774246216,0.04116002839549559,5.023045384120148
frame_010,frame_017,10,17,30,7,False,False,703,park bench,0.3271551318097337,1.1173208113772732,0.612591028213501,0.387408971786499,0.03836008101061281,5.05803388197725
frame_010,frame_018,10,18,30,8,False,False,981,"ballplayer, baseball player",0.34507627048911826,1.0639898125025047,0.6872057914733887,0.31279420852661133,0.05886696286627392,5.062388704566652
frame_010,frame_019,10,19,30,9,False,False,176,"Saluki, gazelle hound",0.5443214211241456,0.6082153589532657,0.6933525204658508,0.30664747953414917,0.07105830303415686,5.057383968737389
frame_010,frame_000,10,0,40,-10,False,False,427,"barrel, cask",0.9535190879144683,0.04759583535392087,0.9621262550354004,0.03787374496459961,0.10475044657113165,3.8365637751882837
frame_010,frame_001,10,1,40,-9,False,False,427,"barrel, cask",0.9646765251657854,0.035962440919690974,0.9700115323066711,0.029988467693328857,0.08888668669932612,3.823209714253167
frame_010,frame_002,10,2,40,-8,True,False,427,"barrel, cask",0.9834961835913146,0.01664152159642951,0.9839980602264404,0.01600193977355957,0.09163427413646195,3.882144163491126
frame_010,frame_003,10,3,40,-7,False,False,427,"barrel, cask",0.7909713755103226,0.23449349959326637,0.8539729714393616,0.14602702856063843,0.08984255074012347,3.8892108942110135
frame_010,frame_004,10,4,40,-6,False,False,427,"barrel, cask",0.8676305686517489,0.14198926707270942,0.890394389629364,0.10960561037063599,0.08322058686613786,3.978955287499071
frame_010,frame_005,10,5,40,-5,False,False,427,"barrel, cask",0.4269151663273401,0.8511699591982111,0.6990329027175903,0.30096709728240967,0.09089293321114925,3.990910236606937
frame_010,frame_006,10,6,40,-4,False,False,703,park bench,0.6192450100444903,0.4792542687081296,0.7874075770378113,0.21259242296218872,0.0640098901513488,4.038032158936493
frame_010,frame_007,10,7,40,-3,False,False,703,park bench,0.9129815552287893,0.09103960096934527,0.9291031956672668,0.07089680433273315,0.08128091682660536,3.9893455193516854
frame_010,frame_008,10,8,40,-2,False,False,703,park bench,0.6998718311893983,0.35685805900413214,0.7908145189285278,0.20918548107147217,0.07702738966130489,3.9831272194149188
frame_010,frame_009,10,9,40,-1,False,False,703,park bench,0.5638385913804654,0.5729872539385905,0.7622135281562805,0.23778647184371948,0.06712794410467685,4.069567314743231
frame_010,frame_011,10,11,40,1,False,False,222,kuvasz,0.2703176342018784,1.308157588457111,0.6376515626907349,0.36234843730926514,0.0791620813260003,3.9378497440941485
frame_010,frame_012,10,12,40,2,False,False,690,oxcart,0.421658590279765,0.8635593201587799,0.6900156736373901,0.30998432636260986,0.07091147579497534,3.9714949449604333
frame_010,frame_013,10,13,40,3,False,False,690,oxcart,0.39483270157266154,0.9292931441219272,0.6700178384780884,0.3299821615219116,0.09096404067849964,3.9009994804136445
frame_010,frame_014,10,14,40,4,False,False,690,oxcart,0.7238691531487176,0.32314463062478005,0.8083404302597046,0.1916595697402954,0.07798706833360897,3.9806597671252097
frame_010,frame_015,10,15,40,5,False,False,843,swing,0.351927220507864,1.04433088468266,0.6886241436004639,0.31137585639953613,0.12123312137649044,3.785261660525952
frame_010,frame_016,10,16,40,6,False,False,222,kuvasz,0.35978977039320925,1.0222353892395075,0.6288051605224609,0.37119483947753906,0.08585912636647978,3.823612275349031
frame_010,frame_017,10,17,40,7,False,False,843,swing,0.465463319442676,0.7647219835594958,0.7372304201126099,0.26276957988739014,0.07087225435788323,3.8727386248820053
frame_010,frame_018,10,18,40,8,False,False,703,park bench,0.34773259659803724,1.05632149515906,0.7380357980728149,0.26196420192718506,0.0850380189847583,3.833014807915375
frame_010,frame_019,10,19,40,9,False,True,981,"ballplayer, baseball player",0.23748308377089847,1.4376588842719453,0.6011539697647095,0.3988460302352905,0.1453535075970654,3.808914331852089
frame_010,frame_000,10,0,50,-10,False,False,427,"barrel, cask",0.877973539519948,0.13013882302217142,0.926745593547821,0.07325440645217896,0.049368601668743024,4.589794260273761
frame_010,frame_001,10,1,50,-9,False,False,427,"barrel, cask",0.9447233653215501,0.056863129453150946,0.9593470096588135,0.04065299034118652,0.04195900180374316,4.666383144024276
frame_010,frame_002,10,2,50,-8,True,False,427,"barrel, cask",0.9619071580828116,0.038837342243176365,0.9688401222229004,0.03115987777709961,0.044394094589966925,4.638760456543661
frame_010,frame_003,10,3,50,-7,False,False,427,"barrel, cask",0.5904406334883159,0.5268861844050421,0.7975770831108093,0.20242291688919067,0.03367126026929483,4.678990848612424
frame_010,frame_004,10,4,50,-6,False,False,427,"barrel, cask",0.6555910333947852,0.4222181091511037,0.7877044677734375,0.2122955322265625,0.05153395176732192,4.606369029957534
frame_010,frame_005,10,5,50,-5,False,False,703,park bench,0.2513912086280829,1.3807449530950286,0.6522414684295654,0.34775853157043457,0.0943458670306844,4.400724154268918
frame_010,frame_006,10,6,50,-4,False,False,703,park bench,0.7032774514778305,0.35200379721180397,0.8025108575820923,0.19748914241790771,0.06108549212579838,4.483713103812134
frame_010,frame_007,10,7,50,-3,False,False,703,park bench,0.9541331939073247,0.04695200102423547,0.9567227959632874,0.043277204036712646,0.05215621295865526,4.50580222687055
frame_010,frame_008,10,8,50,-2,False,False,703,park bench,0.7722811333204355,0.25840663291619936,0.8384786248207092,0.16152137517929077,0.06354892785126712,4.416722128935154
frame_010,frame_009,10,9,50,-1,False,False,703,park bench,0.7165143125825502,0.3333570562224937,0.8198736310005188,0.1801263689994812,0.0754424333910314,4.421564614298931
frame_010,frame_011,10,11,50,1,False,True,427,"barrel, cask",0.22399450373154114,1.496133764340895,0.634406328201294,0.36559367179870605,0.10368815621290861,4.2505848543078555
frame_010,frame_012,10,12,50,2,False,False,690,oxcart,0.4809484035543464,0.731995283747902,0.7106359004974365,0.2893640995025635,0.08987641221142746,4.26879959709287
frame_010,frame_013,10,13,50,3,False,False,690,oxcart,0.41621973373445087,0.8765419520801778,0.6644651889801025,0.33553481101989746,0.08855044619943091,4.3284998259658956
frame_010,frame_014,10,14,50,4,False,False,690,oxcart,0.7023813674851971,0.35327876394189506,0.8174905776977539,0.1825094223022461,0.09184415463216988,4.37683206531116
frame_010,frame_015,10,15,50,5,False,False,222,kuvasz,0.37394624614705874,0.9836432187768249,0.6630699634552002,0.3369300365447998,0.04670848631149138,4.507235531179243
frame_010,frame_016,10,16,50,6,False,False,222,kuvasz,0.3826220880176469,0.9607074922841763,0.6751923561096191,0.32480764389038086,0.06994345847350061,4.315659429161359
frame_010,frame_017,10,17,50,7,False,False,981,"ballplayer, baseball player",0.3503223073078416,1.0489016702243124,0.6588466763496399,0.3411533236503601,0.05879158023322773,4.434410406984779
frame_010,frame_018,10,18,50,8,False,False,981,"ballplayer, baseball player",0.6193099274988259,0.47914944097311807,0.775102436542511,0.224897563457489,0.043889697104290755,4.388673991505268
frame_010,frame_019,10,19,50,9,False,False,981,"ballplayer, baseball player",0.5930573633686697,0.5224641504829792,0.74164879322052,0.25835120677948,0.08238088935068541,4.337916959647698
frame_011,frame_000,11,0,5,-11,False,False,456,bow,0.43312333593265034,0.8367327510478888,0.6391266584396362,0.36087334156036377,0.03197837234958232,5.030267681056701
frame_011,frame_001,11,1,5,-10,True,False,456,bow,0.47302165265640733,0.7486141142516787,0.6509323120117188,0.34906768798828125,0.0290575099661321,5.075912259010546
frame_011,frame_002,11,2,5,-9,False,False,456,bow,0.34248961790837107,1.0715139344155844,0.6339419484138489,0.3660580515861511,0.03173560955141104,5.090341716205822
frame_011,frame_003,11,3,5,-8,False,False,876,"tub, vat",0.2894853052241593,1.239650742413994,0.6179662942886353,0.38203370571136475,0.024148435945730268,5.105793825718321
frame_011,frame_004,11,4,5,-7,False,False,703,park bench,0.12447271003198798,2.0836687836346623,0.50589919090271,0.49410080909729004,0.02436722456436474,5.082467004949601
frame_011,frame_005,11,5,5,-6,False,False,703,park bench,0.1708068641234378,1.767221810358853,0.5286301374435425,0.4713698625564575,0.02703662193999067,5.098808754455577
frame_011,frame_006,11,6,5,-5,False,False,703,park bench,0.22499785877332026,1.4916643933860207,0.5607644319534302,0.4392355680465698,0.02295469862138134,5.165472347867117
frame_011,frame_007,11,7,5,-4,False,False,703,park bench,0.19880804362746432,1.6154155246754456,0.5988924503326416,0.4011075496673584,0.024576749822938424,5.156858657908362
frame_011,frame_008,11,8,5,-3,False,False,416,"balance beam, beam",0.2845190384197903,1.2569551087802369,0.645402193069458,0.354597806930542,0.027804644623329045,5.133533610149499
frame_011,frame_009,11,9,5,-2,False,False,981,"ballplayer, baseball player",0.20703415377156717,1.5748715052612499,0.5838593244552612,0.41614067554473877,0.023720974097805287,5.119807430682977
frame_011,frame_010,11,10,5,-1,False,False,416,"balance beam, beam",0.16186603212131184,1.8209862480857568,0.5364500284194946,0.46354997158050537,0.027602689013636668,5.0884730380274865
frame_011,frame_012,11,12,5,1,False,False,345,ox,0.19142987764407085,1.6532337116019704,0.5002516508102417,0.4997483491897583,0.0254699775925935,5.037785304904152
frame_011,frame_013,11,13,5,2,False,True,690,oxcart,0.15665107543315565,1.8537343964102106,0.4997352957725525,0.5002647042274475,0.029527950880605894,5.04387231381963
frame_011,frame_014,11,14,5,3,False,False,690,oxcart,0.16305512448976886,1.81366694829393,0.5505906939506531,0.4494093060493469,0.029498176628648842,5.059663051608615
frame_011,frame_015,11,15,5,4,False,False,416,"balance beam, beam",0.22170583446314748,1.5064038457772089,0.5605427026748657,0.4394572973251343,0.024281244789495317,5.090925021100897
frame_011,frame_016,11,16,5,5,False,False,981,"ballplayer, baseball player",0.22552440060475004,1.4893269192203746,0.5261799097061157,0.4738200902938843,0.02687513838027819,5.046473594995749
frame_011,frame_017,11,17,5,6,False,False,981,"ballplayer, baseball player",0.36507083837026255,1.0076638665035444,0.6252011060714722,0.37479889392852783,0.023750221451965422,5.093005587953949
frame_011,frame_018,11,18,5,7,False,False,981,"ballplayer, baseball player",0.2817875012678983,1.266602033702402,0.609499454498291,0.390500545501709,0.02842962778619886,5.062300079392884
frame_011,frame_019,11,19,5,8,False,False,981,"ballplayer, baseball player",0.15543259279802593,1.8615431281748402,0.5086660981178284,0.49133390188217163,0.024004779954524064,5.04941148810299
frame_011,frame_000,11,0,10,-11,False,False,427,"barrel, cask",0.5555055482723771,0.5878766820632633,0.75243079662323,0.24756920337677002,0.0635018278786461,4.557762796297681
frame_011,frame_001,11,1,10,-10,False,False,690,oxcart,0.36043536457358255,1.0204426321641424,0.7167479395866394,0.2832520604133606,0.0743762690514673,4.634380614726277
frame_011,frame_002,11,2,10,-9,False,False,690,oxcart,0.48120132604231425,0.7314695391865027,0.7570929527282715,0.24290704727172852,0.08814079512177744,4.6443674894538285
frame_011,frame_003,11,3,10,-8,False,False,690,oxcart,0.5536868978859183,0.5911559182724151,0.7869836688041687,0.2130163311958313,0.09617936320428484,4.651132585394545
frame_011,frame_004,11,4,10,-7,False,False,703,park bench,0.39546477187635276,0.9276935681149259,0.7133579850196838,0.28664201498031616,0.05425836761093469,4.694156542379823
frame_011,frame_005,11,5,10,-6,False,False,703,park bench,0.6270799992971713,0.46668115590260273,0.76422119140625,0.23577880859375,0.05226325268642015,4.764574004533504
frame_011,frame_006,11,6,10,-5,False,False,703,park bench,0.7883311436414076,0.23783704434996422,0.8523095846176147,0.14769041538238525,0.039633952419620484,4.80498784176716
frame_011,frame_007,11,7,10,-4,True,False,703,park bench,0.7395081918570741,0.301769919330672,0.87115478515625,0.12884521484375,0.05147559256729622,4.7436619324676785
frame_011,frame_008,11,8,10,-3,False,False,416,"balance beam, beam",0.720351137407092,0.3280164950113815,0.8428562879562378,0.1571437120437622,0.05114941598468033,4.6732535619436
frame_011,frame_009,11,9,10,-2,False,False,703,park bench,0.490875779716257,0.7115641776640239,0.7742506265640259,0.22574937343597412,0.05465672867554208,4.737721834150075
frame_011,frame_010,11,10,10,-1,False,False,703,park bench,0.42539440696669284,0.8547385240064921,0.6992111802101135,0.3007888197898865,0.07977645182752402,4.682971159428521
frame_011,frame_012,11,12,10,1,False,False,690,oxcart,0.4837669694199472,0.7261519563491123,0.7841253280639648,0.21587467193603516,0.057713853899499706,4.628808696089593
frame_011,frame_013,11,13,10,2,False,False,690,oxcart,0.5600950417845953,0.5796487921808313,0.8534557819366455,0.1465442180633545,0.07756783086474822,4.455879310056304
frame_011,frame_014,11,14,10,3,False,False,690,oxcart,0.7243847242460452,0.3224326406523659,0.8649649024009705,0.13503509759902954,0.045281383847497296,4.713657024451305
frame_011,frame_015,11,15,10,4,False,False,416,"balance beam, beam",0.40240629916464027,0.9102930063314554,0.7076969146728516,0.29230308532714844,0.05195324100479132,4.701479177062986
frame_011,frame_016,11,16,10,5,False,True,690,oxcart,0.1968575610437108,1.6252748521511713,0.5906793475151062,0.4093206524848938,0.06342353531912767,4.534592572542459
frame_011,frame_017,11,17,10,6,False,False,416,"balance beam, beam",0.5031906537165381,0.6867861474636735,0.759023129940033,0.24097687005996704,0.05290920625637814,4.567623501608472
frame_011,frame_018,11,18,10,7,False,False,416,"balance beam, beam",0.7453845880096326,0.2938549682848457,0.8499241471290588,0.15007585287094116,0.07316638538656006,4.418615303686812
frame_011,frame_019,11,19,10,8,False,False,416,"balance beam, beam",0.3812720147632116,0.9642422090864048,0.6765185594558716,0.3234814405441284,0.06498902320838795,4.48606913271105
frame_011,frame_000,11,0,20,-11,False,False,427,"barrel, cask",0.8954357929792834,0.11044475968420309,0.9076558351516724,0.09234416484832764,0.032819289713389065,5.04711240159773
frame_011,frame_001,11,1,20,-10,True,False,427,"barrel, cask",0.9226520650348795,0.08050307650588806,0.9323467016220093,0.06765329837799072,0.02564192000866046,5.188761069391832
frame_011,frame_002,11,2,20,-9,False,False,427,"barrel, cask",0.9275325115483121,0.07522743223260764,0.9323031306266785,0.06769686937332153,0.0293972169898175,5.170410375011164
frame_011,frame_003,11,3,20,-8,False,False,427,"barrel, cask",0.6477663516166937,0.43422521614306797,0.7525835037231445,0.24741649627685547,0.026765662903449207,5.203189043433801
frame_011,frame_004,11,4,20,-7,False,False,427,"barrel, cask",0.6734745306327188,0.39530510027926646,0.7407971620559692,0.25920283794403076,0.037450403216131696,5.2278252939005485
frame_011,frame_005,11,5,20,-6,False,False,427,"barrel, cask",0.3503245719229348,1.0488952058692702,0.5841547250747681,0.41584527492523193,0.03408643181636894,5.231627765579212
frame_011,frame_006,11,6,20,-5,False,False,703,park bench,0.1421939244334909,1.9505634880286338,0.5318683385848999,0.4681316614151001,0.028684055803987727,5.224640443998587
frame_011,frame_007,11,7,20,-4,False,False,703,park bench,0.3152200492584619,1.1544843149678234,0.5959129333496094,0.4040870666503906,0.032391184063771915,5.195741835497939
frame_011,frame_008,11,8,20,-3,False,False,830,stretcher,0.3415922932660227,1.0741373780188734,0.5705919861793518,0.4294080138206482,0.03836584139329126,5.139630249628462
frame_011,frame_009,11,9,20,-2,False,False,830,stretcher,0.21735227110603952,1.5262358725288214,0.536159873008728,0.463840126991272,0.029168350303464374,5.182236094203148
frame_011,frame_010,11,10,20,-1,False,False,830,stretcher,0.19433218300851957,1.638186300655938,0.5399535894393921,0.4600464105606079,0.022081801483424878,5.193789213038409
frame_011,frame_012,11,12,20,1,False,False,690,oxcart,0.37735284050914936,0.9745746127609762,0.6293631792068481,0.37063682079315186,0.038165289185250265,5.12583631152917
frame_011,frame_013,11,13,20,2,False,False,690,oxcart,0.3725944640656689,0.987264678505086,0.5941082239151001,0.4058917760848999,0.046265661924959525,5.049219806050942
frame_011,frame_014,11,14,20,3,False,False,690,oxcart,0.6223968934328593,0.4741772974015246,0.7349047064781189,0.2650952935218811,0.032693527637172724,5.067791521269601
frame_011,frame_015,11,15,20,4,False,False,830,stretcher,0.2252910860128961,1.4903619972938245,0.5289996266365051,0.4710003733634949,0.03892362864515783,5.115922699537505
frame_011,frame_016,11,16,20,5,False,False,267,standard poodle,0.28539678164675575,1.2538748506436423,0.5607526302337646,0.43924736976623535,0.03044335334908726,5.0512895057723375
frame_011,frame_017,11,17,20,6,False,False,981,"ballplayer, baseball player",0.20170281151320996,1.600959895035282,0.5408183336257935,0.45918166637420654,0.034460842305012465,5.0378156603990725
frame_011,frame_018,11,18,20,7,False,False,981,"ballplayer, baseball player",0.4398558393094884,0.8213082436878452,0.641482949256897,0.358517050743103,0.04713438869474088,5.0012207744824835
frame_011,frame_019,11,19,20,8,False,True,249,"malamute, malemute, Alaskan malamute",0.11542748678663599,2.1591127662109346,0.46729743480682373,0.5327025651931763,0.06747524221323112,4.970233468342576
frame_011,frame_000,11,0,30,-11,False,False,427,"barrel, cask",0.8937867294733715,0.1122880899040718,0.9170268177986145,0.0829731822013855,0.043629966721620596,5.011634236325692
frame_011,frame_001,11,1,30,-10,False,False,427,"barrel, cask",0.965317349870361,0.035298371736452505,0.9677907824516296,0.03220921754837036,0.030003566490045618,5.0658915014011425
frame_011,frame_002,11,2,30,-9,True,False,427,"barrel, cask",0.9727020487545943,0.027677462853594736,0.9727835059165955,0.02721649408340454,0.0314881471900966,5.06325282081827
frame_011,frame_003,11,3,30,-8,False,False,427,"barrel, cask",0.6939780721403112,0.36531491531411664,0.791993260383606,0.20800673961639404,0.023691087914030694,5.093029987726852
frame_011,frame_004,11,4,30,-7,False,False,427,"barrel, cask",0.6422693386885417,0.44274753260305033,0.7517197728157043,0.24828022718429565,0.02983474762785712,5.107012497916967
frame_011,frame_005,11,5,30,-6,False,False,427,"barrel, cask",0.32735099955959934,1.1167222906107743,0.6224814653396606,0.37751853466033936,0.03935908922048983,5.083248067932483
frame_011,frame_006,11,6,30,-5,False,False,703,park bench,0.5401526027666304,0.6159035816310481,0.7071157097816467,0.29288429021835327,0.04812361984873895,5.0992277931788905
frame_011,frame_007,11,7,30,-4,False,False,703,park bench,0.7990845027565503,0.22428857816162928,0.8602330684661865,0.13976693153381348,0.04371661709038087,5.053742253718066
frame_011,frame_008,11,8,30,-3,False,False,703,park bench,0.47096688438309137,0.7529674966029356,0.7220920324325562,0.27790796756744385,0.04008448125342756,5.036455076076068
frame_011,frame_009,11,9,30,-2,False,False,703,park bench,0.3445164572737345,1.0656134181927115,0.6360412240028381,0.36395877599716187,0.03489459338839366,5.023530567074253
frame_011,frame_010,11,10,30,-1,False,False,176,"Saluki, gazelle hound",0.281424477931012,1.267891151834002,0.6502265334129333,0.34977346658706665,0.03612538433289743,4.937260762657661
frame_011,frame_012,11,12,30,1,False,False,176,"Saluki, gazelle hound",0.6698543906749088,0.40069491756701847,0.8023284673690796,0.1976715326309204,0.041591428392650544,5.036728175249487
frame_011,frame_013,11,13,30,2,False,False,690,oxcart,0.24579292959325683,1.4032658471408244,0.6328157186508179,0.36718428134918213,0.030034251964160014,5.034688564264918
frame_011,frame_014,11,14,30,3,False,False,690,oxcart,0.4490198782689784,0.8006881199058897,0.7439985871315002,0.25600141286849976,0.04597059960478335,5.040848892794044
frame_011,frame_015,11,15,30,4,False,True,703,park bench,0.2243111806174123,1.4947209919866786,0.5595017671585083,0.4404982328414917,0.039205688941803776,5.033314944463595
frame_011,frame_016,11,16,30,5,False,False,267,standard poodle,0.18456334728101964,1.689762528734617,0.5606030225753784,0.4393969774246216,0.04421069381131629,4.971040119872102
frame_011,frame_017,11,17,30,6,False,False,703,park bench,0.3271551318097337,1.1173208113772732,0.612591028213501,0.387408971786499,0.040742684590434855,5.02152646374836
frame_011,frame_018,11,18,30,7,False,False,981,"ballplayer, baseball player",0.34507627048911826,1.0639898125025047,0.6872057914733887,0.31279420852661133,0.058952962878897196,5.015696068738239
frame_011,frame_019,11,19,30,8,False,False,176,"Saluki, gazelle hound",0.5443214211241456,0.6082153589532657,0.6933525204658508,0.30664747953414917,0.07568379457105864,5.005197534043588
frame_011,frame_000,11,0,40,-11,False,False,427,"barrel, cask",0.9535190879144683,0.04759583535392087,0.9621262550354004,0.03787374496459961,0.1066143241105705,3.798048907079613
frame_011,frame_001,11,1,40,-10,False,False,427,"barrel, cask",0.9646765251657854,0.035962440919690974,0.9700115323066711,0.029988467693328857,0.09148707901845668,3.803056267732143
frame_011,frame_002,11,2,40,-9,True,False,427,"barrel, cask",0.9834961835913146,0.01664152159642951,0.9839980602264404,0.01600193977355957,0.09313170027457675,3.8609951054252645
frame_011,frame_003,11,3,40,-8,False,False,427,"barrel, cask",0.7909713755103226,0.23449349959326637,0.8539729714393616,0.14602702856063843,0.09455077070943152,3.8508863986407023
frame_011,frame_004,11,4,40,-7,False,False,427,"barrel, cask",0.8676305686517489,0.14198926707270942,0.890394389629364,0.10960561037063599,0.09088668029959987,3.9398893991368333
frame_011,frame_005,11,5,40,-6,False,False,427,"barrel, cask",0.4269151663273401,0.8511699591982111,0.6990329027175903,0.30096709728240967,0.09725937955834289,3.9496013990687553
frame_011,frame_006,11,6,40,-5,False,False,703,park bench,0.6192450100444903,0.4792542687081296,0.7874075770378113,0.21259242296218872,0.06690502165771409,4.0083913756745835
frame_011,frame_007,11,7,40,-4,False,False,703,park bench,0.9129815552287893,0.09103960096934527,0.9291031956672668,0.07089680433273315,0.08150208021159752,3.945431745594049
frame_011,frame_008,11,8,40,-3,False,False,703,park bench,0.6998718311893983,0.35685805900413214,0.7908145189285278,0.20918548107147217,0.08296813782584866,3.93094055488737
frame_011,frame_009,11,9,40,-2,False,False,703,park bench,0.5638385913804654,0.5729872539385905,0.7622135281562805,0.23778647184371948,0.07602443370178207,4.0207558056106185
frame_011,frame_010,11,10,40,-1,False,False,703,park bench,0.38892711902894495,0.944363307598147,0.739278256893158,0.26072174310684204,0.09489123004484006,3.924968185700143
frame_011,frame_012,11,12,40,1,False,False,690,oxcart,0.421658590279765,0.8635593201587799,0.6900156736373901,0.30998432636260986,0.07227231647777771,3.9392086542890588
frame_011,frame_013,11,13,40,2,False,False,690,oxcart,0.39483270157266154,0.9292931441219272,0.6700178384780884,0.3299821615219116,0.0952767218484354,3.873696808097206
frame_011,frame_014,11,14,40,3,False,False,690,oxcart,0.7238691531487176,0.32314463062478005,0.8083404302597046,0.1916595697402954,0.07906128439330679,3.9382531555180877
frame_011,frame_015,11,15,40,4,False,False,843,swing,0.351927220507864,1.04433088468266,0.6886241436004639,0.31137585639953613,0.12867143349134996,3.730557653991389
frame_011,frame_016,11,16,40,5,False,False,222,kuvasz,0.35978977039320925,1.0222353892395075,0.6288051605224609,0.37119483947753906,0.08064404803194289,3.786483241965896
frame_011,frame_017,11,17,40,6,False,False,843,swing,0.465463319442676,0.7647219835594958,0.7372304201126099,0.26276957988739014,0.0740782546427514,3.8241982129512566
frame_011,frame_018,11,18,40,7,False,False,703,park bench,0.34773259659803724,1.05632149515906,0.7380357980728149,0.26196420192718506,0.09425808398137825,3.7821351110869474
frame_011,frame_019,11,19,40,8,False,True,981,"ballplayer, baseball player",0.23748308377089847,1.4376588842719453,0.6011539697647095,0.3988460302352905,0.14564582691816683,3.776046911711652
frame_011,frame_000,11,0,50,-11,False,False,427,"barrel, cask",0.877973539519948,0.13013882302217142,0.926745593547821,0.07325440645217896,0.05505782292408074,4.577299294507926
frame_011,frame_001,11,1,50,-10,False,False,427,"barrel, cask",0.9447233653215501,0.056863129453150946,0.9593470096588135,0.04065299034118652,0.040496781084394286,4.664686684412031
frame_011,frame_002,11,2,50,-9,True,False,427,"barrel, cask",0.9619071580828116,0.038837342243176365,0.9688401222229004,0.03115987777709961,0.04209121224583223,4.655488326217833
frame_011,frame_003,11,3,50,-8,False,False,427,"barrel, cask",0.5904406334883159,0.5268861844050421,0.7975770831108093,0.20242291688919067,0.0350130387390999,4.675865913359941
frame_011,frame_004,11,4,50,-7,False,False,427,"barrel, cask",0.6555910333947852,0.4222181091511037,0.7877044677734375,0.2122955322265625,0.05461294586143078,4.594259875154803
frame_011,frame_005,11,5,50,-6,False,True,703,park bench,0.2513912086280829,1.3807449530950286,0.6522414684295654,0.34775853157043457,0.09322034861245854,4.395182713160658
frame_011,frame_006,11,6,50,-5,False,False,703,park bench,0.7032774514778305,0.35200379721180397,0.8025108575820923,0.19748914241790771,0.05710899679969904,4.4954747608044805
frame_011,frame_007,11,7,50,-4,False,False,703,park bench,0.9541331939073247,0.04695200102423547,0.9567227959632874,0.043277204036712646,0.05391457978901725,4.505468406198248
frame_011,frame_008,11,8,50,-3,False,False,703,park bench,0.7722811333204355,0.25840663291619936,0.8384786248207092,0.16152137517929077,0.0674690001582993,4.415805777832073
frame_011,frame_009,11,9,50,-2,False,False,703,park bench,0.7165143125825502,0.3333570562224937,0.8198736310005188,0.1801263689994812,0.07748393053392288,4.439862456191296
frame_011,frame_010,11,10,50,-1,False,False,427,"barrel, cask",0.42567100101679517,0.8540885291712046,0.789038896560669,0.21096110343933105,0.09927511217316826,4.345869111388163
frame_011,frame_012,11,12,50,1,False,False,690,oxcart,0.4809484035543464,0.731995283747902,0.7106359004974365,0.2893640995025635,0.0938740895323993,4.291366574309537
frame_011,frame_013,11,13,50,2,False,False,690,oxcart,0.41621973373445087,0.8765419520801778,0.6644651889801025,0.33553481101989746,0.09231039373889469,4.3204669667660935
frame_011,frame_014,11,14,50,3,False,False,690,oxcart,0.7023813674851971,0.35327876394189506,0.8174905776977539,0.1825094223022461,0.1009322687212856,4.3603047405267645
frame_011,frame_015,11,15,50,4,False,False,222,kuvasz,0.37394624614705874,0.9836432187768249,0.6630699634552002,0.3369300365447998,0.04500791413137328,4.497069485353615
frame_011,frame_016,11,16,50,5,False,False,222,kuvasz,0.3826220880176469,0.9607074922841763,0.6751923561096191,0.32480764389038086,0.07032208083066839,4.322503869989575
frame_011,frame_017,11,17,50,6,False,False,981,"ballplayer, baseball player",0.3503223073078416,1.0489016702243124,0.6588466763496399,0.3411533236503601,0.057710394419053096,4.424394771911585
frame_011,frame_018,11,18,50,7,False,False,981,"ballplayer, baseball player",0.6193099274988259,0.47914944097311807,0.775102436542511,0.224897563457489,0.04918691485088084,4.380604975602953
frame_011,frame_019,11,19,50,8,False,False,981,"ballplayer, baseball player",0.5930573633686697,0.5224641504829792,0.74164879322052,0.25835120677948,0.08319038158382297,4.32726976007599
frame_012,frame_000,12,0,5,-12,False,False,456,bow,0.43312333593265034,0.8367327510478888,0.6391266584396362,0.36087334156036377,0.03326720345915722,5.030322852871557
frame_012,frame_001,12,1,5,-11,True,False,456,bow,0.47302165265640733,0.7486141142516787,0.6509323120117188,0.34906768798828125,0.030672773338155216,5.073680028889198
frame_012,frame_002,12,2,5,-10,False,False,456,bow,0.34248961790837107,1.0715139344155844,0.6339419484138489,0.3660580515861511,0.03392262703708916,5.087521552957565
frame_012,frame_003,12,3,5,-9,False,False,876,"tub, vat",0.2894853052241593,1.239650742413994,0.6179662942886353,0.38203370571136475,0.025319373054476124,5.106665511796224
frame_012,frame_004,12,4,5,-8,False,False,703,park bench,0.12447271003198798,2.0836687836346623,0.50589919090271,0.49410080909729004,0.025094390071052165,5.083839537167549
frame_012,frame_005,12,5,5,-7,False,False,703,park bench,0.1708068641234378,1.767221810358853,0.5286301374435425,0.4713698625564575,0.026738373400757312,5.0980880450839345
frame_012,frame_006,12,6,5,-6,False,False,703,park bench,0.22499785877332026,1.4916643933860207,0.5607644319534302,0.4392355680465698,0.023270347920898393,5.16438186447548
frame_012,frame_007,12,7,5,-5,False,False,703,park bench,0.19880804362746432,1.6154155246754456,0.5988924503326416,0.4011075496673584,0.024274407462846818,5.160753631066937
frame_012,frame_008,12,8,5,-4,False,False,416,"balance beam, beam",0.2845190384197903,1.2569551087802369,0.645402193069458,0.354597806930542,0.0273820593515647,5.135389291253755
frame_012,frame_009,12,9,5,-3,False,False,981,"ballplayer, baseball player",0.20703415377156717,1.5748715052612499,0.5838593244552612,0.41614067554473877,0.0235215926883856,5.120069448746584
frame_012,frame_010,12,10,5,-2,False,False,416,"balance beam, beam",0.16186603212131184,1.8209862480857568,0.5364500284194946,0.46354997158050537,0.026918546855480882,5.089087485355948
frame_012,frame_011,12,11,5,-1,False,False,416,"balance beam, beam",0.13344365491278773,2.014075950812837,0.5108722448348999,0.4891277551651001,0.02626823082851527,5.045243573074919
frame_012,frame_013,12,13,5,1,False,True,690,oxcart,0.15665107543315565,1.8537343964102106,0.4997352957725525,0.5002647042274475,0.030168946485636998,5.039838510603023
frame_012,frame_014,12,14,5,2,False,False,690,oxcart,0.16305512448976886,1.81366694829393,0.5505906939506531,0.4494093060493469,0.03030403103509886,5.055165611765165
frame_012,frame_015,12,15,5,3,False,False,416,"balance beam, beam",0.22170583446314748,1.5064038457772089,0.5605427026748657,0.4394572973251343,0.025186885129754782,5.0902959221014745
frame_012,frame_016,12,16,5,4,False,False,981,"ballplayer, baseball player",0.22552440060475004,1.4893269192203746,0.5261799097061157,0.4738200902938843,0.027680926321885825,5.046104853477613
frame_012,frame_017,12,17,5,5,False,False,981,"ballplayer, baseball player",0.36507083837026255,1.0076638665035444,0.6252011060714722,0.37479889392852783,0.02456235108657029,5.093332992937501
frame_012,frame_018,12,18,5,6,False,False,981,"ballplayer, baseball player",0.2817875012678983,1.266602033702402,0.609499454498291,0.390500545501709,0.02825057731798075,5.0621677169058215
frame_012,frame_019,12,19,5,7,False,False,981,"ballplayer, baseball player",0.15543259279802593,1.8615431281748402,0.5086660981178284,0.49133390188217163,0.025408662875383386,5.049714637163931
frame_012,frame_000,12,0,10,-12,False,False,427,"barrel, cask",0.5555055482723771,0.5878766820632633,0.75243079662323,0.24756920337677002,0.07440817249049607,4.50588898809827
frame_012,frame_001,12,1,10,-11,False,False,690,oxcart,0.36043536457358255,1.0204426321641424,0.7167479395866394,0.2832520604133606,0.07891240659951161,4.560071601106829
frame_012,frame_002,12,2,10,-10,False,False,690,oxcart,0.48120132604231425,0.7314695391865027,0.7570929527282715,0.24290704727172852,0.09196185182010566,4.593454556628141
frame_012,frame_003,12,3,10,-9,False,False,690,oxcart,0.5536868978859183,0.5911559182724151,0.7869836688041687,0.2130163311958313,0.09805951974593087,4.594697694589975
frame_012,frame_004,12,4,10,-8,False,False,703,park bench,0.39546477187635276,0.9276935681149259,0.7133579850196838,0.28664201498031616,0.054480189228870206,4.64953914769087
frame_012,frame_005,12,5,10,-7,False,False,703,park bench,0.6270799992971713,0.46668115590260273,0.76422119140625,0.23577880859375,0.05338709015777917,4.726120883152166
frame_012,frame_006,12,6,10,-6,False,False,703,park bench,0.7883311436414076,0.23783704434996422,0.8523095846176147,0.14769041538238525,0.04371041057050118,4.747204230806894
frame_012,frame_007,12,7,10,-5,True,False,703,park bench,0.7395081918570741,0.301769919330672,0.87115478515625,0.12884521484375,0.05234390131638087,4.690777653449749
frame_012,frame_008,12,8,10,-4,False,False,416,"balance beam, beam",0.720351137407092,0.3280164950113815,0.8428562879562378,0.1571437120437622,0.049893172986245175,4.6553431983135924
frame_012,frame_009,12,9,10,-3,False,False,703,park bench,0.490875779716257,0.7115641776640239,0.7742506265640259,0.22574937343597412,0.05426626167410533,4.71101280676015
frame_012,frame_010,12,10,10,-2,False,False,703,park bench,0.42539440696669284,0.8547385240064921,0.6992111802101135,0.3007888197898865,0.08028070701063755,4.635983977763917
frame_012,frame_011,12,11,10,-1,False,False,690,oxcart,0.23235334948826275,1.4594960078534722,0.6690607070922852,0.33093929290771484,0.06314598822682616,4.64721403128594
frame_012,frame_013,12,13,10,1,False,False,690,oxcart,0.5600950417845953,0.5796487921808313,0.8534557819366455,0.1465442180633545,0.06493298641037941,4.462181008357101
frame_012,frame_014,12,14,10,2,False,False,690,oxcart,0.7243847242460452,0.3224326406523659,0.8649649024009705,0.13503509759902954,0.04061425524032698,4.694811607213815
frame_012,frame_015,12,15,10,3,False,False,416,"balance beam, beam",0.40240629916464027,0.9102930063314554,0.7076969146728516,0.29230308532714844,0.054792932862382994,4.6670034695785425
frame_012,frame_016,12,16,10,4,False,True,690,oxcart,0.1968575610437108,1.6252748521511713,0.5906793475151062,0.4093206524848938,0.06097739324859182,4.513766145027638
frame_012,frame_017,12,17,10,5,False,False,416,"balance beam, beam",0.5031906537165381,0.6867861474636735,0.759023129940033,0.24097687005996704,0.053141704332767166,4.552488008607688
frame_012,frame_018,12,18,10,6,False,False,416,"balance beam, beam",0.7453845880096326,0.2938549682848457,0.8499241471290588,0.15007585287094116,0.06178872554481732,4.397370793663889
frame_012,frame_019,12,19,10,7,False,False,416,"balance beam, beam",0.3812720147632116,0.9642422090864048,0.6765185594558716,0.3234814405441284,0.07564973718282157,4.457473689806051
frame_012,frame_000,12,0,20,-12,False,False,427,"barrel, cask",0.8954357929792834,0.11044475968420309,0.9076558351516724,0.09234416484832764,0.03213426444178458,5.093236553455978
frame_012,frame_001,12,1,20,-11,True,False,427,"barrel, cask",0.9226520650348795,0.08050307650588806,0.9323467016220093,0.06765329837799072,0.021022178264723773,5.234108413298334
frame_012,frame_002,12,2,20,-10,False,False,427,"barrel, cask",0.9275325115483121,0.07522743223260764,0.9323031306266785,0.06769686937332153,0.022621724310310225,5.220045872753383
frame_012,frame_003,12,3,20,-9,False,False,427,"barrel, cask",0.6477663516166937,0.43422521614306797,0.7525835037231445,0.24741649627685547,0.025837602170423073,5.254875004541615
frame_012,frame_004,12,4,20,-8,False,False,427,"barrel, cask",0.6734745306327188,0.39530510027926646,0.7407971620559692,0.25920283794403076,0.032688949398919795,5.278699376679281
frame_012,frame_005,12,5,20,-7,False,False,427,"barrel, cask",0.3503245719229348,1.0488952058692702,0.5841547250747681,0.41584527492523193,0.02991095405791293,5.280392522277841
frame_012,frame_006,12,6,20,-6,False,False,703,park bench,0.1421939244334909,1.9505634880286338,0.5318683385848999,0.4681316614151001,0.02311059081396258,5.27443293141385
frame_012,frame_007,12,7,20,-5,False,False,703,park bench,0.3152200492584619,1.1544843149678234,0.5959129333496094,0.4040870666503906,0.028832426227212788,5.242156611758489
frame_012,frame_008,12,8,20,-4,False,False,830,stretcher,0.3415922932660227,1.0741373780188734,0.5705919861793518,0.4294080138206482,0.03623571204770768,5.180171713072762
frame_012,frame_009,12,9,20,-3,False,False,830,stretcher,0.21735227110603952,1.5262358725288214,0.536159873008728,0.463840126991272,0.02611738212458063,5.224296721770228
frame_012,frame_010,12,10,20,-2,False,False,830,stretcher,0.19433218300851957,1.638186300655938,0.5399535894393921,0.4600464105606079,0.024123883148280487,5.233118342564118
frame_012,frame_011,12,11,20,-1,False,False,830,stretcher,0.20984301991346926,1.5613955520217893,0.5314674973487854,0.4685325026512146,0.0312600322058924,5.15882437420054
frame_012,frame_013,12,13,20,1,False,False,690,oxcart,0.3725944640656689,0.987264678505086,0.5941082239151001,0.4058917760848999,0.04250603184761124,5.095263859849798
frame_012,frame_014,12,14,20,2,False,False,690,oxcart,0.6223968934328593,0.4741772974015246,0.7349047064781189,0.2650952935218811,0.030666276613901068,5.117976653442835
frame_012,frame_015,12,15,20,3,False,False,830,stretcher,0.2252910860128961,1.4903619972938245,0.5289996266365051,0.4710003733634949,0.03631773648704239,5.160690592872919
frame_012,frame_016,12,16,20,4,False,False,267,standard poodle,0.28539678164675575,1.2538748506436423,0.5607526302337646,0.43924736976623535,0.029895450791327,5.0909982462862375
frame_012,frame_017,12,17,20,5,False,False,981,"ballplayer, baseball player",0.20170281151320996,1.600959895035282,0.5408183336257935,0.45918166637420654,0.03170699585865348,5.086743917528501
frame_012,frame_018,12,18,20,6,False,False,981,"ballplayer, baseball player",0.4398558393094884,0.8213082436878452,0.641482949256897,0.358517050743103,0.04354853519533437,5.055842207724844
frame_012,frame_019,12,19,20,7,False,True,249,"malamute, malemute, Alaskan malamute",0.11542748678663599,2.1591127662109346,0.46729743480682373,0.5327025651931763,0.061940323406144214,5.027651443298578
frame_012,frame_000,12,0,30,-12,False,False,427,"barrel, cask",0.8937867294733715,0.1122880899040718,0.9170268177986145,0.0829731822013855,0.031518366178544685,5.098023943967218
frame_012,frame_001,12,1,30,-11,False,False,427,"barrel, cask",0.965317349870361,0.035298371736452505,0.9677907824516296,0.03220921754837036,0.03132658075935908,5.114235228562976
frame_012,frame_002,12,2,30,-10,True,False,427,"barrel, cask",0.9727020487545943,0.027677462853594736,0.9727835059165955,0.02721649408340454,0.028749062536734173,5.124477689668707
frame_012,frame_003,12,3,30,-9,False,False,427,"barrel, cask",0.6939780721403112,0.36531491531411664,0.791993260383606,0.20800673961639404,0.023378414540844508,5.142588267450568
frame_012,frame_004,12,4,30,-8,False,False,427,"barrel, cask",0.6422693386885417,0.44274753260305033,0.7517197728157043,0.24828022718429565,0.03221879470220528,5.166086716362514
frame_012,frame_005,12,5,30,-7,False,False,427,"barrel, cask",0.32735099955959934,1.1167222906107743,0.6224814653396606,0.37751853466033936,0.044342506147308274,5.130146743896753
frame_012,frame_006,12,6,30,-6,False,False,703,park bench,0.5401526027666304,0.6159035816310481,0.7071157097816467,0.29288429021835327,0.05392783928930162,5.149349506781063
frame_012,frame_007,12,7,30,-5,False,False,703,park bench,0.7990845027565503,0.22428857816162928,0.8602330684661865,0.13976693153381348,0.050322322525380936,5.099780459891499
frame_012,frame_008,12,8,30,-4,False,False,703,park bench,0.47096688438309137,0.7529674966029356,0.7220920324325562,0.27790796756744385,0.042864863567049924,5.0813921521005625
frame_012,frame_009,12,9,30,-3,False,False,703,park bench,0.3445164572737345,1.0656134181927115,0.6360412240028381,0.36395877599716187,0.037816125733466766,5.069222609914132
frame_012,frame_010,12,10,30,-2,False,False,176,"Saluki, gazelle hound",0.281424477931012,1.267891151834002,0.6502265334129333,0.34977346658706665,0.03298897218574737,4.9917365318059685
frame_012,frame_011,12,11,30,-1,False,False,176,"Saluki, gazelle hound",0.3823971122758231,0.9612956494133647,0.6414053440093994,0.3585946559906006,0.0353861380849565,5.069216166791857
frame_012,frame_013,12,13,30,1,False,False,690,oxcart,0.24579292959325683,1.4032658471408244,0.6328157186508179,0.36718428134918213,0.02918459112114747,5.09062896015222
frame_012,frame_014,12,14,30,2,False,False,690,oxcart,0.4490198782689784,0.8006881199058897,0.7439985871315002,0.25600141286849976,0.043975211714611315,5.090193174526796
frame_012,frame_015,12,15,30,3,False,True,703,park bench,0.2243111806174123,1.4947209919866786,0.5595017671585083,0.4404982328414917,0.040044568521709324,5.071551438825908
frame_012,frame_016,12,16,30,4,False,False,267,standard poodle,0.18456334728101964,1.689762528734617,0.5606030225753784,0.4393969774246216,0.04615414856654129,5.032527244957755
frame_012,frame_017,12,17,30,5,False,False,703,park bench,0.3271551318097337,1.1173208113772732,0.612591028213501,0.387408971786499,0.0433337281593985,5.075738727327609
frame_012,frame_018,12,18,30,6,False,False,981,"ballplayer, baseball player",0.34507627048911826,1.0639898125025047,0.6872057914733887,0.31279420852661133,0.0580981188681191,5.063865858048414
frame_012,frame_019,12,19,30,7,False,False,176,"Saluki, gazelle hound",0.5443214211241456,0.6082153589532657,0.6933525204658508,0.30664747953414917,0.07952928508610412,5.047692732000815
frame_012,frame_000,12,0,40,-12,False,False,427,"barrel, cask",0.9535190879144683,0.04759583535392087,0.9621262550354004,0.03787374496459961,0.1200069162217663,3.7781207029939807
frame_012,frame_001,12,1,40,-11,False,False,427,"barrel, cask",0.9646765251657854,0.035962440919690974,0.9700115323066711,0.029988467693328857,0.08773541393399262,3.777146089383204
frame_012,frame_002,12,2,40,-10,True,False,427,"barrel, cask",0.9834961835913146,0.01664152159642951,0.9839980602264404,0.01600193977355957,0.08488762336812859,3.8343555765452857
frame_012,frame_003,12,3,40,-9,False,False,427,"barrel, cask",0.7909713755103226,0.23449349959326637,0.8539729714393616,0.14602702856063843,0.09152350053113711,3.8512647084356906
frame_012,frame_004,12,4,40,-8,False,False,427,"barrel, cask",0.8676305686517489,0.14198926707270942,0.890394389629364,0.10960561037063599,0.08094608803395499,3.9398766710156927
frame_012,frame_005,12,5,40,-7,False,False,427,"barrel, cask",0.4269151663273401,0.8511699591982111,0.6990329027175903,0.30096709728240967,0.08285200505407543,3.9691022875969635
frame_012,frame_006,12,6,40,-6,False,False,703,park bench,0.6192450100444903,0.4792542687081296,0.7874075770378113,0.21259242296218872,0.05751440535419453,4.020027461976331
frame_012,frame_007,12,7,40,-5,False,False,703,park bench,0.9129815552287893,0.09103960096934527,0.9291031956672668,0.07089680433273315,0.0710649777519753,3.9657469608072278
frame_012,frame_008,12,8,40,-4,False,False,703,park bench,0.6998718311893983,0.35685805900413214,0.7908145189285278,0.20918548107147217,0.07953427813085805,3.965257956925175
frame_012,frame_009,12,9,40,-3,False,False,703,park bench,0.5638385913804654,0.5729872539385905,0.7622135281562805,0.23778647184371948,0.06953311148936323,4.049504869275122
frame_012,frame_010,12,10,40,-2,False,False,703,park bench,0.38892711902894495,0.944363307598147,0.739278256893158,0.26072174310684204,0.08319719837572322,3.9359207680788213
frame_012,frame_011,12,11,40,-1,False,False,222,kuvasz,0.2703176342018784,1.308157588457111,0.6376515626907349,0.36234843730926514,0.07823988148303626,3.9148800616284882
frame_012,frame_013,12,13,40,1,False,False,690,oxcart,0.39483270157266154,0.9292931441219272,0.6700178384780884,0.3299821615219116,0.0749766686896547,3.883254850534665
frame_012,frame_014,12,14,40,2,False,False,690,oxcart,0.7238691531487176,0.32314463062478005,0.8083404302597046,0.1916595697402954,0.06307447548429716,3.936559994531046
frame_012,frame_015,12,15,40,3,False,False,843,swing,0.351927220507864,1.04433088468266,0.6886241436004639,0.31137585639953613,0.120992508276617,3.7736660559455806
frame_012,frame_016,12,16,40,4,False,False,222,kuvasz,0.35978977039320925,1.0222353892395075,0.6288051605224609,0.37119483947753906,0.08141877505818244,3.79989720130118
frame_012,frame_017,12,17,40,5,False,False,843,swing,0.465463319442676,0.7647219835594958,0.7372304201126099,0.26276957988739014,0.06787335054007458,3.8576754885255125
frame_012,frame_018,12,18,40,6,False,False,703,park bench,0.34773259659803724,1.05632149515906,0.7380357980728149,0.26196420192718506,0.08158891814566661,3.8352954109206734
frame_012,frame_019,12,19,40,7,False,True,981,"ballplayer, baseball player",0.23748308377089847,1.4376588842719453,0.6011539697647095,0.3988460302352905,0.1385388638110451,3.797105445495138
frame_012,frame_000,12,0,50,-12,False,False,427,"barrel, cask",0.877973539519948,0.13013882302217142,0.926745593547821,0.07325440645217896,0.05704895528339009,4.494211258539263
frame_012,frame_001,12,1,50,-11,False,False,427,"barrel, cask",0.9447233653215501,0.056863129453150946,0.9593470096588135,0.04065299034118652,0.049832515868954944,4.582053197365088
frame_012,frame_002,12,2,50,-10,True,False,427,"barrel, cask",0.9619071580828116,0.038837342243176365,0.9688401222229004,0.03115987777709961,0.05790876492623939,4.57403623734148
frame_012,frame_003,12,3,50,-9,False,False,427,"barrel, cask",0.5904406334883159,0.5268861844050421,0.7975770831108093,0.20242291688919067,0.041357141952560565,4.601383189658344
frame_012,frame_004,12,4,50,-8,False,False,427,"barrel, cask",0.6555910333947852,0.4222181091511037,0.7877044677734375,0.2122955322265625,0.060783802840245024,4.493192019315112
frame_012,frame_005,12,5,50,-7,False,False,703,park bench,0.2513912086280829,1.3807449530950286,0.6522414684295654,0.34775853157043457,0.1063948978561267,4.32043250697301
frame_012,frame_006,12,6,50,-6,False,False,703,park bench,0.7032774514778305,0.35200379721180397,0.8025108575820923,0.19748914241790771,0.06768797365713254,4.394075926447149
frame_012,frame_007,12,7,50,-5,False,False,703,park bench,0.9541331939073247,0.04695200102423547,0.9567227959632874,0.043277204036712646,0.054557670040888906,4.461199483205258
frame_012,frame_008,12,8,50,-4,False,False,703,park bench,0.7722811333204355,0.25840663291619936,0.8384786248207092,0.16152137517929077,0.07282239979617919,4.360324433536141
frame_012,frame_009,12,9,50,-3,False,False,703,park bench,0.7165143125825502,0.3333570562224937,0.8198736310005188,0.1801263689994812,0.08363609115557465,4.395913196278371
frame_012,frame_010,12,10,50,-2,False,False,427,"barrel, cask",0.42567100101679517,0.8540885291712046,0.789038896560669,0.21096110343933105,0.11277049762309264,4.294406923288455
frame_012,frame_011,12,11,50,-1,False,True,427,"barrel, cask",0.22399450373154114,1.496133764340895,0.634406328201294,0.36559367179870605,0.12190773222397223,4.189644445336106
frame_012,frame_013,12,13,50,1,False,False,690,oxcart,0.41621973373445087,0.8765419520801778,0.6644651889801025,0.33553481101989746,0.11268429385329032,4.20487906834078
frame_012,frame_014,12,14,50,2,False,False,690,oxcart,0.7023813674851971,0.35327876394189506,0.8174905776977539,0.1825094223022461,0.1077625154084469,4.295838664090496
frame_012,frame_015,12,15,50,3,False,False,222,kuvasz,0.37394624614705874,0.9836432187768249,0.6630699634552002,0.3369300365447998,0.05725769210535779,4.47497731428012
frame_012,frame_016,12,16,50,4,False,False,222,kuvasz,0.3826220880176469,0.9607074922841763,0.6751923561096191,0.32480764389038086,0.0774201088237112,4.248119000945227
frame_012,frame_017,12,17,50,5,False,False,981,"ballplayer, baseball player",0.3503223073078416,1.0489016702243124,0.6588466763496399,0.3411533236503601,0.059429343968206774,4.363681740748934
frame_012,frame_018,12,18,50,6,False,False,981,"ballplayer, baseball player",0.6193099274988259,0.47914944097311807,0.775102436542511,0.224897563457489,0.052036635104347605,4.337616017413856
frame_012,frame_019,12,19,50,7,False,False,981,"ballplayer, baseball player",0.5930573633686697,0.5224641504829792,0.74164879322052,0.25835120677948,0.07728461950493129,4.307856910516098
frame_013,frame_000,13,0,5,-13,False,False,456,bow,0.43312333593265034,0.8367327510478888,0.6391266584396362,0.36087334156036377,0.030869088548067008,5.098145062789936
frame_013,frame_001,13,1,5,-12,True,False,456,bow,0.47302165265640733,0.7486141142516787,0.6509323120117188,0.34906768798828125,0.028330035065482605,5.134695771475023
frame_013,frame_002,13,2,5,-11,False,False,456,bow,0.34248961790837107,1.0715139344155844,0.6339419484138489,0.3660580515861511,0.03096734539004915,5.149086592143709
frame_013,frame_003,13,3,5,-10,False,False,876,"tub, vat",0.2894853052241593,1.239650742413994,0.6179662942886353,0.38203370571136475,0.023242322960162664,5.1707748494198675
frame_013,frame_004,13,4,5,-9,False,False,703,park bench,0.12447271003198798,2.0836687836346623,0.50589919090271,0.49410080909729004,0.023317039137646885,5.149375612810484
frame_013,frame_005,13,5,5,-8,False,False,703,park bench,0.1708068641234378,1.767221810358853,0.5286301374435425,0.4713698625564575,0.02538717088809827,5.161350648497935
frame_013,frame_006,13,6,5,-7,False,False,703,park bench,0.22499785877332026,1.4916643933860207,0.5607644319534302,0.4392355680465698,0.022152656599145316,5.220074450118458
frame_013,frame_007,13,7,5,-6,False,False,703,park bench,0.19880804362746432,1.6154155246754456,0.5988924503326416,0.4011075496673584,0.023185286332858133,5.2115608691317306
frame_013,frame_008,13,8,5,-5,False,False,416,"balance beam, beam",0.2845190384197903,1.2569551087802369,0.645402193069458,0.354597806930542,0.025813684363532183,5.185631733825795
frame_013,frame_009,13,9,5,-4,False,False,981,"ballplayer, baseball player",0.20703415377156717,1.5748715052612499,0.5838593244552612,0.41614067554473877,0.022397276146944055,5.170297257464257
frame_013,frame_010,13,10,5,-3,False,False,416,"balance beam, beam",0.16186603212131184,1.8209862480857568,0.5364500284194946,0.46354997158050537,0.025799388184523292,5.141799765582393
frame_013,frame_011,13,11,5,-2,False,False,416,"balance beam, beam",0.13344365491278773,2.014075950812837,0.5108722448348999,0.4891277551651001,0.02583814763671311,5.0986180471388565
frame_013,frame_012,13,12,5,-1,False,True,345,ox,0.19142987764407085,1.6532337116019704,0.5002516508102417,0.4997483491897583,0.024296751194081218,5.089728027485071
frame_013,frame_014,13,14,5,1,False,False,690,oxcart,0.16305512448976886,1.81366694829393,0.5505906939506531,0.4494093060493469,0.02899081056710494,5.109672351356453
frame_013,frame_015,13,15,5,2,False,False,416,"balance beam, beam",0.22170583446314748,1.5064038457772089,0.5605427026748657,0.4394572973251343,0.02349332867528853,5.137809738405757
frame_013,frame_016,13,16,5,3,False,False,981,"ballplayer, baseball player",0.22552440060475004,1.4893269192203746,0.5261799097061157,0.4738200902938843,0.024805860203974146,5.097589914622516
frame_013,frame_017,13,17,5,4,False,False,981,"ballplayer, baseball player",0.36507083837026255,1.0076638665035444,0.6252011060714722,0.37479889392852783,0.023380164527634226,5.144430967776529
frame_013,frame_018,13,18,5,5,False,False,981,"ballplayer, baseball player",0.2817875012678983,1.266602033702402,0.609499454498291,0.390500545501709,0.025572030022531042,5.113549137734642
frame_013,frame_019,13,19,5,6,False,False,981,"ballplayer, baseball player",0.15543259279802593,1.8615431281748402,0.5086660981178284,0.49133390188217163,0.0241336128969277,5.100777964590457
frame_013,frame_000,13,0,10,-13,False,False,427,"barrel, cask",0.5555055482723771,0.5878766820632633,0.75243079662323,0.24756920337677002,0.06537796591539144,4.578366566472886
frame_013,frame_001,13,1,10,-12,False,False,690,oxcart,0.36043536457358255,1.0204426321641424,0.7167479395866394,0.2832520604133606,0.06784544039741813,4.6564271912819555
frame_013,frame_002,13,2,10,-11,False,False,690,oxcart,0.48120132604231425,0.7314695391865027,0.7570929527282715,0.24290704727172852,0.07993180321731493,4.672311736226735
frame_013,frame_003,13,3,10,-10,False,False,690,oxcart,0.5536868978859183,0.5911559182724151,0.7869836688041687,0.2130163311958313,0.08653548530719626,4.689668775472635
frame_013,frame_004,13,4,10,-9,False,False,703,park bench,0.39546477187635276,0.9276935681149259,0.7133579850196838,0.28664201498031616,0.04881679671044612,4.710594841901942
frame_013,frame_005,13,5,10,-8,False,False,703,park bench,0.6270799992971713,0.46668115590260273,0.76422119140625,0.23577880859375,0.047248973459229224,4.789172143741011
frame_013,frame_006,13,6,10,-7,False,False,703,park bench,0.7883311436414076,0.23783704434996422,0.8523095846176147,0.14769041538238525,0.03823592924997175,4.803965013401736
frame_013,frame_007,13,7,10,-6,True,False,703,park bench,0.7395081918570741,0.301769919330672,0.87115478515625,0.12884521484375,0.04862166206422446,4.739053070478169
frame_013,frame_008,13,8,10,-5,False,False,416,"balance beam, beam",0.720351137407092,0.3280164950113815,0.8428562879562378,0.1571437120437622,0.04988403945509095,4.691252205152336
frame_013,frame_009,13,9,10,-4,False,False,703,park bench,0.490875779716257,0.7115641776640239,0.7742506265640259,0.22574937343597412,0.04997447926582176,4.753505219739468
frame_013,frame_010,13,10,10,-3,False,False,703,park bench,0.42539440696669284,0.8547385240064921,0.6992111802101135,0.3007888197898865,0.07208557353092533,4.700408574114059
frame_013,frame_011,13,11,10,-2,False,False,690,oxcart,0.23235334948826275,1.4594960078534722,0.6690607070922852,0.33093929290771484,0.06018035533139901,4.6935269187478195
frame_013,frame_012,13,12,10,-1,False,False,690,oxcart,0.4837669694199472,0.7261519563491123,0.7841253280639648,0.21587467193603516,0.05842979669538592,4.649319925663313
frame_013,frame_014,13,14,10,1,False,False,690,oxcart,0.7243847242460452,0.3224326406523659,0.8649649024009705,0.13503509759902954,0.041626941202626326,4.734073251959226
frame_013,frame_015,13,15,10,2,False,False,416,"balance beam, beam",0.40240629916464027,0.9102930063314554,0.7076969146728516,0.29230308532714844,0.05048079020685127,4.7051462902476775
frame_013,frame_016,13,16,10,3,False,True,690,oxcart,0.1968575610437108,1.6252748521511713,0.5906793475151062,0.4093206524848938,0.06964145825905262,4.559770042893588
frame_013,frame_017,13,17,10,4,False,False,416,"balance beam, beam",0.5031906537165381,0.6867861474636735,0.759023129940033,0.24097687005996704,0.050538197267044775,4.595644396104046
frame_013,frame_018,13,18,10,5,False,False,416,"balance beam, beam",0.7453845880096326,0.2938549682848457,0.8499241471290588,0.15007585287094116,0.06235878586026469,4.44519172142133
frame_013,frame_019,13,19,10,6,False,False,416,"balance beam, beam",0.3812720147632116,0.9642422090864048,0.6765185594558716,0.3234814405441284,0.07088173995833319,4.502775280098648
frame_013,frame_000,13,0,20,-13,False,False,427,"barrel, cask",0.8954357929792834,0.11044475968420309,0.9076558351516724,0.09234416484832764,0.03391951662977829,5.080457987207746
frame_013,frame_001,13,1,20,-12,True,False,427,"barrel, cask",0.9226520650348795,0.08050307650588806,0.9323467016220093,0.06765329837799072,0.02226814944008427,5.220865693938842
frame_013,frame_002,13,2,20,-11,False,False,427,"barrel, cask",0.9275325115483121,0.07522743223260764,0.9323031306266785,0.06769686937332153,0.02252990019604848,5.214300164217672
frame_013,frame_003,13,3,20,-10,False,False,427,"barrel, cask",0.6477663516166937,0.43422521614306797,0.7525835037231445,0.24741649627685547,0.028717333281758503,5.238794056811594
frame_013,frame_004,13,4,20,-9,False,False,427,"barrel, cask",0.6734745306327188,0.39530510027926646,0.7407971620559692,0.25920283794403076,0.03503639676454403,5.266756868401904
frame_013,frame_005,13,5,20,-8,False,False,427,"barrel, cask",0.3503245719229348,1.0488952058692702,0.5841547250747681,0.41584527492523193,0.02578200447835055,5.287639735328326
frame_013,frame_006,13,6,20,-7,False,False,703,park bench,0.1421939244334909,1.9505634880286338,0.5318683385848999,0.4681316614151001,0.02340606215640726,5.275586531774622
frame_013,frame_007,13,7,20,-6,False,False,703,park bench,0.3152200492584619,1.1544843149678234,0.5959129333496094,0.4040870666503906,0.029122876392321192,5.251835953304171
frame_013,frame_008,13,8,20,-5,False,False,830,stretcher,0.3415922932660227,1.0741373780188734,0.5705919861793518,0.4294080138206482,0.03391481190040784,5.1997330614707025
frame_013,frame_009,13,9,20,-4,False,False,830,stretcher,0.21735227110603952,1.5262358725288214,0.536159873008728,0.463840126991272,0.02294180882078076,5.237664966623975
frame_013,frame_010,13,10,20,-3,False,False,830,stretcher,0.19433218300851957,1.638186300655938,0.5399535894393921,0.4600464105606079,0.02237867387168805,5.244979080971804
frame_013,frame_011,13,11,20,-2,False,False,830,stretcher,0.20984301991346926,1.5613955520217893,0.5314674973487854,0.4685325026512146,0.03217338796572707,5.176128552829683
frame_013,frame_012,13,12,20,-1,False,False,690,oxcart,0.37735284050914936,0.9745746127609762,0.6293631792068481,0.37063682079315186,0.029053826841062256,5.186350047162392
frame_013,frame_014,13,14,20,1,False,False,690,oxcart,0.6223968934328593,0.4741772974015246,0.7349047064781189,0.2650952935218811,0.029641609647906676,5.129635689051678
frame_013,frame_015,13,15,20,2,False,False,830,stretcher,0.2252910860128961,1.4903619972938245,0.5289996266365051,0.4710003733634949,0.0352873131746657,5.164973347503784
frame_013,frame_016,13,16,20,3,False,False,267,standard poodle,0.28539678164675575,1.2538748506436423,0.5607526302337646,0.43924736976623535,0.029232375329933898,5.104800955387599
frame_013,frame_017,13,17,20,4,False,False,981,"ballplayer, baseball player",0.20170281151320996,1.600959895035282,0.5408183336257935,0.45918166637420654,0.03020274954492432,5.096349546558985
frame_013,frame_018,13,18,20,5,False,False,981,"ballplayer, baseball player",0.4398558393094884,0.8213082436878452,0.641482949256897,0.358517050743103,0.04019826995165426,5.065458093711108
frame_013,frame_019,13,19,20,6,False,True,249,"malamute, malemute, Alaskan malamute",0.11542748678663599,2.1591127662109346,0.46729743480682373,0.5327025651931763,0.055985410317602215,5.048977980527229
frame_013,frame_000,13,0,30,-13,False,False,427,"barrel, cask",0.8937867294733715,0.1122880899040718,0.9170268177986145,0.0829731822013855,0.031659271475523394,5.06247485819471
frame_013,frame_001,13,1,30,-12,False,False,427,"barrel, cask",0.965317349870361,0.035298371736452505,0.9677907824516296,0.03220921754837036,0.027349509297072663,5.081626445852797
frame_013,frame_002,13,2,30,-11,True,False,427,"barrel, cask",0.9727020487545943,0.027677462853594736,0.9727835059165955,0.02721649408340454,0.033539730311576775,5.078759891306532
frame_013,frame_003,13,3,30,-10,False,False,427,"barrel, cask",0.6939780721403112,0.36531491531411664,0.791993260383606,0.20800673961639404,0.029015785116498303,5.105599973456139
frame_013,frame_004,13,4,30,-9,False,False,427,"barrel, cask",0.6422693386885417,0.44274753260305033,0.7517197728157043,0.24828022718429565,0.030967395843654388,5.127962190657801
frame_013,frame_005,13,5,30,-8,False,False,427,"barrel, cask",0.32735099955959934,1.1167222906107743,0.6224814653396606,0.37751853466033936,0.043044150772247505,5.122980057485918
frame_013,frame_006,13,6,30,-7,False,False,703,park bench,0.5401526027666304,0.6159035816310481,0.7071157097816467,0.29288429021835327,0.05093174162069998,5.1324761353721
frame_013,frame_007,13,7,30,-6,False,False,703,park bench,0.7990845027565503,0.22428857816162928,0.8602330684661865,0.13976693153381348,0.04783718377416132,5.085895343749618
frame_013,frame_008,13,8,30,-5,False,False,703,park bench,0.47096688438309137,0.7529674966029356,0.7220920324325562,0.27790796756744385,0.04148421112901764,5.0633198601273905
frame_013,frame_009,13,9,30,-4,False,False,703,park bench,0.3445164572737345,1.0656134181927115,0.6360412240028381,0.36395877599716187,0.037920802866914544,5.049506198325812
frame_013,frame_010,13,10,30,-3,False,False,176,"Saluki, gazelle hound",0.281424477931012,1.267891151834002,0.6502265334129333,0.34977346658706665,0.04321994695706019,4.968044786519607
frame_013,frame_011,13,11,30,-2,False,False,176,"Saluki, gazelle hound",0.3823971122758231,0.9612956494133647,0.6414053440093994,0.3585946559906006,0.03372585045102467,5.067214334427483
frame_013,frame_012,13,12,30,-1,False,False,176,"Saluki, gazelle hound",0.6698543906749088,0.40069491756701847,0.8023284673690796,0.1976715326309204,0.03764198258991691,5.068993050788466
frame_013,frame_014,13,14,30,1,False,False,690,oxcart,0.4490198782689784,0.8006881199058897,0.7439985871315002,0.25600141286849976,0.04145590576845163,5.088193955830151
frame_013,frame_015,13,15,30,2,False,True,703,park bench,0.2243111806174123,1.4947209919866786,0.5595017671585083,0.4404982328414917,0.03859809803868899,5.070344021564969
frame_013,frame_016,13,16,30,3,False,False,267,standard poodle,0.18456334728101964,1.689762528734617,0.5606030225753784,0.4393969774246216,0.04350157488401869,5.025224562465235
frame_013,frame_017,13,17,30,4,False,False,703,park bench,0.3271551318097337,1.1173208113772732,0.612591028213501,0.387408971786499,0.04349817982215227,5.073020217361891
frame_013,frame_018,13,18,30,5,False,False,981,"ballplayer, baseball player",0.34507627048911826,1.0639898125025047,0.6872057914733887,0.31279420852661133,0.0563924603526686,5.062725118748369
frame_013,frame_019,13,19,30,6,False,False,176,"Saluki, gazelle hound",0.5443214211241456,0.6082153589532657,0.6933525204658508,0.30664747953414917,0.07518917933187338,5.0567548649440495
frame_013,frame_000,13,0,40,-13,False,False,427,"barrel, cask",0.9535190879144683,0.04759583535392087,0.9621262550354004,0.03787374496459961,0.11776650853776918,3.7986235386330334
frame_013,frame_001,13,1,40,-12,False,False,427,"barrel, cask",0.9646765251657854,0.035962440919690974,0.9700115323066711,0.029988467693328857,0.08439312039751147,3.7929358609266304
frame_013,frame_002,13,2,40,-11,True,False,427,"barrel, cask",0.9834961835913146,0.01664152159642951,0.9839980602264404,0.01600193977355957,0.08207739834059115,3.8536908348666965
frame_013,frame_003,13,3,40,-10,False,False,427,"barrel, cask",0.7909713755103226,0.23449349959326637,0.8539729714393616,0.14602702856063843,0.09952112277767666,3.8580248482574424
frame_013,frame_004,13,4,40,-9,False,False,427,"barrel, cask",0.8676305686517489,0.14198926707270942,0.890394389629364,0.10960561037063599,0.09112766401160283,3.935247199648382
frame_013,frame_005,13,5,40,-8,False,False,427,"barrel, cask",0.4269151663273401,0.8511699591982111,0.6990329027175903,0.30096709728240967,0.09320518300108044,3.9560080978754546
frame_013,frame_006,13,6,40,-7,False,False,703,park bench,0.6192450100444903,0.4792542687081296,0.7874075770378113,0.21259242296218872,0.061151237385092705,4.008627994946119
frame_013,frame_007,13,7,40,-6,False,False,703,park bench,0.9129815552287893,0.09103960096934527,0.9291031956672668,0.07089680433273315,0.07705047121377587,3.9502657464114326
frame_013,frame_008,13,8,40,-5,False,False,703,park bench,0.6998718311893983,0.35685805900413214,0.7908145189285278,0.20918548107147217,0.08805510713591316,3.9487412615964255
frame_013,frame_009,13,9,40,-4,False,False,703,park bench,0.5638385913804654,0.5729872539385905,0.7622135281562805,0.23778647184371948,0.07815079352055167,4.036747578799645
frame_013,frame_010,13,10,40,-3,False,False,703,park bench,0.38892711902894495,0.944363307598147,0.739278256893158,0.26072174310684204,0.09779730860737894,3.915338193864267
frame_013,frame_011,13,11,40,-2,False,False,222,kuvasz,0.2703176342018784,1.308157588457111,0.6376515626907349,0.36234843730926514,0.09255851678526456,3.8992085610929403
frame_013,frame_012,13,12,40,-1,False,False,690,oxcart,0.421658590279765,0.8635593201587799,0.6900156736373901,0.30998432636260986,0.07289192403943326,3.958916316823145
frame_013,frame_014,13,14,40,1,False,False,690,oxcart,0.7238691531487176,0.32314463062478005,0.8083404302597046,0.1916595697402954,0.0738828567936045,3.9570640642973127
frame_013,frame_015,13,15,40,2,False,False,843,swing,0.351927220507864,1.04433088468266,0.6886241436004639,0.31137585639953613,0.13609996298622534,3.754952670248392
frame_013,frame_016,13,16,40,3,False,False,222,kuvasz,0.35978977039320925,1.0222353892395075,0.6288051605224609,0.37119483947753906,0.08087468925790475,3.8078072900734057
frame_013,frame_017,13,17,40,4,False,False,843,swing,0.465463319442676,0.7647219835594958,0.7372304201126099,0.26276957988739014,0.07910953532986234,3.849183201251148
frame_013,frame_018,13,18,40,5,False,False,703,park bench,0.34773259659803724,1.05632149515906,0.7380357980728149,0.26196420192718506,0.08455674278289722,3.799856017245316
frame_013,frame_019,13,19,40,6,False,True,981,"ballplayer, baseball player",0.23748308377089847,1.4376588842719453,0.6011539697647095,0.3988460302352905,0.14751750356832635,3.7529034030330624
frame_013,frame_000,13,0,50,-13,False,False,427,"barrel, cask",0.877973539519948,0.13013882302217142,0.926745593547821,0.07325440645217896,0.06136272354432799,4.495234953410266
frame_013,frame_001,13,1,50,-12,False,False,427,"barrel, cask",0.9447233653215501,0.056863129453150946,0.9593470096588135,0.04065299034118652,0.05284474073621903,4.577170024900502
frame_013,frame_002,13,2,50,-11,True,False,427,"barrel, cask",0.9619071580828116,0.038837342243176365,0.9688401222229004,0.03115987777709961,0.0528710396880511,4.570073711722369
frame_013,frame_003,13,3,50,-10,False,False,427,"barrel, cask",0.5904406334883159,0.5268861844050421,0.7975770831108093,0.20242291688919067,0.04267810707902287,4.603849017970595
frame_013,frame_004,13,4,50,-9,False,False,427,"barrel, cask",0.6555910333947852,0.4222181091511037,0.7877044677734375,0.2122955322265625,0.05933856241993762,4.497242532185236
frame_013,frame_005,13,5,50,-8,False,False,703,park bench,0.2513912086280829,1.3807449530950286,0.6522414684295654,0.34775853157043457,0.10826181516789307,4.321503289075903
frame_013,frame_006,13,6,50,-7,False,False,703,park bench,0.7032774514778305,0.35200379721180397,0.8025108575820923,0.19748914241790771,0.06500703922747156,4.407409933482512
frame_013,frame_007,13,7,50,-6,False,False,703,park bench,0.9541331939073247,0.04695200102423547,0.9567227959632874,0.043277204036712646,0.057128258625421334,4.463142049581495
frame_013,frame_008,13,8,50,-5,False,False,703,park bench,0.7722811333204355,0.25840663291619936,0.8384786248207092,0.16152137517929077,0.06440810089501167,4.379874182245745
frame_013,frame_009,13,9,50,-4,False,False,703,park bench,0.7165143125825502,0.3333570562224937,0.8198736310005188,0.1801263689994812,0.08722706828999693,4.403866371630552
frame_013,frame_010,13,10,50,-3,False,False,427,"barrel, cask",0.42567100101679517,0.8540885291712046,0.789038896560669,0.21096110343933105,0.11575431336572896,4.285299951417953
frame_013,frame_011,13,11,50,-2,False,True,427,"barrel, cask",0.22399450373154114,1.496133764340895,0.634406328201294,0.36559367179870605,0.12510086852618363,4.18564086250657
frame_013,frame_012,13,12,50,-1,False,False,690,oxcart,0.4809484035543464,0.731995283747902,0.7106359004974365,0.2893640995025635,0.1018529364440035,4.212340671494643
frame_013,frame_014,13,14,50,1,False,False,690,oxcart,0.7023813674851971,0.35327876394189506,0.8174905776977539,0.1825094223022461,0.10234427583352206,4.325907165652295
frame_013,frame_015,13,15,50,2,False,False,222,kuvasz,0.37394624614705874,0.9836432187768249,0.6630699634552002,0.3369300365447998,0.06021763518627948,4.479354315030125
frame_013,frame_016,13,16,50,3,False,False,222,kuvasz,0.3826220880176469,0.9607074922841763,0.6751923561096191,0.32480764389038086,0.07472337589693244,4.272147366238984
frame_013,frame_017,13,17,50,4,False,False,981,"ballplayer, baseball player",0.3503223073078416,1.0489016702243124,0.6588466763496399,0.3411533236503601,0.05868969855628659,4.377507895138515
frame_013,frame_018,13,18,50,5,False,False,981,"ballplayer, baseball player",0.6193099274988259,0.47914944097311807,0.775102436542511,0.224897563457489,0.05457320624658987,4.338208630806119
frame_013,frame_019,13,19,50,6,False,False,981,"ballplayer, baseball player",0.5930573633686697,0.5224641504829792,0.74164879322052,0.25835120677948,0.06819155524620232,4.331545219804205
frame_014,frame_000,14,0,5,-14,False,False,456,bow,0.43312333593265034,0.8367327510478888,0.6391266584396362,0.36087334156036377,0.03166265474695678,5.080478790350847
frame_014,frame_001,14,1,5,-13,True,False,456,bow,0.47302165265640733,0.7486141142516787,0.6509323120117188,0.34906768798828125,0.029640156710637404,5.119941502776342
frame_014,frame_002,14,2,5,-12,False,False,456,bow,0.34248961790837107,1.0715139344155844,0.6339419484138489,0.3660580515861511,0.033238351393581576,5.1324089385346205
frame_014,frame_003,14,3,5,-11,False,False,876,"tub, vat",0.2894853052241593,1.239650742413994,0.6179662942886353,0.38203370571136475,0.023654832952292724,5.155369515687671
frame_014,frame_004,14,4,5,-10,False,False,703,park bench,0.12447271003198798,2.0836687836346623,0.50589919090271,0.49410080909729004,0.02331933221513085,5.1359241633623025
frame_014,frame_005,14,5,5,-9,False,False,703,park bench,0.1708068641234378,1.767221810358853,0.5286301374435425,0.4713698625564575,0.026112817643147393,5.142219111464977
frame_014,frame_006,14,6,5,-8,False,False,703,park bench,0.22499785877332026,1.4916643933860207,0.5607644319534302,0.4392355680465698,0.022155646803094002,5.204467451563336
frame_014,frame_007,14,7,5,-7,False,False,703,park bench,0.19880804362746432,1.6154155246754456,0.5988924503326416,0.4011075496673584,0.02370236501460785,5.19993393616342
frame_014,frame_008,14,8,5,-6,False,False,416,"balance beam, beam",0.2845190384197903,1.2569551087802369,0.645402193069458,0.354597806930542,0.02647225349199375,5.167707904389584
frame_014,frame_009,14,9,5,-5,False,False,981,"ballplayer, baseball player",0.20703415377156717,1.5748715052612499,0.5838593244552612,0.41614067554473877,0.02195594100460437,5.152597526520296
frame_014,frame_010,14,10,5,-4,False,False,416,"balance beam, beam",0.16186603212131184,1.8209862480857568,0.5364500284194946,0.46354997158050537,0.02522871435702252,5.123148003137361
frame_014,frame_011,14,11,5,-3,False,False,416,"balance beam, beam",0.13344365491278773,2.014075950812837,0.5108722448348999,0.4891277551651001,0.025391451958121477,5.077738795606255
frame_014,frame_012,14,12,5,-2,False,False,345,ox,0.19142987764407085,1.6532337116019704,0.5002516508102417,0.4997483491897583,0.024878129376782986,5.068958630672275
frame_014,frame_013,14,13,5,-1,False,True,690,oxcart,0.15665107543315565,1.8537343964102106,0.4997352957725525,0.5002647042274475,0.029625160319488114,5.076699379676704
frame_014,frame_015,14,15,5,1,False,False,416,"balance beam, beam",0.22170583446314748,1.5064038457772089,0.5605427026748657,0.4394572973251343,0.02354697134685215,5.120860889289647
frame_014,frame_016,14,16,5,2,False,False,981,"ballplayer, baseball player",0.22552440060475004,1.4893269192203746,0.5261799097061157,0.4738200902938843,0.025640832042207167,5.07966140945339
frame_014,frame_017,14,17,5,3,False,False,981,"ballplayer, baseball player",0.36507083837026255,1.0076638665035444,0.6252011060714722,0.37479889392852783,0.02370256565618656,5.125473523004859
frame_014,frame_018,14,18,5,4,False,False,981,"ballplayer, baseball player",0.2817875012678983,1.266602033702402,0.609499454498291,0.390500545501709,0.025859722234280888,5.095626625061552
frame_014,frame_019,14,19,5,5,False,False,981,"ballplayer, baseball player",0.15543259279802593,1.8615431281748402,0.5086660981178284,0.49133390188217163,0.022570489119131534,5.081937439874622
frame_014,frame_000,14,0,10,-14,False,False,427,"barrel, cask",0.5555055482723771,0.5878766820632633,0.75243079662323,0.24756920337677002,0.061506666364074515,4.58743474791224
frame_014,frame_001,14,1,10,-13,False,False,690,oxcart,0.36043536457358255,1.0204426321641424,0.7167479395866394,0.2832520604133606,0.07115954052600708,4.672418186399138
frame_014,frame_002,14,2,10,-12,False,False,690,oxcart,0.48120132604231425,0.7314695391865027,0.7570929527282715,0.24290704727172852,0.0834312228958095,4.6753054734743955
frame_014,frame_003,14,3,10,-11,False,False,690,oxcart,0.5536868978859183,0.5911559182724151,0.7869836688041687,0.2130163311958313,0.09197238736416659,4.6940235390202085
frame_014,frame_004,14,4,10,-10,False,False,703,park bench,0.39546477187635276,0.9276935681149259,0.7133579850196838,0.28664201498031616,0.049957104293604115,4.719999240714328
frame_014,frame_005,14,5,10,-9,False,False,703,park bench,0.6270799992971713,0.46668115590260273,0.76422119140625,0.23577880859375,0.048089887317259224,4.789998032365272
frame_014,frame_006,14,6,10,-8,False,False,703,park bench,0.7883311436414076,0.23783704434996422,0.8523095846176147,0.14769041538238525,0.03818686716014714,4.810133122591991
frame_014,frame_007,14,7,10,-7,True,False,703,park bench,0.7395081918570741,0.301769919330672,0.87115478515625,0.12884521484375,0.0486058172423841,4.7325749566987
frame_014,frame_008,14,8,10,-6,False,False,416,"balance beam, beam",0.720351137407092,0.3280164950113815,0.8428562879562378,0.1571437120437622,0.06150397666892543,4.662345428697066
frame_014,frame_009,14,9,10,-5,False,False,703,park bench,0.490875779716257,0.7115641776640239,0.7742506265640259,0.22574937343597412,0.0506256446624064,4.734141091127824
frame_014,frame_010,14,10,10,-4,False,False,703,park bench,0.42539440696669284,0.8547385240064921,0.6992111802101135,0.3007888197898865,0.07193877479157346,4.695923366435718
frame_014,frame_011,14,11,10,-3,False,False,690,oxcart,0.23235334948826275,1.4594960078534722,0.6690607070922852,0.33093929290771484,0.05767161365891137,4.689898177786756
frame_014,frame_012,14,12,10,-2,False,False,690,oxcart,0.4837669694199472,0.7261519563491123,0.7841253280639648,0.21587467193603516,0.05771826326757875,4.642871103912055
frame_014,frame_013,14,13,10,-1,False,False,690,oxcart,0.5600950417845953,0.5796487921808313,0.8534557819366455,0.1465442180633545,0.07269094957584926,4.496657920162951
frame_014,frame_015,14,15,10,1,False,False,416,"balance beam, beam",0.40240629916464027,0.9102930063314554,0.7076969146728516,0.29230308532714844,0.04810531414894225,4.711772439233362
frame_014,frame_016,14,16,10,2,False,True,690,oxcart,0.1968575610437108,1.6252748521511713,0.5906793475151062,0.4093206524848938,0.06750155197440118,4.568432339321389
frame_014,frame_017,14,17,10,3,False,False,416,"balance beam, beam",0.5031906537165381,0.6867861474636735,0.759023129940033,0.24097687005996704,0.048736774013762016,4.58497069796114
frame_014,frame_018,14,18,10,4,False,False,416,"balance beam, beam",0.7453845880096326,0.2938549682848457,0.8499241471290588,0.15007585287094116,0.06431724883850327,4.461067978210619
frame_014,frame_019,14,19,10,5,False,False,416,"balance beam, beam",0.3812720147632116,0.9642422090864048,0.6765185594558716,0.3234814405441284,0.061728813137709525,4.50719233868611
frame_014,frame_000,14,0,20,-14,False,False,427,"barrel, cask",0.8954357929792834,0.11044475968420309,0.9076558351516724,0.09234416484832764,0.035331554553778635,5.096405804983508
frame_014,frame_001,14,1,20,-13,True,False,427,"barrel, cask",0.9226520650348795,0.08050307650588806,0.9323467016220093,0.06765329837799072,0.02428390991634,5.23934743770775
frame_014,frame_002,14,2,20,-12,False,False,427,"barrel, cask",0.9275325115483121,0.07522743223260764,0.9323031306266785,0.06769686937332153,0.026627467437909048,5.233314862131919
frame_014,frame_003,14,3,20,-11,False,False,427,"barrel, cask",0.6477663516166937,0.43422521614306797,0.7525835037231445,0.24741649627685547,0.024596944896756914,5.260595764165847
frame_014,frame_004,14,4,20,-10,False,False,427,"barrel, cask",0.6734745306327188,0.39530510027926646,0.7407971620559692,0.25920283794403076,0.028995673138654813,5.291133017955906
frame_014,frame_005,14,5,20,-9,False,False,427,"barrel, cask",0.3503245719229348,1.0488952058692702,0.5841547250747681,0.41584527492523193,0.025919542900793634,5.297173453996004
frame_014,frame_006,14,6,20,-8,False,False,703,park bench,0.1421939244334909,1.9505634880286338,0.5318683385848999,0.4681316614151001,0.026500308435657857,5.287284644061296
frame_014,frame_007,14,7,20,-7,False,False,703,park bench,0.3152200492584619,1.1544843149678234,0.5959129333496094,0.4040870666503906,0.02719959072351558,5.258641878009552
frame_014,frame_008,14,8,20,-6,False,False,830,stretcher,0.3415922932660227,1.0741373780188734,0.5705919861793518,0.4294080138206482,0.02986620972785606,5.218147441190309
frame_014,frame_009,14,9,20,-5,False,False,830,stretcher,0.21735227110603952,1.5262358725288214,0.536159873008728,0.463840126991272,0.023224290161044162,5.245590179408196
frame_014,frame_010,14,10,20,-4,False,False,830,stretcher,0.19433218300851957,1.638186300655938,0.5399535894393921,0.4600464105606079,0.023052565989989966,5.251087856172415
frame_014,frame_011,14,11,20,-3,False,False,830,stretcher,0.20984301991346926,1.5613955520217893,0.5314674973487854,0.4685325026512146,0.03179466746453702,5.180451159086841
frame_014,frame_012,14,12,20,-2,False,False,690,oxcart,0.37735284050914936,0.9745746127609762,0.6293631792068481,0.37063682079315186,0.032517478382690576,5.19531457881615
frame_014,frame_013,14,13,20,-1,False,False,690,oxcart,0.3725944640656689,0.987264678505086,0.5941082239151001,0.4058917760848999,0.0321782412528428,5.147444460515736
frame_014,frame_015,14,15,20,1,False,False,830,stretcher,0.2252910860128961,1.4903619972938245,0.5289996266365051,0.4710003733634949,0.03498945768509142,5.184344163594329
frame_014,frame_016,14,16,20,2,False,False,267,standard poodle,0.28539678164675575,1.2538748506436423,0.5607526302337646,0.43924736976623535,0.032719399718376195,5.136371965855178
frame_014,frame_017,14,17,20,3,False,False,981,"ballplayer, baseball player",0.20170281151320996,1.600959895035282,0.5408183336257935,0.45918166637420654,0.029528412989324484,5.115349273206323
frame_014,frame_018,14,18,20,4,False,False,981,"ballplayer, baseball player",0.4398558393094884,0.8213082436878452,0.641482949256897,0.358517050743103,0.03725694509959202,5.092713861545806
frame_014,frame_019,14,19,20,5,False,True,249,"malamute, malemute, Alaskan malamute",0.11542748678663599,2.1591127662109346,0.46729743480682373,0.5327025651931763,0.05420986188991211,5.065235294079268
frame_014,frame_000,14,0,30,-14,False,False,427,"barrel, cask",0.8937867294733715,0.1122880899040718,0.9170268177986145,0.0829731822013855,0.03990275021261309,5.020018960738939
frame_014,frame_001,14,1,30,-13,False,False,427,"barrel, cask",0.965317349870361,0.035298371736452505,0.9677907824516296,0.03220921754837036,0.028008955967357037,5.0593735838068925
frame_014,frame_002,14,2,30,-12,True,False,427,"barrel, cask",0.9727020487545943,0.027677462853594736,0.9727835059165955,0.02721649408340454,0.030053869250656274,5.059505979179763
frame_014,frame_003,14,3,30,-11,False,False,427,"barrel, cask",0.6939780721403112,0.36531491531411664,0.791993260383606,0.20800673961639404,0.028563307686890246,5.082818586541418
frame_014,frame_004,14,4,30,-10,False,False,427,"barrel, cask",0.6422693386885417,0.44274753260305033,0.7517197728157043,0.24828022718429565,0.031282462422805045,5.108694172516967
frame_014,frame_005,14,5,30,-9,False,False,427,"barrel, cask",0.32735099955959934,1.1167222906107743,0.6224814653396606,0.37751853466033936,0.04229550329239747,5.092947545535033
frame_014,frame_006,14,6,30,-8,False,False,703,park bench,0.5401526027666304,0.6159035816310481,0.7071157097816467,0.29288429021835327,0.05030269534263105,5.105665831016792
frame_014,frame_007,14,7,30,-7,False,False,703,park bench,0.7990845027565503,0.22428857816162928,0.8602330684661865,0.13976693153381348,0.04620247974147851,5.055295250811871
frame_014,frame_008,14,8,30,-6,False,False,703,park bench,0.47096688438309137,0.7529674966029356,0.7220920324325562,0.27790796756744385,0.040076643088710624,5.034542805284956
frame_014,frame_009,14,9,30,-5,False,False,703,park bench,0.3445164572737345,1.0656134181927115,0.6360412240028381,0.36395877599716187,0.03378107720567943,5.018518661759915
frame_014,frame_010,14,10,30,-4,False,False,176,"Saluki, gazelle hound",0.281424477931012,1.267891151834002,0.6502265334129333,0.34977346658706665,0.037030961383283975,4.928997677240469
frame_014,frame_011,14,11,30,-3,False,False,176,"Saluki, gazelle hound",0.3823971122758231,0.9612956494133647,0.6414053440093994,0.3585946559906006,0.03558674515227929,5.018490268108531
frame_014,frame_012,14,12,30,-2,False,False,176,"Saluki, gazelle hound",0.6698543906749088,0.40069491756701847,0.8023284673690796,0.1976715326309204,0.038666457154980925,5.041293902503758
frame_014,frame_013,14,13,30,-1,False,False,690,oxcart,0.24579292959325683,1.4032658471408244,0.6328157186508179,0.36718428134918213,0.028063423880372928,5.041846493548251
frame_014,frame_015,14,15,30,1,False,True,703,park bench,0.2243111806174123,1.4947209919866786,0.5595017671585083,0.4404982328414917,0.04208862716438223,5.03099270595736
frame_014,frame_016,14,16,30,2,False,False,267,standard poodle,0.18456334728101964,1.689762528734617,0.5606030225753784,0.4393969774246216,0.04577434418678066,4.967830749355288
frame_014,frame_017,14,17,30,3,False,False,703,park bench,0.3271551318097337,1.1173208113772732,0.612591028213501,0.387408971786499,0.039516039878332784,5.027927766697706
frame_014,frame_018,14,18,30,4,False,False,981,"ballplayer, baseball player",0.34507627048911826,1.0639898125025047,0.6872057914733887,0.31279420852661133,0.060126177505604866,5.014100968976429
frame_014,frame_019,14,19,30,5,False,False,176,"Saluki, gazelle hound",0.5443214211241456,0.6082153589532657,0.6933525204658508,0.30664747953414917,0.07768774656483607,4.993006397821231
frame_014,frame_000,14,0,40,-14,False,False,427,"barrel, cask",0.9535190879144683,0.04759583535392087,0.9621262550354004,0.03787374496459961,0.1101486049445045,3.813458278034763
frame_014,frame_001,14,1,40,-13,False,False,427,"barrel, cask",0.9646765251657854,0.035962440919690974,0.9700115323066711,0.029988467693328857,0.08534399302468582,3.801899160037289
frame_014,frame_002,14,2,40,-12,True,False,427,"barrel, cask",0.9834961835913146,0.01664152159642951,0.9839980602264404,0.01600193977355957,0.08318240979635227,3.8620782311790407
frame_014,frame_003,14,3,40,-11,False,False,427,"barrel, cask",0.7909713755103226,0.23449349959326637,0.8539729714393616,0.14602702856063843,0.09675559950388643,3.870192863457022
frame_014,frame_004,14,4,40,-10,False,False,427,"barrel, cask",0.8676305686517489,0.14198926707270942,0.890394389629364,0.10960561037063599,0.08524326024504099,3.966418572179551
frame_014,frame_005,14,5,40,-9,False,False,427,"barrel, cask",0.4269151663273401,0.8511699591982111,0.6990329027175903,0.30096709728240967,0.09185195676721133,3.985420249023686
frame_014,frame_006,14,6,40,-8,False,False,703,park bench,0.6192450100444903,0.4792542687081296,0.7874075770378113,0.21259242296218872,0.06232195164037791,4.025806122781143
frame_014,frame_007,14,7,40,-7,False,False,703,park bench,0.9129815552287893,0.09103960096934527,0.9291031956672668,0.07089680433273315,0.0759249466464109,3.976114668271563
frame_014,frame_008,14,8,40,-6,False,False,703,park bench,0.6998718311893983,0.35685805900413214,0.7908145189285278,0.20918548107147217,0.0821736346106,3.986809049109535
frame_014,frame_009,14,9,40,-5,False,False,703,park bench,0.5638385913804654,0.5729872539385905,0.7622135281562805,0.23778647184371948,0.07387819895969294,4.062426341244393
frame_014,frame_010,14,10,40,-4,False,False,703,park bench,0.38892711902894495,0.944363307598147,0.739278256893158,0.26072174310684204,0.08928170704752295,3.959046648268865
frame_014,frame_011,14,11,40,-3,False,False,222,kuvasz,0.2703176342018784,1.308157588457111,0.6376515626907349,0.36234843730926514,0.08151279982403448,3.931010152932601
frame_014,frame_012,14,12,40,-2,False,False,690,oxcart,0.421658590279765,0.8635593201587799,0.6900156736373901,0.30998432636260986,0.07465744060590378,3.9698139805215344
frame_014,frame_013,14,13,40,-1,False,False,690,oxcart,0.39483270157266154,0.9292931441219272,0.6700178384780884,0.3299821615219116,0.0844644893362988,3.9119467098219802
frame_014,frame_015,14,15,40,1,False,False,843,swing,0.351927220507864,1.04433088468266,0.6886241436004639,0.31137585639953613,0.12732003691114804,3.790156825709821
frame_014,frame_016,14,16,40,2,False,False,222,kuvasz,0.35978977039320925,1.0222353892395075,0.6288051605224609,0.37119483947753906,0.08487741943355442,3.8226039610767755
frame_014,frame_017,14,17,40,3,False,False,843,swing,0.465463319442676,0.7647219835594958,0.7372304201126099,0.26276957988739014,0.07598631288372455,3.8690965991929307
frame_014,frame_018,14,18,40,4,False,False,703,park bench,0.34773259659803724,1.05632149515906,0.7380357980728149,0.26196420192718506,0.08007011347934018,3.8286861474317444
frame_014,frame_019,14,19,40,5,False,True,981,"ballplayer, baseball player",0.23748308377089847,1.4376588842719453,0.6011539697647095,0.3988460302352905,0.14442960946742522,3.7787371885594507
frame_014,frame_000,14,0,50,-14,False,False,427,"barrel, cask",0.877973539519948,0.13013882302217142,0.926745593547821,0.07325440645217896,0.05802608646947009,4.490749938065923
frame_014,frame_001,14,1,50,-13,False,False,427,"barrel, cask",0.9447233653215501,0.056863129453150946,0.9593470096588135,0.04065299034118652,0.05049797778008582,4.588068639303977
frame_014,frame_002,14,2,50,-12,True,False,427,"barrel, cask",0.9619071580828116,0.038837342243176365,0.9688401222229004,0.03115987777709961,0.052361275817493474,4.580730834015905
frame_014,frame_003,14,3,50,-11,False,False,427,"barrel, cask",0.5904406334883159,0.5268861844050421,0.7975770831108093,0.20242291688919067,0.04035589430943802,4.628265265099564
frame_014,frame_004,14,4,50,-10,False,False,427,"barrel, cask",0.6555910333947852,0.4222181091511037,0.7877044677734375,0.2122955322265625,0.0534799345386597,4.528830306860596
frame_014,frame_005,14,5,50,-9,False,False,703,park bench,0.2513912086280829,1.3807449530950286,0.6522414684295654,0.34775853157043457,0.10230745526415375,4.358764195598203
frame_014,frame_006,14,6,50,-8,False,False,703,park bench,0.7032774514778305,0.35200379721180397,0.8025108575820923,0.19748914241790771,0.06161644963784692,4.446770830969041
frame_014,frame_007,14,7,50,-7,False,False,703,park bench,0.9541331939073247,0.04695200102423547,0.9567227959632874,0.043277204036712646,0.05948362780151425,4.485103927505656
frame_014,frame_008,14,8,50,-6,False,False,703,park bench,0.7722811333204355,0.25840663291619936,0.8384786248207092,0.16152137517929077,0.06759449813589583,4.390324623982096
frame_014,frame_009,14,9,50,-5,False,False,703,park bench,0.7165143125825502,0.3333570562224937,0.8198736310005188,0.1801263689994812,0.08015256435367003,4.425488444454567
frame_014,frame_010,14,10,50,-4,False,False,427,"barrel, cask",0.42567100101679517,0.8540885291712046,0.789038896560669,0.21096110343933105,0.10081281377449162,4.318269063402291
frame_014,frame_011,14,11,50,-3,False,True,427,"barrel, cask",0.22399450373154114,1.496133764340895,0.634406328201294,0.36559367179870605,0.11279016746175678,4.228747416557541
frame_014,frame_012,14,12,50,-2,False,False,690,oxcart,0.4809484035543464,0.731995283747902,0.7106359004974365,0.2893640995025635,0.10027520330054848,4.232525805917617
frame_014,frame_013,14,13,50,-1,False,False,690,oxcart,0.41621973373445087,0.8765419520801778,0.6644651889801025,0.33553481101989746,0.10535459253653649,4.234765780251847
frame_014,frame_015,14,15,50,1,False,False,222,kuvasz,0.37394624614705874,0.9836432187768249,0.6630699634552002,0.3369300365447998,0.05832017957359636,4.490570168489636
frame_014,frame_016,14,16,50,2,False,False,222,kuvasz,0.3826220880176469,0.9607074922841763,0.6751923561096191,0.32480764389038086,0.07444640430924296,4.29367526095346
frame_014,frame_017,14,17,50,3,False,False,981,"ballplayer, baseball player",0.3503223073078416,1.0489016702243124,0.6588466763496399,0.3411533236503601,0.05593664925275362,4.385992406428361
frame_014,frame_018,14,18,50,4,False,False,981,"ballplayer, baseball player",0.6193099274988259,0.47914944097311807,0.775102436542511,0.224897563457489,0.05400042017765506,4.335761876641998
frame_014,frame_019,14,19,50,5,False,False,981,"ballplayer, baseball player",0.5930573633686697,0.5224641504829792,0.74164879322052,0.25835120677948,0.06503346535217314,4.312537722961976
frame_015,frame_000,15,0,5,-15,False,False,456,bow,0.43312333593265034,0.8367327510478888,0.6391266584396362,0.36087334156036377,0.03216993045074096,5.1127389084596455
frame_015,frame_001,15,1,5,-14,True,False,456,bow,0.47302165265640733,0.7486141142516787,0.6509323120117188,0.34906768798828125,0.029493317310003264,5.1507647291529395
frame_015,frame_002,15,2,5,-13,False,False,456,bow,0.34248961790837107,1.0715139344155844,0.6339419484138489,0.3660580515861511,0.0323611119120955,5.162301620717399
frame_015,frame_003,15,3,5,-12,False,False,876,"tub, vat",0.2894853052241593,1.239650742413994,0.6179662942886353,0.38203370571136475,0.022873820946351098,5.189872182467651
frame_015,frame_004,15,4,5,-11,False,False,703,park bench,0.12447271003198798,2.0836687836346623,0.50589919090271,0.49410080909729004,0.022958909880330728,5.1709769788327415
frame_015,frame_005,15,5,5,-10,False,False,703,park bench,0.1708068641234378,1.767221810358853,0.5286301374435425,0.4713698625564575,0.026428964343733447,5.175698673304972
frame_015,frame_006,15,6,5,-9,False,False,703,park bench,0.22499785877332026,1.4916643933860207,0.5607644319534302,0.4392355680465698,0.021952451976404514,5.237602224439206
frame_015,frame_007,15,7,5,-8,False,False,703,park bench,0.19880804362746432,1.6154155246754456,0.5988924503326416,0.4011075496673584,0.023246379295082022,5.232231379196031
frame_015,frame_008,15,8,5,-7,False,False,416,"balance beam, beam",0.2845190384197903,1.2569551087802369,0.645402193069458,0.354597806930542,0.025471603648304694,5.200025052028416
frame_015,frame_009,15,9,5,-6,False,False,981,"ballplayer, baseball player",0.20703415377156717,1.5748715052612499,0.5838593244552612,0.41614067554473877,0.022712093052371027,5.178702008935338
frame_015,frame_010,15,10,5,-5,False,False,416,"balance beam, beam",0.16186603212131184,1.8209862480857568,0.5364500284194946,0.46354997158050537,0.026347486228187264,5.149606444542702
frame_015,frame_011,15,11,5,-4,False,False,416,"balance beam, beam",0.13344365491278773,2.014075950812837,0.5108722448348999,0.4891277551651001,0.02696252970621212,5.10384125690019
frame_015,frame_012,15,12,5,-3,False,False,345,ox,0.19142987764407085,1.6532337116019704,0.5002516508102417,0.4997483491897583,0.024346737476164046,5.097870168451902
frame_015,frame_013,15,13,5,-2,False,True,690,oxcart,0.15665107543315565,1.8537343964102106,0.4997352957725525,0.5002647042274475,0.029673756930745806,5.100112193282936
frame_015,frame_014,15,14,5,-1,False,False,690,oxcart,0.16305512448976886,1.81366694829393,0.5505906939506531,0.4494093060493469,0.027154423150518154,5.120596234312205
frame_015,frame_016,15,16,5,1,False,False,981,"ballplayer, baseball player",0.22552440060475004,1.4893269192203746,0.5261799097061157,0.4738200902938843,0.02489511721539794,5.103935173248741
frame_015,frame_017,15,17,5,2,False,False,981,"ballplayer, baseball player",0.36507083837026255,1.0076638665035444,0.6252011060714722,0.37479889392852783,0.023806654514734835,5.153071412322593
frame_015,frame_018,15,18,5,3,False,False,981,"ballplayer, baseball player",0.2817875012678983,1.266602033702402,0.609499454498291,0.390500545501709,0.024788819025737145,5.1214799336800985
frame_015,frame_019,15,19,5,4,False,False,981,"ballplayer, baseball player",0.15543259279802593,1.8615431281748402,0.5086660981178284,0.49133390188217163,0.023116025883638144,5.107611297691073
frame_015,frame_000,15,0,10,-15,False,False,427,"barrel, cask",0.5555055482723771,0.5878766820632633,0.75243079662323,0.24756920337677002,0.059170007707060754,4.612691814632419
frame_015,frame_001,15,1,10,-14,False,False,690,oxcart,0.36043536457358255,1.0204426321641424,0.7167479395866394,0.2832520604133606,0.06870399420195077,4.697463735987492
frame_015,frame_002,15,2,10,-13,False,False,690,oxcart,0.48120132604231425,0.7314695391865027,0.7570929527282715,0.24290704727172852,0.07946789194015075,4.694334828987484
frame_015,frame_003,15,3,10,-12,False,False,690,oxcart,0.5536868978859183,0.5911559182724151,0.7869836688041687,0.2130163311958313,0.08903917001616865,4.713130108807151
frame_015,frame_004,15,4,10,-11,False,False,703,park bench,0.39546477187635276,0.9276935681149259,0.7133579850196838,0.28664201498031616,0.04849995606899918,4.723018987962504
frame_015,frame_005,15,5,10,-10,False,False,703,park bench,0.6270799992971713,0.46668115590260273,0.76422119140625,0.23577880859375,0.04972970511366531,4.791691598400189
frame_015,frame_006,15,6,10,-9,False,False,703,park bench,0.7883311436414076,0.23783704434996422,0.8523095846176147,0.14769041538238525,0.040464967768248226,4.818907549655494
frame_015,frame_007,15,7,10,-8,True,False,703,park bench,0.7395081918570741,0.301769919330672,0.87115478515625,0.12884521484375,0.048847802014016534,4.746207204353505
frame_015,frame_008,15,8,10,-7,False,False,416,"balance beam, beam",0.720351137407092,0.3280164950113815,0.8428562879562378,0.1571437120437622,0.06138325975176047,4.667831963338577
frame_015,frame_009,15,9,10,-6,False,False,703,park bench,0.490875779716257,0.7115641776640239,0.7742506265640259,0.22574937343597412,0.05244303885834204,4.725870595010149
frame_015,frame_010,15,10,10,-5,False,False,703,park bench,0.42539440696669284,0.8547385240064921,0.6992111802101135,0.3007888197898865,0.07521752931316136,4.699845414535202
frame_015,frame_011,15,11,10,-4,False,False,690,oxcart,0.23235334948826275,1.4594960078534722,0.6690607070922852,0.33093929290771484,0.06001728469457073,4.6848885484321965
frame_015,frame_012,15,12,10,-3,False,False,690,oxcart,0.4837669694199472,0.7261519563491123,0.7841253280639648,0.21587467193603516,0.06093259924996159,4.64172283306549
frame_015,frame_013,15,13,10,-2,False,False,690,oxcart,0.5600950417845953,0.5796487921808313,0.8534557819366455,0.1465442180633545,0.07695216054685575,4.488201514129276
frame_015,frame_014,15,14,10,-1,False,False,690,oxcart,0.7243847242460452,0.3224326406523659,0.8649649024009705,0.13503509759902954,0.04559066163951829,4.721380602792661
frame_015,frame_016,15,16,10,1,False,True,690,oxcart,0.1968575610437108,1.6252748521511713,0.5906793475151062,0.4093206524848938,0.07007996799555175,4.552995723050447
frame_015,frame_017,15,17,10,2,False,False,416,"balance beam, beam",0.5031906537165381,0.6867861474636735,0.759023129940033,0.24097687005996704,0.04958746316506459,4.589912230241584
frame_015,frame_018,15,18,10,3,False,False,416,"balance beam, beam",0.7453845880096326,0.2938549682848457,0.8499241471290588,0.15007585287094116,0.07210631070131181,4.4582975211899125
frame_015,frame_019,15,19,10,4,False,False,416,"balance beam, beam",0.3812720147632116,0.9642422090864048,0.6765185594558716,0.3234814405441284,0.06233210437207802,4.5097447545441085
frame_015,frame_000,15,0,20,-15,False,False,427,"barrel, cask",0.8954357929792834,0.11044475968420309,0.9076558351516724,0.09234416484832764,0.04015681858013842,5.074398244305701
frame_015,frame_001,15,1,20,-14,True,False,427,"barrel, cask",0.9226520650348795,0.08050307650588806,0.9323467016220093,0.06765329837799072,0.02312545282363496,5.233226776698377
frame_015,frame_002,15,2,20,-13,False,False,427,"barrel, cask",0.9275325115483121,0.07522743223260764,0.9323031306266785,0.06769686937332153,0.02660580326207079,5.2242715481491295
frame_015,frame_003,15,3,20,-12,False,False,427,"barrel, cask",0.6477663516166937,0.43422521614306797,0.7525835037231445,0.24741649627685547,0.0309447328085862,5.237397510824965
frame_015,frame_004,15,4,20,-11,False,False,427,"barrel, cask",0.6734745306327188,0.39530510027926646,0.7407971620559692,0.25920283794403076,0.03814508753966897,5.270599957920525
frame_015,frame_005,15,5,20,-10,False,False,427,"barrel, cask",0.3503245719229348,1.0488952058692702,0.5841547250747681,0.41584527492523193,0.02760848726813148,5.295636265586383
frame_015,frame_006,15,6,20,-9,False,False,703,park bench,0.1421939244334909,1.9505634880286338,0.5318683385848999,0.4681316614151001,0.02926892454059943,5.290608743424887
frame_015,frame_007,15,7,20,-8,False,False,703,park bench,0.3152200492584619,1.1544843149678234,0.5959129333496094,0.4040870666503906,0.02888602593913832,5.263618267064811
frame_015,frame_008,15,8,20,-7,False,False,830,stretcher,0.3415922932660227,1.0741373780188734,0.5705919861793518,0.4294080138206482,0.030783600699781054,5.2317029452948915
frame_015,frame_009,15,9,20,-6,False,False,830,stretcher,0.21735227110603952,1.5262358725288214,0.536159873008728,0.463840126991272,0.02450264652268964,5.253998430925657
frame_015,frame_010,15,10,20,-5,False,False,830,stretcher,0.19433218300851957,1.638186300655938,0.5399535894393921,0.4600464105606079,0.023060154449914466,5.2644744204030465
frame_015,frame_011,15,11,20,-4,False,False,830,stretcher,0.20984301991346926,1.5613955520217893,0.5314674973487854,0.4685325026512146,0.03515559458142114,5.182444283038348
frame_015,frame_012,15,12,20,-3,False,False,690,oxcart,0.37735284050914936,0.9745746127609762,0.6293631792068481,0.37063682079315186,0.029692754442526587,5.209445516102064
frame_015,frame_013,15,13,20,-2,False,False,690,oxcart,0.3725944640656689,0.987264678505086,0.5941082239151001,0.4058917760848999,0.03468452443143738,5.160340136448738
frame_015,frame_014,15,14,20,-1,False,False,690,oxcart,0.6223968934328593,0.4741772974015246,0.7349047064781189,0.2650952935218811,0.028371839069413873,5.1639309368989625
frame_015,frame_016,15,16,20,1,False,False,267,standard poodle,0.28539678164675575,1.2538748506436423,0.5607526302337646,0.43924736976623535,0.027879968815172986,5.154479737173094
frame_015,frame_017,15,17,20,2,False,False,981,"ballplayer, baseball player",0.20170281151320996,1.600959895035282,0.5408183336257935,0.45918166637420654,0.02749285089095709,5.12317263512793
frame_015,frame_018,15,18,20,3,False,False,981,"ballplayer, baseball player",0.4398558393094884,0.8213082436878452,0.641482949256897,0.358517050743103,0.039276058953592166,5.100532375519962
frame_015,frame_019,15,19,20,4,False,True,249,"malamute, malemute, Alaskan malamute",0.11542748678663599,2.1591127662109346,0.46729743480682373,0.5327025651931763,0.05569480612509179,5.0718767814438195
frame_015,frame_000,15,0,30,-15,False,False,427,"barrel, cask",0.8937867294733715,0.1122880899040718,0.9170268177986145,0.0829731822013855,0.044980705289347014,5.020131554387783
frame_015,frame_001,15,1,30,-14,False,False,427,"barrel, cask",0.965317349870361,0.035298371736452505,0.9677907824516296,0.03220921754837036,0.027794016471015415,5.058862932093996
frame_015,frame_002,15,2,30,-13,True,False,427,"barrel, cask",0.9727020487545943,0.027677462853594736,0.9727835059165955,0.02721649408340454,0.03441534536526688,5.04940116896287
frame_015,frame_003,15,3,30,-12,False,False,427,"barrel, cask",0.6939780721403112,0.36531491531411664,0.791993260383606,0.20800673961639404,0.029275590658027317,5.082500668213903
frame_015,frame_004,15,4,30,-11,False,False,427,"barrel, cask",0.6422693386885417,0.44274753260305033,0.7517197728157043,0.24828022718429565,0.03146792097787979,5.093741194041403
frame_015,frame_005,15,5,30,-10,False,False,427,"barrel, cask",0.32735099955959934,1.1167222906107743,0.6224814653396606,0.37751853466033936,0.04320472121207555,5.083697362009207
frame_015,frame_006,15,6,30,-9,False,False,703,park bench,0.5401526027666304,0.6159035816310481,0.7071157097816467,0.29288429021835327,0.04935389370739272,5.08595971651371
frame_015,frame_007,15,7,30,-8,False,False,703,park bench,0.7990845027565503,0.22428857816162928,0.8602330684661865,0.13976693153381348,0.04619658778272678,5.056754626214173
frame_015,frame_008,15,8,30,-7,False,False,703,park bench,0.47096688438309137,0.7529674966029356,0.7220920324325562,0.27790796756744385,0.04212854083472907,5.03305366004653
frame_015,frame_009,15,9,30,-6,False,False,703,park bench,0.3445164572737345,1.0656134181927115,0.6360412240028381,0.36395877599716187,0.036402381851327686,5.019623748162886
frame_015,frame_010,15,10,30,-5,False,False,176,"Saluki, gazelle hound",0.281424477931012,1.267891151834002,0.6502265334129333,0.34977346658706665,0.0395654026529929,4.94435220111091
frame_015,frame_011,15,11,30,-4,False,False,176,"Saluki, gazelle hound",0.3823971122758231,0.9612956494133647,0.6414053440093994,0.3585946559906006,0.03534905563142921,5.04475542966201
frame_015,frame_012,15,12,30,-3,False,False,176,"Saluki, gazelle hound",0.6698543906749088,0.40069491756701847,0.8023284673690796,0.1976715326309204,0.03355276490361129,5.0510517743510315
frame_015,frame_013,15,13,30,-2,False,False,690,oxcart,0.24579292959325683,1.4032658471408244,0.6328157186508179,0.36718428134918213,0.02604704338532761,5.0627071783322934
frame_015,frame_014,15,14,30,-1,False,False,690,oxcart,0.4490198782689784,0.8006881199058897,0.7439985871315002,0.25600141286849976,0.03739884022456531,5.066253899266721
frame_015,frame_016,15,16,30,1,False,True,267,standard poodle,0.18456334728101964,1.689762528734617,0.5606030225753784,0.4393969774246216,0.04570502778899536,4.981305226444201
frame_015,frame_017,15,17,30,2,False,False,703,park bench,0.3271551318097337,1.1173208113772732,0.612591028213501,0.387408971786499,0.042854667188292464,5.030971051049359
frame_015,frame_018,15,18,30,3,False,False,981,"ballplayer, baseball player",0.34507627048911826,1.0639898125025047,0.6872057914733887,0.31279420852661133,0.061478315719270656,5.023235456592004
frame_015,frame_019,15,19,30,4,False,False,176,"Saluki, gazelle hound",0.5443214211241456,0.6082153589532657,0.6933525204658508,0.30664747953414917,0.07958660481095188,5.013129401633584
frame_015,frame_000,15,0,40,-15,False,False,427,"barrel, cask",0.9535190879144683,0.04759583535392087,0.9621262550354004,0.03787374496459961,0.10363124974410784,3.8500789490695855
frame_015,frame_001,15,1,40,-14,False,False,427,"barrel, cask",0.9646765251657854,0.035962440919690974,0.9700115323066711,0.029988467693328857,0.08601689830581714,3.829053361698263
frame_015,frame_002,15,2,40,-13,True,False,427,"barrel, cask",0.9834961835913146,0.01664152159642951,0.9839980602264404,0.01600193977355957,0.08636413401536804,3.896308438003804
frame_015,frame_003,15,3,40,-12,False,False,427,"barrel, cask",0.7909713755103226,0.23449349959326637,0.8539729714393616,0.14602702856063843,0.099189899625523,3.8839215263899707
frame_015,frame_004,15,4,40,-11,False,False,427,"barrel, cask",0.8676305686517489,0.14198926707270942,0.890394389629364,0.10960561037063599,0.08834424620332856,3.9801761312112447
frame_015,frame_005,15,5,40,-10,False,False,427,"barrel, cask",0.4269151663273401,0.8511699591982111,0.6990329027175903,0.30096709728240967,0.09217949793952444,3.9987209409201565
frame_015,frame_006,15,6,40,-9,False,False,703,park bench,0.6192450100444903,0.4792542687081296,0.7874075770378113,0.21259242296218872,0.05924558287966118,4.047248640030256
frame_015,frame_007,15,7,40,-8,False,False,703,park bench,0.9129815552287893,0.09103960096934527,0.9291031956672668,0.07089680433273315,0.0729463099829036,4.000194291467678
frame_015,frame_008,15,8,40,-7,False,False,703,park bench,0.6998718311893983,0.35685805900413214,0.7908145189285278,0.20918548107147217,0.0769350387343836,4.015686223299176
frame_015,frame_009,15,9,40,-6,False,False,703,park bench,0.5638385913804654,0.5729872539385905,0.7622135281562805,0.23778647184371948,0.07475468656698618,4.090575541041432
frame_015,frame_010,15,10,40,-5,False,False,703,park bench,0.38892711902894495,0.944363307598147,0.739278256893158,0.26072174310684204,0.09498766093660362,3.9806526414062793
frame_015,frame_011,15,11,40,-4,False,False,222,kuvasz,0.2703176342018784,1.308157588457111,0.6376515626907349,0.36234843730926514,0.08533490341792119,3.948181140458356
frame_015,frame_012,15,12,40,-3,False,False,690,oxcart,0.421658590279765,0.8635593201587799,0.6900156736373901,0.30998432636260986,0.06869077677823143,3.994587264608729
frame_015,frame_013,15,13,40,-2,False,False,690,oxcart,0.39483270157266154,0.9292931441219272,0.6700178384780884,0.3299821615219116,0.09379301015467874,3.9064489258971093
frame_015,frame_014,15,14,40,-1,False,False,690,oxcart,0.7238691531487176,0.32314463062478005,0.8083404302597046,0.1916595697402954,0.07829615485873861,4.003852164329793
frame_015,frame_016,15,16,40,1,False,False,222,kuvasz,0.35978977039320925,1.0222353892395075,0.6288051605224609,0.37119483947753906,0.08025326575250512,3.8537303668371785
frame_015,frame_017,15,17,40,2,False,False,843,swing,0.465463319442676,0.7647219835594958,0.7372304201126099,0.26276957988739014,0.07652025785915499,3.8922185880930282
frame_015,frame_018,15,18,40,3,False,False,703,park bench,0.34773259659803724,1.05632149515906,0.7380357980728149,0.26196420192718506,0.08595004493708872,3.855507297184183
frame_015,frame_019,15,19,40,4,False,True,981,"ballplayer, baseball player",0.23748308377089847,1.4376588842719453,0.6011539697647095,0.3988460302352905,0.14677863088913623,3.7992248984740455
frame_015,frame_000,15,0,50,-15,False,False,427,"barrel, cask",0.877973539519948,0.13013882302217142,0.926745593547821,0.07325440645217896,0.05349323169034873,4.561667468476155
frame_015,frame_001,15,1,50,-14,False,False,427,"barrel, cask",0.9447233653215501,0.056863129453150946,0.9593470096588135,0.04065299034118652,0.04873676530599274,4.62688105929786
frame_015,frame_002,15,2,50,-13,True,False,427,"barrel, cask",0.9619071580828116,0.038837342243176365,0.9688401222229004,0.03115987777709961,0.040805867907273335,4.631742550901671
frame_015,frame_003,15,3,50,-12,False,False,427,"barrel, cask",0.5904406334883159,0.5268861844050421,0.7975770831108093,0.20242291688919067,0.039439920697689305,4.655034077828766
frame_015,frame_004,15,4,50,-11,False,False,427,"barrel, cask",0.6555910333947852,0.4222181091511037,0.7877044677734375,0.2122955322265625,0.05893594754134306,4.560143574324373
frame_015,frame_005,15,5,50,-10,False,False,703,park bench,0.2513912086280829,1.3807449530950286,0.6522414684295654,0.34775853157043457,0.09318829209642514,4.378579934730601
frame_015,frame_006,15,6,50,-9,False,False,703,park bench,0.7032774514778305,0.35200379721180397,0.8025108575820923,0.19748914241790771,0.060270812447630225,4.488093515792956
frame_015,frame_007,15,7,50,-8,False,False,703,park bench,0.9541331939073247,0.04695200102423547,0.9567227959632874,0.043277204036712646,0.05478370920409321,4.527685136710614
frame_015,frame_008,15,8,50,-7,False,False,703,park bench,0.7722811333204355,0.25840663291619936,0.8384786248207092,0.16152137517929077,0.05809736792676648,4.427849154875991
frame_015,frame_009,15,9,50,-6,False,False,703,park bench,0.7165143125825502,0.3333570562224937,0.8198736310005188,0.1801263689994812,0.08024744640758279,4.440350614185336
frame_015,frame_010,15,10,50,-5,False,False,427,"barrel, cask",0.42567100101679517,0.8540885291712046,0.789038896560669,0.21096110343933105,0.09315707552622059,4.365883196074846
frame_015,frame_011,15,11,50,-4,False,True,427,"barrel, cask",0.22399450373154114,1.496133764340895,0.634406328201294,0.36559367179870605,0.11004101772393624,4.273365567225026
frame_015,frame_012,15,12,50,-3,False,False,690,oxcart,0.4809484035543464,0.731995283747902,0.7106359004974365,0.2893640995025635,0.09646770883875681,4.262439081804754
frame_015,frame_013,15,13,50,-2,False,False,690,oxcart,0.41621973373445087,0.8765419520801778,0.6644651889801025,0.33553481101989746,0.0834145557183524,4.28763524517065
frame_015,frame_014,15,14,50,-1,False,False,690,oxcart,0.7023813674851971,0.35327876394189506,0.8174905776977539,0.1825094223022461,0.08501185973631314,4.381551234306972
frame_015,frame_016,15,16,50,1,False,False,222,kuvasz,0.3826220880176469,0.9607074922841763,0.6751923561096191,0.32480764389038086,0.07411647441842974,4.31057469309224
frame_015,frame_017,15,17,50,2,False,False,981,"ballplayer, baseball player",0.3503223073078416,1.0489016702243124,0.6588466763496399,0.3411533236503601,0.05515557577064977,4.421012218698319
frame_015,frame_018,15,18,50,3,False,False,981,"ballplayer, baseball player",0.6193099274988259,0.47914944097311807,0.775102436542511,0.224897563457489,0.055220717677837275,4.372283820667548
frame_015,frame_019,15,19,50,4,False,False,981,"ballplayer, baseball player",0.5930573633686697,0.5224641504829792,0.74164879322052,0.25835120677948,0.0678429287086063,4.340827518929589
frame_016,frame_000,16,0,5,-16,False,False,456,bow,0.43312333593265034,0.8367327510478888,0.6391266584396362,0.36087334156036377,0.03349380953425691,5.103353207869596
frame_016,frame_001,16,1,5,-15,True,False,456,bow,0.47302165265640733,0.7486141142516787,0.6509323120117188,0.34906768798828125,0.030473473186248635,5.141399294629674
frame_016,frame_002,16,2,5,-14,False,False,456,bow,0.34248961790837107,1.0715139344155844,0.6339419484138489,0.3660580515861511,0.033357285401883076,5.152553458327565
frame_016,frame_003,16,3,5,-13,False,False,876,"tub, vat",0.2894853052241593,1.239650742413994,0.6179662942886353,0.38203370571136475,0.02427310994776123,5.180431587170862
frame_016,frame_004,16,4,5,-12,False,False,703,park bench,0.12447271003198798,2.0836687836346623,0.50589919090271,0.49410080909729004,0.023185724372879944,5.162181989099462
frame_016,frame_005,16,5,5,-11,False,False,703,park bench,0.1708068641234378,1.767221810358853,0.5286301374435425,0.4713698625564575,0.02598572715274358,5.168700728719866
frame_016,frame_006,16,6,5,-10,False,False,703,park bench,0.22499785877332026,1.4916643933860207,0.5607644319534302,0.4392355680465698,0.02172109688669349,5.23228020913527
frame_016,frame_007,16,7,5,-9,False,False,703,park bench,0.19880804362746432,1.6154155246754456,0.5988924503326416,0.4011075496673584,0.022799322315675594,5.226280052174544
frame_016,frame_008,16,8,5,-8,False,False,416,"balance beam, beam",0.2845190384197903,1.2569551087802369,0.645402193069458,0.354597806930542,0.024915409827020694,5.195869238727187
frame_016,frame_009,16,9,5,-7,False,False,981,"ballplayer, baseball player",0.20703415377156717,1.5748715052612499,0.5838593244552612,0.41614067554473877,0.02283805250375856,5.171681881871282
frame_016,frame_010,16,10,5,-6,False,False,416,"balance beam, beam",0.16186603212131184,1.8209862480857568,0.5364500284194946,0.46354997158050537,0.026594182641249655,5.14500505974831
frame_016,frame_011,16,11,5,-5,False,False,416,"balance beam, beam",0.13344365491278773,2.014075950812837,0.5108722448348999,0.4891277551651001,0.027061955935967934,5.096345561927567
frame_016,frame_012,16,12,5,-4,False,False,345,ox,0.19142987764407085,1.6532337116019704,0.5002516508102417,0.4997483491897583,0.024626735449922058,5.089964136516027
frame_016,frame_013,16,13,5,-3,False,True,690,oxcart,0.15665107543315565,1.8537343964102106,0.4997352957725525,0.5002647042274475,0.029923056687836576,5.089646597358723
frame_016,frame_014,16,14,5,-2,False,False,690,oxcart,0.16305512448976886,1.81366694829393,0.5505906939506531,0.4494093060493469,0.028006050545542917,5.112027139245051
frame_016,frame_015,16,15,5,-1,False,False,416,"balance beam, beam",0.22170583446314748,1.5064038457772089,0.5605427026748657,0.4394572973251343,0.02289066989260816,5.1368374621151025
frame_016,frame_017,16,17,5,1,False,False,981,"ballplayer, baseball player",0.36507083837026255,1.0076638665035444,0.6252011060714722,0.37479889392852783,0.023806836531583254,5.145594954736801
frame_016,frame_018,16,18,5,2,False,False,981,"ballplayer, baseball player",0.2817875012678983,1.266602033702402,0.609499454498291,0.390500545501709,0.026163154579235688,5.111896230583836
frame_016,frame_019,16,19,5,3,False,False,981,"ballplayer, baseball player",0.15543259279802593,1.8615431281748402,0.5086660981178284,0.49133390188217163,0.0243170908766178,5.100210480479664
frame_016,frame_000,16,0,10,-16,False,False,427,"barrel, cask",0.5555055482723771,0.5878766820632633,0.75243079662323,0.24756920337677002,0.06425952209665486,4.597582722977509
frame_016,frame_001,16,1,10,-15,False,False,690,oxcart,0.36043536457358255,1.0204426321641424,0.7167479395866394,0.2832520604133606,0.06937766545861428,4.680477188636153
frame_016,frame_002,16,2,10,-14,False,False,690,oxcart,0.48120132604231425,0.7314695391865027,0.7570929527282715,0.24290704727172852,0.07904545945554776,4.689375204121625
frame_016,frame_003,16,3,10,-13,False,False,690,oxcart,0.5536868978859183,0.5911559182724151,0.7869836688041687,0.2130163311958313,0.09003020739027268,4.700100669203458
frame_016,frame_004,16,4,10,-12,False,False,703,park bench,0.39546477187635276,0.9276935681149259,0.7133579850196838,0.28664201498031616,0.04905339306712526,4.723171570574411
frame_016,frame_005,16,5,10,-11,False,False,703,park bench,0.6270799992971713,0.46668115590260273,0.76422119140625,0.23577880859375,0.051169004652677645,4.797782369943489
frame_016,frame_006,16,6,10,-10,False,False,703,park bench,0.7883311436414076,0.23783704434996422,0.8523095846176147,0.14769041538238525,0.04130188029655059,4.814068451380528
frame_016,frame_007,16,7,10,-9,True,False,703,park bench,0.7395081918570741,0.301769919330672,0.87115478515625,0.12884521484375,0.050761785052046135,4.747675085462237
frame_016,frame_008,16,8,10,-8,False,False,416,"balance beam, beam",0.720351137407092,0.3280164950113815,0.8428562879562378,0.1571437120437622,0.05818252551262482,4.680429497283786
frame_016,frame_009,16,9,10,-7,False,False,703,park bench,0.490875779716257,0.7115641776640239,0.7742506265640259,0.22574937343597412,0.055811487591639695,4.7414603333464225
frame_016,frame_010,16,10,10,-6,False,False,703,park bench,0.42539440696669284,0.8547385240064921,0.6992111802101135,0.3007888197898865,0.07929874818058251,4.695498876143971
frame_016,frame_011,16,11,10,-5,False,True,690,oxcart,0.23235334948826275,1.4594960078534722,0.6690607070922852,0.33093929290771484,0.06369708391699537,4.68687427895674
frame_016,frame_012,16,12,10,-4,False,False,690,oxcart,0.4837669694199472,0.7261519563491123,0.7841253280639648,0.21587467193603516,0.054517650589263174,4.653354902726296
frame_016,frame_013,16,13,10,-3,False,False,690,oxcart,0.5600950417845953,0.5796487921808313,0.8534557819366455,0.1465442180633545,0.06916844592385839,4.504683828764209
frame_016,frame_014,16,14,10,-2,False,False,690,oxcart,0.7243847242460452,0.3224326406523659,0.8649649024009705,0.13503509759902954,0.04426223031419074,4.732200378722488
frame_016,frame_015,16,15,10,-1,False,False,416,"balance beam, beam",0.40240629916464027,0.9102930063314554,0.7076969146728516,0.29230308532714844,0.05148051323242979,4.717756957651009
frame_016,frame_017,16,17,10,1,False,False,416,"balance beam, beam",0.5031906537165381,0.6867861474636735,0.759023129940033,0.24097687005996704,0.052877291388840404,4.599719807078244
frame_016,frame_018,16,18,10,2,False,False,416,"balance beam, beam",0.7453845880096326,0.2938549682848457,0.8499241471290588,0.15007585287094116,0.06757877687253488,4.458691341122011
frame_016,frame_019,16,19,10,3,False,False,416,"balance beam, beam",0.3812720147632116,0.9642422090864048,0.6765185594558716,0.3234814405441284,0.06558135199232375,4.509522855482278
frame_016,frame_000,16,0,20,-16,False,False,427,"barrel, cask",0.8954357929792834,0.11044475968420309,0.9076558351516724,0.09234416484832764,0.03876360587118029,5.101498553734392
frame_016,frame_001,16,1,20,-15,True,False,427,"barrel, cask",0.9226520650348795,0.08050307650588806,0.9323467016220093,0.06765329837799072,0.020749131307161748,5.2520439284772245
frame_016,frame_002,16,2,20,-14,False,False,427,"barrel, cask",0.9275325115483121,0.07522743223260764,0.9323031306266785,0.06769686937332153,0.02667333108635075,5.236990640659458
frame_016,frame_003,16,3,20,-13,False,False,427,"barrel, cask",0.6477663516166937,0.43422521614306797,0.7525835037231445,0.24741649627685547,0.030848756590352657,5.25054368288334
frame_016,frame_004,16,4,20,-12,False,False,427,"barrel, cask",0.6734745306327188,0.39530510027926646,0.7407971620559692,0.25920283794403076,0.03698176138153951,5.281857391748163
frame_016,frame_005,16,5,20,-11,False,False,427,"barrel, cask",0.3503245719229348,1.0488952058692702,0.5841547250747681,0.41584527492523193,0.030707528485649716,5.304172332858136
frame_016,frame_006,16,6,20,-10,False,False,703,park bench,0.1421939244334909,1.9505634880286338,0.5318683385848999,0.4681316614151001,0.02535795251948311,5.310362273542697
frame_016,frame_007,16,7,20,-9,False,False,703,park bench,0.3152200492584619,1.1544843149678234,0.5959129333496094,0.4040870666503906,0.029082451101357015,5.277182606910507
frame_016,frame_008,16,8,20,-8,False,False,830,stretcher,0.3415922932660227,1.0741373780188734,0.5705919861793518,0.4294080138206482,0.03214880859187751,5.237737559020281
frame_016,frame_009,16,9,20,-7,False,False,830,stretcher,0.21735227110603952,1.5262358725288214,0.536159873008728,0.463840126991272,0.02680478073736174,5.268514260038265
frame_016,frame_010,16,10,20,-6,False,False,830,stretcher,0.19433218300851957,1.638186300655938,0.5399535894393921,0.4600464105606079,0.021173436247326524,5.275712597652929
frame_016,frame_011,16,11,20,-5,False,False,830,stretcher,0.20984301991346926,1.5613955520217893,0.5314674973487854,0.4685325026512146,0.03252148616643198,5.192171947904562
frame_016,frame_012,16,12,20,-4,False,False,690,oxcart,0.37735284050914936,0.9745746127609762,0.6293631792068481,0.37063682079315186,0.03097527288790678,5.225649162611409
frame_016,frame_013,16,13,20,-3,False,False,690,oxcart,0.3725944640656689,0.987264678505086,0.5941082239151001,0.4058917760848999,0.03699119790152714,5.173829417466873
frame_016,frame_014,16,14,20,-2,False,False,690,oxcart,0.6223968934328593,0.4741772974015246,0.7349047064781189,0.2650952935218811,0.027416363067780024,5.188875900079951
frame_016,frame_015,16,15,20,-1,False,False,830,stretcher,0.2252910860128961,1.4903619972938245,0.5289996266365051,0.4710003733634949,0.03509240566219637,5.220697910881104
frame_016,frame_017,16,17,20,1,False,False,981,"ballplayer, baseball player",0.20170281151320996,1.600959895035282,0.5408183336257935,0.45918166637420654,0.02986046338005806,5.134887337595447
frame_016,frame_018,16,18,20,2,False,False,981,"ballplayer, baseball player",0.4398558393094884,0.8213082436878452,0.641482949256897,0.358517050743103,0.043242648424011085,5.119318744741513
frame_016,frame_019,16,19,20,3,False,True,249,"malamute, malemute, Alaskan malamute",0.11542748678663599,2.1591127662109346,0.46729743480682373,0.5327025651931763,0.058752253956304554,5.090083043730763
frame_016,frame_000,16,0,30,-16,False,False,427,"barrel, cask",0.8937867294733715,0.1122880899040718,0.9170268177986145,0.0829731822013855,0.03713700634601149,5.054323460563242
frame_016,frame_001,16,1,30,-15,False,False,427,"barrel, cask",0.965317349870361,0.035298371736452505,0.9677907824516296,0.03220921754837036,0.028030911043616026,5.081321020431332
frame_016,frame_002,16,2,30,-14,True,False,427,"barrel, cask",0.9727020487545943,0.027677462853594736,0.9727835059165955,0.02721649408340454,0.031092471504438952,5.081286431316885
frame_016,frame_003,16,3,30,-13,False,False,427,"barrel, cask",0.6939780721403112,0.36531491531411664,0.791993260383606,0.20800673961639404,0.028949070124906696,5.1009648970621795
frame_016,frame_004,16,4,30,-12,False,False,427,"barrel, cask",0.6422693386885417,0.44274753260305033,0.7517197728157043,0.24828022718429565,0.026863221051075428,5.127160689241121
frame_016,frame_005,16,5,30,-11,False,False,427,"barrel, cask",0.32735099955959934,1.1167222906107743,0.6224814653396606,0.37751853466033936,0.03679075826023753,5.125224217829531
frame_016,frame_006,16,6,30,-10,False,False,703,park bench,0.5401526027666304,0.6159035816310481,0.7071157097816467,0.29288429021835327,0.04227256312071693,5.131629044663791
frame_016,frame_007,16,7,30,-9,False,False,703,park bench,0.7990845027565503,0.22428857816162928,0.8602330684661865,0.13976693153381348,0.03976467255007251,5.085204688354375
frame_016,frame_008,16,8,30,-8,False,False,703,park bench,0.47096688438309137,0.7529674966029356,0.7220920324325562,0.27790796756744385,0.03626361156094145,5.06355757867423
frame_016,frame_009,16,9,30,-7,False,False,703,park bench,0.3445164572737345,1.0656134181927115,0.6360412240028381,0.36395877599716187,0.03254508619589058,5.045659665020066
frame_016,frame_010,16,10,30,-6,False,False,176,"Saluki, gazelle hound",0.281424477931012,1.267891151834002,0.6502265334129333,0.34977346658706665,0.04007878896588906,4.973944206649875
frame_016,frame_011,16,11,30,-5,False,False,176,"Saluki, gazelle hound",0.3823971122758231,0.9612956494133647,0.6414053440093994,0.3585946559906006,0.03238654192761393,5.074765679566239
frame_016,frame_012,16,12,30,-4,False,False,176,"Saluki, gazelle hound",0.6698543906749088,0.40069491756701847,0.8023284673690796,0.1976715326309204,0.0313462543015133,5.086769736970801
frame_016,frame_013,16,13,30,-3,False,False,690,oxcart,0.24579292959325683,1.4032658471408244,0.6328157186508179,0.36718428134918213,0.02480937960491971,5.098950336860858
frame_016,frame_014,16,14,30,-2,False,False,690,oxcart,0.4490198782689784,0.8006881199058897,0.7439985871315002,0.25600141286849976,0.03642004126668843,5.094941293915511
frame_016,frame_015,16,15,30,-1,False,True,703,park bench,0.2243111806174123,1.4947209919866786,0.5595017671585083,0.4404982328414917,0.03947500209513086,5.086391476639838
frame_016,frame_017,16,17,30,1,False,False,703,park bench,0.3271551318097337,1.1173208113772732,0.612591028213501,0.387408971786499,0.0394328858517889,5.076193690322804
frame_016,frame_018,16,18,30,2,False,False,981,"ballplayer, baseball player",0.34507627048911826,1.0639898125025047,0.6872057914733887,0.31279420852661133,0.05252509588892501,5.067119693619546
frame_016,frame_019,16,19,30,3,False,False,176,"Saluki, gazelle hound",0.5443214211241456,0.6082153589532657,0.6933525204658508,0.30664747953414917,0.06962205383415912,5.0704195901769005
frame_016,frame_000,16,0,40,-16,False,False,427,"barrel, cask",0.9535190879144683,0.04759583535392087,0.9621262550354004,0.03787374496459961,0.10622625865078736,3.8202677467186668
frame_016,frame_001,16,1,40,-15,False,False,427,"barrel, cask",0.9646765251657854,0.035962440919690974,0.9700115323066711,0.029988467693328857,0.08550109548643879,3.8001492571793745
frame_016,frame_002,16,2,40,-14,True,False,427,"barrel, cask",0.9834961835913146,0.01664152159642951,0.9839980602264404,0.01600193977355957,0.0863658416063546,3.8542891189836475
frame_016,frame_003,16,3,40,-13,False,False,427,"barrel, cask",0.7909713755103226,0.23449349959326637,0.8539729714393616,0.14602702856063843,0.1007013853734522,3.850497947020776
frame_016,frame_004,16,4,40,-12,False,False,427,"barrel, cask",0.8676305686517489,0.14198926707270942,0.890394389629364,0.10960561037063599,0.09085074434754757,3.949212848044788
frame_016,frame_005,16,5,40,-11,False,False,427,"barrel, cask",0.4269151663273401,0.8511699591982111,0.6990329027175903,0.30096709728240967,0.09384216664033336,3.9761677980020713
frame_016,frame_006,16,6,40,-10,False,False,703,park bench,0.6192450100444903,0.4792542687081296,0.7874075770378113,0.21259242296218872,0.06296309123683039,4.015871455029552
frame_016,frame_007,16,7,40,-9,False,False,703,park bench,0.9129815552287893,0.09103960096934527,0.9291031956672668,0.07089680433273315,0.07781867551314058,3.962236722445569
frame_016,frame_008,16,8,40,-8,False,False,703,park bench,0.6998718311893983,0.35685805900413214,0.7908145189285278,0.20918548107147217,0.07927885598919392,3.9755215714403382
frame_016,frame_009,16,9,40,-7,False,False,703,park bench,0.5638385913804654,0.5729872539385905,0.7622135281562805,0.23778647184371948,0.07499716399339376,4.058901219219272
frame_016,frame_010,16,10,40,-6,False,False,703,park bench,0.38892711902894495,0.944363307598147,0.739278256893158,0.26072174310684204,0.09312936699272312,3.9481610312898954
frame_016,frame_011,16,11,40,-5,False,False,222,kuvasz,0.2703176342018784,1.308157588457111,0.6376515626907349,0.36234843730926514,0.08638610671038233,3.910405402753762
frame_016,frame_012,16,12,40,-4,False,False,690,oxcart,0.421658590279765,0.8635593201587799,0.6900156736373901,0.30998432636260986,0.07634768805965406,3.952936850927282
frame_016,frame_013,16,13,40,-3,False,False,690,oxcart,0.39483270157266154,0.9292931441219272,0.6700178384780884,0.3299821615219116,0.09992263295428642,3.8706120974911684
frame_016,frame_014,16,14,40,-2,False,False,690,oxcart,0.7238691531487176,0.32314463062478005,0.8083404302597046,0.1916595697402954,0.08385276675780705,3.9597647363308903
frame_016,frame_015,16,15,40,-1,False,False,843,swing,0.351927220507864,1.04433088468266,0.6886241436004639,0.31137585639953613,0.13709853360809138,3.767623696601138
frame_016,frame_017,16,17,40,1,False,False,843,swing,0.465463319442676,0.7647219835594958,0.7372304201126099,0.26276957988739014,0.08659663102193794,3.8561796674346214
frame_016,frame_018,16,18,40,2,False,False,703,park bench,0.34773259659803724,1.05632149515906,0.7380357980728149,0.26196420192718506,0.09505575907470643,3.8058491365192255
frame_016,frame_019,16,19,40,3,False,True,981,"ballplayer, baseball player",0.23748308377089847,1.4376588842719453,0.6011539697647095,0.3988460302352905,0.16709162309547704,3.7171112524958487
frame_016,frame_000,16,0,50,-16,False,False,427,"barrel, cask",0.877973539519948,0.13013882302217142,0.926745593547821,0.07325440645217896,0.05537549756210495,4.569361947420348
frame_016,frame_001,16,1,50,-15,False,False,427,"barrel, cask",0.9447233653215501,0.056863129453150946,0.9593470096588135,0.04065299034118652,0.04922251059348235,4.627809975789738
frame_016,frame_002,16,2,50,-14,True,False,427,"barrel, cask",0.9619071580828116,0.038837342243176365,0.9688401222229004,0.03115987777709961,0.04494960816860406,4.608311512929964
frame_016,frame_003,16,3,50,-13,False,False,427,"barrel, cask",0.5904406334883159,0.5268861844050421,0.7975770831108093,0.20242291688919067,0.041534099390129454,4.655943372203572
frame_016,frame_004,16,4,50,-12,False,False,427,"barrel, cask",0.6555910333947852,0.4222181091511037,0.7877044677734375,0.2122955322265625,0.058487501036137576,4.566534955034289
frame_016,frame_005,16,5,50,-11,False,False,703,park bench,0.2513912086280829,1.3807449530950286,0.6522414684295654,0.34775853157043457,0.09336730115210135,4.403750857523869
frame_016,frame_006,16,6,50,-10,False,False,703,park bench,0.7032774514778305,0.35200379721180397,0.8025108575820923,0.19748914241790771,0.06308132306923037,4.500265617910994
frame_016,frame_007,16,7,50,-9,False,False,703,park bench,0.9541331939073247,0.04695200102423547,0.9567227959632874,0.043277204036712646,0.05599332193662069,4.5237531904142925
frame_016,frame_008,16,8,50,-8,False,False,703,park bench,0.7722811333204355,0.25840663291619936,0.8384786248207092,0.16152137517929077,0.07628121618043995,4.413954824447523
frame_016,frame_009,16,9,50,-7,False,False,703,park bench,0.7165143125825502,0.3333570562224937,0.8198736310005188,0.1801263689994812,0.07401572180001785,4.4434451031701805
frame_016,frame_010,16,10,50,-6,False,False,427,"barrel, cask",0.42567100101679517,0.8540885291712046,0.789038896560669,0.21096110343933105,0.09208984875662525,4.351069488254844
frame_016,frame_011,16,11,50,-5,False,True,427,"barrel, cask",0.22399450373154114,1.496133764340895,0.634406328201294,0.36559367179870605,0.11391565258948089,4.274981756830925
frame_016,frame_012,16,12,50,-4,False,False,690,oxcart,0.4809484035543464,0.731995283747902,0.7106359004974365,0.2893640995025635,0.10252869032008434,4.266748299129224
frame_016,frame_013,16,13,50,-3,False,False,690,oxcart,0.41621973373445087,0.8765419520801778,0.6644651889801025,0.33553481101989746,0.0865602400037271,4.288452388304979
frame_016,frame_014,16,14,50,-2,False,False,690,oxcart,0.7023813674851971,0.35327876394189506,0.8174905776977539,0.1825094223022461,0.08819772912176356,4.382085451523163
frame_016,frame_015,16,15,50,-1,False,False,222,kuvasz,0.37394624614705874,0.9836432187768249,0.6630699634552002,0.3369300365447998,0.05989479663201062,4.523450476156037
frame_016,frame_017,16,17,50,1,False,False,981,"ballplayer, baseball player",0.3503223073078416,1.0489016702243124,0.6588466763496399,0.3411533236503601,0.056037160880964325,4.430469636090292
frame_016,frame_018,16,18,50,2,False,False,981,"ballplayer, baseball player",0.6193099274988259,0.47914944097311807,0.775102436542511,0.224897563457489,0.051803231646926344,4.374909189574596
frame_016,frame_019,16,19,50,3,False,False,981,"ballplayer, baseball player",0.5930573633686697,0.5224641504829792,0.74164879322052,0.25835120677948,0.06572866454939534,4.369650530872505
frame_017,frame_000,17,0,5,-17,False,False,456,bow,0.43312333593265034,0.8367327510478888,0.6391266584396362,0.36087334156036377,0.03057815351701372,5.1501122732251154
frame_017,frame_001,17,1,5,-16,True,False,456,bow,0.47302165265640733,0.7486141142516787,0.6509323120117188,0.34906768798828125,0.027970034576550378,5.188616362196566
frame_017,frame_002,17,2,5,-15,False,False,456,bow,0.34248961790837107,1.0715139344155844,0.6339419484138489,0.3660580515861511,0.030590759666945935,5.197921015098263
frame_017,frame_003,17,3,5,-14,False,False,876,"tub, vat",0.2894853052241593,1.239650742413994,0.6179662942886353,0.38203370571136475,0.022173630182123618,5.22983404437542
frame_017,frame_004,17,4,5,-13,False,False,703,park bench,0.12447271003198798,2.0836687836346623,0.50589919090271,0.49410080909729004,0.022470894960872033,5.210797334592558
frame_017,frame_005,17,5,5,-12,False,False,703,park bench,0.1708068641234378,1.767221810358853,0.5286301374435425,0.4713698625564575,0.026034515189547684,5.2127283149790395
frame_017,frame_006,17,6,5,-11,False,False,703,park bench,0.22499785877332026,1.4916643933860207,0.5607644319534302,0.4392355680465698,0.0219048804898314,5.27732310608968
frame_017,frame_007,17,7,5,-10,False,False,703,park bench,0.19880804362746432,1.6154155246754456,0.5988924503326416,0.4011075496673584,0.022887205344308978,5.270135754461274
frame_017,frame_008,17,8,5,-9,False,False,416,"balance beam, beam",0.2845190384197903,1.2569551087802369,0.645402193069458,0.354597806930542,0.02513072061605811,5.235224325463759
frame_017,frame_009,17,9,5,-8,False,False,981,"ballplayer, baseball player",0.20703415377156717,1.5748715052612499,0.5838593244552612,0.41614067554473877,0.022945592677012395,5.2087913400412456
frame_017,frame_010,17,10,5,-7,False,False,416,"balance beam, beam",0.16186603212131184,1.8209862480857568,0.5364500284194946,0.46354997158050537,0.026274794467816224,5.183068587002959
frame_017,frame_011,17,11,5,-6,False,False,416,"balance beam, beam",0.13344365491278773,2.014075950812837,0.5108722448348999,0.4891277551651001,0.026598237210465787,5.133849786346081
frame_017,frame_012,17,12,5,-5,False,False,345,ox,0.19142987764407085,1.6532337116019704,0.5002516508102417,0.4997483491897583,0.024171942683226776,5.129763105413051
frame_017,frame_013,17,13,5,-4,False,True,690,oxcart,0.15665107543315565,1.8537343964102106,0.4997352957725525,0.5002647042274475,0.027761813417852343,5.130958651965898
frame_017,frame_014,17,14,5,-3,False,False,690,oxcart,0.16305512448976886,1.81366694829393,0.5505906939506531,0.4494093060493469,0.02617205138308995,5.153688881343649
frame_017,frame_015,17,15,5,-2,False,False,416,"balance beam, beam",0.22170583446314748,1.5064038457772089,0.5605427026748657,0.4394572973251343,0.021288168046052054,5.171768640766178
frame_017,frame_016,17,16,5,-1,False,False,981,"ballplayer, baseball player",0.22552440060475004,1.4893269192203746,0.5261799097061157,0.4738200902938843,0.024347391175146962,5.133600175651661
frame_017,frame_018,17,18,5,1,False,False,981,"ballplayer, baseball player",0.2817875012678983,1.266602033702402,0.609499454498291,0.390500545501709,0.02470424230755183,5.148136761847734
frame_017,frame_019,17,19,5,2,False,False,981,"ballplayer, baseball player",0.15543259279802593,1.8615431281748402,0.5086660981178284,0.49133390188217163,0.023262305167680835,5.137799310586406
frame_017,frame_000,17,0,10,-17,False,False,427,"barrel, cask",0.5555055482723771,0.5878766820632633,0.75243079662323,0.24756920337677002,0.061186811592021134,4.6130059706975315
frame_017,frame_001,17,1,10,-16,False,False,690,oxcart,0.36043536457358255,1.0204426321641424,0.7167479395866394,0.2832520604133606,0.06671450425089002,4.716641948206754
frame_017,frame_002,17,2,10,-15,False,False,690,oxcart,0.48120132604231425,0.7314695391865027,0.7570929527282715,0.24290704727172852,0.0761730069699403,4.707771209071015
frame_017,frame_003,17,3,10,-14,False,False,690,oxcart,0.5536868978859183,0.5911559182724151,0.7869836688041687,0.2130163311958313,0.08876809468710384,4.7322102122154535
frame_017,frame_004,17,4,10,-13,False,False,703,park bench,0.39546477187635276,0.9276935681149259,0.7133579850196838,0.28664201498031616,0.049140836894859805,4.742786831293256
frame_017,frame_005,17,5,10,-12,False,False,703,park bench,0.6270799992971713,0.46668115590260273,0.76422119140625,0.23577880859375,0.05042911279136001,4.811732282370051
frame_017,frame_006,17,6,10,-11,False,False,703,park bench,0.7883311436414076,0.23783704434996422,0.8523095846176147,0.14769041538238525,0.04091386081175367,4.844021468354885
frame_017,frame_007,17,7,10,-10,True,False,703,park bench,0.7395081918570741,0.301769919330672,0.87115478515625,0.12884521484375,0.04831867769431547,4.764985908399839
frame_017,frame_008,17,8,10,-9,False,False,416,"balance beam, beam",0.720351137407092,0.3280164950113815,0.8428562879562378,0.1571437120437622,0.05912979310062665,4.672305829656619
frame_017,frame_009,17,9,10,-8,False,False,703,park bench,0.490875779716257,0.7115641776640239,0.7742506265640259,0.22574937343597412,0.058226648302318204,4.741939358117763
frame_017,frame_010,17,10,10,-7,False,False,703,park bench,0.42539440696669284,0.8547385240064921,0.6992111802101135,0.3007888197898865,0.08278651976806185,4.709159208422731
frame_017,frame_011,17,11,10,-6,False,False,690,oxcart,0.23235334948826275,1.4594960078534722,0.6690607070922852,0.33093929290771484,0.06544766652330453,4.685000933689954
frame_017,frame_012,17,12,10,-5,False,False,690,oxcart,0.4837669694199472,0.7261519563491123,0.7841253280639648,0.21587467193603516,0.05654574179720181,4.658377119465162
frame_017,frame_013,17,13,10,-4,False,False,690,oxcart,0.5600950417845953,0.5796487921808313,0.8534557819366455,0.1465442180633545,0.0800689477357378,4.490023889562857
frame_017,frame_014,17,14,10,-3,False,False,690,oxcart,0.7243847242460452,0.3224326406523659,0.8649649024009705,0.13503509759902954,0.046535775154766784,4.722683692122656
frame_017,frame_015,17,15,10,-2,False,False,416,"balance beam, beam",0.40240629916464027,0.9102930063314554,0.7076969146728516,0.29230308532714844,0.048953407091901824,4.712128443568882
frame_017,frame_016,17,16,10,-1,False,True,690,oxcart,0.1968575610437108,1.6252748521511713,0.5906793475151062,0.4093206524848938,0.064781651450899,4.552115692974636
frame_017,frame_018,17,18,10,1,False,False,416,"balance beam, beam",0.7453845880096326,0.2938549682848457,0.8499241471290588,0.15007585287094116,0.07161458575446067,4.463595728941178
frame_017,frame_019,17,19,10,2,False,False,416,"balance beam, beam",0.3812720147632116,0.9642422090864048,0.6765185594558716,0.3234814405441284,0.06375721986559953,4.511565038078741
frame_017,frame_000,17,0,20,-17,False,False,427,"barrel, cask",0.8954357929792834,0.11044475968420309,0.9076558351516724,0.09234416484832764,0.038405515641576925,5.092354560832668
frame_017,frame_001,17,1,20,-16,True,False,427,"barrel, cask",0.9226520650348795,0.08050307650588806,0.9323467016220093,0.06765329837799072,0.02166341648679136,5.244707759108651
frame_017,frame_002,17,2,20,-15,False,False,427,"barrel, cask",0.9275325115483121,0.07522743223260764,0.9323031306266785,0.06769686937332153,0.027932183795130603,5.231916029447554
frame_017,frame_003,17,3,20,-14,False,False,427,"barrel, cask",0.6477663516166937,0.43422521614306797,0.7525835037231445,0.24741649627685547,0.031340647572492164,5.252507797403105
frame_017,frame_004,17,4,20,-13,False,False,427,"barrel, cask",0.6734745306327188,0.39530510027926646,0.7407971620559692,0.25920283794403076,0.03714521248108108,5.281288788300148
frame_017,frame_005,17,5,20,-12,False,False,427,"barrel, cask",0.3503245719229348,1.0488952058692702,0.5841547250747681,0.41584527492523193,0.026193097364510066,5.308103769142268
frame_017,frame_006,17,6,20,-11,False,False,703,park bench,0.1421939244334909,1.9505634880286338,0.5318683385848999,0.4681316614151001,0.028139718134068868,5.30101969792005
frame_017,frame_007,17,7,20,-10,False,False,703,park bench,0.3152200492584619,1.1544843149678234,0.5959129333496094,0.4040870666503906,0.033493413969244414,5.278271592342985
frame_017,frame_008,17,8,20,-9,False,False,830,stretcher,0.3415922932660227,1.0741373780188734,0.5705919861793518,0.4294080138206482,0.03518747180181208,5.239529087316141
frame_017,frame_009,17,9,20,-8,False,False,830,stretcher,0.21735227110603952,1.5262358725288214,0.536159873008728,0.463840126991272,0.023183746403814213,5.260244616136328
frame_017,frame_010,17,10,20,-7,False,False,830,stretcher,0.19433218300851957,1.638186300655938,0.5399535894393921,0.4600464105606079,0.02337816679603234,5.26258320471971
frame_017,frame_011,17,11,20,-6,False,False,830,stretcher,0.20984301991346926,1.5613955520217893,0.5314674973487854,0.4685325026512146,0.035139206334247185,5.187481246479969
frame_017,frame_012,17,12,20,-5,False,False,690,oxcart,0.37735284050914936,0.9745746127609762,0.6293631792068481,0.37063682079315186,0.03276971350766493,5.2209300274121775
frame_017,frame_013,17,13,20,-4,False,False,690,oxcart,0.3725944640656689,0.987264678505086,0.5941082239151001,0.4058917760848999,0.03493222939894732,5.171945053201227
frame_017,frame_014,17,14,20,-3,False,False,690,oxcart,0.6223968934328593,0.4741772974015246,0.7349047064781189,0.2650952935218811,0.030967280482156627,5.1740519956625395
frame_017,frame_015,17,15,20,-2,False,False,830,stretcher,0.2252910860128961,1.4903619972938245,0.5289996266365051,0.4710003733634949,0.03898225751569591,5.203166705519722
frame_017,frame_016,17,16,20,-1,False,False,267,standard poodle,0.28539678164675575,1.2538748506436423,0.5607526302337646,0.43924736976623535,0.030284704655629234,5.1682871124866185
frame_017,frame_018,17,18,20,1,False,False,981,"ballplayer, baseball player",0.4398558393094884,0.8213082436878452,0.641482949256897,0.358517050743103,0.034966263640118976,5.135752216343915
frame_017,frame_019,17,19,20,2,False,True,249,"malamute, malemute, Alaskan malamute",0.11542748678663599,2.1591127662109346,0.46729743480682373,0.5327025651931763,0.048199471890587944,5.117185587667708
frame_017,frame_000,17,0,30,-17,False,False,427,"barrel, cask",0.8937867294733715,0.1122880899040718,0.9170268177986145,0.0829731822013855,0.04543290980434764,4.950487188927967
frame_017,frame_001,17,1,30,-16,False,False,427,"barrel, cask",0.965317349870361,0.035298371736452505,0.9677907824516296,0.03220921754837036,0.03340231644750134,5.00562151643255
frame_017,frame_002,17,2,30,-15,True,False,427,"barrel, cask",0.9727020487545943,0.027677462853594736,0.9727835059165955,0.02721649408340454,0.02882904808436917,4.999149699060144
frame_017,frame_003,17,3,30,-14,False,False,427,"barrel, cask",0.6939780721403112,0.36531491531411664,0.791993260383606,0.20800673961639404,0.03023007866283058,5.0343959498188555
frame_017,frame_004,17,4,30,-13,False,False,427,"barrel, cask",0.6422693386885417,0.44274753260305033,0.7517197728157043,0.24828022718429565,0.03250151508743277,5.055416184101634
frame_017,frame_005,17,5,30,-12,False,False,427,"barrel, cask",0.32735099955959934,1.1167222906107743,0.6224814653396606,0.37751853466033936,0.043979543873799244,5.051979109154882
frame_017,frame_006,17,6,30,-11,False,False,703,park bench,0.5401526027666304,0.6159035816310481,0.7071157097816467,0.29288429021835327,0.05112784503973636,5.049329444154121
frame_017,frame_007,17,7,30,-10,False,False,703,park bench,0.7990845027565503,0.22428857816162928,0.8602330684661865,0.13976693153381348,0.04690182566759019,5.009259488461783
frame_017,frame_008,17,8,30,-9,False,False,703,park bench,0.47096688438309137,0.7529674966029356,0.7220920324325562,0.27790796756744385,0.04145443434523867,4.992441307280034
frame_017,frame_009,17,9,30,-8,False,False,703,park bench,0.3445164572737345,1.0656134181927115,0.6360412240028381,0.36395877599716187,0.0373371649792882,4.979008220801399
frame_017,frame_010,17,10,30,-7,False,False,176,"Saluki, gazelle hound",0.281424477931012,1.267891151834002,0.6502265334129333,0.34977346658706665,0.04186734878083052,4.888768323988972
frame_017,frame_011,17,11,30,-6,False,False,176,"Saluki, gazelle hound",0.3823971122758231,0.9612956494133647,0.6414053440093994,0.3585946559906006,0.03706306947800197,4.992194463286449
frame_017,frame_012,17,12,30,-5,False,False,176,"Saluki, gazelle hound",0.6698543906749088,0.40069491756701847,0.8023284673690796,0.1976715326309204,0.03533898223847617,5.014238577131847
frame_017,frame_013,17,13,30,-4,False,False,690,oxcart,0.24579292959325683,1.4032658471408244,0.6328157186508179,0.36718428134918213,0.02800302201049306,5.018203610377456
frame_017,frame_014,17,14,30,-3,False,False,690,oxcart,0.4490198782689784,0.8006881199058897,0.7439985871315002,0.25600141286849976,0.04105836128561813,5.0326282217354725
frame_017,frame_015,17,15,30,-2,False,True,703,park bench,0.2243111806174123,1.4947209919866786,0.5595017671585083,0.4404982328414917,0.0484436558414483,5.018216031099214
frame_017,frame_016,17,16,30,-1,False,False,267,standard poodle,0.18456334728101964,1.689762528734617,0.5606030225753784,0.4393969774246216,0.048994731172411134,4.955165163271984
frame_017,frame_018,17,18,30,1,False,False,981,"ballplayer, baseball player",0.34507627048911826,1.0639898125025047,0.6872057914733887,0.31279420852661133,0.06874358638776244,4.9662679772715626
frame_017,frame_019,17,19,30,2,False,False,176,"Saluki, gazelle hound",0.5443214211241456,0.6082153589532657,0.6933525204658508,0.30664747953414917,0.08555249750278819,4.970956071258078
frame_017,frame_000,17,0,40,-17,False,False,427,"barrel, cask",0.9535190879144683,0.04759583535392087,0.9621262550354004,0.03787374496459961,0.11234122392192865,3.8294653962457588
frame_017,frame_001,17,1,40,-16,False,False,427,"barrel, cask",0.9646765251657854,0.035962440919690974,0.9700115323066711,0.029988467693328857,0.08005273311049665,3.8293522164030014
frame_017,frame_002,17,2,40,-15,True,False,427,"barrel, cask",0.9834961835913146,0.01664152159642951,0.9839980602264404,0.01600193977355957,0.08168150228497854,3.888353153415132
frame_017,frame_003,17,3,40,-14,False,False,427,"barrel, cask",0.7909713755103226,0.23449349959326637,0.8539729714393616,0.14602702856063843,0.09188459106068439,3.8861613528350762
frame_017,frame_004,17,4,40,-13,False,False,427,"barrel, cask",0.8676305686517489,0.14198926707270942,0.890394389629364,0.10960561037063599,0.08327019213767235,3.9568879972360627
frame_017,frame_005,17,5,40,-12,False,False,427,"barrel, cask",0.4269151663273401,0.8511699591982111,0.6990329027175903,0.30096709728240967,0.09293745397069152,3.988409472625843
frame_017,frame_006,17,6,40,-11,False,False,703,park bench,0.6192450100444903,0.4792542687081296,0.7874075770378113,0.21259242296218872,0.064490906886406,4.031514717507576
frame_017,frame_007,17,7,40,-10,False,False,703,park bench,0.9129815552287893,0.09103960096934527,0.9291031956672668,0.07089680433273315,0.08034949592925093,3.9672931875474156
frame_017,frame_008,17,8,40,-9,False,False,703,park bench,0.6998718311893983,0.35685805900413214,0.7908145189285278,0.20918548107147217,0.07907214797044725,3.9862426889426725
frame_017,frame_009,17,9,40,-8,False,False,703,park bench,0.5638385913804654,0.5729872539385905,0.7622135281562805,0.23778647184371948,0.06595837880706984,4.061551867424949
frame_017,frame_010,17,10,40,-7,False,False,703,park bench,0.38892711902894495,0.944363307598147,0.739278256893158,0.26072174310684204,0.08412630940136975,3.9513646515170864
frame_017,frame_011,17,11,40,-6,False,False,222,kuvasz,0.2703176342018784,1.308157588457111,0.6376515626907349,0.36234843730926514,0.07359873970312544,3.9127401076250172
frame_017,frame_012,17,12,40,-5,False,False,690,oxcart,0.421658590279765,0.8635593201587799,0.6900156736373901,0.30998432636260986,0.078105331739387,3.946591345202256
frame_017,frame_013,17,13,40,-4,False,False,690,oxcart,0.39483270157266154,0.9292931441219272,0.6700178384780884,0.3299821615219116,0.09216422416972905,3.88494916889006
frame_017,frame_014,17,14,40,-3,False,False,690,oxcart,0.7238691531487176,0.32314463062478005,0.8083404302597046,0.1916595697402954,0.07711085509547416,3.9825901150083425
frame_017,frame_015,17,15,40,-2,False,False,843,swing,0.351927220507864,1.04433088468266,0.6886241436004639,0.31137585639953613,0.12277875816378511,3.7782892106666637
frame_017,frame_016,17,16,40,-1,False,False,222,kuvasz,0.35978977039320925,1.0222353892395075,0.6288051605224609,0.37119483947753906,0.0898480948757885,3.8126724969289665
frame_017,frame_018,17,18,40,1,False,False,703,park bench,0.34773259659803724,1.05632149515906,0.7380357980728149,0.26196420192718506,0.08906510604425207,3.807133127892994
frame_017,frame_019,17,19,40,2,False,True,981,"ballplayer, baseball player",0.23748308377089847,1.4376588842719453,0.6011539697647095,0.3988460302352905,0.15587897903555745,3.750508931587766
frame_017,frame_000,17,0,50,-17,False,False,427,"barrel, cask",0.877973539519948,0.13013882302217142,0.926745593547821,0.07325440645217896,0.04828239976373934,4.599335181108637
frame_017,frame_001,17,1,50,-16,False,False,427,"barrel, cask",0.9447233653215501,0.056863129453150946,0.9593470096588135,0.04065299034118652,0.04185711932647287,4.668269181629064
frame_017,frame_002,17,2,50,-15,True,False,427,"barrel, cask",0.9619071580828116,0.038837342243176365,0.9688401222229004,0.03115987777709961,0.04456635531874384,4.650243485705502
frame_017,frame_003,17,3,50,-14,False,False,427,"barrel, cask",0.5904406334883159,0.5268861844050421,0.7975770831108093,0.20242291688919067,0.032614056236225236,4.706194581654129
frame_017,frame_004,17,4,50,-13,False,False,427,"barrel, cask",0.6555910333947852,0.4222181091511037,0.7877044677734375,0.2122955322265625,0.05038121957797774,4.650612636960412
frame_017,frame_005,17,5,50,-12,False,False,703,park bench,0.2513912086280829,1.3807449530950286,0.6522414684295654,0.34775853157043457,0.09118629000636255,4.456689286195106
frame_017,frame_006,17,6,50,-11,False,False,703,park bench,0.7032774514778305,0.35200379721180397,0.8025108575820923,0.19748914241790771,0.05645233759877846,4.553022979124874
frame_017,frame_007,17,7,50,-10,False,False,703,park bench,0.9541331939073247,0.04695200102423547,0.9567227959632874,0.043277204036712646,0.05359671233475591,4.538413345635504
frame_017,frame_008,17,8,50,-9,False,False,703,park bench,0.7722811333204355,0.25840663291619936,0.8384786248207092,0.16152137517929077,0.06307737627826913,4.438003929858899
frame_017,frame_009,17,9,50,-8,False,False,703,park bench,0.7165143125825502,0.3333570562224937,0.8198736310005188,0.1801263689994812,0.07981972305150553,4.425455699006858
frame_017,frame_010,17,10,50,-7,False,False,427,"barrel, cask",0.42567100101679517,0.8540885291712046,0.789038896560669,0.21096110343933105,0.09624896845503726,4.346520473487702
frame_017,frame_011,17,11,50,-6,False,True,427,"barrel, cask",0.22399450373154114,1.496133764340895,0.634406328201294,0.36559367179870605,0.1179546545197416,4.281334409511315
frame_017,frame_012,17,12,50,-5,False,False,690,oxcart,0.4809484035543464,0.731995283747902,0.7106359004974365,0.2893640995025635,0.10913112778854145,4.302340952022679
frame_017,frame_013,17,13,50,-4,False,False,690,oxcart,0.41621973373445087,0.8765419520801778,0.6644651889801025,0.33553481101989746,0.07461876338257657,4.3647832731413585
frame_017,frame_014,17,14,50,-3,False,False,690,oxcart,0.7023813674851971,0.35327876394189506,0.8174905776977539,0.1825094223022461,0.07442285097435494,4.452649917864799
frame_017,frame_015,17,15,50,-2,False,False,222,kuvasz,0.37394624614705874,0.9836432187768249,0.6630699634552002,0.3369300365447998,0.047353177917051105,4.532858540934916
frame_017,frame_016,17,16,50,-1,False,False,222,kuvasz,0.3826220880176469,0.9607074922841763,0.6751923561096191,0.32480764389038086,0.06823287784020045,4.355849986680022
frame_017,frame_018,17,18,50,1,False,False,981,"ballplayer, baseball player",0.6193099274988259,0.47914944097311807,0.775102436542511,0.224897563457489,0.04543659523581744,4.4283433249508235
frame_017,frame_019,17,19,50,2,False,False,981,"ballplayer, baseball player",0.5930573633686697,0.5224641504829792,0.74164879322052,0.25835120677948,0.06821704515074556,4.376553971062873
frame_018,frame_000,18,0,5,-18,False,False,456,bow,0.43312333593265034,0.8367327510478888,0.6391266584396362,0.36087334156036377,0.02800434296182205,5.172156085049674
frame_018,frame_001,18,1,5,-17,True,False,456,bow,0.47302165265640733,0.7486141142516787,0.6509323120117188,0.34906768798828125,0.025059532575438234,5.211636543259383
frame_018,frame_002,18,2,5,-16,False,False,456,bow,0.34248961790837107,1.0715139344155844,0.6339419484138489,0.3660580515861511,0.02751083594176431,5.219033698145948
frame_018,frame_003,18,3,5,-15,False,False,876,"tub, vat",0.2894853052241593,1.239650742413994,0.6179662942886353,0.38203370571136475,0.020628910420399247,5.243700056816923
frame_018,frame_004,18,4,5,-14,False,False,703,park bench,0.12447271003198798,2.0836687836346623,0.50589919090271,0.49410080909729004,0.02309999620941652,5.225600634243085
frame_018,frame_005,18,5,5,-13,False,False,703,park bench,0.1708068641234378,1.767221810358853,0.5286301374435425,0.4713698625564575,0.02488854142363333,5.226796744300746
frame_018,frame_006,18,6,5,-12,False,False,703,park bench,0.22499785877332026,1.4916643933860207,0.5607644319534302,0.4392355680465698,0.019913009034868232,5.289708008582268
frame_018,frame_007,18,7,5,-11,False,False,703,park bench,0.19880804362746432,1.6154155246754456,0.5988924503326416,0.4011075496673584,0.020989674926181024,5.281306464466162
frame_018,frame_008,18,8,5,-10,False,False,416,"balance beam, beam",0.2845190384197903,1.2569551087802369,0.645402193069458,0.354597806930542,0.023615800201580397,5.246153664346645
frame_018,frame_009,18,9,5,-9,False,False,981,"ballplayer, baseball player",0.20703415377156717,1.5748715052612499,0.5838593244552612,0.41614067554473877,0.021835861787611044,5.225102920268967
frame_018,frame_010,18,10,5,-8,False,False,416,"balance beam, beam",0.16186603212131184,1.8209862480857568,0.5364500284194946,0.46354997158050537,0.02521518584172852,5.201596759450715
frame_018,frame_011,18,11,5,-7,False,False,416,"balance beam, beam",0.13344365491278773,2.014075950812837,0.5108722448348999,0.4891277551651001,0.025938069903950877,5.154779155964015
frame_018,frame_012,18,12,5,-6,False,False,345,ox,0.19142987764407085,1.6532337116019704,0.5002516508102417,0.4997483491897583,0.02327794053631488,5.152104231132798
frame_018,frame_013,18,13,5,-5,False,True,690,oxcart,0.15665107543315565,1.8537343964102106,0.4997352957725525,0.5002647042274475,0.027819246416974003,5.1567193809398555
frame_018,frame_014,18,14,5,-4,False,False,690,oxcart,0.16305512448976886,1.81366694829393,0.5505906939506531,0.4494093060493469,0.025917079295704765,5.173248158499648
frame_018,frame_015,18,15,5,-3,False,False,416,"balance beam, beam",0.22170583446314748,1.5064038457772089,0.5605427026748657,0.4394572973251343,0.020471757424712654,5.189871222464238
frame_018,frame_016,18,16,5,-2,False,False,981,"ballplayer, baseball player",0.22552440060475004,1.4893269192203746,0.5261799097061157,0.4738200902938843,0.02243004548680919,5.155586352233398
frame_018,frame_017,18,17,5,-1,False,False,981,"ballplayer, baseball player",0.36507083837026255,1.0076638665035444,0.6252011060714722,0.37479889392852783,0.021383750889999487,5.201123290079554
frame_018,frame_019,18,19,5,1,False,False,981,"ballplayer, baseball player",0.15543259279802593,1.8615431281748402,0.5086660981178284,0.49133390188217163,0.022377701641559222,5.1527901440963495
frame_018,frame_000,18,0,10,-18,False,False,427,"barrel, cask",0.5555055482723771,0.5878766820632633,0.75243079662323,0.24756920337677002,0.05817334612540158,4.631218054790792
frame_018,frame_001,18,1,10,-17,False,False,690,oxcart,0.36043536457358255,1.0204426321641424,0.7167479395866394,0.2832520604133606,0.06293640392013483,4.740730747901719
frame_018,frame_002,18,2,10,-16,False,False,690,oxcart,0.48120132604231425,0.7314695391865027,0.7570929527282715,0.24290704727172852,0.07051059552235985,4.729654302895972
frame_018,frame_003,18,3,10,-15,False,False,690,oxcart,0.5536868978859183,0.5911559182724151,0.7869836688041687,0.2130163311958313,0.08103531664459673,4.763605727884418
frame_018,frame_004,18,4,10,-14,False,False,703,park bench,0.39546477187635276,0.9276935681149259,0.7133579850196838,0.28664201498031616,0.05193930913546613,4.7681618190445265
frame_018,frame_005,18,5,10,-13,False,False,703,park bench,0.6270799992971713,0.46668115590260273,0.76422119140625,0.23577880859375,0.046859077527708674,4.831702821252346
frame_018,frame_006,18,6,10,-12,False,False,703,park bench,0.7883311436414076,0.23783704434996422,0.8523095846176147,0.14769041538238525,0.039246358479953426,4.874846759286749
frame_018,frame_007,18,7,10,-11,True,False,703,park bench,0.7395081918570741,0.301769919330672,0.87115478515625,0.12884521484375,0.0440551089585379,4.791714534402963
frame_018,frame_008,18,8,10,-10,False,False,416,"balance beam, beam",0.720351137407092,0.3280164950113815,0.8428562879562378,0.1571437120437622,0.05415356518761233,4.707808063399732
frame_018,frame_009,18,9,10,-9,False,False,703,park bench,0.490875779716257,0.7115641776640239,0.7742506265640259,0.22574937343597412,0.05336876484335393,4.771147868677743
frame_018,frame_010,18,10,10,-8,False,False,703,park bench,0.42539440696669284,0.8547385240064921,0.6992111802101135,0.3007888197898865,0.07660258656657755,4.7462398539611375
frame_018,frame_011,18,11,10,-7,False,False,690,oxcart,0.23235334948826275,1.4594960078534722,0.6690607070922852,0.33093929290771484,0.06088478767260239,4.72097032986802
frame_018,frame_012,18,12,10,-6,False,False,690,oxcart,0.4837669694199472,0.7261519563491123,0.7841253280639648,0.21587467193603516,0.06020030855393001,4.671041277969007
frame_018,frame_013,18,13,10,-5,False,False,690,oxcart,0.5600950417845953,0.5796487921808313,0.8534557819366455,0.1465442180633545,0.0815555393496996,4.507330835454248
frame_018,frame_014,18,14,10,-4,False,False,690,oxcart,0.7243847242460452,0.3224326406523659,0.8649649024009705,0.13503509759902954,0.045939244633037155,4.743643808603079
frame_018,frame_015,18,15,10,-3,False,False,416,"balance beam, beam",0.40240629916464027,0.9102930063314554,0.7076969146728516,0.29230308532714844,0.04501847474271546,4.740856533623956
frame_018,frame_016,18,16,10,-2,False,True,690,oxcart,0.1968575610437108,1.6252748521511713,0.5906793475151062,0.4093206524848938,0.06844607555946741,4.579585341537128
frame_018,frame_017,18,17,10,-1,False,False,416,"balance beam, beam",0.5031906537165381,0.6867861474636735,0.759023129940033,0.24097687005996704,0.04831840760773226,4.618215412057265
frame_018,frame_019,18,19,10,1,False,False,416,"balance beam, beam",0.3812720147632116,0.9642422090864048,0.6765185594558716,0.3234814405441284,0.06952690257000142,4.53693408852964
frame_018,frame_000,18,0,20,-18,False,False,427,"barrel, cask",0.8954357929792834,0.11044475968420309,0.9076558351516724,0.09234416484832764,0.04101772275991446,5.059505608685683
frame_018,frame_001,18,1,20,-17,True,False,427,"barrel, cask",0.9226520650348795,0.08050307650588806,0.9323467016220093,0.06765329837799072,0.02532226989978323,5.2216296999959875
frame_018,frame_002,18,2,20,-16,False,False,427,"barrel, cask",0.9275325115483121,0.07522743223260764,0.9323031306266785,0.06769686937332153,0.02731124703147209,5.209312751920006
frame_018,frame_003,18,3,20,-15,False,False,427,"barrel, cask",0.6477663516166937,0.43422521614306797,0.7525835037231445,0.24741649627685547,0.02928311597637574,5.223398152069404
frame_018,frame_004,18,4,20,-14,False,False,427,"barrel, cask",0.6734745306327188,0.39530510027926646,0.7407971620559692,0.25920283794403076,0.03436835888494555,5.251622383921146
frame_018,frame_005,18,5,20,-13,False,False,427,"barrel, cask",0.3503245719229348,1.0488952058692702,0.5841547250747681,0.41584527492523193,0.03255933196280514,5.2658953990435275
frame_018,frame_006,18,6,20,-12,False,False,703,park bench,0.1421939244334909,1.9505634880286338,0.5318683385848999,0.4681316614151001,0.02801227776873324,5.256479386937583
frame_018,frame_007,18,7,20,-11,False,False,703,park bench,0.3152200492584619,1.1544843149678234,0.5959129333496094,0.4040870666503906,0.032267090251319734,5.232514756671524
frame_018,frame_008,18,8,20,-10,False,False,830,stretcher,0.3415922932660227,1.0741373780188734,0.5705919861793518,0.4294080138206482,0.03381375956108764,5.19499931115023
frame_018,frame_009,18,9,20,-9,False,False,830,stretcher,0.21735227110603952,1.5262358725288214,0.536159873008728,0.463840126991272,0.026498481819839183,5.2119403667372435
frame_018,frame_010,18,10,20,-8,False,False,830,stretcher,0.19433218300851957,1.638186300655938,0.5399535894393921,0.4600464105606079,0.027656616521271417,5.221274585681426
frame_018,frame_011,18,11,20,-7,False,False,830,stretcher,0.20984301991346926,1.5613955520217893,0.5314674973487854,0.4685325026512146,0.03500793173156989,5.143199984950979
frame_018,frame_012,18,12,20,-6,False,False,690,oxcart,0.37735284050914936,0.9745746127609762,0.6293631792068481,0.37063682079315186,0.037081856924575364,5.171199139550779
frame_018,frame_013,18,13,20,-5,False,False,690,oxcart,0.3725944640656689,0.987264678505086,0.5941082239151001,0.4058917760848999,0.039904885113434894,5.123085389707775
frame_018,frame_014,18,14,20,-4,False,False,690,oxcart,0.6223968934328593,0.4741772974015246,0.7349047064781189,0.2650952935218811,0.034894904830787395,5.124639620472774
frame_018,frame_015,18,15,20,-3,False,False,830,stretcher,0.2252910860128961,1.4903619972938245,0.5289996266365051,0.4710003733634949,0.036909100344470896,5.157741599679719
frame_018,frame_016,18,16,20,-2,False,False,267,standard poodle,0.28539678164675575,1.2538748506436423,0.5607526302337646,0.43924736976623535,0.034414486163941396,5.122923608984622
frame_018,frame_017,18,17,20,-1,False,False,981,"ballplayer, baseball player",0.20170281151320996,1.600959895035282,0.5408183336257935,0.45918166637420654,0.032681669890143664,5.096627652081754
frame_018,frame_019,18,19,20,1,False,True,249,"malamute, malemute, Alaskan malamute",0.11542748678663599,2.1591127662109346,0.46729743480682373,0.5327025651931763,0.05612674438476101,5.055137546424639
frame_018,frame_000,18,0,30,-18,False,False,427,"barrel, cask",0.8937867294733715,0.1122880899040718,0.9170268177986145,0.0829731822013855,0.04300977311574942,4.986154289763304
frame_018,frame_001,18,1,30,-17,False,False,427,"barrel, cask",0.965317349870361,0.035298371736452505,0.9677907824516296,0.03220921754837036,0.03017403565128564,5.031224422293095
frame_018,frame_002,18,2,30,-16,True,False,427,"barrel, cask",0.9727020487545943,0.027677462853594736,0.9727835059165955,0.02721649408340454,0.0327265377857876,5.010003252974153
frame_018,frame_003,18,3,30,-15,False,False,427,"barrel, cask",0.6939780721403112,0.36531491531411664,0.791993260383606,0.20800673961639404,0.028123493863887582,5.045705007938103
frame_018,frame_004,18,4,30,-14,False,False,427,"barrel, cask",0.6422693386885417,0.44274753260305033,0.7517197728157043,0.24828022718429565,0.03518300533308797,5.064445074170617
frame_018,frame_005,18,5,30,-13,False,False,427,"barrel, cask",0.32735099955959934,1.1167222906107743,0.6224814653396606,0.37751853466033936,0.04804713292738969,5.053563836809218
frame_018,frame_006,18,6,30,-12,False,False,703,park bench,0.5401526027666304,0.6159035816310481,0.7071157097816467,0.29288429021835327,0.053154367615339045,5.0561172856281384
frame_018,frame_007,18,7,30,-11,False,False,703,park bench,0.7990845027565503,0.22428857816162928,0.8602330684661865,0.13976693153381348,0.049702379343693946,5.0204126411380665
frame_018,frame_008,18,8,30,-10,False,False,703,park bench,0.47096688438309137,0.7529674966029356,0.7220920324325562,0.27790796756744385,0.04453826647470834,4.997381566790874
frame_018,frame_009,18,9,30,-9,False,False,703,park bench,0.3445164572737345,1.0656134181927115,0.6360412240028381,0.36395877599716187,0.036232899523385514,4.988901952190397
frame_018,frame_010,18,10,30,-8,False,False,176,"Saluki, gazelle hound",0.281424477931012,1.267891151834002,0.6502265334129333,0.34977346658706665,0.04177406530721503,4.910636408887117
frame_018,frame_011,18,11,30,-7,False,False,176,"Saluki, gazelle hound",0.3823971122758231,0.9612956494133647,0.6414053440093994,0.3585946559906006,0.03670760527294153,5.00015851102276
frame_018,frame_012,18,12,30,-6,False,False,176,"Saluki, gazelle hound",0.6698543906749088,0.40069491756701847,0.8023284673690796,0.1976715326309204,0.03906305043965623,5.026062993562128
frame_018,frame_013,18,13,30,-5,False,False,690,oxcart,0.24579292959325683,1.4032658471408244,0.6328157186508179,0.36718428134918213,0.027371857440148112,5.01964032556882
frame_018,frame_014,18,14,30,-4,False,False,690,oxcart,0.4490198782689784,0.8006881199058897,0.7439985871315002,0.25600141286849976,0.040455289498383756,5.037744180631945
frame_018,frame_015,18,15,30,-3,False,True,703,park bench,0.2243111806174123,1.4947209919866786,0.5595017671585083,0.4404982328414917,0.05084102098859132,5.017770726144639
frame_018,frame_016,18,16,30,-2,False,False,267,standard poodle,0.18456334728101964,1.689762528734617,0.5606030225753784,0.4393969774246216,0.0488813771723023,4.946528756945289
frame_018,frame_017,18,17,30,-1,False,False,703,park bench,0.3271551318097337,1.1173208113772732,0.612591028213501,0.387408971786499,0.04134610385861339,4.996879766120909
frame_018,frame_019,18,19,30,1,False,False,176,"Saluki, gazelle hound",0.5443214211241456,0.6082153589532657,0.6933525204658508,0.30664747953414917,0.08516907670994668,4.955680639217415
frame_018,frame_000,18,0,40,-18,False,False,427,"barrel, cask",0.9535190879144683,0.04759583535392087,0.9621262550354004,0.03787374496459961,0.10466313281475541,3.835853190014121
frame_018,frame_001,18,1,40,-17,False,False,427,"barrel, cask",0.9646765251657854,0.035962440919690974,0.9700115323066711,0.029988467693328857,0.07967602590303605,3.8319833403312216
frame_018,frame_002,18,2,40,-16,True,False,427,"barrel, cask",0.9834961835913146,0.01664152159642951,0.9839980602264404,0.01600193977355957,0.08586773372585596,3.895018760660013
frame_018,frame_003,18,3,40,-15,False,False,427,"barrel, cask",0.7909713755103226,0.23449349959326637,0.8539729714393616,0.14602702856063843,0.09203100274000353,3.8714329614727556
frame_018,frame_004,18,4,40,-14,False,False,427,"barrel, cask",0.8676305686517489,0.14198926707270942,0.890394389629364,0.10960561037063599,0.08670048427421877,3.9616289707389725
frame_018,frame_005,18,5,40,-13,False,False,427,"barrel, cask",0.4269151663273401,0.8511699591982111,0.6990329027175903,0.30096709728240967,0.09569115243888147,3.9749327089241113
frame_018,frame_006,18,6,40,-12,False,False,703,park bench,0.6192450100444903,0.4792542687081296,0.7874075770378113,0.21259242296218872,0.061581458355277154,4.031235399186128
frame_018,frame_007,18,7,40,-11,False,False,703,park bench,0.9129815552287893,0.09103960096934527,0.9291031956672668,0.07089680433273315,0.07717810521086806,3.982628333983914
frame_018,frame_008,18,8,40,-10,False,False,703,park bench,0.6998718311893983,0.35685805900413214,0.7908145189285278,0.20918548107147217,0.07558012585366002,3.9874143874228225
frame_018,frame_009,18,9,40,-9,False,False,703,park bench,0.5638385913804654,0.5729872539385905,0.7622135281562805,0.23778647184371948,0.07262974996219441,4.063092168961495
frame_018,frame_010,18,10,40,-8,False,False,703,park bench,0.38892711902894495,0.944363307598147,0.739278256893158,0.26072174310684204,0.09372123265024916,3.9762324790059234
frame_018,frame_011,18,11,40,-7,False,False,222,kuvasz,0.2703176342018784,1.308157588457111,0.6376515626907349,0.36234843730926514,0.08452866209991385,3.9410258526886777
frame_018,frame_012,18,12,40,-6,False,False,690,oxcart,0.421658590279765,0.8635593201587799,0.6900156736373901,0.30998432636260986,0.06678143967473678,3.979912760634469
frame_018,frame_013,18,13,40,-5,False,False,690,oxcart,0.39483270157266154,0.9292931441219272,0.6700178384780884,0.3299821615219116,0.10059456491975079,3.903035238932075
frame_018,frame_014,18,14,40,-4,False,False,690,oxcart,0.7238691531487176,0.32314463062478005,0.8083404302597046,0.1916595697402954,0.08473860648106733,3.9958422304022494
frame_018,frame_015,18,15,40,-3,False,False,843,swing,0.351927220507864,1.04433088468266,0.6886241436004639,0.31137585639953613,0.12490093142197226,3.813848431802967
frame_018,frame_016,18,16,40,-2,False,False,222,kuvasz,0.35978977039320925,1.0222353892395075,0.6288051605224609,0.37119483947753906,0.08624792189016521,3.8358871267561083
frame_018,frame_017,18,17,40,-1,False,False,843,swing,0.465463319442676,0.7647219835594958,0.7372304201126099,0.26276957988739014,0.07628893028747195,3.8869306875010574
frame_018,frame_019,18,19,40,1,False,True,981,"ballplayer, baseball player",0.23748308377089847,1.4376588842719453,0.6011539697647095,0.3988460302352905,0.15342425217916378,3.7661566066325864
frame_018,frame_000,18,0,50,-18,False,False,427,"barrel, cask",0.877973539519948,0.13013882302217142,0.926745593547821,0.07325440645217896,0.06289733864943137,4.505893149182155
frame_018,frame_001,18,1,50,-17,False,False,427,"barrel, cask",0.9447233653215501,0.056863129453150946,0.9593470096588135,0.04065299034118652,0.05277506965441215,4.614767330204764
frame_018,frame_002,18,2,50,-16,True,False,427,"barrel, cask",0.9619071580828116,0.038837342243176365,0.9688401222229004,0.03115987777709961,0.0396751465317454,4.630546628248229
frame_018,frame_003,18,3,50,-15,False,False,427,"barrel, cask",0.5904406334883159,0.5268861844050421,0.7975770831108093,0.20242291688919067,0.04248627313910114,4.65328486925153
frame_018,frame_004,18,4,50,-14,False,False,427,"barrel, cask",0.6555910333947852,0.4222181091511037,0.7877044677734375,0.2122955322265625,0.063866450726528,4.539557711898481
frame_018,frame_005,18,5,50,-13,False,False,703,park bench,0.2513912086280829,1.3807449530950286,0.6522414684295654,0.34775853157043457,0.09614732287639974,4.365628078465283
frame_018,frame_006,18,6,50,-12,False,False,703,park bench,0.7032774514778305,0.35200379721180397,0.8025108575820923,0.19748914241790771,0.06475064703307243,4.468115020149014
frame_018,frame_007,18,7,50,-11,False,False,703,park bench,0.9541331939073247,0.04695200102423547,0.9567227959632874,0.043277204036712646,0.06312736077884148,4.511377546018828
frame_018,frame_008,18,8,50,-10,False,False,703,park bench,0.7722811333204355,0.25840663291619936,0.8384786248207092,0.16152137517929077,0.0643682787980515,4.4081064279539905
frame_018,frame_009,18,9,50,-9,False,False,703,park bench,0.7165143125825502,0.3333570562224937,0.8198736310005188,0.1801263689994812,0.08994504724187304,4.419346853339588
frame_018,frame_010,18,10,50,-8,False,False,427,"barrel, cask",0.42567100101679517,0.8540885291712046,0.789038896560669,0.21096110343933105,0.10873104147796273,4.332715849812618
frame_018,frame_011,18,11,50,-7,False,True,427,"barrel, cask",0.22399450373154114,1.496133764340895,0.634406328201294,0.36559367179870605,0.11862723589791424,4.274116912369599
frame_018,frame_012,18,12,50,-6,False,False,690,oxcart,0.4809484035543464,0.731995283747902,0.7106359004974365,0.2893640995025635,0.09279408280345985,4.26860759631694
frame_018,frame_013,18,13,50,-5,False,False,690,oxcart,0.41621973373445087,0.8765419520801778,0.6644651889801025,0.33553481101989746,0.07832718647140041,4.293789584515005
frame_018,frame_014,18,14,50,-4,False,False,690,oxcart,0.7023813674851971,0.35327876394189506,0.8174905776977539,0.1825094223022461,0.07760718543377754,4.378697345179025
frame_018,frame_015,18,15,50,-3,False,False,222,kuvasz,0.37394624614705874,0.9836432187768249,0.6630699634552002,0.3369300365447998,0.05920482461554881,4.4772848692923395
frame_018,frame_016,18,16,50,-2,False,False,222,kuvasz,0.3826220880176469,0.9607074922841763,0.6751923561096191,0.32480764389038086,0.06680633126529036,4.290459692881976
frame_018,frame_017,18,17,50,-1,False,False,981,"ballplayer, baseball player",0.3503223073078416,1.0489016702243124,0.6588466763496399,0.3411533236503601,0.05720216005596825,4.412476224115643
frame_018,frame_019,18,19,50,1,False,False,981,"ballplayer, baseball player",0.5930573633686697,0.5224641504829792,0.74164879322052,0.25835120677948,0.07049739139802622,4.306554748645734
frame_019,frame_000,19,0,5,-19,False,False,456,bow,0.43312333593265034,0.8367327510478888,0.6391266584396362,0.36087334156036377,0.03134672372012528,5.1010696383240886
frame_019,frame_001,19,1,5,-18,True,False,456,bow,0.47302165265640733,0.7486141142516787,0.6509323120117188,0.34906768798828125,0.028391221090076895,5.142983092151397
frame_019,frame_002,19,2,5,-17,False,False,456,bow,0.34248961790837107,1.0715139344155844,0.6339419484138489,0.3660580515861511,0.031331624883716776,5.154724656257776
frame_019,frame_003,19,3,5,-16,False,False,876,"tub, vat",0.2894853052241593,1.239650742413994,0.6179662942886353,0.38203370571136475,0.02360182075359734,5.1743294003547255
frame_019,frame_004,19,4,5,-15,False,False,703,park bench,0.12447271003198798,2.0836687836346623,0.50589919090271,0.49410080909729004,0.02359635191228806,5.156949801435157
frame_019,frame_005,19,5,5,-14,False,False,703,park bench,0.1708068641234378,1.767221810358853,0.5286301374435425,0.4713698625564575,0.02589742425859484,5.160538552710474
frame_019,frame_006,19,6,5,-13,False,False,703,park bench,0.22499785877332026,1.4916643933860207,0.5607644319534302,0.4392355680465698,0.022678883638411314,5.226860717823435
frame_019,frame_007,19,7,5,-12,False,False,703,park bench,0.19880804362746432,1.6154155246754456,0.5988924503326416,0.4011075496673584,0.021869260531440032,5.221155606889116
frame_019,frame_008,19,8,5,-11,False,False,416,"balance beam, beam",0.2845190384197903,1.2569551087802369,0.645402193069458,0.354597806930542,0.024570135120123304,5.189337732805065
frame_019,frame_009,19,9,5,-10,False,False,981,"ballplayer, baseball player",0.20703415377156717,1.5748715052612499,0.5838593244552612,0.41614067554473877,0.02252397541725813,5.172348439546757
frame_019,frame_010,19,10,5,-9,False,False,416,"balance beam, beam",0.16186603212131184,1.8209862480857568,0.5364500284194946,0.46354997158050537,0.025804802623020096,5.144942299195868
frame_019,frame_011,19,11,5,-8,False,False,416,"balance beam, beam",0.13344365491278773,2.014075950812837,0.5108722448348999,0.4891277551651001,0.026192274015176296,5.100795799485753
frame_019,frame_012,19,12,5,-7,False,False,345,ox,0.19142987764407085,1.6532337116019704,0.5002516508102417,0.4997483491897583,0.024004021513118493,5.091108764609016
frame_019,frame_013,19,13,5,-6,False,True,690,oxcart,0.15665107543315565,1.8537343964102106,0.4997352957725525,0.5002647042274475,0.030048560834241865,5.098489366337361
frame_019,frame_014,19,14,5,-5,False,False,690,oxcart,0.16305512448976886,1.81366694829393,0.5505906939506531,0.4494093060493469,0.028825070506469576,5.1116337782175
frame_019,frame_015,19,15,5,-4,False,False,416,"balance beam, beam",0.22170583446314748,1.5064038457772089,0.5605427026748657,0.4394572973251343,0.022563588025109483,5.138543115980436
frame_019,frame_016,19,16,5,-3,False,False,981,"ballplayer, baseball player",0.22552440060475004,1.4893269192203746,0.5261799097061157,0.4738200902938843,0.024763367908979584,5.099910869168441
frame_019,frame_017,19,17,5,-2,False,False,981,"ballplayer, baseball player",0.36507083837026255,1.0076638665035444,0.6252011060714722,0.37479889392852783,0.0231199003008311,5.1495845984652675
frame_019,frame_018,19,18,5,-1,False,False,981,"ballplayer, baseball player",0.2817875012678983,1.266602033702402,0.609499454498291,0.390500545501709,0.02505873566405519,5.117696995943995
frame_019,frame_000,19,0,10,-19,False,False,427,"barrel, cask",0.5555055482723771,0.5878766820632633,0.75243079662323,0.24756920337677002,0.06628843329390485,4.5886450061293145
frame_019,frame_001,19,1,10,-18,False,False,690,oxcart,0.36043536457358255,1.0204426321641424,0.7167479395866394,0.2832520604133606,0.06899013397924202,4.660484682703484
frame_019,frame_002,19,2,10,-17,False,False,690,oxcart,0.48120132604231425,0.7314695391865027,0.7570929527282715,0.24290704727172852,0.07800826223734945,4.69055229593563
frame_019,frame_003,19,3,10,-16,False,False,690,oxcart,0.5536868978859183,0.5911559182724151,0.7869836688041687,0.2130163311958313,0.08625850762624547,4.71202263730107
frame_019,frame_004,19,4,10,-15,False,False,703,park bench,0.39546477187635276,0.9276935681149259,0.7133579850196838,0.28664201498031616,0.04790336891509384,4.747801085071344
frame_019,frame_005,19,5,10,-14,False,False,703,park bench,0.6270799992971713,0.46668115590260273,0.76422119140625,0.23577880859375,0.04921783505911215,4.806226367535158
frame_019,frame_006,19,6,10,-13,False,False,703,park bench,0.7883311436414076,0.23783704434996422,0.8523095846176147,0.14769041538238525,0.03905125308594141,4.842662064932502
frame_019,frame_007,19,7,10,-12,True,False,703,park bench,0.7395081918570741,0.301769919330672,0.87115478515625,0.12884521484375,0.047301150916861254,4.78196909466023
frame_019,frame_008,19,8,10,-11,False,False,416,"balance beam, beam",0.720351137407092,0.3280164950113815,0.8428562879562378,0.1571437120437622,0.04905281597974607,4.718790841880072
frame_019,frame_009,19,9,10,-10,False,False,703,park bench,0.490875779716257,0.7115641776640239,0.7742506265640259,0.22574937343597412,0.053882568351723115,4.794551304993062
frame_019,frame_010,19,10,10,-9,False,False,703,park bench,0.42539440696669284,0.8547385240064921,0.6992111802101135,0.3007888197898865,0.07905685799632974,4.727892955789558
frame_019,frame_011,19,11,10,-8,False,False,690,oxcart,0.23235334948826275,1.4594960078534722,0.6690607070922852,0.33093929290771484,0.06283983319341202,4.736073265008638
frame_019,frame_012,19,12,10,-7,False,False,690,oxcart,0.4837669694199472,0.7261519563491123,0.7841253280639648,0.21587467193603516,0.04971383938907394,4.6838751243561445
frame_019,frame_013,19,13,10,-6,False,False,690,oxcart,0.5600950417845953,0.5796487921808313,0.8534557819366455,0.1465442180633545,0.0648464553114423,4.5325992605168715
frame_019,frame_014,19,14,10,-5,False,False,690,oxcart,0.7243847242460452,0.3224326406523659,0.8649649024009705,0.13503509759902954,0.03968462672981851,4.7585245281692705
frame_019,frame_015,19,15,10,-4,False,False,416,"balance beam, beam",0.40240629916464027,0.9102930063314554,0.7076969146728516,0.29230308532714844,0.04977833498357649,4.745401633285887
frame_019,frame_016,19,16,10,-3,False,True,690,oxcart,0.1968575610437108,1.6252748521511713,0.5906793475151062,0.4093206524848938,0.058586008251940935,4.5969788442195885
frame_019,frame_017,19,17,10,-2,False,False,416,"balance beam, beam",0.5031906537165381,0.6867861474636735,0.759023129940033,0.24097687005996704,0.05136329294234447,4.630992197483927
frame_019,frame_018,19,18,10,-1,False,False,416,"balance beam, beam",0.7453845880096326,0.2938549682848457,0.8499241471290588,0.15007585287094116,0.0606366360438838,4.476582508999344
frame_019,frame_000,19,0,20,-19,False,False,427,"barrel, cask",0.8954357929792834,0.11044475968420309,0.9076558351516724,0.09234416484832764,0.03314704046181365,5.064158646435251
frame_019,frame_001,19,1,20,-18,True,False,427,"barrel, cask",0.9226520650348795,0.08050307650588806,0.9323467016220093,0.06765329837799072,0.024897827017614053,5.202044863272496
frame_019,frame_002,19,2,20,-17,False,False,427,"barrel, cask",0.9275325115483121,0.07522743223260764,0.9323031306266785,0.06769686937332153,0.022316033065663245,5.19068851393142
frame_019,frame_003,19,3,20,-16,False,False,427,"barrel, cask",0.6477663516166937,0.43422521614306797,0.7525835037231445,0.24741649627685547,0.025023482456693055,5.215332141013763
frame_019,frame_004,19,4,20,-15,False,False,427,"barrel, cask",0.6734745306327188,0.39530510027926646,0.7407971620559692,0.25920283794403076,0.03721594408230064,5.239429597622336
frame_019,frame_005,19,5,20,-14,False,False,427,"barrel, cask",0.3503245719229348,1.0488952058692702,0.5841547250747681,0.41584527492523193,0.03375291380948305,5.243604549218337
frame_019,frame_006,19,6,20,-13,False,False,703,park bench,0.1421939244334909,1.9505634880286338,0.5318683385848999,0.4681316614151001,0.02694692436265459,5.230311338896868
frame_019,frame_007,19,7,20,-12,False,False,703,park bench,0.3152200492584619,1.1544843149678234,0.5959129333496094,0.4040870666503906,0.030896794164120625,5.20371343361373
frame_019,frame_008,19,8,20,-11,False,False,830,stretcher,0.3415922932660227,1.0741373780188734,0.5705919861793518,0.4294080138206482,0.03418332034421843,5.153919755640975
frame_019,frame_009,19,9,20,-10,False,False,830,stretcher,0.21735227110603952,1.5262358725288214,0.536159873008728,0.463840126991272,0.028103578995194976,5.1823588019116595
frame_019,frame_010,19,10,20,-9,False,False,830,stretcher,0.19433218300851957,1.638186300655938,0.5399535894393921,0.4600464105606079,0.02418221302957714,5.185402119668884
frame_019,frame_011,19,11,20,-8,False,False,830,stretcher,0.20984301991346926,1.5613955520217893,0.5314674973487854,0.4685325026512146,0.03358662072355299,5.110094771268149
frame_019,frame_012,19,12,20,-7,False,False,690,oxcart,0.37735284050914936,0.9745746127609762,0.6293631792068481,0.37063682079315186,0.034605793921360005,5.126966529112269
frame_019,frame_013,19,13,20,-6,False,False,690,oxcart,0.3725944640656689,0.987264678505086,0.5941082239151001,0.4058917760848999,0.04268922311805859,5.06483324351381
frame_019,frame_014,19,14,20,-5,False,False,690,oxcart,0.6223968934328593,0.4741772974015246,0.7349047064781189,0.2650952935218811,0.03427795343156757,5.081296959439335
frame_019,frame_015,19,15,20,-4,False,True,830,stretcher,0.2252910860128961,1.4903619972938245,0.5289996266365051,0.4710003733634949,0.03894194981179712,5.110816652766037
frame_019,frame_016,19,16,20,-3,False,False,267,standard poodle,0.28539678164675575,1.2538748506436423,0.5607526302337646,0.43924736976623535,0.032043378646801776,5.066145909345218
frame_019,frame_017,19,17,20,-2,False,False,981,"ballplayer, baseball player",0.20170281151320996,1.600959895035282,0.5408183336257935,0.45918166637420654,0.035329658885339045,5.049726669948608
frame_019,frame_018,19,18,20,-1,False,False,981,"ballplayer, baseball player",0.4398558393094884,0.8213082436878452,0.641482949256897,0.358517050743103,0.04587941658561196,5.022170073150055
frame_019,frame_000,19,0,30,-19,False,False,427,"barrel, cask",0.8937867294733715,0.1122880899040718,0.9170268177986145,0.0829731822013855,0.0342958011577335,5.094643007466024
frame_019,frame_001,19,1,30,-18,False,False,427,"barrel, cask",0.965317349870361,0.035298371736452505,0.9677907824516296,0.03220921754837036,0.029785489490771044,5.1102200519411785
frame_019,frame_002,19,2,30,-17,True,False,427,"barrel, cask",0.9727020487545943,0.027677462853594736,0.9727835059165955,0.02721649408340454,0.03686725225985069,5.103994770457259
frame_019,frame_003,19,3,30,-16,False,False,427,"barrel, cask",0.6939780721403112,0.36531491531411664,0.791993260383606,0.20800673961639404,0.02939253565882162,5.129538147512596
frame_019,frame_004,19,4,30,-15,False,False,427,"barrel, cask",0.6422693386885417,0.44274753260305033,0.7517197728157043,0.24828022718429565,0.031419638419901176,5.1524417377566145
frame_019,frame_005,19,5,30,-14,False,False,427,"barrel, cask",0.32735099955959934,1.1167222906107743,0.6224814653396606,0.37751853466033936,0.03956924800189908,5.162070050541034
frame_019,frame_006,19,6,30,-13,False,False,703,park bench,0.5401526027666304,0.6159035816310481,0.7071157097816467,0.29288429021835327,0.04459127753078848,5.163357938734646
frame_019,frame_007,19,7,30,-12,False,False,703,park bench,0.7990845027565503,0.22428857816162928,0.8602330684661865,0.13976693153381348,0.0408555753686993,5.123524811779977
frame_019,frame_008,19,8,30,-11,False,False,703,park bench,0.47096688438309137,0.7529674966029356,0.7220920324325562,0.27790796756744385,0.03911245985862365,5.099450927565867
frame_019,frame_009,19,9,30,-10,False,False,703,park bench,0.3445164572737345,1.0656134181927115,0.6360412240028381,0.36395877599716187,0.035580270785626235,5.085202858073066
frame_019,frame_010,19,10,30,-9,False,False,176,"Saluki, gazelle hound",0.281424477931012,1.267891151834002,0.6502265334129333,0.34977346658706665,0.04281444063064415,5.005495423063866
frame_019,frame_011,19,11,30,-8,False,False,176,"Saluki, gazelle hound",0.3823971122758231,0.9612956494133647,0.6414053440093994,0.3585946559906006,0.033636412895031505,5.098464983464
frame_019,frame_012,19,12,30,-7,False,False,176,"Saluki, gazelle hound",0.6698543906749088,0.40069491756701847,0.8023284673690796,0.1976715326309204,0.03531651241754061,5.1098378331686005
frame_019,frame_013,19,13,30,-6,False,False,690,oxcart,0.24579292959325683,1.4032658471408244,0.6328157186508179,0.36718428134918213,0.025457158919966544,5.100622333580616
frame_019,frame_014,19,14,30,-5,False,False,690,oxcart,0.4490198782689784,0.8006881199058897,0.7439985871315002,0.25600141286849976,0.03746727426413725,5.129848096266594
frame_019,frame_015,19,15,30,-4,False,True,703,park bench,0.2243111806174123,1.4947209919866786,0.5595017671585083,0.4404982328414917,0.038513563101184596,5.105416313470657
frame_019,frame_016,19,16,30,-3,False,False,267,standard poodle,0.18456334728101964,1.689762528734617,0.5606030225753784,0.4393969774246216,0.041752234011678165,5.06395145056569
frame_019,frame_017,19,17,30,-2,False,False,703,park bench,0.3271551318097337,1.1173208113772732,0.612591028213501,0.387408971786499,0.03542822602781409,5.098628401077665
frame_019,frame_018,19,18,30,-1,False,False,981,"ballplayer, baseball player",0.34507627048911826,1.0639898125025047,0.6872057914733887,0.31279420852661133,0.055494393894183563,5.07447637480923
frame_019,frame_000,19,0,40,-19,False,False,427,"barrel, cask",0.9535190879144683,0.04759583535392087,0.9621262550354004,0.03787374496459961,0.11033433120467552,3.7646010228000137
frame_019,frame_001,19,1,40,-18,False,False,427,"barrel, cask",0.9646765251657854,0.035962440919690974,0.9700115323066711,0.029988467693328857,0.08168147124613753,3.7625139461687125
frame_019,frame_002,19,2,40,-17,True,False,427,"barrel, cask",0.9834961835913146,0.01664152159642951,0.9839980602264404,0.01600193977355957,0.08637935885281434,3.8100422569579626
frame_019,frame_003,19,3,40,-16,False,False,427,"barrel, cask",0.7909713755103226,0.23449349959326637,0.8539729714393616,0.14602702856063843,0.10109968794263038,3.796339553757998
frame_019,frame_004,19,4,40,-15,False,False,427,"barrel, cask",0.8676305686517489,0.14198926707270942,0.890394389629364,0.10960561037063599,0.09494521295765442,3.900512578896649
frame_019,frame_005,19,5,40,-14,False,False,427,"barrel, cask",0.4269151663273401,0.8511699591982111,0.6990329027175903,0.30096709728240967,0.10129507631495308,3.894305314329827
frame_019,frame_006,19,6,40,-13,False,False,703,park bench,0.6192450100444903,0.4792542687081296,0.7874075770378113,0.21259242296218872,0.057643769876558164,3.9693028423466936
frame_019,frame_007,19,7,40,-12,False,False,703,park bench,0.9129815552287893,0.09103960096934527,0.9291031956672668,0.07089680433273315,0.07037505353328558,3.9290239427429428
frame_019,frame_008,19,8,40,-11,False,False,703,park bench,0.6998718311893983,0.35685805900413214,0.7908145189285278,0.20918548107147217,0.09123875954691194,3.8978078752974348
frame_019,frame_009,19,9,40,-10,False,False,703,park bench,0.5638385913804654,0.5729872539385905,0.7622135281562805,0.23778647184371948,0.08580186292454117,3.999689649171927
frame_019,frame_010,19,10,40,-9,False,False,703,park bench,0.38892711902894495,0.944363307598147,0.739278256893158,0.26072174310684204,0.10561654182408362,3.905950833764635
frame_019,frame_011,19,11,40,-8,False,False,222,kuvasz,0.2703176342018784,1.308157588457111,0.6376515626907349,0.36234843730926514,0.0997875411003872,3.88504171872573
frame_019,frame_012,19,12,40,-7,False,False,690,oxcart,0.421658590279765,0.8635593201587799,0.6900156736373901,0.30998432636260986,0.07295554172493027,3.9403831897845443
frame_019,frame_013,19,13,40,-6,False,False,690,oxcart,0.39483270157266154,0.9292931441219272,0.6700178384780884,0.3299821615219116,0.10629145086462179,3.853827886964646
frame_019,frame_014,19,14,40,-5,False,False,690,oxcart,0.7238691531487176,0.32314463062478005,0.8083404302597046,0.1916595697402954,0.0830197788565747,3.900053549584067
frame_019,frame_015,19,15,40,-4,False,False,843,swing,0.351927220507864,1.04433088468266,0.6886241436004639,0.31137585639953613,0.13777807711125872,3.7061451150985616
frame_019,frame_016,19,16,40,-3,False,True,222,kuvasz,0.35978977039320925,1.0222353892395075,0.6288051605224609,0.37119483947753906,0.09784955579422801,3.75185618136561
frame_019,frame_017,19,17,40,-2,False,False,843,swing,0.465463319442676,0.7647219835594958,0.7372304201126099,0.26276957988739014,0.07771112814592718,3.813704925034066
frame_019,frame_018,19,18,40,-1,False,False,703,park bench,0.34773259659803724,1.05632149515906,0.7380357980728149,0.26196420192718506,0.09751819440231844,3.7599996017915744
frame_019,frame_000,19,0,50,-19,False,False,427,"barrel, cask",0.877973539519948,0.13013882302217142,0.926745593547821,0.07325440645217896,0.09434591037072229,4.215501469071241
frame_019,frame_001,19,1,50,-18,False,False,427,"barrel, cask",0.9447233653215501,0.056863129453150946,0.9593470096588135,0.04065299034118652,0.07811412798686244,4.3318301125893
frame_019,frame_002,19,2,50,-17,True,False,427,"barrel, cask",0.9619071580828116,0.038837342243176365,0.9688401222229004,0.03115987777709961,0.052779738116122805,4.361884665076202
frame_019,frame_003,19,3,50,-16,False,False,427,"barrel, cask",0.5904406334883159,0.5268861844050421,0.7975770831108093,0.20242291688919067,0.06359472111588874,4.355135618104487
frame_019,frame_004,19,4,50,-15,False,False,427,"barrel, cask",0.6555910333947852,0.4222181091511037,0.7877044677734375,0.2122955322265625,0.09191331298744843,4.205800885855288
frame_019,frame_005,19,5,50,-14,False,False,703,park bench,0.2513912086280829,1.3807449530950286,0.6522414684295654,0.34775853157043457,0.10836960307959707,4.093582482239922
frame_019,frame_006,19,6,50,-13,False,False,703,park bench,0.7032774514778305,0.35200379721180397,0.8025108575820923,0.19748914241790771,0.07639644375321582,4.246436982819835
frame_019,frame_007,19,7,50,-12,False,False,703,park bench,0.9541331939073247,0.04695200102423547,0.9567227959632874,0.043277204036712646,0.0833318279730372,4.310390589845756
frame_019,frame_008,19,8,50,-11,False,False,703,park bench,0.7722811333204355,0.25840663291619936,0.8384786248207092,0.16152137517929077,0.0890418003552001,4.209295226381455
frame_019,frame_009,19,9,50,-10,False,False,703,park bench,0.7165143125825502,0.3333570562224937,0.8198736310005188,0.1801263689994812,0.10651520073481438,4.210053017141843
frame_019,frame_010,19,10,50,-9,False,False,427,"barrel, cask",0.42567100101679517,0.8540885291712046,0.789038896560669,0.21096110343933105,0.14617446299110082,4.084988318495178
frame_019,frame_011,19,11,50,-8,False,True,427,"barrel, cask",0.22399450373154114,1.496133764340895,0.634406328201294,0.36559367179870605,0.1448998530055527,4.083255501566147
frame_019,frame_012,19,12,50,-7,False,False,690,oxcart,0.4809484035543464,0.731995283747902,0.7106359004974365,0.2893640995025635,0.10470530929754975,4.057899838900391
frame_019,frame_013,19,13,50,-6,False,False,690,oxcart,0.41621973373445087,0.8765419520801778,0.6644651889801025,0.33553481101989746,0.0995385797145777,4.040945977970973
frame_019,frame_014,19,14,50,-5,False,False,690,oxcart,0.7023813674851971,0.35327876394189506,0.8174905776977539,0.1825094223022461,0.09165583669816421,4.186670624639078
frame_019,frame_015,19,15,50,-4,False,False,222,kuvasz,0.37394624614705874,0.9836432187768249,0.6630699634552002,0.3369300365447998,0.09000774750582945,4.293485882947328
frame_019,frame_016,19,16,50,-3,False,False,222,kuvasz,0.3826220880176469,0.9607074922841763,0.6751923561096191,0.32480764389038086,0.08416253737122226,4.088508368888846
frame_019,frame_017,19,17,50,-2,False,False,981,"ballplayer, baseball player",0.3503223073078416,1.0489016702243124,0.6588466763496399,0.3411533236503601,0.0717572922084032,4.213774378377848
frame_019,frame_018,19,18,50,-1,False,False,981,"ballplayer, baseball player",0.6193099274988259,0.47914944097311807,0.775102436542511,0.224897563457489,0.07701213757350397,4.14726431203001
