source_frame,target_frame,source_index,target_index,tick,gap,row_max_certainty,row_min_certainty,target_pred_label,target_pred_name,target_pred_confidence,target_self_nll_loss,target_certainty_score,target_uncertainty_score,attention_peak,attention_entropy,subject_area_fraction,subject_attention_mass,subject_lift
frame_000,frame_001,0,1,5,1,False,False,456,bow,0.3960163754630391,0.9262997164032427,0.6408478617668152,0.3591521382331848,0.03556185257175725,5.041436208703374,0.0603448275862069,0.4490941656962488,7.442131888680694
frame_000,frame_002,0,2,5,2,False,False,416,"balance beam, beam",0.1270580964859437,2.0631108444778827,0.5057896375656128,0.4942103624343872,0.027394352209270206,5.037440399317582,0.0668103448275862,0.47398217670253534,7.094442902902465
frame_000,frame_003,0,3,5,3,False,False,416,"balance beam, beam",0.24670547097511758,1.399560079060711,0.5800842046737671,0.4199157953262329,0.023658077885110835,5.138043372611533,0.0668103448275862,0.4293235210408183,6.426003669772248
frame_000,frame_004,0,4,5,4,False,False,416,"balance beam, beam",0.3519510162889743,1.0442632713374098,0.6631804704666138,0.33681952953338623,0.029736809577767784,5.0953058173758095,0.0603448275862069,0.4136534872647943,6.8548292175308765
frame_000,frame_005,0,5,5,5,False,False,416,"balance beam, beam",0.19867655224640204,1.6160771421933258,0.5442174077033997,0.45578259229660034,0.02806017377864731,5.043961645174701,0.07327586206896551,0.46351456817997555,6.325610577514961
frame_000,frame_006,0,6,5,6,False,True,345,ox,0.15027276769700426,1.8953031849534416,0.48555344343185425,0.5144465565681458,0.030011632165137896,4.982992232163405,0.07758620689655173,0.5252528715318087,6.769925899743312
frame_000,frame_007,0,7,5,7,False,False,416,"balance beam, beam",0.19257299226743255,1.647280016515059,0.5679571628570557,0.43204283714294434,0.032814115406683,5.00321228736115,0.0668103448275862,0.4589017329868822,6.868722713093979
frame_000,frame_008,0,8,5,8,False,False,981,"ballplayer, baseball player",0.2223945522023052,1.5033022123989612,0.5336836576461792,0.4663163423538208,0.028434744347955124,4.993875056243326,0.05603448275862069,0.41757121922914714,7.452040220089395
frame_000,frame_009,0,9,5,9,True,False,571,"gas pump, gasoline pump, petrol pump, island dispenser",0.9513222780180682,0.04990239054496648,0.9520183205604553,0.04798167943954468,0.013044916836219764,5.659081248468737,0.16733870967741934,0.4059997527066116,2.426215389668426
frame_000,frame_010,0,10,5,10,False,False,571,"gas pump, gasoline pump, petrol pump, island dispenser",0.9424442748052307,0.05927848628300225,0.9427655339241028,0.05723446607589722,0.011977083311530076,5.678977627032821,0.16532258064516128,0.4044177953839441,2.446234469639467
frame_000,frame_011,0,11,5,11,False,False,571,"gas pump, gasoline pump, petrol pump, island dispenser",0.8796966224413675,0.12817817817458987,0.898993730545044,0.10100626945495605,0.014743005034722543,5.661507098623611,0.16129032258064516,0.4033830244337374,2.500974751489172
frame_000,frame_012,0,12,5,12,False,False,571,"gas pump, gasoline pump, petrol pump, island dispenser",0.8433070265995993,0.17042418017063188,0.8798789381980896,0.1201210618019104,0.011895249498564357,5.6925576475632305,0.1592741935483871,0.3926462192184815,2.4652218320552763
frame_000,frame_013,0,13,5,13,False,False,571,"gas pump, gasoline pump, petrol pump, island dispenser",0.8235485851029746,0.19413273280122212,0.8535465002059937,0.14645349979400635,0.011362250914293867,5.711673564287111,0.1774193548387097,0.4073563835298294,2.296008707168129
frame_000,frame_014,0,14,5,14,False,False,571,"gas pump, gasoline pump, petrol pump, island dispenser",0.7389623007348575,0.3025083732257734,0.7906394004821777,0.20936059951782227,0.012409577061670913,5.715511220790866,0.1975806451612903,0.422073141358795,2.1362069195302276
frame_000,frame_015,0,15,5,15,False,False,571,"gas pump, gasoline pump, petrol pump, island dispenser",0.7894104010144252,0.23646893999217333,0.8257780075073242,0.17422199249267578,0.013436657579167762,5.710589008862398,0.2056451612903226,0.4385675094437226,2.132642006706729
frame_000,frame_016,0,16,5,16,False,False,571,"gas pump, gasoline pump, petrol pump, island dispenser",0.6606383161862884,0.41454876560897524,0.7372978329658508,0.26270216703414917,0.013909299223231898,5.759060847680795,0.18951612903225806,0.38446944508852915,2.028689837913941
frame_000,frame_017,0,17,5,17,False,False,571,"gas pump, gasoline pump, petrol pump, island dispenser",0.12841293716674265,2.0525041360515646,0.4941794276237488,0.5058205723762512,0.015783846386709925,5.754002398402657,0.15120967741935484,0.32448335719300153,2.1459166022363836
frame_000,frame_001,0,1,10,1,False,False,690,oxcart,0.5705818530927173,0.5610986439108583,0.7628535032272339,0.2371464967727661,0.08195348728606887,4.628285138331624,0.0603448275862069,0.35079145863139355,5.813115600177379
frame_000,frame_002,0,2,10,2,False,False,703,park bench,0.34485230782604126,1.064639046866707,0.703119695186615,0.296880304813385,0.04996119086381222,4.686682119866855,0.0668103448275862,0.40262922212320723,6.02645029242478
frame_000,frame_003,0,3,10,3,False,False,703,park bench,0.7159531503737359,0.3341405466012033,0.8343991041183472,0.16560089588165283,0.040697279678323095,4.782798315163104,0.0668103448275862,0.4234724326367877,6.338426088499016
frame_000,frame_004,0,4,10,4,True,False,416,"balance beam, beam",0.7864446442698048,0.24023294132591544,0.8726201057434082,0.1273798942565918,0.051719847788480114,4.6880103466878875,0.0603448275862069,0.38189644981891974,6.328569739856384
frame_000,frame_005,0,5,10,5,False,False,703,park bench,0.33452067883707987,1.095056581183893,0.6874179840087891,0.31258201599121094,0.06744176039919579,4.687289101187451,0.07327586206896551,0.39275957140468565,5.360012974463946
frame_000,frame_006,0,6,10,6,False,False,690,oxcart,0.5149142476405989,0.6637549016183664,0.7682139873504639,0.23178601264953613,0.041720855807316784,4.638667777686698,0.07758620689655173,0.4595032447899839,5.922486266182014
frame_000,frame_007,0,7,10,7,False,False,690,oxcart,0.7378373705961049,0.30403184371153724,0.8676667213439941,0.13233327865600586,0.03709956222310129,4.70321586349718,0.0668103448275862,0.42598238252926707,6.375994370760643
frame_000,frame_008,0,8,10,8,False,False,690,oxcart,0.1858635430700305,1.6827425139224588,0.5831934213638306,0.41680657863616943,0.05363441425101202,4.579897072695696,0.05603448275862069,0.384210793349499,6.856684927467982
frame_000,frame_009,0,9,10,9,False,False,571,"gas pump, gasoline pump, petrol pump, island dispenser",0.4677272608681809,0.7598699288670732,0.7597182989120483,0.24028170108795166,0.0670837602500648,4.8720764800158705,0.16733870967741934,0.571031118056138,3.4124269223595722
frame_000,frame_010,0,10,10,10,False,False,571,"gas pump, gasoline pump, petrol pump, island dispenser",0.4103955179775421,0.8906339062925666,0.7119751572608948,0.2880248427391052,0.06502149987267042,4.926099041959372,0.16532258064516128,0.5057990072876742,3.0594671660327615
frame_000,frame_011,0,11,10,11,False,False,571,"gas pump, gasoline pump, petrol pump, island dispenser",0.4650556133112255,0.7655982820273488,0.7817730903625488,0.21822690963745117,0.0488779732303993,4.860957386652066,0.16129032258064516,0.5427773314771497,3.365219455158328
frame_000,frame_012,0,12,10,12,False,False,571,"gas pump, gasoline pump, petrol pump, island dispenser",0.42141518860876254,0.8641367350514266,0.7413735389709473,0.25862646102905273,0.05615777795528601,4.870707056647072,0.1592741935483871,0.5299881493732033,3.3275205327735295
frame_000,frame_013,0,13,10,13,False,False,571,"gas pump, gasoline pump, petrol pump, island dispenser",0.35587518308563515,1.0331752189179346,0.6717969179153442,0.32820308208465576,0.04947624298213144,4.933715309496372,0.1774193548387097,0.5036653896184289,2.8388412869402355
frame_000,frame_014,0,14,10,14,False,False,671,"mountain bike, all-terrain bike, off-roader",0.2583196815496058,1.3535573853077076,0.6266677379608154,0.37333226203918457,0.049933213580729975,5.02064375613744,0.1975806451612903,0.4959385691347927,2.510056431539359
frame_000,frame_015,0,15,10,15,False,False,571,"gas pump, gasoline pump, petrol pump, island dispenser",0.3615946077990574,1.0172315626354305,0.6987488269805908,0.3012511730194092,0.07388974063091923,5.028438926181378,0.2056451612903226,0.5839760532883667,2.8397266905002927
frame_000,frame_016,0,16,10,16,False,False,571,"gas pump, gasoline pump, petrol pump, island dispenser",0.33582773207839417,1.091156952643256,0.6314173340797424,0.36858266592025757,0.03881353330452406,5.183183589754119,0.18951612903225806,0.451747252928853,2.3836876324756497
frame_000,frame_017,0,17,10,17,False,True,424,barbershop,0.1796729857611138,1.716616826147606,0.5710132122039795,0.4289867877960205,0.06026524389916878,5.116053890188276,0.15120967741935484,0.48977484807003374,3.239044328569823
frame_000,frame_001,0,1,20,1,True,False,427,"barrel, cask",0.868025322433685,0.1415343914366226,0.8901189565658569,0.10988104343414307,0.030304421036975424,5.187595821612149,0.0603448275862069,0.2118056232418043,3.5099217565784713
frame_000,frame_002,0,2,20,2,False,False,427,"barrel, cask",0.48652006384808616,0.7204771369976624,0.6372848749160767,0.36271512508392334,0.030082233275742918,5.243797552392373,0.0668103448275862,0.2362343123214089,3.5358942231333463
frame_000,frame_003,0,3,20,3,False,False,703,park bench,0.16685469120221197,1.7906319578946515,0.531470537185669,0.46852946281433105,0.02014391123392924,5.256289394253596,0.0668103448275862,0.2564379510079048,3.8382970731505752
frame_000,frame_004,0,4,20,4,False,False,830,stretcher,0.3224443622862184,1.1318246776723377,0.5783536434173584,0.4216463565826416,0.02851630389411632,5.171219049708091,0.0603448275862069,0.25373454335800066,4.204743861361154
frame_000,frame_005,0,5,20,5,False,False,830,stretcher,0.24072281006409288,1.424109173148835,0.5384107828140259,0.4615892171859741,0.03063453741523184,5.199577724560687,0.07327586206896551,0.2534556284550069,3.4589238706800947
frame_000,frame_006,0,6,20,6,False,False,690,oxcart,0.32388002173021757,1.1273821350708035,0.6254361271858215,0.37456387281417847,0.030880022983162194,5.124797618301002,0.07758620689655173,0.28342394212528255,3.6530196985036416
frame_000,frame_007,0,7,20,7,False,False,690,oxcart,0.6036107049566009,0.5048258170624744,0.7296586036682129,0.2703413963317871,0.02787932402054102,5.0870466530438705,0.0668103448275862,0.2754035127391899,4.122168706805939
frame_000,frame_008,0,8,20,8,False,False,267,standard poodle,0.20806988794185663,1.5698812559956195,0.5372709035873413,0.4627290964126587,0.03121082840393737,5.045125792404415,0.05603448275862069,0.24028324706618873,4.288131793796599
frame_000,frame_009,0,9,20,9,False,False,671,"mountain bike, all-terrain bike, off-roader",0.5169294840091896,0.659848808342657,0.7881772518157959,0.2118227481842041,0.05293399399306208,5.3296750267374,0.16733870967741934,0.46300030886362,2.766845219233199
frame_000,frame_010,0,10,20,10,False,False,671,"mountain bike, all-terrain bike, off-roader",0.5334577143699544,0.6283754721689707,0.7815133929252625,0.21848660707473755,0.0527188138384348,5.361050263285574,0.16532258064516128,0.3969785464666722,2.401236085944749
frame_000,frame_011,0,11,20,11,False,False,671,"mountain bike, all-terrain bike, off-roader",0.3593353280251907,1.0234992651061994,0.7744160890579224,0.22558391094207764,0.04687482883352273,5.371933802284955,0.16129032258064516,0.4254768770304983,2.6379566375890895
frame_000,frame_012,0,12,20,12,False,False,671,"mountain bike, all-terrain bike, off-roader",0.808980639355146,0.21198029378584948,0.8865999579429626,0.11340004205703735,0.07957668590930077,5.251932531228681,0.1592741935483871,0.4141419224214203,2.600182196468664
frame_000,frame_013,0,13,20,13,False,False,671,"mountain bike, all-terrain bike, off-roader",0.6804922944416909,0.38493878033210915,0.820449948310852,0.17955005168914795,0.04271054972837763,5.4869348774459485,0.1774193548387097,0.4000560872244214,2.2548615825376475
frame_000,frame_014,0,14,20,14,False,False,671,"mountain bike, all-terrain bike, off-roader",0.8361818751542612,0.1789091355466037,0.8835219740867615,0.11647802591323853,0.024035154166496483,5.5536558635724145,0.1975806451612903,0.42031479539754063,2.1273075358895936
frame_000,frame_015,0,15,20,15,False,False,671,"mountain bike, all-terrain bike, off-roader",0.7605211335290226,0.2737513786760988,0.8486178517341614,0.15138214826583862,0.03053530903097979,5.472825566087867,0.2056451612903226,0.4480686199173758,2.1788434850884153
frame_000,frame_016,0,16,20,16,False,False,671,"mountain bike, all-terrain bike, off-roader",0.5113392531473875,0.6707220085787422,0.743193507194519,0.25680649280548096,0.03876210325798231,5.512789258837699,0.18951612903225806,0.400814410100665,2.1149356107439345
frame_000,frame_017,0,17,20,17,False,True,461,"breastplate, aegis, egis",0.11617835471353728,2.1526287280472283,0.49821799993515015,0.5017820000648499,0.03716913908759871,5.421755167544784,0.15120967741935484,0.3918683145238217,2.591555786717541
frame_000,frame_001,0,1,30,1,True,False,427,"barrel, cask",0.9501699689515151,0.05111439570506876,0.9550513029098511,0.044948697090148926,0.030133828570860326,5.146673473265208,0.0603448275862069,0.06394424073083257,1.0596474178252255
frame_000,frame_002,0,2,30,2,False,False,427,"barrel, cask",0.4682223465247182,0.7588119964766911,0.6730970144271851,0.32690298557281494,0.03436929659909657,5.182992050642923,0.0668103448275862,0.06254614288837052,0.9361745258130297
frame_000,frame_003,0,3,30,3,False,False,703,park bench,0.6101297486027049,0.49408364180539177,0.7296810746192932,0.2703189253807068,0.044323892137071816,5.186142145901666,0.0668103448275862,0.09219908419146822,1.3800120988658469
frame_000,frame_004,0,4,30,4,False,False,703,park bench,0.5872315695098212,0.532336040337793,0.7499090433120728,0.25009095668792725,0.03668804810844263,5.150105199040517,0.0603448275862069,0.06669283356329943,1.1051955276203904
frame_000,frame_005,0,5,30,5,False,False,176,"Saluki, gazelle hound",0.24131249009161823,1.4216625460180579,0.6165996789932251,0.3834003210067749,0.033933572723441975,5.0407099402456055,0.07327586206896551,0.0759468939330562,1.0364517289687671
frame_000,frame_006,0,6,30,6,False,False,176,"Saluki, gazelle hound",0.5489991189545718,0.5996584422925249,0.7528809309005737,0.24711906909942627,0.04316712893010592,5.088955633374783,0.07758620689655173,0.12948962802796832,1.668977427916036
frame_000,frame_007,0,7,30,7,False,False,690,oxcart,0.44067465708484543,0.8194484148352803,0.7434937953948975,0.25650620460510254,0.04567015913868176,5.110154064136801,0.0668103448275862,0.10080623784744153,1.508841753587512
frame_000,frame_008,0,8,30,8,False,False,222,kuvasz,0.1429402076461117,1.945328864511132,0.5516124963760376,0.4483875036239624,0.038563951837977305,5.098067193381259,0.05603448275862069,0.09333257019186347,1.6656274065009482
frame_000,frame_009,0,9,30,9,False,False,571,"gas pump, gasoline pump, petrol pump, island dispenser",0.6345850691844325,0.45478392802594403,0.8311722278594971,0.16882777214050293,0.014694919714273304,5.725088315510838,0.16733870967741934,0.14822288747899487,0.8857656890311019
frame_000,frame_010,0,10,30,10,False,False,571,"gas pump, gasoline pump, petrol pump, island dispenser",0.562530125663573,0.5753105896024318,0.8046342134475708,0.1953657865524292,0.01603923029606261,5.7322789086827495,0.16532258064516128,0.12814813696297186,0.7751399504101714
frame_000,frame_011,0,11,30,11,False,False,571,"gas pump, gasoline pump, petrol pump, island dispenser",0.6864937916189195,0.3761580973417056,0.8457199931144714,0.15428000688552856,0.014473215703697279,5.73108219719837,0.16129032258064516,0.12278652430767079,0.7612764507075589
frame_000,frame_012,0,12,30,12,False,False,671,"mountain bike, all-terrain bike, off-roader",0.5457436222758353,0.6056059697846639,0.8335968852043152,0.16640311479568481,0.014280666414521609,5.732931836999271,0.1592741935483871,0.1135158470529069,0.7127070903574915
frame_000,frame_013,0,13,30,13,False,False,671,"mountain bike, all-terrain bike, off-roader",0.35644565131189215,1.0315735014876117,0.767928957939148,0.23207104206085205,0.015424380737971314,5.718911074634965,0.1774193548387097,0.1220664219571835,0.6880107419404887
frame_000,frame_014,0,14,30,14,False,False,671,"mountain bike, all-terrain bike, off-roader",0.5828282025196964,0.5398628144117077,0.7884597778320312,0.21154022216796875,0.017906887329546768,5.70454998854254,0.1975806451612903,0.14632493098989438,0.7405833241937512
frame_000,frame_015,0,15,30,15,False,False,571,"gas pump, gasoline pump, petrol pump, island dispenser",0.5510674699935721,0.5958980272465433,0.8316784501075745,0.16832154989242554,0.01478969113032643,5.739201987796092,0.2056451612903226,0.15924009351478852,0.7743439841503441
frame_000,frame_016,0,16,30,16,False,False,571,"gas pump, gasoline pump, petrol pump, island dispenser",0.48511334441438153,0.7233727155247367,0.7484867572784424,0.2515132427215576,0.014912486883008043,5.704996085013713,0.18951612903225806,0.1219760275842385,0.643618188104067
frame_000,frame_017,0,17,30,17,False,True,634,"lumbermill, sawmill",0.11120424460089627,2.196386727022775,0.5297422409057617,0.4702577590942383,0.015169988429048575,5.689795903409344,0.15120967741935484,0.0897517656757113,0.5935583436687041
frame_000,frame_001,0,1,40,1,True,False,427,"barrel, cask",0.9618308013492145,0.03891672595888751,0.9681369066238403,0.03186309337615967,0.08097217997330532,3.7890015820027205,0.0603448275862069,0.6601416809955624,10.939490713640748
frame_000,frame_002,0,2,40,2,False,False,427,"barrel, cask",0.7010252038733312,0.35521143842365266,0.7950271368026733,0.20497286319732666,0.07166436517946438,3.9101315847970763,0.0668103448275862,0.7183324628974865,10.751814928530122
frame_000,frame_003,0,3,40,3,False,False,703,park bench,0.6030923609431394,0.5056849249242017,0.7996759414672852,0.20032405853271484,0.06523893079476382,3.977613235210798,0.0668103448275862,0.6689718986050496,10.012998740411065
frame_000,frame_004,0,4,40,4,False,False,703,park bench,0.7760661143030261,0.2535175635840279,0.8337574601173401,0.1662425398826599,0.07428724999565739,3.9611515937686574,0.0603448275862069,0.6603251829456731,10.942531603099726
frame_000,frame_005,0,5,40,5,False,False,703,park bench,0.3753318199231409,0.9799447911350967,0.7043607234954834,0.2956392765045166,0.07126963115193298,3.925451974218695,0.07327586206896551,0.6627114368974767,9.044061962365564
frame_000,frame_006,0,6,40,6,False,False,690,oxcart,0.37864694573165647,0.9711510496593627,0.6845386028289795,0.3154613971710205,0.07411693713404387,3.9623329063724113,0.07758620689655173,0.680532369771586,8.77130609927822
frame_000,frame_007,0,7,40,7,False,False,690,oxcart,0.7344646104573682,0.30861346634332465,0.820521354675293,0.17947864532470703,0.07023684783600002,3.8466615499469112,0.0668103448275862,0.7301086702027878,10.928078160454632
frame_000,frame_008,0,8,40,8,False,False,222,kuvasz,0.44056485511993654,0.8196976137510266,0.6575150489807129,0.3424849510192871,0.08933680492653592,3.777786790925183,0.05603448275862069,0.7101582067983213,12.67359261363158
frame_000,frame_009,0,9,40,9,False,False,571,"gas pump, gasoline pump, petrol pump, island dispenser",0.7988403630742438,0.22459414907979536,0.8685666918754578,0.13143330812454224,0.06644632000140917,4.418916875415542,0.16733870967741934,0.6519815221953272,3.896178735046775
frame_000,frame_010,0,10,40,10,False,False,571,"gas pump, gasoline pump, petrol pump, island dispenser",0.6523561264960704,0.42716465988952246,0.8008508086204529,0.19914919137954712,0.07514807715320442,4.482605779138437,0.16532258064516128,0.5877259929256303,3.5550255181843005
frame_000,frame_011,0,11,40,11,False,False,571,"gas pump, gasoline pump, petrol pump, island dispenser",0.7208918042204958,0.3272662164522986,0.8325523734092712,0.16744762659072876,0.05132095545717415,4.466283153012711,0.16129032258064516,0.6672855339741632,4.137170310639812
frame_000,frame_012,0,12,40,12,False,False,571,"gas pump, gasoline pump, petrol pump, island dispenser",0.4970275742283279,0.699109773079817,0.8080443143844604,0.19195568561553955,0.06561952722472986,4.493243963762841,0.1592741935483871,0.6692401639683419,4.201811662383514
frame_000,frame_013,0,13,40,13,False,False,571,"gas pump, gasoline pump, petrol pump, island dispenser",0.34856367835772056,1.0539343442170408,0.7257752418518066,0.27422475814819336,0.08339206093116136,4.479992757711411,0.1774193548387097,0.6365967651262342,3.5880908579842288
frame_000,frame_014,0,14,40,14,False,False,671,"mountain bike, all-terrain bike, off-roader",0.3190115046347506,1.1425281121618691,0.7346013188362122,0.26539868116378784,0.061653277455543665,4.6629142561125665,0.1975806451612903,0.5851961758618958,2.961809216607146
frame_000,frame_015,0,15,40,15,False,False,571,"gas pump, gasoline pump, petrol pump, island dispenser",0.6288486122950898,0.46386473122578,0.8167562484741211,0.1832437515258789,0.04627731713911068,4.695856929693686,0.2056451612903226,0.611094883909215,2.9715986511663783
frame_000,frame_016,0,16,40,16,False,False,571,"gas pump, gasoline pump, petrol pump, island dispenser",0.44209136257100196,0.8162387156151625,0.7271074056625366,0.2728925943374634,0.03498981840956914,4.848602023108167,0.18951612903225806,0.5413370552918276,2.85641680239092
frame_000,frame_017,0,17,40,17,False,True,461,"breastplate, aegis, egis",0.16663544925208607,1.7919467912592149,0.5694838762283325,0.4305161237716675,0.05513483581752253,4.7379281370284945,0.15120967741935484,0.5644640610428758,3.7329889903635523
frame_000,frame_001,0,1,50,1,True,False,427,"barrel, cask",0.9100367822350667,0.09427026024957423,0.9392679333686829,0.06073206663131714,0.06782575676375453,4.438554324169424,0.0603448275862069,0.45745045030735176,7.580607462236115
frame_000,frame_002,0,2,50,2,False,False,427,"barrel, cask",0.3712833163615178,0.9907898518505887,0.7068184614181519,0.29318153858184814,0.07456000134634441,4.3470677019387365,0.0668103448275862,0.5049639337227244,7.5581698466885205
frame_000,frame_003,0,3,50,3,False,False,703,park bench,0.7416860636220446,0.29882922019363267,0.8166495561599731,0.18335044384002686,0.09365491658941882,4.343061069040038,0.0668103448275862,0.499720290909111,7.479684354252501
frame_000,frame_004,0,4,50,4,False,False,703,park bench,0.8383050804104621,0.1763731869839562,0.8759288191795349,0.12407118082046509,0.0741878439403253,4.357776026338363,0.0603448275862069,0.41039704636684304,6.800865339793399
frame_000,frame_005,0,5,50,5,False,False,703,park bench,0.44425318025909044,0.8113606532581086,0.7431313991546631,0.2568686008453369,0.10211414181261136,4.25030320636449,0.07327586206896551,0.49030867865497396,6.69127137929141
frame_000,frame_006,0,6,50,6,False,False,690,oxcart,0.4549769553539817,0.7875085088874849,0.7062128782272339,0.2937871217727661,0.13581724644546847,4.146272031939009,0.07758620689655173,0.6042635101369729,7.788285241765428
frame_000,frame_007,0,7,50,7,False,False,690,oxcart,0.7337103618181345,0.3096409306712564,0.8394277691841125,0.16057223081588745,0.14972371369184087,4.171084372603834,0.0668103448275862,0.5310515270374316,7.948642211140913
frame_000,frame_008,0,8,50,8,False,False,222,kuvasz,0.4627544616650272,0.770558685943401,0.7027443051338196,0.2972556948661804,0.08325375659775734,4.216479723586039,0.05603448275862069,0.45634485727088386,8.144000529757312
frame_000,frame_009,0,9,50,9,False,False,571,"gas pump, gasoline pump, petrol pump, island dispenser",0.5667037539206402,0.567918591652325,0.8340975046157837,0.1659024953842163,0.052408799049202946,4.836821800588005,0.16733870967741934,0.5585485300151165,3.3378321793674433
frame_000,frame_010,0,10,50,10,False,False,571,"gas pump, gasoline pump, petrol pump, island dispenser",0.36612791650554793,1.004772507992159,0.7771263122558594,0.22287368774414062,0.05384690005933489,4.95766612831997,0.16532258064516128,0.48802275528466543,2.9519425197706592
frame_000,frame_011,0,11,50,11,False,False,870,"tricycle, trike, velocipede",0.45329033279887027,0.7912224475392247,0.8291758298873901,0.17082417011260986,0.039484925475955314,4.88993626938939,0.16129032258064516,0.514469883280863,3.1897132763413505
frame_000,frame_012,0,12,50,12,False,False,671,"mountain bike, all-terrain bike, off-roader",0.39534910969388337,0.9279860824118789,0.8169245719909668,0.1830754280090332,0.03820231225630633,4.982759757538107,0.1592741935483871,0.49501648883909605,3.107951626129008
frame_000,frame_013,0,13,50,13,False,False,870,"tricycle, trike, velocipede",0.6549225958156184,0.4232382246573212,0.8402763605117798,0.15972363948822021,0.04305839901202271,5.009961212635844,0.1774193548387097,0.4512800351831641,2.5435783801232885
frame_000,frame_014,0,14,50,14,False,False,671,"mountain bike, all-terrain bike, off-roader",0.6560895089594831,0.42145805276145865,0.8247038722038269,0.1752961277961731,0.060707410748373866,4.889498084827448,0.1975806451612903,0.4759045551906456,2.408659789536329
frame_000,frame_015,0,15,50,15,False,False,671,"mountain bike, all-terrain bike, off-roader",0.5004336253818422,0.692280305640919,0.7848491668701172,0.2151508331298828,0.04659691462150467,5.012866844924736,0.2056451612903226,0.5324224966389882,2.5890348856170404
frame_000,frame_016,0,16,50,16,False,False,571,"gas pump, gasoline pump, petrol pump, island dispenser",0.37157312957982935,0.9900095847219972,0.7360782027244568,0.2639217972755432,0.04475847191168946,5.14498098017026,0.18951612903225806,0.3653449703429502,1.927777715852163
frame_000,frame_017,0,17,50,17,False,True,538,dome,0.3256171622835201,1.1220329365268893,0.6078534126281738,0.39214658737182617,0.04281625124122291,5.153658276958712,0.15120967741935484,0.30509554921127335,2.0176985654505546
frame_001,frame_000,1,0,5,-1,False,False,456,bow,0.49758380254780743,0.6979912892368723,0.6538925170898438,0.34610748291015625,0.03535689811639683,4.950355546291398,0.06465517241379311,0.495788196659549,7.668190775001023
frame_001,frame_002,1,2,5,1,False,False,416,"balance beam, beam",0.1270580964859437,2.0631108444778827,0.5057896375656128,0.4942103624343872,0.026411464432509687,5.005936084727632,0.0668103448275862,0.4843307145824643,7.249337147298821
frame_001,frame_003,1,3,5,2,False,False,416,"balance beam, beam",0.24670547097511758,1.399560079060711,0.5800842046737671,0.4199157953262329,0.022904117097727834,5.108985813071299,0.0668103448275862,0.43778396768149125,6.552637451748772
frame_001,frame_004,1,4,5,3,False,False,416,"balance beam, beam",0.3519510162889743,1.0442632713374098,0.6631804704666138,0.33681952953338623,0.028943151271354276,5.071298023693744,0.0603448275862069,0.4213451482906822,6.982291028817019
frame_001,frame_005,1,5,5,4,False,False,416,"balance beam, beam",0.19867655224640204,1.6160771421933258,0.5442174077033997,0.45578259229660034,0.02868639438609224,5.0229266346382815,0.07327586206896551,0.47396687382557684,6.46825380750199
frame_001,frame_006,1,6,5,5,False,True,345,ox,0.15027276769700426,1.8953031849534416,0.48555344343185425,0.5144465565681458,0.02781961146556558,4.96523889483637,0.07758620689655173,0.530714203153929,6.840316396206196
frame_001,frame_007,1,7,5,6,False,False,416,"balance beam, beam",0.19257299226743255,1.647280016515059,0.5679571628570557,0.43204283714294434,0.03317005180750707,4.985119380888022,0.0668103448275862,0.46736874688717644,6.995454792117738
frame_001,frame_008,1,8,5,7,False,False,981,"ballplayer, baseball player",0.2223945522023052,1.5033022123989612,0.5336836576461792,0.4663163423538208,0.027479476032736695,4.974595803863321,0.05603448275862069,0.4232274210617347,7.55298166817865
frame_001,frame_009,1,9,5,8,True,False,571,"gas pump, gasoline pump, petrol pump, island dispenser",0.9513222780180682,0.04990239054496648,0.9520183205604553,0.04798167943954468,0.012641739063919914,5.646953605197169,0.16733870967741934,0.4106908871467102,2.4542491569249187
frame_001,frame_010,1,10,5,9,False,False,571,"gas pump, gasoline pump, petrol pump, island dispenser",0.9424442748052307,0.05927848628300225,0.9427655339241028,0.05723446607589722,0.01220328006575556,5.668042435811955,0.16532258064516128,0.4075216056103058,2.465008736374533
frame_001,frame_011,1,11,5,10,False,False,571,"gas pump, gasoline pump, petrol pump, island dispenser",0.8796966224413675,0.12817817817458987,0.898993730545044,0.10100626945495605,0.015441084393183457,5.648067487389649,0.16129032258064516,0.4086079715738392,2.533369423757803
frame_001,frame_012,1,12,5,11,False,False,571,"gas pump, gasoline pump, petrol pump, island dispenser",0.8433070265995993,0.17042418017063188,0.8798789381980896,0.1201210618019104,0.011900755487007003,5.683653559240003,0.1592741935483871,0.39611064730912604,2.486973178042108
frame_001,frame_013,1,13,5,12,False,False,571,"gas pump, gasoline pump, petrol pump, island dispenser",0.8235485851029746,0.19413273280122212,0.8535465002059937,0.14645349979400635,0.01172522193895885,5.702653865651017,0.1774193548387097,0.4135563049403298,2.330953718754586
frame_001,frame_014,1,14,5,13,False,False,571,"gas pump, gasoline pump, petrol pump, island dispenser",0.7389623007348575,0.3025083732257734,0.7906394004821777,0.20936059951782227,0.012801086454121934,5.7087964159036515,0.1975806451612903,0.42400149586445895,2.1459667545793026
frame_001,frame_015,1,15,5,14,False,False,571,"gas pump, gasoline pump, petrol pump, island dispenser",0.7894104010144252,0.23646893999217333,0.8257780075073242,0.17422199249267578,0.01511824876364272,5.7001319541414865,0.2056451612903226,0.44270543809283386,2.1527636989612313
frame_001,frame_016,1,16,5,15,False,False,571,"gas pump, gasoline pump, petrol pump, island dispenser",0.6606383161862884,0.41454876560897524,0.7372978329658508,0.26270216703414917,0.014998848489085633,5.750411693990928,0.18951612903225806,0.3870025252683806,2.0420558780118805
frame_001,frame_017,1,17,5,16,False,False,571,"gas pump, gasoline pump, petrol pump, island dispenser",0.12841293716674265,2.0525041360515646,0.4941794276237488,0.5058205723762512,0.018584391062085377,5.739376068585093,0.15120967741935484,0.3262486922847637,2.1575913516432372
frame_001,frame_000,1,0,10,-1,False,False,427,"barrel, cask",0.38322732718313235,0.9591269223197074,0.7004343867301941,0.2995656132698059,0.07839017358293139,4.466473535468895,0.06465517241379311,0.4388895777670671,6.788158802797304
frame_001,frame_002,1,2,10,1,False,False,703,park bench,0.34485230782604126,1.064639046866707,0.703119695186615,0.296880304813385,0.05270992512408506,4.618437240415927,0.0668103448275862,0.4132767615269909,6.185819914468509
frame_001,frame_003,1,3,10,2,False,False,703,park bench,0.7159531503737359,0.3341405466012033,0.8343991041183472,0.16560089588165283,0.04256393749589916,4.715804891450459,0.0668103448275862,0.4431168769130835,6.632459060892605
frame_001,frame_004,1,4,10,3,True,False,416,"balance beam, beam",0.7864446442698048,0.24023294132591544,0.8726201057434082,0.1273798942565918,0.05100245025141576,4.6144557544766345,0.0603448275862069,0.4019770451783814,6.6613338915274625
frame_001,frame_005,1,5,10,4,False,False,703,park bench,0.33452067883707987,1.095056581183893,0.6874179840087891,0.31258201599121094,0.06822764187380335,4.623341904475197,0.07327586206896551,0.4074262126209574,5.5601694898860075
frame_001,frame_006,1,6,10,5,False,False,690,oxcart,0.5149142476405989,0.6637549016183664,0.7682139873504639,0.23178601264953613,0.04370562669524822,4.585988922239983,0.07758620689655173,0.4617527875353563,5.951480372677926
frame_001,frame_007,1,7,10,6,False,False,690,oxcart,0.7378373705961049,0.30403184371153724,0.8676667213439941,0.13233327865600586,0.03802203832953641,4.652293378537971,0.0668103448275862,0.4356760817752946,6.521087159475377
frame_001,frame_008,1,8,10,7,False,False,690,oxcart,0.1858635430700305,1.6827425139224588,0.5831934213638306,0.41680657863616943,0.05712791001139225,4.51264710394395,0.05603448275862069,0.39660677308808706,7.07790548895663
frame_001,frame_009,1,9,10,8,False,False,571,"gas pump, gasoline pump, petrol pump, island dispenser",0.4677272608681809,0.7598699288670732,0.7597182989120483,0.24028170108795166,0.07693005373223055,4.8006745871547505,0.16733870967741934,0.5950339192584552,3.555865348821612
frame_001,frame_010,1,10,10,9,False,False,571,"gas pump, gasoline pump, petrol pump, island dispenser",0.4103955179775421,0.8906339062925666,0.7119751572608948,0.2880248427391052,0.07676735382965057,4.849458775407859,0.16532258064516128,0.5191379662245563,3.1401516005778043
frame_001,frame_011,1,11,10,10,False,False,571,"gas pump, gasoline pump, petrol pump, island dispenser",0.4650556133112255,0.7655982820273488,0.7817730903625488,0.21822690963745117,0.04851272739928234,4.785365604134379,0.16129032258064516,0.5659889874764374,3.5091317223539122
frame_001,frame_012,1,12,10,11,False,False,571,"gas pump, gasoline pump, petrol pump, island dispenser",0.42141518860876254,0.8641367350514266,0.7413735389709473,0.25862646102905273,0.0654768210332039,4.779913963294522,0.1592741935483871,0.555049359904057,3.4848668672457253
frame_001,frame_013,1,13,10,12,False,False,571,"gas pump, gasoline pump, petrol pump, island dispenser",0.35587518308563515,1.0331752189179346,0.6717969179153442,0.32820308208465576,0.05287344789952573,4.867782351665354,0.1774193548387097,0.5349181417731721,3.0149931627215154
frame_001,frame_014,1,14,10,13,False,False,671,"mountain bike, all-terrain bike, off-roader",0.2583196815496058,1.3535573853077076,0.6266677379608154,0.37333226203918457,0.0464367971133894,4.978756719922915,0.1975806451612903,0.5150204219062603,2.606633972096991
frame_001,frame_015,1,15,10,14,False,False,571,"gas pump, gasoline pump, petrol pump, island dispenser",0.3615946077990574,1.0172315626354305,0.6987488269805908,0.3012511730194092,0.07066748960645022,4.985186984157157,0.2056451612903226,0.609989828197822,2.9662250469227422
frame_001,frame_016,1,16,10,15,False,False,571,"gas pump, gasoline pump, petrol pump, island dispenser",0.33582773207839417,1.091156952643256,0.6314173340797424,0.36858266592025757,0.039498291583042404,5.134048033993297,0.18951612903225806,0.47653683274152225,2.514492223827607
frame_001,frame_017,1,17,10,16,False,True,424,barbershop,0.1796729857611138,1.716616826147606,0.5710132122039795,0.4289867877960205,0.05586544798526568,5.061789449107572,0.15120967741935484,0.5131493826519591,3.3936279172716226
frame_001,frame_000,1,0,20,-1,False,False,427,"barrel, cask",0.8040723091848628,0.2180660770501489,0.8484165668487549,0.15158343315124512,0.030123188778245,5.060257040609029,0.06465517241379311,0.23564210207415007,3.6445978454135206
frame_001,frame_002,1,2,20,1,False,False,427,"barrel, cask",0.48652006384808616,0.7204771369976624,0.6372848749160767,0.36271512508392334,0.02985224305565079,5.236413343714409,0.0668103448275862,0.2236156019557593,3.3470206228216877
frame_001,frame_003,1,3,20,2,False,False,703,park bench,0.16685469120221197,1.7906319578946515,0.531470537185669,0.46852946281433105,0.0243550039724845,5.240738340742533,0.0668103448275862,0.2402676470456725,3.59626413642555
frame_001,frame_004,1,4,20,3,False,False,830,stretcher,0.3224443622862184,1.1318246776723377,0.5783536434173584,0.4216463565826416,0.030449675499327342,5.138790109604416,0.0603448275862069,0.2365434307010527,3.9198625659031587
frame_001,frame_005,1,5,20,4,False,False,830,stretcher,0.24072281006409288,1.424109173148835,0.5384107828140259,0.4615892171859741,0.029275905075033234,5.18376948708731,0.07327586206896551,0.237964377672876,3.247513860006308
frame_001,frame_006,1,6,20,5,False,False,690,oxcart,0.32388002173021757,1.1273821350708035,0.6254361271858215,0.37456387281417847,0.030764809694169983,5.1191912377024655,0.07758620689655173,0.27225800961844937,3.5091032350822364
frame_001,frame_007,1,7,20,6,False,False,690,oxcart,0.6036107049566009,0.5048258170624744,0.7296586036682129,0.2703413963317871,0.03204011871001161,5.050880307452064,0.0668103448275862,0.2619023319125758,3.9200865163688765
frame_001,frame_008,1,8,20,7,False,False,267,standard poodle,0.20806988794185663,1.5698812559956195,0.5372709035873413,0.4627290964126587,0.029518984366879858,5.021633313775716,0.05603448275862069,0.22325927887138897,3.9843194383201723
frame_001,frame_009,1,9,20,8,False,False,671,"mountain bike, all-terrain bike, off-roader",0.5169294840091896,0.659848808342657,0.7881772518157959,0.2118227481842041,0.062150896135486036,5.269180359357703,0.16733870967741934,0.47268065143639026,2.824694013403007
frame_001,frame_010,1,10,20,9,False,False,671,"mountain bike, all-terrain bike, off-roader",0.5334577143699544,0.6283754721689707,0.7815133929252625,0.21848660707473755,0.06095302153855987,5.304014434581644,0.16532258064516128,0.39741086111640345,2.4038510623626355
frame_001,frame_011,1,11,20,10,False,False,671,"mountain bike, all-terrain bike, off-roader",0.3593353280251907,1.0234992651061994,0.7744160890579224,0.22558391094207764,0.054869810009746674,5.326848098347382,0.16129032258064516,0.42850264959751994,2.6567164275046236
frame_001,frame_012,1,12,20,11,True,False,671,"mountain bike, all-terrain bike, off-roader",0.808980639355146,0.21198029378584948,0.8865999579429626,0.11340004205703735,0.09341400984506658,5.175858857212319,0.1592741935483871,0.42355901137891827,2.6593072106828286
frame_001,frame_013,1,13,20,12,False,False,671,"mountain bike, all-terrain bike, off-roader",0.6804922944416909,0.38493878033210915,0.820449948310852,0.17955005168914795,0.05282319679718588,5.439790736419442,0.1774193548387097,0.4113935035931679,2.3187633838887645
frame_001,frame_014,1,14,20,13,False,False,671,"mountain bike, all-terrain bike, off-roader",0.8361818751542612,0.1789091355466037,0.8835219740867615,0.11647802591323853,0.029577454498737537,5.504522230692426,0.1975806451612903,0.4235892658729845,2.143880366051024
frame_001,frame_015,1,15,20,14,False,False,671,"mountain bike, all-terrain bike, off-roader",0.7605211335290226,0.2737513786760988,0.8486178517341614,0.15138214826583862,0.03390927565435486,5.429405318623836,0.2056451612903226,0.4528540463250325,2.2021137938942754
frame_001,frame_016,1,16,20,15,False,False,671,"mountain bike, all-terrain bike, off-roader",0.5113392531473875,0.6707220085787422,0.743193507194519,0.25680649280548096,0.043715466260050524,5.462191704334014,0.18951612903225806,0.4064068017511974,2.1444444007297228
frame_001,frame_017,1,17,20,16,False,True,461,"breastplate, aegis, egis",0.11617835471353728,2.1526287280472283,0.49821799993515015,0.5017820000648499,0.04137751456440066,5.371638486604329,0.15120967741935484,0.39851136145720195,2.6354884704369623
frame_001,frame_000,1,0,30,-1,True,False,427,"barrel, cask",0.7838662424572405,0.2435168822977818,0.8600332140922546,0.13996678590774536,0.02462960960697539,5.156675908155091,0.06465517241379311,0.0694483262029589,1.0741341119390977
frame_001,frame_002,1,2,30,1,False,False,427,"barrel, cask",0.4682223465247182,0.7588119964766911,0.6730970144271851,0.32690298557281494,0.02703373675605716,5.209329500915846,0.0668103448275862,0.06297861255393646,0.9426476201621458
frame_001,frame_003,1,3,30,2,False,False,703,park bench,0.6101297486027049,0.49408364180539177,0.7296810746192932,0.2703189253807068,0.03794283852534002,5.205112129560569,0.0668103448275862,0.0969008188633084,1.4503864500830677
frame_001,frame_004,1,4,30,3,False,False,703,park bench,0.5872315695098212,0.532336040337793,0.7499090433120728,0.25009095668792725,0.03705299645800476,5.144625484142761,0.0603448275862069,0.06943883144672051,1.150700635402797
frame_001,frame_005,1,5,30,4,False,False,176,"Saluki, gazelle hound",0.24131249009161823,1.4216625460180579,0.6165996789932251,0.3834003210067749,0.04069593571889174,5.025647646226579,0.07327586206896551,0.07628096028599847,1.041010752138332
frame_001,frame_006,1,6,30,5,False,False,176,"Saluki, gazelle hound",0.5489991189545718,0.5996584422925249,0.7528809309005737,0.24711906909942627,0.03574576224718443,5.108396044414998,0.07758620689655173,0.1359238122122124,1.751906912957404
frame_001,frame_007,1,7,30,6,False,False,690,oxcart,0.44067465708484543,0.8194484148352803,0.7434937953948975,0.25650620460510254,0.03928433656128327,5.119710572136558,0.0668103448275862,0.09706228870402288,1.4528032889892457
frame_001,frame_008,1,8,30,7,False,False,222,kuvasz,0.1429402076461117,1.945328864511132,0.5516124963760376,0.4483875036239624,0.03644946605255559,5.0962807141761015,0.05603448275862069,0.10066354700869885,1.7964571466167796
frame_001,frame_009,1,9,30,8,False,False,571,"gas pump, gasoline pump, petrol pump, island dispenser",0.6345850691844325,0.45478392802594403,0.8311722278594971,0.16882777214050293,0.014023297608061406,5.701035106064252,0.16733870967741934,0.16182977014819006,0.9670791083554491
frame_001,frame_010,1,10,30,9,False,False,571,"gas pump, gasoline pump, petrol pump, island dispenser",0.562530125663573,0.5753105896024318,0.8046342134475708,0.1953657865524292,0.015585954496962488,5.716691638994989,0.16532258064516128,0.1350495864120469,0.816885303175308
frame_001,frame_011,1,11,30,10,False,False,571,"gas pump, gasoline pump, petrol pump, island dispenser",0.6864937916189195,0.3761580973417056,0.8457199931144714,0.15428000688552856,0.013940778518943391,5.7093680492718315,0.16129032258064516,0.13508276371122147,0.8375131350095731
frame_001,frame_012,1,12,30,11,False,False,671,"mountain bike, all-terrain bike, off-roader",0.5457436222758353,0.6056059697846639,0.8335968852043152,0.16640311479568481,0.013476410867496617,5.717594291391548,0.1592741935483871,0.12290705903774507,0.7716696364901463
frame_001,frame_013,1,13,30,12,False,False,671,"mountain bike, all-terrain bike, off-roader",0.35644565131189215,1.0315735014876117,0.767928957939148,0.23207104206085205,0.015133754419120403,5.7025000026153,0.1774193548387097,0.13397928473789975,0.7551559685227076
frame_001,frame_014,1,14,30,13,False,False,671,"mountain bike, all-terrain bike, off-roader",0.5828282025196964,0.5398628144117077,0.7884597778320312,0.21154022216796875,0.01599280734279223,5.691886355843928,0.1975806451612903,0.15292697496336183,0.7739977508349741
frame_001,frame_015,1,15,30,14,False,False,571,"gas pump, gasoline pump, petrol pump, island dispenser",0.5510674699935721,0.5958980272465433,0.8316784501075745,0.16832154989242554,0.013999499922603072,5.721685967632126,0.2056451612903226,0.17250973840177014,0.8388708847772351
frame_001,frame_016,1,16,30,15,False,False,571,"gas pump, gasoline pump, petrol pump, island dispenser",0.48511334441438153,0.7233727155247367,0.7484867572784424,0.2515132427215576,0.014937677659513041,5.684302477009318,0.18951612903225806,0.13338892579575015,0.703839438241405
frame_001,frame_017,1,17,30,16,False,True,634,"lumbermill, sawmill",0.11120424460089627,2.196386727022775,0.5297422409057617,0.4702577590942383,0.01612265618257853,5.666480553503726,0.15120967741935484,0.097080229179394,0.6420239156397256
frame_001,frame_000,1,0,40,-1,True,False,427,"barrel, cask",0.863487600759869,0.14677574078064293,0.9134289026260376,0.0865710973739624,0.12639120274265642,3.7018282867685004,0.06465517241379311,0.7311399269266285,11.308297536465188
frame_001,frame_002,1,2,40,1,False,False,427,"barrel, cask",0.7010252038733312,0.35521143842365266,0.7950271368026733,0.20497286319732666,0.07959976627726092,3.8871258844860774,0.0668103448275862,0.7091597875437212,10.61452069097699
frame_001,frame_003,1,3,40,2,False,False,703,park bench,0.6030923609431394,0.5056849249242017,0.7996759414672852,0.20032405853271484,0.06495866206490715,3.9585459372124703,0.0668103448275862,0.6570379029121391,9.834373772620406
frame_001,frame_004,1,4,40,3,False,False,703,park bench,0.7760661143030261,0.2535175635840279,0.8337574601173401,0.1662425398826599,0.07256055477927523,3.9158657260184118,0.0603448275862069,0.6518129138079112,10.801471143102528
frame_001,frame_005,1,5,40,4,False,False,703,park bench,0.3753318199231409,0.9799447911350967,0.7043607234954834,0.2956392765045166,0.07798635677365229,3.906575080018868,0.07327586206896551,0.6553592846320084,8.943726707919174
frame_001,frame_006,1,6,40,5,False,False,690,oxcart,0.37864694573165647,0.9711510496593627,0.6845386028289795,0.3154613971710205,0.06879657662261883,3.938857988286327,0.07758620689655173,0.6630554538452683,8.546048071783458
frame_001,frame_007,1,7,40,6,False,False,690,oxcart,0.7344646104573682,0.30861346634332465,0.820521354675293,0.17947864532470703,0.07648867371489022,3.8247433168493083,0.0668103448275862,0.7228762733011617,10.819825510056098
frame_001,frame_008,1,8,40,7,False,False,222,kuvasz,0.44056485511993654,0.8196976137510266,0.6575150489807129,0.3424849510192871,0.10571637681788401,3.729525621369869,0.05603448275862069,0.7103408594637528,12.676852261199281
frame_001,frame_009,1,9,40,8,False,False,571,"gas pump, gasoline pump, petrol pump, island dispenser",0.7988403630742438,0.22459414907979536,0.8685666918754578,0.13143330812454224,0.0688162594665501,4.340699546418923,0.16733870967741934,0.6680533223794091,3.992222263857674
frame_001,frame_010,1,10,40,9,False,False,571,"gas pump, gasoline pump, petrol pump, island dispenser",0.6523561264960704,0.42716465988952246,0.8008508086204529,0.19914919137954712,0.07944020599383221,4.389231256757425,0.16532258064516128,0.5946917357997176,3.5971597677641456
frame_001,frame_011,1,11,40,10,False,False,571,"gas pump, gasoline pump, petrol pump, island dispenser",0.7208918042204958,0.3272662164522986,0.8325523734092712,0.16744762659072876,0.05729582967267427,4.383278459257865,0.16129032258064516,0.6812309087422981,4.223631634202248
frame_001,frame_012,1,12,40,11,False,False,571,"gas pump, gasoline pump, petrol pump, island dispenser",0.4970275742283279,0.699109773079817,0.8080443143844604,0.19195568561553955,0.07428514358803044,4.385564135862254,0.1592741935483871,0.6822773723966892,4.28366552795896
frame_001,frame_013,1,13,40,12,False,False,571,"gas pump, gasoline pump, petrol pump, island dispenser",0.34856367835772056,1.0539343442170408,0.7257752418518066,0.27422475814819336,0.0912742970363356,4.3904636160515755,0.1774193548387097,0.6588593537876581,3.7135709031668003
frame_001,frame_014,1,14,40,13,False,False,671,"mountain bike, all-terrain bike, off-roader",0.3190115046347506,1.1425281121618691,0.7346013188362122,0.26539868116378784,0.06479850531762907,4.566787265456532,0.1975806451612903,0.6010429103460271,3.042013097261525
frame_001,frame_015,1,15,40,14,False,False,571,"gas pump, gasoline pump, petrol pump, island dispenser",0.6288486122950898,0.46386473122578,0.8167562484741211,0.1832437515258789,0.051649389623787435,4.560818548775811,0.2056451612903226,0.6185931496968724,3.008060806369105
frame_001,frame_016,1,16,40,15,False,False,571,"gas pump, gasoline pump, petrol pump, island dispenser",0.44209136257100196,0.8162387156151625,0.7271074056625366,0.2728925943374634,0.03880239604014729,4.747610151052396,0.18951612903225806,0.5558988512527735,2.933253512993358
frame_001,frame_017,1,17,40,16,False,True,461,"breastplate, aegis, egis",0.16663544925208607,1.7919467912592149,0.5694838762283325,0.4305161237716675,0.058401739212353004,4.636033864531145,0.15120967741935484,0.5834480521269467,3.858536451399541
frame_001,frame_000,1,0,50,-1,False,False,427,"barrel, cask",0.6244497692334475,0.47088438622480067,0.8539811372756958,0.1460188627243042,0.08096031722324443,4.341881301427335,0.06465517241379311,0.5001401087916275,7.735500349310505
frame_001,frame_002,1,2,50,1,False,False,427,"barrel, cask",0.3712833163615178,0.9907898518505887,0.7068184614181519,0.29318153858184814,0.06974011603341498,4.385397995290359,0.0668103448275862,0.47676320681932377,7.136068644005363
frame_001,frame_003,1,3,50,2,False,False,703,park bench,0.7416860636220446,0.29882922019363267,0.8166495561599731,0.18335044384002686,0.08280188474395932,4.390016100403116,0.0668103448275862,0.47299597373149094,7.079681671335865
frame_001,frame_004,1,4,50,3,True,False,703,park bench,0.8383050804104621,0.1763731869839562,0.8759288191795349,0.12407118082046509,0.0828974813850475,4.362221829577072,0.0603448275862069,0.3809590060067731,6.313034956683668
frame_001,frame_005,1,5,50,4,False,False,703,park bench,0.44425318025909044,0.8113606532581086,0.7431313991546631,0.2568686008453369,0.10236632551233704,4.255582943700452,0.07327586206896551,0.47519054621886153,6.484953336633875
frame_001,frame_006,1,6,50,5,False,False,690,oxcart,0.4549769553539817,0.7875085088874849,0.7062128782272339,0.2937871217727661,0.12387682698665298,4.157930277757817,0.07758620689655173,0.5886581367799326,7.587149318496909
frame_001,frame_007,1,7,50,6,False,False,690,oxcart,0.7337103618181345,0.3096409306712564,0.8394277691841125,0.16057223081588745,0.14156305746642966,4.1992572346582175,0.0668103448275862,0.5056681148955402,7.568709848759054
frame_001,frame_008,1,8,50,7,False,False,222,kuvasz,0.4627544616650272,0.770558685943401,0.7027443051338196,0.2972556948661804,0.07856078404677033,4.234922445539297,0.05603448275862069,0.4274061981390564,7.627556766789314
frame_001,frame_009,1,9,50,8,False,False,571,"gas pump, gasoline pump, petrol pump, island dispenser",0.5667037539206402,0.567918591652325,0.8340975046157837,0.1659024953842163,0.05612628546743551,4.77905509022932,0.16733870967741934,0.5649305098286708,3.375970275602659
frame_001,frame_010,1,10,50,9,False,False,571,"gas pump, gasoline pump, petrol pump, island dispenser",0.36612791650554793,1.004772507992159,0.7771263122558594,0.22287368774414062,0.0702300669027459,4.900548714285561,0.16532258064516128,0.47548830826187155,2.87612440119376
frame_001,frame_011,1,11,50,10,False,False,870,"tricycle, trike, velocipede",0.45329033279887027,0.7912224475392247,0.8291758298873901,0.17082417011260986,0.048965394932034896,4.843792347826565,0.16129032258064516,0.5086101560240199,3.1533829673489238
frame_001,frame_012,1,12,50,11,False,False,671,"mountain bike, all-terrain bike, off-roader",0.39534910969388337,0.9279860824118789,0.8169245719909668,0.1830754280090332,0.040607735669443465,4.918588330536319,0.1592741935483871,0.4892905295263166,3.0720012993044685
frame_001,frame_013,1,13,50,12,False,False,870,"tricycle, trike, velocipede",0.6549225958156184,0.4232382246573212,0.8402763605117798,0.15972363948822021,0.056111991350932186,4.961079482355025,0.1774193548387097,0.45777002117269494,2.5801583011551896
frame_001,frame_014,1,14,50,13,False,False,671,"mountain bike, all-terrain bike, off-roader",0.6560895089594831,0.42145805276145865,0.8247038722038269,0.1752961277961731,0.058810518587117604,4.83890396305084,0.1975806451612903,0.4694996759598317,2.3762432579191484
frame_001,frame_015,1,15,50,14,False,False,671,"mountain bike, all-terrain bike, off-roader",0.5004336253818422,0.692280305640919,0.7848491668701172,0.2151508331298828,0.048927287093813235,4.918067893819826,0.2056451612903226,0.5407740152291153,2.6296461917023644
frame_001,frame_016,1,16,50,15,False,False,571,"gas pump, gasoline pump, petrol pump, island dispenser",0.37157312957982935,0.9900095847219972,0.7360782027244568,0.2639217972755432,0.05926576973398381,5.069486980935871,0.18951612903225806,0.36509098381393906,1.9264375316139764
frame_001,frame_017,1,17,50,16,False,True,538,dome,0.3256171622835201,1.1220329365268893,0.6078534126281738,0.39214658737182617,0.05507477377580708,5.069608355097029,0.15120967741935484,0.3036431612078244,2.008093439454412
frame_002,frame_000,2,0,5,-2,False,False,456,bow,0.49758380254780743,0.6979912892368723,0.6538925170898438,0.34610748291015625,0.035532042682975586,4.9889297386136615,0.06465517241379311,0.4843876092919638,7.491861690382373
frame_002,frame_001,2,1,5,-1,False,False,456,bow,0.3960163754630391,0.9262997164032427,0.6408478617668152,0.3591521382331848,0.03602032707547169,5.05134786865314,0.0603448275862069,0.4462310622657871,7.394686174690186
frame_002,frame_003,2,3,5,1,False,False,416,"balance beam, beam",0.24670547097511758,1.399560079060711,0.5800842046737671,0.4199157953262329,0.02334489481620958,5.1400030052775945,0.0668103448275862,0.4309596711878278,6.450493142940391
frame_002,frame_004,2,4,5,2,False,False,416,"balance beam, beam",0.3519510162889743,1.0442632713374098,0.6631804704666138,0.33681952953338623,0.029298204371989878,5.100187033072761,0.0603448275862069,0.41542464031388526,6.884179753772956
frame_002,frame_005,2,5,5,3,False,False,416,"balance beam, beam",0.19867655224640204,1.6160771421933258,0.5442174077033997,0.45578259229660034,0.027937632479934794,5.051162372250883,0.07327586206896551,0.46412700609883956,6.333968553819458
frame_002,frame_006,2,6,5,4,False,True,345,ox,0.15027276769700426,1.8953031849534416,0.48555344343185425,0.5144465565681458,0.027163436882816677,4.994215709381405,0.07758620689655173,0.524832588260675,6.764508915359811
frame_002,frame_007,2,7,5,5,False,False,416,"balance beam, beam",0.19257299226743255,1.647280016515059,0.5679571628570557,0.43204283714294434,0.03064249467470826,5.015454414969427,0.0668103448275862,0.46016456290251107,6.887624425379521
frame_002,frame_008,2,8,5,6,False,False,981,"ballplayer, baseball player",0.2223945522023052,1.5033022123989612,0.5336836576461792,0.4663163423538208,0.027862446497245324,5.000089262314267,0.05603448275862069,0.41758893718410584,7.452356417439427
frame_002,frame_009,2,9,5,7,True,False,571,"gas pump, gasoline pump, petrol pump, island dispenser",0.9513222780180682,0.04990239054496648,0.9520183205604553,0.04798167943954468,0.012600221581147033,5.6538573565380705,0.16733870967741934,0.40833084223464655,2.440145756004635
frame_002,frame_010,2,10,5,8,False,False,571,"gas pump, gasoline pump, petrol pump, island dispenser",0.9424442748052307,0.05927848628300225,0.9427655339241028,0.05723446607589722,0.012214303056821068,5.675816951365718,0.16532258064516128,0.40525367194731376,2.4512905034861907
frame_002,frame_011,2,11,5,9,False,False,571,"gas pump, gasoline pump, petrol pump, island dispenser",0.8796966224413675,0.12817817817458987,0.898993730545044,0.10100626945495605,0.01552811807998905,5.655475203602791,0.16129032258064516,0.4073658682086392,2.525668382893563
frame_002,frame_012,2,12,5,10,False,False,571,"gas pump, gasoline pump, petrol pump, island dispenser",0.8433070265995993,0.17042418017063188,0.8798789381980896,0.1201210618019104,0.011394648869543975,5.692153863443053,0.1592741935483871,0.39440877501596117,2.4762880051635032
frame_002,frame_013,2,13,5,11,False,False,571,"gas pump, gasoline pump, petrol pump, island dispenser",0.8235485851029746,0.19413273280122212,0.8535465002059937,0.14645349979400635,0.01207167924635334,5.70833805250302,0.1774193548387097,0.41143031392128626,2.3189708602836134
frame_002,frame_014,2,14,5,12,False,False,571,"gas pump, gasoline pump, petrol pump, island dispenser",0.7389623007348575,0.3025083732257734,0.7906394004821777,0.20936059951782227,0.013011199450912675,5.714280324344404,0.1975806451612903,0.4209582440072032,2.130564173750743
frame_002,frame_015,2,15,5,13,False,False,571,"gas pump, gasoline pump, petrol pump, island dispenser",0.7894104010144252,0.23646893999217333,0.8257780075073242,0.17422199249267578,0.01500605159741832,5.710690912346138,0.2056451612903226,0.4392588975534595,2.1360040508481952
frame_002,frame_016,2,16,5,14,False,False,571,"gas pump, gasoline pump, petrol pump, island dispenser",0.6606383161862884,0.41454876560897524,0.7372978329658508,0.26270216703414917,0.014520280862268435,5.758633507564237,0.18951612903225806,0.3835090767831304,2.0236223626003476
frame_002,frame_017,2,17,5,15,False,False,571,"gas pump, gasoline pump, petrol pump, island dispenser",0.12841293716674265,2.0525041360515646,0.4941794276237488,0.5058205723762512,0.019106989616527605,5.743595682779873,0.15120967741935484,0.32486518460205177,2.1484417541682355
frame_002,frame_000,2,0,10,-2,False,False,427,"barrel, cask",0.38322732718313235,0.9591269223197074,0.7004343867301941,0.2995656132698059,0.07154032834017096,4.526499082343235,0.06465517241379311,0.4137251887540494,6.39894958606263
frame_002,frame_001,2,1,10,-1,False,False,690,oxcart,0.5705818530927173,0.5610986439108583,0.7628535032272339,0.2371464967727661,0.09066920704250682,4.601510495646277,0.0603448275862069,0.33621525730672175,5.5715671210828175
frame_002,frame_003,2,3,10,1,False,False,703,park bench,0.7159531503737359,0.3341405466012033,0.8343991041183472,0.16560089588165283,0.042976942064042976,4.7776801041666275,0.0668103448275862,0.41975953833218266,6.28285244471396
frame_002,frame_004,2,4,10,2,True,False,416,"balance beam, beam",0.7864446442698048,0.24023294132591544,0.8726201057434082,0.1273798942565918,0.04941585019811185,4.675768376107888,0.0603448275862069,0.37262210045465327,6.1748805218199685
frame_002,frame_005,2,5,10,3,False,False,703,park bench,0.33452067883707987,1.095056581183893,0.6874179840087891,0.31258201599121094,0.06366343191381683,4.6827923622305985,0.07327586206896551,0.3900420001622297,5.322926119861017
frame_002,frame_006,2,6,10,4,False,False,690,oxcart,0.5149142476405989,0.6637549016183664,0.7682139873504639,0.23178601264953613,0.04830804059286498,4.6295628056061595,0.07758620689655173,0.4396099067920743,5.666083243097846
frame_002,frame_007,2,7,10,5,False,False,690,oxcart,0.7378373705961049,0.30403184371153724,0.8676667213439941,0.13233327865600586,0.04017489401547409,4.701188801415299,0.0668103448275862,0.40641526188878374,6.083118758593408
frame_002,frame_008,2,8,10,6,False,False,690,oxcart,0.1858635430700305,1.6827425139224588,0.5831934213638306,0.41680657863616943,0.05720465387081367,4.5439475231622986,0.05603448275862069,0.36193051262310444,6.4590676098892486
frame_002,frame_009,2,9,10,7,False,False,571,"gas pump, gasoline pump, petrol pump, island dispenser",0.4677272608681809,0.7598699288670732,0.7597182989120483,0.24028170108795166,0.07819429095021259,4.797905004443351,0.16733870967741934,0.586045000569126,3.502148437135982
frame_002,frame_010,2,10,10,8,False,False,571,"gas pump, gasoline pump, petrol pump, island dispenser",0.4103955179775421,0.8906339062925666,0.7119751572608948,0.2880248427391052,0.0774397259785942,4.847371702382455,0.16532258064516128,0.5063685872418384,3.0629124301457544
frame_002,frame_011,2,11,10,9,False,False,571,"gas pump, gasoline pump, petrol pump, island dispenser",0.4650556133112255,0.7655982820273488,0.7817730903625488,0.21822690963745117,0.05337417932395688,4.786379195407846,0.16129032258064516,0.5583843812417458,3.4619831636988243
frame_002,frame_012,2,12,10,10,False,False,571,"gas pump, gasoline pump, petrol pump, island dispenser",0.42141518860876254,0.8641367350514266,0.7413735389709473,0.25862646102905273,0.06279173439360437,4.782279261525572,0.1592741935483871,0.5441671636155468,3.416543204472294
frame_002,frame_013,2,13,10,11,False,False,571,"gas pump, gasoline pump, petrol pump, island dispenser",0.35587518308563515,1.0331752189179346,0.6717969179153442,0.32820308208465576,0.05167312880781017,4.873978752312729,0.1774193548387097,0.5237584246176636,2.952092938754104
frame_002,frame_014,2,14,10,12,False,False,671,"mountain bike, all-terrain bike, off-roader",0.2583196815496058,1.3535573853077076,0.6266677379608154,0.37333226203918457,0.051237604948324786,4.969364350382344,0.1975806451612903,0.5090303804147346,2.5763170274051874
frame_002,frame_015,2,15,10,13,False,False,571,"gas pump, gasoline pump, petrol pump, island dispenser",0.3615946077990574,1.0172315626354305,0.6987488269805908,0.3012511730194092,0.07694670463478237,4.968979852509882,0.2056451612903226,0.6009852340611327,2.9224380009247235
frame_002,frame_016,2,16,10,14,False,False,571,"gas pump, gasoline pump, petrol pump, island dispenser",0.33582773207839417,1.091156952643256,0.6314173340797424,0.36858266592025757,0.03714589005685542,5.119649319441988,0.18951612903225806,0.46910730142028667,2.475289590473002
frame_002,frame_017,2,17,10,15,False,True,424,barbershop,0.1796729857611138,1.716616826147606,0.5710132122039795,0.4289867877960205,0.06360477824227954,5.033701630461039,0.15120967741935484,0.5120526267526749,3.3863747049243567
frame_002,frame_000,2,0,20,-2,False,False,427,"barrel, cask",0.8040723091848628,0.2180660770501489,0.8484165668487549,0.15158343315124512,0.030907804160963236,5.0451246331903015,0.06465517241379311,0.23418695059922387,3.6220915026013287
frame_002,frame_001,2,1,20,-1,True,False,427,"barrel, cask",0.868025322433685,0.1415343914366226,0.8901189565658569,0.10988104343414307,0.02620721265983072,5.15476863272747,0.0603448275862069,0.19836964098254,3.2872683362820916
frame_002,frame_003,2,3,20,1,False,False,703,park bench,0.16685469120221197,1.7906319578946515,0.531470537185669,0.46852946281433105,0.027078501296158682,5.218770011642555,0.0668103448275862,0.24342826263770245,3.643571414964321
frame_002,frame_004,2,4,20,2,False,False,830,stretcher,0.3224443622862184,1.1318246776723377,0.5783536434173584,0.4216463565826416,0.031842474498098516,5.1132913061410505,0.0603448275862069,0.23973679729332886,3.9727812122894495
frame_002,frame_005,2,5,20,3,False,False,830,stretcher,0.24072281006409288,1.424109173148835,0.5384107828140259,0.4615892171859741,0.02493429004812812,5.17849775330523,0.07327586206896551,0.23916387795053726,3.263883510854391
frame_002,frame_006,2,6,20,4,False,False,690,oxcart,0.32388002173021757,1.1273821350708035,0.6254361271858215,0.37456387281417847,0.03824198985347496,5.097083353646447,0.07758620689655173,0.27324285980939617,3.5217968597655505
frame_002,frame_007,2,7,20,5,False,False,690,oxcart,0.6036107049566009,0.5048258170624744,0.7296586036682129,0.2703413963317871,0.02994014133429786,5.044384464150139,0.0668103448275862,0.26333793487696755,3.941574251061708
frame_002,frame_008,2,8,20,6,False,False,267,standard poodle,0.20806988794185663,1.5698812559956195,0.5372709035873413,0.4627290964126587,0.02983064746246441,5.014796373558709,0.05603448275862069,0.21899205490234297,3.9081659028725824
frame_002,frame_009,2,9,20,7,False,False,671,"mountain bike, all-terrain bike, off-roader",0.5169294840091896,0.659848808342657,0.7881772518157959,0.2118227481842041,0.05992583272921317,5.239659700448006,0.16733870967741934,0.4812482050447181,2.8758928879780745
frame_002,frame_010,2,10,20,8,False,False,671,"mountain bike, all-terrain bike, off-roader",0.5334577143699544,0.6283754721689707,0.7815133929252625,0.21848660707473755,0.06047750635967164,5.277656642309928,0.16532258064516128,0.40371570304063975,2.44198766717265
frame_002,frame_011,2,11,20,9,False,False,671,"mountain bike, all-terrain bike, off-roader",0.3593353280251907,1.0234992651061994,0.7744160890579224,0.22558391094207764,0.05251739260542733,5.300216163807242,0.16129032258064516,0.4372866672523654,2.7111773369646657
frame_002,frame_012,2,12,20,10,False,False,671,"mountain bike, all-terrain bike, off-roader",0.808980639355146,0.21198029378584948,0.8865999579429626,0.11340004205703735,0.09054689633317968,5.160388890768844,0.1592741935483871,0.4278412266458236,2.686193017928209
frame_002,frame_013,2,13,20,11,False,False,671,"mountain bike, all-terrain bike, off-roader",0.6804922944416909,0.38493878033210915,0.820449948310852,0.17955005168914795,0.05107806569939444,5.4135572439331705,0.1774193548387097,0.4144187011699317,2.335814497503251
frame_002,frame_014,2,14,20,12,False,False,671,"mountain bike, all-terrain bike, off-roader",0.8361818751542612,0.1789091355466037,0.8835219740867615,0.11647802591323853,0.028502709954964477,5.479012462902075,0.1975806451612903,0.42916106668973203,2.172080500797011
frame_002,frame_015,2,15,20,13,False,False,671,"mountain bike, all-terrain bike, off-roader",0.7605211335290226,0.2737513786760988,0.8486178517341614,0.15138214826583862,0.03288608776899832,5.38980651607176,0.2056451612903226,0.45720103328721856,2.223252083435886
frame_002,frame_016,2,16,20,14,False,False,671,"mountain bike, all-terrain bike, off-roader",0.5113392531473875,0.6707220085787422,0.743193507194519,0.25680649280548096,0.041891113488107964,5.427238065521427,0.18951612903225806,0.411415245521792,2.170871933817115
frame_002,frame_017,2,17,20,15,False,True,461,"breastplate, aegis, egis",0.11617835471353728,2.1526287280472283,0.49821799993515015,0.5017820000648499,0.04073346739954935,5.330939832245981,0.15120967741935484,0.41129834227184237,2.7200530368911173
frame_002,frame_000,2,0,30,-2,False,False,427,"barrel, cask",0.7838662424572405,0.2435168822977818,0.8600332140922546,0.13996678590774536,0.026679709239971417,5.133570813556979,0.06465517241379311,0.0638937172969729,0.988222827526514
frame_002,frame_001,2,1,30,-1,True,False,427,"barrel, cask",0.9501699689515151,0.05111439570506876,0.9550513029098511,0.044948697090148926,0.02913866036368921,5.1556445292520285,0.0603448275862069,0.06015985859728212,0.9969347996121037
frame_002,frame_003,2,3,30,1,False,False,703,park bench,0.6101297486027049,0.49408364180539177,0.7296810746192932,0.2703189253807068,0.03780734507679211,5.179080424567717,0.0668103448275862,0.0946703192028472,1.4170009067781002
frame_002,frame_004,2,4,30,2,False,False,703,park bench,0.5872315695098212,0.532336040337793,0.7499090433120728,0.25009095668792725,0.039755720770348876,5.102246237723662,0.0603448275862069,0.06546547121489195,1.084856380132495
frame_002,frame_005,2,5,30,3,False,False,176,"Saluki, gazelle hound",0.24131249009161823,1.4216625460180579,0.6165996789932251,0.3834003210067749,0.03656551580113316,5.013743287112212,0.07327586206896551,0.0689569292526222,0.9410592698004913
frame_002,frame_006,2,6,30,4,False,False,176,"Saluki, gazelle hound",0.5489991189545718,0.5996584422925249,0.7528809309005737,0.24711906909942627,0.03054383419845396,5.098908839526355,0.07758620689655173,0.1304011707939884,1.6807262013447395
frame_002,frame_007,2,7,30,5,False,False,690,oxcart,0.44067465708484543,0.8194484148352803,0.7434937953948975,0.25650620460510254,0.03520599762709136,5.102035954155493,0.0668103448275862,0.09416750315668056,1.4094748859580575
frame_002,frame_008,2,8,30,6,False,False,222,kuvasz,0.1429402076461117,1.945328864511132,0.5516124963760376,0.4483875036239624,0.03832782838768704,5.0727570463918825,0.05603448275862069,0.10206437841199502,1.8214565993525265
frame_002,frame_009,2,9,30,7,False,False,571,"gas pump, gasoline pump, petrol pump, island dispenser",0.6345850691844325,0.45478392802594403,0.8311722278594971,0.16882777214050293,0.014174667998051517,5.667164710489575,0.16733870967741934,0.1709428138281161,1.0215377790210312
frame_002,frame_010,2,10,30,8,False,False,571,"gas pump, gasoline pump, petrol pump, island dispenser",0.562530125663573,0.5753105896024318,0.8046342134475708,0.1953657865524292,0.015634162654016515,5.687929725158974,0.16532258064516128,0.13951546099299864,0.8438983982015528
frame_002,frame_011,2,11,30,9,False,False,571,"gas pump, gasoline pump, petrol pump, island dispenser",0.6864937916189195,0.3761580973417056,0.8457199931144714,0.15428000688552856,0.017157293747848947,5.67055100486041,0.16129032258064516,0.14495207131588597,0.898702842158493
frame_002,frame_012,2,12,30,10,False,False,671,"mountain bike, all-terrain bike, off-roader",0.5457436222758353,0.6056059697846639,0.8335968852043152,0.16640311479568481,0.013584642622789384,5.682407159465995,0.1592741935483871,0.12851814091664723,0.8068987075273042
frame_002,frame_013,2,13,30,11,False,False,671,"mountain bike, all-terrain bike, off-roader",0.35644565131189215,1.0315735014876117,0.767928957939148,0.23207104206085205,0.01467539294556681,5.672690662278939,0.1774193548387097,0.13530717154129626,0.7626404214145789
frame_002,frame_014,2,14,30,12,False,False,671,"mountain bike, all-terrain bike, off-roader",0.5828282025196964,0.5398628144117077,0.7884597778320312,0.21154022216796875,0.02350652068090248,5.647368155667592,0.1975806451612903,0.15852189076909023,0.8023148757292731
frame_002,frame_015,2,15,30,13,False,False,571,"gas pump, gasoline pump, petrol pump, island dispenser",0.5510674699935721,0.5958980272465433,0.8316784501075745,0.16832154989242554,0.01412434135398025,5.682964640346628,0.2056451612903226,0.17421376722727594,0.847157142595381
frame_002,frame_016,2,16,30,14,False,False,571,"gas pump, gasoline pump, petrol pump, island dispenser",0.48511334441438153,0.7233727155247367,0.7484867572784424,0.2515132427215576,0.014463389356947338,5.654948461079499,0.18951612903225806,0.13703877502199285,0.723098217137324
frame_002,frame_017,2,17,30,15,False,True,634,"lumbermill, sawmill",0.11120424460089627,2.196386727022775,0.5297422409057617,0.4702577590942383,0.0159033576905424,5.641191789764112,0.15120967741935484,0.10112010235082418,0.6687409435467839
frame_002,frame_000,2,0,40,-2,False,False,427,"barrel, cask",0.863487600759869,0.14677574078064293,0.9134289026260376,0.0865710973739624,0.11991754972996227,3.721058585644137,0.06465517241379311,0.7118501394154971,11.009948822959688
frame_002,frame_001,2,1,40,-1,True,False,427,"barrel, cask",0.9618308013492145,0.03891672595888751,0.9681369066238403,0.03186309337615967,0.08288074802190183,3.76578133332901,0.0603448275862069,0.6258302133454099,10.370900678295364
frame_002,frame_003,2,3,40,1,False,False,703,park bench,0.6030923609431394,0.5056849249242017,0.7996759414672852,0.20032405853271484,0.06710286343083328,3.9542838754068823,0.0668103448275862,0.6512163373975478,9.747238082337491
frame_002,frame_004,2,4,40,2,False,False,703,park bench,0.7760661143030261,0.2535175635840279,0.8337574601173401,0.1662425398826599,0.07419790228446356,3.9061275479273045,0.0603448275862069,0.6392723667266781,10.593656362899237
frame_002,frame_005,2,5,40,3,False,False,703,park bench,0.3753318199231409,0.9799447911350967,0.7043607234954834,0.2956392765045166,0.08228448792191469,3.9088370644586155,0.07327586206896551,0.6481840764566206,8.845806219878588
frame_002,frame_006,2,6,40,4,False,False,690,oxcart,0.37864694573165647,0.9711510496593627,0.6845386028289795,0.3154613971710205,0.07255476716448013,3.909080998286759,0.07758620689655173,0.6480130624921641,8.352168361010115
frame_002,frame_007,2,7,40,5,False,False,690,oxcart,0.7344646104573682,0.30861346634332465,0.820521354675293,0.17947864532470703,0.08633727774966203,3.846353387886331,0.0668103448275862,0.7065978692666107,10.5761745593454
frame_002,frame_008,2,8,40,6,False,False,222,kuvasz,0.44056485511993654,0.8196976137510266,0.6575150489807129,0.3424849510192871,0.10776047612223996,3.739071616251085,0.05603448275862069,0.6982633372360705,12.46131494144372
frame_002,frame_009,2,9,40,7,False,False,571,"gas pump, gasoline pump, petrol pump, island dispenser",0.7988403630742438,0.22459414907979536,0.8685666918754578,0.13143330812454224,0.07147953584301217,4.277723905625004,0.16733870967741934,0.6677881013119993,3.9906373283223093
frame_002,frame_010,2,10,40,8,False,False,571,"gas pump, gasoline pump, petrol pump, island dispenser",0.6523561264960704,0.42716465988952246,0.8008508086204529,0.19914919137954712,0.08385868456576967,4.32740568839299,0.16532258064516128,0.5902634895657142,3.5703742783487105
frame_002,frame_011,2,11,40,9,False,False,571,"gas pump, gasoline pump, petrol pump, island dispenser",0.7208918042204958,0.3272662164522986,0.8325523734092712,0.16744762659072876,0.05779880360926635,4.3318269772649165,0.16129032258064516,0.6845554332109538,4.244243685907914
frame_002,frame_012,2,12,40,10,False,False,571,"gas pump, gasoline pump, petrol pump, island dispenser",0.4970275742283279,0.699109773079817,0.8080443143844604,0.19195568561553955,0.07229051065980542,4.337610131456838,0.1592741935483871,0.6819618856934194,4.281684750682735
frame_002,frame_013,2,13,40,11,False,False,571,"gas pump, gasoline pump, petrol pump, island dispenser",0.34856367835772056,1.0539343442170408,0.7257752418518066,0.27422475814819336,0.08898682040523662,4.326788912087499,0.1774193548387097,0.6504380766218806,3.666105522777872
frame_002,frame_014,2,14,40,12,False,False,671,"mountain bike, all-terrain bike, off-roader",0.3190115046347506,1.1425281121618691,0.7346013188362122,0.26539868116378784,0.06214020336416037,4.523678235698564,0.1975806451612903,0.6019829475265679,3.046770836460997
frame_002,frame_015,2,15,40,13,False,False,571,"gas pump, gasoline pump, petrol pump, island dispenser",0.6288486122950898,0.46386473122578,0.8167562484741211,0.1832437515258789,0.06374368151127507,4.512425522431336,0.2056451612903226,0.6203515884126054,3.016611645614238
frame_002,frame_016,2,16,40,14,False,False,571,"gas pump, gasoline pump, petrol pump, island dispenser",0.44209136257100196,0.8162387156151625,0.7271074056625366,0.2728925943374634,0.04913824390970564,4.662380401868211,0.18951612903225806,0.5651921585956258,2.9822905389726637
frame_002,frame_017,2,17,40,15,False,True,461,"breastplate, aegis, egis",0.16663544925208607,1.7919467912592149,0.5694838762283325,0.4305161237716675,0.07597001650074733,4.5478594783982516,0.15120967741935484,0.6040760237487472,3.9949561037250483
frame_002,frame_000,2,0,50,-2,False,False,427,"barrel, cask",0.6244497692334475,0.47088438622480067,0.8539811372756958,0.1460188627243042,0.06375322455255657,4.450549727015662,0.06465517241379311,0.43909116774960855,6.791276727860612
frame_002,frame_001,2,1,50,-1,True,False,427,"barrel, cask",0.9100367822350667,0.09427026024957423,0.9392679333686829,0.06073206663131714,0.05544261179261591,4.523627039576995,0.0603448275862069,0.36320372322130073,6.018804556238698
frame_002,frame_003,2,3,50,1,False,False,703,park bench,0.7416860636220446,0.29882922019363267,0.8166495561599731,0.18335044384002686,0.07753259824193282,4.425834137055562,0.0668103448275862,0.44459284455298975,6.654550963631847
frame_002,frame_004,2,4,50,2,False,False,703,park bench,0.8383050804104621,0.1763731869839562,0.8759288191795349,0.12407118082046509,0.08803860802312426,4.370068936609638,0.0603448275862069,0.3376576078049293,5.5954689293388284
frame_002,frame_005,2,5,50,3,False,False,703,park bench,0.44425318025909044,0.8113606532581086,0.7431313991546631,0.2568686008453369,0.0791462141518935,4.302941588085171,0.07327586206896551,0.4191948922137856,5.720777352564604
frame_002,frame_006,2,6,50,4,False,False,690,oxcart,0.4549769553539817,0.7875085088874849,0.7062128782272339,0.2937871217727661,0.11748134246269523,4.1661833361198415,0.07758620689655173,0.5640059889248404,7.269410523920166
frame_002,frame_007,2,7,50,5,False,False,690,oxcart,0.7337103618181345,0.3096409306712564,0.8394277691841125,0.16057223081588745,0.12180195221778191,4.288523820937373,0.0668103448275862,0.4602180691161886,6.888425292577791
frame_002,frame_008,2,8,50,6,False,False,222,kuvasz,0.4627544616650272,0.770558685943401,0.7027443051338196,0.2972556948661804,0.08157408973649487,4.26844682784056,0.05603448275862069,0.39087437801654695,6.9756042846029915
frame_002,frame_009,2,9,50,7,False,False,571,"gas pump, gasoline pump, petrol pump, island dispenser",0.5667037539206402,0.567918591652325,0.8340975046157837,0.1659024953842163,0.06277355477365619,4.812209156424025,0.16733870967741934,0.5505215999349111,3.2898640188881436
frame_002,frame_010,2,10,50,8,False,False,571,"gas pump, gasoline pump, petrol pump, island dispenser",0.36612791650554793,1.004772507992159,0.7771263122558594,0.22287368774414062,0.05404339236636335,4.95352824886717,0.16532258064516128,0.4690792787838981,2.837357588741628
frame_002,frame_011,2,11,50,9,False,False,870,"tricycle, trike, velocipede",0.45329033279887027,0.7912224475392247,0.8291758298873901,0.17082417011260986,0.04998331145541988,4.896628446649809,0.16129032258064516,0.5070864458408086,3.143935964213014
frame_002,frame_012,2,12,50,10,False,False,671,"mountain bike, all-terrain bike, off-roader",0.39534910969388337,0.9279860824118789,0.8169245719909668,0.1830754280090332,0.047568119093542305,4.961567751212495,0.1592741935483871,0.4650109703877905,2.9195625482575203
frame_002,frame_013,2,13,50,11,False,False,870,"tricycle, trike, velocipede",0.6549225958156184,0.4232382246573212,0.8402763605117798,0.15972363948822021,0.03868568294529578,4.9981913399028395,0.1774193548387097,0.43002446170013403,2.4237742386734826
frame_002,frame_014,2,14,50,12,False,False,671,"mountain bike, all-terrain bike, off-roader",0.6560895089594831,0.42145805276145865,0.8247038722038269,0.1752961277961731,0.07539768654569542,4.864430011044208,0.1975806451612903,0.4625146752237759,2.34089060113258
frame_002,frame_015,2,15,50,13,False,False,671,"mountain bike, all-terrain bike, off-roader",0.5004336253818422,0.692280305640919,0.7848491668701172,0.2151508331298828,0.05529400696442608,4.943799016516617,0.2056451612903226,0.5143538415311034,2.5011716215630124
frame_002,frame_016,2,16,50,14,False,False,571,"gas pump, gasoline pump, petrol pump, island dispenser",0.37157312957982935,0.9900095847219972,0.7360782027244568,0.2639217972755432,0.051755361120970775,5.073839981152933,0.18951612903225806,0.36140516652845694,1.9069889638097304
frame_002,frame_017,2,17,50,15,False,True,538,dome,0.3256171622835201,1.1220329365268893,0.6078534126281738,0.39214658737182617,0.05816495877165603,5.110801565572073,0.15120967741935484,0.2822947242329275,1.8669091095937604
frame_003,frame_000,3,0,5,-3,False,False,456,bow,0.49758380254780743,0.6979912892368723,0.6538925170898438,0.34610748291015625,0.03338434548309325,5.0487184197821575,0.06465517241379311,0.46254197220981996,7.153982503511882
frame_003,frame_001,3,1,5,-2,False,False,456,bow,0.3960163754630391,0.9262997164032427,0.6408478617668152,0.3591521382331848,0.03354451712649852,5.110030362968552,0.0603448275862069,0.42386408468925396,7.024033403421923
frame_003,frame_002,3,2,5,-1,False,False,416,"balance beam, beam",0.1270580964859437,2.0631108444778827,0.5057896375656128,0.4942103624343872,0.024076929687881353,5.103897342216537,0.0668103448275862,0.45369713383342924,6.790821616087458
frame_003,frame_004,3,4,5,1,False,False,416,"balance beam, beam",0.3519510162889743,1.0442632713374098,0.6631804704666138,0.33681952953338623,0.027550501958747104,5.1447599450655,0.0603448275862069,0.3982041140612284,6.598811033014642
frame_003,frame_005,3,5,5,2,False,False,416,"balance beam, beam",0.19867655224640204,1.6160771421933258,0.5442174077033997,0.45578259229660034,0.02753414238273819,5.095209872075271,0.07327586206896551,0.4459985671857484,6.086568681593743
frame_003,frame_006,3,6,5,3,False,True,345,ox,0.15027276769700426,1.8953031849534416,0.48555344343185425,0.5144465565681458,0.02535807704522821,5.041427990564463,0.07758620689655173,0.5074097070540632,6.539947335363481
frame_003,frame_007,3,7,5,4,False,False,416,"balance beam, beam",0.19257299226743255,1.647280016515059,0.5679571628570557,0.43204283714294434,0.028207955468664243,5.066791286909852,0.0668103448275862,0.4393529632018212,6.576121771795002
frame_003,frame_008,3,8,5,5,False,False,981,"ballplayer, baseball player",0.2223945522023052,1.5033022123989612,0.5336836576461792,0.4663163423538208,0.02769124185471841,5.047665746534613,0.05603448275862069,0.40015920556449314,7.141302745458646
frame_003,frame_009,3,9,5,6,True,False,571,"gas pump, gasoline pump, petrol pump, island dispenser",0.9513222780180682,0.04990239054496648,0.9520183205604553,0.04798167943954468,0.011954131258857179,5.6844141610318015,0.16733870967741934,0.3999669310629938,2.390163829002951
frame_003,frame_010,3,10,5,7,False,False,571,"gas pump, gasoline pump, petrol pump, island dispenser",0.9424442748052307,0.05927848628300225,0.9427655339241028,0.05723446607589722,0.011443321571863799,5.705259097191201,0.16532258064516128,0.3953084661272218,2.391134136574415
frame_003,frame_011,3,11,5,8,False,False,571,"gas pump, gasoline pump, petrol pump, island dispenser",0.8796966224413675,0.12817817817458987,0.898993730545044,0.10100626945495605,0.014336009607598251,5.685230449415982,0.16129032258064516,0.3943334564791472,2.4448674301707127
frame_003,frame_012,3,12,5,9,False,False,571,"gas pump, gasoline pump, petrol pump, island dispenser",0.8433070265995993,0.17042418017063188,0.8798789381980896,0.1201210618019104,0.01084573362388599,5.718829546438189,0.1592741935483871,0.38198070292198566,2.39825859049753
frame_003,frame_013,3,13,5,10,False,False,571,"gas pump, gasoline pump, petrol pump, island dispenser",0.8235485851029746,0.19413273280122212,0.8535465002059937,0.14645349979400635,0.011234303988410415,5.7335840171667005,0.1774193548387097,0.4002592680543973,2.25600678357933
frame_003,frame_014,3,14,5,11,False,False,571,"gas pump, gasoline pump, petrol pump, island dispenser",0.7389623007348575,0.3025083732257734,0.7906394004821777,0.20936059951782227,0.011933245592196945,5.7397215473347245,0.1975806451612903,0.4091050285955227,2.070572389626319
frame_003,frame_015,3,15,5,12,False,False,571,"gas pump, gasoline pump, petrol pump, island dispenser",0.7894104010144252,0.23646893999217333,0.8257780075073242,0.17422199249267578,0.013579301805628585,5.737556021628123,0.2056451612903226,0.42995060029322474,2.0907401739748965
frame_003,frame_016,3,16,5,13,False,False,571,"gas pump, gasoline pump, petrol pump, island dispenser",0.6606383161862884,0.41454876560897524,0.7372978329658508,0.26270216703414917,0.013475987152617162,5.778111621433766,0.18951612903225806,0.3730715727010833,1.968547872975929
frame_003,frame_017,3,17,5,14,False,False,571,"gas pump, gasoline pump, petrol pump, island dispenser",0.12841293716674265,2.0525041360515646,0.4941794276237488,0.5058205723762512,0.01827434786398592,5.7638766069184015,0.15120967741935484,0.3138544352986995,2.0756239987753995
frame_003,frame_000,3,0,10,-3,False,False,427,"barrel, cask",0.38322732718313235,0.9591269223197074,0.7004343867301941,0.2995656132698059,0.06620316890335541,4.570053378394355,0.06465517241379311,0.38946729930206453,6.023760895871931
frame_003,frame_001,3,1,10,-2,False,False,690,oxcart,0.5705818530927173,0.5610986439108583,0.7628535032272339,0.2371464967727661,0.08674211163365772,4.651610075570555,0.0603448275862069,0.3070128399918523,5.087641348436409
frame_003,frame_002,3,2,10,-1,False,False,703,park bench,0.34485230782604126,1.064639046866707,0.703119695186615,0.296880304813385,0.05329621208459119,4.6993154136737605,0.0668103448275862,0.3491619327387459,5.226165702928326
frame_003,frame_004,3,4,10,1,True,False,416,"balance beam, beam",0.7864446442698048,0.24023294132591544,0.8726201057434082,0.1273798942565918,0.05045503032525628,4.687170088898185,0.0603448275862069,0.3514918521094429,5.824722120670768
frame_003,frame_005,3,5,10,2,False,False,703,park bench,0.33452067883707987,1.095056581183893,0.6874179840087891,0.31258201599121094,0.07030372334534125,4.712111555075379,0.07327586206896551,0.374548124634487,5.11148028912947
frame_003,frame_006,3,6,10,3,False,False,690,oxcart,0.5149142476405989,0.6637549016183664,0.7682139873504639,0.23178601264953613,0.05416194758668887,4.645464613855178,0.07758620689655173,0.4238565236576629,5.463039638254322
frame_003,frame_007,3,7,10,4,False,False,690,oxcart,0.7378373705961049,0.30403184371153724,0.8676667213439941,0.13233327865600586,0.043071679855828056,4.708045894597451,0.0668103448275862,0.3859873029326647,5.777358340669562
frame_003,frame_008,3,8,10,5,False,False,690,oxcart,0.1858635430700305,1.6827425139224588,0.5831934213638306,0.41680657863616943,0.06403635374754472,4.545782238406226,0.05603448275862069,0.3358751094302747,5.994078875986441
frame_003,frame_009,3,9,10,6,False,False,571,"gas pump, gasoline pump, petrol pump, island dispenser",0.4677272608681809,0.7598699288670732,0.7597182989120483,0.24028170108795166,0.08270861217947066,4.796541980554813,0.16733870967741934,0.5807757470903202,3.470659886226492
frame_003,frame_010,3,10,10,7,False,False,571,"gas pump, gasoline pump, petrol pump, island dispenser",0.4103955179775421,0.8906339062925666,0.7119751572608948,0.2880248427391052,0.07982105129306047,4.851390254004939,0.16532258064516128,0.4952247829341435,2.9955060040894534
frame_003,frame_011,3,11,10,8,False,False,571,"gas pump, gasoline pump, petrol pump, island dispenser",0.4650556133112255,0.7655982820273488,0.7817730903625488,0.21822690963745117,0.05816235537888692,4.791785904086902,0.16129032258064516,0.5456858388614529,3.3832522009410084
frame_003,frame_012,3,12,10,9,False,False,571,"gas pump, gasoline pump, petrol pump, island dispenser",0.42141518860876254,0.8641367350514266,0.7413735389709473,0.25862646102905273,0.06175914525799843,4.786970099012642,0.1592741935483871,0.5335546627429933,3.349912819247148
frame_003,frame_013,3,13,10,10,False,False,571,"gas pump, gasoline pump, petrol pump, island dispenser",0.35587518308563515,1.0331752189179346,0.6717969179153442,0.32820308208465576,0.05498723360282369,4.888303339537847,0.1774193548387097,0.4999326947103023,2.817802461094431
frame_003,frame_014,3,14,10,11,False,False,671,"mountain bike, all-terrain bike, off-roader",0.2583196815496058,1.3535573853077076,0.6266677379608154,0.37333226203918457,0.058582880323372326,4.970501805954951,0.1975806451612903,0.4937720431615031,2.4990911572255667
frame_003,frame_015,3,15,10,12,False,False,571,"gas pump, gasoline pump, petrol pump, island dispenser",0.3615946077990574,1.0172315626354305,0.6987488269805908,0.3012511730194092,0.08511863427291164,4.9676374427847,0.2056451612903226,0.593932007342752,2.8881399572745585
frame_003,frame_016,3,16,10,13,False,False,571,"gas pump, gasoline pump, petrol pump, island dispenser",0.33582773207839417,1.091156952643256,0.6314173340797424,0.36858266592025757,0.03832740720361259,5.122040692575367,0.18951612903225806,0.4504952860700431,2.377081509475972
frame_003,frame_017,3,17,10,14,False,True,424,barbershop,0.1796729857611138,1.716616826147606,0.5710132122039795,0.4289867877960205,0.07029877841690141,5.021037584695094,0.15120967741935484,0.49580288562114844,3.278909750241195
frame_003,frame_000,3,0,20,-3,False,False,427,"barrel, cask",0.8040723091848628,0.2180660770501489,0.8484165668487549,0.15158343315124512,0.032052296836648196,5.110449488223759,0.06465517241379311,0.19634334839274253,3.036777121807751
frame_003,frame_001,3,1,20,-2,True,False,427,"barrel, cask",0.868025322433685,0.1415343914366226,0.8901189565658569,0.10988104343414307,0.027827411820392514,5.216524640996601,0.0603448275862069,0.16990165905419016,2.8155132071837228
frame_003,frame_002,3,2,20,-1,False,False,427,"barrel, cask",0.48652006384808616,0.7204771369976624,0.6372848749160767,0.36271512508392334,0.0338124330691827,5.2737220087771055,0.0668103448275862,0.18910327707480953,2.830449050410053
frame_003,frame_004,3,4,20,1,False,False,830,stretcher,0.3224443622862184,1.1318246776723377,0.5783536434173584,0.4216463565826416,0.034039477984634914,5.186714680741872,0.0603448275862069,0.20707207266894648,3.4314800613711127
frame_003,frame_005,3,5,20,2,False,False,830,stretcher,0.24072281006409288,1.424109173148835,0.5384107828140259,0.4615892171859741,0.02055685785665139,5.232409487387905,0.07327586206896551,0.20537555782973746,2.8027723186175937
frame_003,frame_006,3,6,20,3,False,False,690,oxcart,0.32388002173021757,1.1273821350708035,0.6254361271858215,0.37456387281417847,0.034746070278271195,5.176826139531446,0.07758620689655173,0.23873884191328065,3.077078406882284
frame_003,frame_007,3,7,20,4,False,False,690,oxcart,0.6036107049566009,0.5048258170624744,0.7296586036682129,0.2703413963317871,0.028361918570276572,5.11555127771967,0.0668103448275862,0.23176087050494337,3.468936900461088
frame_003,frame_008,3,8,20,5,False,False,267,standard poodle,0.20806988794185663,1.5698812559956195,0.5372709035873413,0.4627290964126587,0.029163992042222777,5.099543688357423,0.05603448275862069,0.19094231533258488,3.40758593516613
frame_003,frame_009,3,9,20,6,False,False,671,"mountain bike, all-terrain bike, off-roader",0.5169294840091896,0.659848808342657,0.7881772518157959,0.2118227481842041,0.05370404212910845,5.362503173403321,0.16733870967741934,0.4492090120228653,2.6844297585944723
frame_003,frame_010,3,10,20,7,False,False,671,"mountain bike, all-terrain bike, off-roader",0.5334577143699544,0.6283754721689707,0.7815133929252625,0.21848660707473755,0.05110650520044821,5.399875837770702,0.16532258064516128,0.38076772854398394,2.3031804068026345
frame_003,frame_011,3,11,20,8,False,False,671,"mountain bike, all-terrain bike, off-roader",0.3593353280251907,1.0234992651061994,0.7744160890579224,0.22558391094207764,0.04440162403183811,5.419440360262275,0.16129032258064516,0.40508907888428003,2.511552289082536
frame_003,frame_012,3,12,20,9,False,False,671,"mountain bike, all-terrain bike, off-roader",0.808980639355146,0.21198029378584948,0.8865999579429626,0.11340004205703735,0.07852645958916699,5.297604659837348,0.1592741935483871,0.3948078674716102,2.4787936995685906
frame_003,frame_013,3,13,20,10,False,False,671,"mountain bike, all-terrain bike, off-roader",0.6804922944416909,0.38493878033210915,0.820449948310852,0.17955005168914795,0.04452663010450281,5.512168728161816,0.1774193548387097,0.3911579659073828,2.204708535114339
frame_003,frame_014,3,14,20,11,False,False,671,"mountain bike, all-terrain bike, off-roader",0.8361818751542612,0.1789091355466037,0.8835219740867615,0.11647802591323853,0.027049485414345834,5.55160225395737,0.1975806451612903,0.4047873670673953,2.048719735361511
frame_003,frame_015,3,15,20,12,False,False,671,"mountain bike, all-terrain bike, off-roader",0.7605211335290226,0.2737513786760988,0.8486178517341614,0.15138214826583862,0.029799517197592676,5.474176756978331,0.2056451612903226,0.4279463922809045,2.0809942212875354
frame_003,frame_016,3,16,20,13,False,False,671,"mountain bike, all-terrain bike, off-roader",0.5113392531473875,0.6707220085787422,0.743193507194519,0.25680649280548096,0.03965457105534575,5.489353074554209,0.18951612903225806,0.3879834895003518,2.047232029703984
frame_003,frame_017,3,17,20,14,False,True,461,"breastplate, aegis, egis",0.11617835471353728,2.1526287280472283,0.49821799993515015,0.5017820000648499,0.03931792853824828,5.4210379502072925,0.15120967741935484,0.38124259046163955,2.5212843315863096
frame_003,frame_000,3,0,30,-3,False,False,427,"barrel, cask",0.7838662424572405,0.2435168822977818,0.8600332140922546,0.13996678590774536,0.03771845577548005,5.025194065309487,0.06465517241379311,0.038854426140062404,0.6009484576329651
frame_003,frame_001,3,1,30,-2,True,False,427,"barrel, cask",0.9501699689515151,0.05111439570506876,0.9550513029098511,0.044948697090148926,0.03009479866377456,5.054368164419358,0.0603448275862069,0.037717614494823866,0.6250347544856526
frame_003,frame_002,3,2,30,-1,False,False,427,"barrel, cask",0.4682223465247182,0.7588119964766911,0.6730970144271851,0.32690298557281494,0.03177381684293705,5.111724433476061,0.0668103448275862,0.03461424204072395,0.5180970421579327
frame_003,frame_004,3,4,30,1,False,False,703,park bench,0.5872315695098212,0.532336040337793,0.7499090433120728,0.25009095668792725,0.0386942507890693,5.028265729031294,0.0603448275862069,0.04397333005700871,0.7287008980875729
frame_003,frame_005,3,5,30,2,False,False,176,"Saluki, gazelle hound",0.24131249009161823,1.4216625460180579,0.6165996789932251,0.3834003210067749,0.04319275168078001,4.9225786126694375,0.07327586206896551,0.043381002939477026,0.5920230989387454
frame_003,frame_006,3,6,30,3,False,False,176,"Saluki, gazelle hound",0.5489991189545718,0.5996584422925249,0.7528809309005737,0.24711906909942627,0.03829619268596539,5.0295188396733606,0.07758620689655173,0.09620326218626878,1.2399531570674642
frame_003,frame_007,3,7,30,4,False,False,690,oxcart,0.44067465708484543,0.8194484148352803,0.7434937953948975,0.25650620460510254,0.04257496857284938,5.047802176173306,0.0668103448275862,0.06752301947322456,1.0106671301798773
frame_003,frame_008,3,8,30,5,False,False,222,kuvasz,0.1429402076461117,1.945328864511132,0.5516124963760376,0.4483875036239624,0.04201822007058524,5.006627407221029,0.05603448275862069,0.07870650101028291,1.404608325721972
frame_003,frame_009,3,9,30,6,False,False,571,"gas pump, gasoline pump, petrol pump, island dispenser",0.6345850691844325,0.45478392802594403,0.8311722278594971,0.16882777214050293,0.013258307015243229,5.636601048038326,0.16733870967741934,0.13934459485999945,0.8327098680790329
frame_003,frame_010,3,10,30,7,False,False,571,"gas pump, gasoline pump, petrol pump, island dispenser",0.562530125663573,0.5753105896024318,0.8046342134475708,0.1953657865524292,0.014201138348801292,5.6469453957925495,0.16532258064516128,0.11502062185263434,0.695734493157398
frame_003,frame_011,3,11,30,8,False,False,571,"gas pump, gasoline pump, petrol pump, island dispenser",0.6864937916189195,0.3761580973417056,0.8457199931144714,0.15428000688552856,0.015962356600798644,5.6321324943689515,0.16129032258064516,0.1209388417202428,0.7498208186655054
frame_003,frame_012,3,12,30,9,False,False,671,"mountain bike, all-terrain bike, off-roader",0.5457436222758353,0.6056059697846639,0.8335968852043152,0.16640311479568481,0.014029423665479063,5.639385634454098,0.1592741935483871,0.10571695646862285,0.663741903904265
frame_003,frame_013,3,13,30,10,False,False,671,"mountain bike, all-terrain bike, off-roader",0.35644565131189215,1.0315735014876117,0.767928957939148,0.23207104206085205,0.016197729759606972,5.637102947376862,0.1774193548387097,0.11156468122836101,0.6288191123780348
frame_003,frame_014,3,14,30,11,False,False,671,"mountain bike, all-terrain bike, off-roader",0.5828282025196964,0.5398628144117077,0.7884597778320312,0.21154022216796875,0.01748669527419052,5.609526814182429,0.1975806451612903,0.13289125062347928,0.6725924521351605
frame_003,frame_015,3,15,30,12,False,False,571,"gas pump, gasoline pump, petrol pump, island dispenser",0.5510674699935721,0.5958980272465433,0.8316784501075745,0.16832154989242554,0.013104802192175538,5.639090702644308,0.2056451612903226,0.14891486967806472,0.7241350525521578
frame_003,frame_016,3,16,30,13,False,False,571,"gas pump, gasoline pump, petrol pump, island dispenser",0.48511334441438153,0.7233727155247367,0.7484867572784424,0.2515132427215576,0.013270351120635324,5.6052562390221645,0.18951612903225806,0.11656191865443005,0.6150501239638011
frame_003,frame_017,3,17,30,14,False,True,634,"lumbermill, sawmill",0.11120424460089627,2.196386727022775,0.5297422409057617,0.4702577590942383,0.015169178745424181,5.592548003085069,0.15120967741935484,0.0811592828869626,0.5367333908257793
frame_003,frame_000,3,0,40,-3,False,False,427,"barrel, cask",0.863487600759869,0.14677574078064293,0.9134289026260376,0.0865710973739624,0.11439968609923933,3.7681772026605413,0.06465517241379311,0.6915008680068649,10.695213425172843
frame_003,frame_001,3,1,40,-2,True,False,427,"barrel, cask",0.9618308013492145,0.03891672595888751,0.9681369066238403,0.03186309337615967,0.09035910838402365,3.8325206212851675,0.0603448275862069,0.6057190192257582,10.037629461455422
frame_003,frame_002,3,2,40,-1,False,False,427,"barrel, cask",0.7010252038733312,0.35521143842365266,0.7950271368026733,0.20497286319732666,0.08112140769073495,3.915894380099914,0.0668103448275862,0.6835631895495569,10.231397417774014
frame_003,frame_004,3,4,40,1,False,False,703,park bench,0.7760661143030261,0.2535175635840279,0.8337574601173401,0.1662425398826599,0.08120019596914682,3.9312833916107293,0.0603448275862069,0.6513545263566065,10.793875008195194
frame_003,frame_005,3,5,40,2,False,False,703,park bench,0.3753318199231409,0.9799447911350967,0.7043607234954834,0.2956392765045166,0.07756180140654666,3.9188454037243687,0.07327586206896551,0.6585681740493615,8.987518610555993
frame_003,frame_006,3,6,40,3,False,False,690,oxcart,0.37864694573165647,0.9711510496593627,0.6845386028289795,0.3154613971710205,0.07344173357679551,3.9232816209749863,0.07758620689655173,0.6517303690745463,8.400080312516375
frame_003,frame_007,3,7,40,4,False,False,690,oxcart,0.7344646104573682,0.30861346634332465,0.820521354675293,0.17947864532470703,0.08627200068260489,3.8994806914484057,0.0668103448275862,0.6955470748145827,10.410769119805368
frame_003,frame_008,3,8,40,5,False,False,222,kuvasz,0.44056485511993654,0.8196976137510266,0.6575150489807129,0.3424849510192871,0.093590460247358,3.762565675441108,0.05603448275862069,0.6905530899170438,12.323716681596473
frame_003,frame_009,3,9,40,6,False,False,571,"gas pump, gasoline pump, petrol pump, island dispenser",0.7988403630742438,0.22459414907979536,0.8685666918754578,0.13143330812454224,0.06791661656279145,4.348591911571441,0.16733870967741934,0.6611258611351017,3.9508244231688012
frame_003,frame_010,3,10,40,7,False,False,571,"gas pump, gasoline pump, petrol pump, island dispenser",0.6523561264960704,0.42716465988952246,0.8008508086204529,0.19914919137954712,0.0793672121954275,4.407445560222838,0.16532258064516128,0.5896584022269679,3.5667142378606838
frame_003,frame_011,3,11,40,8,False,False,571,"gas pump, gasoline pump, petrol pump, island dispenser",0.7208918042204958,0.3272662164522986,0.8325523734092712,0.16744762659072876,0.05212632463017283,4.4141879169159,0.16129032258064516,0.6716042498395456,4.163946349005183
frame_003,frame_012,3,12,40,9,False,False,571,"gas pump, gasoline pump, petrol pump, island dispenser",0.4970275742283279,0.699109773079817,0.8080443143844604,0.19195568561553955,0.06383889918035202,4.425470398743968,0.1592741935483871,0.6673668920429996,4.190050360168707
frame_003,frame_013,3,13,40,10,False,False,571,"gas pump, gasoline pump, petrol pump, island dispenser",0.34856367835772056,1.0539343442170408,0.7257752418518066,0.27422475814819336,0.08128732357493842,4.426577203137984,0.1774193548387097,0.6422708447045535,3.6200720337893015
frame_003,frame_014,3,14,40,11,False,False,671,"mountain bike, all-terrain bike, off-roader",0.3190115046347506,1.1425281121618691,0.7346013188362122,0.26539868116378784,0.05523491005144416,4.619540895303931,0.1975806451612903,0.600382530429214,3.038670766253981
frame_003,frame_015,3,15,40,12,False,False,571,"gas pump, gasoline pump, petrol pump, island dispenser",0.6288486122950898,0.46386473122578,0.8167562484741211,0.1832437515258789,0.05907940834991525,4.5980697681583145,0.2056451612903226,0.6138185278435858,2.9848430373570447
frame_003,frame_016,3,16,40,13,False,False,571,"gas pump, gasoline pump, petrol pump, island dispenser",0.44209136257100196,0.8162387156151625,0.7271074056625366,0.2728925943374634,0.04654794881322425,4.711436565364348,0.18951612903225806,0.557686705878641,2.9426872991043185
frame_003,frame_017,3,17,40,14,False,True,461,"breastplate, aegis, egis",0.16663544925208607,1.7919467912592149,0.5694838762283325,0.4305161237716675,0.0754649046480577,4.59793083290071,0.15120967741935484,0.5889616203788347,3.89499951610536
frame_003,frame_000,3,0,50,-3,False,False,427,"barrel, cask",0.6244497692334475,0.47088438622480067,0.8539811372756958,0.1460188627243042,0.053631848027989024,4.580937751754355,0.06465517241379311,0.3894457326978651,6.023427332393647
frame_003,frame_001,3,1,50,-2,True,False,427,"barrel, cask",0.9100367822350667,0.09427026024957423,0.9392679333686829,0.06073206663131714,0.045809026646050154,4.62093367315535,0.0603448275862069,0.3194038711170931,5.292978435654685
frame_003,frame_002,3,2,50,-1,False,False,427,"barrel, cask",0.3712833163615178,0.9907898518505887,0.7068184614181519,0.29318153858184814,0.05790440009049178,4.594103512659219,0.0668103448275862,0.3551459392625946,5.315732768317545
frame_003,frame_004,3,4,50,1,False,False,703,park bench,0.8383050804104621,0.1763731869839562,0.8759288191795349,0.12407118082046509,0.0719308856296173,4.434153427694405,0.0603448275862069,0.3288635129409556,5.449738214450122
frame_003,frame_005,3,5,50,2,False,False,703,park bench,0.44425318025909044,0.8113606532581086,0.7431313991546631,0.2568686008453369,0.08188570154421113,4.347783676610472,0.07327586206896551,0.38619835820252973,5.270471711940406
frame_003,frame_006,3,6,50,3,False,False,690,oxcart,0.4549769553539817,0.7875085088874849,0.7062128782272339,0.2937871217727661,0.09489660389599847,4.249297618510028,0.07758620689655173,0.5323075802091416,6.8608532560289355
frame_003,frame_007,3,7,50,4,False,False,690,oxcart,0.7337103618181345,0.3096409306712564,0.8394277691841125,0.16057223081588745,0.09493413778845881,4.394983153780997,0.0668103448275862,0.4223578106905344,6.321742714851871
frame_003,frame_008,3,8,50,5,False,False,222,kuvasz,0.4627544616650272,0.770558685943401,0.7027443051338196,0.2972556948661804,0.06800100151047275,4.337993753569009,0.05603448275862069,0.36235658722442815,6.46667140277441
frame_003,frame_009,3,9,50,6,False,False,571,"gas pump, gasoline pump, petrol pump, island dispenser",0.5667037539206402,0.567918591652325,0.8340975046157837,0.1659024953842163,0.06177262895673791,4.8913618246823,0.16733870967741934,0.5374006319731183,3.2114543790200805
frame_003,frame_010,3,10,50,7,False,False,571,"gas pump, gasoline pump, petrol pump, island dispenser",0.36612791650554793,1.004772507992159,0.7771263122558594,0.22287368774414062,0.05071785988626921,5.038631295673454,0.16532258064516128,0.4670617114824236,2.8251537670156357
frame_003,frame_011,3,11,50,8,False,False,870,"tricycle, trike, velocipede",0.45329033279887027,0.7912224475392247,0.8291758298873901,0.17082417011260986,0.04791764256071125,4.985617398807152,0.16129032258064516,0.4966658042293129,3.07932798622174
frame_003,frame_012,3,12,50,9,False,False,671,"mountain bike, all-terrain bike, off-roader",0.39534910969388337,0.9279860824118789,0.8169245719909668,0.1830754280090332,0.044403091594297533,5.045660104058845,0.1592741935483871,0.45420562838868056,2.85172141368083
frame_003,frame_013,3,13,50,10,False,False,870,"tricycle, trike, velocipede",0.6549225958156184,0.4232382246573212,0.8402763605117798,0.15972363948822021,0.031194331049397617,5.074529925866209,0.1774193548387097,0.4244183618626499,2.392176221407663
frame_003,frame_014,3,14,50,11,False,False,671,"mountain bike, all-terrain bike, off-roader",0.6560895089594831,0.42145805276145865,0.8247038722038269,0.1752961277961731,0.06620220930440618,4.969054770444494,0.1975806451612903,0.44646693319004266,2.259669376145522
frame_003,frame_015,3,15,50,12,False,False,671,"mountain bike, all-terrain bike, off-roader",0.5004336253818422,0.692280305640919,0.7848491668701172,0.2151508331298828,0.05919127113620068,5.037042936620548,0.2056451612903226,0.5062835089742482,2.4619276514826187
frame_003,frame_016,3,16,50,13,False,False,571,"gas pump, gasoline pump, petrol pump, island dispenser",0.37157312957982935,0.9900095847219972,0.7360782027244568,0.2639217972755432,0.046949720980280225,5.137341830720663,0.18951612903225806,0.36444346287899204,1.923020825404043
frame_003,frame_017,3,17,50,14,False,True,538,dome,0.3256171622835201,1.1220329365268893,0.6078534126281738,0.39214658737182617,0.052724842815884444,5.18639502598805,0.15120967741935484,0.27657517872359005,1.8290838486253422
frame_004,frame_000,4,0,5,-4,False,False,456,bow,0.49758380254780743,0.6979912892368723,0.6538925170898438,0.34610748291015625,0.03158696791430177,5.082380821321255,0.06465517241379311,0.4518302204238932,6.988307409222881
frame_004,frame_001,4,1,5,-3,False,False,456,bow,0.3960163754630391,0.9262997164032427,0.6408478617668152,0.3591521382331848,0.03219999422905939,5.140590229960221,0.0603448275862069,0.41356624699016936,6.853383521551378
frame_004,frame_002,4,2,5,-2,False,False,416,"balance beam, beam",0.1270580964859437,2.0631108444778827,0.5057896375656128,0.4942103624343872,0.024535562715643573,5.133265963541733,0.0668103448275862,0.44530100120835964,6.665150469699319
frame_004,frame_003,4,3,5,-1,False,False,416,"balance beam, beam",0.24670547097511758,1.399560079060711,0.5800842046737671,0.4199157953262329,0.0230268854734997,5.21352787603757,0.0668103448275862,0.4032021823002034,6.035026212493367
frame_004,frame_005,4,5,5,1,False,False,416,"balance beam, beam",0.19867655224640204,1.6160771421933258,0.5442174077033997,0.45578259229660034,0.02648326016631883,5.122511844219693,0.07327586206896551,0.4353246239541655,5.940900750433318
frame_004,frame_006,4,6,5,2,False,True,345,ox,0.15027276769700426,1.8953031849534416,0.48555344343185425,0.5144465565681458,0.02758373691704747,5.066179481215365,0.07758620689655173,0.4966075146298895,6.4007190774519085
frame_004,frame_007,4,7,5,3,False,False,416,"balance beam, beam",0.19257299226743255,1.647280016515059,0.5679571628570557,0.43204283714294434,0.026502477714512834,5.096036996343009,0.0668103448275862,0.42687039637804375,6.389285932884269
frame_004,frame_008,4,8,5,4,False,False,981,"ballplayer, baseball player",0.2223945522023052,1.5033022123989612,0.5336836576461792,0.4663163423538208,0.027106298655019314,5.074298006702567,0.05603448275862069,0.3891315015827655,6.944500643630891
frame_004,frame_009,4,9,5,5,True,False,571,"gas pump, gasoline pump, petrol pump, island dispenser",0.9513222780180682,0.04990239054496648,0.9520183205604553,0.04798167943954468,0.01223365677883589,5.682383499822192,0.16733870967741934,0.39688502274678095,2.371746641956667
frame_004,frame_010,4,10,5,6,False,False,571,"gas pump, gasoline pump, petrol pump, island dispenser",0.9424442748052307,0.05927848628300225,0.9427655339241028,0.05723446607589722,0.011076716894101292,5.704669219002241,0.16532258064516128,0.3909094697417523,2.3645255730720627
frame_004,frame_011,4,11,5,7,False,False,571,"gas pump, gasoline pump, petrol pump, island dispenser",0.8796966224413675,0.12817817817458987,0.898993730545044,0.10100626945495605,0.01387408549560293,5.684472587343301,0.16129032258064516,0.3924531250100947,2.4332093750625874
frame_004,frame_012,4,12,5,8,False,False,571,"gas pump, gasoline pump, petrol pump, island dispenser",0.8433070265995993,0.17042418017063188,0.8798789381980896,0.1201210618019104,0.010952802235318465,5.719315958215006,0.1592741935483871,0.37954461294388564,2.382963645824902
frame_004,frame_013,4,13,5,9,False,False,571,"gas pump, gasoline pump, petrol pump, island dispenser",0.8235485851029746,0.19413273280122212,0.8535465002059937,0.14645349979400635,0.011235759506420358,5.730137232236783,0.1774193548387097,0.3984726278528091,2.245936629715833
frame_004,frame_014,4,14,5,10,False,False,571,"gas pump, gasoline pump, petrol pump, island dispenser",0.7389623007348575,0.3025083732257734,0.7906394004821777,0.20936059951782227,0.01250756978526895,5.733953813990964,0.1975806451612903,0.40834965020975944,2.0667492500412314
frame_004,frame_015,4,15,5,11,False,False,571,"gas pump, gasoline pump, petrol pump, island dispenser",0.7894104010144252,0.23646893999217333,0.8257780075073242,0.17422199249267578,0.013791067800032643,5.736520012170306,0.2056451612903226,0.4266575098028138,2.0747267143352515
frame_004,frame_016,4,16,5,12,False,False,571,"gas pump, gasoline pump, petrol pump, island dispenser",0.6606383161862884,0.41454876560897524,0.7372978329658508,0.26270216703414917,0.01342916651144007,5.776512574573996,0.18951612903225806,0.36995400660152433,1.952097736961235
frame_004,frame_017,4,17,5,13,False,False,571,"gas pump, gasoline pump, petrol pump, island dispenser",0.12841293716674265,2.0525041360515646,0.4941794276237488,0.5058205723762512,0.01967851254082235,5.7622595503760135,0.15120967741935484,0.3083155222273615,2.038993320330284
frame_004,frame_000,4,0,10,-4,False,False,427,"barrel, cask",0.38322732718313235,0.9591269223197074,0.7004343867301941,0.2995656132698059,0.06156706072815884,4.578090215962705,0.06465517241379311,0.37867048176544577,5.856770117972228
frame_004,frame_001,4,1,10,-3,False,False,690,oxcart,0.5705818530927173,0.5610986439108583,0.7628535032272339,0.2371464967727661,0.09192776557325379,4.642196466596265,0.0603448275862069,0.2968587050532399,4.919372826596547
frame_004,frame_002,4,2,10,-2,False,False,703,park bench,0.34485230782604126,1.064639046866707,0.703119695186615,0.296880304813385,0.054302804322901195,4.712679087266224,0.0668103448275862,0.34695435656232393,5.19312327241672
frame_004,frame_003,4,3,10,-1,False,False,703,park bench,0.7159531503737359,0.3341405466012033,0.8343991041183472,0.16560089588165283,0.04187813340839989,4.842261186881885,0.0668103448275862,0.38876374110694323,5.81891535076199
frame_004,frame_005,4,5,10,1,False,False,703,park bench,0.33452067883707987,1.095056581183893,0.6874179840087891,0.31258201599121094,0.07216369992272605,4.714121991839887,0.07327586206896551,0.3649621518218171,4.980659954274211
frame_004,frame_006,4,6,10,2,False,False,690,oxcart,0.5149142476405989,0.6637549016183664,0.7682139873504639,0.23178601264953613,0.05053552166755289,4.679843906142333,0.07758620689655173,0.41913524432721333,5.4021875935507495
frame_004,frame_007,4,7,10,3,True,False,690,oxcart,0.7378373705961049,0.30403184371153724,0.8676667213439941,0.13233327865600586,0.0387261366510192,4.722610406067474,0.0668103448275862,0.3714345246385624,5.559536110719129
frame_004,frame_008,4,8,10,4,False,False,690,oxcart,0.1858635430700305,1.6827425139224588,0.5831934213638306,0.41680657863616943,0.05458099431701322,4.564572824405793,0.05603448275862069,0.3278700222632574,5.851218858851978
frame_004,frame_009,4,9,10,5,False,False,571,"gas pump, gasoline pump, petrol pump, island dispenser",0.4677272608681809,0.7598699288670732,0.7597182989120483,0.24028170108795166,0.08431906988740245,4.770061380775823,0.16733870967741934,0.5799123822688376,3.465500501269198
frame_004,frame_010,4,10,10,6,False,False,571,"gas pump, gasoline pump, petrol pump, island dispenser",0.4103955179775421,0.8906339062925666,0.7119751572608948,0.2880248427391052,0.08227418349602854,4.835064581932281,0.16532258064516128,0.48885695092448345,2.9569883860798023
frame_004,frame_011,4,11,10,7,False,False,571,"gas pump, gasoline pump, petrol pump, island dispenser",0.4650556133112255,0.7655982820273488,0.7817730903625488,0.21822690963745117,0.05728025748657243,4.773958604520807,0.16129032258064516,0.5397760320962953,3.346611398997031
frame_004,frame_012,4,12,10,8,False,False,571,"gas pump, gasoline pump, petrol pump, island dispenser",0.42141518860876254,0.8641367350514266,0.7413735389709473,0.25862646102905273,0.062142995672091056,4.756076641637259,0.1592741935483871,0.5249007268943483,3.295579247336668
frame_004,frame_013,4,13,10,9,False,False,571,"gas pump, gasoline pump, petrol pump, island dispenser",0.35587518308563515,1.0331752189179346,0.6717969179153442,0.32820308208465576,0.05602298650278644,4.863139192011715,0.1774193548387097,0.5004863784274243,2.820923223863664
frame_004,frame_014,4,14,10,10,False,False,671,"mountain bike, all-terrain bike, off-roader",0.2583196815496058,1.3535573853077076,0.6266677379608154,0.37333226203918457,0.06292436311703206,4.960425274637444,0.1975806451612903,0.48610592051080004,2.460291189524049
frame_004,frame_015,4,15,10,11,False,False,571,"gas pump, gasoline pump, petrol pump, island dispenser",0.3615946077990574,1.0172315626354305,0.6987488269805908,0.3012511730194092,0.0864767224529254,4.964465444543679,0.2056451612903226,0.5880681494536365,2.8596255110686637
frame_004,frame_016,4,16,10,12,False,False,571,"gas pump, gasoline pump, petrol pump, island dispenser",0.33582773207839417,1.091156952643256,0.6314173340797424,0.36858266592025757,0.04117727031919153,5.132527621531859,0.18951612903225806,0.4366237789984591,2.3038871742897418
frame_004,frame_017,4,17,10,13,False,True,424,barbershop,0.1796729857611138,1.716616826147606,0.5710132122039795,0.4289867877960205,0.07395791999166049,5.027384364455379,0.15120967741935484,0.4769390250193174,3.1541567521277525
frame_004,frame_000,4,0,20,-4,False,False,427,"barrel, cask",0.8040723091848628,0.2180660770501489,0.8484165668487549,0.15158343315124512,0.0319906470935307,5.09565437213071,0.06465517241379311,0.177650557657919,2.7476619584424804
frame_004,frame_001,4,1,20,-3,True,False,427,"barrel, cask",0.868025322433685,0.1415343914366226,0.8901189565658569,0.10988104343414307,0.02533707943966544,5.200414254613229,0.0603448275862069,0.15176434754894305,2.5149520450967704
frame_004,frame_002,4,2,20,-2,False,False,427,"barrel, cask",0.48652006384808616,0.7204771369976624,0.6372848749160767,0.36271512508392334,0.0428010567485058,5.244403520840588,0.0668103448275862,0.1670181475546922,2.4998845311411992
frame_004,frame_003,4,3,20,-1,False,False,703,park bench,0.16685469120221197,1.7906319578946515,0.531470537185669,0.46852946281433105,0.0293172394729717,5.2685972307445565,0.0668103448275862,0.1922575693783115,2.877661683597953
frame_004,frame_005,4,5,20,1,False,False,830,stretcher,0.24072281006409288,1.424109173148835,0.5384107828140259,0.4615892171859741,0.02743763303168478,5.2209830207490295,0.07327586206896551,0.1900103997762639,2.5930831028290138
frame_004,frame_006,4,6,20,2,False,False,690,oxcart,0.32388002173021757,1.1273821350708035,0.6254361271858215,0.37456387281417847,0.04146372109062211,5.167589953894328,0.07758620689655173,0.22042528146319654,2.8410369610812
frame_004,frame_007,4,7,20,3,False,False,690,oxcart,0.6036107049566009,0.5048258170624744,0.7296586036682129,0.2703413963317871,0.030084228534227847,5.112909161587215,0.0668103448275862,0.21175277848943186,3.1694609425514964
frame_004,frame_008,4,8,20,4,False,False,267,standard poodle,0.20806988794185663,1.5698812559956195,0.5372709035873413,0.4627290964126587,0.03385488296201017,5.099400922512866,0.05603448275862069,0.17055878401169716,3.043818299285672
frame_004,frame_009,4,9,20,5,False,False,671,"mountain bike, all-terrain bike, off-roader",0.5169294840091896,0.659848808342657,0.7881772518157959,0.2118227481842041,0.05636293533430953,5.3202398620941285,0.16733870967741934,0.4458558689678492,2.6643916988922074
frame_004,frame_010,4,10,20,6,False,False,671,"mountain bike, all-terrain bike, off-roader",0.5334577143699544,0.6283754721689707,0.7815133929252625,0.21848660707473755,0.054149754241797306,5.369288394102237,0.16532258064516128,0.3674117915752191,2.222393275869618
frame_004,frame_011,4,11,20,7,False,False,671,"mountain bike, all-terrain bike, off-roader",0.3593353280251907,1.0234992651061994,0.7744160890579224,0.22558391094207764,0.04763255949849337,5.396884309100422,0.16129032258064516,0.3911874301393825,2.4253620668641718
frame_004,frame_012,4,12,20,8,False,False,671,"mountain bike, all-terrain bike, off-roader",0.808980639355146,0.21198029378584948,0.8865999579429626,0.11340004205703735,0.08331532719251818,5.261677157463052,0.1592741935483871,0.38261814954293144,2.4022607870037214
frame_004,frame_013,4,13,20,9,False,False,671,"mountain bike, all-terrain bike, off-roader",0.6804922944416909,0.38493878033210915,0.820449948310852,0.17955005168914795,0.04593161518353899,5.486098858807863,0.1774193548387097,0.3786144405248431,2.1340086647763883
frame_004,frame_014,4,14,20,10,False,False,671,"mountain bike, all-terrain bike, off-roader",0.8361818751542612,0.1789091355466037,0.8835219740867615,0.11647802591323853,0.02826514293034318,5.524495656917676,0.1975806451612903,0.3914809177058679,1.9813728079807194
frame_004,frame_015,4,15,20,11,False,False,671,"mountain bike, all-terrain bike, off-roader",0.7605211335290226,0.2737513786760988,0.8486178517341614,0.15138214826583862,0.03280647854889201,5.438567455527499,0.2056451612903226,0.40827850573950974,1.9853543024195768
frame_004,frame_016,4,16,20,12,False,False,671,"mountain bike, all-terrain bike, off-roader",0.5113392531473875,0.6707220085787422,0.743193507194519,0.25680649280548096,0.03664887639613605,5.480711210120152,0.18951612903225806,0.370929635632795,1.9572457369560248
frame_004,frame_017,4,17,20,13,False,True,461,"breastplate, aegis, egis",0.11617835471353728,2.1526287280472283,0.49821799993515015,0.5017820000648499,0.03471605159866395,5.417567808487712,0.15120967741935484,0.36977535991293925,2.4454477135575714
frame_004,frame_000,4,0,30,-4,False,False,427,"barrel, cask",0.7838662424572405,0.2435168822977818,0.8600332140922546,0.13996678590774536,0.04494200607092078,4.959223209684629,0.06465517241379311,0.03211551907534485,0.49672002836533363
frame_004,frame_001,4,1,30,-3,True,False,427,"barrel, cask",0.9501699689515151,0.05111439570506876,0.9550513029098511,0.044948697090148926,0.03164364434018481,5.012948697361674,0.0603448275862069,0.028650994357389763,0.47478790649388747
frame_004,frame_002,4,2,30,-2,False,False,427,"barrel, cask",0.4682223465247182,0.7588119964766911,0.6730970144271851,0.32690298557281494,0.03730727001778186,5.061181879813869,0.0668103448275862,0.027120205185503586,0.4059282324539892
frame_004,frame_003,4,3,30,-1,False,False,703,park bench,0.6101297486027049,0.49408364180539177,0.7296810746192932,0.2703189253807068,0.05571050641017156,5.0436079451725675,0.0668103448275862,0.049935266406155476,0.7474181810469723
frame_004,frame_005,4,5,30,1,False,False,176,"Saluki, gazelle hound",0.24131249009161823,1.4216625460180579,0.6165996789932251,0.3834003210067749,0.043669444057360556,4.881875153498198,0.07327586206896551,0.031654707154692395,0.4319936505816845
frame_004,frame_006,4,6,30,2,False,False,176,"Saluki, gazelle hound",0.5489991189545718,0.5996584422925249,0.7528809309005737,0.24711906909942627,0.04425487205263994,4.991096559409544,0.07758620689655173,0.07598729528197198,0.9793918058565277
frame_004,frame_007,4,7,30,3,False,False,690,oxcart,0.44067465708484543,0.8194484148352803,0.7434937953948975,0.25650620460510254,0.05111467824996283,5.000694294433845,0.0668103448275862,0.0529827174255137,0.7930316414657534
frame_004,frame_008,4,8,30,4,False,False,222,kuvasz,0.1429402076461117,1.945328864511132,0.5516124963760376,0.4483875036239624,0.040426283643316824,4.963588629817672,0.05603448275862069,0.06479578457185332,1.1563555400515362
frame_004,frame_009,4,9,30,5,False,False,571,"gas pump, gasoline pump, petrol pump, island dispenser",0.6345850691844325,0.45478392802594403,0.8311722278594971,0.16882777214050293,0.014910270763169732,5.5749167301619496,0.16733870967741934,0.14293094360794922,0.8541415425246123
frame_004,frame_010,4,10,30,6,False,False,571,"gas pump, gasoline pump, petrol pump, island dispenser",0.562530125663573,0.5753105896024318,0.8046342134475708,0.1953657865524292,0.014645801232770405,5.596274749374862,0.16532258064516128,0.11077579054557542,0.6700584403732367
frame_004,frame_011,4,11,30,7,False,False,571,"gas pump, gasoline pump, petrol pump, island dispenser",0.6864937916189195,0.3761580973417056,0.8457199931144714,0.15428000688552856,0.02122566510038884,5.569119299458214,0.16129032258064516,0.12435401653671312,0.7709949025276214
frame_004,frame_012,4,12,30,8,False,False,671,"mountain bike, all-terrain bike, off-roader",0.5457436222758353,0.6056059697846639,0.8335968852043152,0.16640311479568481,0.015619730398814044,5.580564739768459,0.1592741935483871,0.1091956150279131,0.6855825956182898
frame_004,frame_013,4,13,30,9,False,False,671,"mountain bike, all-terrain bike, off-roader",0.35644565131189215,1.0315735014876117,0.767928957939148,0.23207104206085205,0.01753676129260216,5.580906367833315,0.1774193548387097,0.11032759951703834,0.6218464700051252
frame_004,frame_014,4,14,30,10,False,False,671,"mountain bike, all-terrain bike, off-roader",0.5828282025196964,0.5398628144117077,0.7884597778320312,0.21154022216796875,0.01693865280330557,5.557719023515027,0.1975806451612903,0.1282176819765116,0.6489384720443853
frame_004,frame_015,4,15,30,11,False,False,571,"gas pump, gasoline pump, petrol pump, island dispenser",0.5510674699935721,0.5958980272465433,0.8316784501075745,0.16832154989242554,0.015078665511120339,5.582071805724194,0.2056451612903226,0.15313514845349221,0.7446571924797268
frame_004,frame_016,4,16,30,12,False,False,571,"gas pump, gasoline pump, petrol pump, island dispenser",0.48511334441438153,0.7233727155247367,0.7484867572784424,0.2515132427215576,0.014882127620350993,5.549279472646472,0.18951612903225806,0.1153905920594179,0.6088695070369285
frame_004,frame_017,4,17,30,13,False,True,634,"lumbermill, sawmill",0.11120424460089627,2.196386727022775,0.5297422409057617,0.4702577590942383,0.016769315940257018,5.537835582066844,0.15120967741935484,0.0778754371065309,0.5150162240645243
frame_004,frame_000,4,0,40,-4,False,False,427,"barrel, cask",0.863487600759869,0.14677574078064293,0.9134289026260376,0.0865710973739624,0.10556004671982178,3.8342699391011474,0.06465517241379311,0.6712854486882903,10.382548273045556
frame_004,frame_001,4,1,40,-3,True,False,427,"barrel, cask",0.9618308013492145,0.03891672595888751,0.9681369066238403,0.03186309337615967,0.08951537370930478,3.89281706523788,0.0603448275862069,0.5851261032637021,9.696375425512777
frame_004,frame_002,4,2,40,-2,False,False,427,"barrel, cask",0.7010252038733312,0.35521143842365266,0.7950271368026733,0.20497286319732666,0.0882663812354107,3.9562105769452094,0.0668103448275862,0.6683785393334686,10.004117491959015
frame_004,frame_003,4,3,40,-1,False,False,703,park bench,0.6030923609431394,0.5056849249242017,0.7996759414672852,0.20032405853271484,0.06385652002521018,4.056181687213535,0.0668103448275862,0.6300064663619388,9.4297742061916
frame_004,frame_005,4,5,40,1,False,False,703,park bench,0.3753318199231409,0.9799447911350967,0.7043607234954834,0.2956392765045166,0.08492303407722691,3.9682609546044243,0.07327586206896551,0.6459472388919276,8.815279966054542
frame_004,frame_006,4,6,40,2,False,False,690,oxcart,0.37864694573165647,0.9711510496593627,0.6845386028289795,0.3154613971710205,0.07039521040097657,3.9789056676684775,0.07758620689655173,0.626505279068315,8.074956930213837
frame_004,frame_007,4,7,40,3,False,False,690,oxcart,0.7344646104573682,0.30861346634332465,0.820521354675293,0.17947864532470703,0.08309125710987379,3.9939545311721716,0.0668103448275862,0.6684678929969149,10.005454914534468
frame_004,frame_008,4,8,40,4,False,False,222,kuvasz,0.44056485511993654,0.8196976137510266,0.6575150489807129,0.3424849510192871,0.07606914721381448,3.834607038775509,0.05603448275862069,0.663704883410624,11.844579457789596
frame_004,frame_009,4,9,40,5,False,False,571,"gas pump, gasoline pump, petrol pump, island dispenser",0.7988403630742438,0.22459414907979536,0.8685666918754578,0.13143330812454224,0.06469192312753085,4.359581856770929,0.16733870967741934,0.6757626397709253,4.0382924015226385
frame_004,frame_010,4,10,40,6,False,False,571,"gas pump, gasoline pump, petrol pump, island dispenser",0.6523561264960704,0.42716465988952246,0.8008508086204529,0.19914919137954712,0.07958373417518964,4.415093481904276,0.16532258064516128,0.586226570188448,3.5459558391886614
frame_004,frame_011,4,11,40,7,False,False,571,"gas pump, gasoline pump, petrol pump, island dispenser",0.7208918042204958,0.3272662164522986,0.8325523734092712,0.16744762659072876,0.05104167755443302,4.424545832944851,0.16129032258064516,0.6762568899138502,4.1927927174658715
frame_004,frame_012,4,12,40,8,False,False,571,"gas pump, gasoline pump, petrol pump, island dispenser",0.4970275742283279,0.699109773079817,0.8080443143844604,0.19195568561553955,0.07442242824392711,4.414125792401334,0.1592741935483871,0.6656141190825633,4.179045608417106
frame_004,frame_013,4,13,40,9,False,False,571,"gas pump, gasoline pump, petrol pump, island dispenser",0.34856367835772056,1.0539343442170408,0.7257752418518066,0.27422475814819336,0.07719811856284939,4.44163913879413,0.1774193548387097,0.6469239436131868,3.6462985912743258
frame_004,frame_014,4,14,40,10,False,False,671,"mountain bike, all-terrain bike, off-roader",0.3190115046347506,1.1425281121618691,0.7346013188362122,0.26539868116378784,0.05463518540943767,4.627875934890981,0.1975806451612903,0.6031366850770218,3.052610161206151
frame_004,frame_015,4,15,40,11,False,False,571,"gas pump, gasoline pump, petrol pump, island dispenser",0.6288486122950898,0.46386473122578,0.8167562484741211,0.1832437515258789,0.05075173156374848,4.619436175671865,0.2056451612903226,0.6197113519913332,3.0134983390951104
frame_004,frame_016,4,16,40,12,False,False,571,"gas pump, gasoline pump, petrol pump, island dispenser",0.44209136257100196,0.8162387156151625,0.7271074056625366,0.2728925943374634,0.04984293226470944,4.745128887429052,0.18951612903225806,0.5595105853346203,2.9523111736805494
frame_004,frame_017,4,17,40,13,False,True,461,"breastplate, aegis, egis",0.16663544925208607,1.7919467912592149,0.5694838762283325,0.4305161237716675,0.06543579716035075,4.625036527733493,0.15120967741935484,0.5783768818962263,3.8249991122737095
frame_004,frame_000,4,0,50,-4,False,False,427,"barrel, cask",0.6244497692334475,0.47088438622480067,0.8539811372756958,0.1460188627243042,0.05013971777122851,4.590828976238116,0.06465517241379311,0.3815428765239405,5.901196490236946
frame_004,frame_001,4,1,50,-3,True,False,427,"barrel, cask",0.9100367822350667,0.09427026024957423,0.9392679333686829,0.06073206663131714,0.04518178196852614,4.650590126015244,0.0603448275862069,0.3101161103633437,5.139066971735409
frame_004,frame_002,4,2,50,-2,False,False,427,"barrel, cask",0.3712833163615178,0.9907898518505887,0.7068184614181519,0.29318153858184814,0.059444060458272004,4.585534493230579,0.0668103448275862,0.34935954579227246,5.229123524116595
frame_004,frame_003,4,3,50,-1,False,False,703,park bench,0.7416860636220446,0.29882922019363267,0.8166495561599731,0.18335044384002686,0.05686431772335274,4.505688953602466,0.0668103448275862,0.3870594339301107,5.793405720760368
frame_004,frame_005,4,5,50,1,False,False,703,park bench,0.44425318025909044,0.8113606532581086,0.7431313991546631,0.2568686008453369,0.08143241816619004,4.349570977283253,0.07327586206896551,0.3638752290472772,4.965826655233431
frame_004,frame_006,4,6,50,2,False,False,690,oxcart,0.4549769553539817,0.7875085088874849,0.7062128782272339,0.2937871217727661,0.09539762883698423,4.271080027562014,0.07758620689655173,0.516675180020234,6.659368986927461
frame_004,frame_007,4,7,50,3,False,False,690,oxcart,0.7337103618181345,0.3096409306712564,0.8394277691841125,0.16057223081588745,0.08187062150339201,4.416385366430529,0.0668103448275862,0.4001475223320702,5.989304850389696
frame_004,frame_008,4,8,50,4,False,False,222,kuvasz,0.4627544616650272,0.770558685943401,0.7027443051338196,0.2972556948661804,0.06809295723157373,4.336238223261885,0.05603448275862069,0.3475891116026956,6.203128760909645
frame_004,frame_009,4,9,50,5,False,False,571,"gas pump, gasoline pump, petrol pump, island dispenser",0.5667037539206402,0.567918591652325,0.8340975046157837,0.1659024953842163,0.059969371298849994,4.830307581827077,0.16733870967741934,0.5602144598202765,3.3477876153115322
frame_004,frame_010,4,10,50,6,False,False,571,"gas pump, gasoline pump, petrol pump, island dispenser",0.36612791650554793,1.004772507992159,0.7771263122558594,0.22287368774414062,0.04717227401949903,4.981091548297541,0.16532258064516128,0.4747634718013693,2.871740024554624
frame_004,frame_011,4,11,50,7,False,False,870,"tricycle, trike, velocipede",0.45329033279887027,0.7912224475392247,0.8291758298873901,0.17082417011260986,0.047813365653443025,4.938426650766955,0.16129032258064516,0.5056801301827708,3.135216807133179
frame_004,frame_012,4,12,50,8,False,False,671,"mountain bike, all-terrain bike, off-roader",0.39534910969388337,0.9279860824118789,0.8169245719909668,0.1830754280090332,0.038753420167298144,4.982405860824478,0.1592741935483871,0.4753070411204792,2.9842062328576926
frame_004,frame_013,4,13,50,9,False,False,870,"tricycle, trike, velocipede",0.6549225958156184,0.4232382246573212,0.8402763605117798,0.15972363948822021,0.036870054038727694,5.030190472881085,0.1774193548387097,0.43931748343675564,2.4761530884617136
frame_004,frame_014,4,14,50,10,False,False,671,"mountain bike, all-terrain bike, off-roader",0.6560895089594831,0.42145805276145865,0.8247038722038269,0.1752961277961731,0.06800183006813769,4.890497164840989,0.1975806451612903,0.4588231303871583,2.3222068640003113
frame_004,frame_015,4,15,50,11,False,False,671,"mountain bike, all-terrain bike, off-roader",0.5004336253818422,0.692280305640919,0.7848491668701172,0.2151508331298828,0.05728117440300008,4.98101005461769,0.2056451612903226,0.5173088875823192,2.5155412572630422
frame_004,frame_016,4,16,50,12,False,False,571,"gas pump, gasoline pump, petrol pump, island dispenser",0.37157312957982935,0.9900095847219972,0.7360782027244568,0.2639217972755432,0.06108632224046594,5.0841100453571055,0.18951612903225806,0.3575111297742425,1.8864417060428114
frame_004,frame_017,4,17,50,13,False,True,538,dome,0.3256171622835201,1.1220329365268893,0.6078534126281738,0.39214658737182617,0.06319610720986298,5.14740202722521,0.15120967741935484,0.2648854902517896,1.7517760421985018
frame_005,frame_000,5,0,5,-5,False,False,456,bow,0.49758380254780743,0.6979912892368723,0.6538925170898438,0.34610748291015625,0.03171008891441258,5.074709811785409,0.06465517241379311,0.45579157579474505,7.049576372292056
frame_005,frame_001,5,1,5,-4,False,False,456,bow,0.3960163754630391,0.9262997164032427,0.6408478617668152,0.3591521382331848,0.03154464775029452,5.134104072215593,0.0603448275862069,0.4165768361530921,6.903273284822669
frame_005,frame_002,5,2,5,-3,False,False,416,"balance beam, beam",0.1270580964859437,2.0631108444778827,0.5057896375656128,0.4942103624343872,0.0239550876859572,5.12515726169392,0.0668103448275862,0.4479707190859993,6.705110117932377
frame_005,frame_003,5,3,5,-2,False,False,416,"balance beam, beam",0.24670547097511758,1.399560079060711,0.5800842046737671,0.4199157953262329,0.021992919870426734,5.207600571566729,0.0668103448275862,0.40725741729903686,6.095723923443649
frame_005,frame_004,5,4,5,-1,False,False,416,"balance beam, beam",0.3519510162889743,1.0442632713374098,0.6631804704666138,0.33681952953338623,0.027029409748091083,5.167702976784886,0.0603448275862069,0.3925501401533796,6.505116608256004
frame_005,frame_006,5,6,5,1,False,True,345,ox,0.15027276769700426,1.8953031849534416,0.48555344343185425,0.5144465565681458,0.025263760230648535,5.0638643675348245,0.07758620689655173,0.5000142208998521,6.444627736042539
frame_005,frame_007,5,7,5,2,False,False,416,"balance beam, beam",0.19257299226743255,1.647280016515059,0.5679571628570557,0.43204283714294434,0.028474421051336192,5.0892686843951935,0.0668103448275862,0.4337176653927743,6.49177408845959
frame_005,frame_008,5,8,5,3,False,False,981,"ballplayer, baseball player",0.2223945522023052,1.5033022123989612,0.5336836576461792,0.4663163423538208,0.026558858923879932,5.07134929926454,0.05603448275862069,0.39505464645229804,7.050205998225627
frame_005,frame_009,5,9,5,4,True,False,571,"gas pump, gasoline pump, petrol pump, island dispenser",0.9513222780180682,0.04990239054496648,0.9520183205604553,0.04798167943954468,0.011651503041456925,5.697772687708153,0.16733870967741934,0.39776324757005854,2.376994828852398
frame_005,frame_010,5,10,5,5,False,False,571,"gas pump, gasoline pump, petrol pump, island dispenser",0.9424442748052307,0.05927848628300225,0.9427655339241028,0.05723446607589722,0.011376994654743707,5.717400309116499,0.16532258064516128,0.39249492749263803,2.3741156589798593
frame_005,frame_011,5,11,5,6,False,False,571,"gas pump, gasoline pump, petrol pump, island dispenser",0.8796966224413675,0.12817817817458987,0.898993730545044,0.10100626945495605,0.014270163134416156,5.698164441757989,0.16129032258064516,0.3917774343749372,2.4290200931246106
frame_005,frame_012,5,12,5,7,False,False,571,"gas pump, gasoline pump, petrol pump, island dispenser",0.8433070265995993,0.17042418017063188,0.8798789381980896,0.1201210618019104,0.010531048175208972,5.732995720114493,0.1592741935483871,0.3783513884049469,2.375472008213338
frame_005,frame_013,5,13,5,8,False,False,571,"gas pump, gasoline pump, petrol pump, island dispenser",0.8235485851029746,0.19413273280122212,0.8535465002059937,0.14645349979400635,0.01092473516747516,5.748697396019812,0.1774193548387097,0.3971830664707531,2.2386681928351537
frame_005,frame_014,5,14,5,9,False,False,571,"gas pump, gasoline pump, petrol pump, island dispenser",0.7389623007348575,0.3025083732257734,0.7906394004821777,0.20936059951782227,0.01163562661428757,5.752190096185051,0.1975806451612903,0.4085618798653387,2.06782339197151
frame_005,frame_015,5,15,5,10,False,False,571,"gas pump, gasoline pump, petrol pump, island dispenser",0.7894104010144252,0.23646893999217333,0.8257780075073242,0.17422199249267578,0.013957229724854175,5.745379887453182,0.2056451612903226,0.428681192673927,2.084567368296743
frame_005,frame_016,5,16,5,11,False,False,571,"gas pump, gasoline pump, petrol pump, island dispenser",0.6606383161862884,0.41454876560897524,0.7372978329658508,0.26270216703414917,0.013837634607771642,5.785993211161719,0.18951612903225806,0.3713829681586818,1.9596377894330446
frame_005,frame_017,5,17,5,12,False,False,571,"gas pump, gasoline pump, petrol pump, island dispenser",0.12841293716674265,2.0525041360515646,0.4941794276237488,0.5058205723762512,0.018952861265779875,5.769739366229855,0.15120967741935484,0.312537554475076,2.0669150269285024
frame_005,frame_000,5,0,10,-5,False,False,427,"barrel, cask",0.38322732718313235,0.9591269223197074,0.7004343867301941,0.2995656132698059,0.060595150053632765,4.610569459096588,0.06465517241379311,0.38614900636270544,5.9724379650765105
frame_005,frame_001,5,1,10,-4,False,False,690,oxcart,0.5705818530927173,0.5610986439108583,0.7628535032272339,0.2371464967727661,0.08732246608591365,4.68924473041778,0.0603448275862069,0.30295522409872133,5.020400856493096
frame_005,frame_002,5,2,10,-3,False,False,703,park bench,0.34485230782604126,1.064639046866707,0.703119695186615,0.296880304813385,0.053021641657342536,4.754799423038657,0.0668103448275862,0.3487650842377817,5.22022577697841
frame_005,frame_003,5,3,10,-2,False,False,703,park bench,0.7159531503737359,0.3341405466012033,0.8343991041183472,0.16560089588165283,0.03854319409611951,4.875767685118721,0.0668103448275862,0.3891530817098058,5.824742900430642
frame_005,frame_004,5,4,10,-1,True,False,416,"balance beam, beam",0.7864446442698048,0.24023294132591544,0.8726201057434082,0.1273798942565918,0.0481787934014073,4.730263766606574,0.0603448275862069,0.34578156219895273,5.7300944592969305
frame_005,frame_006,5,6,10,1,False,False,690,oxcart,0.5149142476405989,0.6637549016183664,0.7682139873504639,0.23178601264953613,0.049154859377560506,4.706464718600154,0.07758620689655173,0.4215260599326596,5.4330025502431685
frame_005,frame_007,5,7,10,2,False,False,690,oxcart,0.7378373705961049,0.30403184371153724,0.8676667213439941,0.13233327865600586,0.04243480693809945,4.758385689180852,0.0668103448275862,0.3794301999929134,5.679213316022962
frame_005,frame_008,5,8,10,3,False,False,690,oxcart,0.1858635430700305,1.6827425139224588,0.5831934213638306,0.41680657863616943,0.05421412325224962,4.602961470547273,0.05603448275862069,0.33366430192097984,5.9546244650513325
frame_005,frame_009,5,9,10,4,False,False,571,"gas pump, gasoline pump, petrol pump, island dispenser",0.4677272608681809,0.7598699288670732,0.7597182989120483,0.24028170108795166,0.07379938775230155,4.835575400363082,0.16733870967741934,0.5744286486242489,3.4327302375617768
frame_005,frame_010,5,10,10,5,False,False,571,"gas pump, gasoline pump, petrol pump, island dispenser",0.4103955179775421,0.8906339062925666,0.7119751572608948,0.2880248427391052,0.0711883144191685,4.895127295020448,0.16532258064516128,0.49595965857951946,2.9999511055541666
frame_005,frame_011,5,11,10,6,False,False,571,"gas pump, gasoline pump, petrol pump, island dispenser",0.4650556133112255,0.7655982820273488,0.7817730903625488,0.21822690963745117,0.058504338766087904,4.8215464376897215,0.16129032258064516,0.5454478772640163,3.381776839036901
frame_005,frame_012,5,12,10,7,False,False,571,"gas pump, gasoline pump, petrol pump, island dispenser",0.42141518860876254,0.8641367350514266,0.7413735389709473,0.25862646102905273,0.05504495230631133,4.827930894115431,0.1592741935483871,0.5278465396418288,3.314074476738571
frame_005,frame_013,5,13,10,8,False,False,571,"gas pump, gasoline pump, petrol pump, island dispenser",0.35587518308563515,1.0331752189179346,0.6717969179153442,0.32820308208465576,0.05614358334792235,4.906650399694247,0.1774193548387097,0.49794272840639975,2.8065862873815255
frame_005,frame_014,5,14,10,9,False,False,671,"mountain bike, all-terrain bike, off-roader",0.2583196815496058,1.3535573853077076,0.6266677379608154,0.37333226203918457,0.06057598756002152,5.0174224277051795,0.1975806451612903,0.49059551786070293,2.4830140495807007
frame_005,frame_015,5,15,10,10,False,False,571,"gas pump, gasoline pump, petrol pump, island dispenser",0.3615946077990574,1.0172315626354305,0.6987488269805908,0.3012511730194092,0.0847531921483031,5.00370820521011,0.2056451612903226,0.5892171562683106,2.8652128383243336
frame_005,frame_016,5,16,10,11,False,False,571,"gas pump, gasoline pump, petrol pump, island dispenser",0.33582773207839417,1.091156952643256,0.6314173340797424,0.36858266592025757,0.03993680320234252,5.168811919315932,0.18951612903225806,0.4412676269991463,2.3283908828891122
frame_005,frame_017,5,17,10,12,False,True,424,barbershop,0.1796729857611138,1.716616826147606,0.5710132122039795,0.4289867877960205,0.0706856343767035,5.078484932405205,0.15120967741935484,0.4779760979847963,3.1610152613394527
frame_005,frame_000,5,0,20,-5,False,False,427,"barrel, cask",0.8040723091848628,0.2180660770501489,0.8484165668487549,0.15158343315124512,0.029553037076236258,5.111501576563709,0.06465517241379311,0.1848067526585786,2.858344441119349
frame_005,frame_001,5,1,20,-4,True,False,427,"barrel, cask",0.868025322433685,0.1415343914366226,0.8901189565658569,0.10988104343414307,0.024305382414612563,5.223017406927128,0.0603448275862069,0.15550849289002158,2.5769978821775004
frame_005,frame_002,5,2,20,-3,False,False,427,"barrel, cask",0.48652006384808616,0.7204771369976624,0.6372848749160767,0.36271512508392334,0.038312516863035974,5.27491568552243,0.0668103448275862,0.17452028439988887,2.6121745794047886
frame_005,frame_003,5,3,20,-2,False,False,703,park bench,0.16685469120221197,1.7906319578946515,0.531470537185669,0.46852946281433105,0.025651700883187824,5.288969316339115,0.0668103448275862,0.19635481629736556,2.9389882181283107
frame_005,frame_004,5,4,20,-1,False,False,830,stretcher,0.3224443622862184,1.1318246776723377,0.5783536434173584,0.4216463565826416,0.03594471180683889,5.1948075461962775,0.0603448275862069,0.19835393485624905,3.287008063332127
frame_005,frame_006,5,6,20,1,False,False,690,oxcart,0.32388002173021757,1.1273821350708035,0.6254361271858215,0.37456387281417847,0.036506228845752255,5.177106721763893,0.07758620689655173,0.22106585136453671,2.84929319536514
frame_005,frame_007,5,7,20,2,False,False,690,oxcart,0.6036107049566009,0.5048258170624744,0.7296586036682129,0.2703413963317871,0.030132500424445718,5.127115546116508,0.0668103448275862,0.21684075995286298,3.245616536068659
frame_005,frame_008,5,8,20,3,False,False,267,standard poodle,0.20806988794185663,1.5698812559956195,0.5372709035873413,0.4627290964126587,0.031104008821241046,5.108605368189155,0.05603448275862069,0.17704742285380554,3.159615546314068
frame_005,frame_009,5,9,20,4,False,False,671,"mountain bike, all-terrain bike, off-roader",0.5169294840091896,0.659848808342657,0.7881772518157959,0.2118227481842041,0.049708523619735885,5.379438174109351,0.16733870967741934,0.4439379146508358,2.652930188756802
frame_005,frame_010,5,10,20,5,False,False,671,"mountain bike, all-terrain bike, off-roader",0.5334577143699544,0.6283754721689707,0.7815133929252625,0.21848660707473755,0.04869933795985929,5.421736798241007,0.16532258064516128,0.37528805563516465,2.2700350682322155
frame_005,frame_011,5,11,20,6,False,False,671,"mountain bike, all-terrain bike, off-roader",0.3593353280251907,1.0234992651061994,0.7744160890579224,0.22558391094207764,0.04364891027299836,5.442244121951975,0.16129032258064516,0.3981876898423935,2.4687636770228396
frame_005,frame_012,5,12,20,7,False,False,671,"mountain bike, all-terrain bike, off-roader",0.808980639355146,0.21198029378584948,0.8865999579429626,0.11340004205703735,0.07730106965878056,5.315065867923371,0.1592741935483871,0.38847092866725513,2.43900734960707
frame_005,frame_013,5,13,20,8,False,False,671,"mountain bike, all-terrain bike, off-roader",0.6804922944416909,0.38493878033210915,0.820449948310852,0.17955005168914795,0.04177894742497351,5.51739662267453,0.1774193548387097,0.3851925845600496,2.171085476611189
frame_005,frame_014,5,14,20,9,False,False,671,"mountain bike, all-terrain bike, off-roader",0.8361818751542612,0.1789091355466037,0.8835219740867615,0.11647802591323853,0.023638263388364427,5.558944576793399,0.1975806451612903,0.4018016534454126,2.033608368458415
frame_005,frame_015,5,15,20,10,False,False,671,"mountain bike, all-terrain bike, off-roader",0.7605211335290226,0.2737513786760988,0.8486178517341614,0.15138214826583862,0.029088335322483252,5.484301095593915,0.2056451612903226,0.42375139342730445,2.0605950111759115
frame_005,frame_016,5,16,20,11,False,False,671,"mountain bike, all-terrain bike, off-roader",0.5113392531473875,0.6707220085787422,0.743193507194519,0.25680649280548096,0.03899259208884796,5.499151634328264,0.18951612903225806,0.3875946294191324,2.0451801722541454
frame_005,frame_017,5,17,20,12,False,True,461,"breastplate, aegis, egis",0.11617835471353728,2.1526287280472283,0.49821799993515015,0.5017820000648499,0.04036045828081168,5.434204972714408,0.15120967741935484,0.38072383115636327,2.517853603380749
frame_005,frame_000,5,0,30,-5,False,False,427,"barrel, cask",0.7838662424572405,0.2435168822977818,0.8600332140922546,0.13996678590774536,0.0422783194144439,5.038134815558147,0.06465517241379311,0.03626196206060798,0.5608516798707367
frame_005,frame_001,5,1,30,-4,True,False,427,"barrel, cask",0.9501699689515151,0.05111439570506876,0.9550513029098511,0.044948697090148926,0.02924638995451787,5.08121718507187,0.0603448275862069,0.030065384158836327,0.49822636606071624
frame_005,frame_002,5,2,30,-3,False,False,427,"barrel, cask",0.4682223465247182,0.7588119964766911,0.6730970144271851,0.32690298557281494,0.031136801121607414,5.131559455931081,0.0668103448275862,0.029493386981778037,0.44144940514661324
frame_005,frame_003,5,3,30,-2,False,False,703,park bench,0.6101297486027049,0.49408364180539177,0.7296810746192932,0.2703189253807068,0.04628277909934398,5.1249276142931315,0.0668103448275862,0.05447825302875453,0.8154164324303904
frame_005,frame_004,5,4,30,-1,False,False,703,park bench,0.5872315695098212,0.532336040337793,0.7499090433120728,0.25009095668792725,0.039514083550108665,5.072675332974912,0.0603448275862069,0.0366950026888659,0.6080886159869205
frame_005,frame_006,5,6,30,1,False,False,176,"Saluki, gazelle hound",0.5489991189545718,0.5996584422925249,0.7528809309005737,0.24711906909942627,0.04048898921224299,5.07480971467045,0.07758620689655173,0.07957137345453234,1.02558659119175
frame_005,frame_007,5,7,30,2,False,False,690,oxcart,0.44067465708484543,0.8194484148352803,0.7434937953948975,0.25650620460510254,0.04443720311819627,5.090539350009431,0.0668103448275862,0.057053835732891835,0.8539670896794134
frame_005,frame_008,5,8,30,3,False,False,222,kuvasz,0.1429402076461117,1.945328864511132,0.5516124963760376,0.4483875036239624,0.03919981839535359,5.034916618296896,0.05603448275862069,0.06441490964841233,1.1495583875716662
frame_005,frame_009,5,9,30,4,False,False,571,"gas pump, gasoline pump, petrol pump, island dispenser",0.6345850691844325,0.45478392802594403,0.8311722278594971,0.16882777214050293,0.016209423545767272,5.600665850579329,0.16733870967741934,0.14552787339104187,0.8696605446018888
frame_005,frame_010,5,10,30,5,False,False,571,"gas pump, gasoline pump, petrol pump, island dispenser",0.562530125663573,0.5753105896024318,0.8046342134475708,0.1953657865524292,0.017307517848084836,5.622574792889543,0.16532258064516128,0.11477165599831105,0.6942285533556376
frame_005,frame_011,5,11,30,6,False,False,571,"gas pump, gasoline pump, petrol pump, island dispenser",0.6864937916189195,0.3761580973417056,0.8457199931144714,0.15428000688552856,0.02374472614220436,5.592735507104754,0.16129032258064516,0.12649873021696495,0.7842921273451827
frame_005,frame_012,5,12,30,7,False,False,671,"mountain bike, all-terrain bike, off-roader",0.5457436222758353,0.6056059697846639,0.8335968852043152,0.16640311479568481,0.01665505031196034,5.607706982971755,0.1592741935483871,0.1091680818048239,0.685409728799907
frame_005,frame_013,5,13,30,8,False,False,671,"mountain bike, all-terrain bike, off-roader",0.35644565131189215,1.0315735014876117,0.767928957939148,0.23207104206085205,0.01866144510900437,5.600738022603055,0.1774193548387097,0.111288071463261,0.6272600391565619
frame_005,frame_014,5,14,30,9,False,False,671,"mountain bike, all-terrain bike, off-roader",0.5828282025196964,0.5398628144117077,0.7884597778320312,0.21154022216796875,0.01909109177483334,5.574177297331962,0.1975806451612903,0.13026561072095277,0.6593034991591079
frame_005,frame_015,5,15,30,10,False,False,571,"gas pump, gasoline pump, petrol pump, island dispenser",0.5510674699935721,0.5958980272465433,0.8316784501075745,0.16832154989242554,0.019009487788504593,5.605922774632971,0.2056451612903226,0.15053005745777034,0.7319892990103342
frame_005,frame_016,5,16,30,11,False,False,571,"gas pump, gasoline pump, petrol pump, island dispenser",0.48511334441438153,0.7233727155247367,0.7484867572784424,0.2515132427215576,0.021130438967830636,5.573465172903129,0.18951612903225806,0.11673408865341017,0.6159585954477813
frame_005,frame_017,5,17,30,12,False,True,634,"lumbermill, sawmill",0.11120424460089627,2.196386727022775,0.5297422409057617,0.4702577590942383,0.02073314242641357,5.5631062385307235,0.15120967741935484,0.08233635989728723,0.5445177934540595
frame_005,frame_000,5,0,40,-5,False,False,427,"barrel, cask",0.863487600759869,0.14677574078064293,0.9134289026260376,0.0865710973739624,0.10092778514314492,3.8323662891363943,0.06465517241379311,0.6821754697651654,10.550980599034558
frame_005,frame_001,5,1,40,-4,True,False,427,"barrel, cask",0.9618308013492145,0.03891672595888751,0.9681369066238403,0.03186309337615967,0.09146379651030369,3.889681443026176,0.0603448275862069,0.5889191460197437,9.759231562612895
frame_005,frame_002,5,2,40,-3,False,False,427,"barrel, cask",0.7010252038733312,0.35521143842365266,0.7950271368026733,0.20497286319732666,0.08353754768535691,3.978106896422479,0.0668103448275862,0.663277120540386,9.927760771959328
frame_005,frame_003,5,3,40,-2,False,False,703,park bench,0.6030923609431394,0.5056849249242017,0.7996759414672852,0.20032405853271484,0.06368581940423201,4.044966209506091,0.0668103448275862,0.6244877910210811,9.347172097863924
frame_005,frame_004,5,4,40,-1,False,False,703,park bench,0.7760661143030261,0.2535175635840279,0.8337574601173401,0.1662425398826599,0.07974265700463341,3.982086564319504,0.0603448275862069,0.6392116170783326,10.59264965444094
frame_005,frame_006,5,6,40,1,False,False,690,oxcart,0.37864694573165647,0.9711510496593627,0.6845386028289795,0.3154613971710205,0.07245303070203626,3.9708051163921905,0.07758620689655173,0.6360124728891452,8.19749409501565
frame_005,frame_007,5,7,40,2,False,False,690,oxcart,0.7344646104573682,0.30861346634332465,0.820521354675293,0.17947864532470703,0.08337690705343266,3.9633689618531935,0.0668103448275862,0.6760617172465242,10.11911731620604
frame_005,frame_008,5,8,40,3,False,False,222,kuvasz,0.44056485511993654,0.8196976137510266,0.6575150489807129,0.3424849510192871,0.08811588578618229,3.811135985873139,0.05603448275862069,0.6740520780509113,12.029237085216263
frame_005,frame_009,5,9,40,4,False,False,571,"gas pump, gasoline pump, petrol pump, island dispenser",0.7988403630742438,0.22459414907979536,0.8685666918754578,0.13143330812454224,0.06515202765657965,4.3566574700579315,0.16733870967741934,0.6802575199204421,4.065153372054691
frame_005,frame_010,5,10,40,5,False,False,571,"gas pump, gasoline pump, petrol pump, island dispenser",0.6523561264960704,0.42716465988952246,0.8008508086204529,0.19914919137954712,0.07999215982422411,4.414873100081259,0.16532258064516128,0.6027809393005282,3.646089584061732
frame_005,frame_011,5,11,40,6,False,False,571,"gas pump, gasoline pump, petrol pump, island dispenser",0.7208918042204958,0.3272662164522986,0.8325523734092712,0.16744762659072876,0.05248873876452341,4.41717953475613,0.16129032258064516,0.6867251683930361,4.257696044036824
frame_005,frame_012,5,12,40,7,False,False,571,"gas pump, gasoline pump, petrol pump, island dispenser",0.4970275742283279,0.699109773079817,0.8080443143844604,0.19195568561553955,0.06687803574734344,4.436987039965881,0.1592741935483871,0.6733844367640786,4.227831400442822
frame_005,frame_013,5,13,40,8,False,False,571,"gas pump, gasoline pump, petrol pump, island dispenser",0.34856367835772056,1.0539343442170408,0.7257752418518066,0.27422475814819336,0.09644704120769973,4.4112599284654,0.1774193548387097,0.6613214077764067,3.7274479347397467
frame_005,frame_014,5,14,40,9,False,False,671,"mountain bike, all-terrain bike, off-roader",0.3190115046347506,1.1425281121618691,0.7346013188362122,0.26539868116378784,0.0531726229314858,4.61877885970978,0.1975806451612903,0.6145736460178868,3.1104951880088967
frame_005,frame_015,5,15,40,10,False,False,571,"gas pump, gasoline pump, petrol pump, island dispenser",0.6288486122950898,0.46386473122578,0.8167562484741211,0.1832437515258789,0.050691015068158846,4.646314044225786,0.2056451612903226,0.6312826024424376,3.069766380504402
frame_005,frame_016,5,16,40,11,False,False,571,"gas pump, gasoline pump, petrol pump, island dispenser",0.44209136257100196,0.8162387156151625,0.7271074056625366,0.2728925943374634,0.04221344368091752,4.74393411034988,0.18951612903225806,0.5684116535572169,2.9992785123870167
frame_005,frame_017,5,17,40,12,False,True,461,"breastplate, aegis, egis",0.16663544925208607,1.7919467912592149,0.5694838762283325,0.4305161237716675,0.06997859519051138,4.606708502711771,0.15120967741935484,0.5898712614152506,3.901015275492857
frame_005,frame_000,5,0,50,-5,False,False,427,"barrel, cask",0.6244497692334475,0.47088438622480067,0.8539811372756958,0.1460188627243042,0.05428323771444498,4.577984616260471,0.06465517241379311,0.3707948055998522,5.73495965994438
frame_005,frame_001,5,1,50,-4,True,False,427,"barrel, cask",0.9100367822350667,0.09427026024957423,0.9392679333686829,0.06073206663131714,0.043943319533501383,4.626936006259712,0.0603448275862069,0.29514515530103025,4.8909768592742155
frame_005,frame_002,5,2,50,-3,False,False,427,"barrel, cask",0.3712833163615178,0.9907898518505887,0.7068184614181519,0.29318153858184814,0.05353588999629617,4.582874070024928,0.0668103448275862,0.3367258312366483,5.040025344961446
frame_005,frame_003,5,3,50,-2,False,False,703,park bench,0.7416860636220446,0.29882922019363267,0.8166495561599731,0.18335044384002686,0.05765483552023297,4.478217808133163,0.0668103448275862,0.3792648046350127,5.676737720988578
frame_005,frame_004,5,4,50,-1,False,False,703,park bench,0.8383050804104621,0.1763731869839562,0.8759288191795349,0.12407118082046509,0.06299533026880945,4.399585797314765,0.0603448275862069,0.3108643730079088,5.151466752702489
frame_005,frame_006,5,6,50,1,False,False,690,oxcart,0.4549769553539817,0.7875085088874849,0.7062128782272339,0.2937871217727661,0.09534024829690767,4.249845843380381,0.07758620689655173,0.5163415144579726,6.6550684085694245
frame_005,frame_007,5,7,50,2,False,False,690,oxcart,0.7337103618181345,0.3096409306712564,0.8394277691841125,0.16057223081588745,0.09121261656135232,4.369893238778138,0.0668103448275862,0.412436853191394,6.173248383251833
frame_005,frame_008,5,8,50,3,False,False,222,kuvasz,0.4627544616650272,0.770558685943401,0.7027443051338196,0.2972556948661804,0.07092202946083818,4.3117910657428995,0.05603448275862069,0.3490072145039069,6.2284364434543384
frame_005,frame_009,5,9,50,4,False,False,571,"gas pump, gasoline pump, petrol pump, island dispenser",0.5667037539206402,0.567918591652325,0.8340975046157837,0.1659024953842163,0.06077243246860021,4.858969509764261,0.16733870967741934,0.5581612016298954,3.3355175422702183
frame_005,frame_010,5,10,50,5,False,False,571,"gas pump, gasoline pump, petrol pump, island dispenser",0.36612791650554793,1.004772507992159,0.7771263122558594,0.22287368774414062,0.05095997779355088,5.022239045875013,0.16532258064516128,0.4745690494866324,2.87056400665085
frame_005,frame_011,5,11,50,6,False,False,870,"tricycle, trike, velocipede",0.45329033279887027,0.7912224475392247,0.8291758298873901,0.17082417011260986,0.049224077759772625,4.958261201605876,0.16129032258064516,0.5002194060349315,3.101360317416576
frame_005,frame_012,5,12,50,7,False,False,671,"mountain bike, all-terrain bike, off-roader",0.39534910969388337,0.9279860824118789,0.8169245719909668,0.1830754280090332,0.03919724733234129,5.01894186786678,0.1592741935483871,0.4635677546102073,2.9105013454007955
frame_005,frame_013,5,13,50,8,False,False,870,"tricycle, trike, velocipede",0.6549225958156184,0.4232382246573212,0.8402763605117798,0.15972363948822021,0.031074065769803316,5.050097961164607,0.1774193548387097,0.43185799073061665,2.4341086750271117
frame_005,frame_014,5,14,50,9,False,False,671,"mountain bike, all-terrain bike, off-roader",0.6560895089594831,0.42145805276145865,0.8247038722038269,0.1752961277961731,0.0742244123734263,4.903987641565719,0.1975806451612903,0.45264540431635814,2.290940005519527
frame_005,frame_015,5,15,50,10,False,False,671,"mountain bike, all-terrain bike, off-roader",0.5004336253818422,0.692280305640919,0.7848491668701172,0.2151508331298828,0.05059630398202216,5.018882774350933,0.2056451612903226,0.5152388339480771,2.505475114100453
frame_005,frame_016,5,16,50,11,False,False,571,"gas pump, gasoline pump, petrol pump, island dispenser",0.37157312957982935,0.9900095847219972,0.7360782027244568,0.2639217972755432,0.054147402470547855,5.085307101678225,0.18951612903225806,0.3608105785149872,1.9038515632280177
frame_005,frame_017,5,17,50,12,False,True,538,dome,0.3256171622835201,1.1220329365268893,0.6078534126281738,0.39214658737182617,0.055783208449062927,5.155913083711956,0.15120967741935484,0.25795289465017573,1.7059284766198288
frame_006,frame_000,6,0,5,-6,False,False,456,bow,0.49758380254780743,0.6979912892368723,0.6538925170898438,0.34610748291015625,0.03304301208602214,5.0285023625075205,0.06465517241379311,0.47433331233619475,7.3363552307998114
frame_006,frame_001,6,1,5,-5,False,False,456,bow,0.3960163754630391,0.9262997164032427,0.6408478617668152,0.3591521382331848,0.033433832470960365,5.091036501281127,0.0603448275862069,0.4334955978020196,7.183641335004896
frame_006,frame_002,6,2,5,-4,False,False,416,"balance beam, beam",0.1270580964859437,2.0631108444778827,0.5057896375656128,0.4942103624343872,0.024889206464935323,5.0799998397855575,0.0668103448275862,0.4661059528758501,6.976553617238531
frame_006,frame_003,6,3,5,-3,False,False,416,"balance beam, beam",0.24670547097511758,1.399560079060711,0.5800842046737671,0.4199157953262329,0.023719178221334715,5.166303191953919,0.0668103448275862,0.4201566041059458,6.2887956227470605
frame_006,frame_004,6,4,5,-2,False,False,416,"balance beam, beam",0.3519510162889743,1.0442632713374098,0.6631804704666138,0.33681952953338623,0.027429565863329015,5.129820324124522,0.0603448275862069,0.4046615340785171,6.705819707586855
frame_006,frame_005,6,5,5,-1,False,False,416,"balance beam, beam",0.19867655224640204,1.6160771421933258,0.5442174077033997,0.45578259229660034,0.02671242273769219,5.07978339039314,0.07327586206896551,0.4588371886863127,6.261778104424973
frame_006,frame_007,6,7,5,1,False,False,416,"balance beam, beam",0.19257299226743255,1.647280016515059,0.5679571628570557,0.43204283714294434,0.03079969059388481,5.0494958285917555,0.0668103448275862,0.4491362693921585,6.722555774127792
frame_006,frame_008,6,8,5,2,False,False,981,"ballplayer, baseball player",0.2223945522023052,1.5033022123989612,0.5336836576461792,0.4663163423538208,0.027429062307261647,5.0387118830142,0.05603448275862069,0.4080829158987901,7.282710499116869
frame_006,frame_009,6,9,5,3,True,False,571,"gas pump, gasoline pump, petrol pump, island dispenser",0.9513222780180682,0.04990239054496648,0.9520183205604553,0.04798167943954468,0.011858195163797127,5.677841176961374,0.16733870967741934,0.39802658704192073,2.3785685201541287
frame_006,frame_010,6,10,5,4,False,False,571,"gas pump, gasoline pump, petrol pump, island dispenser",0.9424442748052307,0.05927848628300225,0.9427655339241028,0.05723446607589722,0.011991071651173427,5.6988409030815115,0.16532258064516128,0.3930612269792834,2.377541080264934
frame_006,frame_011,6,11,5,5,False,False,571,"gas pump, gasoline pump, petrol pump, island dispenser",0.8796966224413675,0.12817817817458987,0.898993730545044,0.10100626945495605,0.015503788195605446,5.677684977387929,0.16129032258064516,0.39234206700478924,2.4325208154296933
frame_006,frame_012,6,12,5,6,False,False,571,"gas pump, gasoline pump, petrol pump, island dispenser",0.8433070265995993,0.17042418017063188,0.8798789381980896,0.1201210618019104,0.010884276468055816,5.711697443882548,0.1592741935483871,0.380082892754443,2.386343225394984
frame_006,frame_013,6,13,5,7,False,False,571,"gas pump, gasoline pump, petrol pump, island dispenser",0.8235485851029746,0.19413273280122212,0.8535465002059937,0.14645349979400635,0.01123297295828194,5.72726607879955,0.1774193548387097,0.3981609467923255,2.2441798819203798
frame_006,frame_014,6,14,5,8,False,False,571,"gas pump, gasoline pump, petrol pump, island dispenser",0.7389623007348575,0.3025083732257734,0.7906394004821777,0.20936059951782227,0.011994500616294519,5.734417411332052,0.1975806451612903,0.4077788219160393,2.0638601599015867
frame_006,frame_015,6,15,5,9,False,False,571,"gas pump, gasoline pump, petrol pump, island dispenser",0.7894104010144252,0.23646893999217333,0.8257780075073242,0.17422199249267578,0.01357763064182797,5.728863955840212,0.2056451612903226,0.4300417597836136,2.0911834593399248
frame_006,frame_016,6,16,5,10,False,False,571,"gas pump, gasoline pump, petrol pump, island dispenser",0.6606383161862884,0.41454876560897524,0.7372978329658508,0.26270216703414917,0.014359636403447543,5.767391145709125,0.18951612903225806,0.37094043003006594,1.957302694626731
frame_006,frame_017,6,17,5,11,False,True,571,"gas pump, gasoline pump, petrol pump, island dispenser",0.12841293716674265,2.0525041360515646,0.4941794276237488,0.5058205723762512,0.01852398725757477,5.749396695180289,0.15120967741935484,0.31315250564799113,2.0709819040187147
frame_006,frame_000,6,0,10,-6,False,False,427,"barrel, cask",0.38322732718313235,0.9591269223197074,0.7004343867301941,0.2995656132698059,0.07202371909549832,4.50667788618391,0.06465517241379311,0.4386076238172413,6.783797915039998
frame_006,frame_001,6,1,10,-5,False,False,690,oxcart,0.5705818530927173,0.5610986439108583,0.7628535032272339,0.2371464967727661,0.09323575194328093,4.596138015304798,0.0603448275862069,0.34779283624000484,5.7634241434057945
frame_006,frame_002,6,2,10,-4,False,False,703,park bench,0.34485230782604126,1.064639046866707,0.703119695186615,0.296880304813385,0.054624668825068015,4.650204771923082,0.0668103448275862,0.40333357381235185,6.036992846739719
frame_006,frame_003,6,3,10,-3,False,False,703,park bench,0.7159531503737359,0.3341405466012033,0.8343991041183472,0.16560089588165283,0.04219986917244771,4.768559936604212,0.0668103448275862,0.4276853368337572,6.401483751318173
frame_006,frame_004,6,4,10,-2,True,False,416,"balance beam, beam",0.7864446442698048,0.24023294132591544,0.8726201057434082,0.1273798942565918,0.04928713567158846,4.6604436594153045,0.0603448275862069,0.3883339363590972,6.4352480882364675
frame_006,frame_005,6,5,10,-1,False,False,703,park bench,0.33452067883707987,1.095056581183893,0.6874179840087891,0.31258201599121094,0.07668792564817131,4.6431960995652,0.07327586206896551,0.4062908993329737,5.544675802661759
frame_006,frame_007,6,7,10,1,False,False,690,oxcart,0.7378373705961049,0.30403184371153724,0.8676667213439941,0.13233327865600586,0.038742035019584946,4.689883151515781,0.0668103448275862,0.42271187063728843,6.3270421927645755
frame_006,frame_008,6,8,10,2,False,False,690,oxcart,0.1858635430700305,1.6827425139224588,0.5831934213638306,0.41680657863616943,0.060003246416794026,4.514805942941278,0.05603448275862069,0.37906306961925224,6.764817857820502
frame_006,frame_009,6,9,10,3,False,False,571,"gas pump, gasoline pump, petrol pump, island dispenser",0.4677272608681809,0.7598699288670732,0.7597182989120483,0.24028170108795166,0.06584653250490441,4.846203370266093,0.16733870967741934,0.5750079561929756,3.4361921237556134
frame_006,frame_010,6,10,10,4,False,False,571,"gas pump, gasoline pump, petrol pump, island dispenser",0.4103955179775421,0.8906339062925666,0.7119751572608948,0.2880248427391052,0.0668399464077837,4.897794251103723,0.16532258064516128,0.5051950174471047,3.055813764070292
frame_006,frame_011,6,11,10,5,False,False,571,"gas pump, gasoline pump, petrol pump, island dispenser",0.4650556133112255,0.7655982820273488,0.7817730903625488,0.21822690963745117,0.052154027466593866,4.818083044043051,0.16129032258064516,0.5541445655167745,3.435696306204002
frame_006,frame_012,6,12,10,6,False,False,571,"gas pump, gasoline pump, petrol pump, island dispenser",0.42141518860876254,0.8641367350514266,0.7413735389709473,0.25862646102905273,0.05374443462300929,4.847393969860762,0.1592741935483871,0.5388671368823,3.383267087261023
frame_006,frame_013,6,13,10,7,False,False,571,"gas pump, gasoline pump, petrol pump, island dispenser",0.35587518308563515,1.0331752189179346,0.6717969179153442,0.32820308208465576,0.05190758120980603,4.882865178350707,0.1774193548387097,0.5172082248053906,2.9151736307212923
frame_006,frame_014,6,14,10,8,False,False,671,"mountain bike, all-terrain bike, off-roader",0.2583196815496058,1.3535573853077076,0.6266677379608154,0.37333226203918457,0.051574695957167106,4.98685731200279,0.1975806451612903,0.49705669930573365,2.5157155393433053
frame_006,frame_015,6,15,10,9,False,False,571,"gas pump, gasoline pump, petrol pump, island dispenser",0.3615946077990574,1.0172315626354305,0.6987488269805908,0.3012511730194092,0.07493362484909531,4.994215174353348,0.2056451612903226,0.6003542194940359,2.9193695379317823
frame_006,frame_016,6,16,10,10,False,False,571,"gas pump, gasoline pump, petrol pump, island dispenser",0.33582773207839417,1.091156952643256,0.6314173340797424,0.36858266592025757,0.03935454402972163,5.158493234511488,0.18951612903225806,0.45323599648951807,2.391543130412776
frame_006,frame_017,6,17,10,11,False,True,424,barbershop,0.1796729857611138,1.716616826147606,0.5710132122039795,0.4289867877960205,0.06184487432797115,5.078669634024314,0.15120967741935484,0.49066009113115244,3.2448987360140213
frame_006,frame_000,6,0,20,-6,False,False,427,"barrel, cask",0.8040723091848628,0.2180660770501489,0.8484165668487549,0.15158343315124512,0.03198996164991092,5.100571840570417,0.06465517241379311,0.20426291536845598,3.1592664243654522
frame_006,frame_001,6,1,20,-5,True,False,427,"barrel, cask",0.868025322433685,0.1415343914366226,0.8901189565658569,0.10988104343414307,0.02241120485808694,5.2275427171332645,0.0603448275862069,0.17474653308741317,2.8957996911628467
frame_006,frame_002,6,2,20,-4,False,False,427,"barrel, cask",0.48652006384808616,0.7204771369976624,0.6372848749160767,0.36271512508392334,0.03364073177001015,5.27579464563967,0.0668103448275862,0.19370753543340982,2.8993644013258764
frame_006,frame_003,6,3,20,-3,False,False,703,park bench,0.16685469120221197,1.7906319578946515,0.531470537185669,0.46852946281433105,0.022998213505834784,5.29421376399538,0.0668103448275862,0.21391729463972353,3.2018588617042494
frame_006,frame_004,6,4,20,-2,False,False,830,stretcher,0.3224443622862184,1.1318246776723377,0.5783536434173584,0.4216463565826416,0.036814927494907154,5.187462253435437,0.0603448275862069,0.21169376994299163,3.5080681876267183
frame_006,frame_005,6,5,20,-1,False,False,830,stretcher,0.24072281006409288,1.424109173148835,0.5384107828140259,0.4615892171859741,0.02254502264087186,5.23723681496283,0.07327586206896551,0.21097922752680362,2.879245928601085
frame_006,frame_007,6,7,20,1,False,False,690,oxcart,0.6036107049566009,0.5048258170624744,0.7296586036682129,0.2703413963317871,0.030920928885683978,5.1242075746977225,0.0668103448275862,0.22913590268260126,3.4296470595073223
frame_006,frame_008,6,8,20,2,False,False,267,standard poodle,0.20806988794185663,1.5698812559956195,0.5372709035873413,0.4627290964126587,0.02867866536840378,5.094452044285809,0.05603448275862069,0.1960572784647247,3.4988683541397023
frame_006,frame_009,6,9,20,3,False,False,671,"mountain bike, all-terrain bike, off-roader",0.5169294840091896,0.659848808342657,0.7881772518157959,0.2118227481842041,0.05095717375955691,5.377964584470357,0.16733870967741934,0.4435526432077539,2.6506278437475417
frame_006,frame_010,6,10,20,4,False,False,671,"mountain bike, all-terrain bike, off-roader",0.5334577143699544,0.6283754721689707,0.7815133929252625,0.21848660707473755,0.051764971966722334,5.407163254626019,0.16532258064516128,0.3756389482965957,2.2721575409159938
frame_006,frame_011,6,11,20,5,False,False,671,"mountain bike, all-terrain bike, off-roader",0.3593353280251907,1.0234992651061994,0.7744160890579224,0.22558391094207764,0.04221743301795746,5.425144075629444,0.16129032258064516,0.4023288733493584,2.494439014766022
frame_006,frame_012,6,12,20,6,False,False,671,"mountain bike, all-terrain bike, off-roader",0.808980639355146,0.21198029378584948,0.8865999579429626,0.11340004205703735,0.0744648968710705,5.30970565112384,0.1592741935483871,0.39589638079305495,2.485627909789307
frame_006,frame_013,6,13,20,7,False,False,671,"mountain bike, all-terrain bike, off-roader",0.6804922944416909,0.38493878033210915,0.820449948310852,0.17955005168914795,0.04251471872950858,5.502466861066141,0.1774193548387097,0.3856632295190837,2.1737382027439263
frame_006,frame_014,6,14,20,8,False,False,671,"mountain bike, all-terrain bike, off-roader",0.8361818751542612,0.1789091355466037,0.8835219740867615,0.11647802591323853,0.03249136405697942,5.533169662354682,0.1975806451612903,0.39927168060345797,2.0208036079521956
frame_006,frame_015,6,15,20,9,False,False,671,"mountain bike, all-terrain bike, off-roader",0.7605211335290226,0.2737513786760988,0.8486178517341614,0.15138214826583862,0.030088799082994444,5.475927978613836,0.2056451612903226,0.4236390762732455,2.0600488414855858
frame_006,frame_016,6,16,20,10,False,False,671,"mountain bike, all-terrain bike, off-roader",0.5113392531473875,0.6707220085787422,0.743193507194519,0.25680649280548096,0.0381978935791633,5.502091139389347,0.18951612903225806,0.3801564760834336,2.0059320440147137
frame_006,frame_017,6,17,20,11,False,True,461,"breastplate, aegis, egis",0.11617835471353728,2.1526287280472283,0.49821799993515015,0.5017820000648499,0.03889394503661853,5.433261838101653,0.15120967741935484,0.3776654771381267,2.497627688806811
frame_006,frame_000,6,0,30,-6,False,False,427,"barrel, cask",0.7838662424572405,0.2435168822977818,0.8600332140922546,0.13996678590774536,0.03474204610674488,5.097244178236847,0.06465517241379311,0.06723635941407066,1.039922358937626
frame_006,frame_001,6,1,30,-5,True,False,427,"barrel, cask",0.9501699689515151,0.05111439570506876,0.9550513029098511,0.044948697090148926,0.027278978751071686,5.130534848168264,0.0603448275862069,0.059929648216148886,0.9931198847247529
frame_006,frame_002,6,2,30,-4,False,False,427,"barrel, cask",0.4682223465247182,0.7588119964766911,0.6730970144271851,0.32690298557281494,0.03445690472525481,5.165830839507377,0.0668103448275862,0.05773359296944077,0.8641415205748555
frame_006,frame_003,6,3,30,-3,False,False,703,park bench,0.6101297486027049,0.49408364180539177,0.7296810746192932,0.2703189253807068,0.05464233029549425,5.14394871325399,0.0668103448275862,0.09208367149680796,1.3782846314360935
frame_006,frame_004,6,4,30,-2,False,False,703,park bench,0.5872315695098212,0.532336040337793,0.7499090433120728,0.25009095668792725,0.042446434710043876,5.086422974375848,0.0603448275862069,0.06691969982044392,1.1089550255959277
frame_006,frame_005,6,5,30,-1,False,False,176,"Saluki, gazelle hound",0.24131249009161823,1.4216625460180579,0.6165996789932251,0.3834003210067749,0.03205811573589814,4.996507954062693,0.07327586206896551,0.06853134896761713,0.9352513506168927
frame_006,frame_007,6,7,30,1,False,False,690,oxcart,0.44067465708484543,0.8194484148352803,0.7434937953948975,0.25650620460510254,0.04814954537168683,5.082883374427056,0.0668103448275862,0.0913066322329799,1.3666541082613766
frame_006,frame_008,6,8,30,2,False,False,222,kuvasz,0.1429402076461117,1.945328864511132,0.5516124963760376,0.4483875036239624,0.04346341596740886,5.042938714087748,0.05603448275862069,0.10082327684253059,1.7993077098051613
frame_006,frame_009,6,9,30,3,False,False,571,"gas pump, gasoline pump, petrol pump, island dispenser",0.6345850691844325,0.45478392802594403,0.8311722278594971,0.16882777214050293,0.023198239849536985,5.683009538337277,0.16733870967741934,0.1959979198089987,1.1712646774128115
frame_006,frame_010,6,10,30,4,False,False,571,"gas pump, gasoline pump, petrol pump, island dispenser",0.562530125663573,0.5753105896024318,0.8046342134475708,0.1953657865524292,0.015507575004335614,5.71928115929426,0.16532258064516128,0.159400103851941,0.964176237933692
frame_006,frame_011,6,11,30,5,False,False,571,"gas pump, gasoline pump, petrol pump, island dispenser",0.6864937916189195,0.3761580973417056,0.8457199931144714,0.15428000688552856,0.02800651877743486,5.6839558992326,0.16129032258064516,0.17008382362242988,1.0545197064590652
frame_006,frame_012,6,12,30,6,False,False,671,"mountain bike, all-terrain bike, off-roader",0.5457436222758353,0.6056059697846639,0.8335968852043152,0.16640311479568481,0.016601933264711797,5.694636026709389,0.1592741935483871,0.15649894248701557,0.9825756389058193
frame_006,frame_013,6,13,30,7,False,False,671,"mountain bike, all-terrain bike, off-roader",0.35644565131189215,1.0315735014876117,0.767928957939148,0.23207104206085205,0.016841152909468596,5.714801334681827,0.1774193548387097,0.15245253244854926,0.8592779101645504
frame_006,frame_014,6,14,30,8,False,False,671,"mountain bike, all-terrain bike, off-roader",0.5828282025196964,0.5398628144117077,0.7884597778320312,0.21154022216796875,0.020877238539689487,5.694888297824807,0.1975806451612903,0.18354677051294782,0.9289714099430829
frame_006,frame_015,6,15,30,9,False,False,571,"gas pump, gasoline pump, petrol pump, island dispenser",0.5510674699935721,0.5958980272465433,0.8316784501075745,0.16832154989242554,0.020354161221671222,5.7169967898341945,0.2056451612903226,0.21000318055331388,1.0211919368082714
frame_006,frame_016,6,16,30,10,False,False,571,"gas pump, gasoline pump, petrol pump, island dispenser",0.48511334441438153,0.7233727155247367,0.7484867572784424,0.2515132427215576,0.018602482814003125,5.688803591207674,0.18951612903225806,0.16405256454478992,0.8656390639810192
frame_006,frame_017,6,17,30,11,False,True,634,"lumbermill, sawmill",0.11120424460089627,2.196386727022775,0.5297422409057617,0.4702577590942383,0.018343359323706388,5.673108574122145,0.15120967741935484,0.11306966752261646,0.7477674012162369
frame_006,frame_000,6,0,40,-6,False,False,427,"barrel, cask",0.863487600759869,0.14677574078064293,0.9134289026260376,0.0865710973739624,0.1149414316370362,3.77862278589109,0.06465517241379311,0.7185659463792817,11.113819970666224
frame_006,frame_001,6,1,40,-5,True,False,427,"barrel, cask",0.9618308013492145,0.03891672595888751,0.9681369066238403,0.03186309337615967,0.08464133782387777,3.841680791264648,0.0603448275862069,0.6275794709024162,10.399888374954324
frame_006,frame_002,6,2,40,-4,False,False,427,"barrel, cask",0.7010252038733312,0.35521143842365266,0.7950271368026733,0.20497286319732666,0.08269451150954536,3.9387100754838067,0.0668103448275862,0.6969576471640399,10.431882202713371
frame_006,frame_003,6,3,40,-3,False,False,703,park bench,0.6030923609431394,0.5056849249242017,0.7996759414672852,0.20032405853271484,0.05699862284614546,4.0282944996117065,0.0668103448275862,0.6263615065017794,9.375217387639537
frame_006,frame_004,6,4,40,-2,False,False,703,park bench,0.7760661143030261,0.2535175635840279,0.8337574601173401,0.1662425398826599,0.07810898792240106,3.9679401482109706,0.0603448275862069,0.6394740628490162,10.596998755783696
frame_006,frame_005,6,5,40,-1,False,False,703,park bench,0.3753318199231409,0.9799447911350967,0.7043607234954834,0.2956392765045166,0.08207415084172175,3.9379562215358397,0.07327586206896551,0.6498740122320958,8.868868872814485
frame_006,frame_007,6,7,40,1,False,False,690,oxcart,0.7344646104573682,0.30861346634332465,0.820521354675293,0.17947864532470703,0.06828601609824136,3.9185206439039124,0.0668103448275862,0.6942001547000122,10.390608767122764
frame_006,frame_008,6,8,40,2,False,False,222,kuvasz,0.44056485511993654,0.8196976137510266,0.6575150489807129,0.3424849510192871,0.0828588678518167,3.7924745343176123,0.05603448275862069,0.686898664744381,12.258499247745876
frame_006,frame_009,6,9,40,3,False,False,571,"gas pump, gasoline pump, petrol pump, island dispenser",0.7988403630742438,0.22459414907979536,0.8685666918754578,0.13143330812454224,0.0668280954882966,4.388408493985244,0.16733870967741934,0.6567429006370782,3.924632273686636
frame_006,frame_010,6,10,40,4,False,False,571,"gas pump, gasoline pump, petrol pump, island dispenser",0.6523561264960704,0.42716465988952246,0.8008508086204529,0.19914919137954712,0.07385422464203313,4.4380472344519575,0.16532258064516128,0.5875196706102623,3.553777519788904
frame_006,frame_011,6,11,40,5,False,False,571,"gas pump, gasoline pump, petrol pump, island dispenser",0.7208918042204958,0.3272662164522986,0.8325523734092712,0.16744762659072876,0.049215491190370546,4.429822731867777,0.16129032258064516,0.6743131942681488,4.180741804462523
frame_006,frame_012,6,12,40,6,False,False,571,"gas pump, gasoline pump, petrol pump, island dispenser",0.4970275742283279,0.699109773079817,0.8080443143844604,0.19195568561553955,0.06414902085846629,4.4428356435092,0.1592741935483871,0.6710973653367158,4.213472065911533
frame_006,frame_013,6,13,40,7,False,False,571,"gas pump, gasoline pump, petrol pump, island dispenser",0.34856367835772056,1.0539343442170408,0.7257752418518066,0.27422475814819336,0.09027799994268228,4.421370965257049,0.1774193548387097,0.6355585949083622,3.5822393531198595
frame_006,frame_014,6,14,40,8,False,False,671,"mountain bike, all-terrain bike, off-roader",0.3190115046347506,1.1425281121618691,0.7346013188362122,0.26539868116378784,0.05359385612295057,4.6349043584167235,0.1975806451612903,0.5855489276781096,2.9635945727381876
frame_006,frame_015,6,15,40,9,False,False,571,"gas pump, gasoline pump, petrol pump, island dispenser",0.6288486122950898,0.46386473122578,0.8167562484741211,0.1832437515258789,0.05781622620209239,4.60029517809728,0.2056451612903226,0.6117736983945706,2.97489955297752
frame_006,frame_016,6,16,40,10,False,False,571,"gas pump, gasoline pump, petrol pump, island dispenser",0.44209136257100196,0.8162387156151625,0.7271074056625366,0.2728925943374634,0.041498354704377904,4.792728659265924,0.18951612903225806,0.5319878733942162,2.807084948973736
frame_006,frame_017,6,17,40,11,False,True,461,"breastplate, aegis, egis",0.16663544925208607,1.7919467912592149,0.5694838762283325,0.4305161237716675,0.052715126595263964,4.676285488428623,0.15120967741935484,0.5406738921917904,3.5756566736950406
frame_006,frame_000,6,0,50,-6,False,False,427,"barrel, cask",0.6244497692334475,0.47088438622480067,0.8539811372756958,0.1460188627243042,0.06281442195810501,4.468345223603785,0.06465517241379311,0.45714320456562363,7.070481563948312
frame_006,frame_001,6,1,50,-5,True,False,427,"barrel, cask",0.9100367822350667,0.09427026024957423,0.9392679333686829,0.06073206663131714,0.05953072713873062,4.5564581367243076,0.0603448275862069,0.37155540585876873,6.1572038685167385
frame_006,frame_002,6,2,50,-4,False,False,427,"barrel, cask",0.3712833163615178,0.9907898518505887,0.7068184614181519,0.29318153858184814,0.06287395917598951,4.459870777445976,0.0668103448275862,0.41762687192011644,6.250931244223679
frame_006,frame_003,6,3,50,-3,False,False,703,park bench,0.7416860636220446,0.29882922019363267,0.8166495561599731,0.18335044384002686,0.06845261116035722,4.389603924396168,0.0668103448275862,0.42978358840858943,6.432889839405984
frame_006,frame_004,6,4,50,-2,False,False,703,park bench,0.8383050804104621,0.1763731869839562,0.8759288191795349,0.12407118082046509,0.07101213104781764,4.352909947458798,0.0603448275862069,0.3639297835545818,6.030836413190212
frame_006,frame_005,6,5,50,-1,False,False,703,park bench,0.44425318025909044,0.8113606532581086,0.7431313991546631,0.2568686008453369,0.10970038007231811,4.272991140343484,0.07327586206896551,0.43094914140996415,5.881188282771276
frame_006,frame_007,6,7,50,1,False,False,690,oxcart,0.7337103618181345,0.3096409306712564,0.8394277691841125,0.16057223081588745,0.10714908701964203,4.290023128703476,0.0668103448275862,0.4614382054074012,6.90668797771078
frame_006,frame_008,6,8,50,2,False,False,222,kuvasz,0.4627544616650272,0.770558685943401,0.7027443051338196,0.2972556948661804,0.08087058908083922,4.2363127050222165,0.05603448275862069,0.40175804299794093,7.169835844270946
frame_006,frame_009,6,9,50,3,False,False,571,"gas pump, gasoline pump, petrol pump, island dispenser",0.5667037539206402,0.567918591652325,0.8340975046157837,0.1659024953842163,0.044762546869803764,4.824019643159407,0.16733870967741934,0.5571850590434053,3.329684208259386
frame_006,frame_010,6,10,50,4,False,False,571,"gas pump, gasoline pump, petrol pump, island dispenser",0.36612791650554793,1.004772507992159,0.7771263122558594,0.22287368774414062,0.04809962956676795,4.9424933136932,0.16532258064516128,0.48124053019611623,2.9109183289911424
frame_006,frame_011,6,11,50,5,False,False,870,"tricycle, trike, velocipede",0.45329033279887027,0.7912224475392247,0.8291758298873901,0.17082417011260986,0.039541721673073446,4.860039526206365,0.16129032258064516,0.5165313802922541,3.2024945578119755
frame_006,frame_012,6,12,50,6,False,False,671,"mountain bike, all-terrain bike, off-roader",0.39534910969388337,0.9279860824118789,0.8169245719909668,0.1830754280090332,0.04358494645364892,4.913488799915276,0.1592741935483871,0.5003201156546572,3.1412503463887336
frame_006,frame_013,6,13,50,7,False,False,870,"tricycle, trike, velocipede",0.6549225958156184,0.4232382246573212,0.8402763605117798,0.15972363948822021,0.04169978193081682,4.952862245215453,0.1774193548387097,0.4491697668237008,2.5316841402790407
frame_006,frame_014,6,14,50,8,False,False,671,"mountain bike, all-terrain bike, off-roader",0.6560895089594831,0.42145805276145865,0.8247038722038269,0.1752961277961731,0.051394179070654085,4.852029172448171,0.1975806451612903,0.4675561910185869,2.3664068443389707
frame_006,frame_015,6,15,50,9,False,False,671,"mountain bike, all-terrain bike, off-roader",0.5004336253818422,0.692280305640919,0.7848491668701172,0.2151508331298828,0.06436326335093755,4.924180767659999,0.2056451612903226,0.5547841063615735,2.697773693679808
frame_006,frame_016,6,16,50,10,False,False,571,"gas pump, gasoline pump, petrol pump, island dispenser",0.37157312957982935,0.9900095847219972,0.7360782027244568,0.2639217972755432,0.054194499526130105,5.033981900678953,0.18951612903225806,0.3763919785870288,1.9860683125443221
frame_006,frame_017,6,17,50,11,False,True,538,dome,0.3256171622835201,1.1220329365268893,0.6078534126281738,0.39214658737182617,0.05906301250029404,5.092680396009411,0.15120967741935484,0.28595385231065273,1.8911081432811168
frame_007,frame_000,7,0,5,-7,False,False,456,bow,0.49758380254780743,0.6979912892368723,0.6538925170898438,0.34610748291015625,0.031667020721777975,5.0757345145708985,0.06465517241379311,0.4528760944438211,7.004483594064433
frame_007,frame_001,7,1,5,-6,False,False,456,bow,0.3960163754630391,0.9262997164032427,0.6408478617668152,0.3591521382331848,0.03289094560601113,5.132898919452148,0.0603448275862069,0.4141412252508761,6.862911732728803
frame_007,frame_002,7,2,5,-5,False,False,416,"balance beam, beam",0.1270580964859437,2.0631108444778827,0.5057896375656128,0.4942103624343872,0.023223206342702987,5.129311741517661,0.0668103448275862,0.4431878263671576,6.63352101401165
frame_007,frame_003,7,3,5,-4,False,False,416,"balance beam, beam",0.24670547097511758,1.399560079060711,0.5800842046737671,0.4199157953262329,0.02215244269702593,5.203369525562163,0.0668103448275862,0.40845797694834746,6.113693590452685
frame_007,frame_004,7,4,5,-3,False,False,416,"balance beam, beam",0.3519510162889743,1.0442632713374098,0.6631804704666138,0.33681952953338623,0.02650433986028093,5.159216934235806,0.0603448275862069,0.3927737435713833,6.50882203632578
frame_007,frame_005,7,5,5,-2,False,False,416,"balance beam, beam",0.19867655224640204,1.6160771421933258,0.5442174077033997,0.45578259229660034,0.025032214916779046,5.110729895067914,0.07327586206896551,0.44591572959325926,6.085438192096245
frame_007,frame_006,7,6,5,-1,False,True,345,ox,0.15027276769700426,1.8953031849534416,0.48555344343185425,0.5144465565681458,0.025647727635258893,5.055991545635688,0.07758620689655173,0.5031234813921951,6.484702649054959
frame_007,frame_008,7,8,5,1,False,False,981,"ballplayer, baseball player",0.2223945522023052,1.5033022123989612,0.5336836576461792,0.4663163423538208,0.025480993288814383,5.070211492793257,0.05603448275862069,0.3911176335464813,6.979945460214128
frame_007,frame_009,7,9,5,2,True,False,571,"gas pump, gasoline pump, petrol pump, island dispenser",0.9513222780180682,0.04990239054496648,0.9520183205604553,0.04798167943954468,0.011781449568923704,5.704628537731004,0.16733870967741934,0.39284898318936,2.3476276585773803
frame_007,frame_010,7,10,5,3,False,False,571,"gas pump, gasoline pump, petrol pump, island dispenser",0.9424442748052307,0.05927848628300225,0.9427655339241028,0.05723446607589722,0.011745602969867264,5.72336243163037,0.16532258064516128,0.38706624168548276,2.3412787301951155
frame_007,frame_011,7,11,5,4,False,False,571,"gas pump, gasoline pump, petrol pump, island dispenser",0.8796966224413675,0.12817817817458987,0.898993730545044,0.10100626945495605,0.014921767504732304,5.703826741802329,0.16129032258064516,0.38178713280948134,2.3670802234187844
frame_007,frame_012,7,12,5,5,False,False,571,"gas pump, gasoline pump, petrol pump, island dispenser",0.8433070265995993,0.17042418017063188,0.8798789381980896,0.1201210618019104,0.010653672785888326,5.739905039597907,0.1592741935483871,0.3671854015702871,2.3053665718843344
frame_007,frame_013,7,13,5,6,False,False,571,"gas pump, gasoline pump, petrol pump, island dispenser",0.8235485851029746,0.19413273280122212,0.8535465002059937,0.14645349979400635,0.010602126227201178,5.752971242813517,0.1774193548387097,0.3897428971775503,2.196732693182556
frame_007,frame_014,7,14,5,7,False,False,571,"gas pump, gasoline pump, petrol pump, island dispenser",0.7389623007348575,0.3025083732257734,0.7906394004821777,0.20936059951782227,0.010814774779281942,5.756559871172751,0.1975806451612903,0.4004472198786067,2.0267532761202953
frame_007,frame_015,7,15,5,8,False,False,571,"gas pump, gasoline pump, petrol pump, island dispenser",0.7894104010144252,0.23646893999217333,0.8257780075073242,0.17422199249267578,0.012021679141064598,5.755054405679442,0.2056451612903226,0.42384979514528986,2.061073513647684
frame_007,frame_016,7,16,5,9,False,False,571,"gas pump, gasoline pump, petrol pump, island dispenser",0.6606383161862884,0.41454876560897524,0.7372978329658508,0.26270216703414917,0.012290965670204958,5.78479830943413,0.18951612903225806,0.3672964900595787,1.9380750964845854
frame_007,frame_017,7,17,5,10,False,False,571,"gas pump, gasoline pump, petrol pump, island dispenser",0.12841293716674265,2.0525041360515646,0.4941794276237488,0.5058205723762512,0.017628128012145125,5.7667839279623205,0.15120967741935484,0.30703052003511316,2.0304951724988816
frame_007,frame_000,7,0,10,-7,False,False,427,"barrel, cask",0.38322732718313235,0.9591269223197074,0.7004343867301941,0.2995656132698059,0.06054721803161551,4.583870042935193,0.06465517241379311,0.3815177061337305,5.900807188201698
frame_007,frame_001,7,1,10,-6,False,False,690,oxcart,0.5705818530927173,0.5610986439108583,0.7628535032272339,0.2371464967727661,0.08622560513060917,4.667273027646491,0.0603448275862069,0.29674864208031,4.917548925902279
frame_007,frame_002,7,2,10,-5,False,False,703,park bench,0.34485230782604126,1.064639046866707,0.703119695186615,0.296880304813385,0.050435573016843045,4.714427213842579,0.0668103448275862,0.34645860847085147,5.1857030429185516
frame_007,frame_003,7,3,10,-4,False,False,703,park bench,0.7159531503737359,0.3341405466012033,0.8343991041183472,0.16560089588165283,0.0384907566628314,4.8240309062545546,0.0668103448275862,0.38931003028197925,5.8270920661560766
frame_007,frame_004,7,4,10,-3,True,False,416,"balance beam, beam",0.7864446442698048,0.24023294132591544,0.8726201057434082,0.1273798942565918,0.05846820053446395,4.663066423720631,0.0603448275862069,0.3464090456423108,5.740492756358293
frame_007,frame_005,7,5,10,-2,False,False,703,park bench,0.33452067883707987,1.095056581183893,0.6874179840087891,0.31258201599121094,0.06925305784718509,4.696316395824965,0.07327586206896551,0.3675469468569562,5.0159348041655205
frame_007,frame_006,7,6,10,-1,False,False,690,oxcart,0.5149142476405989,0.6637549016183664,0.7682139873504639,0.23178601264953613,0.05398368914328337,4.654037473214542,0.07758620689655173,0.42319992241300286,5.454576777767592
frame_007,frame_008,7,8,10,1,False,False,690,oxcart,0.1858635430700305,1.6827425139224588,0.5831934213638306,0.41680657863616943,0.0653103299067556,4.565685970587448,0.05603448275862069,0.3360084636119862,5.996458735229292
frame_007,frame_009,7,9,10,2,False,False,571,"gas pump, gasoline pump, petrol pump, island dispenser",0.4677272608681809,0.7598699288670732,0.7597182989120483,0.24028170108795166,0.07243826233732675,4.869313242833268,0.16733870967741934,0.5677301445357198,3.3927006227676753
frame_007,frame_010,7,10,10,3,False,False,571,"gas pump, gasoline pump, petrol pump, island dispenser",0.4103955179775421,0.8906339062925666,0.7119751572608948,0.2880248427391052,0.07140749909091938,4.9204536286617,0.16532258064516128,0.49473983761336976,2.992572676295505
frame_007,frame_011,7,11,10,4,False,False,571,"gas pump, gasoline pump, petrol pump, island dispenser",0.4650556133112255,0.7655982820273488,0.7817730903625488,0.21822690963745117,0.05057416475314843,4.8449596617850705,0.16129032258064516,0.5351459956031903,3.31790517273978
frame_007,frame_012,7,12,10,5,False,False,571,"gas pump, gasoline pump, petrol pump, island dispenser",0.42141518860876254,0.8641367350514266,0.7413735389709473,0.25862646102905273,0.05291641122269846,4.858810003190973,0.1592741935483871,0.5207415380261303,3.269465858999502
frame_007,frame_013,7,13,10,6,False,False,571,"gas pump, gasoline pump, petrol pump, island dispenser",0.35587518308563515,1.0331752189179346,0.6717969179153442,0.32820308208465576,0.05406528678358916,4.915115938521522,0.1774193548387097,0.5006534163513789,2.8218647103441357
frame_007,frame_014,7,14,10,7,False,False,671,"mountain bike, all-terrain bike, off-roader",0.2583196815496058,1.3535573853077076,0.6266677379608154,0.37333226203918457,0.0524667014582201,5.018349039755042,0.1975806451612903,0.4942465640889196,2.501492814164328
frame_007,frame_015,7,15,10,8,False,False,571,"gas pump, gasoline pump, petrol pump, island dispenser",0.3615946077990574,1.0172315626354305,0.6987488269805908,0.3012511730194092,0.0762096038361727,5.021651459947735,0.2056451612903226,0.5935450738806913,2.8862583984786556
frame_007,frame_016,7,16,10,9,False,False,571,"gas pump, gasoline pump, petrol pump, island dispenser",0.33582773207839417,1.091156952643256,0.6314173340797424,0.36858266592025757,0.04124912252261428,5.168604914662463,0.18951612903225806,0.44857565825416346,2.3669524095113306
frame_007,frame_017,7,17,10,10,False,True,424,barbershop,0.1796729857611138,1.716616826147606,0.5710132122039795,0.4289867877960205,0.05986866671006458,5.099730324484977,0.15120967741935484,0.4732467585385449,3.1297385631349104
frame_007,frame_000,7,0,20,-7,False,False,427,"barrel, cask",0.8040723091848628,0.2180660770501489,0.8484165668487549,0.15158343315124512,0.035439316368387916,5.107402547169521,0.06465517241379311,0.16777736216617428,2.594956534836829
frame_007,frame_001,7,1,20,-6,True,False,427,"barrel, cask",0.868025322433685,0.1415343914366226,0.8901189565658569,0.10988104343414307,0.023755371744748163,5.24360759319967,0.0603448275862069,0.14600706626603185,2.419545669551385
frame_007,frame_002,7,2,20,-5,False,False,427,"barrel, cask",0.48652006384808616,0.7204771369976624,0.6372848749160767,0.36271512508392334,0.031801934862812534,5.289876413549099,0.0668103448275862,0.16545263993527246,2.476452417095691
frame_007,frame_003,7,3,20,-4,False,False,703,park bench,0.16685469120221197,1.7906319578946515,0.531470537185669,0.46852946281433105,0.02327844649203281,5.307934323958898,0.0668103448275862,0.17917355454273862,2.6818235260590555
frame_007,frame_004,7,4,20,-3,False,False,830,stretcher,0.3224443622862184,1.1318246776723377,0.5783536434173584,0.4216463565826416,0.03081806904854937,5.232475848126621,0.0603448275862069,0.17884635003147173,2.9637395148072456
frame_007,frame_005,7,5,20,-2,False,False,830,stretcher,0.24072281006409288,1.424109173148835,0.5384107828140259,0.4615892171859741,0.02181314868255047,5.26046155314252,0.07327586206896551,0.17450160680797017,2.3814336929087694
frame_007,frame_006,7,6,20,-1,False,False,690,oxcart,0.32388002173021757,1.1273821350708035,0.6254361271858215,0.37456387281417847,0.030261455179194534,5.206497704115659,0.07758620689655173,0.20291927833404927,2.6154040318610794
frame_007,frame_008,7,8,20,1,False,False,267,standard poodle,0.20806988794185663,1.5698812559956195,0.5372709035873413,0.4627290964126587,0.03076439498564021,5.146726282133654,0.05603448275862069,0.1675960879613559,2.9909455697718896
frame_007,frame_009,7,9,20,2,False,False,671,"mountain bike, all-terrain bike, off-roader",0.5169294840091896,0.659848808342657,0.7881772518157959,0.2118227481842041,0.05121571540879268,5.443817214469519,0.16733870967741934,0.40155982989639216,2.3996828388989218
frame_007,frame_010,7,10,20,3,False,False,671,"mountain bike, all-terrain bike, off-roader",0.5334577143699544,0.6283754721689707,0.7815133929252625,0.21848660707473755,0.05086679290364855,5.482441715167975,0.16532258064516128,0.3303839324445107,1.9984198840546015
frame_007,frame_011,7,11,20,4,False,False,671,"mountain bike, all-terrain bike, off-roader",0.3593353280251907,1.0234992651061994,0.7744160890579224,0.22558391094207764,0.040026999722710496,5.504778394830522,0.16129032258064516,0.35267401376104013,2.1865788853184487
frame_007,frame_012,7,12,20,5,False,False,671,"mountain bike, all-terrain bike, off-roader",0.808980639355146,0.21198029378584948,0.8865999579429626,0.11340004205703735,0.07356258616085755,5.3846365234179965,0.1592741935483871,0.3514368305339772,2.206489467656363
frame_007,frame_013,7,13,20,6,False,False,671,"mountain bike, all-terrain bike, off-roader",0.6804922944416909,0.38493878033210915,0.820449948310852,0.17955005168914795,0.04308045310590692,5.569483813335388,0.1774193548387097,0.3464531775418325,1.9527360915994196
frame_007,frame_014,7,14,20,7,False,False,671,"mountain bike, all-terrain bike, off-roader",0.8361818751542612,0.1789091355466037,0.8835219740867615,0.11647802591323853,0.028499139136403003,5.609970985124437,0.1975806451612903,0.3633650510050953,1.8390720948829313
frame_007,frame_015,7,15,20,8,False,False,671,"mountain bike, all-terrain bike, off-roader",0.7605211335290226,0.2737513786760988,0.8486178517341614,0.15138214826583862,0.028240568830255854,5.540474182073462,0.2056451612903226,0.3826014267531199,1.8604932124465439
frame_007,frame_016,7,16,20,9,False,False,671,"mountain bike, all-terrain bike, off-roader",0.5113392531473875,0.6707220085787422,0.743193507194519,0.25680649280548096,0.03537720467481321,5.566993649361873,0.18951612903225806,0.3534383863543777,1.8649514854443758
frame_007,frame_017,7,17,20,10,False,True,461,"breastplate, aegis, egis",0.11617835471353728,2.1526287280472283,0.49821799993515015,0.5017820000648499,0.036700446522877676,5.507089452162702,0.15120967741935484,0.3474701447917998,2.297935890889769
frame_007,frame_000,7,0,30,-7,False,False,427,"barrel, cask",0.7838662424572405,0.2435168822977818,0.8600332140922546,0.13996678590774536,0.03813623611325518,5.02439786652222,0.06465517241379311,0.04398211311029463,0.6802566827725569
frame_007,frame_001,7,1,30,-6,True,False,427,"barrel, cask",0.9501699689515151,0.05111439570506876,0.9550513029098511,0.044948697090148926,0.029356519066127375,5.070419778625682,0.0603448275862069,0.03680350802963311,0.6098867044910629
frame_007,frame_002,7,2,30,-5,False,False,427,"barrel, cask",0.4682223465247182,0.7588119964766911,0.6730970144271851,0.32690298557281494,0.03326481580991413,5.114403817969654,0.0668103448275862,0.03659013552815864,0.5476717059698584
frame_007,frame_003,7,3,30,-4,False,False,703,park bench,0.6101297486027049,0.49408364180539177,0.7296810746192932,0.2703189253807068,0.05061715388185134,5.104368279231724,0.0668103448275862,0.06430228644829634,0.9624600294196615
frame_007,frame_004,7,4,30,-3,False,False,703,park bench,0.5872315695098212,0.532336040337793,0.7499090433120728,0.25009095668792725,0.03929368054677461,5.045402905118646,0.0603448275862069,0.04494086846894829,0.7447343917711431
frame_007,frame_005,7,5,30,-2,False,False,176,"Saluki, gazelle hound",0.24131249009161823,1.4216625460180579,0.6165996789932251,0.3834003210067749,0.03911858729129775,4.939227684796438,0.07327586206896551,0.04512051335981009,0.6157622999691731
frame_007,frame_006,7,6,30,-1,False,False,176,"Saluki, gazelle hound",0.5489991189545718,0.5996584422925249,0.7528809309005737,0.24711906909942627,0.04106259006439167,5.048239621237286,0.07758620689655173,0.09443214391777555,1.2171254104957736
frame_007,frame_008,7,8,30,1,False,False,222,kuvasz,0.1429402076461117,1.945328864511132,0.5516124963760376,0.4483875036239624,0.042815625899034856,4.9866468720470385,0.05603448275862069,0.07283546165939148,1.2998328542291402
frame_007,frame_009,7,9,30,2,False,False,571,"gas pump, gasoline pump, petrol pump, island dispenser",0.6345850691844325,0.45478392802594403,0.8311722278594971,0.16882777214050293,0.015830201719473257,5.608637636929378,0.16733870967741934,0.15332748903770937,0.916270295936191
frame_007,frame_010,7,10,30,3,False,False,571,"gas pump, gasoline pump, petrol pump, island dispenser",0.562530125663573,0.5753105896024318,0.8046342134475708,0.1953657865524292,0.017045922608418494,5.633806642855677,0.16532258064516128,0.11940616387169133,0.7222616741507183
frame_007,frame_011,7,11,30,4,False,False,571,"gas pump, gasoline pump, petrol pump, island dispenser",0.6864937916189195,0.3761580973417056,0.8457199931144714,0.15428000688552856,0.019143143870037186,5.616644387407442,0.16129032258064516,0.12899201142422284,0.7997504708301816
frame_007,frame_012,7,12,30,5,False,False,671,"mountain bike, all-terrain bike, off-roader",0.5457436222758353,0.6056059697846639,0.8335968852043152,0.16640311479568481,0.014705694252584806,5.622895316702039,0.1592741935483871,0.12007251830874184,0.7538730263434931
frame_007,frame_013,7,13,30,6,False,False,671,"mountain bike, all-terrain bike, off-roader",0.35644565131189215,1.0315735014876117,0.767928957939148,0.23207104206085205,0.015487059873668737,5.6171635099186545,0.1774193548387097,0.11926873745200817,0.6722419747295005
frame_007,frame_014,7,14,30,7,False,False,671,"mountain bike, all-terrain bike, off-roader",0.5828282025196964,0.5398628144117077,0.7884597778320312,0.21154022216796875,0.015665622307466195,5.598557286472614,0.1975806451612903,0.13742525198252467,0.695540050850329
frame_007,frame_015,7,15,30,8,False,False,571,"gas pump, gasoline pump, petrol pump, island dispenser",0.5510674699935721,0.5958980272465433,0.8316784501075745,0.16832154989242554,0.015178649674901673,5.620206258370453,0.2056451612903226,0.16286859903065876,0.7919884815608503
frame_007,frame_016,7,16,30,9,False,False,571,"gas pump, gasoline pump, petrol pump, island dispenser",0.48511334441438153,0.7233727155247367,0.7484867572784424,0.2515132427215576,0.017537381799007344,5.5889720283294,0.18951612903225806,0.12633973143271268,0.6666436892619733
frame_007,frame_017,7,17,30,10,False,True,634,"lumbermill, sawmill",0.11120424460089627,2.196386727022775,0.5297422409057617,0.4702577590942383,0.01625552766104187,5.573742054576401,0.15120967741935484,0.08396388004380793,0.5552811266897164
frame_007,frame_000,7,0,40,-7,False,False,427,"barrel, cask",0.863487600759869,0.14677574078064293,0.9134289026260376,0.0865710973739624,0.10499083039882208,3.8148076725624778,0.06465517241379311,0.6970219002385764,10.780605390356646
frame_007,frame_001,7,1,40,-6,True,False,427,"barrel, cask",0.9618308013492145,0.03891672595888751,0.9681369066238403,0.03186309337615967,0.08456908001725554,3.8723084266103642,0.0603448275862069,0.6050190691366303,10.026030288549872
frame_007,frame_002,7,2,40,-5,False,False,427,"barrel, cask",0.7010252038733312,0.35521143842365266,0.7950271368026733,0.20497286319732666,0.08545570925227841,3.968394678977466,0.0668103448275862,0.6773896744139712,10.138993836389764
frame_007,frame_003,7,3,40,-4,False,False,703,park bench,0.6030923609431394,0.5056849249242017,0.7996759414672852,0.20032405853271484,0.06343988279253061,4.037814224957618,0.0668103448275862,0.6252069507889844,9.357936295680283
frame_007,frame_004,7,4,40,-3,False,False,703,park bench,0.7760661143030261,0.2535175635840279,0.8337574601173401,0.1662425398826599,0.07859206311392793,3.994173287432065,0.0603448275862069,0.6300940882598078,10.441559176876815
frame_007,frame_005,7,5,40,-2,False,False,703,park bench,0.3753318199231409,0.9799447911350967,0.7043607234954834,0.2956392765045166,0.08634368346512956,3.9635693921894504,0.07327586206896551,0.6410411661348528,8.748326502546227
frame_007,frame_006,7,6,40,-1,False,False,690,oxcart,0.37864694573165647,0.9711510496593627,0.6845386028289795,0.3154613971710205,0.0744272608463549,3.9733285815381203,0.07758620689655173,0.6383054250967081,8.227047701246459
frame_007,frame_008,7,8,40,1,False,False,222,kuvasz,0.44056485511993654,0.8196976137510266,0.6575150489807129,0.3424849510192871,0.08631064729829639,3.818946558698672,0.05603448275862069,0.6760649458470959,12.065159033578942
frame_007,frame_009,7,9,40,2,False,False,571,"gas pump, gasoline pump, petrol pump, island dispenser",0.7988403630742438,0.22459414907979536,0.8685666918754578,0.13143330812454224,0.0664115238971921,4.408934149689507,0.16733870967741934,0.6563534387273663,3.9223048868526953
frame_007,frame_010,7,10,40,3,False,False,571,"gas pump, gasoline pump, petrol pump, island dispenser",0.6523561264960704,0.42716465988952246,0.8008508086204529,0.19914919137954712,0.07681205706156201,4.461490785744882,0.16532258064516128,0.5857589574478613,3.5431273523675517
frame_007,frame_011,7,11,40,4,False,False,571,"gas pump, gasoline pump, petrol pump, island dispenser",0.7208918042204958,0.3272662164522986,0.8325523734092712,0.16744762659072876,0.05096142342912463,4.47145923668951,0.16129032258064516,0.6639396204446364,4.1164256467567455
frame_007,frame_012,7,12,40,5,False,False,571,"gas pump, gasoline pump, petrol pump, island dispenser",0.4970275742283279,0.699109773079817,0.8080443143844604,0.19195568561553955,0.06241206506422317,4.480707216453544,0.1592741935483871,0.6608658922445396,4.1492339563707805
frame_007,frame_013,7,13,40,6,False,False,571,"gas pump, gasoline pump, petrol pump, island dispenser",0.34856367835772056,1.0539343442170408,0.7257752418518066,0.27422475814819336,0.08718445829481344,4.447867966593003,0.1774193548387097,0.6445722689719771,3.6330436978420524
frame_007,frame_014,7,14,40,7,False,False,671,"mountain bike, all-terrain bike, off-roader",0.3190115046347506,1.1425281121618691,0.7346013188362122,0.26539868116378784,0.053607619516367694,4.644614583518825,0.1975806451612903,0.5898158072776811,2.9851902082625497
frame_007,frame_015,7,15,40,8,False,False,571,"gas pump, gasoline pump, petrol pump, island dispenser",0.6288486122950898,0.46386473122578,0.8167562484741211,0.1832437515258789,0.04907582761363873,4.648748893009737,0.2056451612903226,0.6132368400182621,2.9820144377358626
frame_007,frame_016,7,16,40,9,False,False,571,"gas pump, gasoline pump, petrol pump, island dispenser",0.44209136257100196,0.8162387156151625,0.7271074056625366,0.2728925943374634,0.040103050318185514,4.7959664465416765,0.18951612903225806,0.5453665297600424,2.8776787102232024
frame_007,frame_017,7,17,40,10,False,True,461,"breastplate, aegis, egis",0.16663544925208607,1.7919467912592149,0.5694838762283325,0.4305161237716675,0.057360906290245844,4.6768890498220275,0.15120967741935484,0.5557630117085073,3.675446050765595
frame_007,frame_000,7,0,50,-7,False,False,427,"barrel, cask",0.6244497692334475,0.47088438622480067,0.8539811372756958,0.1460188627243042,0.06321564357800857,4.472519107916655,0.06465517241379311,0.45085045990990735,6.9731537799399
frame_007,frame_001,7,1,50,-6,True,False,427,"barrel, cask",0.9100367822350667,0.09427026024957423,0.9392679333686829,0.06073206663131714,0.053637414165948236,4.567200054380381,0.0603448275862069,0.3694988291880641,6.123123455116491
frame_007,frame_002,7,2,50,-5,False,False,427,"barrel, cask",0.3712833163615178,0.9907898518505887,0.7068184614181519,0.29318153858184814,0.05578536829853271,4.500762466988535,0.0668103448275862,0.42048905391649316,6.293771645717833
frame_007,frame_003,7,3,50,-4,False,False,703,park bench,0.7416860636220446,0.29882922019363267,0.8166495561599731,0.18335044384002686,0.06154218574399253,4.449956818083798,0.0668103448275862,0.4370647712293854,6.541872704852737
frame_007,frame_004,7,4,50,-3,False,False,703,park bench,0.8383050804104621,0.1763731869839562,0.8759288191795349,0.12407118082046509,0.0644958891637587,4.379936542543685,0.0603448275862069,0.36905184392757173,6.115716270799759
frame_007,frame_005,7,5,50,-2,False,False,703,park bench,0.44425318025909044,0.8113606532581086,0.7431313991546631,0.2568686008453369,0.09763791349649582,4.295063149761268,0.07327586206896551,0.441888632976422,6.03048016767823
frame_007,frame_006,7,6,50,-1,False,False,690,oxcart,0.4549769553539817,0.7875085088874849,0.7062128782272339,0.2937871217727661,0.10415741513157675,4.219846318528244,0.07758620689655173,0.5703480045176604,7.3511520582276235
frame_007,frame_008,7,8,50,1,False,False,222,kuvasz,0.4627544616650272,0.770558685943401,0.7027443051338196,0.2972556948661804,0.07715013597011139,4.282295618699858,0.05603448275862069,0.4010919854380004,7.157949278585853
frame_007,frame_009,7,9,50,2,False,False,571,"gas pump, gasoline pump, petrol pump, island dispenser",0.5667037539206402,0.567918591652325,0.8340975046157837,0.1659024953842163,0.05074551336758813,4.835856543239247,0.16733870967741934,0.556410285270775,3.3250542348711374
frame_007,frame_010,7,10,50,3,False,False,571,"gas pump, gasoline pump, petrol pump, island dispenser",0.36612791650554793,1.004772507992159,0.7771263122558594,0.22287368774414062,0.05284264698559605,4.958231463173597,0.16532258064516128,0.4735408299619126,2.8643445324525447
frame_007,frame_011,7,11,50,4,False,False,870,"tricycle, trike, velocipede",0.45329033279887027,0.7912224475392247,0.8291758298873901,0.17082417011260986,0.03602242820808238,4.899896745113747,0.16129032258064516,0.5066389714501521,3.141161622990943
frame_007,frame_012,7,12,50,5,False,False,671,"mountain bike, all-terrain bike, off-roader",0.39534910969388337,0.9279860824118789,0.8169245719909668,0.1830754280090332,0.0368336543641829,4.949364596755663,0.1592741935483871,0.4874069213585885,3.0601751011880998
frame_007,frame_013,7,13,50,6,False,False,870,"tricycle, trike, velocipede",0.6549225958156184,0.4232382246573212,0.8402763605117798,0.15972363948822021,0.042956489795170145,4.9698148044007375,0.1774193548387097,0.45304295995208416,2.553514865184474
frame_007,frame_014,7,14,50,7,False,False,671,"mountain bike, all-terrain bike, off-roader",0.6560895089594831,0.42145805276145865,0.8247038722038269,0.1752961277961731,0.05144402134771586,4.869450961977153,0.1975806451612903,0.46700998338152067,2.3636423648697376
frame_007,frame_015,7,15,50,8,False,False,671,"mountain bike, all-terrain bike, off-roader",0.5004336253818422,0.692280305640919,0.7848491668701172,0.2151508331298828,0.05483600853603479,4.937756296404087,0.2056451612903226,0.5437017895974777,2.6438832121602838
frame_007,frame_016,7,16,50,9,False,False,571,"gas pump, gasoline pump, petrol pump, island dispenser",0.37157312957982935,0.9900095847219972,0.7360782027244568,0.2639217972755432,0.05575510944688128,5.050011423157345,0.18951612903225806,0.3723169964573427,1.9645662791791698
frame_007,frame_017,7,17,50,10,False,True,538,dome,0.3256171622835201,1.1220329365268893,0.6078534126281738,0.39214658737182617,0.062108426867238366,5.067916009842831,0.15120967741935484,0.28742188483964065,1.9008167317394902
frame_008,frame_000,8,0,5,-8,False,False,456,bow,0.49758380254780743,0.6979912892368723,0.6538925170898438,0.34610748291015625,0.03340718979587536,5.095415393093983,0.06465517241379311,0.4458177104521264,6.895313921659555
frame_008,frame_001,8,1,5,-7,False,False,456,bow,0.3960163754630391,0.9262997164032427,0.6408478617668152,0.3591521382331848,0.03347933296298603,5.149751971562694,0.0603448275862069,0.4112621252571084,6.815200932832082
frame_008,frame_002,8,2,5,-6,False,False,416,"balance beam, beam",0.1270580964859437,2.0631108444778827,0.5057896375656128,0.4942103624343872,0.0232590474922794,5.15229830802396,0.0668103448275862,0.43699194791882845,6.540782704333433
frame_008,frame_003,8,3,5,-5,False,False,416,"balance beam, beam",0.24670547097511758,1.399560079060711,0.5800842046737671,0.4199157953262329,0.02200556180377129,5.227807038503456,0.0668103448275862,0.40092116805078304,6.000884579856882
frame_008,frame_004,8,4,5,-4,False,False,416,"balance beam, beam",0.3519510162889743,1.0442632713374098,0.6631804704666138,0.33681952953338623,0.025129068923991034,5.183793090525327,0.0603448275862069,0.3853121647877969,6.385173016483491
frame_008,frame_005,8,5,5,-3,False,False,416,"balance beam, beam",0.19867655224640204,1.6160771421933258,0.5442174077033997,0.45578259229660034,0.026537376193691068,5.130008352260926,0.07327586206896551,0.438018366794575,5.977662417431848
frame_008,frame_006,8,6,5,-2,False,True,345,ox,0.15027276769700426,1.8953031849534416,0.48555344343185425,0.5144465565681458,0.02475840269909808,5.074039963893894,0.07758620689655173,0.4987720749695243,6.4286178551627575
frame_008,frame_007,8,7,5,-1,False,False,416,"balance beam, beam",0.19257299226743255,1.647280016515059,0.5679571628570557,0.43204283714294434,0.028430836173599178,5.101299143188781,0.0668103448275862,0.4305472235173051,6.4443197326461155
frame_008,frame_009,8,9,5,1,True,False,571,"gas pump, gasoline pump, petrol pump, island dispenser",0.9513222780180682,0.04990239054496648,0.9520183205604553,0.04798167943954468,0.011390408583511483,5.719873451036722,0.16733870967741934,0.38393344984877165,2.2943492906625393
frame_008,frame_010,8,10,5,2,False,False,571,"gas pump, gasoline pump, petrol pump, island dispenser",0.9424442748052307,0.05927848628300225,0.9427655339241028,0.05723446607589722,0.011829913734925403,5.737858147232659,0.16532258064516128,0.37886934160678043,2.2916974809385744
frame_008,frame_011,8,11,5,3,False,False,571,"gas pump, gasoline pump, petrol pump, island dispenser",0.8796966224413675,0.12817817817458987,0.898993730545044,0.10100626945495605,0.015034397986186564,5.716612595127787,0.16129032258064516,0.3777914798935043,2.3423071753397267
frame_008,frame_012,8,12,5,4,False,False,571,"gas pump, gasoline pump, petrol pump, island dispenser",0.8433070265995993,0.17042418017063188,0.8798789381980896,0.1201210618019104,0.010685041903802203,5.7531147479350615,0.1592741935483871,0.3603844566299473,2.2626669682082765
frame_008,frame_013,8,13,5,5,False,False,571,"gas pump, gasoline pump, petrol pump, island dispenser",0.8235485851029746,0.19413273280122212,0.8535465002059937,0.14645349979400635,0.0108012602826658,5.765595622506445,0.1774193548387097,0.3823059272968245,2.1548152265821017
frame_008,frame_014,8,14,5,6,False,False,571,"gas pump, gasoline pump, petrol pump, island dispenser",0.7389623007348575,0.3025083732257734,0.7906394004821777,0.20936059951782227,0.011318230146574846,5.771431174265519,0.1975806451612903,0.39249162070434324,1.986488202748513
frame_008,frame_015,8,15,5,7,False,False,571,"gas pump, gasoline pump, petrol pump, island dispenser",0.7894104010144252,0.23646893999217333,0.8257780075073242,0.17422199249267578,0.012350498861840649,5.769719756647438,0.2056451612903226,0.41486255843039843,2.0173708723674277
frame_008,frame_016,8,16,5,8,False,False,571,"gas pump, gasoline pump, petrol pump, island dispenser",0.6606383161862884,0.41454876560897524,0.7372978329658508,0.26270216703414917,0.012413746766373886,5.802121649124596,0.18951612903225806,0.35912399769590764,1.894952158055002
frame_008,frame_017,8,17,5,9,False,False,571,"gas pump, gasoline pump, petrol pump, island dispenser",0.12841293716674265,2.0525041360515646,0.4941794276237488,0.5058205723762512,0.01836239543795177,5.783436779820931,0.15120967741935484,0.2995085283366343,1.980749734066275
frame_008,frame_000,8,0,10,-8,False,False,427,"barrel, cask",0.38322732718313235,0.9591269223197074,0.7004343867301941,0.2995656132698059,0.06290568266322218,4.594470961717612,0.06465517241379311,0.3930615204774395,6.07935151671773
frame_008,frame_001,8,1,10,-7,False,False,690,oxcart,0.5705818530927173,0.5610986439108583,0.7628535032272339,0.2371464967727661,0.08148062169809939,4.682842560730348,0.0603448275862069,0.3100750391429958,5.138386362941072
frame_008,frame_002,8,2,10,-6,False,False,703,park bench,0.34485230782604126,1.064639046866707,0.703119695186615,0.296880304813385,0.04936473827260898,4.717155922242749,0.0668103448275862,0.3581349866724397,5.360472058581033
frame_008,frame_003,8,3,10,-5,False,False,703,park bench,0.7159531503737359,0.3341405466012033,0.8343991041183472,0.16560089588165283,0.04169753161774693,4.825691035188581,0.0668103448275862,0.3957169382306634,5.922989010936382
frame_008,frame_004,8,4,10,-4,True,False,416,"balance beam, beam",0.7864446442698048,0.24023294132591544,0.8726201057434082,0.1273798942565918,0.05556830664342341,4.682175350928418,0.0603448275862069,0.35763560549891754,5.926532891124919
frame_008,frame_005,8,5,10,-3,False,False,703,park bench,0.33452067883707987,1.095056581183893,0.6874179840087891,0.31258201599121094,0.07527918478091496,4.695773515220168,0.07327586206896551,0.37758206640823405,5.152884670982959
frame_008,frame_006,8,6,10,-2,False,False,690,oxcart,0.5149142476405989,0.6637549016183664,0.7682139873504639,0.23178601264953613,0.05176048138656405,4.661449804370459,0.07758620689655173,0.43388038965928777,5.5922361333863755
frame_008,frame_007,8,7,10,-1,False,False,690,oxcart,0.7378373705961049,0.30403184371153724,0.8676667213439941,0.13233327865600586,0.04279374778770674,4.724342684674703,0.0668103448275862,0.3936646808019616,5.892271351358393
frame_008,frame_009,8,9,10,1,False,False,571,"gas pump, gasoline pump, petrol pump, island dispenser",0.4677272608681809,0.7598699288670732,0.7597182989120483,0.24028170108795166,0.06795962219319603,4.8855080767146575,0.16733870967741934,0.5570540542039085,3.3289013359655257
frame_008,frame_010,8,10,10,2,False,False,571,"gas pump, gasoline pump, petrol pump, island dispenser",0.4103955179775421,0.8906339062925666,0.7119751572608948,0.2880248427391052,0.06848210072130735,4.941686426268426,0.16532258064516128,0.48511530900841665,2.9343560154655446
frame_008,frame_011,8,11,10,3,False,False,571,"gas pump, gasoline pump, petrol pump, island dispenser",0.4650556133112255,0.7655982820273488,0.7817730903625488,0.21822690963745117,0.046053203426968545,4.862551511366066,0.16129032258064516,0.5313922080129393,3.294631689680224
frame_008,frame_012,8,12,10,4,False,False,571,"gas pump, gasoline pump, petrol pump, island dispenser",0.42141518860876254,0.8641367350514266,0.7413735389709473,0.25862646102905273,0.053423795812789124,4.882327695847803,0.1592741935483871,0.5135412532939742,3.2242590080229263
frame_008,frame_013,8,13,10,5,False,False,571,"gas pump, gasoline pump, petrol pump, island dispenser",0.35587518308563515,1.0331752189179346,0.6717969179153442,0.32820308208465576,0.052144579127824685,4.920565991243467,0.1774193548387097,0.4980451016772577,2.807163300362725
frame_008,frame_014,8,14,10,6,False,False,671,"mountain bike, all-terrain bike, off-roader",0.2583196815496058,1.3535573853077076,0.6266677379608154,0.37333226203918457,0.04998978639906467,5.04179020713007,0.1975806451612903,0.4777687888030503,2.4180950943501323
frame_008,frame_015,8,15,10,7,False,False,571,"gas pump, gasoline pump, petrol pump, island dispenser",0.3615946077990574,1.0172315626354305,0.6987488269805908,0.3012511730194092,0.07130593123017981,5.033678352993491,0.2056451612903226,0.5771604040106111,2.806583925384932
frame_008,frame_016,8,16,10,8,False,False,571,"gas pump, gasoline pump, petrol pump, island dispenser",0.33582773207839417,1.091156952643256,0.6314173340797424,0.36858266592025757,0.04030429276166403,5.171777287399755,0.18951612903225806,0.4343472304403655,2.2918747478555455
frame_008,frame_017,8,17,10,9,False,True,424,barbershop,0.1796729857611138,1.716616826147606,0.5710132122039795,0.4289867877960205,0.06087426268440896,5.088224888986446,0.15120967741935484,0.4674841295213184,3.091628376567652
frame_008,frame_000,8,0,20,-8,False,False,427,"barrel, cask",0.8040723091848628,0.2180660770501489,0.8484165668487549,0.15158343315124512,0.03844467533467957,5.113191883313961,0.06465517241379311,0.1709662391498672,2.6442778321846125
frame_008,frame_001,8,1,20,-7,True,False,427,"barrel, cask",0.868025322433685,0.1415343914366226,0.8901189565658569,0.10988104343414307,0.024985962739725857,5.248659292895303,0.0603448275862069,0.1507522961709008,2.4981809079749273
frame_008,frame_002,8,2,20,-6,False,False,427,"barrel, cask",0.48652006384808616,0.7204771369976624,0.6372848749160767,0.36271512508392334,0.04059931963617951,5.279393825098866,0.0668103448275862,0.17247091875921122,2.581500203363678
frame_008,frame_003,8,3,20,-5,False,False,703,park bench,0.16685469120221197,1.7906319578946515,0.531470537185669,0.46852946281433105,0.022587678418950572,5.330273798767705,0.0668103448275862,0.18860683962732944,2.82301850280906
frame_008,frame_004,8,4,20,-4,False,False,830,stretcher,0.3224443622862184,1.1318246776723377,0.5783536434173584,0.4216463565826416,0.0318958615459292,5.249348923967719,0.0603448275862069,0.189250618139597,3.136153100599036
frame_008,frame_005,8,5,20,-3,False,False,830,stretcher,0.24072281006409288,1.424109173148835,0.5384107828140259,0.4615892171859741,0.02169075994541545,5.281524336993666,0.07327586206896551,0.1836418193132066,2.5061707106272904
frame_008,frame_006,8,6,20,-2,False,False,690,oxcart,0.32388002173021757,1.1273821350708035,0.6254361271858215,0.37456387281417847,0.031422502144443934,5.235668406857851,0.07758620689655173,0.21400882010712818,2.7583359036029855
frame_008,frame_007,8,7,20,-1,False,False,690,oxcart,0.6036107049566009,0.5048258170624744,0.7296586036682129,0.2703413963317871,0.02675586005432973,5.201666187228151,0.0668103448275862,0.21254272052498263,3.181284591083611
frame_008,frame_009,8,9,20,1,False,False,671,"mountain bike, all-terrain bike, off-roader",0.5169294840091896,0.659848808342657,0.7881772518157959,0.2118227481842041,0.05041725584848615,5.382391585839673,0.16733870967741934,0.4110789315090789,2.4565680726325683
frame_008,frame_010,8,10,20,2,False,False,671,"mountain bike, all-terrain bike, off-roader",0.5334577143699544,0.6283754721689707,0.7815133929252625,0.21848660707473755,0.050352785821502204,5.428114582674542,0.16532258064516128,0.33988135014822485,2.05586767894536
frame_008,frame_011,8,11,20,3,False,False,671,"mountain bike, all-terrain bike, off-roader",0.3593353280251907,1.0234992651061994,0.7744160890579224,0.22558391094207764,0.042283010061838655,5.437141059668472,0.16129032258064516,0.3610480578890138,2.2384979589118856
frame_008,frame_012,8,12,20,4,False,False,671,"mountain bike, all-terrain bike, off-roader",0.808980639355146,0.21198029378584948,0.8865999579429626,0.11340004205703735,0.07279501820707564,5.323570123763046,0.1592741935483871,0.35207670761567567,2.210506923764242
frame_008,frame_013,8,13,20,5,False,False,671,"mountain bike, all-terrain bike, off-roader",0.6804922944416909,0.38493878033210915,0.820449948310852,0.17955005168914795,0.04135866414690472,5.507128827270397,0.1774193548387097,0.35059819474562404,1.9760989158389717
frame_008,frame_014,8,14,20,6,False,False,671,"mountain bike, all-terrain bike, off-roader",0.8361818751542612,0.1789091355466037,0.8835219740867615,0.11647802591323853,0.02945863135743248,5.544543532454314,0.1975806451612903,0.3686408223223461,1.865773957876364
frame_008,frame_015,8,15,20,7,False,False,671,"mountain bike, all-terrain bike, off-roader",0.7605211335290226,0.2737513786760988,0.8486178517341614,0.15138214826583862,0.03276823900151738,5.459781269488588,0.2056451612903226,0.37857493192846015,1.8409133944756493
frame_008,frame_016,8,16,20,8,False,False,671,"mountain bike, all-terrain bike, off-roader",0.5113392531473875,0.6707220085787422,0.743193507194519,0.25680649280548096,0.034812387554178995,5.503607820500488,0.18951612903225806,0.3562669828341813,1.8798768455931267
frame_008,frame_017,8,17,20,9,False,True,461,"breastplate, aegis, egis",0.11617835471353728,2.1526287280472283,0.49821799993515015,0.5017820000648499,0.03634071360423003,5.443282049205073,0.15120967741935484,0.35536502791925195,2.3501473846393197
frame_008,frame_000,8,0,30,-8,False,False,427,"barrel, cask",0.7838662424572405,0.2435168822977818,0.8600332140922546,0.13996678590774536,0.03544251966608129,5.0551536063125475,0.06465517241379311,0.03007268744749867,0.46512423252131274
frame_008,frame_001,8,1,30,-7,True,False,427,"barrel, cask",0.9501699689515151,0.05111439570506876,0.9550513029098511,0.044948697090148926,0.028586522329465135,5.08951920717269,0.0603448275862069,0.025649632007910487,0.42505104470251664
frame_008,frame_002,8,2,30,-6,False,False,427,"barrel, cask",0.4682223465247182,0.7588119964766911,0.6730970144271851,0.32690298557281494,0.02969425539685256,5.130477419081796,0.0668103448275862,0.025804905102094385,0.38624116023779986
frame_008,frame_003,8,3,30,-5,False,False,703,park bench,0.6101297486027049,0.49408364180539177,0.7296810746192932,0.2703189253807068,0.04350217466205224,5.122555318208114,0.0668103448275862,0.052030257055469736,0.77877546044316
frame_008,frame_004,8,4,30,-4,False,False,703,park bench,0.5872315695098212,0.532336040337793,0.7499090433120728,0.25009095668792725,0.03642641427890777,5.065148126426003,0.0603448275862069,0.031943343093753664,0.529346828410775
frame_008,frame_005,8,5,30,-3,False,False,176,"Saluki, gazelle hound",0.24131249009161823,1.4216625460180579,0.6165996789932251,0.3834003210067749,0.04203430860333745,4.9752889884799085,0.07327586206896551,0.03229647618260801,0.4407519102567682
frame_008,frame_006,8,6,30,-2,False,False,176,"Saluki, gazelle hound",0.5489991189545718,0.5996584422925249,0.7528809309005737,0.24711906909942627,0.03441077145786513,5.087156632259504,0.07758620689655173,0.07966208531614703,1.0267557662970062
frame_008,frame_007,8,7,30,-1,False,False,690,oxcart,0.44067465708484543,0.8194484148352803,0.7434937953948975,0.25650620460510254,0.03869966793202057,5.091525833193212,0.0668103448275862,0.0531686745227131,0.7958149993077058
frame_008,frame_009,8,9,30,1,False,False,571,"gas pump, gasoline pump, petrol pump, island dispenser",0.6345850691844325,0.45478392802594403,0.8311722278594971,0.16882777214050293,0.015555776844803063,5.5960184403250555,0.16733870967741934,0.13438581298621058,0.80307666555615
frame_008,frame_010,8,10,30,2,False,False,571,"gas pump, gasoline pump, petrol pump, island dispenser",0.562530125663573,0.5753105896024318,0.8046342134475708,0.1953657865524292,0.01616714928743551,5.616595947968413,0.16532258064516128,0.10396713966116002,0.6288744057553094
frame_008,frame_011,8,11,30,3,False,False,571,"gas pump, gasoline pump, petrol pump, island dispenser",0.6864937916189195,0.3761580973417056,0.8457199931144714,0.15428000688552856,0.02501110132702672,5.587447699668642,0.16129032258064516,0.1181390501893385,0.7324621111738987
frame_008,frame_012,8,12,30,4,False,False,671,"mountain bike, all-terrain bike, off-roader",0.5457436222758353,0.6056059697846639,0.8335968852043152,0.16640311479568481,0.015037754701594975,5.59984109377525,0.1592741935483871,0.1033906637636753,0.6491363193263664
frame_008,frame_013,8,13,30,5,False,False,671,"mountain bike, all-terrain bike, off-roader",0.35644565131189215,1.0315735014876117,0.767928957939148,0.23207104206085205,0.01647693651559251,5.598726791216434,0.1774193548387097,0.10164211373498601,0.572891913779012
frame_008,frame_014,8,14,30,6,False,False,671,"mountain bike, all-terrain bike, off-roader",0.5828282025196964,0.5398628144117077,0.7884597778320312,0.21154022216796875,0.01600683086053428,5.577931825624695,0.1975806451612903,0.11865387865104568,0.6005339164379455
frame_008,frame_015,8,15,30,7,False,False,571,"gas pump, gasoline pump, petrol pump, island dispenser",0.5510674699935721,0.5958980272465433,0.8316784501075745,0.16832154989242554,0.0152883064762104,5.601404250274503,0.2056451612903226,0.14615981060633368,0.7107379025562892
frame_008,frame_016,8,16,30,8,False,False,571,"gas pump, gasoline pump, petrol pump, island dispenser",0.48511334441438153,0.7233727155247367,0.7484867572784424,0.2515132427215576,0.015781261114412422,5.571755730907402,0.18951612903225806,0.11364524291023916,0.5996600051433896
frame_008,frame_017,8,17,30,9,False,True,634,"lumbermill, sawmill",0.11120424460089627,2.196386727022775,0.5297422409057617,0.4702577590942383,0.015974991090461854,5.560213081371427,0.15120967741935484,0.07800752631310631,0.515889774017343
frame_008,frame_000,8,0,40,-8,False,False,427,"barrel, cask",0.863487600759869,0.14677574078064293,0.9134289026260376,0.0865710973739624,0.10137506618089397,3.8148719186962277,0.06465517241379311,0.6853272637090622,10.599728345366827
frame_008,frame_001,8,1,40,-7,True,False,427,"barrel, cask",0.9618308013492145,0.03891672595888751,0.9681369066238403,0.03186309337615967,0.08748195208624875,3.8602883625972986,0.0603448275862069,0.5912571501832475,9.797975631608102
frame_008,frame_002,8,2,40,-6,False,False,427,"barrel, cask",0.7010252038733312,0.35521143842365266,0.7950271368026733,0.20497286319732666,0.09180964594409248,3.945691024484606,0.0668103448275862,0.6791361365159162,10.16513443043178
frame_008,frame_003,8,3,40,-5,False,False,703,park bench,0.6030923609431394,0.5056849249242017,0.7996759414672852,0.20032405853271484,0.06474897960844604,4.02270298016166,0.0668103448275862,0.6224688475486988,9.316953072986976
frame_008,frame_004,8,4,40,-4,False,False,703,park bench,0.7760661143030261,0.2535175635840279,0.8337574601173401,0.1662425398826599,0.0768365335031565,3.9745637022441755,0.0603448275862069,0.6261464967518098,10.376141946172847
frame_008,frame_005,8,5,40,-3,False,False,703,park bench,0.3753318199231409,0.9799447911350967,0.7043607234954834,0.2956392765045166,0.08974748137040418,3.9465685760239646,0.07327586206896551,0.6358415097480521,8.677366485973417
frame_008,frame_006,8,6,40,-2,False,False,690,oxcart,0.37864694573165647,0.9711510496593627,0.6845386028289795,0.3154613971710205,0.07685947464515516,3.9504629231120347,0.07758620689655173,0.6261038428376144,8.069782863240365
frame_008,frame_007,8,7,40,-1,False,False,690,oxcart,0.7344646104573682,0.30861346634332465,0.820521354675293,0.17947864532470703,0.09040843055180423,3.9357781571411032,0.0668103448275862,0.6776021179387306,10.142173636244227
frame_008,frame_009,8,9,40,1,False,False,571,"gas pump, gasoline pump, petrol pump, island dispenser",0.7988403630742438,0.22459414907979536,0.8685666918754578,0.13143330812454224,0.06781716629066552,4.3945165260936925,0.16733870967741934,0.6552149188027925,3.915501201520302
frame_008,frame_010,8,10,40,2,False,False,571,"gas pump, gasoline pump, petrol pump, island dispenser",0.6523561264960704,0.42716465988952246,0.8008508086204529,0.19914919137954712,0.0734833917371181,4.4531121352589835,0.16532258064516128,0.5822159325231833,3.5216963723353527
frame_008,frame_011,8,11,40,3,False,False,571,"gas pump, gasoline pump, petrol pump, island dispenser",0.7208918042204958,0.3272662164522986,0.8325523734092712,0.16744762659072876,0.04967602704104092,4.456819155181717,0.16129032258064516,0.6613924919789862,4.100633450269714
frame_008,frame_012,8,12,40,4,False,False,571,"gas pump, gasoline pump, petrol pump, island dispenser",0.4970275742283279,0.699109773079817,0.8080443143844604,0.19195568561553955,0.06598767579760069,4.475349221195604,0.1592741935483871,0.6484165871878347,4.0710712309514685
frame_008,frame_013,8,13,40,5,False,False,571,"gas pump, gasoline pump, petrol pump, island dispenser",0.34856367835772056,1.0539343442170408,0.7257752418518066,0.27422475814819336,0.09066242871440823,4.41337636808691,0.1774193548387097,0.6452965366261969,3.6371259337112916
frame_008,frame_014,8,14,40,6,False,False,671,"mountain bike, all-terrain bike, off-roader",0.3190115046347506,1.1425281121618691,0.7346013188362122,0.26539868116378784,0.04887540712830435,4.628306328770281,0.1975806451612903,0.59202718822479,2.996382503668325
frame_008,frame_015,8,15,40,7,False,False,571,"gas pump, gasoline pump, petrol pump, island dispenser",0.6288486122950898,0.46386473122578,0.8167562484741211,0.1832437515258789,0.059673591417393666,4.621679924187781,0.2056451612903226,0.6062041448853487,2.9478162339522838
frame_008,frame_016,8,16,40,8,False,False,571,"gas pump, gasoline pump, petrol pump, island dispenser",0.44209136257100196,0.8162387156151625,0.7271074056625366,0.2728925943374634,0.044566251558193694,4.776845066058988,0.18951612903225806,0.540040683353299,2.8495763717365565
frame_008,frame_017,8,17,40,9,False,True,461,"breastplate, aegis, egis",0.16663544925208607,1.7919467912592149,0.5694838762283325,0.4305161237716675,0.06620156259492511,4.6517829871514795,0.15120967741935484,0.5583753187847073,3.6927221082295305
frame_008,frame_000,8,0,50,-8,False,False,427,"barrel, cask",0.6244497692334475,0.47088438622480067,0.8539811372756958,0.1460188627243042,0.05823124373969351,4.569880388042546,0.06465517241379311,0.4299851201636188,6.650436525197303
frame_008,frame_001,8,1,50,-7,True,False,427,"barrel, cask",0.9100367822350667,0.09427026024957423,0.9392679333686829,0.06073206663131714,0.045438039539480266,4.602147050690048,0.0603448275862069,0.35397196048625507,5.865821059486512
frame_008,frame_002,8,2,50,-6,False,False,427,"barrel, cask",0.3712833163615178,0.9907898518505887,0.7068184614181519,0.29318153858184814,0.060751326006698726,4.553602594196552,0.0668103448275862,0.4221968795855358,6.319333939602859
frame_008,frame_003,8,3,50,-5,False,False,703,park bench,0.7416860636220446,0.29882922019363267,0.8166495561599731,0.18335044384002686,0.06268273879200759,4.512660274315393,0.0668103448275862,0.4376273850383745,6.550293763155025
frame_008,frame_004,8,4,50,-4,False,False,703,park bench,0.8383050804104621,0.1763731869839562,0.8759288191795349,0.12407118082046509,0.0746432910414144,4.406839345295155,0.0603448275862069,0.3713830998156406,6.154348511230616
frame_008,frame_005,8,5,50,-3,False,False,703,park bench,0.44425318025909044,0.8113606532581086,0.7431313991546631,0.2568686008453369,0.08639630473190323,4.338370721764452,0.07327586206896551,0.4421288230105435,6.033758055202712
frame_008,frame_006,8,6,50,-2,False,False,690,oxcart,0.4549769553539817,0.7875085088874849,0.7062128782272339,0.2937871217727661,0.09417156581966858,4.263747422756911,0.07758620689655173,0.567812948389758,7.318478001467993
frame_008,frame_007,8,7,50,-1,False,False,690,oxcart,0.7337103618181345,0.3096409306712564,0.8394277691841125,0.16057223081588745,0.08523242375786425,4.3901032508943,0.0668103448275862,0.46573318162383653,6.970974073337425
frame_008,frame_009,8,9,50,1,False,False,571,"gas pump, gasoline pump, petrol pump, island dispenser",0.5667037539206402,0.567918591652325,0.8340975046157837,0.1659024953842163,0.0588689568125389,4.833884751894224,0.16733870967741934,0.5800875294634908,3.466547164022789
frame_008,frame_010,8,10,50,2,False,False,571,"gas pump, gasoline pump, petrol pump, island dispenser",0.36612791650554793,1.004772507992159,0.7771263122558594,0.22287368774414062,0.04545252380194919,4.982134530253802,0.16532258064516128,0.49706218654356177,3.006620055190325
frame_008,frame_011,8,11,50,3,False,False,870,"tricycle, trike, velocipede",0.45329033279887027,0.7912224475392247,0.8291758298873901,0.17082417011260986,0.042360332312133445,4.916441479815338,0.16129032258064516,0.5208926564757554,3.2295344701496838
frame_008,frame_012,8,12,50,4,False,False,671,"mountain bike, all-terrain bike, off-roader",0.39534910969388337,0.9279860824118789,0.8169245719909668,0.1830754280090332,0.03819322197985942,4.977370785203966,0.1592741935483871,0.4812949755580166,3.021801365528813
frame_008,frame_013,8,13,50,5,False,False,870,"tricycle, trike, velocipede",0.6549225958156184,0.4232382246573212,0.8402763605117798,0.15972363948822021,0.04056967816432481,5.006096344840522,0.1774193548387097,0.4610558021624299,2.598678157642787
frame_008,frame_014,8,14,50,6,False,False,671,"mountain bike, all-terrain bike, off-roader",0.6560895089594831,0.42145805276145865,0.8247038722038269,0.1752961277961731,0.06157466337405878,4.935386006989331,0.1975806451612903,0.46921667748835916,2.3748109391247567
frame_008,frame_015,8,15,50,7,False,False,671,"mountain bike, all-terrain bike, off-roader",0.5004336253818422,0.692280305640919,0.7848491668701172,0.2151508331298828,0.04902385230955098,4.999359292172848,0.2056451612903226,0.5410023957062717,2.6307567477481446
frame_008,frame_016,8,16,50,8,False,False,571,"gas pump, gasoline pump, petrol pump, island dispenser",0.37157312957982935,0.9900095847219972,0.7360782027244568,0.2639217972755432,0.046284988394600005,5.109523178810245,0.18951612903225806,0.3735181654818718,1.9709043625426426
frame_008,frame_017,8,17,50,9,False,True,538,dome,0.3256171622835201,1.1220329365268893,0.6078534126281738,0.39214658737182617,0.06300145347545624,5.155962205940521,0.15120967741935484,0.2804079471165321,1.8544312235973324
frame_009,frame_000,9,0,5,-9,False,False,456,bow,0.49758380254780743,0.6979912892368723,0.6538925170898438,0.34610748291015625,0.03767134635718239,5.01982727742614,0.06465517241379311,0.47418854608139493,7.334116179392241
frame_009,frame_001,9,1,5,-8,False,False,456,bow,0.3960163754630391,0.9262997164032427,0.6408478617668152,0.3591521382331848,0.03738370895238377,5.0830869796423155,0.0603448275862069,0.436859747499019,7.239390101412315
frame_009,frame_002,9,2,5,-7,False,False,416,"balance beam, beam",0.1270580964859437,2.0631108444778827,0.5057896375656128,0.4942103624343872,0.03261339264018532,5.086651557990333,0.0668103448275862,0.4624270799109228,6.921489196086071
frame_009,frame_003,9,3,5,-6,False,False,416,"balance beam, beam",0.24670547097511758,1.399560079060711,0.5800842046737671,0.4199157953262329,0.023542192202306272,5.193646839847713,0.0668103448275862,0.42424291338852604,6.349958445557293
frame_009,frame_004,9,4,5,-5,False,False,416,"balance beam, beam",0.3519510162889743,1.0442632713374098,0.6631804704666138,0.33681952953338623,0.03389320534963356,5.145175212169786,0.0603448275862069,0.4087976434808633,6.774360949111449
frame_009,frame_005,9,5,5,-4,False,False,416,"balance beam, beam",0.19867655224640204,1.6160771421933258,0.5442174077033997,0.45578259229660034,0.02707003437905331,5.090972926732841,0.07327586206896551,0.4555527251335068,6.216954837116093
frame_009,frame_006,9,6,5,-3,False,True,345,ox,0.15027276769700426,1.8953031849534416,0.48555344343185425,0.5144465565681458,0.02762132908732207,5.026743750387869,0.07758620689655173,0.5151499352778037,6.639710276913915
frame_009,frame_007,9,7,5,-2,False,False,416,"balance beam, beam",0.19257299226743255,1.647280016515059,0.5679571628570557,0.43204283714294434,0.03797690567080089,5.025421998457889,0.0668103448275862,0.45538553579562585,6.816093180940981
frame_009,frame_008,9,8,5,-1,False,False,981,"ballplayer, baseball player",0.2223945522023052,1.5033022123989612,0.5336836576461792,0.4663163423538208,0.02588137424342987,5.065585453279796,0.05603448275862069,0.39033732848754576,6.966020016085432
frame_009,frame_010,9,10,5,1,True,False,571,"gas pump, gasoline pump, petrol pump, island dispenser",0.9424442748052307,0.05927848628300225,0.9427655339241028,0.05723446607589722,0.012178507671842285,5.701247604211877,0.16532258064516128,0.3971739926479306,2.402418296992361
frame_009,frame_011,9,11,5,2,False,False,571,"gas pump, gasoline pump, petrol pump, island dispenser",0.8796966224413675,0.12817817817458987,0.898993730545044,0.10100626945495605,0.015351253365371464,5.682845583775391,0.16129032258064516,0.39082891678203435,2.423139284048613
frame_009,frame_012,9,12,5,3,False,False,571,"gas pump, gasoline pump, petrol pump, island dispenser",0.8433070265995993,0.17042418017063188,0.8798789381980896,0.1201210618019104,0.012570198712407731,5.719937434850019,0.1592741935483871,0.3837579443744146,2.409416967211514
frame_009,frame_013,9,13,5,4,False,False,571,"gas pump, gasoline pump, petrol pump, island dispenser",0.8235485851029746,0.19413273280122212,0.8535465002059937,0.14645349979400635,0.014605765470913454,5.719509457660243,0.1774193548387097,0.39859482270568775,2.246625364341149
frame_009,frame_014,9,14,5,5,False,False,571,"gas pump, gasoline pump, petrol pump, island dispenser",0.7389623007348575,0.3025083732257734,0.7906394004821777,0.20936059951782227,0.013908459813857512,5.724722917747799,0.1975806451612903,0.40688517017265186,2.059337187812605
frame_009,frame_015,9,15,5,6,False,False,571,"gas pump, gasoline pump, petrol pump, island dispenser",0.7894104010144252,0.23646893999217333,0.8257780075073242,0.17422199249267578,0.013883491920369315,5.73477491980627,0.2056451612903226,0.44405507519291537,2.1593266401537843
frame_009,frame_016,9,16,5,7,False,False,571,"gas pump, gasoline pump, petrol pump, island dispenser",0.6606383161862884,0.41454876560897524,0.7372978329658508,0.26270216703414917,0.011203790275645826,5.77619420465089,0.18951612903225806,0.3717943987301729,1.961808742235806
frame_009,frame_017,9,17,5,8,False,False,571,"gas pump, gasoline pump, petrol pump, island dispenser",0.12841293716674265,2.0525041360515646,0.4941794276237488,0.5058205723762512,0.016173144932746908,5.750545347207686,0.15120967741935484,0.30400015833295885,2.010454380441968
frame_009,frame_000,9,0,10,-9,False,False,427,"barrel, cask",0.38322732718313235,0.9591269223197074,0.7004343867301941,0.2995656132698059,0.0673731335714225,4.785309934688936,0.06465517241379311,0.37912555712028323,5.863808616793714
frame_009,frame_001,9,1,10,-8,False,False,690,oxcart,0.5705818530927173,0.5610986439108583,0.7628535032272339,0.2371464967727661,0.060546494208362,4.918317595867805,0.0603448275862069,0.31991013909512284,5.3013680192906065
frame_009,frame_002,9,2,10,-7,False,False,703,park bench,0.34485230782604126,1.064639046866707,0.703119695186615,0.296880304813385,0.04160151260513609,4.949461763240341,0.0668103448275862,0.3537519169336815,5.294867401846072
frame_009,frame_003,9,3,10,-6,False,False,703,park bench,0.7159531503737359,0.3341405466012033,0.8343991041183472,0.16560089588165283,0.030899672327271394,5.0964128254972465,0.0668103448275862,0.360594928273644,5.39729182964422
frame_009,frame_004,9,4,10,-5,True,False,416,"balance beam, beam",0.7864446442698048,0.24023294132591544,0.8726201057434082,0.1273798942565918,0.044361509401142966,4.9164226228922665,0.0603448275862069,0.33985532869259616,5.631888304048736
frame_009,frame_005,9,5,10,-4,False,False,703,park bench,0.33452067883707987,1.095056581183893,0.6874179840087891,0.31258201599121094,0.07177821660267628,4.933856291774461,0.07327586206896551,0.3456298423623814,4.716830789886617
frame_009,frame_006,9,6,10,-3,False,False,690,oxcart,0.5149142476405989,0.6637549016183664,0.7682139873504639,0.23178601264953613,0.03436380977146198,4.899258551087644,0.07758620689655173,0.42324489523044145,5.455156427414579
frame_009,frame_007,9,7,10,-2,False,False,690,oxcart,0.7378373705961049,0.30403184371153724,0.8676667213439941,0.13233327865600586,0.029718875796610898,4.892605341446227,0.0668103448275862,0.3760104766572637,5.6280277796442055
frame_009,frame_008,9,8,10,-1,False,False,690,oxcart,0.1858635430700305,1.6827425139224588,0.5831934213638306,0.41680657863616943,0.04489210642552368,4.8260131067972605,0.05603448275862069,0.33073348050721857,5.902320575205747
frame_009,frame_010,9,10,10,1,False,False,571,"gas pump, gasoline pump, petrol pump, island dispenser",0.4103955179775421,0.8906339062925666,0.7119751572608948,0.2880248427391052,0.04869739046316218,5.138915392672214,0.16532258064516128,0.49799129006639903,3.0122399984504136
frame_009,frame_011,9,11,10,2,False,False,571,"gas pump, gasoline pump, petrol pump, island dispenser",0.4650556133112255,0.7655982820273488,0.7817730903625488,0.21822690963745117,0.03741066447479467,5.087080983917508,0.16129032258064516,0.5318714246480081,3.2976028328176503
frame_009,frame_012,9,12,10,3,False,False,571,"gas pump, gasoline pump, petrol pump, island dispenser",0.42141518860876254,0.8641367350514266,0.7413735389709473,0.25862646102905273,0.04237218199988898,5.085799447097189,0.1592741935483871,0.5254251041080995,3.2988715397166755
frame_009,frame_013,9,13,10,4,False,False,571,"gas pump, gasoline pump, petrol pump, island dispenser",0.35587518308563515,1.0331752189179346,0.6717969179153442,0.32820308208465576,0.03447228663928148,5.1357871824651165,0.1774193548387097,0.48550532046931677,2.736484533554331
frame_009,frame_014,9,14,10,5,False,False,671,"mountain bike, all-terrain bike, off-roader",0.2583196815496058,1.3535573853077076,0.6266677379608154,0.37333226203918457,0.04969506043214178,5.195538162259963,0.1975806451612903,0.46474199410058253,2.3521635619784584
frame_009,frame_015,9,15,10,6,False,False,571,"gas pump, gasoline pump, petrol pump, island dispenser",0.3615946077990574,1.0172315626354305,0.6987488269805908,0.3012511730194092,0.06230440044455145,5.200288128299236,0.2056451612903226,0.589589265487073,2.8670223106038057
frame_009,frame_016,9,16,10,7,False,False,571,"gas pump, gasoline pump, petrol pump, island dispenser",0.33582773207839417,1.091156952643256,0.6314173340797424,0.36858266592025757,0.027559891253382002,5.346148427558047,0.18951612903225806,0.4581268546461668,2.4173502117499868
frame_009,frame_017,9,17,10,8,False,True,424,barbershop,0.1796729857611138,1.716616826147606,0.5710132122039795,0.4289867877960205,0.058489359531768245,5.252614102484296,0.15120967741935484,0.44692546604539013,2.9556670821135134
frame_009,frame_000,9,0,20,-9,False,False,427,"barrel, cask",0.8040723091848628,0.2180660770501489,0.8484165668487549,0.15158343315124512,0.02923636099892528,5.33336722697242,0.06465517241379311,0.20559479019320417,3.1798660883215577
frame_009,frame_001,9,1,20,-8,True,False,427,"barrel, cask",0.868025322433685,0.1415343914366226,0.8901189565658569,0.10988104343414307,0.019608473450843,5.430775978866814,0.0603448275862069,0.18175811246397233,3.0119915779743986
frame_009,frame_002,9,2,20,-7,False,False,427,"barrel, cask",0.48652006384808616,0.7204771369976624,0.6372848749160767,0.36271512508392334,0.027811116972300206,5.474966809485098,0.0668103448275862,0.19084920753334852,2.8565816869507654
frame_009,frame_003,9,3,20,-6,False,False,703,park bench,0.16685469120221197,1.7906319578946515,0.531470537185669,0.46852946281433105,0.019536273164454377,5.488076237170331,0.0668103448275862,0.1965870552616421,2.942464311012966
frame_009,frame_004,9,4,20,-5,False,False,830,stretcher,0.3224443622862184,1.1318246776723377,0.5783536434173584,0.4216463565826416,0.023868777002344885,5.394077980835391,0.0603448275862069,0.1808342898035635,2.9966825167447664
frame_009,frame_005,9,5,20,-4,False,False,830,stretcher,0.24072281006409288,1.424109173148835,0.5384107828140259,0.4615892171859741,0.016514612133936075,5.419828999826174,0.07327586206896551,0.1937565495070095,2.6442070285662473
frame_009,frame_006,9,6,20,-3,False,False,690,oxcart,0.32388002173021757,1.1273821350708035,0.6254361271858215,0.37456387281417847,0.02850315228424454,5.374889962385539,0.07758620689655173,0.23717539829175494,3.0569273557603966
frame_009,frame_007,9,7,20,-2,False,False,690,oxcart,0.6036107049566009,0.5048258170624744,0.7296586036682129,0.2703413963317871,0.026394689174520126,5.325224704245535,0.0668103448275862,0.20733335550551274,3.103312159824449
frame_009,frame_008,9,8,20,-1,False,False,267,standard poodle,0.20806988794185663,1.5698812559956195,0.5372709035873413,0.4627290964126587,0.028922701395429462,5.338095630771679,0.05603448275862069,0.16984876735482404,3.0311472327937827
frame_009,frame_010,9,10,20,1,False,False,671,"mountain bike, all-terrain bike, off-roader",0.5334577143699544,0.6283754721689707,0.7815133929252625,0.21848660707473755,0.04239705887277074,5.6751149964788485,0.16532258064516128,0.32581803482961635,1.9708017716523136
frame_009,frame_011,9,11,20,2,False,False,671,"mountain bike, all-terrain bike, off-roader",0.3593353280251907,1.0234992651061994,0.7744160890579224,0.22558391094207764,0.02743660256983181,5.7025349071781415,0.16129032258064516,0.3424786807518726,2.1233678206616102
frame_009,frame_012,9,12,20,3,False,False,671,"mountain bike, all-terrain bike, off-roader",0.808980639355146,0.21198029378584948,0.8865999579429626,0.11340004205703735,0.03460380806763631,5.6465145614693295,0.1592741935483871,0.3284292280306335,2.062036672192332
frame_009,frame_013,9,13,20,4,False,False,671,"mountain bike, all-terrain bike, off-roader",0.6804922944416909,0.38493878033210915,0.820449948310852,0.17955005168914795,0.03367733338502971,5.73093885811824,0.1774193548387097,0.35393710656677285,1.9949182370127196
frame_009,frame_014,9,14,20,5,False,False,671,"mountain bike, all-terrain bike, off-roader",0.8361818751542612,0.1789091355466037,0.8835219740867615,0.11647802591323853,0.02276725143247724,5.755049307881588,0.1975806451612903,0.36326711635454567,1.83857642563117
frame_009,frame_015,9,15,20,6,False,False,671,"mountain bike, all-terrain bike, off-roader",0.7605211335290226,0.2737513786760988,0.8486178517341614,0.15138214826583862,0.01733606122913458,5.730430614518604,0.2056451612903226,0.39161440497905536,1.9043210281334455
frame_009,frame_016,9,16,20,7,False,False,671,"mountain bike, all-terrain bike, off-roader",0.5113392531473875,0.6707220085787422,0.743193507194519,0.25680649280548096,0.017572857913492657,5.752941240509851,0.18951612903225806,0.34710218877231686,1.8315179322454167
frame_009,frame_017,9,17,20,8,False,True,461,"breastplate, aegis, egis",0.11617835471353728,2.1526287280472283,0.49821799993515015,0.5017820000648499,0.020746478646068465,5.699956868289664,0.15120967741935484,0.31698293716075293,2.0963138244231128
frame_009,frame_000,9,0,30,-9,False,False,427,"barrel, cask",0.7838662424572405,0.2435168822977818,0.8600332140922546,0.13996678590774536,0.02916304958348284,5.291805671813641,0.06465517241379311,0.09035700676822354,1.3975217046818573
frame_009,frame_001,9,1,30,-8,True,False,427,"barrel, cask",0.9501699689515151,0.05111439570506876,0.9550513029098511,0.044948697090148926,0.028218978993874478,5.3455081142871474,0.0603448275862069,0.08565371671860504,1.4194044484797406
frame_009,frame_002,9,2,30,-7,False,False,427,"barrel, cask",0.4682223465247182,0.7588119964766911,0.6730970144271851,0.32690298557281494,0.028647815540182735,5.3667619771033825,0.0668103448275862,0.08136186011838382,1.2178033256429064
frame_009,frame_003,9,3,30,-6,False,False,703,park bench,0.6101297486027049,0.49408364180539177,0.7296810746192932,0.2703189253807068,0.04218126461178389,5.351339445666762,0.0668103448275862,0.08670022950361182,1.2977066609572867
frame_009,frame_004,9,4,30,-5,False,False,703,park bench,0.5872315695098212,0.532336040337793,0.7499090433120728,0.25009095668792725,0.03452783476850136,5.3025284257333825,0.0603448275862069,0.07221265599791646,1.1966668708226156
frame_009,frame_005,9,5,30,-4,False,False,176,"Saluki, gazelle hound",0.24131249009161823,1.4216625460180579,0.6165996789932251,0.3834003210067749,0.035897384405447874,5.203792383651965,0.07327586206896551,0.08498859885352658,1.1598444078834216
frame_009,frame_006,9,6,30,-3,False,False,176,"Saluki, gazelle hound",0.5489991189545718,0.5996584422925249,0.7528809309005737,0.24711906909942627,0.05446648129591799,5.223657605176429,0.07758620689655173,0.13528551130481012,1.7436799234842193
frame_009,frame_007,9,7,30,-2,False,False,690,oxcart,0.44067465708484543,0.8194484148352803,0.7434937953948975,0.25650620460510254,0.05855363995272863,5.231886781832888,0.0668103448275862,0.1003892973832273,1.5026010963166927
frame_009,frame_008,9,8,30,-1,False,False,222,kuvasz,0.1429402076461117,1.945328864511132,0.5516124963760376,0.4483875036239624,0.05062363695547763,5.225234538547028,0.05603448275862069,0.08284107097341907,1.4783944973717864
frame_009,frame_010,9,10,30,1,False,False,571,"gas pump, gasoline pump, petrol pump, island dispenser",0.562530125663573,0.5753105896024318,0.8046342134475708,0.1953657865524292,0.013402681638740815,5.872349113579537,0.16532258064516128,0.1735447576104727,1.0497341435950545
frame_009,frame_011,9,11,30,2,False,False,571,"gas pump, gasoline pump, petrol pump, island dispenser",0.6864937916189195,0.3761580973417056,0.8457199931144714,0.15428000688552856,0.013535828172537397,5.866312322573231,0.16129032258064516,0.16060919394533513,0.9957770024610778
frame_009,frame_012,9,12,30,3,False,False,671,"mountain bike, all-terrain bike, off-roader",0.5457436222758353,0.6056059697846639,0.8335968852043152,0.16640311479568481,0.012935317968722382,5.858472843846819,0.1592741935483871,0.16432742191140723,1.031726598329848
frame_009,frame_013,9,13,30,4,False,False,671,"mountain bike, all-terrain bike, off-roader",0.35644565131189215,1.0315735014876117,0.767928957939148,0.23207104206085205,0.018344584677872505,5.846575496769964,0.1774193548387097,0.1671609332796179,0.9421798057578463
frame_009,frame_014,9,14,30,5,False,False,671,"mountain bike, all-terrain bike, off-roader",0.5828282025196964,0.5398628144117077,0.7884597778320312,0.21154022216796875,0.01830535942477483,5.844385262464858,0.1975806451612903,0.19328847552218772,0.9782763659082154
frame_009,frame_015,9,15,30,6,False,False,571,"gas pump, gasoline pump, petrol pump, island dispenser",0.5510674699935721,0.5958980272465433,0.8316784501075745,0.16832154989242554,0.02024367087961552,5.844441898908245,0.2056451612903226,0.23311930369264489,1.133599751289724
frame_009,frame_016,9,16,30,7,False,False,571,"gas pump, gasoline pump, petrol pump, island dispenser",0.48511334441438153,0.7233727155247367,0.7484867572784424,0.2515132427215576,0.014962419994126645,5.838808396200939,0.18951612903225806,0.1754537408418597,0.9257984623144937
frame_009,frame_017,9,17,30,8,False,True,634,"lumbermill, sawmill",0.11120424460089627,2.196386727022775,0.5297422409057617,0.4702577590942383,0.02055214695508856,5.837804109376725,0.15120967741935484,0.13651543943573266,0.9028221061349786
frame_009,frame_000,9,0,40,-9,False,False,427,"barrel, cask",0.863487600759869,0.14677574078064293,0.9134289026260376,0.0865710973739624,0.09647991822490708,3.946573941233903,0.06465517241379311,0.6883442933423413,10.64639173702821
frame_009,frame_001,9,1,40,-8,True,False,427,"barrel, cask",0.9618308013492145,0.03891672595888751,0.9681369066238403,0.03186309337615967,0.08057096712380815,4.000014596962892,0.0603448275862069,0.6037085121485046,10.004312487032362
frame_009,frame_002,9,2,40,-7,False,False,427,"barrel, cask",0.7010252038733312,0.35521143842365266,0.7950271368026733,0.20497286319732666,0.062980951390377,4.0606348049641,0.0668103448275862,0.6504797308140479,9.736212745087684
frame_009,frame_003,9,3,40,-6,False,False,703,park bench,0.6030923609431394,0.5056849249242017,0.7996759414672852,0.20032405853271484,0.048750057329242785,4.218619228785276,0.0668103448275862,0.6077454822161862,9.096577540268077
frame_009,frame_004,9,4,40,-5,False,False,703,park bench,0.7760661143030261,0.2535175635840279,0.8337574601173401,0.1662425398826599,0.07327467033843905,4.166498874508047,0.0603448275862069,0.5895637486819554,9.769913549586688
frame_009,frame_005,9,5,40,-4,False,False,703,park bench,0.3753318199231409,0.9799447911350967,0.7043607234954834,0.2956392765045166,0.056399880655675,4.1582387432260415,0.07327586206896551,0.591810837652642,8.076477313847821
frame_009,frame_006,9,6,40,-3,False,False,690,oxcart,0.37864694573165647,0.9711510496593627,0.6845386028289795,0.3154613971710205,0.0463968277109612,4.18491236875464,0.07758620689655173,0.6727257210625394,8.670687071472729
frame_009,frame_007,9,7,40,-2,False,False,690,oxcart,0.7344646104573682,0.30861346634332465,0.820521354675293,0.17947864532470703,0.08632247813637714,4.053521394542467,0.0668103448275862,0.6788256116023201,10.160486573660535
frame_009,frame_008,9,8,40,-1,False,False,222,kuvasz,0.44056485511993654,0.8196976137510266,0.6575150489807129,0.3424849510192871,0.0965214919547276,4.008461362099215,0.05603448275862069,0.6466248758944388,11.539767015962292
frame_009,frame_010,9,10,40,1,False,False,571,"gas pump, gasoline pump, petrol pump, island dispenser",0.6523561264960704,0.42716465988952246,0.8008508086204529,0.19914919137954712,0.06679874660836256,4.80471451762796,0.16532258064516128,0.5818552302004264,3.519514563163555
frame_009,frame_011,9,11,40,2,False,False,571,"gas pump, gasoline pump, petrol pump, island dispenser",0.7208918042204958,0.3272662164522986,0.8325523734092712,0.16744762659072876,0.053781140996127616,4.745689840916181,0.16129032258064516,0.6309330356538425,3.9117848210538235
frame_009,frame_012,9,12,40,3,False,False,571,"gas pump, gasoline pump, petrol pump, island dispenser",0.4970275742283279,0.699109773079817,0.8080443143844604,0.19195568561553955,0.05272520744473534,4.7928646357824025,0.1592741935483871,0.6117492452038275,3.840856020520233
frame_009,frame_013,9,13,40,4,False,False,571,"gas pump, gasoline pump, petrol pump, island dispenser",0.34856367835772056,1.0539343442170408,0.7257752418518066,0.27422475814819336,0.09048754724203847,4.571668645274236,0.1774193548387097,0.6176153923537633,3.481104938721211
frame_009,frame_014,9,14,40,5,False,False,671,"mountain bike, all-terrain bike, off-roader",0.3190115046347506,1.1425281121618691,0.7346013188362122,0.26539868116378784,0.052350143356090076,4.823156830871234,0.1975806451612903,0.5491560670794966,2.7794021354227585
frame_009,frame_015,9,15,40,6,False,False,571,"gas pump, gasoline pump, petrol pump, island dispenser",0.6288486122950898,0.46386473122578,0.8167562484741211,0.1832437515258789,0.05484476200563761,4.865609332244587,0.2056451612903226,0.6181585459696939,3.005947439225178
frame_009,frame_016,9,16,40,7,False,False,571,"gas pump, gasoline pump, petrol pump, island dispenser",0.44209136257100196,0.8162387156151625,0.7271074056625366,0.2728925943374634,0.028635800478876913,5.138522047909412,0.18951612903225806,0.5020415926408996,2.6490705313817684
frame_009,frame_017,9,17,40,8,False,True,461,"breastplate, aegis, egis",0.16663544925208607,1.7919467912592149,0.5694838762283325,0.4305161237716675,0.04815217369572996,5.060508386233641,0.15120967741935484,0.4937664112572023,3.265441866447631
frame_009,frame_000,9,0,50,-9,False,False,427,"barrel, cask",0.6244497692334475,0.47088438622480067,0.8539811372756958,0.1460188627243042,0.08289764674629356,4.329464886752545,0.06465517241379311,0.4655695918052633,7.200809686588072
frame_009,frame_001,9,1,50,-8,True,False,427,"barrel, cask",0.9100367822350667,0.09427026024957423,0.9392679333686829,0.06073206663131714,0.04853970259307036,4.584324070521622,0.0603448275862069,0.42463287023097257,7.03677327811326
frame_009,frame_002,9,2,50,-7,False,False,427,"barrel, cask",0.3712833163615178,0.9907898518505887,0.7068184614181519,0.29318153858184814,0.07074197355239058,4.501196660510994,0.0668103448275862,0.45970622435095015,6.880764132220674
frame_009,frame_003,9,3,50,-6,False,False,703,park bench,0.7416860636220446,0.29882922019363267,0.8166495561599731,0.18335044384002686,0.06618759744790899,4.604937586810032,0.0668103448275862,0.42025817211068384,6.290315866430881
frame_009,frame_004,9,4,50,-5,False,False,703,park bench,0.8383050804104621,0.1763731869839562,0.8759288191795349,0.12407118082046509,0.06817927284185998,4.452778057203964,0.0603448275862069,0.3703507336211618,6.137240728579252
frame_009,frame_005,9,5,50,-4,False,False,703,park bench,0.44425318025909044,0.8113606532581086,0.7431313991546631,0.2568686008453369,0.10924777223859447,4.429777472741218,0.07327586206896551,0.4336335807852207,5.917822984833601
frame_009,frame_006,9,6,50,-3,False,False,690,oxcart,0.4549769553539817,0.7875085088874849,0.7062128782272339,0.2937871217727661,0.07554478875293497,4.395242314572011,0.07758620689655173,0.5469224638861917,7.049222867866471
frame_009,frame_007,9,7,50,-2,False,False,690,oxcart,0.7337103618181345,0.3096409306712564,0.8394277691841125,0.16057223081588745,0.065623030653637,4.3745325023341435,0.0668103448275862,0.4409163070827793,6.5995214995616
frame_009,frame_008,9,8,50,-1,False,False,222,kuvasz,0.4627544616650272,0.770558685943401,0.7027443051338196,0.2972556948661804,0.05927302694654706,4.328450971668781,0.05603448275862069,0.38495489274053674,6.86996423967727
frame_009,frame_010,9,10,50,1,False,False,571,"gas pump, gasoline pump, petrol pump, island dispenser",0.36612791650554793,1.004772507992159,0.7771263122558594,0.22287368774414062,0.03130117031362886,4.978587501352324,0.16532258064516128,0.4529112908114779,2.7395609785669883
frame_009,frame_011,9,11,50,2,False,False,870,"tricycle, trike, velocipede",0.45329033279887027,0.7912224475392247,0.8291758298873901,0.17082417011260986,0.04248449239695639,4.900042597934245,0.16129032258064516,0.46148457315423314,2.8612043535562455
frame_009,frame_012,9,12,50,3,False,False,671,"mountain bike, all-terrain bike, off-roader",0.39534910969388337,0.9279860824118789,0.8169245719909668,0.1830754280090332,0.03181487272318665,4.965734050130965,0.1592741935483871,0.4621652511815549,2.901695754253813
frame_009,frame_013,9,13,50,4,False,False,870,"tricycle, trike, velocipede",0.6549225958156184,0.4232382246573212,0.8402763605117798,0.15972363948822021,0.036218699516121236,4.933705068193646,0.1774193548387097,0.4309990141386748,2.4292671705998035
frame_009,frame_014,9,14,50,5,False,False,671,"mountain bike, all-terrain bike, off-roader",0.6560895089594831,0.42145805276145865,0.8247038722038269,0.1752961277961731,0.06619281188040274,4.8509828034387334,0.1975806451612903,0.4175810887722765,2.1134716329698895
frame_009,frame_015,9,15,50,6,False,False,671,"mountain bike, all-terrain bike, off-roader",0.5004336253818422,0.692280305640919,0.7848491668701172,0.2151508331298828,0.04246037768336332,4.952064745648833,0.2056451612903226,0.5618984491031014,2.732368928971944
frame_009,frame_016,9,16,50,7,False,False,571,"gas pump, gasoline pump, petrol pump, island dispenser",0.37157312957982935,0.9900095847219972,0.7360782027244568,0.2639217972755432,0.04213572971404925,5.066828870596513,0.18951612903225806,0.34351881937857837,1.8126099405507965
frame_009,frame_017,9,17,50,8,False,True,538,dome,0.3256171622835201,1.1220329365268893,0.6078534126281738,0.39214658737182617,0.04240901037892203,5.07391154526426,0.15120967741935484,0.2749047688546441,1.818036871358713
frame_010,frame_000,10,0,5,-10,False,False,456,bow,0.49758380254780743,0.6979912892368723,0.6538925170898438,0.34610748291015625,0.03766302365579393,5.0391691330469035,0.06465517241379311,0.4686271534164403,7.248099972840943
frame_010,frame_001,10,1,5,-9,False,False,456,bow,0.3960163754630391,0.9262997164032427,0.6408478617668152,0.3591521382331848,0.03684596383011277,5.098316331261926,0.0603448275862069,0.43252836941994993,7.16761297895917
frame_010,frame_002,10,2,5,-8,False,False,416,"balance beam, beam",0.1270580964859437,2.0631108444778827,0.5057896375656128,0.4942103624343872,0.032143116316169625,5.103434914288083,0.0668103448275862,0.4587182084899173,6.865975765784569
frame_010,frame_003,10,3,5,-7,False,False,416,"balance beam, beam",0.24670547097511758,1.399560079060711,0.5800842046737671,0.4199157953262329,0.022905539326933604,5.206015242318781,0.0668103448275862,0.4209433223298991,6.300571018099135
frame_010,frame_004,10,4,5,-6,False,False,416,"balance beam, beam",0.3519510162889743,1.0442632713374098,0.6631804704666138,0.33681952953338623,0.03266715600465279,5.160153298971687,0.0603448275862069,0.4047350345204115,6.707037714909676
frame_010,frame_005,10,5,5,-5,False,False,416,"balance beam, beam",0.19867655224640204,1.6160771421933258,0.5442174077033997,0.45578259229660034,0.026420883461854342,5.105921436261452,0.07327586206896551,0.452339687992053,6.173106330244488
frame_010,frame_006,10,6,5,-4,False,True,345,ox,0.15027276769700426,1.8953031849534416,0.48555344343185425,0.5144465565681458,0.026811170737732624,5.04263175252672,0.07758620689655173,0.5104497055610093,6.579129538341898
frame_010,frame_007,10,7,5,-3,False,False,416,"balance beam, beam",0.19257299226743255,1.647280016515059,0.5679571628570557,0.43204283714294434,0.03751501441018952,5.040270073866892,0.0668103448275862,0.4520879531066935,6.766735814242122
frame_010,frame_008,10,8,5,-2,False,False,981,"ballplayer, baseball player",0.2223945522023052,1.5033022123989612,0.5336836576461792,0.4663163423538208,0.025192541600407455,5.081741797127334,0.05603448275862069,0.3864615053326443,6.896851479782574
frame_010,frame_009,10,9,5,-1,True,False,571,"gas pump, gasoline pump, petrol pump, island dispenser",0.9513222780180682,0.04990239054496648,0.9520183205604553,0.04798167943954468,0.014059292251264064,5.7012495469832425,0.16733870967741934,0.3898471765591238,2.3296891514858484
frame_010,frame_011,10,11,5,1,False,False,571,"gas pump, gasoline pump, petrol pump, island dispenser",0.8796966224413675,0.12817817817458987,0.898993730545044,0.10100626945495605,0.015203597986033828,5.698394616464855,0.16129032258064516,0.385175513908656,2.3880881862336674
frame_010,frame_012,10,12,5,2,False,False,571,"gas pump, gasoline pump, petrol pump, island dispenser",0.8433070265995993,0.17042418017063188,0.8798789381980896,0.1201210618019104,0.01230698617512191,5.733532173244849,0.1592741935483871,0.377959077780565,2.3730088934070914
frame_010,frame_013,10,13,5,3,False,False,571,"gas pump, gasoline pump, petrol pump, island dispenser",0.8235485851029746,0.19413273280122212,0.8535465002059937,0.14645349979400635,0.014125752207180877,5.733823479032063,0.1774193548387097,0.3929703039135507,2.214923531149104
frame_010,frame_014,10,14,5,4,False,False,571,"gas pump, gasoline pump, petrol pump, island dispenser",0.7389623007348575,0.3025083732257734,0.7906394004821777,0.20936059951782227,0.013611900735593156,5.740385959581266,0.1975806451612903,0.4015445912664307,2.0323073190627516
frame_010,frame_015,10,15,5,5,False,False,571,"gas pump, gasoline pump, petrol pump, island dispenser",0.7894104010144252,0.23646893999217333,0.8257780075073242,0.17422199249267578,0.013207659979868037,5.750405266579616,0.2056451612903226,0.4381283781981286,2.1305066233948216
frame_010,frame_016,10,16,5,6,False,False,571,"gas pump, gasoline pump, petrol pump, island dispenser",0.6606383161862884,0.41454876560897524,0.7372978329658508,0.26270216703414917,0.010928404614042283,5.788459646752024,0.18951612903225806,0.36710876993204583,1.9370845732584545
frame_010,frame_017,10,17,5,7,False,False,571,"gas pump, gasoline pump, petrol pump, island dispenser",0.12841293716674265,2.0525041360515646,0.4941794276237488,0.5058205723762512,0.015284923626883872,5.763111743717245,0.15120967741935484,0.29772768750697454,1.9689724400461248
frame_010,frame_000,10,0,10,-10,False,False,427,"barrel, cask",0.38322732718313235,0.9591269223197074,0.7004343867301941,0.2995656132698059,0.0672788616432343,4.791962610397441,0.06465517241379311,0.37859909524887075,5.855666006515867
frame_010,frame_001,10,1,10,-9,False,False,690,oxcart,0.5705818530927173,0.5610986439108583,0.7628535032272339,0.2371464967727661,0.05876613430538542,4.924137770343373,0.0603448275862069,0.32187309197035946,5.333896952651671
frame_010,frame_002,10,2,10,-8,False,False,703,park bench,0.34485230782604126,1.064639046866707,0.703119695186615,0.296880304813385,0.04186396659238713,4.9546012696514135,0.0668103448275862,0.3550586827611612,5.314426735521897
frame_010,frame_003,10,3,10,-7,False,False,703,park bench,0.7159531503737359,0.3341405466012033,0.8343991041183472,0.16560089588165283,0.030842526336664997,5.099525267930689,0.0668103448275862,0.3614677795580965,5.410356442417961
frame_010,frame_004,10,4,10,-6,True,False,416,"balance beam, beam",0.7864446442698048,0.24023294132591544,0.8726201057434082,0.1273798942565918,0.04273355339612386,4.917994647644727,0.0603448275862069,0.33996952110954626,5.633780635529623
frame_010,frame_005,10,5,10,-5,False,False,703,park bench,0.33452067883707987,1.095056581183893,0.6874179840087891,0.31258201599121094,0.06904497830430771,4.942120603699843,0.07327586206896551,0.346013950974038,4.722072742704519
frame_010,frame_006,10,6,10,-4,False,False,690,oxcart,0.5149142476405989,0.6637549016183664,0.7682139873504639,0.23178601264953613,0.03412392345590958,4.904094373960272,0.07758620689655173,0.42600704134467066,5.490757421775755
frame_010,frame_007,10,7,10,-3,False,False,690,oxcart,0.7378373705961049,0.30403184371153724,0.8676667213439941,0.13233327865600586,0.02888624027497356,4.898882625450751,0.0668103448275862,0.3759336446478684,5.626877777955191
frame_010,frame_008,10,8,10,-2,False,False,690,oxcart,0.1858635430700305,1.6827425139224588,0.5831934213638306,0.41680657863616943,0.04326133081069381,4.831843347813505,0.05603448275862069,0.33072917663890516,5.902243767709692
frame_010,frame_009,10,9,10,-1,False,False,571,"gas pump, gasoline pump, petrol pump, island dispenser",0.4677272608681809,0.7598699288670732,0.7597182989120483,0.24028170108795166,0.04771542877970302,5.11796760827802,0.16733870967741934,0.5384611507822894,3.2177919372050066
frame_010,frame_011,10,11,10,1,False,False,571,"gas pump, gasoline pump, petrol pump, island dispenser",0.4650556133112255,0.7655982820273488,0.7817730903625488,0.21822690963745117,0.03579407578833016,5.107540718740756,0.16129032258064516,0.5291719888278493,3.2808663307326658
frame_010,frame_012,10,12,10,2,False,False,571,"gas pump, gasoline pump, petrol pump, island dispenser",0.42141518860876254,0.8641367350514266,0.7413735389709473,0.25862646102905273,0.04158667512251987,5.104385433513825,0.1592741935483871,0.5250882923662129,3.2967568735904003
frame_010,frame_013,10,13,10,3,False,False,571,"gas pump, gasoline pump, petrol pump, island dispenser",0.35587518308563515,1.0331752189179346,0.6717969179153442,0.32820308208465576,0.03272450722520892,5.154507361684605,0.1774193548387097,0.4861527994461726,2.740133960514791
frame_010,frame_014,10,14,10,4,False,False,671,"mountain bike, all-terrain bike, off-roader",0.2583196815496058,1.3535573853077076,0.6266677379608154,0.37333226203918457,0.04851434426604656,5.212008207343152,0.1975806451612903,0.46516542910886904,2.3543066616122355
frame_010,frame_015,10,15,10,5,False,False,571,"gas pump, gasoline pump, petrol pump, island dispenser",0.3615946077990574,1.0172315626354305,0.6987488269805908,0.3012511730194092,0.059344713202147896,5.219929065745752,0.2056451612903226,0.5882670720661243,2.860592821027428
frame_010,frame_016,10,16,10,6,False,False,571,"gas pump, gasoline pump, petrol pump, island dispenser",0.33582773207839417,1.091156952643256,0.6314173340797424,0.36858266592025757,0.026651797301064387,5.358755167063895,0.18951612903225806,0.45921565994437274,2.423095397153286
frame_010,frame_017,10,17,10,7,False,True,424,barbershop,0.1796729857611138,1.716616826147606,0.5710132122039795,0.4289867877960205,0.05454755576007691,5.278470445303494,0.15120967741935484,0.442204172502466,2.924443594149642
frame_010,frame_000,10,0,20,-10,False,False,427,"barrel, cask",0.8040723091848628,0.2180660770501489,0.8484165668487549,0.15158343315124512,0.027921905998103874,5.36690216198307,0.06465517241379311,0.20182424905448199,3.1215483853759878
frame_010,frame_001,10,1,20,-9,True,False,427,"barrel, cask",0.868025322433685,0.1415343914366226,0.8901189565658569,0.10988104343414307,0.018302461169328,5.4597283610412575,0.0603448275862069,0.17876682326869267,2.9624216427383354
frame_010,frame_002,10,2,20,-8,False,False,427,"barrel, cask",0.48652006384808616,0.7204771369976624,0.6372848749160767,0.36271512508392334,0.025668386073738947,5.5024916427159605,0.0668103448275862,0.19105529203797275,2.859666306632883
frame_010,frame_003,10,3,20,-7,False,False,703,park bench,0.16685469120221197,1.7906319578946515,0.531470537185669,0.46852946281433105,0.018006451679975083,5.514795311293874,0.0668103448275862,0.19350787290212446,2.8963759040834116
frame_010,frame_004,10,4,20,-6,False,False,830,stretcher,0.3224443622862184,1.1318246776723377,0.5783536434173584,0.4216463565826416,0.024142985709187655,5.421486913406147,0.0603448275862069,0.18014690872292746,2.985291630265655
frame_010,frame_005,10,5,20,-5,False,False,830,stretcher,0.24072281006409288,1.424109173148835,0.5384107828140259,0.4615892171859741,0.01615910443988982,5.448364318156695,0.07327586206896551,0.19253360913831033,2.6275174894169413
frame_010,frame_006,10,6,20,-4,False,False,690,oxcart,0.32388002173021757,1.1273821350708035,0.6254361271858215,0.37456387281417847,0.026362448193678556,5.4074953230835305,0.07758620689655173,0.2344021229312096,3.0211829177800347
frame_010,frame_007,10,7,20,-3,False,False,690,oxcart,0.6036107049566009,0.5048258170624744,0.7296586036682129,0.2703413963317871,0.024337483636162758,5.361199130120951,0.0668103448275862,0.20462502501671115,3.0627745679920637
frame_010,frame_008,10,8,20,-2,False,False,267,standard poodle,0.20806988794185663,1.5698812559956195,0.5372709035873413,0.4627290964126587,0.027457466593036193,5.367342614647539,0.05603448275862069,0.16731996005096395,2.9860177486018182
frame_010,frame_009,10,9,20,-1,False,False,671,"mountain bike, all-terrain bike, off-roader",0.5169294840091896,0.659848808342657,0.7881772518157959,0.2118227481842041,0.03738931220199947,5.678544160120138,0.16733870967741934,0.36323896221093016,2.170681027188209
frame_010,frame_011,10,11,20,1,False,False,671,"mountain bike, all-terrain bike, off-roader",0.3593353280251907,1.0234992651061994,0.7744160890579224,0.22558391094207764,0.026210609703701173,5.722155956879476,0.16129032258064516,0.33981559616656015,2.106856696232673
frame_010,frame_012,10,12,20,2,False,False,671,"mountain bike, all-terrain bike, off-roader",0.808980639355146,0.21198029378584948,0.8865999579429626,0.11340004205703735,0.03202966902432618,5.669158218639986,0.1592741935483871,0.3256332941046081,2.0444824541251347
frame_010,frame_013,10,13,20,3,False,False,671,"mountain bike, all-terrain bike, off-roader",0.6804922944416909,0.38493878033210915,0.820449948310852,0.17955005168914795,0.03169178945782352,5.750586620351069,0.1774193548387097,0.3516358693443128,1.9819476272133993
frame_010,frame_014,10,14,20,4,False,False,671,"mountain bike, all-terrain bike, off-roader",0.8361818751542612,0.1789091355466037,0.8835219740867615,0.11647802591323853,0.020999625390139706,5.771155183271254,0.1975806451612903,0.361817323732047,1.8312386997050543
frame_010,frame_015,10,15,20,5,False,False,671,"mountain bike, all-terrain bike, off-roader",0.7605211335290226,0.2737513786760988,0.8486178517341614,0.15138214826583862,0.017564362026304,5.74963461640901,0.2056451612903226,0.3867703328933345,1.880765540344058
frame_010,frame_016,10,16,20,6,False,False,671,"mountain bike, all-terrain bike, off-roader",0.5113392531473875,0.6707220085787422,0.743193507194519,0.25680649280548096,0.016601068800955052,5.770741561195736,0.18951612903225806,0.3446530288648627,1.8185947054997011
frame_010,frame_017,10,17,20,7,False,True,461,"breastplate, aegis, egis",0.11617835471353728,2.1526287280472283,0.49821799993515015,0.5017820000648499,0.020726153365395468,5.715785573916484,0.15120967741935484,0.3087720474597918,2.0420124738674232
frame_010,frame_000,10,0,30,-10,False,False,427,"barrel, cask",0.7838662424572405,0.2435168822977818,0.8600332140922546,0.13996678590774536,0.028518833306740796,5.328167184685127,0.06465517241379311,0.07427360678445524,1.148765118266241
frame_010,frame_001,10,1,30,-9,True,False,427,"barrel, cask",0.9501699689515151,0.05111439570506876,0.9550513029098511,0.044948697090148926,0.027888672372570013,5.3733464538363105,0.0603448275862069,0.07064668354926563,1.1707164702449733
frame_010,frame_002,10,2,30,-8,False,False,427,"barrel, cask",0.4682223465247182,0.7588119964766911,0.6730970144271851,0.32690298557281494,0.028995374114676505,5.394988175037846,0.0668103448275862,0.06637484553800513,0.993481559020464
frame_010,frame_003,10,3,30,-7,False,False,703,park bench,0.6101297486027049,0.49408364180539177,0.7296810746192932,0.2703189253807068,0.041529856399520185,5.3775927564463135,0.0668103448275862,0.07118882206511508,1.0655359173617225
frame_010,frame_004,10,4,30,-6,False,False,703,park bench,0.5872315695098212,0.532336040337793,0.7499090433120728,0.25009095668792725,0.03421237747909605,5.340116246112705,0.0603448275862069,0.05878816582466048,0.9742038908086593
frame_010,frame_005,10,5,30,-5,False,False,176,"Saluki, gazelle hound",0.24131249009161823,1.4216625460180579,0.6165996789932251,0.3834003210067749,0.03569231931614924,5.234108857115155,0.07327586206896551,0.07096082772136386,0.9684065900797892
frame_010,frame_006,10,6,30,-4,False,False,176,"Saluki, gazelle hound",0.5489991189545718,0.5996584422925249,0.7528809309005737,0.24711906909942627,0.05567803493111784,5.257305577610755,0.07758620689655173,0.11271781832920387,1.452807436243072
frame_010,frame_007,10,7,30,-3,False,False,690,oxcart,0.44067465708484543,0.8194484148352803,0.7434937953948975,0.25650620460510254,0.058318195345842865,5.278691487374555,0.0668103448275862,0.08290584390185203,1.2409132764664306
frame_010,frame_008,10,8,30,-2,False,False,222,kuvasz,0.1429402076461117,1.945328864511132,0.5516124963760376,0.4483875036239624,0.05062304855951915,5.268131588219326,0.05603448275862069,0.06827675494245782,1.2184774728192471
frame_010,frame_009,10,9,30,-1,False,False,571,"gas pump, gasoline pump, petrol pump, island dispenser",0.6345850691844325,0.45478392802594403,0.8311722278594971,0.16882777214050293,0.014218585616378602,5.866957287927881,0.16733870967741934,0.15646427013174607,0.9350153974138079
frame_010,frame_011,10,11,30,1,False,False,571,"gas pump, gasoline pump, petrol pump, island dispenser",0.6864937916189195,0.3761580973417056,0.8457199931144714,0.15428000688552856,0.013619302997968192,5.872091280037205,0.16129032258064516,0.13802784885972877,0.8557726629303184
frame_010,frame_012,10,12,30,2,False,False,671,"mountain bike, all-terrain bike, off-roader",0.5457436222758353,0.6056059697846639,0.8335968852043152,0.16640311479568481,0.013271378260828285,5.8694717919584285,0.1592741935483871,0.14259827522279706,0.8953005634241435
frame_010,frame_013,10,13,30,3,False,False,671,"mountain bike, all-terrain bike, off-roader",0.35644565131189215,1.0315735014876117,0.767928957939148,0.23207104206085205,0.01990618184114726,5.854915450564883,0.1774193548387097,0.14635059754472401,0.8248851861611717
frame_010,frame_014,10,14,30,4,False,False,671,"mountain bike, all-terrain bike, off-roader",0.5828282025196964,0.5398628144117077,0.7884597778320312,0.21154022216796875,0.01963558821462889,5.850753309388495,0.1975806451612903,0.17252539376855,0.8731897480530695
frame_010,frame_015,10,15,30,5,False,False,571,"gas pump, gasoline pump, petrol pump, island dispenser",0.5510674699935721,0.5958980272465433,0.8316784501075745,0.16832154989242554,0.019001440996763777,5.85057967449206,0.2056451612903226,0.21062523502536254,1.0242168291429394
frame_010,frame_016,10,16,30,6,False,False,571,"gas pump, gasoline pump, petrol pump, island dispenser",0.48511334441438153,0.7233727155247367,0.7484867572784424,0.2515132427215576,0.015075506531730034,5.846586602523007,0.18951612903225806,0.15785168490146115,0.8329195288417525
frame_010,frame_017,10,17,30,7,False,True,634,"lumbermill, sawmill",0.11120424460089627,2.196386727022775,0.5297422409057617,0.4702577590942383,0.01646312838647564,5.850827662630666,0.15120967741935484,0.12099041802829427,0.8001499645604527
frame_010,frame_000,10,0,40,-10,False,False,427,"barrel, cask",0.863487600759869,0.14677574078064293,0.9134289026260376,0.0865710973739624,0.09520972544678269,3.9550331113394988,0.06465517241379311,0.6856636591484331,10.604931261495764
frame_010,frame_001,10,1,40,-9,True,False,427,"barrel, cask",0.9618308013492145,0.03891672595888751,0.9681369066238403,0.03186309337615967,0.08089718043321828,4.002483924522455,0.0603448275862069,0.594402293306312,9.850095146218884
frame_010,frame_002,10,2,40,-8,False,False,427,"barrel, cask",0.7010252038733312,0.35521143842365266,0.7950271368026733,0.20497286319732666,0.06476362088684771,4.0658418926460556,0.0668103448275862,0.6429374138064863,9.623321290522892
frame_010,frame_003,10,3,40,-7,False,False,703,park bench,0.6030923609431394,0.5056849249242017,0.7996759414672852,0.20032405853271484,0.050562277833519034,4.209105312164863,0.0668103448275862,0.6002447930526295,8.98430916052968
frame_010,frame_004,10,4,40,-6,False,False,703,park bench,0.7760661143030261,0.2535175635840279,0.8337574601173401,0.1662425398826599,0.07079475346157606,4.166035154578044,0.0603448275862069,0.5833199272142467,9.666444508121803
frame_010,frame_005,10,5,40,-5,False,False,703,park bench,0.3753318199231409,0.9799447911350967,0.7043607234954834,0.2956392765045166,0.057613259441626354,4.16320460177411,0.07327586206896551,0.5795867516948215,7.909654493717565
frame_010,frame_006,10,6,40,-4,False,False,690,oxcart,0.37864694573165647,0.9711510496593627,0.6845386028289795,0.3154613971710205,0.04714560866177161,4.195203587022888,0.07758620689655173,0.6700658918739117,8.636404828597085
frame_010,frame_007,10,7,40,-3,False,False,690,oxcart,0.7344646104573682,0.30861346634332465,0.820521354675293,0.17947864532470703,0.09069333102959103,4.051313820014784,0.0668103448275862,0.6776344598455666,10.142657721559448
frame_010,frame_008,10,8,40,-2,False,False,222,kuvasz,0.44056485511993654,0.8196976137510266,0.6575150489807129,0.3424849510192871,0.09615064508481003,4.018584525274981,0.05603448275862069,0.6423123949393434,11.462805817379053
frame_010,frame_009,10,9,40,-1,False,False,571,"gas pump, gasoline pump, petrol pump, island dispenser",0.7988403630742438,0.22459414907979536,0.8685666918754578,0.13143330812454224,0.06671128349796819,4.705919064576315,0.16733870967741934,0.6034644174728192,3.60624519357251
frame_010,frame_011,10,11,40,1,False,False,571,"gas pump, gasoline pump, petrol pump, island dispenser",0.7208918042204958,0.3272662164522986,0.8325523734092712,0.16744762659072876,0.05254149017093746,4.753233328713476,0.16129032258064516,0.6294026098715563,3.902296181203649
frame_010,frame_012,10,12,40,2,False,False,571,"gas pump, gasoline pump, petrol pump, island dispenser",0.4970275742283279,0.699109773079817,0.8080443143844604,0.19195568561553955,0.0543018194971151,4.786339401858633,0.1592741935483871,0.6115765834395271,3.839771966911462
frame_010,frame_013,10,13,40,3,False,False,571,"gas pump, gasoline pump, petrol pump, island dispenser",0.34856367835772056,1.0539343442170408,0.7257752418518066,0.27422475814819336,0.09141334836145522,4.551532097186106,0.1774193548387097,0.6190197690885089,3.4890205166806862
frame_010,frame_014,10,14,40,4,False,False,671,"mountain bike, all-terrain bike, off-roader",0.3190115046347506,1.1425281121618691,0.7346013188362122,0.26539868116378784,0.05438219865994389,4.820336585998952,0.1975806451612903,0.5500448754290649,2.7839005940083283
frame_010,frame_015,10,15,40,5,False,False,571,"gas pump, gasoline pump, petrol pump, island dispenser",0.6288486122950898,0.46386473122578,0.8167562484741211,0.1832437515258789,0.05594277309649134,4.864105020131977,0.2056451612903226,0.6182758311521299,3.0065177671711414
frame_010,frame_016,10,16,40,6,False,False,571,"gas pump, gasoline pump, petrol pump, island dispenser",0.44209136257100196,0.8162387156151625,0.7271074056625366,0.2728925943374634,0.029295708980126615,5.143950279624068,0.18951612903225806,0.5015286452367217,2.646363915291638
frame_010,frame_017,10,17,40,7,False,True,461,"breastplate, aegis, egis",0.16663544925208607,1.7919467912592149,0.5694838762283325,0.4305161237716675,0.04954158357003652,5.06173969505017,0.15120967741935484,0.4928612743045448,3.2594558940673894
frame_010,frame_000,10,0,50,-10,False,False,427,"barrel, cask",0.6244497692334475,0.47088438622480067,0.8539811372756958,0.1460188627243042,0.09062940497112461,4.305476366166831,0.06465517241379311,0.4690657953445783,7.2548843013294775
frame_010,frame_001,10,1,50,-9,True,False,427,"barrel, cask",0.9100367822350667,0.09427026024957423,0.9392679333686829,0.06073206663131714,0.049009662316622335,4.562893735240414,0.0603448275862069,0.4264836654279852,7.067443598520898
frame_010,frame_002,10,2,50,-8,False,False,427,"barrel, cask",0.3712833163615178,0.9907898518505887,0.7068184614181519,0.29318153858184814,0.0738727830187246,4.476750094625453,0.0668103448275862,0.4615135649926805,6.907815940535605
frame_010,frame_003,10,3,50,-7,False,False,703,park bench,0.7416860636220446,0.29882922019363267,0.8166495561599731,0.18335044384002686,0.06815128093509273,4.591782379801347,0.0668103448275862,0.4255621778927374,6.369704856200974
frame_010,frame_004,10,4,50,-6,False,False,703,park bench,0.8383050804104621,0.1763731869839562,0.8759288191795349,0.12407118082046509,0.07154833297461792,4.433837219758052,0.0603448275862069,0.3811173796066482,6.315659433481598
frame_010,frame_005,10,5,50,-5,False,False,703,park bench,0.44425318025909044,0.8113606532581086,0.7431313991546631,0.2568686008453369,0.1150916616273886,4.418170729723617,0.07327586206896551,0.4433140686218696,6.049933171780809
frame_010,frame_006,10,6,50,-4,False,False,690,oxcart,0.4549769553539817,0.7875085088874849,0.7062128782272339,0.2937871217727661,0.08005135542761449,4.38017327123512,0.07758620689655173,0.5595336178476965,7.211766630036977
frame_010,frame_007,10,7,50,-3,False,False,690,oxcart,0.7337103618181345,0.3096409306712564,0.8394277691841125,0.16057223081588745,0.06646505211279131,4.366640805947827,0.0668103448275862,0.45587930194303833,6.823483745211929
frame_010,frame_008,10,8,50,-2,False,False,222,kuvasz,0.4627544616650272,0.770558685943401,0.7027443051338196,0.2972556948661804,0.06591940676436076,4.316732965930763,0.05603448275862069,0.39474289604585333,7.0446424525106135
frame_010,frame_009,10,9,50,-1,False,False,571,"gas pump, gasoline pump, petrol pump, island dispenser",0.5667037539206402,0.567918591652325,0.8340975046157837,0.1659024953842163,0.03334679089759229,4.897627929887611,0.16733870967741934,0.49121896898476647,2.9354772122463153
frame_010,frame_011,10,11,50,1,False,False,870,"tricycle, trike, velocipede",0.45329033279887027,0.7912224475392247,0.8291758298873901,0.17082417011260986,0.046607535601703505,4.886171047362867,0.16129032258064516,0.46497934237559724,2.882871922728703
frame_010,frame_012,10,12,50,2,False,False,671,"mountain bike, all-terrain bike, off-roader",0.39534910969388337,0.9279860824118789,0.8169245719909668,0.1830754280090332,0.031736645645414986,4.964027270866245,0.1592741935483871,0.46187073696583303,2.8998466523424455
frame_010,frame_013,10,13,50,3,False,False,870,"tricycle, trike, velocipede",0.6549225958156184,0.4232382246573212,0.8402763605117798,0.15972363948822021,0.03777497581046932,4.9291092339267335,0.1774193548387097,0.43527227164504867,2.453352803817547
frame_010,frame_014,10,14,50,4,False,False,671,"mountain bike, all-terrain bike, off-roader",0.6560895089594831,0.42145805276145865,0.8247038722038269,0.1752961277961731,0.06972565427624841,4.844956256440206,0.1975806451612903,0.4201711714748439,2.1265806229747204
frame_010,frame_015,10,15,50,5,False,False,671,"mountain bike, all-terrain bike, off-roader",0.5004336253818422,0.692280305640919,0.7848491668701172,0.2151508331298828,0.04369932801452932,4.944021721867421,0.2056451612903226,0.5692348525937588,2.768043989083376
frame_010,frame_016,10,16,50,6,False,False,571,"gas pump, gasoline pump, petrol pump, island dispenser",0.37157312957982935,0.9900095847219972,0.7360782027244568,0.2639217972755432,0.03694751792247578,5.076248747656649,0.18951612903225806,0.3494035942287461,1.8436615184835965
frame_010,frame_017,10,17,50,7,False,True,538,dome,0.3256171622835201,1.1220329365268893,0.6078534126281738,0.39214658737182617,0.04519557988266219,5.070155034291134,0.15120967741935484,0.2776803779546858,1.836392899540322
frame_011,frame_000,11,0,5,-11,False,False,456,bow,0.49758380254780743,0.6979912892368723,0.6538925170898438,0.34610748291015625,0.03800148818445581,5.031721549451257,0.06465517241379311,0.4716294955384152,7.294536197660822
frame_011,frame_001,11,1,5,-10,False,False,456,bow,0.3960163754630391,0.9262997164032427,0.6408478617668152,0.3591521382331848,0.037272419699202815,5.094892325218183,0.0603448275862069,0.4339071558638267,7.190461440029128
frame_011,frame_002,11,2,5,-9,False,False,416,"balance beam, beam",0.1270580964859437,2.0631108444778827,0.5057896375656128,0.4942103624343872,0.03341192080843759,5.095821611556595,0.0668103448275862,0.4610521615776501,6.900909773291279
frame_011,frame_003,11,3,5,-8,False,False,416,"balance beam, beam",0.24670547097511758,1.399560079060711,0.5800842046737671,0.4199157953262329,0.02440870573758621,5.203697231250013,0.0668103448275862,0.4198759596674557,6.284595009216112
frame_011,frame_004,11,4,5,-7,False,False,416,"balance beam, beam",0.3519510162889743,1.0442632713374098,0.6631804704666138,0.33681952953338623,0.03496144731043274,5.161439758345866,0.0603448275862069,0.40284146634825724,6.675658585199691
frame_011,frame_005,11,5,5,-6,False,False,416,"balance beam, beam",0.19867655224640204,1.6160771421933258,0.5442174077033997,0.45578259229660034,0.02547201705352744,5.1011761010144046,0.07327586206896551,0.4513917790462621,6.16017016110193
frame_011,frame_006,11,6,5,-5,False,True,345,ox,0.15027276769700426,1.8953031849534416,0.48555344343185425,0.5144465565681458,0.02820517351367364,5.037343201014831,0.07758620689655173,0.5100341400008653,6.5737733600111525
frame_011,frame_007,11,7,5,-4,False,False,416,"balance beam, beam",0.19257299226743255,1.647280016515059,0.5679571628570557,0.43204283714294434,0.037774469499242916,5.038323380984257,0.0668103448275862,0.4501938088908657,6.738384752431022
frame_011,frame_008,11,8,5,-3,False,False,981,"ballplayer, baseball player",0.2223945522023052,1.5033022123989612,0.5336836576461792,0.4663163423538208,0.026219740447723103,5.079833811577546,0.05603448275862069,0.3854334533840604,6.878504706546308
frame_011,frame_009,11,9,5,-2,True,False,571,"gas pump, gasoline pump, petrol pump, island dispenser",0.9513222780180682,0.04990239054496648,0.9520183205604553,0.04798167943954468,0.014464522553936226,5.688999461330014,0.16733870967741934,0.3900448743548268,2.3308705744577605
frame_011,frame_010,11,10,5,-1,False,False,571,"gas pump, gasoline pump, petrol pump, island dispenser",0.9424442748052307,0.05927848628300225,0.9427655339241028,0.05723446607589722,0.012708763829635263,5.70594184517431,0.16532258064516128,0.392971248788909,2.376996821942669
frame_011,frame_012,11,12,5,1,False,False,571,"gas pump, gasoline pump, petrol pump, island dispenser",0.8433070265995993,0.17042418017063188,0.8798789381980896,0.1201210618019104,0.013057426457909175,5.7227179824542045,0.1592741935483871,0.37818853233639865,2.3744495194791613
frame_011,frame_013,11,13,5,2,False,False,571,"gas pump, gasoline pump, petrol pump, island dispenser",0.8235485851029746,0.19413273280122212,0.8535465002059937,0.14645349979400635,0.014015825507795608,5.721675806400516,0.1774193548387097,0.39111779609011543,2.204482123417014
frame_011,frame_014,11,14,5,3,False,False,571,"gas pump, gasoline pump, petrol pump, island dispenser",0.7389623007348575,0.3025083732257734,0.7906394004821777,0.20936059951782227,0.014275268874130425,5.731669572184977,0.1975806451612903,0.398936235629083,2.01910584563291
frame_011,frame_015,11,15,5,4,False,False,571,"gas pump, gasoline pump, petrol pump, island dispenser",0.7894104010144252,0.23646893999217333,0.8257780075073242,0.17422199249267578,0.013355362225769616,5.741995156339679,0.2056451612903226,0.43640737120055745,2.122137805053691
frame_011,frame_016,11,16,5,5,False,False,571,"gas pump, gasoline pump, petrol pump, island dispenser",0.6606383161862884,0.41454876560897524,0.7372978329658508,0.26270216703414917,0.010008127311680812,5.783940350457877,0.18951612903225806,0.36208770129209883,1.9105904238391598
frame_011,frame_017,11,17,5,6,False,False,571,"gas pump, gasoline pump, petrol pump, island dispenser",0.12841293716674265,2.0525041360515646,0.4941794276237488,0.5058205723762512,0.01535056815500293,5.757638409495394,0.15120967741935484,0.2922712752065528,1.932887366699336
frame_011,frame_000,11,0,10,-11,False,False,427,"barrel, cask",0.38322732718313235,0.9591269223197074,0.7004343867301941,0.2995656132698059,0.06891760922226631,4.810742543649114,0.06465517241379311,0.37951455323243566,5.869825089995005
frame_011,frame_001,11,1,10,-10,False,False,690,oxcart,0.5705818530927173,0.5610986439108583,0.7628535032272339,0.2371464967727661,0.05962862127893918,4.9370011930071,0.0603448275862069,0.3221084001513434,5.337796345365119
frame_011,frame_002,11,2,10,-9,False,False,703,park bench,0.34485230782604126,1.064639046866707,0.703119695186615,0.296880304813385,0.04226532917377647,4.976778773407692,0.0668103448275862,0.35789921141059805,5.356943035307016
frame_011,frame_003,11,3,10,-8,False,False,703,park bench,0.7159531503737359,0.3341405466012033,0.8343991041183472,0.16560089588165283,0.031878269689742826,5.117377786223578,0.0668103448275862,0.35832706534757763,5.3633470426218075
frame_011,frame_004,11,4,10,-7,True,False,416,"balance beam, beam",0.7864446442698048,0.24023294132591544,0.8726201057434082,0.1273798942565918,0.04331748919272007,4.942175908222988,0.0603448275862069,0.3368974754232802,5.5828724498715
frame_011,frame_005,11,5,10,-6,False,False,703,park bench,0.33452067883707987,1.095056581183893,0.6874179840087891,0.31258201599121094,0.07024373202328835,4.960793215817596,0.07327586206896551,0.34306171571488114,4.681783414461908
frame_011,frame_006,11,6,10,-5,False,False,690,oxcart,0.5149142476405989,0.6637549016183664,0.7682139873504639,0.23178601264953613,0.033159158933547296,4.928037133596359,0.07758620689655173,0.4245770275376126,5.472326132707007
frame_011,frame_007,11,7,10,-4,False,False,690,oxcart,0.7378373705961049,0.30403184371153724,0.8676667213439941,0.13233327865600586,0.02887373058364172,4.923671796870331,0.0668103448275862,0.37533453244549625,5.617910421119686
frame_011,frame_008,11,8,10,-3,False,False,690,oxcart,0.1858635430700305,1.6827425139224588,0.5831934213638306,0.41680657863616943,0.04237400705353645,4.858883871920206,0.05603448275862069,0.32859598777313614,5.864174551028276
frame_011,frame_009,11,9,10,-2,False,False,571,"gas pump, gasoline pump, petrol pump, island dispenser",0.4677272608681809,0.7598699288670732,0.7597182989120483,0.24028170108795166,0.04268278845943465,5.126635705059849,0.16733870967741934,0.5289417927293375,3.160905171009053
frame_011,frame_010,11,10,10,-1,False,False,571,"gas pump, gasoline pump, petrol pump, island dispenser",0.4103955179775421,0.8906339062925666,0.7119751572608948,0.2880248427391052,0.04183387267719919,5.1670265109012075,0.16532258064516128,0.4951218855747818,2.9948836005498998
frame_011,frame_012,11,12,10,1,False,False,571,"gas pump, gasoline pump, petrol pump, island dispenser",0.42141518860876254,0.8641367350514266,0.7413735389709473,0.25862646102905273,0.037017993414145335,5.1183264492126455,0.1592741935483871,0.5177733767614773,3.25083031485687
frame_011,frame_013,11,13,10,2,False,False,571,"gas pump, gasoline pump, petrol pump, island dispenser",0.35587518308563515,1.0331752189179346,0.6717969179153442,0.32820308208465576,0.03264132981583483,5.152530910921547,0.1774193548387097,0.4800223150572038,2.705580321231512
frame_011,frame_014,11,14,10,3,False,False,671,"mountain bike, all-terrain bike, off-roader",0.2583196815496058,1.3535573853077076,0.6266677379608154,0.37333226203918457,0.04726487775142978,5.217861530521071,0.1975806451612903,0.45849052204755175,2.3205234585263845
frame_011,frame_015,11,15,10,4,False,False,571,"gas pump, gasoline pump, petrol pump, island dispenser",0.3615946077990574,1.0172315626354305,0.6987488269805908,0.3012511730194092,0.06204987347589255,5.224142868276532,0.2056451612903226,0.5828691687765306,2.8343441932662663
frame_011,frame_016,11,16,10,5,False,False,571,"gas pump, gasoline pump, petrol pump, island dispenser",0.33582773207839417,1.091156952643256,0.6314173340797424,0.36858266592025757,0.02752922811084146,5.365068641388678,0.18951612903225806,0.448402763148365,2.3660401119317984
frame_011,frame_017,11,17,10,6,False,True,424,barbershop,0.1796729857611138,1.716616826147606,0.5710132122039795,0.4289867877960205,0.057468282861294344,5.278989977391367,0.15120967741935484,0.43095240134294865,2.850031880881367
frame_011,frame_000,11,0,20,-11,False,False,427,"barrel, cask",0.8040723091848628,0.2180660770501489,0.8484165668487549,0.15158343315124512,0.027761556183313944,5.376700038108797,0.06465517241379311,0.19526823848723446,3.020148755269226
frame_011,frame_001,11,1,20,-10,True,False,427,"barrel, cask",0.868025322433685,0.1415343914366226,0.8901189565658569,0.10988104343414307,0.017404880510741672,5.468755079950043,0.0603448275862069,0.17303244136509136,2.8673947426215136
frame_011,frame_002,11,2,20,-9,False,False,427,"barrel, cask",0.48652006384808616,0.7204771369976624,0.6372848749160767,0.36271512508392334,0.02360196975754635,5.512682769007628,0.0668103448275862,0.1816432283420332,2.718788966151723
frame_011,frame_003,11,3,20,-8,False,False,703,park bench,0.16685469120221197,1.7906319578946515,0.531470537185669,0.46852946281433105,0.016722949255525595,5.523963506558656,0.0668103448275862,0.18565881545922264,2.778893237841268
frame_011,frame_004,11,4,20,-7,False,False,830,stretcher,0.3224443622862184,1.1318246776723377,0.5783536434173584,0.4216463565826416,0.0230887199348599,5.433564333918773,0.0603448275862069,0.1713495442223968,2.8395067328282897
frame_011,frame_005,11,5,20,-6,False,False,830,stretcher,0.24072281006409288,1.424109173148835,0.5384107828140259,0.4615892171859741,0.016859961869801147,5.458884370809935,0.07327586206896551,0.1830687537205282,2.4983500507742673
frame_011,frame_006,11,6,20,-5,False,False,690,oxcart,0.32388002173021757,1.1273821350708035,0.6254361271858215,0.37456387281417847,0.023790557309575893,5.418735657796254,0.07758620689655173,0.22606142643763127,2.9136806074183585
frame_011,frame_007,11,7,20,-4,False,False,690,oxcart,0.6036107049566009,0.5048258170624744,0.7296586036682129,0.2703413963317871,0.024219902167857788,5.373708968703046,0.0668103448275862,0.1981678558480408,2.9661253262416434
frame_011,frame_008,11,8,20,-3,False,False,267,standard poodle,0.20806988794185663,1.5698812559956195,0.5372709035873413,0.4627290964126587,0.025436922714029513,5.382618984042068,0.05603448275862069,0.16372215495039155,2.921810765268526
frame_011,frame_009,11,9,20,-2,False,False,671,"mountain bike, all-terrain bike, off-roader",0.5169294840091896,0.659848808342657,0.7881772518157959,0.2118227481842041,0.03409261666789205,5.69037410416708,0.16733870967741934,0.36058972075653384,2.1548494156053106
frame_011,frame_010,11,10,20,-1,False,False,671,"mountain bike, all-terrain bike, off-roader",0.5334577143699544,0.6283754721689707,0.7815133929252625,0.21848660707473755,0.035994559534038434,5.712916088148237,0.16532258064516128,0.3255927581736046,1.969439122611072
frame_011,frame_012,11,12,20,1,False,False,671,"mountain bike, all-terrain bike, off-roader",0.808980639355146,0.21198029378584948,0.8865999579429626,0.11340004205703735,0.02873192549370668,5.682220306743688,0.1592741935483871,0.3268061883147107,2.0518464481531202
frame_011,frame_013,11,13,20,2,False,False,671,"mountain bike, all-terrain bike, off-roader",0.6804922944416909,0.38493878033210915,0.820449948310852,0.17955005168914795,0.02912802260107806,5.756002361782773,0.1774193548387097,0.3472801717496571,1.9573973316798854
frame_011,frame_014,11,14,20,3,False,False,671,"mountain bike, all-terrain bike, off-roader",0.8361818751542612,0.1789091355466037,0.8835219740867615,0.11647802591323853,0.020199247165619733,5.777054143460076,0.1975806451612903,0.3570352218959269,1.8070354087793852
frame_011,frame_015,11,15,20,4,False,False,671,"mountain bike, all-terrain bike, off-roader",0.7605211335290226,0.2737513786760988,0.8486178517341614,0.15138214826583862,0.017480467996354693,5.758761288415151,0.2056451612903226,0.38629957341220383,1.8784763569848342
frame_011,frame_016,11,16,20,5,False,False,671,"mountain bike, all-terrain bike, off-roader",0.5113392531473875,0.6707220085787422,0.743193507194519,0.25680649280548096,0.015073534525435944,5.776481575526054,0.18951612903225806,0.3433849314765254,1.8119034682165596
frame_011,frame_017,11,17,20,6,False,True,461,"breastplate, aegis, egis",0.11617835471353728,2.1526287280472283,0.49821799993515015,0.5017820000648499,0.023255478733875026,5.715864464907819,0.15120967741935484,0.3078437616381839,2.035873410300523
frame_011,frame_000,11,0,30,-11,False,False,427,"barrel, cask",0.7838662424572405,0.2435168822977818,0.8600332140922546,0.13996678590774536,0.03097090339459975,5.309491063887526,0.06465517241379311,0.06344575098154435,0.9812942818478859
frame_011,frame_001,11,1,30,-10,True,False,427,"barrel, cask",0.9501699689515151,0.05111439570506876,0.9550513029098511,0.044948697090148926,0.030085208010241875,5.363362170214419,0.0603448275862069,0.059234358845678625,0.9815979465855315
frame_011,frame_002,11,2,30,-9,False,False,427,"barrel, cask",0.4682223465247182,0.7588119964766911,0.6730970144271851,0.32690298557281494,0.030215334283079404,5.379907640393982,0.0668103448275862,0.05584418782754589,0.8358613919993966
frame_011,frame_003,11,3,30,-8,False,False,703,park bench,0.6101297486027049,0.49408364180539177,0.7296810746192932,0.2703189253807068,0.04315547610567995,5.3661350563689,0.0668103448275862,0.061819352238887376,0.9252961109304434
frame_011,frame_004,11,4,30,-7,False,False,703,park bench,0.5872315695098212,0.532336040337793,0.7499090433120728,0.25009095668792725,0.035464655775019234,5.326164507128967,0.0603448275862069,0.049928417489926866,0.827385204118788
frame_011,frame_005,11,5,30,-6,False,False,176,"Saluki, gazelle hound",0.24131249009161823,1.4216625460180579,0.6165996789932251,0.3834003210067749,0.03584670985636293,5.225175705573845,0.07327586206896551,0.05908857864414001,0.8063853085553225
frame_011,frame_006,11,6,30,-5,False,False,176,"Saluki, gazelle hound",0.5489991189545718,0.5996584422925249,0.7528809309005737,0.24711906909942627,0.058142944936352546,5.247956914132372,0.07758620689655173,0.09987860420909538,1.2873242320283405
frame_011,frame_007,11,7,30,-4,False,False,690,oxcart,0.44067465708484543,0.8194484148352803,0.7434937953948975,0.25650620460510254,0.06157690263002721,5.2675202979326885,0.0668103448275862,0.073327142958587,1.0975417526704636
frame_011,frame_008,11,8,30,-3,False,False,222,kuvasz,0.1429402076461117,1.945328864511132,0.5516124963760376,0.4483875036239624,0.05121553962200471,5.268416880508644,0.05603448275862069,0.062222501071966516,1.110432326822787
frame_011,frame_009,11,9,30,-2,False,False,571,"gas pump, gasoline pump, petrol pump, island dispenser",0.6345850691844325,0.45478392802594403,0.8311722278594971,0.16882777214050293,0.013101222130689042,5.862760002094046,0.16733870967741934,0.15674603521605002,0.9366991983995279
frame_011,frame_010,11,10,30,-1,False,False,571,"gas pump, gasoline pump, petrol pump, island dispenser",0.562530125663573,0.5753105896024318,0.8046342134475708,0.1953657865524292,0.01242665872239224,5.872832343682582,0.16532258064516128,0.15032073300986676,0.9092571167426087
frame_011,frame_012,11,12,30,1,False,False,671,"mountain bike, all-terrain bike, off-roader",0.5457436222758353,0.6056059697846639,0.8335968852043152,0.16640311479568481,0.012357914602357887,5.861922380503297,0.1592741935483871,0.14351302704835267,0.9010438153921889
frame_011,frame_013,11,13,30,2,False,False,671,"mountain bike, all-terrain bike, off-roader",0.35644565131189215,1.0315735014876117,0.767928957939148,0.23207104206085205,0.018324559369664064,5.852057830791308,0.1774193548387097,0.1483080325957058,0.835918001903069
frame_011,frame_014,11,14,30,3,False,False,671,"mountain bike, all-terrain bike, off-roader",0.5828282025196964,0.5398628144117077,0.7884597778320312,0.21154022216796875,0.020616535007582596,5.843245601939314,0.1975806451612903,0.17315043128015142,0.8763532032138277
frame_011,frame_015,11,15,30,4,False,False,571,"gas pump, gasoline pump, petrol pump, island dispenser",0.5510674699935721,0.5958980272465433,0.8316784501075745,0.16832154989242554,0.01802892791310387,5.843315650965041,0.2056451612903226,0.21271230145562442,1.0343657011959775
frame_011,frame_016,11,16,30,5,False,False,571,"gas pump, gasoline pump, petrol pump, island dispenser",0.48511334441438153,0.7233727155247367,0.7484867572784424,0.2515132427215576,0.014066447500333798,5.843229261949831,0.18951612903225806,0.15934640352863466,0.8408065547893914
frame_011,frame_017,11,17,30,6,False,True,634,"lumbermill, sawmill",0.11120424460089627,2.196386727022775,0.5297422409057617,0.4702577590942383,0.017131391978761804,5.849918062947745,0.15120967741935484,0.12401496620243367,0.8201523098187613
frame_011,frame_000,11,0,40,-11,False,False,427,"barrel, cask",0.863487600759869,0.14677574078064293,0.9134289026260376,0.0865710973739624,0.09662591697852059,3.971424073192459,0.06465517241379311,0.6883927210586717,10.64714075237412
frame_011,frame_001,11,1,40,-10,True,False,427,"barrel, cask",0.9618308013492145,0.03891672595888751,0.9681369066238403,0.03186309337615967,0.07729117571243482,4.015836919638535,0.0603448275862069,0.6053260815427792,10.031117922708912
frame_011,frame_002,11,2,40,-9,False,False,427,"barrel, cask",0.7010252038733312,0.35521143842365266,0.7950271368026733,0.20497286319732666,0.06323266102122146,4.085503287021283,0.0668103448275862,0.6506147521794475,9.738233710040763
frame_011,frame_003,11,3,40,-8,False,False,703,park bench,0.6030923609431394,0.5056849249242017,0.7996759414672852,0.20032405853271484,0.04694552523657862,4.23346215313659,0.0668103448275862,0.6023969972775393,9.016522797960588
frame_011,frame_004,11,4,40,-7,False,False,703,park bench,0.7760661143030261,0.2535175635840279,0.8337574601173401,0.1662425398826599,0.07352557076853558,4.184470443009152,0.0603448275862069,0.5913407285801461,9.79936064504242
frame_011,frame_005,11,5,40,-6,False,False,703,park bench,0.3753318199231409,0.9799447911350967,0.7043607234954834,0.2956392765045166,0.05773173981745304,4.185284670955984,0.07327586206896551,0.5803427764891103,7.91997200855727
frame_011,frame_006,11,6,40,-5,False,False,690,oxcart,0.37864694573165647,0.9711510496593627,0.6845386028289795,0.3154613971710205,0.04754283543684253,4.21570957799705,0.07758620689655173,0.6690539133098294,8.62336154932669
frame_011,frame_007,11,7,40,-4,False,False,690,oxcart,0.7344646104573682,0.30861346634332465,0.820521354675293,0.17947864532470703,0.0875904177606884,4.08485707219673,0.0668103448275862,0.6757392445626731,10.114290628292915
frame_011,frame_008,11,8,40,-3,False,False,222,kuvasz,0.44056485511993654,0.8196976137510266,0.6575150489807129,0.3424849510192871,0.0988480739725407,4.030754842745171,0.05603448275862069,0.6487754756140476,11.578146949419926
frame_011,frame_009,11,9,40,-2,False,False,571,"gas pump, gasoline pump, petrol pump, island dispenser",0.7988403630742438,0.22459414907979536,0.8685666918754578,0.13143330812454224,0.06293798165050048,4.721346490187184,0.16733870967741934,0.6056778299071102,3.6194723329388756
frame_011,frame_010,11,10,40,-1,False,False,571,"gas pump, gasoline pump, petrol pump, island dispenser",0.6523561264960704,0.42716465988952246,0.8008508086204529,0.19914919137954712,0.0632345304201171,4.8213059065901795,0.16532258064516128,0.5857932240522151,3.5433346235353502
frame_011,frame_012,11,12,40,1,False,False,571,"gas pump, gasoline pump, petrol pump, island dispenser",0.4970275742283279,0.699109773079817,0.8080443143844604,0.19195568561553955,0.05573439021587235,4.813370869590084,0.1592741935483871,0.6148183385928722,3.860125265089425
frame_011,frame_013,11,13,40,2,False,False,571,"gas pump, gasoline pump, petrol pump, island dispenser",0.34856367835772056,1.0539343442170408,0.7257752418518066,0.27422475814819336,0.09009775566845984,4.582310189516209,0.1774193548387097,0.6213473951828326,3.502139863757783
frame_011,frame_014,11,14,40,3,False,False,671,"mountain bike, all-terrain bike, off-roader",0.3190115046347506,1.1425281121618691,0.7346013188362122,0.26539868116378784,0.05196368869980234,4.845430428104617,0.1975806451612903,0.5544991690399285,2.8064447739163727
frame_011,frame_015,11,15,40,4,False,False,571,"gas pump, gasoline pump, petrol pump, island dispenser",0.6288486122950898,0.46386473122578,0.8167562484741211,0.1832437515258789,0.049756228209379603,4.888760117451614,0.2056451612903226,0.6167916940163138,2.9993007865891337
frame_011,frame_016,11,16,40,5,False,False,571,"gas pump, gasoline pump, petrol pump, island dispenser",0.44209136257100196,0.8162387156151625,0.7271074056625366,0.2728925943374634,0.027871012888692263,5.148517461021152,0.18951612903225806,0.5072884033276768,2.6767558303247627
frame_011,frame_017,11,17,40,6,False,True,461,"breastplate, aegis, egis",0.16663544925208607,1.7919467912592149,0.5694838762283325,0.4305161237716675,0.04710432144515839,5.069577147138663,0.15120967741935484,0.4937793122078346,3.2655271847344793
frame_011,frame_000,11,0,50,-11,False,False,427,"barrel, cask",0.6244497692334475,0.47088438622480067,0.8539811372756958,0.1460188627243042,0.09019760167834201,4.3427564932972205,0.06465517241379311,0.47666486148113646,7.372416524241577
frame_011,frame_001,11,1,50,-10,True,False,427,"barrel, cask",0.9100367822350667,0.09427026024957423,0.9392679333686829,0.06073206663131714,0.04735688461575839,4.564127418163217,0.0603448275862069,0.4379669621481574,7.257738229883751
frame_011,frame_002,11,2,50,-9,False,False,427,"barrel, cask",0.3712833163615178,0.9907898518505887,0.7068184614181519,0.29318153858184814,0.07462429287841875,4.486488670186235,0.0668103448275862,0.46798767895189564,7.004718807538051
frame_011,frame_003,11,3,50,-8,False,False,703,park bench,0.7416860636220446,0.29882922019363267,0.8166495561599731,0.18335044384002686,0.06872043252357264,4.592833948862505,0.0668103448275862,0.4332987913314176,6.485504489605734
frame_011,frame_004,11,4,50,-7,False,False,703,park bench,0.8383050804104621,0.1763731869839562,0.8759288191795349,0.12407118082046509,0.07149826004226835,4.45897400269638,0.0603448275862069,0.3920977557552572,6.497619952515691
frame_011,frame_005,11,5,50,-6,False,False,703,park bench,0.44425318025909044,0.8113606532581086,0.7431313991546631,0.2568686008453369,0.11290990694707898,4.428144271555208,0.07327586206896551,0.4505751765389905,6.149025938649753
frame_011,frame_006,11,6,50,-5,False,False,690,oxcart,0.4549769553539817,0.7875085088874849,0.7062128782272339,0.2937871217727661,0.081898778280509,4.392355462727867,0.07758620689655173,0.5652151350509174,7.284995073989601
frame_011,frame_007,11,7,50,-4,False,False,690,oxcart,0.7337103618181345,0.3096409306712564,0.8394277691841125,0.16057223081588745,0.06224219126367367,4.397603138958587,0.0668103448275862,0.46509769880653645,6.961462330523643
frame_011,frame_008,11,8,50,-3,False,False,222,kuvasz,0.4627544616650272,0.770558685943401,0.7027443051338196,0.2972556948661804,0.06506565852508722,4.3472338773933,0.05603448275862069,0.4101380981433757,7.319387597635628
frame_011,frame_009,11,9,50,-2,False,False,571,"gas pump, gasoline pump, petrol pump, island dispenser",0.5667037539206402,0.567918591652325,0.8340975046157837,0.1659024953842163,0.03503363553080566,4.881405327061962,0.16733870967741934,0.4978787179115639,2.975275229929346
frame_011,frame_010,11,10,50,-1,False,False,571,"gas pump, gasoline pump, petrol pump, island dispenser",0.36612791650554793,1.004772507992159,0.7771263122558594,0.22287368774414062,0.035075869865006395,4.9552148274735766,0.16532258064516128,0.4715530991084489,2.8523211848511054
frame_011,frame_012,11,12,50,1,False,False,671,"mountain bike, all-terrain bike, off-roader",0.39534910969388337,0.9279860824118789,0.8169245719909668,0.1830754280090332,0.03190370674749354,4.955625593446314,0.1592741935483871,0.4697630005399753,2.9493980793395917
frame_011,frame_013,11,13,50,2,False,False,870,"tricycle, trike, velocipede",0.6549225958156184,0.4232382246573212,0.8402763605117798,0.15972363948822021,0.0415196564162931,4.896954631675982,0.1774193548387097,0.44571637991789304,2.5122195959008513
frame_011,frame_014,11,14,50,3,False,False,671,"mountain bike, all-terrain bike, off-roader",0.6560895089594831,0.42145805276145865,0.8247038722038269,0.1752961277961731,0.06574986138178189,4.870433195130226,0.1975806451612903,0.4241483633924225,2.1467100841085873
frame_011,frame_015,11,15,50,4,False,False,671,"mountain bike, all-terrain bike, off-roader",0.5004336253818422,0.692280305640919,0.7848491668701172,0.2151508331298828,0.04354816730435206,4.96423704616376,0.2056451612903226,0.5698274283320065,2.770925533849757
frame_011,frame_016,11,16,50,5,False,False,571,"gas pump, gasoline pump, petrol pump, island dispenser",0.37157312957982935,0.9900095847219972,0.7360782027244568,0.2639217972755432,0.036517386416230764,5.097644861477401,0.18951612903225806,0.3519303873676909,1.8569943844082413
frame_011,frame_017,11,17,50,6,False,True,538,dome,0.3256171622835201,1.1220329365268893,0.6078534126281738,0.39214658737182617,0.0483839132713628,5.095257452355593,0.15120967741935484,0.28775776500093425,1.9030380192061784
frame_012,frame_000,12,0,5,-12,False,False,456,bow,0.49758380254780743,0.6979912892368723,0.6538925170898438,0.34610748291015625,0.03531130082881012,5.066694005241971,0.06465517241379311,0.45868665098296496,7.094353535203191
frame_012,frame_001,12,1,5,-11,False,False,456,bow,0.3960163754630391,0.9262997164032427,0.6408478617668152,0.3591521382331848,0.035881243499162226,5.123833973717495,0.0603448275862069,0.4234985403132328,7.017975810905001
frame_012,frame_002,12,2,5,-10,False,False,416,"balance beam, beam",0.1270580964859437,2.0631108444778827,0.5057896375656128,0.4942103624343872,0.031571861427019475,5.132927365721333,0.0668103448275862,0.4474648719869707,6.697538729095304
frame_012,frame_003,12,3,5,-9,False,False,416,"balance beam, beam",0.24670547097511758,1.399560079060711,0.5800842046737671,0.4199157953262329,0.02410152252614285,5.224786383960297,0.0668103448275862,0.4108911928994857,6.150113338882625
frame_012,frame_004,12,4,5,-8,False,False,416,"balance beam, beam",0.3519510162889743,1.0442632713374098,0.6631804704666138,0.33681952953338623,0.034023918023750335,5.182286722362502,0.0603448275862069,0.3926299881880427,6.506439804258993
frame_012,frame_005,12,5,5,-7,False,False,416,"balance beam, beam",0.19867655224640204,1.6160771421933258,0.5442174077033997,0.45578259229660034,0.024456636840177386,5.124210086172292,0.07327586206896551,0.4408943420649039,6.016911021121042
frame_012,frame_006,12,6,5,-6,False,True,345,ox,0.15027276769700426,1.8953031849534416,0.48555344343185425,0.5144465565681458,0.027671067066663096,5.062963957396391,0.07758620689655173,0.4996600536971489,6.4400629143188075
frame_012,frame_007,12,7,5,-5,False,False,416,"balance beam, beam",0.19257299226743255,1.647280016515059,0.5679571628570557,0.43204283714294434,0.03672393393876177,5.062110392889588,0.0668103448275862,0.44046861701035744,6.592820590090512
frame_012,frame_008,12,8,5,-4,False,False,981,"ballplayer, baseball player",0.2223945522023052,1.5033022123989612,0.5336836576461792,0.4663163423538208,0.0253465006509014,5.102477652534482,0.05603448275862069,0.376362304797221,6.716619593304252
frame_012,frame_009,12,9,5,-3,True,False,571,"gas pump, gasoline pump, petrol pump, island dispenser",0.9513222780180682,0.04990239054496648,0.9520183205604553,0.04798167943954468,0.014178908661439288,5.708849768738016,0.16733870967741934,0.38419872462515003,2.295934547157523
frame_012,frame_010,12,10,5,-2,False,False,571,"gas pump, gasoline pump, petrol pump, island dispenser",0.9424442748052307,0.05927848628300225,0.9427655339241028,0.05723446607589722,0.011433125449413894,5.726357865564185,0.16532258064516128,0.3866946027829682,2.339030768053076
frame_012,frame_011,12,11,5,-1,False,False,571,"gas pump, gasoline pump, petrol pump, island dispenser",0.8796966224413675,0.12817817817458987,0.898993730545044,0.10100626945495605,0.01490434153598766,5.708009950314121,0.16129032258064516,0.37561050890464676,2.32878515520881
frame_012,frame_013,12,13,5,1,False,False,571,"gas pump, gasoline pump, petrol pump, island dispenser",0.8235485851029746,0.19413273280122212,0.8535465002059937,0.14645349979400635,0.012334363612664184,5.743591734294563,0.1774193548387097,0.3816431907331109,2.1510798023138977
frame_012,frame_014,12,14,5,2,False,False,571,"gas pump, gasoline pump, petrol pump, island dispenser",0.7389623007348575,0.3025083732257734,0.7906394004821777,0.20936059951782227,0.013083241828987919,5.753696608483327,0.1975806451612903,0.3917131865625234,1.982548372806241
frame_012,frame_015,12,15,5,3,False,False,571,"gas pump, gasoline pump, petrol pump, island dispenser",0.7894104010144252,0.23646893999217333,0.8257780075073242,0.17422199249267578,0.011436447234657386,5.763193680554479,0.2056451612903226,0.4302646994900872,2.0922675583047377
frame_012,frame_016,12,16,5,4,False,False,571,"gas pump, gasoline pump, petrol pump, island dispenser",0.6606383161862884,0.41454876560897524,0.7372978329658508,0.26270216703414917,0.010068356070425232,5.799974038078112,0.18951612903225806,0.3560951836199617,1.8789703305904362
frame_012,frame_017,12,17,5,5,False,False,571,"gas pump, gasoline pump, petrol pump, island dispenser",0.12841293716674265,2.0525041360515646,0.4941794276237488,0.5058205723762512,0.015307386605908496,5.77116400562912,0.15120967741935484,0.2872993980147078,1.9000066855372673
frame_012,frame_000,12,0,10,-12,False,False,427,"barrel, cask",0.38322732718313235,0.9591269223197074,0.7004343867301941,0.2995656132698059,0.0613646651938712,4.8203548902009645,0.06465517241379311,0.34932393364398656,5.402876840360325
frame_012,frame_001,12,1,10,-11,False,False,690,oxcart,0.5705818530927173,0.5610986439108583,0.7628535032272339,0.2371464967727661,0.05967826337439395,4.936474310167626,0.0603448275862069,0.2885943076782815,4.7824199558115215
frame_012,frame_002,12,2,10,-10,False,False,703,park bench,0.34485230782604126,1.064639046866707,0.703119695186615,0.296880304813385,0.0413337827861076,4.986158576338553,0.0668103448275862,0.3252884440342276,4.868833484899406
frame_012,frame_003,12,3,10,-9,False,False,703,park bench,0.7159531503737359,0.3341405466012033,0.8343991041183472,0.16560089588165283,0.030843170784531644,5.116857948487873,0.0668103448275862,0.33640089617100505,5.035161800753108
frame_012,frame_004,12,4,10,-8,True,False,416,"balance beam, beam",0.7864446442698048,0.24023294132591544,0.8726201057434082,0.1273798942565918,0.04407633847700242,4.925257350354659,0.0603448275862069,0.31559524115847964,5.229863996340519
frame_012,frame_005,12,5,10,-7,False,False,703,park bench,0.33452067883707987,1.095056581183893,0.6874179840087891,0.31258201599121094,0.06897990356231902,4.959580254601319,0.07327586206896551,0.3209371164890325,4.379847707379738
frame_012,frame_006,12,6,10,-6,False,False,690,oxcart,0.5149142476405989,0.6637549016183664,0.7682139873504639,0.23178601264953613,0.03275974088797758,4.924737296533806,0.07758620689655173,0.3925028324305218,5.05892539577117
frame_012,frame_007,12,7,10,-5,False,False,690,oxcart,0.7378373705961049,0.30403184371153724,0.8676667213439941,0.13233327865600586,0.0308270905940228,4.907230024870097,0.0668103448275862,0.35009403903804026,5.240117229472603
frame_012,frame_008,12,8,10,-4,False,False,690,oxcart,0.1858635430700305,1.6827425139224588,0.5831934213638306,0.41680657863616943,0.04336618258062203,4.838147836830023,0.05603448275862069,0.3098049482898237,5.52882676947993
frame_012,frame_009,12,9,10,-3,False,False,571,"gas pump, gasoline pump, petrol pump, island dispenser",0.4677272608681809,0.7598699288670732,0.7597182989120483,0.24028170108795166,0.04739086199028383,5.131739643361191,0.16733870967741934,0.527439513913675,3.1519276976046124
frame_012,frame_010,12,10,10,-2,False,False,571,"gas pump, gasoline pump, petrol pump, island dispenser",0.4103955179775421,0.8906339062925666,0.7119751572608948,0.2880248427391052,0.04401454791953332,5.171515489495249,0.16532258064516128,0.4886104318712769,2.9554972464408946
frame_012,frame_011,12,11,10,-1,False,False,571,"gas pump, gasoline pump, petrol pump, island dispenser",0.4650556133112255,0.7655982820273488,0.7817730903625488,0.21822690963745117,0.04073028567541844,5.118503575420443,0.16129032258064516,0.5138934726225195,3.186139530259621
frame_012,frame_013,12,13,10,1,False,False,571,"gas pump, gasoline pump, petrol pump, island dispenser",0.35587518308563515,1.0331752189179346,0.6717969179153442,0.32820308208465576,0.03731992452532787,5.156970496630145,0.1774193548387097,0.4689189274452584,2.6429975910550927
frame_012,frame_014,12,14,10,2,False,False,671,"mountain bike, all-terrain bike, off-roader",0.2583196815496058,1.3535573853077076,0.6266677379608154,0.37333226203918457,0.04673118116894123,5.217197765244208,0.1975806451612903,0.4601296935905744,2.328819673682907
frame_012,frame_015,12,15,10,3,False,False,571,"gas pump, gasoline pump, petrol pump, island dispenser",0.3615946077990574,1.0172315626354305,0.6987488269805908,0.3012511730194092,0.06976628976796219,5.20511105486759,0.2056451612903226,0.5829388223761546,2.8346829009663987
frame_012,frame_016,12,16,10,4,False,False,571,"gas pump, gasoline pump, petrol pump, island dispenser",0.33582773207839417,1.091156952643256,0.6314173340797424,0.36858266592025757,0.03172859927926713,5.345886285486456,0.18951612903225806,0.44897990638139446,2.369085463459273
frame_012,frame_017,12,17,10,5,False,True,424,barbershop,0.1796729857611138,1.716616826147606,0.5710132122039795,0.4289867877960205,0.06717352613347491,5.234180410553832,0.15120967741935484,0.43742523975000364,2.892838918880024
frame_012,frame_000,12,0,20,-12,False,False,427,"barrel, cask",0.8040723091848628,0.2180660770501489,0.8484165668487549,0.15158343315124512,0.029523655381719655,5.303662861114239,0.06465517241379311,0.180524586349494,2.792113602205507
frame_012,frame_001,12,1,20,-11,True,False,427,"barrel, cask",0.868025322433685,0.1415343914366226,0.8901189565658569,0.10988104343414307,0.019894210536891426,5.39448871711657,0.0603448275862069,0.15813749181202316,2.6205641500278123
frame_012,frame_002,12,2,20,-10,False,False,427,"barrel, cask",0.48652006384808616,0.7204771369976624,0.6372848749160767,0.36271512508392334,0.028092453382363918,5.444218092222694,0.0668103448275862,0.16837575874442584,2.520204905077858
frame_012,frame_003,12,3,20,-9,False,False,703,park bench,0.16685469120221197,1.7906319578946515,0.531470537185669,0.46852946281433105,0.019924303657038726,5.448907836072665,0.0668103448275862,0.17685669633758566,2.647145390343218
frame_012,frame_004,12,4,20,-8,False,False,830,stretcher,0.3224443622862184,1.1318246776723377,0.5783536434173584,0.4216463565826416,0.023318616496856043,5.354151916753185,0.0603448275862069,0.16634873978150228,2.7566362592363234
frame_012,frame_005,12,5,20,-7,False,False,830,stretcher,0.24072281006409288,1.424109173148835,0.5384107828140259,0.4615892171859741,0.02003065916964591,5.379579467039331,0.07327586206896551,0.17640466861477688,2.407404889331073
frame_012,frame_006,12,6,20,-6,False,False,690,oxcart,0.32388002173021757,1.1273821350708035,0.6254361271858215,0.37456387281417847,0.026962218260533195,5.340372851900828,0.07758620689655173,0.21599565073310875,2.7839439427822903
frame_012,frame_007,12,7,20,-5,False,False,690,oxcart,0.6036107049566009,0.5048258170624744,0.7296586036682129,0.2703413963317871,0.026531347878567733,5.289071818962597,0.0668103448275862,0.19148775966203044,2.86613937042523
frame_012,frame_008,12,8,20,-4,False,False,267,standard poodle,0.20806988794185663,1.5698812559956195,0.5372709035873413,0.4627290964126587,0.027843313017087853,5.295783839665221,0.05603448275862069,0.15755928047618428,2.8118271592672888
frame_012,frame_009,12,9,20,-3,False,False,671,"mountain bike, all-terrain bike, off-roader",0.5169294840091896,0.659848808342657,0.7881772518157959,0.2118227481842041,0.042592566994021766,5.648997831491913,0.16733870967741934,0.36130769598946677,2.159139966394886
frame_012,frame_010,12,10,20,-2,False,False,671,"mountain bike, all-terrain bike, off-roader",0.5334577143699544,0.6283754721689707,0.7815133929252625,0.21848660707473755,0.04345085543064725,5.675401601021926,0.16532258064516128,0.3167524258993687,1.915965893244962
frame_012,frame_011,12,11,20,-1,False,False,671,"mountain bike, all-terrain bike, off-roader",0.3593353280251907,1.0234992651061994,0.7744160890579224,0.22558391094207764,0.02784260912894659,5.695834028072015,0.16129032258064516,0.3333867368320704,2.0669977683588363
frame_012,frame_013,12,13,20,1,False,False,671,"mountain bike, all-terrain bike, off-roader",0.6804922944416909,0.38493878033210915,0.820449948310852,0.17955005168914795,0.03557087112763252,5.723117588523027,0.1774193548387097,0.34017803386180734,1.9173670999483685
frame_012,frame_014,12,14,20,2,False,False,671,"mountain bike, all-terrain bike, off-roader",0.8361818751542612,0.1789091355466037,0.8835219740867615,0.11647802591323853,0.022636341039431226,5.7562769481539044,0.1975806451612903,0.3523924641185603,1.7835373694163867
frame_012,frame_015,12,15,20,3,False,False,671,"mountain bike, all-terrain bike, off-roader",0.7605211335290226,0.2737513786760988,0.8486178517341614,0.15138214826583862,0.018680617028534772,5.734450008947312,0.2056451612903226,0.3839350943033949,1.8669784977890573
frame_012,frame_016,12,16,20,4,False,False,671,"mountain bike, all-terrain bike, off-roader",0.5113392531473875,0.6707220085787422,0.743193507194519,0.25680649280548096,0.018130315516260133,5.7479545719475995,0.18951612903225806,0.33915067013591355,1.7895609828448205
frame_012,frame_017,12,17,20,5,False,True,461,"breastplate, aegis, egis",0.11617835471353728,2.1526287280472283,0.49821799993515015,0.5017820000648499,0.019873203654341073,5.698715577997463,0.15120967741935484,0.31141110131815036,2.0594654167173676
frame_012,frame_000,12,0,30,-12,False,False,427,"barrel, cask",0.7838662424572405,0.2435168822977818,0.8600332140922546,0.13996678590774536,0.032442477049965945,5.264330697967077,0.06465517241379311,0.06523400996402903,1.008952687443649
frame_012,frame_001,12,1,30,-11,True,False,427,"barrel, cask",0.9501699689515151,0.05111439570506876,0.9550513029098511,0.044948697090148926,0.03198206802047423,5.322701577745234,0.0603448275862069,0.061186779004020135,1.013952337780905
frame_012,frame_002,12,2,30,-10,False,False,427,"barrel, cask",0.4682223465247182,0.7588119964766911,0.6730970144271851,0.32690298557281494,0.03087587273322632,5.343564271571771,0.0668103448275862,0.05597329537141477,0.8377938403979502
frame_012,frame_003,12,3,30,-9,False,False,703,park bench,0.6101297486027049,0.49408364180539177,0.7296810746192932,0.2703189253807068,0.04477331015063614,5.32022656915774,0.0668103448275862,0.06187047061606247,0.926061237608161
frame_012,frame_004,12,4,30,-8,False,False,703,park bench,0.5872315695098212,0.532336040337793,0.7499090433120728,0.25009095668792725,0.03747981828055828,5.2661054256874795,0.0603448275862069,0.05031099976801721,0.8337251390128565
frame_012,frame_005,12,5,30,-7,False,False,176,"Saluki, gazelle hound",0.24131249009161823,1.4216625460180579,0.6165996789932251,0.3834003210067749,0.03485424111213094,5.172360050137594,0.07327586206896551,0.060008988569127245,0.8189461969433837
frame_012,frame_006,12,6,30,-6,False,False,176,"Saluki, gazelle hound",0.5489991189545718,0.5996584422925249,0.7528809309005737,0.24711906909942627,0.05622443187595723,5.210687189567826,0.07758620689655173,0.10434240562984595,1.3448576725624588
frame_012,frame_007,12,7,30,-5,False,False,690,oxcart,0.44067465708484543,0.8194484148352803,0.7434937953948975,0.25650620460510254,0.060424338914872616,5.226125330705939,0.0668103448275862,0.07543558561080088,1.129100378174568
frame_012,frame_008,12,8,30,-4,False,False,222,kuvasz,0.1429402076461117,1.945328864511132,0.5516124963760376,0.4483875036239624,0.05360147336511892,5.207642676277841,0.05603448275862069,0.06486607309449255,1.1576099198401748
frame_012,frame_009,12,9,30,-3,False,False,571,"gas pump, gasoline pump, petrol pump, island dispenser",0.6345850691844325,0.45478392802594403,0.8311722278594971,0.16882777214050293,0.013678372975990187,5.851124083550763,0.16733870967741934,0.15369061943934362,0.9184403282158367
frame_012,frame_010,12,10,30,-2,False,False,571,"gas pump, gasoline pump, petrol pump, island dispenser",0.562530125663573,0.5753105896024318,0.8046342134475708,0.1953657865524292,0.013197291785309572,5.862660301177632,0.16532258064516128,0.14529146056297534,0.8788361516979972
frame_012,frame_011,12,11,30,-1,False,False,571,"gas pump, gasoline pump, petrol pump, island dispenser",0.6864937916189195,0.3761580973417056,0.8457199931144714,0.15428000688552856,0.013054622061670972,5.854260611527738,0.16129032258064516,0.13608362447282274,0.843718471731501
frame_012,frame_013,12,13,30,1,False,False,671,"mountain bike, all-terrain bike, off-roader",0.35644565131189215,1.0315735014876117,0.767928957939148,0.23207104206085205,0.02011697364491763,5.83355648020581,0.1774193548387097,0.14191486061677006,0.7998837598399766
frame_012,frame_014,12,14,30,2,False,False,671,"mountain bike, all-terrain bike, off-roader",0.5828282025196964,0.5398628144117077,0.7884597778320312,0.21154022216796875,0.019784117553112008,5.826430255539551,0.1975806451612903,0.16624525815901983,0.8414045719068759
frame_012,frame_015,12,15,30,3,False,False,571,"gas pump, gasoline pump, petrol pump, island dispenser",0.5510674699935721,0.5958980272465433,0.8316784501075745,0.16832154989242554,0.018411141465353588,5.828277759541324,0.2056451612903226,0.2048222241090118,0.9959982662555867
frame_012,frame_016,12,16,30,4,False,False,571,"gas pump, gasoline pump, petrol pump, island dispenser",0.48511334441438153,0.7233727155247367,0.7484867572784424,0.2515132427215576,0.01525583406821241,5.823751387092847,0.18951612903225806,0.15249494830439872,0.8046541953083166
frame_012,frame_017,12,17,30,5,False,True,634,"lumbermill, sawmill",0.11120424460089627,2.196386727022775,0.5297422409057617,0.4702577590942383,0.01834723757032342,5.826624462671412,0.15120967741935484,0.1191858550287887,0.7882157879237226
frame_012,frame_000,12,0,40,-12,False,False,427,"barrel, cask",0.863487600759869,0.14677574078064293,0.9134289026260376,0.0865710973739624,0.08679590200803199,4.0341734690573015,0.06465517241379311,0.6688438123327031,10.344784297412474
frame_012,frame_001,12,1,40,-11,True,False,427,"barrel, cask",0.9618308013492145,0.03891672595888751,0.9681369066238403,0.03186309337615967,0.08550387477662741,4.07139051452107,0.0603448275862069,0.5894884184418967,9.768665219894288
frame_012,frame_002,12,2,40,-10,False,False,427,"barrel, cask",0.7010252038733312,0.35521143842365266,0.7950271368026733,0.20497286319732666,0.0645475688136954,4.136049981509267,0.0668103448275862,0.6336592417993965,9.484448006287742
frame_012,frame_003,12,3,40,-9,False,False,703,park bench,0.6030923609431394,0.5056849249242017,0.7996759414672852,0.20032405853271484,0.045158781684703615,4.2818647485246935,0.0668103448275862,0.5963372971221902,8.925822769828912
frame_012,frame_004,12,4,40,-8,False,False,703,park bench,0.7760661143030261,0.2535175635840279,0.8337574601173401,0.1662425398826599,0.07189459364794758,4.237023173804035,0.0603448275862069,0.5810042395852417,9.628070255984005
frame_012,frame_005,12,5,40,-7,False,False,703,park bench,0.3753318199231409,0.9799447911350967,0.7043607234954834,0.2956392765045166,0.0553441535840816,4.23767533656378,0.07327586206896551,0.5715601082729473,7.800114418783752
frame_012,frame_006,12,6,40,-6,False,False,690,oxcart,0.37864694573165647,0.9711510496593627,0.6845386028289795,0.3154613971710205,0.04436670922172114,4.252445090010772,0.07758620689655173,0.6590974354306242,8.495033612216933
frame_012,frame_007,12,7,40,-5,False,False,690,oxcart,0.7344646104573682,0.30861346634332465,0.820521354675293,0.17947864532470703,0.08101949028005083,4.14313737724248,0.0668103448275862,0.6594699364679618,9.870775823262397
frame_012,frame_008,12,8,40,-4,False,False,222,kuvasz,0.44056485511993654,0.8196976137510266,0.6575150489807129,0.3424849510192871,0.08934609622055474,4.069247181039816,0.05603448275862069,0.6375645696473115,11.378075396782789
frame_012,frame_009,12,9,40,-3,False,False,571,"gas pump, gasoline pump, petrol pump, island dispenser",0.7988403630742438,0.22459414907979536,0.8685666918754578,0.13143330812454224,0.057932727389640726,4.772820957489095,0.16733870967741934,0.5969806177512497,3.5674986313809622
frame_012,frame_010,12,10,40,-2,False,False,571,"gas pump, gasoline pump, petrol pump, island dispenser",0.6523561264960704,0.42716465988952246,0.8008508086204529,0.19914919137954712,0.05552130672587414,4.870849379480526,0.16532258064516128,0.5779877391188967,3.4961209585728388
frame_012,frame_011,12,11,40,-1,False,False,571,"gas pump, gasoline pump, petrol pump, island dispenser",0.7208918042204958,0.3272662164522986,0.8325523734092712,0.16744762659072876,0.04397087946010952,4.830365746890262,0.16129032258064516,0.6194525613820993,3.8406058805690155
frame_012,frame_013,12,13,40,1,False,False,571,"gas pump, gasoline pump, petrol pump, island dispenser",0.34856367835772056,1.0539343442170408,0.7257752418518066,0.27422475814819336,0.08442617937059164,4.663354368455195,0.1774193548387097,0.6137208013860735,3.4591536078124143
frame_012,frame_014,12,14,40,2,False,False,671,"mountain bike, all-terrain bike, off-roader",0.3190115046347506,1.1425281121618691,0.7346013188362122,0.26539868116378784,0.04671155963989109,4.909085147124157,0.1975806451612903,0.5571634452379569,2.8199292738574147
frame_012,frame_015,12,15,40,3,False,False,571,"gas pump, gasoline pump, petrol pump, island dispenser",0.6288486122950898,0.46386473122578,0.8167562484741211,0.1832437515258789,0.04610855881146381,4.943071728938964,0.2056451612903226,0.6189916052035813,3.0099983939311405
frame_012,frame_016,12,16,40,4,False,False,571,"gas pump, gasoline pump, petrol pump, island dispenser",0.44209136257100196,0.8162387156151625,0.7271074056625366,0.2728925943374634,0.027604156962474542,5.176964969601255,0.18951612903225806,0.5072051346858836,2.676316455363811
frame_012,frame_017,12,17,40,5,False,True,461,"breastplate, aegis, egis",0.16663544925208607,1.7919467912592149,0.5694838762283325,0.4305161237716675,0.04678539928591585,5.06860448043939,0.15120967741935484,0.49774446366401964,3.2917500530313832
frame_012,frame_000,12,0,50,-12,False,False,427,"barrel, cask",0.6244497692334475,0.47088438622480067,0.8539811372756958,0.1460188627243042,0.08062330498092653,4.356312182761107,0.06465517241379311,0.4341058209442527,6.714170030604442
frame_012,frame_001,12,1,50,-11,True,False,427,"barrel, cask",0.9100367822350667,0.09427026024957423,0.9392679333686829,0.06073206663131714,0.0480891012687142,4.5667223539496575,0.0603448275862069,0.38354219240424825,6.3558420455561135
frame_012,frame_002,12,2,50,-10,False,False,427,"barrel, cask",0.3712833163615178,0.9907898518505887,0.7068184614181519,0.29318153858184814,0.07193130660776464,4.507799416865359,0.0668103448275862,0.4260040260301257,6.376318325096076
frame_012,frame_003,12,3,50,-9,False,False,703,park bench,0.7416860636220446,0.29882922019363267,0.8166495561599731,0.18335044384002686,0.06719961924086504,4.572777808473113,0.0668103448275862,0.40470615304421176,6.057537258468202
frame_012,frame_004,12,4,50,-8,False,False,703,park bench,0.8383050804104621,0.1763731869839562,0.8759288191795349,0.12407118082046509,0.06687168626867969,4.3808947275956704,0.0603448275862069,0.3616292969399014,5.992714063575509
frame_012,frame_005,12,5,50,-7,False,False,703,park bench,0.44425318025909044,0.8113606532581086,0.7431313991546631,0.2568686008453369,0.11760442620617956,4.389274607786062,0.07327586206896551,0.4140938467802287,5.651163085471357
frame_012,frame_006,12,6,50,-6,False,False,690,oxcart,0.4549769553539817,0.7875085088874849,0.7062128782272339,0.2937871217727661,0.07992642356429193,4.389306204138852,0.07758620689655173,0.5250595034432715,6.767433599935498
frame_012,frame_007,12,7,50,-5,False,False,690,oxcart,0.7337103618181345,0.3096409306712564,0.8394277691841125,0.16057223081588745,0.06352545979393574,4.354918501249077,0.0668103448275862,0.4327137246493171,6.476747362493005
frame_012,frame_008,12,8,50,-4,False,False,222,kuvasz,0.4627544616650272,0.770558685943401,0.7027443051338196,0.2972556948661804,0.06537099080618118,4.293877289158982,0.05603448275862069,0.3813192454280373,6.80508191840805
frame_012,frame_009,12,9,50,-3,False,False,571,"gas pump, gasoline pump, petrol pump, island dispenser",0.5667037539206402,0.567918591652325,0.8340975046157837,0.1659024953842163,0.035840206043046156,4.8774642622497035,0.16733870967741934,0.5063100135996272,3.0256598403062065
frame_012,frame_010,12,10,50,-2,False,False,571,"gas pump, gasoline pump, petrol pump, island dispenser",0.36612791650554793,1.004772507992159,0.7771263122558594,0.22287368774414062,0.03801097680323736,4.947546575397116,0.16532258064516128,0.4719172559182864,2.854523889456952
frame_012,frame_011,12,11,50,-1,False,False,870,"tricycle, trike, velocipede",0.45329033279887027,0.7912224475392247,0.8291758298873901,0.17082417011260986,0.043798707504945036,4.86948801802065,0.16129032258064516,0.47322120678532575,2.93397148206902
frame_012,frame_013,12,13,50,1,False,False,870,"tricycle, trike, velocipede",0.6549225958156184,0.4232382246573212,0.8402763605117798,0.15972363948822021,0.0360852069172611,4.900185174248479,0.1774193548387097,0.43040039002936215,2.425893107438223
frame_012,frame_014,12,14,50,2,False,False,671,"mountain bike, all-terrain bike, off-roader",0.6560895089594831,0.42145805276145865,0.8247038722038269,0.1752961277961731,0.06491583481743533,4.8800119853363615,0.1975806451612903,0.42210773153864367,2.1363819881955846
frame_012,frame_015,12,15,50,3,False,False,671,"mountain bike, all-terrain bike, off-roader",0.5004336253818422,0.692280305640919,0.7848491668701172,0.2151508331298828,0.05379269261636356,4.939181815429102,0.2056451612903226,0.579989454338695,2.8203408759999284
frame_012,frame_016,12,16,50,4,False,False,571,"gas pump, gasoline pump, petrol pump, island dispenser",0.37157312957982935,0.9900095847219972,0.7360782027244568,0.2639217972755432,0.037042662592348966,5.081877008883225,0.18951612903225806,0.3525510167968755,1.8602691950133006
frame_012,frame_017,12,17,50,5,False,True,538,dome,0.3256171622835201,1.1220329365268893,0.6078534126281738,0.39214658737182617,0.0671791452868254,5.010640043411415,0.15120967741935484,0.3112714452597762,2.0585418246513196
frame_013,frame_000,13,0,5,-13,False,False,456,bow,0.49758380254780743,0.6979912892368723,0.6538925170898438,0.34610748291015625,0.03507017033464639,5.062677292244025,0.06465517241379311,0.46092340323630104,7.128948636721455
frame_013,frame_001,13,1,5,-12,False,False,456,bow,0.3960163754630391,0.9262997164032427,0.6408478617668152,0.3591521382331848,0.03706514371371909,5.120595594296475,0.0603448275862069,0.4254504868090665,7.050322352835959
frame_013,frame_002,13,2,5,-11,False,False,416,"balance beam, beam",0.1270580964859437,2.0631108444778827,0.5057896375656128,0.4942103624343872,0.03169816319179247,5.128999441512524,0.0668103448275862,0.4500313746238199,6.735953478240402
frame_013,frame_003,13,3,5,-10,False,False,416,"balance beam, beam",0.24670547097511758,1.399560079060711,0.5800842046737671,0.4199157953262329,0.025196893691859883,5.229458646806323,0.0668103448275862,0.40963934326704965,6.131375976642292
frame_013,frame_004,13,4,5,-9,False,False,416,"balance beam, beam",0.3519510162889743,1.0442632713374098,0.6631804704666138,0.33681952953338623,0.03529568392197614,5.181190537567527,0.0603448275862069,0.3918546125052979,6.493590721516365
frame_013,frame_005,13,5,5,-8,False,False,416,"balance beam, beam",0.19867655224640204,1.6160771421933258,0.5442174077033997,0.45578259229660034,0.02483741383495558,5.121639863228044,0.07327586206896551,0.4393278852680684,5.99553349307011
frame_013,frame_006,13,6,5,-7,False,True,345,ox,0.15027276769700426,1.8953031849534416,0.48555344343185425,0.5144465565681458,0.028059046509899682,5.060228316912729,0.07758620689655173,0.5012959926910379,6.461148350240044
frame_013,frame_007,13,7,5,-6,False,False,416,"balance beam, beam",0.19257299226743255,1.647280016515059,0.5679571628570557,0.43204283714294434,0.03543420084735219,5.061612731871907,0.0668103448275862,0.439552091923671,6.579102279115593
frame_013,frame_008,13,8,5,-5,False,False,981,"ballplayer, baseball player",0.2223945522023052,1.5033022123989612,0.5336836576461792,0.4663163423538208,0.027253865951920926,5.100977688960164,0.05603448275862069,0.3769230347873771,6.7266264669747295
frame_013,frame_009,13,9,5,-4,True,False,571,"gas pump, gasoline pump, petrol pump, island dispenser",0.9513222780180682,0.04990239054496648,0.9520183205604553,0.04798167943954468,0.014403874962109849,5.682316068293178,0.16733870967741934,0.3900222889756147,2.330735606408493
frame_013,frame_010,13,10,5,-3,False,False,571,"gas pump, gasoline pump, petrol pump, island dispenser",0.9424442748052307,0.05927848628300225,0.9427655339241028,0.05723446607589722,0.011919871851257542,5.700024612435355,0.16532258064516128,0.3933375116684932,2.379212265702105
frame_013,frame_011,13,11,5,-2,False,False,571,"gas pump, gasoline pump, petrol pump, island dispenser",0.8796966224413675,0.12817817817458987,0.898993730545044,0.10100626945495605,0.01540419067265732,5.678700384016258,0.16129032258064516,0.3846935456170931,2.3850999828259773
frame_013,frame_012,13,12,5,-1,False,False,571,"gas pump, gasoline pump, petrol pump, island dispenser",0.8433070265995993,0.17042418017063188,0.8798789381980896,0.1201210618019104,0.0123683607453633,5.713486438931332,0.1592741935483871,0.38099707536118066,2.3920829035334887
frame_013,frame_014,13,14,5,1,False,False,571,"gas pump, gasoline pump, petrol pump, island dispenser",0.7389623007348575,0.3025083732257734,0.7906394004821777,0.20936059951782227,0.014000559513492269,5.728873591932831,0.1975806451612903,0.3984218423552456,2.0165023857979776
frame_013,frame_015,13,15,5,2,False,False,571,"gas pump, gasoline pump, petrol pump, island dispenser",0.7894104010144252,0.23646893999217333,0.8257780075073242,0.17422199249267578,0.012866312610074761,5.737770650160907,0.2056451612903226,0.4387431505418056,2.133496104595447
frame_013,frame_016,13,16,5,3,False,False,571,"gas pump, gasoline pump, petrol pump, island dispenser",0.6606383161862884,0.41454876560897524,0.7372978329658508,0.26270216703414917,0.010449526922401925,5.782986306732399,0.18951612903225806,0.36212315422685226,1.9107774946438163
frame_013,frame_017,13,17,5,4,False,False,571,"gas pump, gasoline pump, petrol pump, island dispenser",0.12841293716674265,2.0525041360515646,0.4941794276237488,0.5058205723762512,0.016084968916165118,5.753155436887495,0.15120967741935484,0.29506727062381594,1.9513782163921694
frame_013,frame_000,13,0,10,-13,False,False,427,"barrel, cask",0.38322732718313235,0.9591269223197074,0.7004343867301941,0.2995656132698059,0.06393815625875916,4.8255037203724225,0.06465517241379311,0.3480333585279306,5.382915945231993
frame_013,frame_001,13,1,10,-12,False,False,690,oxcart,0.5705818530927173,0.5610986439108583,0.7628535032272339,0.2371464967727661,0.0655585826265201,4.94829070128387,0.0603448275862069,0.28613957658894235,4.741741554902473
frame_013,frame_002,13,2,10,-11,False,False,703,park bench,0.34485230782604126,1.064639046866707,0.703119695186615,0.296880304813385,0.0425580999161432,4.9991326070059365,0.0668103448275862,0.3213259817831696,4.809524372496475
frame_013,frame_003,13,3,10,-10,False,False,703,park bench,0.7159531503737359,0.3341405466012033,0.8343991041183472,0.16560089588165283,0.03228910671107776,5.137444207106169,0.0668103448275862,0.33444535066169684,5.005891700226688
frame_013,frame_004,13,4,10,-9,True,False,416,"balance beam, beam",0.7864446442698048,0.24023294132591544,0.8726201057434082,0.1273798942565918,0.044958796710506156,4.9454656031965465,0.0603448275862069,0.31176053201149384,5.16631738761904
frame_013,frame_005,13,5,10,-8,False,False,703,park bench,0.33452067883707987,1.095056581183893,0.6874179840087891,0.31258201599121094,0.06645118285277968,4.9933756502281295,0.07327586206896551,0.31581865137316834,4.309995712857356
frame_013,frame_006,13,6,10,-7,False,False,690,oxcart,0.5149142476405989,0.6637549016183664,0.7682139873504639,0.23178601264953613,0.03653138886786873,4.956858709359166,0.07758620689655173,0.39112591827359755,5.041178502193035
frame_013,frame_007,13,7,10,-6,False,False,690,oxcart,0.7378373705961049,0.30403184371153724,0.8676667213439941,0.13233327865600586,0.031180641650444704,4.945791225551265,0.0668103448275862,0.3445094364087274,5.156528338504823
frame_013,frame_008,13,8,10,-5,False,False,690,oxcart,0.1858635430700305,1.6827425139224588,0.5831934213638306,0.41680657863616943,0.04029445700822384,4.880834172031982,0.05603448275862069,0.3060823905660447,5.462393431640182
frame_013,frame_009,13,9,10,-4,False,False,571,"gas pump, gasoline pump, petrol pump, island dispenser",0.4677272608681809,0.7598699288670732,0.7597182989120483,0.24028170108795166,0.05307768260215539,5.105843827202731,0.16733870967741934,0.5336422792150759,3.1889948251888875
frame_013,frame_010,13,10,10,-3,False,False,571,"gas pump, gasoline pump, petrol pump, island dispenser",0.4103955179775421,0.8906339062925666,0.7119751572608948,0.2880248427391052,0.04994478824093818,5.147616365752167,0.16532258064516128,0.48855581490316236,2.9551668803898603
frame_013,frame_011,13,11,10,-2,False,False,571,"gas pump, gasoline pump, petrol pump, island dispenser",0.4650556133112255,0.7655982820273488,0.7817730903625488,0.21822690963745117,0.040143296497181256,5.099719214953212,0.16129032258064516,0.5215068320277911,3.233342358572305
frame_013,frame_012,13,12,10,-1,False,False,571,"gas pump, gasoline pump, petrol pump, island dispenser",0.42141518860876254,0.8641367350514266,0.7413735389709473,0.25862646102905273,0.04082525143258557,5.0918200403444605,0.1592741935483871,0.514894258155908,3.232753823358612
frame_013,frame_014,13,14,10,1,False,False,671,"mountain bike, all-terrain bike, off-roader",0.2583196815496058,1.3535573853077076,0.6266677379608154,0.37333226203918457,0.04705155610667087,5.202553658195745,0.1975806451612903,0.46132238869833214,2.3348561713711504
frame_013,frame_015,13,15,10,2,False,False,571,"gas pump, gasoline pump, petrol pump, island dispenser",0.3615946077990574,1.0172315626354305,0.6987488269805908,0.3012511730194092,0.06962053377529351,5.195039107076591,0.2056451612903226,0.5862749041637182,2.8509054163255314
frame_013,frame_016,13,16,10,3,False,False,571,"gas pump, gasoline pump, petrol pump, island dispenser",0.33582773207839417,1.091156952643256,0.6314173340797424,0.36858266592025757,0.029630921734953058,5.3495869833658976,0.18951612903225806,0.4512366981725191,2.380993641420952
frame_013,frame_017,13,17,10,4,False,True,424,barbershop,0.1796729857611138,1.716616826147606,0.5710132122039795,0.4289867877960205,0.06312715230706097,5.231489090788328,0.15120967741935484,0.4478364757864331,2.961691893200944
frame_013,frame_000,13,0,20,-13,False,False,427,"barrel, cask",0.8040723091848628,0.2180660770501489,0.8484165668487549,0.15158343315124512,0.030926352671874355,5.370993973221437,0.06465517241379311,0.17492726582828352,2.705541711477452
frame_013,frame_001,13,1,20,-12,True,False,427,"barrel, cask",0.868025322433685,0.1415343914366226,0.8901189565658569,0.10988104343414307,0.01668121861892214,5.463296938991887,0.0603448275862069,0.1565978059070889,2.595049355031759
frame_013,frame_002,13,2,20,-11,False,False,427,"barrel, cask",0.48652006384808616,0.7204771369976624,0.6372848749160767,0.36271512508392334,0.019926501516929408,5.5122460360043215,0.0668103448275862,0.16498453805829075,2.4694459890015135
frame_013,frame_003,13,3,20,-10,False,False,703,park bench,0.16685469120221197,1.7906319578946515,0.531470537185669,0.46852946281433105,0.016120692738214253,5.505252283454418,0.0668103448275862,0.1664751656417418,2.4917573179925228
frame_013,frame_004,13,4,20,-9,False,False,830,stretcher,0.3224443622862184,1.1318246776723377,0.5783536434173584,0.4216463565826416,0.025127408970904697,5.417421963191628,0.0603448275862069,0.15292604722994146,2.534203068381887
frame_013,frame_005,13,5,20,-8,False,False,830,stretcher,0.24072281006409288,1.424109173148835,0.5384107828140259,0.4615892171859741,0.018430270254293488,5.43874752089423,0.07327586206896551,0.16707583702811968,2.280093775913163
frame_013,frame_006,13,6,20,-7,False,False,690,oxcart,0.32388002173021757,1.1273821350708035,0.6254361271858215,0.37456387281417847,0.023187036114379243,5.399001971889488,0.07758620689655173,0.2068560187075807,2.666144241119929
frame_013,frame_007,13,7,20,-6,False,False,690,oxcart,0.6036107049566009,0.5048258170624744,0.7296586036682129,0.2703413963317871,0.025748569703378233,5.358641299678725,0.0668103448275862,0.1807931856789107,2.706065746935954
frame_013,frame_008,13,8,20,-5,False,False,267,standard poodle,0.20806988794185663,1.5698812559956195,0.5372709035873413,0.4627290964126587,0.02168717616424064,5.375249132779802,0.05603448275862069,0.15205105198084293,2.7135264661196583
frame_013,frame_009,13,9,20,-4,False,False,671,"mountain bike, all-terrain bike, off-roader",0.5169294840091896,0.659848808342657,0.7881772518157959,0.2118227481842041,0.03549716597178619,5.697365128980421,0.16733870967741934,0.3486029581826951,2.08321767781466
frame_013,frame_010,13,10,20,-3,False,False,671,"mountain bike, all-terrain bike, off-roader",0.5334577143699544,0.6283754721689707,0.7815133929252625,0.21848660707473755,0.03587494847196386,5.72253515743059,0.16532258064516128,0.3132795499973626,1.8949592292523398
frame_013,frame_011,13,11,20,-2,False,False,671,"mountain bike, all-terrain bike, off-roader",0.3593353280251907,1.0234992651061994,0.7744160890579224,0.22558391094207764,0.02373626452020579,5.741192486270323,0.16129032258064516,0.3278604998982441,2.0327350993691136
frame_013,frame_012,13,12,20,-1,False,False,671,"mountain bike, all-terrain bike, off-roader",0.808980639355146,0.21198029378584948,0.8865999579429626,0.11340004205703735,0.03305361438482498,5.685846257653586,0.1592741935483871,0.31198001324700136,1.9587605895001605
frame_013,frame_014,13,14,20,1,False,False,671,"mountain bike, all-terrain bike, off-roader",0.8361818751542612,0.1789091355466037,0.8835219740867615,0.11647802591323853,0.01970844178693185,5.788427263272504,0.1975806451612903,0.3487207649637156,1.764954075734724
frame_013,frame_015,13,15,20,2,False,False,671,"mountain bike, all-terrain bike, off-roader",0.7605211335290226,0.2737513786760988,0.8486178517341614,0.15138214826583862,0.016090370793103274,5.7669154276216075,0.2056451612903226,0.3827786525977841,1.8613550165539303
frame_013,frame_016,13,16,20,3,False,False,671,"mountain bike, all-terrain bike, off-roader",0.5113392531473875,0.6707220085787422,0.743193507194519,0.25680649280548096,0.016671955690286774,5.7782835814218725,0.18951612903225806,0.3363843925372648,1.7749644542391847
frame_013,frame_017,13,17,20,4,False,True,461,"breastplate, aegis, egis",0.11617835471353728,2.1526287280472283,0.49821799993515015,0.5017820000648499,0.01864225808677209,5.735368857644065,0.15120967741935484,0.31031756040086844,2.0522334661177433
frame_013,frame_000,13,0,30,-13,False,False,427,"barrel, cask",0.7838662424572405,0.2435168822977818,0.8600332140922546,0.13996678590774536,0.03240116625683684,5.2488208839774515,0.06465517241379311,0.06567089434986215,1.015709832611201
frame_013,frame_001,13,1,30,-12,True,False,427,"barrel, cask",0.9501699689515151,0.05111439570506876,0.9550513029098511,0.044948697090148926,0.03134735677543395,5.313759086206881,0.0603448275862069,0.061483061162668454,1.0188621564099343
frame_013,frame_002,13,2,30,-11,False,False,427,"barrel, cask",0.4682223465247182,0.7588119964766911,0.6730970144271851,0.32690298557281494,0.030015396152986873,5.335400684354678,0.0668103448275862,0.05722201410442382,0.856484340143634
frame_013,frame_003,13,3,30,-10,False,False,703,park bench,0.6101297486027049,0.49408364180539177,0.7296810746192932,0.2703189253807068,0.043878916771292145,5.313065894274967,0.0668103448275862,0.06263535903124919,0.937509890016117
frame_013,frame_004,13,4,30,-9,False,False,703,park bench,0.5872315695098212,0.532336040337793,0.7499090433120728,0.25009095668792725,0.035072598585805505,5.249026563439622,0.0603448275862069,0.049515026941764816,0.8205347321778169
frame_013,frame_005,13,5,30,-8,False,False,176,"Saluki, gazelle hound",0.24131249009161823,1.4216625460180579,0.6165996789932251,0.3834003210067749,0.03659092989700836,5.1498919009760415,0.07327586206896551,0.05897312128723144,0.8048096552139821
frame_013,frame_006,13,6,30,-7,False,False,176,"Saluki, gazelle hound",0.5489991189545718,0.5996584422925249,0.7528809309005737,0.24711906909942627,0.05337537336804482,5.187370319480333,0.07758620689655173,0.10510266702240778,1.3546565971777003
frame_013,frame_007,13,7,30,-6,False,False,690,oxcart,0.44067465708484543,0.8194484148352803,0.7434937953948975,0.25650620460510254,0.05836603861250214,5.199122588658565,0.0668103448275862,0.0744807063023299,1.1148079911058413
frame_013,frame_008,13,8,30,-5,False,False,222,kuvasz,0.1429402076461117,1.945328864511132,0.5516124963760376,0.4483875036239624,0.05074055272841253,5.18860478246248,0.05603448275862069,0.06526605332023926,1.1647480284842697
frame_013,frame_009,13,9,30,-4,False,False,571,"gas pump, gasoline pump, petrol pump, island dispenser",0.6345850691844325,0.45478392802594403,0.8311722278594971,0.16882777214050293,0.01547137098053853,5.832244923679818,0.16733870967741934,0.158852781205313,0.949288909371509
frame_013,frame_010,13,10,30,-3,False,False,571,"gas pump, gasoline pump, petrol pump, island dispenser",0.562530125663573,0.5753105896024318,0.8046342134475708,0.1953657865524292,0.014787822051707903,5.846487431606752,0.16532258064516128,0.14819249228444076,0.8963838557693002
frame_013,frame_011,13,11,30,-2,False,False,571,"gas pump, gasoline pump, petrol pump, island dispenser",0.6864937916189195,0.3761580973417056,0.8457199931144714,0.15428000688552856,0.015202340807530796,5.838549921197292,0.16129032258064516,0.14121893667962546,0.8755574074136778
frame_013,frame_012,13,12,30,-1,False,False,671,"mountain bike, all-terrain bike, off-roader",0.5457436222758353,0.6056059697846639,0.8335968852043152,0.16640311479568481,0.014612767994747889,5.832169311045443,0.1592741935483871,0.14496655572214345,0.9101697675719387
frame_013,frame_014,13,14,30,1,False,False,671,"mountain bike, all-terrain bike, off-roader",0.5828282025196964,0.5398628144117077,0.7884597778320312,0.21154022216796875,0.022365823609253526,5.800911266374253,0.1975806451612903,0.16888262587244016,0.8547528819666359
frame_013,frame_015,13,15,30,2,False,False,571,"gas pump, gasoline pump, petrol pump, island dispenser",0.5510674699935721,0.5958980272465433,0.8316784501075745,0.16832154989242554,0.018401313824495204,5.805485898227191,0.2056451612903226,0.20865523216889562,1.0146372074095316
frame_013,frame_016,13,16,30,3,False,False,571,"gas pump, gasoline pump, petrol pump, island dispenser",0.48511334441438153,0.7233727155247367,0.7484867572784424,0.2515132427215576,0.01690504325725165,5.799881002240166,0.18951612903225806,0.15163652730661836,0.8001246547242842
frame_013,frame_017,13,17,30,4,False,True,634,"lumbermill, sawmill",0.11120424460089627,2.196386727022775,0.5297422409057617,0.4702577590942383,0.022251581845572365,5.799438963444999,0.15120967741935484,0.11918727412780943,0.7882251728985796
frame_013,frame_000,13,0,40,-13,False,False,427,"barrel, cask",0.863487600759869,0.14677574078064293,0.9134289026260376,0.0865710973739624,0.08731026184490033,4.052676720487089,0.06465517241379311,0.6640548946187701,10.270715703436977
frame_013,frame_001,13,1,40,-12,True,False,427,"barrel, cask",0.9618308013492145,0.03891672595888751,0.9681369066238403,0.03186309337615967,0.07954035548246063,4.091518976954365,0.0603448275862069,0.5927461121769135,9.82264985893171
frame_013,frame_002,13,2,40,-11,False,False,427,"barrel, cask",0.7010252038733312,0.35521143842365266,0.7950271368026733,0.20497286319732666,0.061502448886281064,4.1512497376361885,0.0668103448275862,0.6414096773777143,9.600454525911594
frame_013,frame_003,13,3,40,-10,False,False,703,park bench,0.6030923609431394,0.5056849249242017,0.7996759414672852,0.20032405853271484,0.04814115082454123,4.310940980294156,0.0668103448275862,0.5887383126580934,8.81208313139856
frame_013,frame_004,13,4,40,-9,False,False,703,park bench,0.7760661143030261,0.2535175635840279,0.8337574601173401,0.1662425398826599,0.06943242383857165,4.269413927697126,0.0603448275862069,0.5752119377632782,9.532083540077181
frame_013,frame_005,13,5,40,-8,False,False,703,park bench,0.3753318199231409,0.9799447911350967,0.7043607234954834,0.2956392765045166,0.05779706763567118,4.2523681008652785,0.07327586206896551,0.567251217699855,7.74131073566861
frame_013,frame_006,13,6,40,-7,False,False,690,oxcart,0.37864694573165647,0.9711510496593627,0.6845386028289795,0.3154613971710205,0.04251411178970086,4.276028759259777,0.07758620689655173,0.6486060157950458,8.359810870247257
frame_013,frame_007,13,7,40,-6,False,False,690,oxcart,0.7344646104573682,0.30861346634332465,0.820521354675293,0.17947864532470703,0.08161643134497852,4.1687958702669015,0.0668103448275862,0.6529818380467948,9.773663640442349
frame_013,frame_008,13,8,40,-5,False,False,222,kuvasz,0.44056485511993654,0.8196976137510266,0.6575150489807129,0.3424849510192871,0.0880776938314887,4.1160324819485306,0.05603448275862069,0.6301303339107169,11.245402882098949
frame_013,frame_009,13,9,40,-4,False,False,571,"gas pump, gasoline pump, petrol pump, island dispenser",0.7988403630742438,0.22459414907979536,0.8685666918754578,0.13143330812454224,0.057111724540204696,4.794982386186003,0.16733870967741934,0.5936763571258387,3.5477526883664576
frame_013,frame_010,13,10,40,-3,False,False,571,"gas pump, gasoline pump, petrol pump, island dispenser",0.6523561264960704,0.42716465988952246,0.8008508086204529,0.19914919137954712,0.05589975394368643,4.875396633798955,0.16532258064516128,0.5736557608149584,3.469917772734383
frame_013,frame_011,13,11,40,-2,False,False,571,"gas pump, gasoline pump, petrol pump, island dispenser",0.7208918042204958,0.3272662164522986,0.8325523734092712,0.16744762659072876,0.04416883728871811,4.834651654717736,0.16129032258064516,0.6192222620178467,3.8391780245106495
frame_013,frame_012,13,12,40,-1,False,False,571,"gas pump, gasoline pump, petrol pump, island dispenser",0.4970275742283279,0.699109773079817,0.8080443143844604,0.19195568561553955,0.04987596748624566,4.857121377134414,0.1592741935483871,0.6096620575023705,3.8277516521667816
frame_013,frame_014,13,14,40,1,False,False,671,"mountain bike, all-terrain bike, off-roader",0.3190115046347506,1.1425281121618691,0.7346013188362122,0.26539868116378784,0.04181716275428388,4.9421364049815075,0.1975806451612903,0.5564067864208675,2.816099653721942
frame_013,frame_015,13,15,40,2,False,False,571,"gas pump, gasoline pump, petrol pump, island dispenser",0.6288486122950898,0.46386473122578,0.8167562484741211,0.1832437515258789,0.04521141540706063,4.943798294324736,0.2056451612903226,0.6071626047045147,2.9524769797396004
frame_013,frame_016,13,16,40,3,False,False,571,"gas pump, gasoline pump, petrol pump, island dispenser",0.44209136257100196,0.8162387156151625,0.7271074056625366,0.2728925943374634,0.025980053536537928,5.176086150747368,0.18951612903225806,0.508253423345334,2.6818478508434644
frame_013,frame_017,13,17,40,4,False,True,461,"breastplate, aegis, egis",0.16663544925208607,1.7919467912592149,0.5694838762283325,0.4305161237716675,0.04666011364217114,5.084698323779346,0.15120967741935484,0.5026735405674546,3.3243476816194333
frame_013,frame_000,13,0,50,-13,False,False,427,"barrel, cask",0.6244497692334475,0.47088438622480067,0.8539811372756958,0.1460188627243042,0.07367577437858065,4.38780961699768,0.06465517241379311,0.4390145045403584,6.790091003557543
frame_013,frame_001,13,1,50,-12,True,False,427,"barrel, cask",0.9100367822350667,0.09427026024957423,0.9392679333686829,0.06073206663131714,0.04661899779999466,4.625333814502465,0.0603448275862069,0.3921711200248201,6.498835703268447
frame_013,frame_002,13,2,50,-11,False,False,427,"barrel, cask",0.3712833163615178,0.9907898518505887,0.7068184614181519,0.29318153858184814,0.07318238022093276,4.570182645869565,0.0668103448275862,0.43559332481953583,6.519848474718215
frame_013,frame_003,13,3,50,-10,False,False,703,park bench,0.7416860636220446,0.29882922019363267,0.8166495561599731,0.18335044384002686,0.06615757874949992,4.653973182046643,0.0668103448275862,0.39740444292543503,5.948247145722641
frame_013,frame_004,13,4,50,-9,False,False,703,park bench,0.8383050804104621,0.1763731869839562,0.8759288191795349,0.12407118082046509,0.0667954092381388,4.474034719216553,0.0603448275862069,0.35586372640096203,5.897170323215942
frame_013,frame_005,13,5,50,-8,False,False,703,park bench,0.44425318025909044,0.8113606532581086,0.7431313991546631,0.2568686008453369,0.10357612290851415,4.470140896304962,0.07327586206896551,0.40801051960199136,5.568143561627177
frame_013,frame_006,13,6,50,-7,False,False,690,oxcart,0.4549769553539817,0.7875085088874849,0.7062128782272339,0.2937871217727661,0.07295764060356931,4.453187744287151,0.07758620689655173,0.5191421655050584,6.691165688731864
frame_013,frame_007,13,7,50,-6,False,False,690,oxcart,0.7337103618181345,0.3096409306712564,0.8394277691841125,0.16057223081588745,0.061474047241855914,4.4211389959848955,0.0668103448275862,0.42594507174927587,6.375435912634323
frame_013,frame_008,13,8,50,-5,False,False,222,kuvasz,0.4627544616650272,0.770558685943401,0.7027443051338196,0.2972556948661804,0.055654096600432024,4.385169872551669,0.05603448275862069,0.3819207720116309,6.815816854361413
frame_013,frame_009,13,9,50,-4,False,False,571,"gas pump, gasoline pump, petrol pump, island dispenser",0.5667037539206402,0.567918591652325,0.8340975046157837,0.1659024953842163,0.0369220824833674,4.9248878618595935,0.16733870967741934,0.49791629844678875,2.975499807585629
frame_013,frame_010,13,10,50,-3,False,False,571,"gas pump, gasoline pump, petrol pump, island dispenser",0.36612791650554793,1.004772507992159,0.7771263122558594,0.22287368774414062,0.03832610010776772,4.990845365698391,0.16532258064516128,0.4631727404003005,2.801630234616452
frame_013,frame_011,13,11,50,-2,False,False,870,"tricycle, trike, velocipede",0.45329033279887027,0.7912224475392247,0.8291758298873901,0.17082417011260986,0.044506673634144366,4.9174318180644985,0.16129032258064516,0.46639630617682404,2.8916570982963092
frame_013,frame_012,13,12,50,-1,False,False,671,"mountain bike, all-terrain bike, off-roader",0.39534910969388337,0.9279860824118789,0.8169245719909668,0.1830754280090332,0.02945454615997526,4.975243825368598,0.1592741935483871,0.47572899495257354,2.986855461980715
frame_013,frame_014,13,14,50,1,False,False,671,"mountain bike, all-terrain bike, off-roader",0.6560895089594831,0.42145805276145865,0.8247038722038269,0.1752961277961731,0.05882264317491311,4.93127189908927,0.1975806451612903,0.4186451427197829,2.118857048867473
frame_013,frame_015,13,15,50,2,False,False,671,"mountain bike, all-terrain bike, off-roader",0.5004336253818422,0.692280305640919,0.7848491668701172,0.2151508331298828,0.04481333162070458,4.979913719836001,0.2056451612903226,0.5631005444151228,2.738214412057852
frame_013,frame_016,13,16,50,3,False,False,571,"gas pump, gasoline pump, petrol pump, island dispenser",0.37157312957982935,0.9900095847219972,0.7360782027244568,0.2639217972755432,0.03902300442446679,5.109732514964378,0.18951612903225806,0.3501137504941397,1.8474087260116308
frame_013,frame_017,13,17,50,4,False,True,538,dome,0.3256171622835201,1.1220329365268893,0.6078534126281738,0.39214658737182617,0.04425811747580671,5.0856152661251155,0.15120967741935484,0.2968824092177676,1.9633823329601696
frame_014,frame_000,14,0,5,-14,False,False,456,bow,0.49758380254780743,0.6979912892368723,0.6538925170898438,0.34610748291015625,0.0353931815280574,5.096262622073747,0.06465517241379311,0.45247159543196863,6.998227342681115
frame_014,frame_001,14,1,5,-13,False,False,456,bow,0.3960163754630391,0.9262997164032427,0.6408478617668152,0.3591521382331848,0.03743935787473552,5.1486105452880615,0.0603448275862069,0.4158198890238504,6.8907295895380924
frame_014,frame_002,14,2,5,-12,False,False,416,"balance beam, beam",0.1270580964859437,2.0631108444778827,0.5057896375656128,0.4942103624343872,0.03262882288081417,5.16217489803479,0.0668103448275862,0.4403931770784318,6.591691424657818
frame_014,frame_003,14,3,5,-11,False,False,416,"balance beam, beam",0.24670547097511758,1.399560079060711,0.5800842046737671,0.4199157953262329,0.02511880179174986,5.265734845059384,0.0668103448275862,0.39446355060257277,5.904228628373993
frame_014,frame_004,14,4,5,-10,False,False,416,"balance beam, beam",0.3519510162889743,1.0442632713374098,0.6631804704666138,0.33681952953338623,0.03416117691714623,5.223806644411782,0.0603448275862069,0.37549856192406167,6.222547597598736
frame_014,frame_005,14,5,5,-9,False,False,416,"balance beam, beam",0.19867655224640204,1.6160771421933258,0.5442174077033997,0.45578259229660034,0.024338470710360417,5.157231802407116,0.07327586206896551,0.42869793980935844,5.850466002104186
frame_014,frame_006,14,6,5,-8,False,True,345,ox,0.15027276769700426,1.8953031849534416,0.48555344343185425,0.5144465565681458,0.02705078729525441,5.092121596849569,0.07758620689655173,0.49049265440357276,6.3219053234238265
frame_014,frame_007,14,7,5,-7,False,False,416,"balance beam, beam",0.19257299226743255,1.647280016515059,0.5679571628570557,0.43204283714294434,0.03620918809375133,5.096401108429531,0.0668103448275862,0.42667766460557427,6.386401173451176
frame_014,frame_008,14,8,5,-6,False,False,981,"ballplayer, baseball player",0.2223945522023052,1.5033022123989612,0.5336836576461792,0.4663163423538208,0.02685774441725261,5.138103009901412,0.05603448275862069,0.36504552110108845,6.514658530419425
frame_014,frame_009,14,9,5,-5,True,False,571,"gas pump, gasoline pump, petrol pump, island dispenser",0.9513222780180682,0.04990239054496648,0.9520183205604553,0.04798167943954468,0.013250139276164807,5.6871096070439915,0.16733870967741934,0.3767122860120834,2.2511963115902818
frame_014,frame_010,14,10,5,-4,False,False,571,"gas pump, gasoline pump, petrol pump, island dispenser",0.9424442748052307,0.05927848628300225,0.9427655339241028,0.05723446607589722,0.012874257669524835,5.70826082356994,0.16532258064516128,0.37977927380740967,2.297201461078966
frame_014,frame_011,14,11,5,-3,False,False,571,"gas pump, gasoline pump, petrol pump, island dispenser",0.8796966224413675,0.12817817817458987,0.898993730545044,0.10100626945495605,0.015603326358891478,5.683233660878601,0.16129032258064516,0.3722167671716621,2.307743956464305
frame_014,frame_012,14,12,5,-2,False,False,571,"gas pump, gasoline pump, petrol pump, island dispenser",0.8433070265995993,0.17042418017063188,0.8798789381980896,0.1201210618019104,0.013675772550322379,5.7204700390058925,0.1592741935483871,0.36697234094173387,2.304028874773418
frame_014,frame_013,14,13,5,-1,False,False,571,"gas pump, gasoline pump, petrol pump, island dispenser",0.8235485851029746,0.19413273280122212,0.8535465002059937,0.14645349979400635,0.013947929971256146,5.718072935230278,0.1774193548387097,0.377573584536534,2.1281420219331917
frame_014,frame_015,14,15,5,1,False,False,571,"gas pump, gasoline pump, petrol pump, island dispenser",0.7894104010144252,0.23646893999217333,0.8257780075073242,0.17422199249267578,0.013320204620719141,5.751917727843777,0.2056451612903226,0.42099396789244403,2.047186353673061
frame_014,frame_016,14,16,5,2,False,False,571,"gas pump, gasoline pump, petrol pump, island dispenser",0.6606383161862884,0.41454876560897524,0.7372978329658508,0.26270216703414917,0.009634605418600171,5.7940001180150045,0.18951612903225806,0.3446705609708067,1.8186872153353206
frame_014,frame_017,14,17,5,3,False,False,571,"gas pump, gasoline pump, petrol pump, island dispenser",0.12841293716674265,2.0525041360515646,0.4941794276237488,0.5058205723762512,0.014376867802876593,5.764608751901537,0.15120967741935484,0.2754268463528396,1.8214895438801124
frame_014,frame_000,14,0,10,-14,False,False,427,"barrel, cask",0.38322732718313235,0.9591269223197074,0.7004343867301941,0.2995656132698059,0.06666124685371065,4.803081978013587,0.06465517241379311,0.3560646728288482,5.507133606419518
frame_014,frame_001,14,1,10,-13,False,False,690,oxcart,0.5705818530927173,0.5610986439108583,0.7628535032272339,0.2371464967727661,0.07263031059340183,4.916404838380828,0.0603448275862069,0.2882351269978532,4.776467818821567
frame_014,frame_002,14,2,10,-12,False,False,703,park bench,0.34485230782604126,1.064639046866707,0.703119695186615,0.296880304813385,0.045874781955942065,4.9761536375472195,0.0668103448275862,0.3340553716507389,5.000054595030415
frame_014,frame_003,14,3,10,-11,False,False,703,park bench,0.7159531503737359,0.3341405466012033,0.8343991041183472,0.16560089588165283,0.03562091701135689,5.11799584214989,0.0668103448275862,0.34017604949072056,5.091667321409495
frame_014,frame_004,14,4,10,-10,True,False,416,"balance beam, beam",0.7864446442698048,0.24023294132591544,0.8726201057434082,0.1273798942565918,0.04613698293721807,4.914077157181352,0.0603448275862069,0.31564927748994254,5.230759455547619
frame_014,frame_005,14,5,10,-9,False,False,703,park bench,0.33452067883707987,1.095056581183893,0.6874179840087891,0.31258201599121094,0.07088868254379035,4.967389010460615,0.07327586206896551,0.3220748688204236,4.39537468037284
frame_014,frame_006,14,6,10,-8,False,False,690,oxcart,0.5149142476405989,0.6637549016183664,0.7682139873504639,0.23178601264953613,0.03761757955566722,4.954485323395833,0.07758620689655173,0.40329892307426624,5.198075008512765
frame_014,frame_007,14,7,10,-7,False,False,690,oxcart,0.7378373705961049,0.30403184371153724,0.8676667213439941,0.13233327865600586,0.030765170001676535,4.952530749164764,0.0668103448275862,0.34568430824688595,5.174113516985648
frame_014,frame_008,14,8,10,-6,False,False,690,oxcart,0.1858635430700305,1.6827425139224588,0.5831934213638306,0.41680657863616943,0.04056485680603999,4.866312498138586,0.05603448275862069,0.31151587804563663,5.55936028512213
frame_014,frame_009,14,9,10,-5,False,False,571,"gas pump, gasoline pump, petrol pump, island dispenser",0.4677272608681809,0.7598699288670732,0.7597182989120483,0.24028170108795166,0.05783656142632394,5.055994557975531,0.16733870967741934,0.5354635458974081,3.199878539338728
frame_014,frame_010,14,10,10,-4,False,False,571,"gas pump, gasoline pump, petrol pump, island dispenser",0.4103955179775421,0.8906339062925666,0.7119751572608948,0.2880248427391052,0.05508385924702167,5.099499464444386,0.16532258064516128,0.4848071309656686,2.9324919141338004
frame_014,frame_011,14,11,10,-3,False,False,571,"gas pump, gasoline pump, petrol pump, island dispenser",0.4650556133112255,0.7655982820273488,0.7817730903625488,0.21822690963745117,0.04255516445489818,5.047585376406248,0.16129032258064516,0.5234860899389374,3.245613757621412
frame_014,frame_012,14,12,10,-2,False,False,571,"gas pump, gasoline pump, petrol pump, island dispenser",0.42141518860876254,0.8641367350514266,0.7413735389709473,0.25862646102905273,0.03919854352264597,5.054996128234679,0.1592741935483871,0.5100174101836249,3.202134625963012
frame_014,frame_013,14,13,10,-1,False,False,571,"gas pump, gasoline pump, petrol pump, island dispenser",0.35587518308563515,1.0331752189179346,0.6717969179153442,0.32820308208465576,0.0398981348441759,5.087470682158713,0.1774193548387097,0.4732463791600313,2.667388682538358
frame_014,frame_015,14,15,10,1,False,False,571,"gas pump, gasoline pump, petrol pump, island dispenser",0.3615946077990574,1.0172315626354305,0.6987488269805908,0.3012511730194092,0.07753673824074794,5.150259763669302,0.2056451612903226,0.5821455424121968,2.8308253827102905
frame_014,frame_016,14,16,10,2,False,False,571,"gas pump, gasoline pump, petrol pump, island dispenser",0.33582773207839417,1.091156952643256,0.6314173340797424,0.36858266592025757,0.02973218050360856,5.331790201397153,0.18951612903225806,0.43593202465292663,2.3002370662537404
frame_014,frame_017,14,17,10,3,False,True,424,barbershop,0.1796729857611138,1.716616826147606,0.5710132122039795,0.4289867877960205,0.06993468205494185,5.216731526043047,0.15120967741935484,0.4363278219856862,2.885581329398671
frame_014,frame_000,14,0,20,-14,False,False,427,"barrel, cask",0.8040723091848628,0.2180660770501489,0.8484165668487549,0.15158343315124512,0.03303279294183752,5.349562644930898,0.06465517241379311,0.18696197365066736,2.8916785257969884
frame_014,frame_001,14,1,20,-13,True,False,427,"barrel, cask",0.868025322433685,0.1415343914366226,0.8901189565658569,0.10988104343414307,0.017967902079968866,5.435965377943887,0.0603448275862069,0.16849490178969856,2.7922012296578615
frame_014,frame_002,14,2,20,-12,False,False,427,"barrel, cask",0.48652006384808616,0.7204771369976624,0.6372848749160767,0.36271512508392334,0.018909787469667788,5.486895972632061,0.0668103448275862,0.18087970322364624,2.707360719218447
frame_014,frame_003,14,3,20,-11,False,False,703,park bench,0.16685469120221197,1.7906319578946515,0.531470537185669,0.46852946281433105,0.015098562848231268,5.481936809449323,0.0668103448275862,0.17671429047100184,2.645013896082092
frame_014,frame_004,14,4,20,-10,False,False,830,stretcher,0.3224443622862184,1.1318246776723377,0.5783536434173584,0.4216463565826416,0.029120835764626,5.380659515515438,0.0603448275862069,0.16085694235780235,2.6656293305007246
frame_014,frame_005,14,5,20,-9,False,False,830,stretcher,0.24072281006409288,1.424109173148835,0.5384107828140259,0.4615892171859741,0.020123638181640043,5.407138928530804,0.07327586206896551,0.1773924283508153,2.4208849045523033
frame_014,frame_006,14,6,20,-8,False,False,690,oxcart,0.32388002173021757,1.1273821350708035,0.6254361271858215,0.37456387281417847,0.02168422767292571,5.37381219892165,0.07758620689655173,0.22706040443607628,2.9265563238427608
frame_014,frame_007,14,7,20,-7,False,False,690,oxcart,0.6036107049566009,0.5048258170624744,0.7296586036682129,0.2703413963317871,0.02485239637486481,5.340359511135474,0.0668103448275862,0.19391044420677025,2.902401487481981
frame_014,frame_008,14,8,20,-6,False,False,267,standard poodle,0.20806988794185663,1.5698812559956195,0.5372709035873413,0.4627290964126587,0.022619280447117713,5.347108539675711,0.05603448275862069,0.16707045051697192,2.981564963072114
frame_014,frame_009,14,9,20,-5,False,False,671,"mountain bike, all-terrain bike, off-roader",0.5169294840091896,0.659848808342657,0.7881772518157959,0.2118227481842041,0.04088532598976154,5.633961564104791,0.16733870967741934,0.3660854377273394,2.1876912905151853
frame_014,frame_010,14,10,20,-4,False,False,671,"mountain bike, all-terrain bike, off-roader",0.5334577143699544,0.6283754721689707,0.7815133929252625,0.21848660707473755,0.041116955981793206,5.663371835892601,0.16532258064516128,0.32387148160751367,1.9590274985039853
frame_014,frame_011,14,11,20,-3,False,False,671,"mountain bike, all-terrain bike, off-roader",0.3593353280251907,1.0234992651061994,0.7744160890579224,0.22558391094207764,0.028244422788347393,5.682127130499481,0.16129032258064516,0.3396396994179701,2.1057661363914146
frame_014,frame_012,14,12,20,-2,False,False,671,"mountain bike, all-terrain bike, off-roader",0.808980639355146,0.21198029378584948,0.8865999579429626,0.11340004205703735,0.03656337058645976,5.621951765161592,0.1592741935483871,0.3183193326028096,1.9985618857087792
frame_014,frame_013,14,13,20,-1,False,False,671,"mountain bike, all-terrain bike, off-roader",0.6804922944416909,0.38493878033210915,0.820449948310852,0.17955005168914795,0.035441998871216435,5.7136607499998675,0.1774193548387097,0.3428245673176223,1.9322839248811436
frame_014,frame_015,14,15,20,1,False,False,671,"mountain bike, all-terrain bike, off-roader",0.7605211335290226,0.2737513786760988,0.8486178517341614,0.15138214826583862,0.018653846978977512,5.720043733838983,0.2056451612903226,0.3863188414489378,1.8785700525360112
frame_014,frame_016,14,16,20,2,False,False,671,"mountain bike, all-terrain bike, off-roader",0.5113392531473875,0.6707220085787422,0.743193507194519,0.25680649280548096,0.02059710389939005,5.731593375557875,0.18951612903225806,0.34023614173789973,1.7952885776808327
frame_014,frame_017,14,17,20,3,False,True,461,"breastplate, aegis, egis",0.11617835471353728,2.1526287280472283,0.49821799993515015,0.5017820000648499,0.02221593041412409,5.681096526803106,0.15120967741935484,0.31149415731758534,2.060014693726964
frame_014,frame_000,14,0,30,-14,False,False,427,"barrel, cask",0.7838662424572405,0.2435168822977818,0.8600332140922546,0.13996678590774536,0.03777952126154049,5.232415965065149,0.06465517241379311,0.06222602862247735,0.9624292426943163
frame_014,frame_001,14,1,30,-13,True,False,427,"barrel, cask",0.9501699689515151,0.05111439570506876,0.9550513029098511,0.044948697090148926,0.03624539780171187,5.297368624944918,0.0603448275862069,0.059249380379771475,0.9818468748647844
frame_014,frame_002,14,2,30,-12,False,False,427,"barrel, cask",0.4682223465247182,0.7588119964766911,0.6730970144271851,0.32690298557281494,0.027860363724207443,5.327214881047824,0.0668103448275862,0.05530109221338723,0.8277324770003767
frame_014,frame_003,14,3,30,-11,False,False,703,park bench,0.6101297486027049,0.49408364180539177,0.7296810746192932,0.2703189253807068,0.03942654706600422,5.3062888329371605,0.0668103448275862,0.061515597044299396,0.9207495815662878
frame_014,frame_004,14,4,30,-10,False,False,703,park bench,0.5872315695098212,0.532336040337793,0.7499090433120728,0.25009095668792725,0.034803412496227024,5.228933238256568,0.0603448275862069,0.04705599402508408,0.7797850438442504
frame_014,frame_005,14,5,30,-9,False,False,176,"Saluki, gazelle hound",0.24131249009161823,1.4216625460180579,0.6165996789932251,0.3834003210067749,0.030787756550615712,5.163930024223699,0.07327586206896551,0.05732619833967832,0.7823340008709042
frame_014,frame_006,14,6,30,-8,False,False,176,"Saluki, gazelle hound",0.5489991189545718,0.5996584422925249,0.7528809309005737,0.24711906909942627,0.047126229691194677,5.199156275143454,0.07758620689655173,0.11372531571047634,1.4657929580461395
frame_014,frame_007,14,7,30,-7,False,False,690,oxcart,0.44067465708484543,0.8194484148352803,0.7434937953948975,0.25650620460510254,0.05280596785881186,5.210542135471357,0.0668103448275862,0.0760240954803988,1.137909042029195
frame_014,frame_008,14,8,30,-6,False,False,222,kuvasz,0.1429402076461117,1.945328864511132,0.5516124963760376,0.4483875036239624,0.04332866586571446,5.212622270071522,0.05603448275862069,0.06759608018477654,1.2063300463744737
frame_014,frame_009,14,9,30,-5,False,False,571,"gas pump, gasoline pump, petrol pump, island dispenser",0.6345850691844325,0.45478392802594403,0.8311722278594971,0.16882777214050293,0.013781124559488185,5.825914925201605,0.16733870967741934,0.17189728176636357,1.0272415874230885
frame_014,frame_010,14,10,30,-4,False,False,571,"gas pump, gasoline pump, petrol pump, island dispenser",0.562530125663573,0.5753105896024318,0.8046342134475708,0.1953657865524292,0.013740469725382221,5.842005113415247,0.16532258064516128,0.16010106267716073,0.9684161839984357
frame_014,frame_011,14,11,30,-3,False,False,571,"gas pump, gasoline pump, petrol pump, island dispenser",0.6864937916189195,0.3761580973417056,0.8457199931144714,0.15428000688552856,0.014618066175096778,5.8354716756982015,0.16129032258064516,0.15346356893739405,0.9514741274118431
frame_014,frame_012,14,12,30,-2,False,False,671,"mountain bike, all-terrain bike, off-roader",0.5457436222758353,0.6056059697846639,0.8335968852043152,0.16640311479568481,0.013894488179838104,5.823717226961923,0.1592741935483871,0.15789245976835442,0.9913248106975164
frame_014,frame_013,14,13,30,-1,False,False,671,"mountain bike, all-terrain bike, off-roader",0.35644565131189215,1.0315735014876117,0.767928957939148,0.23207104206085205,0.01727276121098201,5.811043312070438,0.1774193548387097,0.15802068494754823,0.8906620424316354
frame_014,frame_015,14,15,30,1,False,False,571,"gas pump, gasoline pump, petrol pump, island dispenser",0.5510674699935721,0.5958980272465433,0.8316784501075745,0.16832154989242554,0.01650409991045656,5.80846583905598,0.2056451612903226,0.22120120410963778,1.0756450709645131
frame_014,frame_016,14,16,30,2,False,False,571,"gas pump, gasoline pump, petrol pump, island dispenser",0.48511334441438153,0.7233727155247367,0.7484867572784424,0.2515132427215576,0.01700655559120794,5.795591997741963,0.18951612903225806,0.16118881224118434,0.850528200761994
frame_014,frame_017,14,17,30,3,False,True,634,"lumbermill, sawmill",0.11120424460089627,2.196386727022775,0.5297422409057617,0.4702577590942383,0.024242173875752657,5.790084717075096,0.15120967741935484,0.1223860427913166,0.8093796963265737
frame_014,frame_000,14,0,40,-14,False,False,427,"barrel, cask",0.863487600759869,0.14677574078064293,0.9134289026260376,0.0865710973739624,0.09486251129560869,4.042164832271129,0.06465517241379311,0.6711680597598726,10.380732657619362
frame_014,frame_001,14,1,40,-13,True,False,427,"barrel, cask",0.9618308013492145,0.03891672595888751,0.9681369066238403,0.03186309337615967,0.07816118613256051,4.090138328432197,0.0603448275862069,0.6024403720457376,9.983297593900796
frame_014,frame_002,14,2,40,-12,False,False,427,"barrel, cask",0.7010252038733312,0.35521143842365266,0.7950271368026733,0.20497286319732666,0.05912428915821068,4.152559795349644,0.0668103448275862,0.6540622613840431,9.789835138135356
frame_014,frame_003,14,3,40,-11,False,False,703,park bench,0.6030923609431394,0.5056849249242017,0.7996759414672852,0.20032405853271484,0.04857779216329935,4.327518038172308,0.0668103448275862,0.5889139568728975,8.814712128678208
frame_014,frame_004,14,4,40,-10,False,False,703,park bench,0.7760661143030261,0.2535175635840279,0.8337574601173401,0.1662425398826599,0.06876880506213275,4.285312185248266,0.0603448275862069,0.5789901636924415,9.59469414118903
frame_014,frame_005,14,5,40,-9,False,False,703,park bench,0.3753318199231409,0.9799447911350967,0.7043607234954834,0.2956392765045166,0.05384034661532124,4.246081153592772,0.07327586206896551,0.573696257576209,7.829266573981206
frame_014,frame_006,14,6,40,-8,False,False,690,oxcart,0.37864694573165647,0.9711510496593627,0.6845386028289795,0.3154613971710205,0.04266909901395765,4.276396374077797,0.07758620689655173,0.661213937841327,8.522312976621548
frame_014,frame_007,14,7,40,-7,False,False,690,oxcart,0.7344646104573682,0.30861346634332465,0.820521354675293,0.17947864532470703,0.07776557664271425,4.16441178554849,0.0668103448275862,0.6571857766077047,9.836587107934678
frame_014,frame_008,14,8,40,-6,False,False,222,kuvasz,0.44056485511993654,0.8196976137510266,0.6575150489807129,0.3424849510192871,0.09207737641935404,4.10684305364826,0.05603448275862069,0.6330246442008658,11.29705518881545
frame_014,frame_009,14,9,40,-5,False,False,571,"gas pump, gasoline pump, petrol pump, island dispenser",0.7988403630742438,0.22459414907979536,0.8685666918754578,0.13143330812454224,0.0614466688341543,4.7555054497019675,0.16733870967741934,0.600238187858946,3.5869655563618945
frame_014,frame_010,14,10,40,-4,False,False,571,"gas pump, gasoline pump, petrol pump, island dispenser",0.6523561264960704,0.42716465988952246,0.8008508086204529,0.19914919137954712,0.055337131484205146,4.849166965990624,0.16532258064516128,0.5740045775123167,3.4720276883671843
frame_014,frame_011,14,11,40,-3,False,False,571,"gas pump, gasoline pump, petrol pump, island dispenser",0.7208918042204958,0.3272662164522986,0.8325523734092712,0.16744762659072876,0.04415674629234213,4.792379944432691,0.16129032258064516,0.6215300234067395,3.8534861451217846
frame_014,frame_012,14,12,40,-2,False,False,571,"gas pump, gasoline pump, petrol pump, island dispenser",0.4970275742283279,0.699109773079817,0.8080443143844604,0.19195568561553955,0.05200602164706088,4.830821010012323,0.1592741935483871,0.6066835995953549,3.8090514607505828
frame_014,frame_013,14,13,40,-1,False,False,571,"gas pump, gasoline pump, petrol pump, island dispenser",0.34856367835772056,1.0539343442170408,0.7257752418518066,0.27422475814819336,0.08510697655314192,4.675117483998734,0.1774193548387097,0.6073613934101625,3.4233096719481884
frame_014,frame_015,14,15,40,1,False,False,571,"gas pump, gasoline pump, petrol pump, island dispenser",0.6288486122950898,0.46386473122578,0.8167562484741211,0.1832437515258789,0.045893035723891584,4.9266366233535885,0.2056451612903226,0.6022670001497318,2.9286709026888915
frame_014,frame_016,14,16,40,2,False,False,571,"gas pump, gasoline pump, petrol pump, island dispenser",0.44209136257100196,0.8162387156151625,0.7271074056625366,0.2728925943374634,0.028719898643206634,5.173229963682768,0.18951612903225806,0.4852756383783301,2.5606033684643803
frame_014,frame_017,14,17,40,3,False,True,461,"breastplate, aegis, egis",0.16663544925208607,1.7919467912592149,0.5694838762283325,0.4305161237716675,0.04201438719889238,5.114273467027411,0.15120967741935484,0.47899478593490424,3.1677521843161665
frame_014,frame_000,14,0,50,-14,False,False,427,"barrel, cask",0.6244497692334475,0.47088438622480067,0.8539811372756958,0.1460188627243042,0.07034328583983172,4.4549341881759945,0.06465517241379311,0.4138932028508736,6.401548204093511
frame_014,frame_001,14,1,50,-13,True,False,427,"barrel, cask",0.9100367822350667,0.09427026024957423,0.9392679333686829,0.06073206663131714,0.03938620177566585,4.690531636439307,0.0603448275862069,0.3659563235749307,6.064419076384565
frame_014,frame_002,14,2,50,-12,False,False,427,"barrel, cask",0.3712833163615178,0.9907898518505887,0.7068184614181519,0.29318153858184814,0.06260135098736795,4.641544740006166,0.0668103448275862,0.4115705848395778,6.160282302114972
frame_014,frame_003,14,3,50,-11,False,False,703,park bench,0.7416860636220446,0.29882922019363267,0.8166495561599731,0.18335044384002686,0.05975749803673609,4.7262336388469155,0.0668103448275862,0.37596597141752053,5.627361636700953
frame_014,frame_004,14,4,50,-10,False,False,703,park bench,0.8383050804104621,0.1763731869839562,0.8759288191795349,0.12407118082046509,0.05725830774660183,4.553047460338051,0.0603448275862069,0.3334195572691977,5.525238377603848
frame_014,frame_005,14,5,50,-9,False,False,703,park bench,0.44425318025909044,0.8113606532581086,0.7431313991546631,0.2568686008453369,0.0943771224660175,4.52294568546104,0.07327586206896551,0.38931559660440185,5.31301284777772
frame_014,frame_006,14,6,50,-8,False,False,690,oxcart,0.4549769553539817,0.7875085088874849,0.7062128782272339,0.2937871217727661,0.07173359545843565,4.51854491478421,0.07758620689655173,0.5194982390285282,6.695755080812141
frame_014,frame_007,14,7,50,-7,False,False,690,oxcart,0.7337103618181345,0.3096409306712564,0.8394277691841125,0.16057223081588745,0.0574739996666873,4.495355587414864,0.0668103448275862,0.41857894445267974,6.265181620194949
frame_014,frame_008,14,8,50,-6,False,False,222,kuvasz,0.4627544616650272,0.770558685943401,0.7027443051338196,0.2972556948661804,0.04911090853815485,4.475086194402499,0.05603448275862069,0.3694208090675726,6.592740592590526
frame_014,frame_009,14,9,50,-5,False,False,571,"gas pump, gasoline pump, petrol pump, island dispenser",0.5667037539206402,0.567918591652325,0.8340975046157837,0.1659024953842163,0.03253813423358557,4.958292004304549,0.16733870967741934,0.4825583475800137,2.8837221734902023
frame_014,frame_010,14,10,50,-4,False,False,571,"gas pump, gasoline pump, petrol pump, island dispenser",0.36612791650554793,1.004772507992159,0.7771263122558594,0.22287368774414062,0.03386078024917033,5.0195006963429485,0.16532258064516128,0.4511582331053937,2.7289571173204306
frame_014,frame_011,14,11,50,-3,False,False,870,"tricycle, trike, velocipede",0.45329033279887027,0.7912224475392247,0.8291758298873901,0.17082417011260986,0.03975228940092698,4.962332786906668,0.16129032258064516,0.4571109027194271,2.834087596860448
frame_014,frame_012,14,12,50,-2,False,False,671,"mountain bike, all-terrain bike, off-roader",0.39534910969388337,0.9279860824118789,0.8169245719909668,0.1830754280090332,0.02586687000421693,5.013587677062521,0.1592741935483871,0.45626430862663,2.86464679846593
frame_014,frame_013,14,13,50,-1,False,False,870,"tricycle, trike, velocipede",0.6549225958156184,0.4232382246573212,0.8402763605117798,0.15972363948822021,0.03284095960952523,4.983127820431635,0.1774193548387097,0.4351754892061794,2.4528073027984654
frame_014,frame_015,14,15,50,1,False,False,671,"mountain bike, all-terrain bike, off-roader",0.5004336253818422,0.692280305640919,0.7848491668701172,0.2151508331298828,0.03684380669008633,5.027350037472905,0.2056451612903226,0.5367969028099739,2.610306507781834
frame_014,frame_016,14,16,50,2,False,False,571,"gas pump, gasoline pump, petrol pump, island dispenser",0.37157312957982935,0.9900095847219972,0.7360782027244568,0.2639217972755432,0.03769476745550686,5.116392397147381,0.18951612903225806,0.3394909333975429,1.791356414523205
frame_014,frame_017,14,17,50,3,False,True,538,dome,0.3256171622835201,1.1220329365268893,0.6078534126281738,0.39214658737182617,0.03945165172859596,5.108260862440013,0.15120967741935484,0.2696991005434529,1.7836100515940352
frame_015,frame_000,15,0,5,-15,False,False,456,bow,0.49758380254780743,0.6979912892368723,0.6538925170898438,0.34610748291015625,0.032673772563236086,5.140811819014329,0.06465517241379311,0.44084466040180326,6.818397414214557
frame_015,frame_001,15,1,5,-14,False,False,456,bow,0.3960163754630391,0.9262997164032427,0.6408478617668152,0.3591521382331848,0.031980030432338935,5.190743778729207,0.0603448275862069,0.403143953412781,6.680671227983227
frame_015,frame_002,15,2,5,-13,False,False,416,"balance beam, beam",0.1270580964859437,2.0631108444778827,0.5057896375656128,0.4942103624343872,0.033829908039019196,5.196071382108454,0.0668103448275862,0.42836304000475556,6.4116274374905355
frame_015,frame_003,15,3,5,-12,False,False,416,"balance beam, beam",0.24670547097511758,1.399560079060711,0.5800842046737671,0.4199157953262329,0.02288619776649042,5.299623410415553,0.0668103448275862,0.3844812938802975,5.754816785821228
frame_015,frame_004,15,4,5,-11,False,False,416,"balance beam, beam",0.3519510162889743,1.0442632713374098,0.6631804704666138,0.33681952953338623,0.03233778110009444,5.261195861413324,0.0603448275862069,0.3663335255890528,6.070669852618589
frame_015,frame_005,15,5,5,-10,False,False,416,"balance beam, beam",0.19867655224640204,1.6160771421933258,0.5442174077033997,0.45578259229660034,0.02421168945838619,5.193218335632018,0.07327586206896551,0.4188462918163175,5.716019982434451
frame_015,frame_006,15,6,5,-9,False,True,345,ox,0.15027276769700426,1.8953031849534416,0.48555344343185425,0.5144465565681458,0.025900008567275108,5.130149041639667,0.07758620689655173,0.4769970892139143,6.147962483201562
frame_015,frame_007,15,7,5,-8,False,False,416,"balance beam, beam",0.19257299226743255,1.647280016515059,0.5679571628570557,0.43204283714294434,0.03687865696694173,5.133300306032518,0.0668103448275862,0.4157788713845822,6.223270849111167
frame_015,frame_008,15,8,5,-7,False,False,981,"ballplayer, baseball player",0.2223945522023052,1.5033022123989612,0.5336836576461792,0.4663163423538208,0.02370302112689136,5.1773500514035025,0.05603448275862069,0.3517767931086541,6.277862769323673
frame_015,frame_009,15,9,5,-6,True,False,571,"gas pump, gasoline pump, petrol pump, island dispenser",0.9513222780180682,0.04990239054496648,0.9520183205604553,0.04798167943954468,0.01358009957402718,5.716307089856297,0.16733870967741934,0.3734360201725481,2.231617662717878
frame_015,frame_010,15,10,5,-5,False,False,571,"gas pump, gasoline pump, petrol pump, island dispenser",0.9424442748052307,0.05927848628300225,0.9427655339241028,0.05723446607589722,0.011896231097629646,5.735772175508547,0.16532258064516128,0.3751017948202858,2.2689084174495338
frame_015,frame_011,15,11,5,-4,False,False,571,"gas pump, gasoline pump, petrol pump, island dispenser",0.8796966224413675,0.12817817817458987,0.898993730545044,0.10100626945495605,0.015647840155070168,5.71257881834732,0.16129032258064516,0.3666943911893332,2.273505225373866
frame_015,frame_012,15,12,5,-3,False,False,571,"gas pump, gasoline pump, petrol pump, island dispenser",0.8433070265995993,0.17042418017063188,0.8798789381980896,0.1201210618019104,0.012212360363407514,5.747305130456851,0.1592741935483871,0.3595578864807897,2.2574773632211604
frame_015,frame_013,15,13,5,-2,False,False,571,"gas pump, gasoline pump, petrol pump, island dispenser",0.8235485851029746,0.19413273280122212,0.8535465002059937,0.14645349979400635,0.012275730354884513,5.748045687274204,0.1774193548387097,0.3705750212746184,2.0886955744569398
frame_015,frame_014,15,14,5,-1,False,False,571,"gas pump, gasoline pump, petrol pump, island dispenser",0.7389623007348575,0.3025083732257734,0.7906394004821777,0.20936059951782227,0.013925112781781155,5.762756080825786,0.1975806451612903,0.37981853669060955,1.9223468795769627
frame_015,frame_016,15,16,5,1,False,False,571,"gas pump, gasoline pump, petrol pump, island dispenser",0.6606383161862884,0.41454876560897524,0.7372978329658508,0.26270216703414917,0.010013804689075017,5.81097815405376,0.18951612903225806,0.3414222263386962,1.8015470666382267
frame_015,frame_017,15,17,5,2,False,False,571,"gas pump, gasoline pump, petrol pump, island dispenser",0.12841293716674265,2.0525041360515646,0.4941794276237488,0.5058205723762512,0.014693200054892153,5.7818478908399324,0.15120967741935484,0.27443779217474573,1.8149485989156517
frame_015,frame_000,15,0,10,-15,False,False,427,"barrel, cask",0.38322732718313235,0.9591269223197074,0.7004343867301941,0.2995656132698059,0.060018972571070285,4.826719897609036,0.06465517241379311,0.34260703061123793,5.29898874012048
frame_015,frame_001,15,1,10,-14,False,False,690,oxcart,0.5705818530927173,0.5610986439108583,0.7628535032272339,0.2371464967727661,0.06635801503544049,4.940071391272669,0.0603448275862069,0.27864770945146916,4.617590613767203
frame_015,frame_002,15,2,10,-13,False,False,703,park bench,0.34485230782604126,1.064639046866707,0.703119695186615,0.296880304813385,0.04176868522770882,4.989077992732316,0.0668103448275862,0.32027595829001776,4.793807891824782
frame_015,frame_003,15,3,10,-12,False,False,703,park bench,0.7159531503737359,0.3341405466012033,0.8343991041183472,0.16560089588165283,0.03204865009217103,5.125850246165459,0.0668103448275862,0.32779082976615354,4.906288548757911
frame_015,frame_004,15,4,10,-11,True,False,416,"balance beam, beam",0.7864446442698048,0.24023294132591544,0.8726201057434082,0.1273798942565918,0.05317621645814383,4.91070139290511,0.0603448275862069,0.30409249577598374,5.039247072859159
frame_015,frame_005,15,5,10,-10,False,False,703,park bench,0.33452067883707987,1.095056581183893,0.6874179840087891,0.31258201599121094,0.06714552052260143,4.97260114566599,0.07327586206896551,0.3161201590557474,4.314110405937259
frame_015,frame_006,15,6,10,-9,False,False,690,oxcart,0.5149142476405989,0.6637549016183664,0.7682139873504639,0.23178601264953613,0.03892150540770787,4.930970575449785,0.07758620689655173,0.397292528253903,5.120659253050305
frame_015,frame_007,15,7,10,-8,False,False,690,oxcart,0.7378373705961049,0.30403184371153724,0.8676667213439941,0.13233327865600586,0.03379383310662174,4.9265849703514135,0.0668103448275862,0.33853677887101996,5.067131141811396
frame_015,frame_008,15,8,10,-7,False,False,690,oxcart,0.1858635430700305,1.6827425139224588,0.5831934213638306,0.41680657863616943,0.03828759111226262,4.853329374071659,0.05603448275862069,0.2984927451297747,5.326947451546748
frame_015,frame_009,15,9,10,-6,False,False,571,"gas pump, gasoline pump, petrol pump, island dispenser",0.4677272608681809,0.7598699288670732,0.7597182989120483,0.24028170108795166,0.05441042685323652,5.015269221948525,0.16733870967741934,0.5433651297791245,3.247097643017419
frame_015,frame_010,15,10,10,-5,False,False,571,"gas pump, gasoline pump, petrol pump, island dispenser",0.4103955179775421,0.8906339062925666,0.7119751572608948,0.2880248427391052,0.05045768945607192,5.059361133853928,0.16532258064516128,0.50000524586171,3.0244219749683925
frame_015,frame_011,15,11,10,-4,False,False,571,"gas pump, gasoline pump, petrol pump, island dispenser",0.4650556133112255,0.7655982820273488,0.7817730903625488,0.21822690963745117,0.047331878222701976,4.999967066024569,0.16129032258064516,0.5340942099692968,3.31138410180964
frame_015,frame_012,15,12,10,-3,False,False,571,"gas pump, gasoline pump, petrol pump, island dispenser",0.42141518860876254,0.8641367350514266,0.7413735389709473,0.25862646102905273,0.03854345904565583,5.022986862261887,0.1592741935483871,0.5201728852770492,3.2658955835116
frame_015,frame_013,15,13,10,-2,False,False,571,"gas pump, gasoline pump, petrol pump, island dispenser",0.35587518308563515,1.0331752189179346,0.6717969179153442,0.32820308208465576,0.04265251011408926,5.074334402437991,0.1774193548387097,0.47342534916956036,2.6683974225920672
frame_015,frame_014,15,14,10,-1,False,False,671,"mountain bike, all-terrain bike, off-roader",0.2583196815496058,1.3535573853077076,0.6266677379608154,0.37333226203918457,0.050208927120874484,5.135366723215748,0.1975806451612903,0.467396357199172,2.36559788949785
frame_015,frame_016,15,16,10,1,False,False,571,"gas pump, gasoline pump, petrol pump, island dispenser",0.33582773207839417,1.091156952643256,0.6314173340797424,0.36858266592025757,0.029707955407574035,5.297019365029117,0.18951612903225806,0.44385458665728217,2.342041223212893
frame_015,frame_017,15,17,10,2,False,True,424,barbershop,0.1796729857611138,1.716616826147606,0.5710132122039795,0.4289867877960205,0.07113799374281618,5.183802182990965,0.15120967741935484,0.44254619491274494,2.9267055023562865
frame_015,frame_000,15,0,20,-15,False,False,427,"barrel, cask",0.8040723091848628,0.2180660770501489,0.8484165668487549,0.15158343315124512,0.03127834605077181,5.343986083024367,0.06465517241379311,0.16912642781606688,2.6158220835551673
frame_015,frame_001,15,1,20,-14,True,False,427,"barrel, cask",0.868025322433685,0.1415343914366226,0.8901189565658569,0.10988104343414307,0.018134996176979473,5.428063982698349,0.0603448275862069,0.15286943938769768,2.5332649955675612
frame_015,frame_002,15,2,20,-13,False,False,427,"barrel, cask",0.48652006384808616,0.7204771369976624,0.6372848749160767,0.36271512508392334,0.021183546538219654,5.485139803596903,0.0668103448275862,0.16249593059599868,2.432197154727206
frame_015,frame_003,15,3,20,-12,False,False,703,park bench,0.16685469120221197,1.7906319578946515,0.531470537185669,0.46852946281433105,0.01770412370377108,5.468627973804013,0.0668103448275862,0.16411711459340622,2.4564626184303386
frame_015,frame_004,15,4,20,-11,False,False,830,stretcher,0.3224443622862184,1.1318246776723377,0.5783536434173584,0.4216463565826416,0.029433534047973692,5.363358227226625,0.0603448275862069,0.1503449532762041,2.4914306542913818
frame_015,frame_005,15,5,20,-10,False,False,830,stretcher,0.24072281006409288,1.424109173148835,0.5384107828140259,0.4615892171859741,0.021732794091100866,5.397616277835109,0.07327586206896551,0.16445113952068613,2.2442743746352463
frame_015,frame_006,15,6,20,-9,False,False,690,oxcart,0.32388002173021757,1.1273821350708035,0.6254361271858215,0.37456387281417847,0.02492783575421588,5.36569915780725,0.07758620689655173,0.209060269834972,2.6945545889840834
frame_015,frame_007,15,7,20,-8,False,False,690,oxcart,0.6036107049566009,0.5048258170624744,0.7296586036682129,0.2703413963317871,0.027117403009713978,5.313079668372738,0.0668103448275862,0.1810332682455535,2.7096592408366718
frame_015,frame_008,15,8,20,-7,False,False,267,standard poodle,0.20806988794185663,1.5698812559956195,0.5372709035873413,0.4627290964126587,0.022601334442832924,5.329700023040656,0.05603448275862069,0.15177436798493155,2.7085887209618553
frame_015,frame_009,15,9,20,-6,False,False,671,"mountain bike, all-terrain bike, off-roader",0.5169294840091896,0.659848808342657,0.7881772518157959,0.2118227481842041,0.034869831357446195,5.6611867527191535,0.16733870967741934,0.3638561523197186,2.1743692957901257
frame_015,frame_010,15,10,20,-5,False,False,671,"mountain bike, all-terrain bike, off-roader",0.5334577143699544,0.6283754721689707,0.7815133929252625,0.21848660707473755,0.03357307956991234,5.690088138654407,0.16532258064516128,0.32841173677100405,1.9864905053465611
frame_015,frame_011,15,11,20,-4,False,False,671,"mountain bike, all-terrain bike, off-roader",0.3593353280251907,1.0234992651061994,0.7744160890579224,0.22558391094207764,0.02356977165573193,5.69924737341576,0.16129032258064516,0.33981068288443284,2.1068262338834836
frame_015,frame_012,15,12,20,-3,False,False,671,"mountain bike, all-terrain bike, off-roader",0.808980639355146,0.21198029378584948,0.8865999579429626,0.11340004205703735,0.03543975270318396,5.645357323824769,0.1592741935483871,0.3200413890173228,2.0093737842100268
frame_015,frame_013,15,13,20,-2,False,False,671,"mountain bike, all-terrain bike, off-roader",0.6804922944416909,0.38493878033210915,0.820449948310852,0.17955005168914795,0.030278305226690106,5.737355982616028,0.1774193548387097,0.33917800824209565,1.9117305919099936
frame_015,frame_014,15,14,20,-1,False,False,671,"mountain bike, all-terrain bike, off-roader",0.8361818751542612,0.1789091355466037,0.8835219740867615,0.11647802591323853,0.019420446926495433,5.759019507573164,0.1975806451612903,0.3537088650230368,1.7901999699125128
frame_015,frame_016,15,16,20,1,False,False,671,"mountain bike, all-terrain bike, off-roader",0.5113392531473875,0.6707220085787422,0.743193507194519,0.25680649280548096,0.01853461389958781,5.750820434977376,0.18951612903225806,0.33896553792591083,1.7885841150133168
frame_015,frame_017,15,17,20,2,False,True,461,"breastplate, aegis, egis",0.11617835471353728,2.1526287280472283,0.49821799993515015,0.5017820000648499,0.01972020404782277,5.709867500745432,0.15120967741935484,0.30987104760703993,2.0492805281745574
frame_015,frame_000,15,0,30,-15,False,False,427,"barrel, cask",0.7838662424572405,0.2435168822977818,0.8600332140922546,0.13996678590774536,0.03208178646248229,5.2651255094635445,0.06465517241379311,0.05136686554944571,0.7944741871647603
frame_015,frame_001,15,1,30,-14,True,False,427,"barrel, cask",0.9501699689515151,0.05111439570506876,0.9550513029098511,0.044948697090148926,0.032866567350318725,5.33758272334231,0.0603448275862069,0.04889061423678141,0.8101873216380919
frame_015,frame_002,15,2,30,-13,False,False,427,"barrel, cask",0.4682223465247182,0.7588119964766911,0.6730970144271851,0.32690298557281494,0.03100522443498733,5.353302618286735,0.0668103448275862,0.046540453373715034,0.6966054956581864
frame_015,frame_003,15,3,30,-12,False,False,703,park bench,0.6101297486027049,0.49408364180539177,0.7296810746192932,0.2703189253807068,0.042152977645475945,5.334578336437085,0.0668103448275862,0.050933148984305225,0.7623542299586331
frame_015,frame_004,15,4,30,-11,False,False,703,park bench,0.5872315695098212,0.532336040337793,0.7499090433120728,0.25009095668792725,0.03491558875523763,5.2703999111179645,0.0603448275862069,0.038966208738030694,0.6457257448016515
frame_015,frame_005,15,5,30,-10,False,False,176,"Saluki, gazelle hound",0.24131249009161823,1.4216625460180579,0.6165996789932251,0.3834003210067749,0.03579611670702236,5.176868429759259,0.07327586206896551,0.04814319381625891,0.6570129979630628
frame_015,frame_006,15,6,30,-9,False,False,176,"Saluki, gazelle hound",0.5489991189545718,0.5996584422925249,0.7528809309005737,0.24711906909942627,0.05532303844010052,5.210802010407124,0.07758620689655173,0.088379769598346,1.1391170303786817
frame_015,frame_007,15,7,30,-8,False,False,690,oxcart,0.44067465708484543,0.8194484148352803,0.7434937953948975,0.25650620460510254,0.06112973202784566,5.221252012539917,0.0668103448275862,0.0625585309886035,0.936359947700388
frame_015,frame_008,15,8,30,-7,False,False,222,kuvasz,0.1429402076461117,1.945328864511132,0.5516124963760376,0.4483875036239624,0.05118100339139243,5.217953631149868,0.05603448275862069,0.05635181435301899,1.0056631484538774
frame_015,frame_009,15,9,30,-6,False,False,571,"gas pump, gasoline pump, petrol pump, island dispenser",0.6345850691844325,0.45478392802594403,0.8311722278594971,0.16882777214050293,0.014384580414960548,5.848574813567938,0.16733870967741934,0.152129222708595,0.9091095718489532
frame_015,frame_010,15,10,30,-5,False,False,571,"gas pump, gasoline pump, petrol pump, island dispenser",0.562530125663573,0.5753105896024318,0.8046342134475708,0.1953657865524292,0.014574707493582743,5.859555108089385,0.16532258064516128,0.1467029440962944,0.8873739057531954
frame_015,frame_011,15,11,30,-4,False,False,571,"gas pump, gasoline pump, petrol pump, island dispenser",0.6864937916189195,0.3761580973417056,0.8457199931144714,0.15428000688552856,0.01480449747875616,5.854677389243006,0.16129032258064516,0.1366097028848125,0.8469801578858376
frame_015,frame_012,15,12,30,-3,False,False,671,"mountain bike, all-terrain bike, off-roader",0.5457436222758353,0.6056059697846639,0.8335968852043152,0.16640311479568481,0.01415015271114552,5.853236842293009,0.1592741935483871,0.1393386704560142,0.8748351967871271
frame_015,frame_013,15,13,30,-2,False,False,671,"mountain bike, all-terrain bike, off-roader",0.35644565131189215,1.0315735014876117,0.767928957939148,0.23207104206085205,0.022490058079863047,5.8339814197585245,0.1774193548387097,0.14091193856874998,0.794230926478409
frame_015,frame_014,15,14,30,-1,False,False,671,"mountain bike, all-terrain bike, off-roader",0.5828282025196964,0.5398628144117077,0.7884597778320312,0.21154022216796875,0.0242386421534667,5.826541990480221,0.1975806451612903,0.16355298865051326,0.8277783915372917
frame_015,frame_016,15,16,30,1,False,False,571,"gas pump, gasoline pump, petrol pump, island dispenser",0.48511334441438153,0.7233727155247367,0.7484867572784424,0.2515132427215576,0.015573475583421427,5.825178345381601,0.18951612903225806,0.15001804166503796,0.7915845602750939
frame_015,frame_017,15,17,30,2,False,True,634,"lumbermill, sawmill",0.11120424460089627,2.196386727022775,0.5297422409057617,0.4702577590942383,0.022884812478022223,5.828609663212743,0.15120967741935484,0.11804478198483521,0.7806694915263769
frame_015,frame_000,15,0,40,-15,False,False,427,"barrel, cask",0.863487600759869,0.14677574078064293,0.9134289026260376,0.0865710973739624,0.09080463760360097,4.042444575692535,0.06465517241379311,0.6630296935993849,10.25485926100382
frame_015,frame_001,15,1,40,-14,True,False,427,"barrel, cask",0.9618308013492145,0.03891672595888751,0.9681369066238403,0.03186309337615967,0.08563555242045598,4.070485258399406,0.0603448275862069,0.5930505919901836,9.827695524408757
frame_015,frame_002,15,2,40,-13,False,False,427,"barrel, cask",0.7010252038733312,0.35521143842365266,0.7950271368026733,0.20497286319732666,0.0626942364106474,4.129146627719165,0.0668103448275862,0.6469387364644329,9.683212055467642
frame_015,frame_003,15,3,40,-12,False,False,703,park bench,0.6030923609431394,0.5056849249242017,0.7996759414672852,0.20032405853271484,0.050739958507335446,4.306357793622165,0.0668103448275862,0.5847191609069088,8.75192550518728
frame_015,frame_004,15,4,40,-11,False,False,703,park bench,0.7760661143030261,0.2535175635840279,0.8337574601173401,0.1662425398826599,0.06932933541879444,4.2589191353170035,0.0603448275862069,0.5716607874033088,9.473235905540546
frame_015,frame_005,15,5,40,-10,False,False,703,park bench,0.3753318199231409,0.9799447911350967,0.7043607234954834,0.2956392765045166,0.057131101709429734,4.241661674620582,0.07327586206896551,0.5640824261535693,7.698066051036946
frame_015,frame_006,15,6,40,-9,False,False,690,oxcart,0.37864694573165647,0.9711510496593627,0.6845386028289795,0.3154613971710205,0.04330215195808887,4.261112540886169,0.07758620689655173,0.6482619595225032,8.35537636717893
frame_015,frame_007,15,7,40,-8,False,False,690,oxcart,0.7344646104573682,0.30861346634332465,0.820521354675293,0.17947864532470703,0.07712713053928803,4.1557173945495585,0.0668103448275862,0.6534833793368391,9.78117058104172
frame_015,frame_008,15,8,40,-7,False,False,222,kuvasz,0.44056485511993654,0.8196976137510266,0.6575150489807129,0.3424849510192871,0.09511500603937952,4.103931635510723,0.05603448275862069,0.6225509199896676,11.110139495200222
frame_015,frame_009,15,9,40,-6,False,False,571,"gas pump, gasoline pump, petrol pump, island dispenser",0.7988403630742438,0.22459414907979536,0.8685666918754578,0.13143330812454224,0.06460715080261681,4.716784491353914,0.16733870967741934,0.6089857954640538,3.6392404162671173
frame_015,frame_010,15,10,40,-5,False,False,571,"gas pump, gasoline pump, petrol pump, island dispenser",0.6523561264960704,0.42716465988952246,0.8008508086204529,0.19914919137954712,0.060758497662046516,4.815009600507793,0.16532258064516128,0.5843769636156743,3.534767975041152
frame_015,frame_011,15,11,40,-4,False,False,571,"gas pump, gasoline pump, petrol pump, island dispenser",0.7208918042204958,0.3272662164522986,0.8325523734092712,0.16744762659072876,0.05030049097827794,4.749332195679636,0.16129032258064516,0.6284422315132175,3.896341835381949
frame_015,frame_012,15,12,40,-3,False,False,571,"gas pump, gasoline pump, petrol pump, island dispenser",0.4970275742283279,0.699109773079817,0.8080443143844604,0.19195568561553955,0.05044430177119914,4.806066924248469,0.1592741935483871,0.6098234960499044,3.8287652410221846
frame_015,frame_013,15,13,40,-2,False,False,571,"gas pump, gasoline pump, petrol pump, island dispenser",0.34856367835772056,1.0539343442170408,0.7257752418518066,0.27422475814819336,0.08807630122221805,4.627202814629804,0.1774193548387097,0.614372814329847,3.4628285898591376
frame_015,frame_014,15,14,40,-1,False,False,671,"mountain bike, all-terrain bike, off-roader",0.3190115046347506,1.1425281121618691,0.7346013188362122,0.26539868116378784,0.046554706551052503,4.842442803035386,0.1975806451612903,0.5554632296481388,2.8113241010762944
frame_015,frame_016,15,16,40,1,False,False,571,"gas pump, gasoline pump, petrol pump, island dispenser",0.44209136257100196,0.8162387156151625,0.7271074056625366,0.2728925943374634,0.03616641497518147,5.124283574855474,0.18951612903225806,0.5041583800075664,2.6602399625931166
frame_015,frame_017,15,17,40,2,False,True,461,"breastplate, aegis, egis",0.16663544925208607,1.7919467912592149,0.5694838762283325,0.4305161237716675,0.050989624062556804,5.045651544076618,0.15120967741935484,0.511523736016276,3.3828769741876386
frame_015,frame_000,15,0,50,-15,False,False,427,"barrel, cask",0.6244497692334475,0.47088438622480067,0.8539811372756958,0.1460188627243042,0.0813169255108966,4.410670307112771,0.06465517241379311,0.4436584228841148,6.8619169406076415
frame_015,frame_001,15,1,50,-14,True,False,427,"barrel, cask",0.9100367822350667,0.09427026024957423,0.9392679333686829,0.06073206663131714,0.045585128926426195,4.62938018346069,0.0603448275862069,0.39131156533727196,6.484591654160506
frame_015,frame_002,15,2,50,-13,False,False,427,"barrel, cask",0.3712833163615178,0.9907898518505887,0.7068184614181519,0.29318153858184814,0.06609212407807831,4.570743620685571,0.0668103448275862,0.44367410592434203,6.640799520932088
frame_015,frame_003,15,3,50,-12,False,False,703,park bench,0.7416860636220446,0.29882922019363267,0.8166495561599731,0.18335044384002686,0.056730826093920834,4.676588712588764,0.0668103448275862,0.3984687817992464,5.964177895317753
frame_015,frame_004,15,4,50,-11,False,False,703,park bench,0.8383050804104621,0.1763731869839562,0.8759288191795349,0.12407118082046509,0.0669506045232669,4.48900032164706,0.0603448275862069,0.3621610337245401,6.00152570172095
frame_015,frame_005,15,5,50,-10,False,False,703,park bench,0.44425318025909044,0.8113606532581086,0.7431313991546631,0.2568686008453369,0.10327540322544729,4.4839249443668265,0.07327586206896551,0.4189668259467561,5.7176649188027895
frame_015,frame_006,15,6,50,-9,False,False,690,oxcart,0.4549769553539817,0.7875085088874849,0.7062128782272339,0.2937871217727661,0.06960158123359948,4.493473633784564,0.07758620689655173,0.5357341938610568,6.905018498653621
frame_015,frame_007,15,7,50,-8,False,False,690,oxcart,0.7337103618181345,0.3096409306712564,0.8394277691841125,0.16057223081588745,0.055096275481266326,4.460711862912662,0.0668103448275862,0.4428647624994189,6.628685477410658
frame_015,frame_008,15,8,50,-7,False,False,222,kuvasz,0.4627544616650272,0.770558685943401,0.7027443051338196,0.2972556948661804,0.05548239564884019,4.409380185243826,0.05603448275862069,0.38686529841083295,6.904057633177942
frame_015,frame_009,15,9,50,-6,False,False,571,"gas pump, gasoline pump, petrol pump, island dispenser",0.5667037539206402,0.567918591652325,0.8340975046157837,0.1659024953842163,0.03451570496606237,4.8827544619665595,0.16733870967741934,0.5116265660224776,3.057431045146372
frame_015,frame_010,15,10,50,-5,False,False,571,"gas pump, gasoline pump, petrol pump, island dispenser",0.36612791650554793,1.004772507992159,0.7771263122558594,0.22287368774414062,0.037090647998648585,4.96391571786715,0.16532258064516128,0.480892336878362,2.9088121840447267
frame_015,frame_011,15,11,50,-4,False,False,870,"tricycle, trike, velocipede",0.45329033279887027,0.7912224475392247,0.8291758298873901,0.17082417011260986,0.04743740988238372,4.888466257493726,0.16129032258064516,0.4776899577063157,2.9616777377791577
frame_015,frame_012,15,12,50,-3,False,False,671,"mountain bike, all-terrain bike, off-roader",0.39534910969388337,0.9279860824118789,0.8169245719909668,0.1830754280090332,0.03175716474515818,4.96059454367343,0.1592741935483871,0.47230336178989424,2.965347689212501
frame_015,frame_013,15,13,50,-2,False,False,870,"tricycle, trike, velocipede",0.6549225958156184,0.4232382246573212,0.8402763605117798,0.15972363948822021,0.03721126857253655,4.935521985978339,0.1774193548387097,0.4492422734512598,2.5320928139980095
frame_015,frame_014,15,14,50,-1,False,False,671,"mountain bike, all-terrain bike, off-roader",0.6560895089594831,0.42145805276145865,0.8247038722038269,0.1752961277961731,0.0633150175123813,4.898287290337239,0.1975806451612903,0.4249968509502203,2.1510044701154007
frame_015,frame_016,15,16,50,1,False,False,571,"gas pump, gasoline pump, petrol pump, island dispenser",0.37157312957982935,0.9900095847219972,0.7360782027244568,0.2639217972755432,0.030633706548414835,5.119036867947566,0.18951612903225806,0.3574041941474317,1.8858774499694269
frame_015,frame_017,15,17,50,2,False,True,538,dome,0.3256171622835201,1.1220329365268893,0.6078534126281738,0.39214658737182617,0.0468948408861547,5.097808934273372,0.15120967741935484,0.3025439592467979,2.00082405048549
frame_016,frame_000,16,0,5,-16,False,False,456,bow,0.49758380254780743,0.6979912892368723,0.6538925170898438,0.34610748291015625,0.033297553964958974,5.1313399933764545,0.06465517241379311,0.4449742679927473,6.882268678287825
frame_016,frame_001,16,1,5,-15,False,False,456,bow,0.3960163754630391,0.9262997164032427,0.6408478617668152,0.3591521382331848,0.034094876901037185,5.18414671069303,0.0603448275862069,0.40778517004156495,6.757582817831647
frame_016,frame_002,16,2,5,-14,False,False,416,"balance beam, beam",0.1270580964859437,2.0631108444778827,0.5057896375656128,0.4942103624343872,0.03197279215076064,5.196402872009974,0.0668103448275862,0.43243768363776647,6.472615651868505
frame_016,frame_003,16,3,5,-13,False,False,416,"balance beam, beam",0.24670547097511758,1.399560079060711,0.5800842046737671,0.4199157953262329,0.023434309308893946,5.295706807545977,0.0668103448275862,0.38830813565892613,5.812095965991669
frame_016,frame_004,16,4,5,-12,False,False,416,"balance beam, beam",0.3519510162889743,1.0442632713374098,0.6631804704666138,0.33681952953338623,0.03213328040385765,5.255130212538872,0.0603448275862069,0.37036791258887025,6.137525408615564
frame_016,frame_005,16,5,5,-11,False,False,416,"balance beam, beam",0.19867655224640204,1.6160771421933258,0.5442174077033997,0.45578259229660034,0.023908373244221272,5.187933506024995,0.07327586206896551,0.42251708776055624,5.76611555061465
frame_016,frame_006,16,6,5,-10,False,True,345,ox,0.15027276769700426,1.8953031849534416,0.48555344343185425,0.5144465565681458,0.02733968616039769,5.1256905910799775,0.07758620689655173,0.48170818055828835,6.208683216084605
frame_016,frame_007,16,7,5,-9,False,False,416,"balance beam, beam",0.19257299226743255,1.647280016515059,0.5679571628570557,0.43204283714294434,0.03507681099153104,5.132584637477118,0.0668103448275862,0.41936919392406213,6.277009870347253
frame_016,frame_008,16,8,5,-8,False,False,981,"ballplayer, baseball player",0.2223945522023052,1.5033022123989612,0.5336836576461792,0.4663163423538208,0.025080502429293813,5.174129323397053,0.05603448275862069,0.35663562784635766,6.364574281565767
frame_016,frame_009,16,9,5,-7,True,False,571,"gas pump, gasoline pump, petrol pump, island dispenser",0.9513222780180682,0.04990239054496648,0.9520183205604553,0.04798167943954468,0.013360723183580758,5.719125536686812,0.16733870967741934,0.3723337981696744,2.2250308902669698
frame_016,frame_010,16,10,5,-6,False,False,571,"gas pump, gasoline pump, petrol pump, island dispenser",0.9424442748052307,0.05927848628300225,0.9427655339241028,0.05723446607589722,0.011976493473802424,5.739046024784574,0.16532258064516128,0.37420811191820313,2.2635027257491314
frame_016,frame_011,16,11,5,-5,False,False,571,"gas pump, gasoline pump, petrol pump, island dispenser",0.8796966224413675,0.12817817817458987,0.898993730545044,0.10100626945495605,0.015158802019996184,5.716636643098822,0.16129032258064516,0.3654600845232902,2.265852524044399
frame_016,frame_012,16,12,5,-4,False,False,571,"gas pump, gasoline pump, petrol pump, island dispenser",0.8433070265995993,0.17042418017063188,0.8798789381980896,0.1201210618019104,0.012398296682695735,5.751350374566157,0.1592741935483871,0.35890408061303397,2.2533724554944916
frame_016,frame_013,16,13,5,-3,False,False,571,"gas pump, gasoline pump, petrol pump, island dispenser",0.8235485851029746,0.19413273280122212,0.8535465002059937,0.14645349979400635,0.012706933592480195,5.751542927879149,0.1774193548387097,0.3700084061542074,2.0855019255964415
frame_016,frame_014,16,14,5,-2,False,False,571,"gas pump, gasoline pump, petrol pump, island dispenser",0.7389623007348575,0.3025083732257734,0.7906394004821777,0.20936059951782227,0.014338987790461713,5.764623144556989,0.1975806451612903,0.3783978221270565,1.9151563242348983
frame_016,frame_015,16,15,5,-1,False,False,571,"gas pump, gasoline pump, petrol pump, island dispenser",0.7894104010144252,0.23646893999217333,0.8257780075073242,0.17422199249267578,0.011810832533431194,5.776057142739701,0.2056451612903226,0.41548649928114834,2.020404937680878
frame_016,frame_017,16,17,5,1,False,False,571,"gas pump, gasoline pump, petrol pump, island dispenser",0.12841293716674265,2.0525041360515646,0.4941794276237488,0.5058205723762512,0.014843447825811651,5.786813062498085,0.15120967741935484,0.2734087511920454,1.8081432078833934
frame_016,frame_000,16,0,10,-16,False,False,427,"barrel, cask",0.38322732718313235,0.9591269223197074,0.7004343867301941,0.2995656132698059,0.06504218335980745,4.815394245174679,0.06465517241379311,0.3499202677601258,5.412100141356612
frame_016,frame_001,16,1,10,-15,False,False,690,oxcart,0.5705818530927173,0.5610986439108583,0.7628535032272339,0.2371464967727661,0.06914222109531935,4.930536834104178,0.0603448275862069,0.2810715968121357,4.657757890029678
frame_016,frame_002,16,2,10,-14,False,False,703,park bench,0.34485230782604126,1.064639046866707,0.703119695186615,0.296880304813385,0.044611078132151205,4.987522609788874,0.0668103448275862,0.32109113832415836,4.806009296206758
frame_016,frame_003,16,3,10,-13,False,False,703,park bench,0.7159531503737359,0.3341405466012033,0.8343991041183472,0.16560089588165283,0.03434805621436438,5.1230690969138415,0.0668103448275862,0.33582504367123434,5.026542589143637
frame_016,frame_004,16,4,10,-12,True,False,416,"balance beam, beam",0.7864446442698048,0.24023294132591544,0.8726201057434082,0.1273798942565918,0.04645023520481945,4.936826271977415,0.0603448275862069,0.31168046293443463,5.164990528627774
frame_016,frame_005,16,5,10,-11,False,False,703,park bench,0.33452067883707987,1.095056581183893,0.6874179840087891,0.31258201599121094,0.06557694766599766,4.990732569646692,0.07327586206896551,0.3172461308130679,4.329476608743045
frame_016,frame_006,16,6,10,-10,False,False,690,oxcart,0.5149142476405989,0.6637549016183664,0.7682139873504639,0.23178601264953613,0.03486260336757303,4.958031999947687,0.07758620689655173,0.39451222913695505,5.084824286654087
frame_016,frame_007,16,7,10,-9,False,False,690,oxcart,0.7378373705961049,0.30403184371153724,0.8676667213439941,0.13233327865600586,0.033154950252623175,4.947505201044034,0.0668103448275862,0.34384420461274784,5.1465713206553225
frame_016,frame_008,16,8,10,-8,False,False,690,oxcart,0.1858635430700305,1.6827425139224588,0.5831934213638306,0.41680657863616943,0.03983326980045577,4.879898122758444,0.05603448275862069,0.3065287969573881,5.470360068778003
frame_016,frame_009,16,9,10,-7,False,False,571,"gas pump, gasoline pump, petrol pump, island dispenser",0.4677272608681809,0.7598699288670732,0.7597182989120483,0.24028170108795166,0.051473595470172065,5.10563344688064,0.16733870967741934,0.5267685570032491,3.1479181237784526
frame_016,frame_010,16,10,10,-6,False,False,571,"gas pump, gasoline pump, petrol pump, island dispenser",0.4103955179775421,0.8906339062925666,0.7119751572608948,0.2880248427391052,0.04697475179024429,5.1514860439101255,0.16532258064516128,0.4837097516937947,2.925854107806368
frame_016,frame_011,16,11,10,-5,False,False,571,"gas pump, gasoline pump, petrol pump, island dispenser",0.4650556133112255,0.7655982820273488,0.7817730903625488,0.21822690963745117,0.04119038929490875,5.097767338415656,0.16129032258064516,0.5155619361750015,3.196484004285009
frame_016,frame_012,16,12,10,-4,False,False,571,"gas pump, gasoline pump, petrol pump, island dispenser",0.42141518860876254,0.8641367350514266,0.7413735389709473,0.25862646102905273,0.03707340371111485,5.105867065981997,0.1592741935483871,0.5043041785434821,3.1662642095894573
frame_016,frame_013,16,13,10,-3,False,False,571,"gas pump, gasoline pump, petrol pump, island dispenser",0.35587518308563515,1.0331752189179346,0.6717969179153442,0.32820308208465576,0.037839345496909926,5.144544446073019,0.1774193548387097,0.4677383854150303,2.6363436268847162
frame_016,frame_014,16,14,10,-2,False,False,671,"mountain bike, all-terrain bike, off-roader",0.2583196815496058,1.3535573853077076,0.6266677379608154,0.37333226203918457,0.045760754148297514,5.191572761087283,0.1975806451612903,0.45710918235152465,2.313532188228125
frame_016,frame_015,16,15,10,-1,False,False,571,"gas pump, gasoline pump, petrol pump, island dispenser",0.3615946077990574,1.0172315626354305,0.6987488269805908,0.3012511730194092,0.07259265934430546,5.192689997181901,0.2056451612903226,0.5808809406398,2.8246759466405957
frame_016,frame_017,16,17,10,1,False,True,424,barbershop,0.1796729857611138,1.716616826147606,0.5710132122039795,0.4289867877960205,0.06519229708797657,5.239101878459059,0.15120967741935484,0.4334092621180844,2.8662799201409315
frame_016,frame_000,16,0,20,-16,False,False,427,"barrel, cask",0.8040723091848628,0.2180660770501489,0.8484165668487549,0.15158343315124512,0.028131950747575088,5.357679361077992,0.06465517241379311,0.18257298141566064,2.823795445895551
frame_016,frame_001,16,1,20,-15,True,False,427,"barrel, cask",0.868025322433685,0.1415343914366226,0.8901189565658569,0.10988104343414307,0.01867231905652671,5.440224372512046,0.0603448275862069,0.16194498767058313,2.683659795683949
frame_016,frame_002,16,2,20,-14,False,False,427,"barrel, cask",0.48652006384808616,0.7204771369976624,0.6372848749160767,0.36271512508392334,0.02372867462641387,5.497500753633641,0.0668103448275862,0.1714113254147442,2.565640483627139
frame_016,frame_003,16,3,20,-13,False,False,703,park bench,0.16685469120221197,1.7906319578946515,0.531470537185669,0.46852946281433105,0.016268530780348157,5.496803612309552,0.0668103448275862,0.17602953716952466,2.634764685376111
frame_016,frame_004,16,4,20,-12,False,False,830,stretcher,0.3224443622862184,1.1318246776723377,0.5783536434173584,0.4216463565826416,0.023953001953356385,5.392600478530559,0.0603448275862069,0.16269933274212722,2.696160371155251
frame_016,frame_005,16,5,20,-11,False,False,830,stretcher,0.24072281006409288,1.424109173148835,0.5384107828140259,0.4615892171859741,0.01918811336872808,5.422854958213424,0.07327586206896551,0.17575369051621467,2.398520952927165
frame_016,frame_006,16,6,20,-10,False,False,690,oxcart,0.32388002173021757,1.1273821350708035,0.6254361271858215,0.37456387281417847,0.024574054597437056,5.389077675758019,0.07758620689655173,0.21369692472133078,2.7543159186304855
frame_016,frame_007,16,7,20,-9,False,False,690,oxcart,0.6036107049566009,0.5048258170624744,0.7296586036682129,0.2703413963317871,0.027092501557529174,5.3368708625980155,0.0668103448275862,0.18759776874982848,2.8079149903200133
frame_016,frame_008,16,8,20,-8,False,False,267,standard poodle,0.20806988794185663,1.5698812559956195,0.5372709035873413,0.4627290964126587,0.024318201657647632,5.349410684594224,0.05603448275862069,0.154640078590286,2.7597306333035654
frame_016,frame_009,16,9,20,-7,False,False,671,"mountain bike, all-terrain bike, off-roader",0.5169294840091896,0.659848808342657,0.7881772518157959,0.2118227481842041,0.03348840853074912,5.706445226876054,0.16733870967741934,0.35150032034743384,2.1005320348473155
frame_016,frame_010,16,10,20,-6,False,False,671,"mountain bike, all-terrain bike, off-roader",0.5334577143699544,0.6283754721689707,0.7815133929252625,0.21848660707473755,0.033424082984424966,5.7293157605068785,0.16532258064516128,0.31804727893902657,1.9237981750458193
frame_016,frame_011,16,11,20,-5,False,False,671,"mountain bike, all-terrain bike, off-roader",0.3593353280251907,1.0234992651061994,0.7744160890579224,0.22558391094207764,0.02184185745185703,5.7438900987137504,0.16129032258064516,0.33280100008975116,2.0633662005564575
frame_016,frame_012,16,12,20,-4,False,False,671,"mountain bike, all-terrain bike, off-roader",0.808980639355146,0.21198029378584948,0.8865999579429626,0.11340004205703735,0.03181883327620764,5.6924419401450095,0.1592741935483871,0.3147218785067598,1.9759753384728211
frame_016,frame_013,16,13,20,-3,False,False,671,"mountain bike, all-terrain bike, off-roader",0.6804922944416909,0.38493878033210915,0.820449948310852,0.17955005168914795,0.028201438958929157,5.772524794617324,0.1774193548387097,0.33483969011868586,1.8872782533962293
frame_016,frame_014,16,14,20,-2,False,False,671,"mountain bike, all-terrain bike, off-roader",0.8361818751542612,0.1789091355466037,0.8835219740867615,0.11647802591323853,0.02058310591627636,5.791912543736927,0.1975806451612903,0.34942341271861427,1.7685103337595172
frame_016,frame_015,16,15,20,-1,False,False,671,"mountain bike, all-terrain bike, off-roader",0.7605211335290226,0.2737513786760988,0.8486178517341614,0.15138214826583862,0.01844872708955335,5.768384233382428,0.2056451612903226,0.3832756850696248,1.86377195876994
frame_016,frame_017,16,17,20,1,False,True,461,"breastplate, aegis, egis",0.11617835471353728,2.1526287280472283,0.49821799993515015,0.5017820000648499,0.02090317771891884,5.736549543087028,0.15120967741935484,0.3047394988801661,2.0153438859274986
frame_016,frame_000,16,0,30,-16,False,False,427,"barrel, cask",0.7838662424572405,0.2435168822977818,0.8600332140922546,0.13996678590774536,0.030586445996416273,5.3063370773822,0.06465517241379311,0.05925587676634745,0.9164908939861738
frame_016,frame_001,16,1,30,-15,True,False,427,"barrel, cask",0.9501699689515151,0.05111439570506876,0.9550513029098511,0.044948697090148926,0.030247984134695254,5.370563468376801,0.0603448275862069,0.05615362190671362,0.9305457344541114
frame_016,frame_002,16,2,30,-14,False,False,427,"barrel, cask",0.4682223465247182,0.7588119964766911,0.6730970144271851,0.32690298557281494,0.027647022745290496,5.401035523777142,0.0668103448275862,0.05237540160986954,0.7839414950638538
frame_016,frame_003,16,3,30,-13,False,False,703,park bench,0.6101297486027049,0.49408364180539177,0.7296810746192932,0.2703189253807068,0.03879073641898468,5.387898561239593,0.0668103448275862,0.05783716230261577,0.865691719626249
frame_016,frame_004,16,4,30,-12,False,False,703,park bench,0.5872315695098212,0.532336040337793,0.7499090433120728,0.25009095668792725,0.03008624539206126,5.3395338158676875,0.0603448275862069,0.04558363342140277,0.7553859252689602
frame_016,frame_005,16,5,30,-11,False,False,176,"Saluki, gazelle hound",0.24131249009161823,1.4216625460180579,0.6165996789932251,0.3834003210067749,0.028569901195554914,5.237391202626352,0.07327586206896551,0.057102436419961655,0.779280308790065
frame_016,frame_006,16,6,30,-10,False,False,176,"Saluki, gazelle hound",0.5489991189545718,0.5996584422925249,0.7528809309005737,0.24711906909942627,0.05058745646910365,5.269535753866538,0.07758620689655173,0.10016145638954468,1.2909698823541313
frame_016,frame_007,16,7,30,-9,False,False,690,oxcart,0.44067465708484543,0.8194484148352803,0.7434937953948975,0.25650620460510254,0.05337691331554484,5.283810839323993,0.0668103448275862,0.07154194746622815,1.0708214072364473
frame_016,frame_008,16,8,30,-8,False,False,222,kuvasz,0.1429402076461117,1.945328864511132,0.5516124963760376,0.4483875036239624,0.04651555790549584,5.269192938528599,0.05603448275862069,0.06039500340054612,1.0778185222251306
frame_016,frame_009,16,9,30,-7,False,False,571,"gas pump, gasoline pump, petrol pump, island dispenser",0.6345850691844325,0.45478392802594403,0.8311722278594971,0.16882777214050293,0.013265822088114896,5.8586972909378865,0.16733870967741934,0.14609782042395403,0.8730664931359181
frame_016,frame_010,16,10,30,-6,False,False,571,"gas pump, gasoline pump, petrol pump, island dispenser",0.562530125663573,0.5753105896024318,0.8046342134475708,0.1953657865524292,0.012711254911000235,5.87281587836082,0.16532258064516128,0.13781893915034732,0.8336365099825888
frame_016,frame_011,16,11,30,-5,False,False,571,"gas pump, gasoline pump, petrol pump, island dispenser",0.6864937916189195,0.3761580973417056,0.8457199931144714,0.15428000688552856,0.013302778651908929,5.866061729328768,0.16129032258064516,0.12957374055304538,0.8033571914288814
frame_016,frame_012,16,12,30,-4,False,False,671,"mountain bike, all-terrain bike, off-roader",0.5457436222758353,0.6056059697846639,0.8335968852043152,0.16640311479568481,0.013123171405293127,5.863033762692929,0.1592741935483871,0.13294405988777538,0.8346867557510961
frame_016,frame_013,16,13,30,-3,False,False,671,"mountain bike, all-terrain bike, off-roader",0.35644565131189215,1.0315735014876117,0.767928957939148,0.23207104206085205,0.018679497790017208,5.851537578050159,0.1774193548387097,0.13453751555960344,0.7583023604268557
frame_016,frame_014,16,14,30,-2,False,False,671,"mountain bike, all-terrain bike, off-roader",0.5828282025196964,0.5398628144117077,0.7884597778320312,0.21154022216796875,0.018739555208245672,5.845261832030824,0.1975806451612903,0.15797510709154194,0.7995474807898449
frame_016,frame_015,16,15,30,-1,False,False,571,"gas pump, gasoline pump, petrol pump, island dispenser",0.5510674699935721,0.5958980272465433,0.8316784501075745,0.16832154989242554,0.017229242318393363,5.8448180126215625,0.2056451612903226,0.1999920715795866,0.9725104657203426
frame_016,frame_017,16,17,30,1,False,True,634,"lumbermill, sawmill",0.11120424460089627,2.196386727022775,0.5297422409057617,0.4702577590942383,0.02249695933760335,5.83648582581037,0.15120967741935484,0.10936828664553383,0.7232889356824637
frame_016,frame_000,16,0,40,-16,False,False,427,"barrel, cask",0.863487600759869,0.14677574078064293,0.9134289026260376,0.0865710973739624,0.08632584620084958,4.040681860369986,0.06465517241379311,0.6659094296310012,10.299399178292818
frame_016,frame_001,16,1,40,-15,True,False,427,"barrel, cask",0.9618308013492145,0.03891672595888751,0.9681369066238403,0.03186309337615967,0.08748993323925085,4.062474186759146,0.0603448275862069,0.5874067272229513,9.734168622551763
frame_016,frame_002,16,2,40,-14,False,False,427,"barrel, cask",0.7010252038733312,0.35521143842365266,0.7950271368026733,0.20497286319732666,0.06235593133067361,4.130819982781211,0.0668103448275862,0.6393629046110935,9.569818959340239
frame_016,frame_003,16,3,40,-13,False,False,703,park bench,0.6030923609431394,0.5056849249242017,0.7996759414672852,0.20032405853271484,0.04630653129054049,4.290405620769933,0.0668103448275862,0.5848055994665072,8.753219295240624
frame_016,frame_004,16,4,40,-12,False,False,703,park bench,0.7760661143030261,0.2535175635840279,0.8337574601173401,0.1662425398826599,0.07107671384288647,4.256751015085188,0.0603448275862069,0.5747061238680337,9.5237014812417
frame_016,frame_005,16,5,40,-11,False,False,703,park bench,0.3753318199231409,0.9799447911350967,0.7043607234954834,0.2956392765045166,0.056745202297485496,4.252848171827824,0.07327586206896551,0.5597635645359386,7.639126292490456
frame_016,frame_006,16,6,40,-10,False,False,690,oxcart,0.37864694573165647,0.9711510496593627,0.6845386028289795,0.3154613971710205,0.04381727398457399,4.2609854028941605,0.07758620689655173,0.6509723364449213,8.390310114178984
frame_016,frame_007,16,7,40,-9,False,False,690,oxcart,0.7344646104573682,0.30861346634332465,0.820521354675293,0.17947864532470703,0.08036572357551892,4.14844908029661,0.0668103448275862,0.6556734060714159,9.813950336036678
frame_016,frame_008,16,8,40,-8,False,False,222,kuvasz,0.44056485511993654,0.8196976137510266,0.6575150489807129,0.3424849510192871,0.09584592406649105,4.097781389585141,0.05603448275862069,0.6298293064377021,11.240030699503606
frame_016,frame_009,16,9,40,-7,False,False,571,"gas pump, gasoline pump, petrol pump, island dispenser",0.7988403630742438,0.22459414907979536,0.8685666918754578,0.13143330812454224,0.06406869681225673,4.74844837071778,0.16733870967741934,0.5955322514867455,3.5588433341858527
frame_016,frame_010,16,10,40,-6,False,False,571,"gas pump, gasoline pump, petrol pump, island dispenser",0.6523561264960704,0.42716465988952246,0.8008508086204529,0.19914919137954712,0.0587255129953713,4.8550992739995955,0.16532258064516128,0.5701429508977637,3.4486695566498877
frame_016,frame_011,16,11,40,-5,False,False,571,"gas pump, gasoline pump, petrol pump, island dispenser",0.7208918042204958,0.3272662164522986,0.8325523734092712,0.16744762659072876,0.051586757052772006,4.8041392066397215,0.16129032258064516,0.6201263914585438,3.8447836270429714
frame_016,frame_012,16,12,40,-4,False,False,571,"gas pump, gasoline pump, petrol pump, island dispenser",0.4970275742283279,0.699109773079817,0.8080443143844604,0.19195568561553955,0.048875238115267304,4.841024508447075,0.1592741935483871,0.6053269740618056,3.800533913096906
frame_016,frame_013,16,13,40,-3,False,False,571,"gas pump, gasoline pump, petrol pump, island dispenser",0.34856367835772056,1.0539343442170408,0.7257752418518066,0.27422475814819336,0.09111885842578503,4.624597508131185,0.1774193548387097,0.6189163015376102,3.4884373359392575
frame_016,frame_014,16,14,40,-2,False,False,671,"mountain bike, all-terrain bike, off-roader",0.3190115046347506,1.1425281121618691,0.7346013188362122,0.26539868116378784,0.046795419112967786,4.8895877332947215,0.1975806451612903,0.5646744253185302,2.8579440301835817
frame_016,frame_015,16,15,40,-1,False,False,571,"gas pump, gasoline pump, petrol pump, island dispenser",0.6288486122950898,0.46386473122578,0.8167562484741211,0.1832437515258789,0.04399055920525622,4.917571153663893,0.2056451612903226,0.6237169238412091,3.0329764139729383
frame_016,frame_017,16,17,40,1,False,True,461,"breastplate, aegis, egis",0.16663544925208607,1.7919467912592149,0.5694838762283325,0.4305161237716675,0.044763553681863945,5.054701642030437,0.15120967741935484,0.5166840765640743,3.417004026343745
frame_016,frame_000,16,0,50,-16,False,False,427,"barrel, cask",0.6244497692334475,0.47088438622480067,0.8539811372756958,0.1460188627243042,0.08068227000431279,4.4095687606133005,0.06465517241379311,0.4458239348712023,6.895410192674595
frame_016,frame_001,16,1,50,-15,True,False,427,"barrel, cask",0.9100367822350667,0.09427026024957423,0.9392679333686829,0.06073206663131714,0.04439996520382779,4.652080233517765,0.0603448275862069,0.38674851469269705,6.408975386336122
frame_016,frame_002,16,2,50,-14,False,False,427,"barrel, cask",0.3712833163615178,0.9907898518505887,0.7068184614181519,0.29318153858184814,0.07546519541460102,4.593424719627316,0.0668103448275862,0.4382333735259313,6.559364042452649
frame_016,frame_003,16,3,50,-13,False,False,703,park bench,0.7416860636220446,0.29882922019363267,0.8166495561599731,0.18335044384002686,0.06602396894036194,4.694468651427664,0.0668103448275862,0.39105471976742956,5.853206128131849
frame_016,frame_004,16,4,50,-12,False,False,703,park bench,0.8383050804104621,0.1763731869839562,0.8759288191795349,0.12407118082046509,0.06928988561305799,4.520027512559885,0.0603448275862069,0.3581905590530366,5.935729264307463
frame_016,frame_005,16,5,50,-11,False,False,703,park bench,0.44425318025909044,0.8113606532581086,0.7431313991546631,0.2568686008453369,0.09925329059882061,4.512621843257061,0.07327586206896551,0.4089614854167026,5.581121448039706
frame_016,frame_006,16,6,50,-10,False,False,690,oxcart,0.4549769553539817,0.7875085088874849,0.7062128782272339,0.2937871217727661,0.07220744892784793,4.482439585710725,0.07758620689655173,0.5222738247292404,6.73152929651021
frame_016,frame_007,16,7,50,-9,False,False,690,oxcart,0.7337103618181345,0.3096409306712564,0.8394277691841125,0.16057223081588745,0.059933662254950816,4.4577557420216625,0.0668103448275862,0.4304433204412716,6.442764538217743
frame_016,frame_008,16,8,50,-8,False,False,222,kuvasz,0.4627544616650272,0.770558685943401,0.7027443051338196,0.2972556948661804,0.0509745317983333,4.441481027077652,0.05603448275862069,0.3773931238689867,6.735015749046532
frame_016,frame_009,16,9,50,-7,False,False,571,"gas pump, gasoline pump, petrol pump, island dispenser",0.5667037539206402,0.567918591652325,0.8340975046157837,0.1659024953842163,0.0341093138035372,4.968512563109369,0.16733870967741934,0.474592624361394,2.8361197793162822
frame_016,frame_010,16,10,50,-6,False,False,571,"gas pump, gasoline pump, petrol pump, island dispenser",0.36612791650554793,1.004772507992159,0.7771263122558594,0.22287368774414062,0.03548388185713228,5.03211152874643,0.16532258064516128,0.4444096703168976,2.688136542404649
frame_016,frame_011,16,11,50,-5,False,False,870,"tricycle, trike, velocipede",0.45329033279887027,0.7912224475392247,0.8291758298873901,0.17082417011260986,0.04096749497465089,4.961018753546056,0.16129032258064516,0.44604928188246673,2.7655055476712938
frame_016,frame_012,16,12,50,-4,False,False,671,"mountain bike, all-terrain bike, off-roader",0.39534910969388337,0.9279860824118789,0.8169245719909668,0.1830754280090332,0.030031534422047635,5.02758483104323,0.1592741935483871,0.4473025985132375,2.808380871678048
frame_016,frame_013,16,13,50,-3,False,False,870,"tricycle, trike, velocipede",0.6549225958156184,0.4232382246573212,0.8402763605117798,0.15972363948822021,0.03182467836427854,5.003786418436306,0.1774193548387097,0.42009181078611735,2.367790206249025
frame_016,frame_014,16,14,50,-2,False,False,671,"mountain bike, all-terrain bike, off-roader",0.6560895089594831,0.42145805276145865,0.8247038722038269,0.1752961277961731,0.06031809508090657,4.965815278556461,0.1975806451612903,0.4003343335488625,2.0261819330636306
frame_016,frame_015,16,15,50,-1,False,False,671,"mountain bike, all-terrain bike, off-roader",0.5004336253818422,0.692280305640919,0.7848491668701172,0.2151508331298828,0.044832178237082826,5.022535141876437,0.2056451612903226,0.5503660968154354,2.6762900394162346
frame_016,frame_017,16,17,50,1,False,True,538,dome,0.3256171622835201,1.1220329365268893,0.6078534126281738,0.39214658737182617,0.04768963152707878,5.097852411743379,0.15120967741935484,0.28649272839703593,1.894671910465731
frame_017,frame_000,17,0,5,-17,False,False,456,bow,0.49758380254780743,0.6979912892368723,0.6538925170898438,0.34610748291015625,0.03267473696386114,5.141825241848925,0.06465517241379311,0.4405405875302918,6.813694420468512
frame_017,frame_001,17,1,5,-16,False,False,456,bow,0.3960163754630391,0.9262997164032427,0.6408478617668152,0.3591521382331848,0.03395634023229563,5.188218596888568,0.0603448275862069,0.4071827404014108,6.7475996980805215
frame_017,frame_002,17,2,5,-15,False,False,416,"balance beam, beam",0.1270580964859437,2.0631108444778827,0.5057896375656128,0.4942103624343872,0.02963646283372403,5.203881445676628,0.0668103448275862,0.43224054252826877,6.469664894616669
frame_017,frame_003,17,3,5,-14,False,False,416,"balance beam, beam",0.24670547097511758,1.399560079060711,0.5800842046737671,0.4199157953262329,0.023051763250229545,5.297241831572235,0.0668103448275862,0.3912518158643644,5.856156211647261
frame_017,frame_004,17,4,5,-13,False,False,416,"balance beam, beam",0.3519510162889743,1.0442632713374098,0.6631804704666138,0.33681952953338623,0.031647119629371154,5.256952845094241,0.0603448275862069,0.3721539044967147,6.167121845945558
frame_017,frame_005,17,5,5,-12,False,False,416,"balance beam, beam",0.19867655224640204,1.6160771421933258,0.5442174077033997,0.45578259229660034,0.02241853599533741,5.198249313795398,0.07327586206896551,0.4222218272598228,5.7620861131928764
frame_017,frame_006,17,6,5,-11,False,True,345,ox,0.15027276769700426,1.8953031849534416,0.48555344343185425,0.5144465565681458,0.0295728429134573,5.1331761473523505,0.07758620689655173,0.48334126582110903,6.229731870583183
frame_017,frame_007,17,7,5,-10,False,False,416,"balance beam, beam",0.19257299226743255,1.647280016515059,0.5679571628570557,0.43204283714294434,0.0330078002980499,5.14135701356196,0.0668103448275862,0.4184563825136409,6.263347144720304
frame_017,frame_008,17,8,5,-9,False,False,981,"ballplayer, baseball player",0.2223945522023052,1.5033022123989612,0.5336836576461792,0.4663163423538208,0.02586375172858287,5.180669141234089,0.05603448275862069,0.35944273033728597,6.414670264480796
frame_017,frame_009,17,9,5,-8,True,False,571,"gas pump, gasoline pump, petrol pump, island dispenser",0.9513222780180682,0.04990239054496648,0.9520183205604553,0.04798167943954468,0.013402009429333034,5.723021554483431,0.16733870967741934,0.37130442090724963,2.2188794309638054
frame_017,frame_010,17,10,5,-7,False,False,571,"gas pump, gasoline pump, petrol pump, island dispenser",0.9424442748052307,0.05927848628300225,0.9427655339241028,0.05723446607589722,0.011256535556020068,5.744167913409537,0.16532258064516128,0.3723225309513893,2.2520972603888914
frame_017,frame_011,17,11,5,-6,False,False,571,"gas pump, gasoline pump, petrol pump, island dispenser",0.8796966224413675,0.12817817817458987,0.898993730545044,0.10100626945495605,0.014635152988451526,5.72328544754337,0.16129032258064516,0.36268981815132817,2.2486768725382347
frame_017,frame_012,17,12,5,-5,False,False,571,"gas pump, gasoline pump, petrol pump, island dispenser",0.8433070265995993,0.17042418017063188,0.8798789381980896,0.1201210618019104,0.011676716700013202,5.759928322023951,0.1592741935483871,0.35546248454289625,2.231764459914893
frame_017,frame_013,17,13,5,-4,False,False,571,"gas pump, gasoline pump, petrol pump, island dispenser",0.8235485851029746,0.19413273280122212,0.8535465002059937,0.14645349979400635,0.012653194579138192,5.758506657788075,0.1774193548387097,0.36919687949680075,2.080927866254695
frame_017,frame_014,17,14,5,-3,False,False,571,"gas pump, gasoline pump, petrol pump, island dispenser",0.7389623007348575,0.3025083732257734,0.7906394004821777,0.20936059951782227,0.014396480214607094,5.7684139108783095,0.1975806451612903,0.3776651395276047,1.9114480531193057
frame_017,frame_015,17,15,5,-2,False,False,571,"gas pump, gasoline pump, petrol pump, island dispenser",0.7894104010144252,0.23646893999217333,0.8257780075073242,0.17422199249267578,0.011881698961444899,5.779866171337472,0.2056451612903226,0.4141173444324666,2.0137470866519944
frame_017,frame_016,17,16,5,-1,False,False,571,"gas pump, gasoline pump, petrol pump, island dispenser",0.6606383161862884,0.41454876560897524,0.7372978329658508,0.26270216703414917,0.009489110928511827,5.815711406018785,0.18951612903225806,0.3406313157651661,1.7973737512715147
frame_017,frame_000,17,0,10,-17,False,False,427,"barrel, cask",0.38322732718313235,0.9591269223197074,0.7004343867301941,0.2995656132698059,0.06432127113970505,4.865489202224833,0.06465517241379311,0.3414476827128147,5.281057492624868
frame_017,frame_001,17,1,10,-16,False,False,690,oxcart,0.5705818530927173,0.5610986439108583,0.7628535032272339,0.2371464967727661,0.061917267215410327,4.9823404750539595,0.0603448275862069,0.2787761765904867,4.619719497785208
frame_017,frame_002,17,2,10,-15,False,False,703,park bench,0.34485230782604126,1.064639046866707,0.703119695186615,0.296880304813385,0.04215225209630975,5.046376634126574,0.0668103448275862,0.3021346453412896,4.522273401237367
frame_017,frame_003,17,3,10,-14,False,False,703,park bench,0.7159531503737359,0.3341405466012033,0.8343991041183472,0.16560089588165283,0.03503844905083767,5.175185140884581,0.0668103448275862,0.32185313760472617,4.817414704793321
frame_017,frame_004,17,4,10,-13,True,False,416,"balance beam, beam",0.7864446442698048,0.24023294132591544,0.8726201057434082,0.1273798942565918,0.04128218474355947,4.998049950763027,0.0603448275862069,0.3038740273717641,5.0356267393035195
frame_017,frame_005,17,5,10,-12,False,False,703,park bench,0.33452067883707987,1.095056581183893,0.6874179840087891,0.31258201599121094,0.05862935896433152,5.050028041353511,0.07327586206896551,0.30770100348250834,4.19921369458482
frame_017,frame_006,17,6,10,-11,False,False,690,oxcart,0.5149142476405989,0.6637549016183664,0.7682139873504639,0.23178601264953613,0.03736619299016054,4.994513706587281,0.07758620689655173,0.38976958843696463,5.023696917631988
frame_017,frame_007,17,7,10,-10,False,False,690,oxcart,0.7378373705961049,0.30403184371153724,0.8676667213439941,0.13233327865600586,0.032563526078265737,4.984185659503009,0.0668103448275862,0.3401776964390541,5.091691972507133
frame_017,frame_008,17,8,10,-9,False,True,690,oxcart,0.1858635430700305,1.6827425139224588,0.5831934213638306,0.41680657863616943,0.03910680079710632,4.942629574254049,0.05603448275862069,0.295881163843455,5.28034077012935
frame_017,frame_009,17,9,10,-8,False,False,571,"gas pump, gasoline pump, petrol pump, island dispenser",0.4677272608681809,0.7598699288670732,0.7597182989120483,0.24028170108795166,0.0449596121432904,5.175575566488947,0.16733870967741934,0.5117711974802163,3.0582953487974374
frame_017,frame_010,17,10,10,-7,False,False,571,"gas pump, gasoline pump, petrol pump, island dispenser",0.4103955179775421,0.8906339062925666,0.7119751572608948,0.2880248427391052,0.041028953571866617,5.232342542327954,0.16532258064516128,0.4700273399158699,2.843092202417945
frame_017,frame_011,17,11,10,-6,False,False,571,"gas pump, gasoline pump, petrol pump, island dispenser",0.4650556133112255,0.7655982820273488,0.7817730903625488,0.21822690963745117,0.039422761879296254,5.183610681258671,0.16129032258064516,0.4940490581891565,3.0631041607727703
frame_017,frame_012,17,12,10,-5,False,False,571,"gas pump, gasoline pump, petrol pump, island dispenser",0.42141518860876254,0.8641367350514266,0.7413735389709473,0.25862646102905273,0.03370975681570489,5.193730930045593,0.1592741935483871,0.48153188805562613,3.023288816146716
frame_017,frame_013,17,13,10,-4,False,False,571,"gas pump, gasoline pump, petrol pump, island dispenser",0.35587518308563515,1.0331752189179346,0.6717969179153442,0.32820308208465576,0.034415726220016735,5.207084682536552,0.1774193548387097,0.4522183599337255,2.5488671196264527
frame_017,frame_014,17,14,10,-3,False,False,671,"mountain bike, all-terrain bike, off-roader",0.2583196815496058,1.3535573853077076,0.6266677379608154,0.37333226203918457,0.04279122891615099,5.284612173869174,0.1975806451612903,0.4422781483861662,2.2384689959136574
frame_017,frame_015,17,15,10,-2,False,False,571,"gas pump, gasoline pump, petrol pump, island dispenser",0.3615946077990574,1.0172315626354305,0.6987488269805908,0.3012511730194092,0.06625357904582119,5.285844380483965,0.2056451612903226,0.5591817416912769,2.719158273322287
frame_017,frame_016,17,16,10,-1,False,False,571,"gas pump, gasoline pump, petrol pump, island dispenser",0.33582773207839417,1.091156952643256,0.6314173340797424,0.36858266592025757,0.027782780969407624,5.429267051631539,0.18951612903225806,0.4169712889384147,2.2001889288665284
frame_017,frame_000,17,0,20,-17,False,False,427,"barrel, cask",0.8040723091848628,0.2180660770501489,0.8484165668487549,0.15158343315124512,0.0254084971927934,5.402471989850091,0.06465517241379311,0.15854596347020192,2.4521775683391227
frame_017,frame_001,17,1,20,-16,True,False,427,"barrel, cask",0.868025322433685,0.1415343914366226,0.8901189565658569,0.10988104343414307,0.01754316506983581,5.483269108848104,0.0603448275862069,0.1396183962784974,2.3136762811865283
frame_017,frame_002,17,2,20,-15,False,False,427,"barrel, cask",0.48652006384808616,0.7204771369976624,0.6372848749160767,0.36271512508392334,0.02582697569910529,5.539532175541885,0.0668103448275862,0.1431984343569612,2.1433572110203225
frame_017,frame_003,17,3,20,-14,False,True,703,park bench,0.16685469120221197,1.7906319578946515,0.531470537185669,0.46852946281433105,0.017814922838995734,5.542765912026535,0.0668103448275862,0.1562546606881427,2.338779437396717
frame_017,frame_004,17,4,20,-13,False,False,830,stretcher,0.3224443622862184,1.1318246776723377,0.5783536434173584,0.4216463565826416,0.026114258900840456,5.449060942863983,0.0603448275862069,0.1474348263936457,2.443205694523271
frame_017,frame_005,17,5,20,-12,False,False,830,stretcher,0.24072281006409288,1.424109173148835,0.5384107828140259,0.4615892171859741,0.01835127541728605,5.482547472013952,0.07327586206896551,0.15582868827919122,2.126603275339551
frame_017,frame_006,17,6,20,-11,False,False,690,oxcart,0.32388002173021757,1.1273821350708035,0.6254361271858215,0.37456387281417847,0.02483901365778349,5.462960430133011,0.07758620689655173,0.19248109061036442,2.4808673900891414
frame_017,frame_007,17,7,20,-10,False,False,690,oxcart,0.6036107049566009,0.5048258170624744,0.7296586036682129,0.2703413963317871,0.02986154307901157,5.39678718100223,0.0668103448275862,0.16834421047980305,2.5197326987944715
frame_017,frame_008,17,8,20,-9,False,False,267,standard poodle,0.20806988794185663,1.5698812559956195,0.5372709035873413,0.4627290964126587,0.02659275546040193,5.420444400606454,0.05603448275862069,0.1337173965379564,2.3863412305235294
frame_017,frame_009,17,9,20,-8,False,False,671,"mountain bike, all-terrain bike, off-roader",0.5169294840091896,0.659848808342657,0.7881772518157959,0.2118227481842041,0.03492766293569849,5.743253116472652,0.16733870967741934,0.3300452884228756,1.9723188320210399
frame_017,frame_010,17,10,20,-7,False,False,671,"mountain bike, all-terrain bike, off-roader",0.5334577143699544,0.6283754721689707,0.7815133929252625,0.21848660707473755,0.03463461614733387,5.777157002754366,0.16532258064516128,0.29145716111135966,1.7629603891613952
frame_017,frame_011,17,11,20,-6,False,False,671,"mountain bike, all-terrain bike, off-roader",0.3593353280251907,1.0234992651061994,0.7744160890579224,0.22558391094207764,0.022536130471831017,5.796321437594857,0.16129032258064516,0.30408881553342976,1.8853506563072646
frame_017,frame_012,17,12,20,-5,False,False,671,"mountain bike, all-terrain bike, off-roader",0.808980639355146,0.21198029378584948,0.8865999579429626,0.11340004205703735,0.030478231824416734,5.743417848488902,0.1592741935483871,0.2909498007415328,1.8267227995924087
frame_017,frame_013,17,13,20,-4,False,False,671,"mountain bike, all-terrain bike, off-roader",0.6804922944416909,0.38493878033210915,0.820449948310852,0.17955005168914795,0.02994735869565398,5.816427563700597,0.1774193548387097,0.3135969013138642,1.76754617104178
frame_017,frame_014,17,14,20,-3,False,False,671,"mountain bike, all-terrain bike, off-roader",0.8361818751542612,0.1789091355466037,0.8835219740867615,0.11647802591323853,0.01941678518777506,5.8424203022879215,0.1975806451612903,0.3181513048543337,1.6102351755892808
frame_017,frame_015,17,15,20,-2,False,False,671,"mountain bike, all-terrain bike, off-roader",0.7605211335290226,0.2737513786760988,0.8486178517341614,0.15138214826583862,0.01607589978484808,5.821057357260168,0.2056451612903226,0.3540399681076847,1.7216061194256038
frame_017,frame_016,17,16,20,-1,False,False,671,"mountain bike, all-terrain bike, off-roader",0.5113392531473875,0.6707220085787422,0.743193507194519,0.25680649280548096,0.01576409681328773,5.837381207463054,0.18951612903225806,0.3062580333655518,1.6159998356309968
frame_017,frame_000,17,0,30,-17,False,False,427,"barrel, cask",0.7838662424572405,0.2435168822977818,0.8600332140922546,0.13996678590774536,0.03126143689505817,5.365176305578302,0.06465517241379311,0.0509846827546346,0.7885630932716817
frame_017,frame_001,17,1,30,-16,True,False,427,"barrel, cask",0.9501699689515151,0.05111439570506876,0.9550513029098511,0.044948697090148926,0.03096519788253572,5.426516849212078,0.0603448275862069,0.04941235761519496,0.8188333547660879
frame_017,frame_002,17,2,30,-15,False,False,427,"barrel, cask",0.4682223465247182,0.7588119964766911,0.6730970144271851,0.32690298557281494,0.026377963537076016,5.470126411712472,0.0668103448275862,0.04639130699406409,0.6943731111369593
frame_017,frame_003,17,3,30,-14,False,False,703,park bench,0.6101297486027049,0.49408364180539177,0.7296810746192932,0.2703189253807068,0.027738597597015958,5.460014895065196,0.0668103448275862,0.05298918180544627,0.7931283986363571
frame_017,frame_004,17,4,30,-13,False,False,703,park bench,0.5872315695098212,0.532336040337793,0.7499090433120728,0.25009095668792725,0.028104402184591783,5.423594913704123,0.0603448275862069,0.0411222042167187,0.6814536698770527
frame_017,frame_005,17,5,30,-12,False,False,176,"Saluki, gazelle hound",0.24131249009161823,1.4216625460180579,0.6165996789932251,0.3834003210067749,0.02400738915545632,5.349885418047709,0.07327586206896551,0.050852246957495,0.6939836055375789
frame_017,frame_006,17,6,30,-11,False,False,176,"Saluki, gazelle hound",0.5489991189545718,0.5996584422925249,0.7528809309005737,0.24711906909942627,0.04179523261999423,5.399495685500622,0.07758620689655173,0.09551208034516923,1.2310445911155143
frame_017,frame_007,17,7,30,-10,False,False,690,oxcart,0.44067465708484543,0.8194484148352803,0.7434937953948975,0.25650620460510254,0.042621865469140444,5.4210162974802625,0.0668103448275862,0.06911665206264116,1.034520211518242
frame_017,frame_008,17,8,30,-9,False,True,222,kuvasz,0.1429402076461117,1.945328864511132,0.5516124963760376,0.4483875036239624,0.03607275031891864,5.400717803758253,0.05603448275862069,0.05783827178395178,1.0321906964520626
frame_017,frame_009,17,9,30,-8,False,False,571,"gas pump, gasoline pump, petrol pump, island dispenser",0.6345850691844325,0.45478392802594403,0.8311722278594971,0.16882777214050293,0.013100061417993893,5.871511143106645,0.16733870967741934,0.12986134150447307,0.7760388600749234
frame_017,frame_010,17,10,30,-7,False,False,571,"gas pump, gasoline pump, petrol pump, island dispenser",0.562530125663573,0.5753105896024318,0.8046342134475708,0.1953657865524292,0.01299378017831586,5.88038346573372,0.16532258064516128,0.12194023507227386,0.7375897145835102
frame_017,frame_011,17,11,30,-6,False,False,571,"gas pump, gasoline pump, petrol pump, island dispenser",0.6864937916189195,0.3761580973417056,0.8457199931144714,0.15428000688552856,0.012842967068606983,5.874931648069312,0.16129032258064516,0.11341434336598086,0.7031689288690813
frame_017,frame_012,17,12,30,-5,False,False,671,"mountain bike, all-terrain bike, off-roader",0.5457436222758353,0.6056059697846639,0.8335968852043152,0.16640311479568481,0.013419869173754298,5.876806746006972,0.1592741935483871,0.11443550618116408,0.7184811527323719
frame_017,frame_013,17,13,30,-4,False,False,671,"mountain bike, all-terrain bike, off-roader",0.35644565131189215,1.0315735014876117,0.767928957939148,0.23207104206085205,0.014087417019660577,5.869788348258828,0.1774193548387097,0.11997591542075439,0.6762278869169792
frame_017,frame_014,17,14,30,-3,False,False,671,"mountain bike, all-terrain bike, off-roader",0.5828282025196964,0.5398628144117077,0.7884597778320312,0.21154022216796875,0.01396444363423994,5.861349230780226,0.1975806451612903,0.1464429782371714,0.7411807878126226
frame_017,frame_015,17,15,30,-2,False,False,571,"gas pump, gasoline pump, petrol pump, island dispenser",0.5510674699935721,0.5958980272465433,0.8316784501075745,0.16832154989242554,0.013833460409693955,5.860030313334924,0.2056451612903226,0.17874437806847235,0.8691883482545322
frame_017,frame_016,17,16,30,-1,False,False,571,"gas pump, gasoline pump, petrol pump, island dispenser",0.48511334441438153,0.7233727155247367,0.7484867572784424,0.2515132427215576,0.014083923740005527,5.848996091161775,0.18951612903225806,0.12867219860239326,0.6789511756041177
frame_017,frame_000,17,0,40,-17,False,False,427,"barrel, cask",0.863487600759869,0.14677574078064293,0.9134289026260376,0.0865710973739624,0.08936945330984451,4.043199957233772,0.06465517241379311,0.6604367919007547,10.214755714731671
frame_017,frame_001,17,1,40,-16,True,False,427,"barrel, cask",0.9618308013492145,0.03891672595888751,0.9681369066238403,0.03186309337615967,0.08138078209768373,4.078272258396034,0.0603448275862069,0.5871417006013879,9.729776752823
frame_017,frame_002,17,2,40,-15,False,False,427,"barrel, cask",0.7010252038733312,0.35521143842365266,0.7950271368026733,0.20497286319732666,0.0572303357666127,4.147953926093604,0.0668103448275862,0.6224281755789133,9.31634430543922
frame_017,frame_003,17,3,40,-14,False,False,703,park bench,0.6030923609431394,0.5056849249242017,0.7996759414672852,0.20032405853271484,0.04463702320934679,4.302503672211907,0.0668103448275862,0.5955543289008997,8.91410350354895
frame_017,frame_004,17,4,40,-13,False,False,703,park bench,0.7760661143030261,0.2535175635840279,0.8337574601173401,0.1662425398826599,0.07585608309479919,4.266988199937881,0.0603448275862069,0.5773081113966011,9.566820131715103
frame_017,frame_005,17,5,40,-12,False,False,703,park bench,0.3753318199231409,0.9799447911350967,0.7043607234954834,0.2956392765045166,0.058882114759777254,4.285569254753612,0.07327586206896551,0.5622631968638322,7.6732389219064165
frame_017,frame_006,17,6,40,-11,False,False,690,oxcart,0.37864694573165647,0.9711510496593627,0.6845386028289795,0.3154613971710205,0.0414818276196951,4.284283161710519,0.07758620689655173,0.6484373116949104,8.35763646184551
frame_017,frame_007,17,7,40,-10,False,False,690,oxcart,0.7344646104573682,0.30861346634332465,0.820521354675293,0.17947864532470703,0.074409654924852,4.149385265770008,0.0668103448275862,0.6507732077970008,9.740605432832528
frame_017,frame_008,17,8,40,-9,False,True,222,kuvasz,0.44056485511993654,0.8196976137510266,0.6575150489807129,0.3424849510192871,0.09373918183050596,4.098420251768106,0.05603448275862069,0.6264426310920561,11.179591570258232
frame_017,frame_009,17,9,40,-8,False,False,571,"gas pump, gasoline pump, petrol pump, island dispenser",0.7988403630742438,0.22459414907979536,0.8685666918754578,0.13143330812454224,0.061607141309354616,4.756617318185775,0.16733870967741934,0.593777673439622,3.548358144892199
frame_017,frame_010,17,10,40,-7,False,False,571,"gas pump, gasoline pump, petrol pump, island dispenser",0.6523561264960704,0.42716465988952246,0.8008508086204529,0.19914919137954712,0.060032170809861785,4.8696651127234265,0.16532258064516128,0.5710620032962438,3.4542287028650844
frame_017,frame_011,17,11,40,-6,False,False,571,"gas pump, gasoline pump, petrol pump, island dispenser",0.7208918042204958,0.3272662164522986,0.8325523734092712,0.16744762659072876,0.045435066950497795,4.834670590477946,0.16129032258064516,0.6091052937719096,3.7764528213858397
frame_017,frame_012,17,12,40,-5,False,False,571,"gas pump, gasoline pump, petrol pump, island dispenser",0.4970275742283279,0.699109773079817,0.8080443143844604,0.19195568561553955,0.05063390835967411,4.869953258385875,0.1592741935483871,0.6046036284574683,3.7959924014544844
frame_017,frame_013,17,13,40,-4,False,False,571,"gas pump, gasoline pump, petrol pump, island dispenser",0.34856367835772056,1.0539343442170408,0.7257752418518066,0.27422475814819336,0.09047326462247375,4.635623374155985,0.1774193548387097,0.6228720253945587,3.510733234042058
frame_017,frame_014,17,14,40,-3,False,False,671,"mountain bike, all-terrain bike, off-roader",0.3190115046347506,1.1425281121618691,0.7346013188362122,0.26539868116378784,0.05677507474135273,4.888700905122618,0.1975806451612903,0.5712946250346572,2.8914503471141835
frame_017,frame_015,17,15,40,-2,False,False,571,"gas pump, gasoline pump, petrol pump, island dispenser",0.6288486122950898,0.46386473122578,0.8167562484741211,0.1832437515258789,0.04100218385690903,4.953578306832722,0.2056451612903226,0.6057201773629052,2.9454628232549114
frame_017,frame_016,17,16,40,-1,False,False,571,"gas pump, gasoline pump, petrol pump, island dispenser",0.44209136257100196,0.8162387156151625,0.7271074056625366,0.2728925943374634,0.029431855146578343,5.165090351317224,0.18951612903225806,0.5188782135275434,2.7379105735070373
frame_017,frame_000,17,0,50,-17,False,False,427,"barrel, cask",0.6244497692334475,0.47088438622480067,0.8539811372756958,0.1460188627243042,0.07838744041849306,4.460554629104925,0.06465517241379311,0.4144008122989713,6.409399230224089
frame_017,frame_001,17,1,50,-16,True,False,427,"barrel, cask",0.9100367822350667,0.09427026024957423,0.9392679333686829,0.06073206663131714,0.04195351933037044,4.712126853205719,0.0603448275862069,0.3683192891670686,6.103576791911422
frame_017,frame_002,17,2,50,-15,False,False,427,"barrel, cask",0.3712833163615178,0.9907898518505887,0.7068184614181519,0.29318153858184814,0.07515576545516323,4.656056665620163,0.0668103448275862,0.4107993506951393,6.148738668469182
frame_017,frame_003,17,3,50,-14,False,False,703,park bench,0.7416860636220446,0.29882922019363267,0.8166495561599731,0.18335044384002686,0.06698310411463008,4.726559668950011,0.0668103448275862,0.3727296506202353,5.5789212221867475
frame_017,frame_004,17,4,50,-13,False,False,703,park bench,0.8383050804104621,0.1763731869839562,0.8759288191795349,0.12407118082046509,0.06744061285049144,4.564848528161454,0.0603448275862069,0.34309605267009513,5.685591729961576
frame_017,frame_005,17,5,50,-12,False,False,703,park bench,0.44425318025909044,0.8113606532581086,0.7431313991546631,0.2568686008453369,0.08931989993181853,4.5836349508361405,0.07327586206896551,0.3828720491539415,5.225077376689085
frame_017,frame_006,17,6,50,-11,False,False,690,oxcart,0.4549769553539817,0.7875085088874849,0.7062128782272339,0.2937871217727661,0.06468743796363037,4.525959990936104,0.07758620689655173,0.4935054227074344,6.360736559340266
frame_017,frame_007,17,7,50,-10,False,False,690,oxcart,0.7337103618181345,0.3096409306712564,0.8394277691841125,0.16057223081588745,0.07032200644551088,4.466507421759582,0.0668103448275862,0.40235087085231336,6.022284002434626
frame_017,frame_008,17,8,50,-9,False,True,222,kuvasz,0.4627544616650272,0.770558685943401,0.7027443051338196,0.2972556948661804,0.048318953225323785,4.466280564265336,0.05603448275862069,0.3505411058772189,6.255810504885752
frame_017,frame_009,17,9,50,-8,False,False,571,"gas pump, gasoline pump, petrol pump, island dispenser",0.5667037539206402,0.567918591652325,0.8340975046157837,0.1659024953842163,0.03441359150701058,5.027617236979564,0.16733870967741934,0.4686726713696905,2.800742710835741
frame_017,frame_010,17,10,50,-7,False,False,571,"gas pump, gasoline pump, petrol pump, island dispenser",0.36612791650554793,1.004772507992159,0.7771263122558594,0.22287368774414062,0.033882271715199655,5.0884588662274615,0.16532258064516128,0.43552845626209746,2.6344160281219553
frame_017,frame_011,17,11,50,-6,False,False,870,"tricycle, trike, velocipede",0.45329033279887027,0.7912224475392247,0.8291758298873901,0.17082417011260986,0.043607219476364124,5.031966116940365,0.16129032258064516,0.43959123761414964,2.725465673207728
frame_017,frame_012,17,12,50,-5,False,False,671,"mountain bike, all-terrain bike, off-roader",0.39534910969388337,0.9279860824118789,0.8169245719909668,0.1830754280090332,0.030428746850061087,5.092321624524271,0.1592741935483871,0.44262395447651925,2.779006093928526
frame_017,frame_013,17,13,50,-4,False,False,870,"tricycle, trike, velocipede",0.6549225958156184,0.4232382246573212,0.8402763605117798,0.15972363948822021,0.03523043500782628,5.038774014033404,0.1774193548387097,0.4154458390341523,2.3416038200106764
frame_017,frame_014,17,14,50,-3,False,False,671,"mountain bike, all-terrain bike, off-roader",0.6560895089594831,0.42145805276145865,0.8247038722038269,0.1752961277961731,0.06028690228466864,5.017668814444743,0.1975806451612903,0.3955287512491092,2.0018598022403893
frame_017,frame_015,17,15,50,-2,False,False,671,"mountain bike, all-terrain bike, off-roader",0.5004336253818422,0.692280305640919,0.7848491668701172,0.2151508331298828,0.039771369761741386,5.104866835409263,0.2056451612903226,0.5206894616868866,2.5319801274185854
frame_017,frame_016,17,16,50,-1,False,False,571,"gas pump, gasoline pump, petrol pump, island dispenser",0.37157312957982935,0.9900095847219972,0.7360782027244568,0.2639217972755432,0.036007624145015085,5.184791009616901,0.18951612903225806,0.3304531190599462,1.7436675218482267
