source_frame,target_frame,source_index,target_index,tick,gap,row_max_certainty,row_min_certainty,target_pred_label,target_pred_name,target_pred_confidence,target_self_nll_loss,target_certainty_score,target_uncertainty_score,attention_peak,attention_entropy,subject_area_fraction,subject_attention_mass,subject_lift
frame_000,frame_001,0,1,5,1,False,False,231,collie,0.5982624107480943,0.5137258073221709,0.7084052562713623,0.2915947437286377,0.03224370594671637,5.428902383734101,0.07327586206896551,0.3565326325803021,4.865621809331182
frame_000,frame_002,0,2,5,2,False,False,231,collie,0.5051991725025369,0.6828025264672832,0.6923214793205261,0.3076785206794739,0.02819742636615835,5.50896005837144,0.05387931034482758,0.2767900929848137,5.137224125798143
frame_000,frame_003,0,3,5,3,False,False,231,collie,0.6013471177663268,0.5085829441756742,0.728653073310852,0.27134692668914795,0.021322155227649523,5.468676059850886,0.0625,0.3366543875909558,5.3864702014552925
frame_000,frame_004,0,4,5,4,False,False,231,collie,0.3713914510575385,0.9904986484826308,0.6056313514709473,0.39436864852905273,0.015021786197544839,5.615152530213605,0.11206896551724138,0.41455933365673525,3.6991448233985604
frame_000,frame_005,0,5,5,5,False,False,231,collie,0.3903884445702171,0.9406130238304962,0.6162307858467102,0.3837692141532898,0.01997776703296468,5.6547354536985885,0.14224137931034483,0.4097800277176509,2.8808777706210607
frame_000,frame_006,0,6,5,6,True,False,231,collie,0.9317902147448636,0.07064758110890246,0.932326078414917,0.06767392158508301,0.017751913294650482,5.535498010770178,0.1853448275862069,0.5220689112494218,2.8167438932526943
frame_000,frame_007,0,7,5,7,False,False,231,collie,0.9010298358278956,0.1042169077956494,0.9040008187294006,0.09599918127059937,0.02196744642768158,5.486048854816291,0.14439655172413793,0.4817510512398292,3.3363057876907574
frame_000,frame_008,0,8,5,8,False,False,231,collie,0.8690955630221894,0.14030219080754858,0.8740642070770264,0.12593579292297363,0.017105068955195812,5.571344400258974,0.1314655172413793,0.4597379177008294,3.4970228493964726
frame_000,frame_009,0,9,5,9,False,False,231,collie,0.37113392380961074,0.9911923008936334,0.5794380903244019,0.42056190967559814,0.017742130970838918,5.640708229648517,0.1206896551724138,0.41056929959565336,3.4018599109354133
frame_000,frame_010,0,10,5,10,False,False,231,collie,0.24434715361517115,1.4091653041360672,0.5374478101730347,0.46255218982696533,0.0169701636177035,5.689998127141605,0.1314655172413793,0.3864420637849781,2.9394937310857348
frame_000,frame_011,0,11,5,11,False,False,231,collie,0.5476263221319463,0.6021621185493293,0.6463695764541626,0.3536304235458374,0.016197087025649506,5.649251863378721,0.1314655172413793,0.4329624761649121,3.293353917057692
frame_000,frame_012,0,12,5,12,False,True,781,scoreboard,0.15843736900274913,1.8423959120040827,0.5342622995376587,0.4657377004623413,0.013548965777022274,5.800740777416217,0.15301724137931033,0.2883991873950512,1.8847496190324475
frame_000,frame_001,0,1,10,1,True,False,264,"Cardigan, Cardigan Welsh corgi",0.9116268543208291,0.09252452359690277,0.9284520745277405,0.07154792547225952,0.1353939624339943,4.1082413639041295,0.07327586206896551,0.566251223424321,7.727663754967205
frame_000,frame_002,0,2,10,2,False,False,264,"Cardigan, Cardigan Welsh corgi",0.5648679166987625,0.5711633509199099,0.7461020946502686,0.25389790534973145,0.10326584433582911,4.448765338181273,0.05387931034482758,0.5250596965428777,9.74510796783581
frame_000,frame_003,0,3,10,3,False,False,231,collie,0.6468348654759634,0.43566424816184934,0.8000398874282837,0.1999601125717163,0.07656417821223907,4.472837864416219,0.0625,0.5628965222935626,9.006344356697001
frame_000,frame_004,0,4,10,4,False,False,231,collie,0.2616789552101576,1.3406368883839566,0.6009323596954346,0.39906764030456543,0.05998265729769889,4.905319891610976,0.11206896551724138,0.6029657095618575,5.380309408398113
frame_000,frame_005,0,5,10,5,False,False,231,collie,0.3793890032201871,0.9691932065607829,0.6527155637741089,0.3472844362258911,0.07422701210358264,4.854896613647807,0.14224137931034483,0.6081317368902965,4.275350392683297
frame_000,frame_006,0,6,10,6,False,False,231,collie,0.5684767194091527,0.5647949175374407,0.8315613865852356,0.1684386134147644,0.09448734507943295,4.512450192381297,0.1853448275862069,0.6889140382647292,3.716931555288771
frame_000,frame_007,0,7,10,7,False,False,231,collie,0.41542530195850047,0.8784524595286607,0.7953131198883057,0.20468688011169434,0.06996712625837383,4.259237400536255,0.14439655172413793,0.7338392063427336,5.082110324522811
frame_000,frame_008,0,8,10,8,False,False,231,collie,0.41081974495084816,0.8896007374507464,0.7646806836128235,0.2353193163871765,0.08386385514842445,4.673012531459853,0.1314655172413793,0.66866513434136,5.086239710399853
frame_000,frame_009,0,9,10,9,False,False,231,collie,0.23927818508063844,1.430128449607973,0.6027849316596985,0.3972150683403015,0.0310660007344025,5.214632243582084,0.1206896551724138,0.5173305764359102,4.286453347611827
frame_000,frame_010,0,10,10,10,False,True,231,collie,0.1855532752781129,1.6844132399034146,0.5229740142822266,0.47702598571777344,0.030446001930666107,5.350284903450364,0.1314655172413793,0.42705588005916045,3.248425054876237
frame_000,frame_011,0,11,10,11,False,False,231,collie,0.691072174919034,0.3695110107137971,0.7968235015869141,0.20317649841308594,0.03333298124319524,5.280109962603125,0.1314655172413793,0.4831757791352619,3.675304287192812
frame_000,frame_012,0,12,10,12,False,False,574,golf ball,0.3938453315946968,0.9317970061601397,0.6436589956283569,0.35634100437164307,0.05014789143247769,5.434416915167855,0.15301724137931033,0.28198432235330495,1.842827120731458
frame_000,frame_001,0,1,20,1,False,False,264,"Cardigan, Cardigan Welsh corgi",0.4520252316184475,0.794017278543198,0.722579300403595,0.27742069959640503,0.01815433034318606,5.570660842203166,0.07327586206896551,0.16143150663455222,2.203065267012713
frame_000,frame_002,0,2,20,2,False,False,733,pole,0.29805581724851693,1.2104745038132723,0.6398824453353882,0.3601175546646118,0.0216866580009575,5.619343610077028,0.05387931034482758,0.13862625795884495,2.5729033477161622
frame_000,frame_003,0,3,20,3,False,False,231,collie,0.3179846799214314,1.1457520737101776,0.68892502784729,0.31107497215270996,0.02703543787190297,5.589127811194301,0.0625,0.1441378514769282,2.3062056236308512
frame_000,frame_004,0,4,20,4,False,False,843,swing,0.3848389812308398,0.9549302627463974,0.6634713411331177,0.3365286588668823,0.01921240235191243,5.688879890450585,0.11206896551724138,0.17894221008572836,1.5967151053803452
frame_000,frame_005,0,5,20,5,False,False,157,papillon,0.21687339652618676,1.5284415218475422,0.6262565851211548,0.3737434148788452,0.021129324813314025,5.6622806454128725,0.14224137931034483,0.20168008178594438,1.4178720901314876
frame_000,frame_006,0,6,20,6,True,False,231,collie,0.6420793947989916,0.4430433150272197,0.8452891707420349,0.1547108292579651,0.01758920819500866,5.657729152383175,0.1853448275862069,0.28901410784328113,1.5593319306893307
frame_000,frame_007,0,7,20,7,False,False,231,collie,0.5157331334033264,0.6621658306128877,0.7834166884422302,0.21658331155776978,0.019837675784154667,5.623941787699101,0.14439655172413793,0.23596171265423935,1.634122905545777
frame_000,frame_008,0,8,20,8,False,False,231,collie,0.4059273230159157,0.9015811427540936,0.690827488899231,0.30917251110076904,0.020455755595951277,5.675760784177059,0.1314655172413793,0.23061830926487908,1.7542114016213755
frame_000,frame_009,0,9,20,9,False,False,157,papillon,0.2937166381220507,1.225139792324062,0.6134293079376221,0.38657069206237793,0.027480361615879342,5.59692616391197,0.1206896551724138,0.160140634993307,1.3268795470874009
frame_000,frame_010,0,10,20,10,False,True,241,EntleBucher,0.3328026286638602,1.10020567143689,0.5907730460166931,0.4092269539833069,0.024697134180158557,5.6113399520564045,0.1314655172413793,0.1305774834021374,0.9932451196490452
frame_000,frame_011,0,11,20,11,False,False,230,"Shetland sheepdog, Shetland sheep dog, Shetland",0.3236297259501154,1.128155237849458,0.676164984703064,0.32383501529693604,0.02619961766932519,5.612520437827059,0.1314655172413793,0.13353616773435356,1.015750521782624
frame_000,frame_012,0,12,20,12,False,False,843,swing,0.4094692180195468,0.8928935481858308,0.6447311639785767,0.35526883602142334,0.03633871788758014,5.522473610290335,0.15301724137931033,0.09556477855105072,0.6245360175730639
frame_000,frame_001,0,1,30,1,False,False,264,"Cardigan, Cardigan Welsh corgi",0.6795521711751118,0.3863212695669579,0.7822109460830688,0.21778905391693115,0.01771382781721524,5.673985788707134,0.07327586206896551,0.03909748167502704,0.5335656322709572
frame_000,frame_002,0,2,30,2,False,False,733,pole,0.2855316305258921,1.2534024660897514,0.651993453502655,0.34800654649734497,0.018407074870305736,5.657214160497398,0.05387931034482758,0.02329597860524136,0.43237336291327966
frame_000,frame_003,0,3,30,3,False,False,157,papillon,0.3219091073571446,1.1334860485732674,0.690281867980957,0.30971813201904297,0.021568295115787874,5.667368058333516,0.0625,0.019532025299742885,0.31251240479588616
frame_000,frame_004,0,4,30,4,False,False,843,swing,0.4051854410664489,0.9034104374938634,0.6844227313995361,0.31557726860046387,0.018207697278871716,5.670906410292362,0.11206896551724138,0.03702751300196424,0.3303993467867578
frame_000,frame_005,0,5,30,5,False,False,157,papillon,0.3090277132628346,1.1743243191712844,0.6553119421005249,0.3446880578994751,0.02594631464150317,5.627533141551303,0.14224137931034483,0.0678922457529723,0.4773030610511992
frame_000,frame_006,0,6,30,6,True,False,232,Border collie,0.5124680510834863,0.6685169092620469,0.8368487358093262,0.16315126419067383,0.04061217274612078,5.604772243921619,0.1853448275862069,0.09459667904221995,0.5103820822743029
frame_000,frame_007,0,7,30,7,False,False,232,Border collie,0.4824619611761159,0.7288531982515838,0.7545639872550964,0.24543601274490356,0.02297097059603795,5.704237599590977,0.14439655172413793,0.05784320558508874,0.40058578196240563
frame_000,frame_008,0,8,30,8,False,False,231,collie,0.2749163055275457,1.291288571173656,0.689440906047821,0.31055909395217896,0.02688574646200544,5.655406046747918,0.1314655172413793,0.05204066644677582,0.3958503152672784
frame_000,frame_009,0,9,30,9,False,False,157,papillon,0.26674166618425477,1.3214746313342225,0.6274216175079346,0.37257838249206543,0.031038659756844448,5.65685082382266,0.1206896551724138,0.03937885023070157,0.3262819019115273
frame_000,frame_010,0,10,30,10,False,True,843,swing,0.2541318511993387,1.3699020474389925,0.5763705968856812,0.42362940311431885,0.028449400011971132,5.6183673654822615,0.1314655172413793,0.037093716595282065,0.2821554836100144
frame_000,frame_011,0,11,30,11,False,False,231,collie,0.5267059001000401,0.6411129505429285,0.6903848648071289,0.3096151351928711,0.017636440818804458,5.676031598065897,0.1314655172413793,0.03394255473485303,0.25818599011429194
frame_000,frame_012,0,12,30,12,False,False,843,swing,0.2946446931393798,1.2219850785871031,0.5812855958938599,0.41871440410614014,0.020106155293940338,5.674938500930238,0.15301724137931033,0.06777356568737987,0.4429145701259755
frame_000,frame_001,0,1,40,1,False,False,264,"Cardigan, Cardigan Welsh corgi",0.8244775093016993,0.19300541533913207,0.8689039349555969,0.13109606504440308,0.13961735622194588,3.627568849913918,0.07327586206896551,0.6756467111274629,9.220590410680671
frame_000,frame_002,0,2,40,2,False,False,264,"Cardigan, Cardigan Welsh corgi",0.3433294687240472,1.069064742633468,0.6805108189582825,0.31948918104171753,0.10418311390000275,3.7927586303465404,0.05387931034482758,0.6581703766161237,12.215642189995256
frame_000,frame_003,0,3,40,3,False,True,157,papillon,0.20089073177223193,1.6049941417633524,0.661342442035675,0.33865755796432495,0.08056208926458973,3.969765535167982,0.0625,0.6680521329384617,10.688834127015387
frame_000,frame_004,0,4,40,4,True,False,843,swing,0.8876100875175972,0.11922272305182391,0.9029132127761841,0.09708678722381592,0.06505443169906365,4.33966743278031,0.11206896551724138,0.783955419248426,6.995294510216724
frame_000,frame_005,0,5,40,5,False,False,843,swing,0.6798033760840707,0.38595167544226405,0.794033944606781,0.205966055393219,0.0958879886745204,4.343402765534774,0.14224137931034483,0.7459467082638642,5.244231403552015
frame_000,frame_006,0,6,40,6,False,False,232,Border collie,0.43726057639049515,0.8272259769471555,0.8199623227119446,0.18003767728805542,0.07722346905510444,4.242792494880125,0.1853448275862069,0.7835614566484033,4.22758739400999
frame_000,frame_007,0,7,40,7,False,False,232,Border collie,0.3664198834913445,1.0039753804838714,0.7503710985183716,0.24962890148162842,0.0703683363145357,3.878844122907707,0.14439655172413793,0.8408438944607545,5.823157716862538
frame_000,frame_008,0,8,40,8,False,False,217,"English springer, English springer spaniel",0.3548092000842764,1.0361750985439002,0.7138270735740662,0.28617292642593384,0.06090941410201003,4.16749436847838,0.1314655172413793,0.8433347900881222,6.414874468867028
frame_000,frame_009,0,9,40,9,False,False,843,swing,0.5542190647978037,0.5901952465714992,0.7417099475860596,0.25829005241394043,0.038577325729139425,4.582965218058303,0.1206896551724138,0.7796823275111837,6.460224999378379
frame_000,frame_010,0,10,40,10,False,False,843,swing,0.7432990718627445,0.296656795922805,0.8044918775558472,0.19550812244415283,0.05757861555416026,4.702616103668264,0.1314655172413793,0.7085044409425244,5.3892796819234645
frame_000,frame_011,0,11,40,11,False,False,843,swing,0.494094261486086,0.7050289672717767,0.732085108757019,0.26791489124298096,0.04705544585032516,4.637311737732082,0.1314655172413793,0.7446689246244178,5.664366902061145
frame_000,frame_012,0,12,40,12,False,False,843,swing,0.8171597231298252,0.2019207036827706,0.8517431020736694,0.14825689792633057,0.08867873211281094,4.84169169782659,0.15301724137931033,0.5055481177795409,3.303863755629676
frame_000,frame_001,0,1,50,1,True,False,264,"Cardigan, Cardigan Welsh corgi",0.8044999218203579,0.2175344097276306,0.8699735403060913,0.1300264596939087,0.0567258159622303,5.023376468173643,0.07327586206896551,0.31299413301388046,4.271449344660016
frame_000,frame_002,0,2,50,2,False,False,264,"Cardigan, Cardigan Welsh corgi",0.40152356120697297,0.912489064360752,0.7190396785736084,0.2809603214263916,0.048119115675655376,5.149398116705828,0.05387931034482758,0.25235562684326196,4.683720434210942
frame_000,frame_003,0,3,50,3,False,False,157,papillon,0.3236380948430102,1.1281293787147182,0.6796850562095642,0.3203149437904358,0.03233510253278577,5.2983782328283535,0.0625,0.24687895054666142,3.950063208746583
frame_000,frame_004,0,4,50,4,False,False,843,swing,0.21662680044519625,1.5295792196355107,0.6114838123321533,0.3885161876678467,0.03685544033621111,5.330435360416607,0.11206896551724138,0.24529509219262208,2.188786976488012
frame_000,frame_005,0,5,50,5,False,False,157,papillon,0.3461824337718234,1.0607893776434016,0.6588254570960999,0.34117454290390015,0.04950312542025567,5.3404661645859015,0.14224137931034483,0.3263855886323465,2.2945895928092237
frame_000,frame_006,0,6,50,6,False,False,232,Border collie,0.42489850906651994,0.8559049407719286,0.8024780750274658,0.19752192497253418,0.035851404271646015,5.261484472406599,0.1853448275862069,0.47940904524894074,2.586579034831494
frame_000,frame_007,0,7,50,7,False,False,217,"English springer, English springer spaniel",0.5023117149833558,0.6885344058157348,0.7921950817108154,0.20780491828918457,0.037525057907268226,5.164070755039363,0.14439655172413793,0.4445248751332788,3.078500627788677
frame_000,frame_008,0,8,50,8,False,False,217,"English springer, English springer spaniel",0.6660106204626458,0.4064496619282849,0.8051934242248535,0.19480657577514648,0.029138298990398867,5.36503763213344,0.1314655172413793,0.36304320401059875,2.7615089616543904
frame_000,frame_009,0,9,50,9,False,False,157,papillon,0.3653047587597041,1.007023318275047,0.6683807373046875,0.3316192626953125,0.05113957037544248,5.268861873516135,0.1206896551724138,0.22768180500824872,1.8865063843540608
frame_000,frame_010,0,10,50,10,False,True,261,keeshond,0.19055594013719332,1.6578094785076765,0.5870903730392456,0.4129096269607544,0.054835006739187384,5.345638711157676,0.1314655172413793,0.15528916663791098,1.1812159560654212
frame_000,frame_011,0,11,50,11,False,False,231,collie,0.3761394464549211,0.9777953361156931,0.6441036462783813,0.35589635372161865,0.07513367288936683,5.202224529175852,0.1314655172413793,0.19198087372783262,1.4603135313067925
frame_000,frame_012,0,12,50,12,False,False,843,swing,0.2876263477756579,1.2460930447595924,0.587493896484375,0.412506103515625,0.138120765822291,4.983182233910174,0.15301724137931033,0.08363349332293961,0.5465625479132955
frame_001,frame_000,1,0,5,-1,False,False,231,collie,0.6231023347291545,0.47304451248158275,0.725263774394989,0.274736225605011,0.023689443527171904,5.525164684788088,0.10129310344827586,0.37818021264644963,3.7335238014458008
frame_001,frame_002,1,2,5,1,False,False,231,collie,0.5051991725025369,0.6828025264672832,0.6923214793205261,0.3076785206794739,0.02590350865422391,5.530187683973668,0.05387931034482758,0.2636556721211485,4.893449274568516
frame_001,frame_003,1,3,5,2,False,False,231,collie,0.6013471177663268,0.5085829441756742,0.728653073310852,0.27134692668914795,0.02123365925291824,5.495538506834849,0.0625,0.3209281472938302,5.134850356701283
frame_001,frame_004,1,4,5,3,False,False,231,collie,0.3713914510575385,0.9904986484826308,0.6056313514709473,0.39436864852905273,0.014633200209293155,5.6365373322263554,0.11206896551724138,0.39110976095465855,3.4899024823646454
frame_001,frame_005,1,5,5,4,False,False,231,collie,0.3903884445702171,0.9406130238304962,0.6162307858467102,0.3837692141532898,0.018714234336387147,5.67657462478366,0.14224137931034483,0.38535312694779983,2.709149256117865
frame_001,frame_006,1,6,5,5,True,False,231,collie,0.9317902147448636,0.07064758110890246,0.932326078414917,0.06767392158508301,0.017542917469788127,5.577300149088837,0.1853448275862069,0.4993897838365179,2.6943820895365613
frame_001,frame_007,1,7,5,6,False,False,231,collie,0.9010298358278956,0.1042169077956494,0.9040008187294006,0.09599918127059937,0.020358644402464664,5.52033145259254,0.14439655172413793,0.46000929694359755,3.1857360265944665
frame_001,frame_008,1,8,5,7,False,False,231,collie,0.8690955630221894,0.14030219080754858,0.8740642070770264,0.12593579292297363,0.016231510855578214,5.598298147986862,0.1314655172413793,0.4385142178083505,3.3355835584110594
frame_001,frame_009,1,9,5,8,False,False,231,collie,0.37113392380961074,0.9911923008936334,0.5794380903244019,0.42056190967559814,0.01599519326398415,5.648288583891166,0.1206896551724138,0.387860956387322,3.213705067209239
frame_001,frame_010,1,10,5,9,False,False,231,collie,0.24434715361517115,1.4091653041360672,0.5374478101730347,0.46255218982696533,0.014411556439467893,5.700537441867914,0.1314655172413793,0.3608357441341127,2.7447177914463654
frame_001,frame_011,1,11,5,10,False,False,231,collie,0.5476263221319463,0.6021621185493293,0.6463695764541626,0.3536304235458374,0.016190765326490265,5.6578589328944835,0.1314655172413793,0.40787494224043025,3.102524150812453
frame_001,frame_012,1,12,5,11,False,True,781,scoreboard,0.15843736900274913,1.8423959120040827,0.5342622995376587,0.4657377004623413,0.013639803978897063,5.782064243588576,0.15301724137931033,0.2683281403756568,1.7535810863986585
frame_001,frame_000,1,0,10,-1,False,False,264,"Cardigan, Cardigan Welsh corgi",0.29421961739541624,1.2234287925639613,0.7452889084815979,0.2547110915184021,0.12481498793365604,4.31617774740461,0.10129310344827586,0.5794745756082228,5.720770278345008
frame_001,frame_002,1,2,10,1,False,False,264,"Cardigan, Cardigan Welsh corgi",0.5648679166987625,0.5711633509199099,0.7461020946502686,0.25389790534973145,0.09744202436146927,4.494697678010503,0.05387931034482758,0.5203488746227631,9.657675112998485
frame_001,frame_003,1,3,10,2,False,False,231,collie,0.6468348654759634,0.43566424816184934,0.8000398874282837,0.1999601125717163,0.07053179372670688,4.534267474092024,0.0625,0.5459532899426359,8.735252639082175
frame_001,frame_004,1,4,10,3,False,False,231,collie,0.2616789552101576,1.3406368883839566,0.6009323596954346,0.39906764030456543,0.057851650153757185,4.977708059854924,0.11206896551724138,0.586376506542902,5.232282673767433
frame_001,frame_005,1,5,10,4,False,False,231,collie,0.3793890032201871,0.9691932065607829,0.6527155637741089,0.3472844362258911,0.08369501059305783,4.822433113843526,0.14224137931034483,0.6063565510919388,4.262870298585751
frame_001,frame_006,1,6,10,5,True,False,231,collie,0.5684767194091527,0.5647949175374407,0.8315613865852356,0.1684386134147644,0.08443876414436194,4.524284065347425,0.1853448275862069,0.6848083563572609,3.6947799691833607
frame_001,frame_007,1,7,10,6,False,False,231,collie,0.41542530195850047,0.8784524595286607,0.7953131198883057,0.20468688011169434,0.06440071867201928,4.298095804519144,0.14439655172413793,0.723629541540134,5.011404586188391
frame_001,frame_008,1,8,10,7,False,False,231,collie,0.41081974495084816,0.8896007374507464,0.7646806836128235,0.2353193163871765,0.07586492619501604,4.742200442909061,0.1314655172413793,0.6596053035482814,5.017325587645944
frame_001,frame_009,1,9,10,8,False,False,231,collie,0.23927818508063844,1.430128449607973,0.6027849316596985,0.3972150683403015,0.03152086999364749,5.230579563738154,0.1206896551724138,0.5075166449311823,4.205137915144082
frame_001,frame_010,1,10,10,9,False,True,231,collie,0.1855532752781129,1.6844132399034146,0.5229740142822266,0.47702598571777344,0.02673011281002957,5.3843189298712915,0.1314655172413793,0.40803442910579846,3.103737296804762
frame_001,frame_011,1,11,10,10,False,False,231,collie,0.691072174919034,0.3695110107137971,0.7968235015869141,0.20317649841308594,0.040529132026761186,5.288956699867568,0.1314655172413793,0.4757979092953743,3.619184096935306
frame_001,frame_012,1,12,10,11,False,False,574,golf ball,0.3938453315946968,0.9317970061601397,0.6436589956283569,0.35634100437164307,0.05895199669191373,5.417512132155887,0.15301724137931033,0.27873425986199907,1.8215872757178533
frame_001,frame_000,1,0,20,-1,False,False,232,Border collie,0.2500209374186075,1.3862106149522688,0.6607745289802551,0.3392254710197449,0.024025384156308453,5.570776411942723,0.10129310344827586,0.18694255739010465,1.8455605665746504
frame_001,frame_002,1,2,20,1,False,False,733,pole,0.29805581724851693,1.2104745038132723,0.6398824453353882,0.3601175546646118,0.02169937105917512,5.576071465563259,0.05387931034482758,0.14587534975985392,2.707446491542889
frame_001,frame_003,1,3,20,2,False,False,231,collie,0.3179846799214314,1.1457520737101776,0.68892502784729,0.31107497215270996,0.02579657184331904,5.569745620479154,0.0625,0.1398684727622613,2.237895564196181
frame_001,frame_004,1,4,20,3,False,False,843,swing,0.3848389812308398,0.9549302627463974,0.6634713411331177,0.3365286588668823,0.016518190442787226,5.648541615271151,0.11206896551724138,0.18055004182216275,1.6110619116439138
frame_001,frame_005,1,5,20,4,False,False,157,papillon,0.21687339652618676,1.5284415218475422,0.6262565851211548,0.3737434148788452,0.021051760517548826,5.633310579735984,0.14224137931034483,0.2003659089024136,1.4086330565260592
frame_001,frame_006,1,6,20,5,True,False,231,collie,0.6420793947989916,0.4430433150272197,0.8452891707420349,0.1547108292579651,0.01608505850570493,5.624282869839586,0.1853448275862069,0.2962205843594251,1.5982133853810843
frame_001,frame_007,1,7,20,6,False,False,231,collie,0.5157331334033264,0.6621658306128877,0.7834166884422302,0.21658331155776978,0.016626438158146867,5.5887121760308,0.14439655172413793,0.23748253406062103,1.6446551612556441
frame_001,frame_008,1,8,20,7,False,False,231,collie,0.4059273230159157,0.9015811427540936,0.690827488899231,0.30917251110076904,0.016582485392384858,5.667227360829868,0.1314655172413793,0.23037033794811018,1.7523251935725102
frame_001,frame_009,1,9,20,8,False,False,157,papillon,0.2937166381220507,1.225139792324062,0.6134293079376221,0.38657069206237793,0.02422685025441594,5.565757945794727,0.1206896551724138,0.155109791965599,1.2851954191435344
frame_001,frame_010,1,10,20,9,False,True,241,EntleBucher,0.3328026286638602,1.10020567143689,0.5907730460166931,0.4092269539833069,0.02214273631065967,5.583432120685023,0.1314655172413793,0.11870510439011486,0.9029371874920212
frame_001,frame_011,1,11,20,10,False,False,230,"Shetland sheepdog, Shetland sheep dog, Shetland",0.3236297259501154,1.128155237849458,0.676164984703064,0.32383501529693604,0.02793700056697434,5.57255690895254,0.1314655172413793,0.1288796278534417,0.98033028399995
frame_001,frame_012,1,12,20,11,False,False,843,swing,0.4094692180195468,0.8928935481858308,0.6447311639785767,0.35526883602142334,0.04009013653568737,5.476659368093082,0.15301724137931033,0.08331481142750943,0.5444798943994983
frame_001,frame_000,1,0,30,-1,False,False,232,Border collie,0.292601230318917,1.2289445856239656,0.6891564726829529,0.3108435273170471,0.031150443182961465,5.653173272629935,0.10129310344827586,0.05049373536861235,0.4984913449156623
frame_001,frame_002,1,2,30,1,False,False,733,pole,0.2855316305258921,1.2534024660897514,0.651993453502655,0.34800654649734497,0.023859756346721755,5.648194137611098,0.05387931034482758,0.02190515490107205,0.4065596749638973
frame_001,frame_003,1,3,30,2,False,False,157,papillon,0.3219091073571446,1.1334860485732674,0.690281867980957,0.30971813201904297,0.026053013200229045,5.6471154885725365,0.0625,0.01954919706455103,0.31278715303281646
frame_001,frame_004,1,4,30,3,False,False,843,swing,0.4051854410664489,0.9034104374938634,0.6844227313995361,0.31557726860046387,0.020794788607291528,5.6546700555649245,0.11206896551724138,0.03753143699940237,0.33489589937928266
frame_001,frame_005,1,5,30,4,False,False,157,papillon,0.3090277132628346,1.1743243191712844,0.6553119421005249,0.3446880578994751,0.031601362454151266,5.6110964501097875,0.14224137931034483,0.06221171830634044,0.43736723172942366
frame_001,frame_006,1,6,30,5,True,False,232,Border collie,0.5124680510834863,0.6685169092620469,0.8368487358093262,0.16315126419067383,0.037853446076722246,5.595955333536742,0.1853448275862069,0.09166000669116114,0.49453771051975315
frame_001,frame_007,1,7,30,6,False,False,232,Border collie,0.4824619611761159,0.7288531982515838,0.7545639872550964,0.24543601274490356,0.024392983202018024,5.683620670471269,0.14439655172413793,0.05609551330622634,0.38848236080729887
frame_001,frame_008,1,8,30,7,False,False,231,collie,0.2749163055275457,1.291288571173656,0.689440906047821,0.31055909395217896,0.03290959458301716,5.628113722733347,0.1314655172413793,0.05135264388011477,0.39061683213726645
frame_001,frame_009,1,9,30,8,False,False,157,papillon,0.26674166618425477,1.3214746313342225,0.6274216175079346,0.37257838249206543,0.029187824160849158,5.648678503431974,0.1206896551724138,0.0402707640683315,0.33367204513760385
frame_001,frame_010,1,10,30,9,False,True,843,swing,0.2541318511993387,1.3699020474389925,0.5763705968856812,0.42362940311431885,0.0257176015167058,5.61703392013144,0.1314655172413793,0.0389570569392799,0.2963290888496045
frame_001,frame_011,1,11,30,10,False,False,231,collie,0.5267059001000401,0.6411129505429285,0.6903848648071289,0.3096151351928711,0.01976123044179377,5.665319733323933,0.1314655172413793,0.036466303809134085,0.27738303225308547
frame_001,frame_012,1,12,30,11,False,False,843,swing,0.2946446931393798,1.2219850785871031,0.5812855958938599,0.41871440410614014,0.02494361891348296,5.652561543628769,0.15301724137931033,0.06446524923070301,0.4212940231414958
frame_001,frame_000,1,0,40,-1,False,False,232,Border collie,0.2411775328641779,1.4222219657968675,0.6970912218093872,0.3029087781906128,0.15558143384311257,3.8737534910531126,0.10129310344827586,0.6727198506424885,6.641319376555631
frame_001,frame_002,1,2,40,1,False,False,264,"Cardigan, Cardigan Welsh corgi",0.3433294687240472,1.069064742633468,0.6805108189582825,0.31948918104171753,0.10074354496200304,3.742402583350402,0.05387931034482758,0.6768613957715004,12.562547505519047
frame_001,frame_003,1,3,40,2,False,True,157,papillon,0.20089073177223193,1.6049941417633524,0.661342442035675,0.33865755796432495,0.08229659814529657,3.9046595398390513,0.0625,0.6854423947397724,10.967078315836359
frame_001,frame_004,1,4,40,3,True,False,843,swing,0.8876100875175972,0.11922272305182391,0.9029132127761841,0.09708678722381592,0.0693154638083517,4.297375357264558,0.11206896551724138,0.7959786353398716,7.10257859226347
frame_001,frame_005,1,5,40,4,False,False,843,swing,0.6798033760840707,0.38595167544226405,0.794033944606781,0.205966055393219,0.10750060741384297,4.262111923511329,0.14224137931034483,0.7485671266129461,5.262653738612227
frame_001,frame_006,1,6,40,5,False,False,232,Border collie,0.43726057639049515,0.8272259769471555,0.8199623227119446,0.18003767728805542,0.07487391146414055,4.156946706247677,0.1853448275862069,0.7888279398257918,4.2560019078972955
frame_001,frame_007,1,7,40,6,False,False,232,Border collie,0.3664198834913445,1.0039753804838714,0.7503710985183716,0.24962890148162842,0.07000068618990074,3.8334335006245217,0.14439655172413793,0.8409011452961624,5.8235542002599905
frame_001,frame_008,1,8,40,7,False,False,217,"English springer, English springer spaniel",0.3548092000842764,1.0361750985439002,0.7138270735740662,0.28617292642593384,0.0624827437341937,4.11880044384907,0.1314655172413793,0.8545681672071894,6.500321796461244
frame_001,frame_009,1,9,40,8,False,False,843,swing,0.5542190647978037,0.5901952465714992,0.7417099475860596,0.25829005241394043,0.04070531240745853,4.544403533124818,0.1206896551724138,0.7921534833269518,6.563557433280457
frame_001,frame_010,1,10,40,9,False,False,843,swing,0.7432990718627445,0.296656795922805,0.8044918775558472,0.19550812244415283,0.05520847334532011,4.684461761572245,0.1314655172413793,0.7142318776815303,5.432845758102132
frame_001,frame_011,1,11,40,10,False,False,843,swing,0.494094261486086,0.7050289672717767,0.732085108757019,0.26791489124298096,0.04560510406989755,4.590499148919018,0.1314655172413793,0.762301359030901,5.798489026071116
frame_001,frame_012,1,12,40,11,False,False,843,swing,0.8171597231298252,0.2019207036827706,0.8517431020736694,0.14825689792633057,0.09122026018414037,4.827307280197981,0.15301724137931033,0.5046811463373253,3.2981979140918165
frame_001,frame_000,1,0,50,-1,False,False,217,"English springer, English springer spaniel",0.3479149040130373,1.0557973578078481,0.7341347932815552,0.2658652067184448,0.0635838806637277,5.083334610477749,0.10129310344827586,0.22210951443695154,2.192740738271181
frame_001,frame_002,1,2,50,1,False,False,264,"Cardigan, Cardigan Welsh corgi",0.40152356120697297,0.912489064360752,0.7190396785736084,0.2809603214263916,0.04618500899209884,5.173706037916714,0.05387931034482758,0.20692300723293025,3.840491014243186
frame_001,frame_003,1,3,50,2,False,False,157,papillon,0.3236380948430102,1.1281293787147182,0.6796850562095642,0.3203149437904358,0.03308603874514053,5.291104971598119,0.0625,0.20572737868199123,3.2916380589118597
frame_001,frame_004,1,4,50,3,False,False,843,swing,0.21662680044519625,1.5295792196355107,0.6114838123321533,0.3885161876678467,0.04276026099483225,5.2487396858292765,0.11206896551724138,0.19254066671538905,1.718055179921933
frame_001,frame_005,1,5,50,4,False,False,157,papillon,0.3461824337718234,1.0607893776434016,0.6588254570960999,0.34117454290390015,0.04021530098995883,5.308208591414199,0.14224137931034483,0.26080495227591827,1.8335378463034253
frame_001,frame_006,1,6,50,5,False,False,232,Border collie,0.42489850906651994,0.8559049407719286,0.8024780750274658,0.19752192497253418,0.027658706430004957,5.260632737737879,0.1853448275862069,0.4142511836562554,2.2350296420523548
frame_001,frame_007,1,7,50,6,False,False,217,"English springer, English springer spaniel",0.5023117149833558,0.6885344058157348,0.7921950817108154,0.20780491828918457,0.02570744073561222,5.18388860446716,0.14439655172413793,0.3904664828921002,2.704126090476634
frame_001,frame_008,1,8,50,7,True,False,217,"English springer, English springer spaniel",0.6660106204626458,0.4064496619282849,0.8051934242248535,0.19480657577514648,0.02244972621571329,5.361967052933824,0.1314655172413793,0.31576117244025464,2.4018554756111175
frame_001,frame_009,1,9,50,8,False,False,157,papillon,0.3653047587597041,1.007023318275047,0.6683807373046875,0.3316192626953125,0.05272939345519886,5.173928391722094,0.1206896551724138,0.17005234385847168,1.4090051348273367
frame_001,frame_010,1,10,50,9,False,True,261,keeshond,0.19055594013719332,1.6578094785076765,0.5870903730392456,0.4129096269607544,0.05019320886072768,5.251590384411079,0.1314655172413793,0.11212452247491415,0.8528816135796748
frame_001,frame_011,1,11,50,10,False,False,231,collie,0.3761394464549211,0.9777953361156931,0.6441036462783813,0.35589635372161865,0.07249288199105809,5.132453830010544,0.1314655172413793,0.14602857505682915,1.1107747348585038
frame_001,frame_012,1,12,50,11,False,False,843,swing,0.2876263477756579,1.2460930447595924,0.587493896484375,0.412506103515625,0.1200447130804661,4.940906563324861,0.15301724137931033,0.0612398223759232,0.40021517721730093
frame_002,frame_000,2,0,5,-2,False,False,231,collie,0.6231023347291545,0.47304451248158275,0.725263774394989,0.274736225605011,0.023316024102700297,5.53649247582718,0.10129310344827586,0.37780713670748034,3.729840668771721
frame_002,frame_001,2,1,5,-1,False,False,231,collie,0.5982624107480943,0.5137258073221709,0.7084052562713623,0.2915947437286377,0.029885337097876573,5.475568352366933,0.07327586206896551,0.33925105192090926,4.62977906150888
frame_002,frame_003,2,3,5,1,False,False,231,collie,0.6013471177663268,0.5085829441756742,0.728653073310852,0.27134692668914795,0.019401503917694452,5.521448610571969,0.0625,0.3153562888791327,5.045700622066123
frame_002,frame_004,2,4,5,2,False,False,231,collie,0.3713914510575385,0.9904986484826308,0.6056313514709473,0.39436864852905273,0.013662631561614713,5.651106489842155,0.11206896551724138,0.3910584578753452,3.489444701041542
frame_002,frame_005,2,5,5,3,False,False,231,collie,0.3903884445702171,0.9406130238304962,0.6162307858467102,0.3837692141532898,0.017765672868382557,5.684015188348773,0.14224137931034483,0.39002482445138054,2.741992705233948
frame_002,frame_006,2,6,5,4,True,False,231,collie,0.9317902147448636,0.07064758110890246,0.932326078414917,0.06767392158508301,0.016836719767157542,5.5880607490219,0.1853448275862069,0.5057441961102211,2.728666360408635
frame_002,frame_007,2,7,5,5,False,False,231,collie,0.9010298358278956,0.1042169077956494,0.9040008187294006,0.09599918127059937,0.020767537600594906,5.543648197742458,0.14439655172413793,0.4593250826575562,3.1809975873597924
frame_002,frame_008,2,8,5,6,False,False,231,collie,0.8690955630221894,0.14030219080754858,0.8740642070770264,0.12593579292297363,0.015024032230161837,5.612614956623926,0.1314655172413793,0.4342740045353173,3.303330132858807
frame_002,frame_009,2,9,5,7,False,False,231,collie,0.37113392380961074,0.9911923008936334,0.5794380903244019,0.42056190967559814,0.01582109165322528,5.660749762482882,0.1206896551724138,0.3877271837127386,3.2125966650484057
frame_002,frame_010,2,10,5,8,False,False,231,collie,0.24434715361517115,1.4091653041360672,0.5374478101730347,0.46255218982696533,0.01469487804901488,5.713473884516578,0.1314655172413793,0.3584970131271099,2.7269280998521146
frame_002,frame_011,2,11,5,9,False,False,231,collie,0.5476263221319463,0.6021621185493293,0.6463695764541626,0.3536304235458374,0.014573637608171522,5.667898639097479,0.1314655172413793,0.406641286894465,3.0931402806398647
frame_002,frame_012,2,12,5,10,False,True,781,scoreboard,0.15843736900274913,1.8423959120040827,0.5342622995376587,0.4657377004623413,0.014208508754777555,5.789963875342345,0.15301724137931033,0.27297970168244134,1.7839800222627153
frame_002,frame_000,2,0,10,-2,False,False,264,"Cardigan, Cardigan Welsh corgi",0.29421961739541624,1.2234287925639613,0.7452889084815979,0.2547110915184021,0.11239752880576813,4.43020906142294,0.10129310344827586,0.5281653934449084,5.214228565073139
frame_002,frame_001,2,1,10,-1,True,False,264,"Cardigan, Cardigan Welsh corgi",0.9116268543208291,0.09252452359690277,0.9284520745277405,0.07154792547225952,0.11561114959396661,4.308895640825311,0.07327586206896551,0.5199291363313876,7.09550350758129
frame_002,frame_003,2,3,10,1,False,False,231,collie,0.6468348654759634,0.43566424816184934,0.8000398874282837,0.1999601125717163,0.06915090307250234,4.735925967062464,0.0625,0.4944967060065256,7.91194729610441
frame_002,frame_004,2,4,10,2,False,False,231,collie,0.2616789552101576,1.3406368883839566,0.6009323596954346,0.39906764030456543,0.05063070294993704,5.099026849238191,0.11206896551724138,0.5357197252198718,4.780268317346548
frame_002,frame_005,2,5,10,3,False,False,231,collie,0.3793890032201871,0.9691932065607829,0.6527155637741089,0.3472844362258911,0.07017273348586668,5.0061906304622354,0.14224137931034483,0.5606850603217075,3.9417858786253372
frame_002,frame_006,2,6,10,4,False,False,231,collie,0.5684767194091527,0.5647949175374407,0.8315613865852356,0.1684386134147644,0.0857004750320893,4.654710050975637,0.1853448275862069,0.6488855289858823,3.5009637842959225
frame_002,frame_007,2,7,10,5,False,False,231,collie,0.41542530195850047,0.8784524595286607,0.7953131198883057,0.20468688011169434,0.06428515865147225,4.450216453361898,0.14439655172413793,0.6853714231883538,4.746452841185017
frame_002,frame_008,2,8,10,6,False,False,231,collie,0.41081974495084816,0.8896007374507464,0.7646806836128235,0.2353193163871765,0.07514723539471804,4.9121423538862885,0.1314655172413793,0.6004484943530642,4.567345924259374
frame_002,frame_009,2,9,10,7,False,False,231,collie,0.23927818508063844,1.430128449607973,0.6027849316596985,0.3972150683403015,0.028581919620635436,5.329003681167752,0.1206896551724138,0.4400644041521169,3.6462479201175397
frame_002,frame_010,2,10,10,8,False,True,231,collie,0.1855532752781129,1.6844132399034146,0.5229740142822266,0.47702598571777344,0.027305887683440683,5.435201540804612,0.1314655172413793,0.35480691816446314,2.698859180791982
frame_002,frame_011,2,11,10,9,False,False,231,collie,0.691072174919034,0.3695110107137971,0.7968235015869141,0.20317649841308594,0.03692672782067916,5.364012781423012,0.1314655172413793,0.4131851118368157,3.1429162605292214
frame_002,frame_012,2,12,10,10,False,False,574,golf ball,0.3938453315946968,0.9317970061601397,0.6436589956283569,0.35634100437164307,0.06376805890577626,5.422318499942131,0.15301724137931033,0.23336170541680357,1.5250680466675615
frame_002,frame_000,2,0,20,-2,False,False,232,Border collie,0.2500209374186075,1.3862106149522688,0.6607745289802551,0.3392254710197449,0.01695237669995933,5.684400169800996,0.10129310344827586,0.16572306151304747,1.6360744796181708
frame_002,frame_001,2,1,20,-1,False,False,264,"Cardigan, Cardigan Welsh corgi",0.4520252316184475,0.794017278543198,0.722579300403595,0.27742069959640503,0.014763710262618811,5.638972705818581,0.07327586206896551,0.13676637355103202,1.8664587449317314
frame_002,frame_003,2,3,20,1,False,False,231,collie,0.3179846799214314,1.1457520737101776,0.68892502784729,0.31107497215270996,0.025950213960898878,5.6440815794793995,0.0625,0.12166749181741489,1.9466798690786382
frame_002,frame_004,2,4,20,2,False,False,843,swing,0.3848389812308398,0.9549302627463974,0.6634713411331177,0.3365286588668823,0.01866895131291492,5.704385227799227,0.11206896551724138,0.16696546153249145,1.4898456567514622
frame_002,frame_005,2,5,20,3,False,False,157,papillon,0.21687339652618676,1.5284415218475422,0.6262565851211548,0.3737434148788452,0.01842916555451697,5.685126062800212,0.14224137931034483,0.18718302785770488,1.3159534079693191
frame_002,frame_006,2,6,20,4,True,False,231,collie,0.6420793947989916,0.4430433150272197,0.8452891707420349,0.1547108292579651,0.02129370713214033,5.681662466017241,0.1853448275862069,0.26650363652973896,1.4378800854627776
frame_002,frame_007,2,7,20,5,False,False,231,collie,0.5157331334033264,0.6621658306128877,0.7834166884422302,0.21658331155776978,0.02282498758113153,5.672219384426299,0.14439655172413793,0.19884947529428168,1.377106813978309
frame_002,frame_008,2,8,20,6,False,False,231,collie,0.4059273230159157,0.9015811427540936,0.690827488899231,0.30917251110076904,0.023844877226193693,5.718006241830713,0.1314655172413793,0.20165847535169815,1.53392676333095
frame_002,frame_009,2,9,20,7,False,False,157,papillon,0.2937166381220507,1.225139792324062,0.6134293079376221,0.38657069206237793,0.0268219283271294,5.633484567958911,0.1206896551724138,0.1523815889543509,1.2625903084789074
frame_002,frame_010,2,10,20,8,False,True,241,EntleBucher,0.3328026286638602,1.10020567143689,0.5907730460166931,0.4092269539833069,0.019078033111285912,5.654207552635,0.1314655172413793,0.12850427747926038,0.9774751598422429
frame_002,frame_011,2,11,20,9,False,False,230,"Shetland sheepdog, Shetland sheep dog, Shetland",0.3236297259501154,1.128155237849458,0.676164984703064,0.32383501529693604,0.020151224079417943,5.655905635523,0.1314655172413793,0.1316009154735757,1.0010299144219528
frame_002,frame_012,2,12,20,10,False,False,843,swing,0.4094692180195468,0.8928935481858308,0.6447311639785767,0.35526883602142334,0.027922236009514788,5.5945821488997645,0.15301724137931033,0.09963803412804716,0.6511556033156886
frame_002,frame_000,2,0,30,-2,False,False,232,Border collie,0.292601230318917,1.2289445856239656,0.6891564726829529,0.3108435273170471,0.036969359977312696,5.62069718018866,0.10129310344827586,0.04423967946908483,0.43674917603522045
frame_002,frame_001,2,1,30,-1,False,False,264,"Cardigan, Cardigan Welsh corgi",0.6795521711751118,0.3863212695669579,0.7822109460830688,0.21778905391693115,0.025899499384353247,5.625331467642485,0.07327586206896551,0.035575960944322985,0.48550723171076077
frame_002,frame_003,2,3,30,1,False,False,157,papillon,0.3219091073571446,1.1334860485732674,0.690281867980957,0.30971813201904297,0.027734719826047652,5.620340156751546,0.0625,0.016733361229984565,0.26773377967975304
frame_002,frame_004,2,4,30,2,False,False,843,swing,0.4051854410664489,0.9034104374938634,0.6844227313995361,0.31557726860046387,0.024087559229716456,5.626693674246758,0.11206896551724138,0.03373416991311025,0.3010125930708299
frame_002,frame_005,2,5,30,3,False,False,157,papillon,0.3090277132628346,1.1743243191712844,0.6553119421005249,0.3446880578994751,0.0372183878899973,5.572753969563779,0.14224137931034483,0.056877112424911065,0.39986333583573835
frame_002,frame_006,2,6,30,4,True,False,232,Border collie,0.5124680510834863,0.6685169092620469,0.8368487358093262,0.16315126419067383,0.03446938852918048,5.561219289658746,0.1853448275862069,0.08324599183443818,0.44914116524627107
frame_002,frame_007,2,7,30,5,False,False,232,Border collie,0.4824619611761159,0.7288531982515838,0.7545639872550964,0.24543601274490356,0.027413688512898937,5.637631977104574,0.14439655172413793,0.04872753983877239,0.33745639530134913
frame_002,frame_008,2,8,30,6,False,False,231,collie,0.2749163055275457,1.291288571173656,0.689440906047821,0.31055909395217896,0.03828397032006827,5.579828485107246,0.1314655172413793,0.04563381248246389,0.3471162129813647
frame_002,frame_009,2,9,30,7,False,False,157,papillon,0.26674166618425477,1.3214746313342225,0.6274216175079346,0.37257838249206543,0.03632915057999576,5.606620818992536,0.1206896551724138,0.03760590720832475,0.3115918025832622
frame_002,frame_010,2,10,30,8,False,True,843,swing,0.2541318511993387,1.3699020474389925,0.5763705968856812,0.42362940311431885,0.03154555011334888,5.583640467688404,0.1314655172413793,0.03796918850838313,0.2888148109490126
frame_002,frame_011,2,11,30,9,False,False,231,collie,0.5267059001000401,0.6411129505429285,0.6903848648071289,0.3096151351928711,0.023322874479071425,5.625165022962491,0.1314655172413793,0.031966321163926545,0.2431536560665888
frame_002,frame_012,2,12,30,10,False,False,843,swing,0.2946446931393798,1.2219850785871031,0.5812855958938599,0.41871440410614014,0.030757900488575168,5.623288276163006,0.15301724137931033,0.06587410144441931,0.43050117000296567
frame_002,frame_000,2,0,40,-2,False,False,232,Border collie,0.2411775328641779,1.4222219657968675,0.6970912218093872,0.3029087781906128,0.14579603261821047,3.8624417963234396,0.10129310344827586,0.6915267590845793,6.826987579047762
frame_002,frame_001,2,1,40,-1,False,False,264,"Cardigan, Cardigan Welsh corgi",0.8244775093016993,0.19300541533913207,0.8689039349555969,0.13109606504440308,0.14267812680631628,3.5303725755731197,0.07327586206896551,0.7035635275529949,9.601572846605578
frame_002,frame_003,2,3,40,1,False,True,157,papillon,0.20089073177223193,1.6049941417633524,0.661342442035675,0.33865755796432495,0.08675143971748876,3.8552307979523466,0.0625,0.6937372261544485,11.099795618471177
frame_002,frame_004,2,4,40,2,True,False,843,swing,0.8876100875175972,0.11922272305182391,0.9029132127761841,0.09708678722381592,0.06520900005187012,4.242517859156223,0.11206896551724138,0.8122842720659831,7.24807504305031
frame_002,frame_005,2,5,40,3,False,False,843,swing,0.6798033760840707,0.38595167544226405,0.794033944606781,0.205966055393219,0.09744115292499547,4.21359074199268,0.14224137931034483,0.7784295037060728,5.472595298782087
frame_002,frame_006,2,6,40,4,False,False,232,Border collie,0.43726057639049515,0.8272259769471555,0.8199623227119446,0.18003767728805542,0.077421011483773,4.160795837338344,0.1853448275862069,0.7930261993580133,4.278652982582769
frame_002,frame_007,2,7,40,5,False,False,232,Border collie,0.3664198834913445,1.0039753804838714,0.7503710985183716,0.24962890148162842,0.06499259317591159,3.8191935225282796,0.14439655172413793,0.8442744593336913,5.846915658669146
frame_002,frame_008,2,8,40,6,False,False,217,"English springer, English springer spaniel",0.3548092000842764,1.0361750985439002,0.7138270735740662,0.28617292642593384,0.06068301323945119,4.100287015896816,0.1314655172413793,0.8582717987336677,6.528493682170849
frame_002,frame_009,2,9,40,7,False,False,843,swing,0.5542190647978037,0.5901952465714992,0.7417099475860596,0.25829005241394043,0.04845874012129185,4.475579659460087,0.1206896551724138,0.8171019925226366,6.770273652330418
frame_002,frame_010,2,10,40,8,False,False,843,swing,0.7432990718627445,0.296656795922805,0.8044918775558472,0.19550812244415283,0.06496237229641182,4.555842624045418,0.1314655172413793,0.7578000313409274,5.7642494187244315
frame_002,frame_011,2,11,40,9,False,False,843,swing,0.494094261486086,0.7050289672717767,0.732085108757019,0.26791489124298096,0.05401431821535037,4.534215293753657,0.1314655172413793,0.7892726208257691,6.003647476445194
frame_002,frame_012,2,12,40,10,False,False,843,swing,0.8171597231298252,0.2019207036827706,0.8517431020736694,0.14825689792633057,0.07355970830683473,4.799871217322171,0.15301724137931033,0.5618816533265503,3.6720153118805543
frame_002,frame_000,2,0,50,-2,False,False,217,"English springer, English springer spaniel",0.3479149040130373,1.0557973578078481,0.7341347932815552,0.2658652067184448,0.057360518912682706,5.061363550768929,0.10129310344827586,0.2760031915165051,2.7247974651842206
frame_002,frame_001,2,1,50,-1,True,False,264,"Cardigan, Cardigan Welsh corgi",0.8044999218203579,0.2175344097276306,0.8699735403060913,0.1300264596939087,0.05795302401540217,5.007005527085136,0.07327586206896551,0.3168487603435645,4.324053670570999
frame_002,frame_003,2,3,50,1,False,False,157,papillon,0.3236380948430102,1.1281293787147182,0.6796850562095642,0.3203149437904358,0.026530570762065858,5.283072200078408,0.0625,0.2456447022448906,3.9303152359182496
frame_002,frame_004,2,4,50,2,False,False,843,swing,0.21662680044519625,1.5295792196355107,0.6114838123321533,0.3885161876678467,0.03895248886251259,5.311574493359974,0.11206896551724138,0.2361533277281777,2.107214308959124
frame_002,frame_005,2,5,50,3,False,False,157,papillon,0.3461824337718234,1.0607893776434016,0.6588254570960999,0.34117454290390015,0.061830375373028,5.30053939079802,0.14224137931034483,0.3221559141900886,2.264853699760623
frame_002,frame_006,2,6,50,4,False,False,232,Border collie,0.42489850906651994,0.8559049407719286,0.8024780750274658,0.19752192497253418,0.03453387685070366,5.226339191498677,0.1853448275862069,0.48303302170690327,2.606131652000036
frame_002,frame_007,2,7,50,5,False,False,217,"English springer, English springer spaniel",0.5023117149833558,0.6885344058157348,0.7921950817108154,0.20780491828918457,0.03798294003895492,5.129537244705678,0.14439655172413793,0.4454048150276779,3.0845945398931724
frame_002,frame_008,2,8,50,6,False,False,217,"English springer, English springer spaniel",0.6660106204626458,0.4064496619282849,0.8051934242248535,0.19480657577514648,0.025725785704374258,5.3418478620975645,0.1314655172413793,0.36536549322822415,2.779173587834361
frame_002,frame_009,2,9,50,7,False,False,157,papillon,0.3653047587597041,1.007023318275047,0.6683807373046875,0.3316192626953125,0.04789986792238621,5.250578740852267,0.1206896551724138,0.21829331499514681,1.8087160385312164
frame_002,frame_010,2,10,50,8,False,True,261,keeshond,0.19055594013719332,1.6578094785076765,0.5870903730392456,0.4129096269607544,0.04846221206668299,5.331215308425193,0.1314655172413793,0.1457107808101254,1.1083574146868556
frame_002,frame_011,2,11,50,9,False,False,231,collie,0.3761394464549211,0.9777953361156931,0.6441036462783813,0.35589635372161865,0.06957275352810535,5.187552239895265,0.1314655172413793,0.18218587257903143,1.3858072930601735
frame_002,frame_012,2,12,50,10,False,False,843,swing,0.2876263477756579,1.2460930447595924,0.587493896484375,0.412506103515625,0.12410178485152581,4.984113898732325,0.15301724137931033,0.0778222476394477,0.5085848296437145
frame_003,frame_000,3,0,5,-3,False,False,231,collie,0.6231023347291545,0.47304451248158275,0.725263774394989,0.274736225605011,0.024575643014672712,5.487128535748335,0.10129310344827586,0.39958734010959784,3.9448622512947535
frame_003,frame_001,3,1,5,-2,False,False,231,collie,0.5982624107480943,0.5137258073221709,0.7084052562713623,0.2915947437286377,0.03123578216753335,5.422210704195211,0.07327586206896551,0.3588872481064973,4.897755385923964
frame_003,frame_002,3,2,5,-1,False,False,231,collie,0.5051991725025369,0.6828025264672832,0.6923214793205261,0.3076785206794739,0.029701789716577106,5.50193328414019,0.05387931034482758,0.2751247757225656,5.106315837410818
frame_003,frame_004,3,4,5,1,False,False,231,collie,0.3713914510575385,0.9904986484826308,0.6056313514709473,0.39436864852905273,0.014387230541235531,5.61681883748361,0.11206896551724138,0.41118931577287476,3.6690738945887285
frame_003,frame_005,3,5,5,2,False,False,231,collie,0.3903884445702171,0.9406130238304962,0.6162307858467102,0.3837692141532898,0.019126120922744974,5.647828504070696,0.14224137931034483,0.4091708309853181,2.8765949329876905
frame_003,frame_006,3,6,5,3,True,False,231,collie,0.9317902147448636,0.07064758110890246,0.932326078414917,0.06767392158508301,0.01787368563051429,5.54388989167892,0.1853448275862069,0.5245744140713398,2.830261954989554
frame_003,frame_007,3,7,5,4,False,False,231,collie,0.9010298358278956,0.1042169077956494,0.9040008187294006,0.09599918127059937,0.021709313833346143,5.498217051981479,0.14439655172413793,0.47943497800750695,3.320266116350496
frame_003,frame_008,3,8,5,5,False,False,231,collie,0.8690955630221894,0.14030219080754858,0.8740642070770264,0.12593579292297363,0.016322888740583574,5.57691490080379,0.1314655172413793,0.4528625068581531,3.4447246423308697
frame_003,frame_009,3,9,5,6,False,False,231,collie,0.37113392380961074,0.9911923008936334,0.5794380903244019,0.42056190967559814,0.0176622941982086,5.630571098207005,0.1206896551724138,0.4081803061832968,3.3820653940901733
frame_003,frame_010,3,10,5,7,False,False,231,collie,0.24434715361517115,1.4091653041360672,0.5374478101730347,0.46255218982696533,0.017280457612007864,5.682968433123397,0.1314655172413793,0.38093082215406404,2.8975721554014053
frame_003,frame_011,3,11,5,8,False,False,231,collie,0.5476263221319463,0.6021621185493293,0.6463695764541626,0.3536304235458374,0.01589943107216714,5.6404293537051275,0.1314655172413793,0.42783201088085276,3.2543287385035358
frame_003,frame_012,3,12,5,9,False,True,781,scoreboard,0.15843736900274913,1.8423959120040827,0.5342622995376587,0.4657377004623413,0.014015760662297585,5.779722855328853,0.15301724137931033,0.2881080716948261,1.8828471164281595
frame_003,frame_000,3,0,10,-3,False,False,264,"Cardigan, Cardigan Welsh corgi",0.29421961739541624,1.2234287925639613,0.7452889084815979,0.2547110915184021,0.12188570092138847,4.327736987995373,0.10129310344827586,0.5472953200931965,5.403085713260493
frame_003,frame_001,3,1,10,-2,True,False,264,"Cardigan, Cardigan Welsh corgi",0.9116268543208291,0.09252452359690277,0.9284520745277405,0.07154792547225952,0.12136792131872519,4.23764996785198,0.07327586206896551,0.5337381815664621,7.283956360201131
frame_003,frame_002,3,2,10,-1,False,False,264,"Cardigan, Cardigan Welsh corgi",0.5648679166987625,0.5711633509199099,0.7461020946502686,0.25389790534973145,0.08871906230236257,4.599290894107861,0.05387931034482758,0.47738504840926616,8.86026649847598
frame_003,frame_004,3,4,10,1,False,False,231,collie,0.2616789552101576,1.3406368883839566,0.6009323596954346,0.39906764030456543,0.05760612405843712,5.0235950948055965,0.11206896551724138,0.5512614391774572,4.918948226506541
frame_003,frame_005,3,5,10,2,False,False,231,collie,0.3793890032201871,0.9691932065607829,0.6527155637741089,0.3472844362258911,0.07496284020117785,4.957372116832284,0.14224137931034483,0.5692587732213046,4.002061678404323
frame_003,frame_006,3,6,10,3,False,False,231,collie,0.5684767194091527,0.5647949175374407,0.8315613865852356,0.1684386134147644,0.08460500004147849,4.589706610074408,0.1853448275862069,0.6678298409777415,3.6031749559729302
frame_003,frame_007,3,7,10,4,False,False,231,collie,0.41542530195850047,0.8784524595286607,0.7953131198883057,0.20468688011169434,0.06446534486072322,4.36839755319946,0.14439655172413793,0.6983377264600144,4.836249329514129
frame_003,frame_008,3,8,10,5,False,False,231,collie,0.41081974495084816,0.8896007374507464,0.7646806836128235,0.2353193163871765,0.0787274302073888,4.827715204522293,0.1314655172413793,0.6230231272814488,4.739061164894955
frame_003,frame_009,3,9,10,6,False,False,231,collie,0.23927818508063844,1.430128449607973,0.6027849316596985,0.3972150683403015,0.02845309918101446,5.300404048072133,0.1206896551724138,0.44282818688458164,3.6691478341865333
frame_003,frame_010,3,10,10,7,False,True,231,collie,0.1855532752781129,1.6844132399034146,0.5229740142822266,0.47702598571777344,0.028473897153146632,5.398930186883941,0.1314655172413793,0.355770162981859,2.7061861577636486
frame_003,frame_011,3,11,10,8,False,False,231,collie,0.691072174919034,0.3695110107137971,0.7968235015869141,0.20317649841308594,0.039551146070029575,5.324481150280646,0.1314655172413793,0.42657328205632217,3.2447541454775983
frame_003,frame_012,3,12,10,9,False,False,574,golf ball,0.3938453315946968,0.9317970061601397,0.6436589956283569,0.35634100437164307,0.0656046356216807,5.404672764561676,0.15301724137931033,0.23240700860127725,1.5188289012815868
frame_003,frame_000,3,0,20,-3,False,False,232,Border collie,0.2500209374186075,1.3862106149522688,0.6607745289802551,0.3392254710197449,0.02213916379156305,5.625628887639575,0.10129310344827586,0.1547496057439912,1.5277407886215302
frame_003,frame_001,3,1,20,-2,False,False,264,"Cardigan, Cardigan Welsh corgi",0.4520252316184475,0.794017278543198,0.722579300403595,0.27742069959640503,0.01901547993499425,5.575834146830742,0.07327586206896551,0.13659452790166512,1.8641135572462537
frame_003,frame_002,3,2,20,-1,False,False,733,pole,0.29805581724851693,1.2104745038132723,0.6398824453353882,0.3601175546646118,0.022833770074716635,5.606692443499988,0.05387931034482758,0.11296957640243009,2.0967153380291026
frame_003,frame_004,3,4,20,1,False,False,843,swing,0.3848389812308398,0.9549302627463974,0.6634713411331177,0.3365286588668823,0.01983809659906422,5.663716704479805,0.11206896551724138,0.14609796892488552,1.3036434150220555
frame_003,frame_005,3,5,20,2,False,False,157,papillon,0.21687339652618676,1.5284415218475422,0.6262565851211548,0.3737434148788452,0.02150690386286435,5.630110930830712,0.14224137931034483,0.17177269801594502,1.2076141193848255
frame_003,frame_006,3,6,20,3,True,False,231,collie,0.6420793947989916,0.4430433150272197,0.8452891707420349,0.1547108292579651,0.020587329230504083,5.642382756800509,0.1853448275862069,0.2543938045619105,1.3725433176363544
frame_003,frame_007,3,7,20,4,False,False,231,collie,0.5157331334033264,0.6621658306128877,0.7834166884422302,0.21658331155776978,0.020950204316618648,5.635659540297551,0.14439655172413793,0.18991699727250452,1.315246070663315
frame_003,frame_008,3,8,20,5,False,False,231,collie,0.4059273230159157,0.9015811427540936,0.690827488899231,0.30917251110076904,0.021142201759507595,5.6665777233848456,0.1314655172413793,0.19567208996484173,1.4883909794046977
frame_003,frame_009,3,9,20,6,False,False,157,papillon,0.2937166381220507,1.225139792324062,0.6134293079376221,0.38657069206237793,0.02611893988440605,5.561616678422025,0.1206896551724138,0.12988072477325402,1.0761545766926761
frame_003,frame_010,3,10,20,7,False,True,241,EntleBucher,0.3328026286638602,1.10020567143689,0.5907730460166931,0.4092269539833069,0.024586141406956835,5.5730465209240165,0.1314655172413793,0.10582774499192266,0.8049848143647887
frame_003,frame_011,3,11,20,8,False,False,230,"Shetland sheepdog, Shetland sheep dog, Shetland",0.3236297259501154,1.128155237849458,0.676164984703064,0.32383501529693604,0.026566661953857196,5.5786698204549365,0.1314655172413793,0.11215651485358981,0.8531249654436995
frame_003,frame_012,3,12,20,9,False,False,843,swing,0.4094692180195468,0.8928935481858308,0.6447311639785767,0.35526883602142334,0.03715810836252315,5.478805280432509,0.15301724137931033,0.08462815875047389,0.5530628966228153
frame_003,frame_000,3,0,30,-3,False,False,232,Border collie,0.292601230318917,1.2289445856239656,0.6891564726829529,0.3108435273170471,0.03365379556708644,5.591725355640065,0.10129310344827586,0.049567377698394255,0.4893460266394667
frame_003,frame_001,3,1,30,-2,False,False,264,"Cardigan, Cardigan Welsh corgi",0.6795521711751118,0.3863212695669579,0.7822109460830688,0.21778905391693115,0.02673117674868902,5.611470140473064,0.07327586206896551,0.04326884613990969,0.5904924884975911
frame_003,frame_002,3,2,30,-1,False,False,733,pole,0.2855316305258921,1.2534024660897514,0.651993453502655,0.34800654649734497,0.028377138467720008,5.59296087910482,0.05387931034482758,0.02217139645527888,0.41150111820997604
frame_003,frame_004,3,4,30,1,False,False,843,swing,0.4051854410664489,0.9034104374938634,0.6844227313995361,0.31557726860046387,0.02418708994573416,5.595105762475816,0.11206896551724138,0.03618762485330116,0.32290496022945653
frame_003,frame_005,3,5,30,2,False,False,157,papillon,0.3090277132628346,1.1743243191712844,0.6553119421005249,0.3446880578994751,0.03782273083374854,5.53684057580131,0.14224137931034483,0.06307054176969241,0.4434050209263224
frame_003,frame_006,3,6,30,3,True,False,232,Border collie,0.5124680510834863,0.6685169092620469,0.8368487358093262,0.16315126419067383,0.03698932829402339,5.537900096106529,0.1853448275862069,0.09744391065178182,0.5257438900282182
frame_003,frame_007,3,7,30,4,False,False,232,Border collie,0.4824619611761159,0.7288531982515838,0.7545639872550964,0.24543601274490356,0.03329081764716701,5.6286742213269445,0.14439655172413793,0.06037590066913034,0.41812564045487277
frame_003,frame_008,3,8,30,5,False,False,231,collie,0.2749163055275457,1.291288571173656,0.689440906047821,0.31055909395217896,0.03815192993808265,5.555662580715941,0.1314655172413793,0.053152029688439184,0.40430396353173415
frame_003,frame_009,3,9,30,6,False,False,157,papillon,0.26674166618425477,1.3214746313342225,0.6274216175079346,0.37257838249206543,0.041570365168805336,5.55787351528654,0.1206896551724138,0.04153920056906854,0.34418194757228215
frame_003,frame_010,3,10,30,7,False,True,843,swing,0.2541318511993387,1.3699020474389925,0.5763705968856812,0.42362940311431885,0.03591169781072136,5.5401698488858395,0.1314655172413793,0.03910390116279269,0.2974460678612428
frame_003,frame_011,3,11,30,8,False,False,231,collie,0.5267059001000401,0.6411129505429285,0.6903848648071289,0.3096151351928711,0.026205223458005467,5.6070772137283456,0.1314655172413793,0.03813808586980894,0.2900995384195303
frame_003,frame_012,3,12,30,9,False,False,843,swing,0.2946446931393798,1.2219850785871031,0.5812855958938599,0.41871440410614014,0.030500477148594166,5.606689322690368,0.15301724137931033,0.06638840482365947,0.4338622512419436
frame_003,frame_000,3,0,40,-3,False,False,232,Border collie,0.2411775328641779,1.4222219657968675,0.6970912218093872,0.3029087781906128,0.13472388710101196,3.9587378683633276,0.10129310344827586,0.6738842751895087,6.65281497208366
frame_003,frame_001,3,1,40,-2,False,False,264,"Cardigan, Cardigan Welsh corgi",0.8244775093016993,0.19300541533913207,0.8689039349555969,0.13109606504440308,0.12907543865678028,3.674027949076459,0.07327586206896551,0.6872670009583595,9.379173189549377
frame_003,frame_002,3,2,40,-1,False,True,264,"Cardigan, Cardigan Welsh corgi",0.3433294687240472,1.069064742633468,0.6805108189582825,0.31948918104171753,0.11280333229411214,3.8053387006672503,0.05387931034482758,0.6535758759272616,12.130368257209977
frame_003,frame_004,3,4,40,1,True,False,843,swing,0.8876100875175972,0.11922272305182391,0.9029132127761841,0.09708678722381592,0.0642567798492955,4.30212720555641,0.11206896551724138,0.7950491304480417,7.094284548613295
frame_003,frame_005,3,5,40,2,False,False,843,swing,0.6798033760840707,0.38595167544226405,0.794033944606781,0.205966055393219,0.09859670626464787,4.276425354030203,0.14224137931034483,0.7674325985416863,5.395283723080946
frame_003,frame_006,3,6,40,3,False,False,232,Border collie,0.43726057639049515,0.8272259769471555,0.8199623227119446,0.18003767728805542,0.0638852052213651,4.227855260829676,0.1853448275862069,0.7858468717018915,4.239918005461368
frame_003,frame_007,3,7,40,4,False,False,232,Border collie,0.3664198834913445,1.0039753804838714,0.7503710985183716,0.24962890148162842,0.06397436340947901,3.8900912909546417,0.14439655172413793,0.8346747638451527,5.780434185435087
frame_003,frame_008,3,8,40,5,False,False,217,"English springer, English springer spaniel",0.3548092000842764,1.0361750985439002,0.7138270735740662,0.28617292642593384,0.05910597038930157,4.1523824367133235,0.1314655172413793,0.8471270801666592,6.443720740939834
frame_003,frame_009,3,9,40,6,False,False,843,swing,0.5542190647978037,0.5901952465714992,0.7417099475860596,0.25829005241394043,0.055133621864503476,4.55424832042577,0.1206896551724138,0.7832032504282147,6.489398360690921
frame_003,frame_010,3,10,40,7,False,False,843,swing,0.7432990718627445,0.296656795922805,0.8044918775558472,0.19550812244415283,0.05901838755071213,4.601927482037699,0.1314655172413793,0.7265413289647171,5.526478305567684
frame_003,frame_011,3,11,40,8,False,False,843,swing,0.494094261486086,0.7050289672717767,0.732085108757019,0.26791489124298096,0.057395287043864145,4.5853621683300325,0.1314655172413793,0.7637178132409387,5.80926336629173
frame_003,frame_012,3,12,40,9,False,False,843,swing,0.8171597231298252,0.2019207036827706,0.8517431020736694,0.14825689792633057,0.08684090389427286,4.789876223841333,0.15301724137931033,0.5370540374455004,3.5097615968269325
frame_003,frame_000,3,0,50,-3,False,False,217,"English springer, English springer spaniel",0.3479149040130373,1.0557973578078481,0.7341347932815552,0.2658652067184448,0.06198386795319554,5.161083622479417,0.10129310344827586,0.24130426311077657,2.382237831561709
frame_003,frame_001,3,1,50,-2,True,False,264,"Cardigan, Cardigan Welsh corgi",0.8044999218203579,0.2175344097276306,0.8699735403060913,0.1300264596939087,0.05037605837378344,5.1473609928717075,0.07327586206896551,0.2790942408194983,3.8088155217719772
frame_003,frame_002,3,2,50,-1,False,False,264,"Cardigan, Cardigan Welsh corgi",0.40152356120697297,0.912489064360752,0.7190396785736084,0.2809603214263916,0.04845542884695967,5.248481986336329,0.05387931034482758,0.21986449947205705,4.0806851102013795
frame_003,frame_004,3,4,50,1,False,False,843,swing,0.21662680044519625,1.5295792196355107,0.6114838123321533,0.3885161876678467,0.03310793966187364,5.397810593953917,0.11206896551724138,0.20252751298011185,1.807168577360998
frame_003,frame_005,3,5,50,2,False,False,157,papillon,0.3461824337718234,1.0607893776434016,0.6588254570960999,0.34117454290390015,0.05056619629742673,5.403308284184863,0.14224137931034483,0.28602599323405453,2.0108494069788074
frame_003,frame_006,3,6,50,3,False,False,232,Border collie,0.42489850906651994,0.8559049407719286,0.8024780750274658,0.19752192497253418,0.028507690509535756,5.349398068179561,0.1853448275862069,0.4495653532660576,2.425561905993613
frame_003,frame_007,3,7,50,4,False,False,217,"English springer, English springer spaniel",0.5023117149833558,0.6885344058157348,0.7921950817108154,0.20780491828918457,0.030701221939300194,5.29748446468408,0.14439655172413793,0.40096173302864885,2.7768096138103444
frame_003,frame_008,3,8,50,5,False,False,217,"English springer, English springer spaniel",0.6660106204626458,0.4064496619282849,0.8051934242248535,0.19480657577514648,0.01925438256142014,5.445593857731454,0.1314655172413793,0.31705632112415433,2.41170709838701
frame_003,frame_009,3,9,50,6,False,False,157,papillon,0.3653047587597041,1.007023318275047,0.6683807373046875,0.3316192626953125,0.06261512449061492,5.271822414949863,0.1206896551724138,0.178829263064458,1.4817281796769377
frame_003,frame_010,3,10,50,7,False,True,261,keeshond,0.19055594013719332,1.6578094785076765,0.5870903730392456,0.4129096269607544,0.06383136094143847,5.330102889012592,0.1314655172413793,0.12295389133786702,0.9352558291929557
frame_003,frame_011,3,11,50,8,False,False,231,collie,0.3761394464549211,0.9777953361156931,0.6441036462783813,0.35589635372161865,0.08188366891696276,5.203781557201786,0.1314655172413793,0.1574307493472941,1.1975060278220404
frame_003,frame_012,3,12,50,9,False,False,843,swing,0.2876263477756579,1.2460930447595924,0.587493896484375,0.412506103515625,0.13848817388029863,4.977752264654518,0.15301724137931033,0.07160300025210146,0.46794073404190256
frame_004,frame_000,4,0,5,-4,False,False,231,collie,0.6231023347291545,0.47304451248158275,0.725263774394989,0.274736225605011,0.019763319216654595,5.618453525115063,0.10129310344827586,0.34133012081505526,3.3697271501741626
frame_004,frame_001,4,1,5,-3,False,False,231,collie,0.5982624107480943,0.5137258073221709,0.7084052562713623,0.2915947437286377,0.024451345348522103,5.566264651161014,0.07327586206896551,0.3097969365290667,4.2278170161613815
frame_004,frame_002,4,2,5,-2,False,False,231,collie,0.5051991725025369,0.6828025264672832,0.6923214793205261,0.3076785206794739,0.022643938773479734,5.625946862155947,0.05387931034482758,0.23205596743324958,4.306958755561112
frame_004,frame_003,4,3,5,-1,False,False,231,collie,0.6013471177663268,0.5085829441756742,0.728653073310852,0.27134692668914795,0.0175049879659079,5.609926176134174,0.0625,0.28129479247284855,4.500716679565577
frame_004,frame_005,4,5,5,1,False,False,231,collie,0.3903884445702171,0.9406130238304962,0.6162307858467102,0.3837692141532898,0.015682527620396305,5.748836310975221,0.14224137931034483,0.35790183123738534,2.516158328699194
frame_004,frame_006,4,6,5,2,True,False,231,collie,0.9317902147448636,0.07064758110890246,0.932326078414917,0.06767392158508301,0.015072602924202103,5.662819738204063,0.1853448275862069,0.4731220003729169,2.5526582345701563
frame_004,frame_007,4,7,5,3,False,False,231,collie,0.9010298358278956,0.1042169077956494,0.9040008187294006,0.09599918127059937,0.017893798872985256,5.6278938493874815,0.14439655172413793,0.4254724386480059,2.9465553960100705
frame_004,frame_008,4,8,5,4,False,False,231,collie,0.8690955630221894,0.14030219080754858,0.8740642070770264,0.12593579292297363,0.012640252505215463,5.687300623888183,0.1314655172413793,0.3973099196880646,3.0221607005780653
frame_004,frame_009,4,9,5,5,False,False,231,collie,0.37113392380961074,0.9911923008936334,0.5794380903244019,0.42056190967559814,0.01496081420524115,5.712977645876203,0.1206896551724138,0.35291955007766185,2.924190557786341
frame_004,frame_010,4,10,5,6,False,False,231,collie,0.24434715361517115,1.4091653041360672,0.5374478101730347,0.46255218982696533,0.013871136106111133,5.759498892054948,0.1314655172413793,0.3286640470472271,2.5000019316379243
frame_004,frame_011,4,11,5,7,False,False,231,collie,0.5476263221319463,0.6021621185493293,0.6463695764541626,0.3536304235458374,0.012619620079988755,5.722848464960245,0.1314655172413793,0.37210866266057496,2.8304658930247015
frame_004,frame_012,4,12,5,8,False,True,781,scoreboard,0.15843736900274913,1.8423959120040827,0.5342622995376587,0.4657377004623413,0.014569609505679882,5.821513966389381,0.15301724137931033,0.24670350616740352,1.6122595332630316
frame_004,frame_000,4,0,10,-4,False,False,264,"Cardigan, Cardigan Welsh corgi",0.29421961739541624,1.2234287925639613,0.7452889084815979,0.2547110915184021,0.09549129825520926,4.8996174025210495,0.10129310344827586,0.4025932480920025,3.9745375981848756
frame_004,frame_001,4,1,10,-3,True,False,264,"Cardigan, Cardigan Welsh corgi",0.9116268543208291,0.09252452359690277,0.9284520745277405,0.07154792547225952,0.08677490075196688,4.858261369494999,0.07327586206896551,0.3921744307878999,5.352027526046634
frame_004,frame_002,4,2,10,-2,False,False,264,"Cardigan, Cardigan Welsh corgi",0.5648679166987625,0.5711633509199099,0.7461020946502686,0.25389790534973145,0.059663577366544034,5.1181899522657925,0.05387931034482758,0.32761162358623697,6.080471733760558
frame_004,frame_003,4,3,10,-1,False,False,231,collie,0.6468348654759634,0.43566424816184934,0.8000398874282837,0.1999601125717163,0.04350759448353231,5.219754970882702,0.0625,0.3334018040135914,5.334428864217462
frame_004,frame_005,4,5,10,1,False,False,231,collie,0.3793890032201871,0.9691932065607829,0.6527155637741089,0.3472844362258911,0.04531049624644124,5.400428233702224,0.14224137931034483,0.40382156530666935,2.8389879742771904
frame_004,frame_006,4,6,10,2,False,False,231,collie,0.5684767194091527,0.5647949175374407,0.8315613865852356,0.1684386134147644,0.06304959256010367,5.05061411607024,0.1853448275862069,0.5389223259166234,2.9076739444803863
frame_004,frame_007,4,7,10,3,False,False,231,collie,0.41542530195850047,0.8784524595286607,0.7953131198883057,0.20468688011169434,0.05279683248419055,4.928311080610192,0.14439655172413793,0.5460043946384656,3.7812841658544487
frame_004,frame_008,4,8,10,4,False,False,231,collie,0.41081974495084816,0.8896007374507464,0.7646806836128235,0.2353193163871765,0.05793520821540388,5.289293970667041,0.1314655172413793,0.44988937060526984,3.422109310833528
frame_004,frame_009,4,9,10,5,False,False,231,collie,0.23927818508063844,1.430128449607973,0.6027849316596985,0.3972150683403015,0.031174723395548713,5.516829193684608,0.1206896551724138,0.2651797757827937,2.1972038564860052
frame_004,frame_010,4,10,10,6,False,True,231,collie,0.1855532752781129,1.6844132399034146,0.5229740142822266,0.47702598571777344,0.03055315301678996,5.543498403109087,0.1314655172413793,0.19962872975456697,1.5184873869855586
frame_004,frame_011,4,11,10,7,False,False,231,collie,0.691072174919034,0.3695110107137971,0.7968235015869141,0.20317649841308594,0.035959277169114554,5.515905570998498,0.1314655172413793,0.2605266332077187,1.9817107837439585
frame_004,frame_012,4,12,10,8,False,False,574,golf ball,0.3938453315946968,0.9317970061601397,0.6436589956283569,0.35634100437164307,0.06744346762266082,5.399215369808566,0.15301724137931033,0.1291112482562149,0.8437692843786438
frame_004,frame_000,4,0,20,-4,False,False,232,Border collie,0.2500209374186075,1.3862106149522688,0.6607745289802551,0.3392254710197449,0.020717911663742376,5.710087080838983,0.10129310344827586,0.12904282670007242,1.2739547146560342
frame_004,frame_001,4,1,20,-3,False,False,264,"Cardigan, Cardigan Welsh corgi",0.4520252316184475,0.794017278543198,0.722579300403595,0.27742069959640503,0.018013495732356347,5.6473743494552195,0.07327586206896551,0.10745561950906878,1.4664531603590563
frame_004,frame_002,4,2,20,-2,False,False,733,pole,0.29805581724851693,1.2104745038132723,0.6398824453353882,0.3601175546646118,0.019730385558856693,5.688981658066019,0.05387931034482758,0.09056497732448854,1.6808859791425075
frame_004,frame_003,4,3,20,-1,False,False,231,collie,0.3179846799214314,1.1457520737101776,0.68892502784729,0.31107497215270996,0.025860227935523818,5.649782882190534,0.0625,0.09650947404807199,1.5441515847691518
frame_004,frame_005,4,5,20,1,False,False,157,papillon,0.21687339652618676,1.5284415218475422,0.6262565851211548,0.3737434148788452,0.021365773031171806,5.664680629044574,0.14224137931034483,0.15142793377056574,1.0645842616597347
frame_004,frame_006,4,6,20,2,True,False,231,collie,0.6420793947989916,0.4430433150272197,0.8452891707420349,0.1547108292579651,0.02308926600119183,5.665037672941892,0.1853448275862069,0.2212500749797273,1.1937213347743425
frame_004,frame_007,4,7,20,3,False,False,231,collie,0.5157331334033264,0.6621658306128877,0.7834166884422302,0.21658331155776978,0.02371515151839783,5.67621217722189,0.14439655172413793,0.15405435160025097,1.0668838677987529
frame_004,frame_008,4,8,20,4,False,False,231,collie,0.4059273230159157,0.9015811427540936,0.690827488899231,0.30917251110076904,0.0236431436691016,5.714253147251301,0.1314655172413793,0.1695768604206583,1.2898961186095976
frame_004,frame_009,4,9,20,5,False,False,157,papillon,0.2937166381220507,1.225139792324062,0.6134293079376221,0.38657069206237793,0.027875665768555404,5.629533469038918,0.1206896551724138,0.11563062521014936,0.9580823231698089
frame_004,frame_010,4,10,20,6,False,True,241,EntleBucher,0.3328026286638602,1.10020567143689,0.5907730460166931,0.4092269539833069,0.02063968962974977,5.636302794591354,0.1314655172413793,0.09801279124676651,0.7455399203032731
frame_004,frame_011,4,11,20,7,False,False,230,"Shetland sheepdog, Shetland sheep dog, Shetland",0.3236297259501154,1.128155237849458,0.676164984703064,0.32383501529693604,0.02007986065249992,5.653564358295916,0.1314655172413793,0.10537881241288724,0.8015699829439292
frame_004,frame_012,4,12,20,8,False,False,843,swing,0.4094692180195468,0.8928935481858308,0.6447311639785767,0.35526883602142334,0.026740016131075073,5.5686868476479425,0.15301724137931033,0.08606660711000264,0.5624634605498764
frame_004,frame_000,4,0,30,-4,False,False,232,Border collie,0.292601230318917,1.2289445856239656,0.6891564726829529,0.3108435273170471,0.03781785722399426,5.529654461364381,0.10129310344827586,0.029713091011038997,0.2933377495557893
frame_004,frame_001,4,1,30,-3,False,False,264,"Cardigan, Cardigan Welsh corgi",0.6795521711751118,0.3863212695669579,0.7822109460830688,0.21778905391693115,0.03032774862013061,5.544458127435205,0.07327586206896551,0.02726973650677588,0.37215169821011795
frame_004,frame_002,4,2,30,-2,False,False,733,pole,0.2855316305258921,1.2534024660897514,0.651993453502655,0.34800654649734497,0.031217383810778515,5.542921490445072,0.05387931034482758,0.012477702347756945,0.2315861555743689
frame_004,frame_003,4,3,30,-1,False,False,157,papillon,0.3219091073571446,1.1334860485732674,0.690281867980957,0.30971813201904297,0.03423703825508898,5.538342208055774,0.0625,0.01053618192405931,0.16857891078494897
frame_004,frame_005,4,5,30,1,False,False,157,papillon,0.3090277132628346,1.1743243191712844,0.6553119421005249,0.3446880578994751,0.05107915642665321,5.435958477344138,0.14224137931034483,0.03831657072520755,0.269377103280247
frame_004,frame_006,4,6,30,2,True,False,232,Border collie,0.5124680510834863,0.6685169092620469,0.8368487358093262,0.16315126419067383,0.041737098591790305,5.427845634008318,0.1853448275862069,0.05537639626642039,0.2987749752048728
frame_004,frame_007,4,7,30,3,False,False,232,Border collie,0.4824619611761159,0.7288531982515838,0.7545639872550964,0.24543601274490356,0.044341135963979636,5.50851698824805,0.14439655172413793,0.03366555914714264,0.233146558869764
frame_004,frame_008,4,8,30,4,False,False,231,collie,0.2749163055275457,1.291288571173656,0.689440906047821,0.31055909395217896,0.0438323318369871,5.449088508971453,0.1314655172413793,0.032084198781961934,0.24405029893164487
frame_004,frame_009,4,9,30,5,False,False,157,papillon,0.26674166618425477,1.3214746313342225,0.6274216175079346,0.37257838249206543,0.0540857726167656,5.493047661799354,0.1206896551724138,0.024114423414011592,0.1998052225732389
frame_004,frame_010,4,10,30,6,False,True,843,swing,0.2541318511993387,1.3699020474389925,0.5763705968856812,0.42362940311431885,0.04821082595262198,5.478440026047716,0.1314655172413793,0.021629597705711174,0.16452677599098336
frame_004,frame_011,4,11,30,7,False,False,231,collie,0.5267059001000401,0.6411129505429285,0.6903848648071289,0.3096151351928711,0.030555188455155466,5.535290671024143,0.1314655172413793,0.01863440332765307,0.14174365809886924
frame_004,frame_012,4,12,30,8,False,False,843,swing,0.2946446931393798,1.2219850785871031,0.5812855958938599,0.41871440410614014,0.045347415464112535,5.513963475554402,0.15301724137931033,0.04976070869778565,0.32519674416581046
frame_004,frame_000,4,0,40,-4,False,False,232,Border collie,0.2411775328641779,1.4222219657968675,0.6970912218093872,0.3029087781906128,0.11613825787129783,4.415660142083178,0.10129310344827586,0.5996825573609756,5.920270353521121
frame_004,frame_001,4,1,40,-3,True,False,264,"Cardigan, Cardigan Welsh corgi",0.8244775093016993,0.19300541533913207,0.8689039349555969,0.13109606504440308,0.10332647913911572,4.109247651189863,0.07327586206896551,0.607954940704559,8.296796837850453
frame_004,frame_002,4,2,40,-2,False,False,264,"Cardigan, Cardigan Welsh corgi",0.3433294687240472,1.069064742633468,0.6805108189582825,0.31948918104171753,0.08564312223555091,4.290469134510115,0.05387931034482758,0.5496861172358284,10.202174335896975
frame_004,frame_003,4,3,40,-1,False,True,157,papillon,0.20089073177223193,1.6049941417633524,0.661342442035675,0.33865755796432495,0.06291218573933417,4.374299923630995,0.0625,0.5841737390923185,9.346779825477096
frame_004,frame_005,4,5,40,1,False,False,843,swing,0.6798033760840707,0.38595167544226405,0.794033944606781,0.205966055393219,0.06887418788552074,4.722311256548625,0.14224137931034483,0.6740361199971486,4.738678176949651
frame_004,frame_006,4,6,40,2,False,False,232,Border collie,0.43726057639049515,0.8272259769471555,0.8199623227119446,0.18003767728805542,0.058239728091587874,4.558481828169457,0.1853448275862069,0.730301130642068,3.9402293560223205
frame_004,frame_007,4,7,40,3,False,False,232,Border collie,0.3664198834913445,1.0039753804838714,0.7503710985183716,0.24962890148162842,0.06026204629145173,4.258543836104839,0.14439655172413793,0.7660919884452478,5.30547287520291
frame_004,frame_008,4,8,40,4,False,False,217,"English springer, English springer spaniel",0.3548092000842764,1.0361750985439002,0.7138270735740662,0.28617292642593384,0.05367483949363561,4.492770000107029,0.1314655172413793,0.7680095781933153,5.841908922650791
frame_004,frame_009,4,9,40,5,False,False,843,swing,0.5542190647978037,0.5901952465714992,0.7417099475860596,0.25829005241394043,0.04446452972418542,4.893859289738742,0.1206896551724138,0.674497694547106,5.588695183390306
frame_004,frame_010,4,10,40,6,False,False,843,swing,0.7432990718627445,0.296656795922805,0.8044918775558472,0.19550812244415283,0.04947694329741529,4.965009319228032,0.1314655172413793,0.6107007125144255,4.645330009945794
frame_004,frame_011,4,11,40,7,False,False,843,swing,0.494094261486086,0.7050289672717767,0.732085108757019,0.26791489124298096,0.047226723027189034,4.908323790382715,0.1314655172413793,0.6704538935725677,5.099846010125761
frame_004,frame_012,4,12,40,8,False,False,843,swing,0.8171597231298252,0.2019207036827706,0.8517431020736694,0.14825689792633057,0.09643488348775284,5.062304349994397,0.15301724137931033,0.40516255617766617,2.647822902344185
frame_004,frame_000,4,0,50,-4,False,False,217,"English springer, English springer spaniel",0.3479149040130373,1.0557973578078481,0.7341347932815552,0.2658652067184448,0.06895543504595651,5.338945670334644,0.10129310344827586,0.09764999606997998,0.9640340037546961
frame_004,frame_001,4,1,50,-3,True,False,264,"Cardigan, Cardigan Welsh corgi",0.8044999218203579,0.2175344097276306,0.8699735403060913,0.1300264596939087,0.0373787834275963,5.383951441866772,0.07327586206896551,0.10922249189790423,1.4905657717831637
frame_004,frame_002,4,2,50,-2,False,False,264,"Cardigan, Cardigan Welsh corgi",0.40152356120697297,0.912489064360752,0.7190396785736084,0.2809603214263916,0.04539041597547257,5.417020444316281,0.05387931034482758,0.07702524291410254,1.4295885084857431
frame_004,frame_003,4,3,50,-1,False,False,157,papillon,0.3236380948430102,1.1281293787147182,0.6796850562095642,0.3203149437904358,0.027023780714538384,5.487034231141223,0.0625,0.06939714060819223,1.1103542497310757
frame_004,frame_005,4,5,50,1,False,False,157,papillon,0.3461824337718234,1.0607893776434016,0.6588254570960999,0.34117454290390015,0.025807613257688683,5.475168877226281,0.14224137931034483,0.12672561433139656,0.8909194704510304
frame_004,frame_006,4,6,50,2,False,False,232,Border collie,0.42489850906651994,0.8559049407719286,0.8024780750274658,0.19752192497253418,0.035353861757339365,5.50574561024177,0.1853448275862069,0.21968595343769284,1.1852823534312729
frame_004,frame_007,4,7,50,3,False,False,217,"English springer, English springer spaniel",0.5023117149833558,0.6885344058157348,0.7921950817108154,0.20780491828918457,0.019076234055478716,5.581712704063598,0.14439655172413793,0.16933871994433847,1.1727338217040755
frame_004,frame_008,4,8,50,4,False,False,217,"English springer, English springer spaniel",0.6660106204626458,0.4064496619282849,0.8051934242248535,0.19480657577514648,0.02356030793052166,5.565979342818867,0.1314655172413793,0.13151795265794755,1.0003988530047159
frame_004,frame_009,4,9,50,5,False,False,157,papillon,0.3653047587597041,1.007023318275047,0.6683807373046875,0.3316192626953125,0.06227368831169716,5.309207011434698,0.1206896551724138,0.07911472419183238,0.6555220004466111
frame_004,frame_010,4,10,50,6,False,True,261,keeshond,0.19055594013719332,1.6578094785076765,0.5870903730392456,0.4129096269607544,0.05777738241722961,5.345034258548999,0.1314655172413793,0.05561714066322559,0.42305497160224054
frame_004,frame_011,4,11,50,7,False,False,231,collie,0.3761394464549211,0.9777953361156931,0.6441036462783813,0.35589635372161865,0.07151791357380868,5.259310053953543,0.1314655172413793,0.06832085095798676,0.5196864728607518
frame_004,frame_012,4,12,50,8,False,False,843,swing,0.2876263477756579,1.2460930447595924,0.587493896484375,0.412506103515625,0.10316165627839954,5.153615617941252,0.15301724137931033,0.04803792632713217,0.3139379974054835
frame_005,frame_000,5,0,5,-5,False,False,231,collie,0.6231023347291545,0.47304451248158275,0.725263774394989,0.274736225605011,0.021024953687450876,5.588946878672689,0.10129310344827586,0.357301127406517,3.527398364183487
frame_005,frame_001,5,1,5,-4,False,False,231,collie,0.5982624107480943,0.5137258073221709,0.7084052562713623,0.2915947437286377,0.027368853329672822,5.53056442765954,0.07327586206896551,0.31899269194740976,4.353312031282298
frame_005,frame_002,5,2,5,-3,False,False,231,collie,0.5051991725025369,0.6828025264672832,0.6923214793205261,0.3076785206794739,0.024572487625700655,5.596005284935326,0.05387931034482758,0.24473396907293998,4.542262465993766
frame_005,frame_003,5,3,5,-2,False,False,231,collie,0.6013471177663268,0.5085829441756742,0.728653073310852,0.27134692668914795,0.018718594615464677,5.570229015493773,0.0625,0.29678683850248583,4.748589416039773
frame_005,frame_004,5,4,5,-1,False,False,231,collie,0.3713914510575385,0.9904986484826308,0.6056313514709473,0.39436864852905273,0.012292124320533341,5.691463757831661,0.11206896551724138,0.36938285330530346,3.2960316141088617
frame_005,frame_006,5,6,5,1,True,False,231,collie,0.9317902147448636,0.07064758110890246,0.932326078414917,0.06767392158508301,0.016546258810021176,5.6308235160863,0.1853448275862069,0.4883581649238387,2.634862657263502
frame_005,frame_007,5,7,5,2,False,False,231,collie,0.9010298358278956,0.1042169077956494,0.9040008187294006,0.09599918127059937,0.019446199760972883,5.585964626131348,0.14439655172413793,0.44130376391353227,3.056193230684761
frame_005,frame_008,5,8,5,3,False,False,231,collie,0.8690955630221894,0.14030219080754858,0.8740642070770264,0.12593579292297363,0.013813777053403156,5.658651030188249,0.1314655172413793,0.4140900419657523,3.149799663477198
frame_005,frame_009,5,9,5,4,False,False,231,collie,0.37113392380961074,0.9911923008936334,0.5794380903244019,0.42056190967559814,0.016333168254504298,5.690697277967184,0.1206896551724138,0.3701811529492997,3.0672152672941975
frame_005,frame_010,5,10,5,5,False,False,231,collie,0.24434715361517115,1.4091653041360672,0.5374478101730347,0.46255218982696533,0.014641914607454318,5.741269604974328,0.1314655172413793,0.3451372440180926,2.6253062495802455
frame_005,frame_011,5,11,5,6,False,False,231,collie,0.5476263221319463,0.6021621185493293,0.6463695764541626,0.3536304235458374,0.013637460694398973,5.702479183173738,0.1314655172413793,0.38816918851227183,2.9526312044212153
frame_005,frame_012,5,12,5,7,False,True,781,scoreboard,0.15843736900274913,1.8423959120040827,0.5342622995376587,0.4657377004623413,0.013333400896227457,5.8143711733394845,0.15301724137931033,0.25843879397380737,1.688952118364037
frame_005,frame_000,5,0,10,-5,False,False,264,"Cardigan, Cardigan Welsh corgi",0.29421961739541624,1.2234287925639613,0.7452889084815979,0.2547110915184021,0.09797449300823101,4.782127076763007,0.10129310344827586,0.45990137092224176,4.540302895913196
frame_005,frame_001,5,1,10,-4,True,False,264,"Cardigan, Cardigan Welsh corgi",0.9116268543208291,0.09252452359690277,0.9284520745277405,0.07154792547225952,0.0985882210591876,4.654551464618629,0.07327586206896551,0.4479482816051133,6.113176548963899
frame_005,frame_002,5,2,10,-3,False,False,264,"Cardigan, Cardigan Welsh corgi",0.5648679166987625,0.5711633509199099,0.7461020946502686,0.25389790534973145,0.06671291638738104,4.996351075325896,0.05387931034482758,0.3825310931000069,7.099777087936128
frame_005,frame_003,5,3,10,-2,False,False,231,collie,0.6468348654759634,0.43566424816184934,0.8000398874282837,0.1999601125717163,0.05266588551180554,5.035568919984707,0.0625,0.4068153995637589,6.509046393020142
frame_005,frame_004,5,4,10,-1,False,False,231,collie,0.2616789552101576,1.3406368883839566,0.6009323596954346,0.39906764030456543,0.041567195471819016,5.312011953822575,0.11206896551724138,0.4379782624285797,3.9081137262857877
frame_005,frame_006,5,6,10,1,False,False,231,collie,0.5684767194091527,0.5647949175374407,0.8315613865852356,0.1684386134147644,0.07791523590034784,4.906994277187192,0.1853448275862069,0.5920279544834749,3.194197335817818
frame_005,frame_007,5,7,10,2,False,False,231,collie,0.41542530195850047,0.8784524595286607,0.7953131198883057,0.20468688011169434,0.059230361659582134,4.737179777405356,0.14439655172413793,0.6089086922210744,4.216919898366843
frame_005,frame_008,5,8,10,3,False,False,231,collie,0.41081974495084816,0.8896007374507464,0.7646806836128235,0.2353193163871765,0.07324268859885194,5.130221059767824,0.1314655172413793,0.5248641987645045,3.992409643061149
frame_005,frame_009,5,9,10,4,False,False,231,collie,0.23927818508063844,1.430128449607973,0.6027849316596985,0.3972150683403015,0.02288448026456906,5.484086461701914,0.1206896551724138,0.3425700821413963,2.8384378234572836
frame_005,frame_010,5,10,10,5,False,True,231,collie,0.1855532752781129,1.6844132399034146,0.5229740142822266,0.47702598571777344,0.02307733153440865,5.554911392968422,0.1314655172413793,0.2653327767377862,2.018268990267751
frame_005,frame_011,5,11,10,6,False,False,231,collie,0.691072174919034,0.3695110107137971,0.7968235015869141,0.20317649841308594,0.027747763014332273,5.50963773092564,0.1314655172413793,0.3281181888736071,2.4958498301205525
frame_005,frame_012,5,12,10,7,False,False,574,golf ball,0.3938453315946968,0.9317970061601397,0.6436589956283569,0.35634100437164307,0.0530413641099939,5.486816730363866,0.15301724137931033,0.17612755181403647,1.1510307611508863
frame_005,frame_000,5,0,20,-5,False,False,232,Border collie,0.2500209374186075,1.3862106149522688,0.6607745289802551,0.3392254710197449,0.01704484371220799,5.71624430400713,0.10129310344827586,0.14201789676179175,1.4020490233504548
frame_005,frame_001,5,1,20,-4,False,False,264,"Cardigan, Cardigan Welsh corgi",0.4520252316184475,0.794017278543198,0.722579300403595,0.27742069959640503,0.01531736746758923,5.658361063317924,0.07327586206896551,0.11996896067094594,1.6372234632740859
frame_005,frame_002,5,2,20,-3,False,False,733,pole,0.29805581724851693,1.2104745038132723,0.6398824453353882,0.3601175546646118,0.016503313557634368,5.706623883621716,0.05387931034482758,0.10401471367472669,1.9305130858029274
frame_005,frame_003,5,3,20,-2,False,False,231,collie,0.3179846799214314,1.1457520737101776,0.68892502784729,0.31107497215270996,0.02439598776991076,5.669619832402896,0.0625,0.10871539811910211,1.7394463699056337
frame_005,frame_004,5,4,20,-1,False,False,843,swing,0.3848389812308398,0.9549302627463974,0.6634713411331177,0.3365286588668823,0.019073117721723782,5.729183841829983,0.11206896551724138,0.1458045790738405,1.3010254748127306
frame_005,frame_006,5,6,20,1,True,False,231,collie,0.6420793947989916,0.4430433150272197,0.8452891707420349,0.1547108292579651,0.01720817364191347,5.697061509798703,0.1853448275862069,0.24613877851200258,1.328004572436851
frame_005,frame_007,5,7,20,2,False,False,231,collie,0.5157331334033264,0.6621658306128877,0.7834166884422302,0.21658331155776978,0.018479611850197815,5.703161343656911,0.14439655172413793,0.17378429822794375,1.203521110115909
frame_005,frame_008,5,8,20,3,False,False,231,collie,0.4059273230159157,0.9015811427540936,0.690827488899231,0.30917251110076904,0.018512353340783334,5.742472141697673,0.1314655172413793,0.1870096545111144,1.4224996671009358
frame_005,frame_009,5,9,20,4,False,False,157,papillon,0.2937166381220507,1.225139792324062,0.6134293079376221,0.38657069206237793,0.023133069501342213,5.652230907319494,0.1206896551724138,0.1361014015096536,1.1276973267942727
frame_005,frame_010,5,10,20,5,False,True,241,EntleBucher,0.3328026286638602,1.10020567143689,0.5907730460166931,0.4092269539833069,0.019391350365170264,5.659961525409563,0.1314655172413793,0.11409860550273165,0.8678975893978277
frame_005,frame_011,5,11,20,6,False,False,230,"Shetland sheepdog, Shetland sheep dog, Shetland",0.3236297259501154,1.128155237849458,0.676164984703064,0.32383501529693604,0.020950855880856302,5.674808338251994,0.1314655172413793,0.12231099532316848,0.930365603769675
frame_005,frame_012,5,12,20,7,False,False,843,swing,0.4094692180195468,0.8928935481858308,0.6447311639785767,0.35526883602142334,0.028537832059747234,5.60401970038816,0.15301724137931033,0.09236937266085854,0.6036533649949065
frame_005,frame_000,5,0,30,-5,False,False,232,Border collie,0.292601230318917,1.2289445856239656,0.6891564726829529,0.3108435273170471,0.03578436042726257,5.558151854762142,0.10129310344827586,0.03332474955789282,0.32899327223111213
frame_005,frame_001,5,1,30,-4,False,False,264,"Cardigan, Cardigan Welsh corgi",0.6795521711751118,0.3863212695669579,0.7822109460830688,0.21778905391693115,0.028307351798800243,5.5642330733733445,0.07327586206896551,0.028581901789846424,0.39005889501437474
frame_005,frame_002,5,2,30,-3,False,False,733,pole,0.2855316305258921,1.2534024660897514,0.651993453502655,0.34800654649734497,0.030314948031958878,5.567964371454069,0.05387931034482758,0.015341590163878982,0.28473991344159394
frame_005,frame_003,5,3,30,-2,False,False,157,papillon,0.3219091073571446,1.1334860485732674,0.690281867980957,0.30971813201904297,0.03384739597429994,5.555509185479621,0.0625,0.011518741471112523,0.18429986353780037
frame_005,frame_004,5,4,30,-1,False,False,843,swing,0.4051854410664489,0.9034104374938634,0.6844227313995361,0.31557726860046387,0.026889437620200803,5.562090128404396,0.11206896551724138,0.02400845617928873,0.21422930129211482
frame_005,frame_006,5,6,30,1,True,False,232,Border collie,0.5124680510834863,0.6685169092620469,0.8368487358093262,0.16315126419067383,0.03695574125708609,5.467368183641735,0.1853448275862069,0.06543538072022904,0.3530467052812358
frame_005,frame_007,5,7,30,2,False,False,232,Border collie,0.4824619611761159,0.7288531982515838,0.7545639872550964,0.24543601274490356,0.038673936813363195,5.551749529332777,0.14439655172413793,0.03927849299493302,0.2720182201440138
frame_005,frame_008,5,8,30,3,False,False,231,collie,0.2749163055275457,1.291288571173656,0.689440906047821,0.31055909395217896,0.0421878100145994,5.483796971693691,0.1314655172413793,0.03874458167696053,0.29471288357556863
frame_005,frame_009,5,9,30,4,False,False,157,papillon,0.26674166618425477,1.3214746313342225,0.6274216175079346,0.37257838249206543,0.05153372257843781,5.5150654086933635,0.1206896551724138,0.028305109971633515,0.2345280540506777
frame_005,frame_010,5,10,30,5,False,True,843,swing,0.2541318511993387,1.3699020474389925,0.5763705968856812,0.42362940311431885,0.04471205908692293,5.492930470800173,0.1314655172413793,0.02721195785530618,0.2069893187682306
frame_005,frame_011,5,11,30,6,False,False,231,collie,0.5267059001000401,0.6411129505429285,0.6903848648071289,0.3096151351928711,0.028340669418069446,5.560870652022275,0.1314655172413793,0.023739560261460117,0.18057632723471304
frame_005,frame_012,5,12,30,7,False,False,843,swing,0.2946446931393798,1.2219850785871031,0.5812855958938599,0.41871440410614014,0.03843118323659387,5.552930071377056,0.15301724137931033,0.055455573313149625,0.36241388756762577
frame_005,frame_000,5,0,40,-5,False,False,232,Border collie,0.2411775328641779,1.4222219657968675,0.6970912218093872,0.3029087781906128,0.13272014278012026,4.211860011481759,0.10129310344827586,0.6458291890631492,6.375845611176622
frame_005,frame_001,5,1,40,-4,False,False,264,"Cardigan, Cardigan Welsh corgi",0.8244775093016993,0.19300541533913207,0.8689039349555969,0.13109606504440308,0.1198608039763315,3.8539133129174576,0.07327586206896551,0.6535412416190821,8.918915767978062
frame_005,frame_002,5,2,40,-3,False,False,264,"Cardigan, Cardigan Welsh corgi",0.3433294687240472,1.069064742633468,0.6805108189582825,0.31948918104171753,0.0972714886982659,4.064448375867929,0.05387931034482758,0.6064141622848724,11.255046852007233
frame_005,frame_003,5,3,40,-2,False,True,157,papillon,0.20089073177223193,1.6049941417633524,0.661342442035675,0.33865755796432495,0.07267388837505193,4.166443759649665,0.0625,0.6257191635241313,10.0115066163861
frame_005,frame_004,5,4,40,-1,True,False,843,swing,0.8876100875175972,0.11922272305182391,0.9029132127761841,0.09708678722381592,0.06353462405896497,4.550784481458398,0.11206896551724138,0.7370632851055704,6.576872390172782
frame_005,frame_006,5,6,40,1,False,False,232,Border collie,0.43726057639049515,0.8272259769471555,0.8199623227119446,0.18003767728805542,0.07266007362560464,4.41723694361735,0.1853448275862069,0.75654888057627,4.0818451231091775
frame_005,frame_007,5,7,40,2,False,False,232,Border collie,0.3664198834913445,1.0039753804838714,0.7503710985183716,0.24962890148162842,0.06597428524635933,4.072382682513677,0.14439655172413793,0.7957921590060104,5.511157638489386
frame_005,frame_008,5,8,40,3,False,False,217,"English springer, English springer spaniel",0.3548092000842764,1.0361750985439002,0.7138270735740662,0.28617292642593384,0.0612995066240978,4.325541242970341,0.1314655172413793,0.8080502586467524,6.146480655935953
frame_005,frame_009,5,9,40,4,False,False,843,swing,0.5542190647978037,0.5901952465714992,0.7417099475860596,0.25829005241394043,0.048551695963850304,4.742071261592702,0.1206896551724138,0.7274228436699256,6.027217847550812
frame_005,frame_010,5,10,40,5,False,False,843,swing,0.7432990718627445,0.296656795922805,0.8044918775558472,0.19550812244415283,0.055144573663928546,4.835103312416415,0.1314655172413793,0.6580282798096599,5.005329866093151
frame_005,frame_011,5,11,40,6,False,False,843,swing,0.494094261486086,0.7050289672717767,0.732085108757019,0.26791489124298096,0.046800746523027396,4.773030930542204,0.1314655172413793,0.7194389596318969,5.472453725724592
frame_005,frame_012,5,12,40,7,False,False,843,swing,0.8171597231298252,0.2019207036827706,0.8517431020736694,0.14825689792633057,0.08906901665885075,4.965923473605319,0.15301724137931033,0.4547175345241988,2.9716751552003977
frame_005,frame_000,5,0,50,-5,False,False,217,"English springer, English springer spaniel",0.3479149040130373,1.0557973578078481,0.7341347932815552,0.2658652067184448,0.07477813199944704,5.2330161865742095,0.10129310344827586,0.12221600942055334,1.2065580504497182
frame_005,frame_001,5,1,50,-4,True,False,264,"Cardigan, Cardigan Welsh corgi",0.8044999218203579,0.2175344097276306,0.8699735403060913,0.1300264596939087,0.03929776375080272,5.269361478360236,0.07327586206896551,0.15360352231524643,2.0962363045374808
frame_005,frame_002,5,2,50,-3,False,False,264,"Cardigan, Cardigan Welsh corgi",0.40152356120697297,0.912489064360752,0.7190396785736084,0.2809603214263916,0.05127714164657508,5.328636525804831,0.05387931034482758,0.10311996378963738,1.91390652793567
frame_005,frame_003,5,3,50,-2,False,False,157,papillon,0.3236380948430102,1.1281293787147182,0.6796850562095642,0.3203149437904358,0.0321103330597044,5.407161572252296,0.0625,0.09222833929244877,1.4756534286791803
frame_005,frame_004,5,4,50,-1,False,False,843,swing,0.21662680044519625,1.5295792196355107,0.6114838123321533,0.3885161876678467,0.04799686296917767,5.301952486055148,0.11206896551724138,0.09817412152289941,0.8760152382043331
frame_005,frame_006,5,6,50,1,False,False,232,Border collie,0.42489850906651994,0.8559049407719286,0.8024780750274658,0.19752192497253418,0.03800729710187201,5.408607993612522,0.1853448275862069,0.2744293964163039,1.4806423248507556
frame_005,frame_007,5,7,50,2,False,False,217,"English springer, English springer spaniel",0.5023117149833558,0.6885344058157348,0.7921950817108154,0.20780491828918457,0.022066086224111558,5.466516701487642,0.14439655172413793,0.22838079532016764,1.5816222243068327
frame_005,frame_008,5,8,50,3,False,False,217,"English springer, English springer spaniel",0.6660106204626458,0.4064496619282849,0.8051934242248535,0.19480657577514648,0.02227172823033864,5.48859596527314,0.1314655172413793,0.16931471906103843,1.2879021253167513
frame_005,frame_009,5,9,50,4,False,False,157,papillon,0.3653047587597041,1.007023318275047,0.6683807373046875,0.3316192626953125,0.05986396166584859,5.216096057667247,0.1206896551724138,0.0953599811169076,0.7901255578258058
frame_005,frame_010,5,10,50,5,False,True,261,keeshond,0.19055594013719332,1.6578094785076765,0.5870903730392456,0.4129096269607544,0.0534382019962353,5.270194828155747,0.1314655172413793,0.06500025976243014,0.49442820540602594
frame_005,frame_011,5,11,50,6,False,False,231,collie,0.3761394464549211,0.9777953361156931,0.6441036462783813,0.35589635372161865,0.0729894931822923,5.163256369580054,0.1314655172413793,0.08056799743895086,0.6128450952733312
frame_005,frame_012,5,12,50,7,False,False,843,swing,0.2876263477756579,1.2460930447595924,0.587493896484375,0.412506103515625,0.11039707839567355,5.027258409365302,0.15301724137931033,0.048250870756960086,0.31532963424266874
frame_006,frame_000,6,0,5,-6,False,False,231,collie,0.6231023347291545,0.47304451248158275,0.725263774394989,0.274736225605011,0.03117074861190882,5.3308929092519195,0.10129310344827586,0.4605044081747002,4.5462562849587425
frame_006,frame_001,6,1,5,-5,False,False,231,collie,0.5982624107480943,0.5137258073221709,0.7084052562713623,0.2915947437286377,0.04119965410812487,5.239215934509826,0.07327586206896551,0.40803361791306747,5.568458785637157
frame_006,frame_002,6,2,5,-4,False,False,231,collie,0.5051991725025369,0.6828025264672832,0.6923214793205261,0.3076785206794739,0.0396470682589038,5.342273706167694,0.05387931034482758,0.332675136155007,6.17445052703693
frame_006,frame_003,6,3,5,-3,False,False,231,collie,0.6013471177663268,0.5085829441756742,0.728653073310852,0.27134692668914795,0.02434642416218128,5.295521592101085,0.0625,0.39597489654533863,6.335598344725418
frame_006,frame_004,6,4,5,-2,False,False,231,collie,0.3713914510575385,0.9904986484826308,0.6056313514709473,0.39436864852905273,0.020580638368356722,5.484714998008377,0.11206896551724138,0.4807928465045636,4.2901515534253365
frame_006,frame_005,6,5,5,-1,False,False,231,collie,0.3903884445702171,0.9406130238304962,0.6162307858467102,0.3837692141532898,0.0259225832112721,5.540309730426804,0.14224137931034483,0.4659767913832126,3.2759580485122823
frame_006,frame_007,6,7,5,1,True,False,231,collie,0.9010298358278956,0.1042169077956494,0.9040008187294006,0.09599918127059937,0.027777395922590174,5.307716882431668,0.14439655172413793,0.5445287853330424,3.7710650208139054
frame_006,frame_008,6,8,5,2,False,False,231,collie,0.8690955630221894,0.14030219080754858,0.8740642070770264,0.12593579292297363,0.024306938398461972,5.432273796298056,0.1314655172413793,0.52458323307753,3.990272461442195
frame_006,frame_009,6,9,5,3,False,False,231,collie,0.37113392380961074,0.9911923008936334,0.5794380903244019,0.42056190967559814,0.022174987830652814,5.541416976621572,0.1206896551724138,0.47578359039987356,3.9422068918846667
frame_006,frame_010,6,10,5,4,False,False,231,collie,0.24434715361517115,1.4091653041360672,0.5374478101730347,0.46255218982696533,0.02347494883394534,5.604094638330796,0.1314655172413793,0.4445111408658634,3.3811994977337805
frame_006,frame_011,6,11,5,5,False,False,231,collie,0.5476263221319463,0.6021621185493293,0.6463695764541626,0.3536304235458374,0.01842638660220447,5.556348428206648,0.1314655172413793,0.49394769913256853,3.757241514713308
frame_006,frame_012,6,12,5,6,False,True,781,scoreboard,0.15843736900274913,1.8423959120040827,0.5342622995376587,0.4657377004623413,0.014844616038345583,5.767160023732494,0.15301724137931033,0.32993692329200536,2.156207498697049
frame_006,frame_000,6,0,10,-6,False,False,264,"Cardigan, Cardigan Welsh corgi",0.29421961739541624,1.2234287925639613,0.7452889084815979,0.2547110915184021,0.11739683013765755,4.238196329300335,0.10129310344827586,0.6035221592510865,5.958176210478812
frame_006,frame_001,6,1,10,-5,True,False,264,"Cardigan, Cardigan Welsh corgi",0.9116268543208291,0.09252452359690277,0.9284520745277405,0.07154792547225952,0.1270796338030921,4.0055236016907445,0.07327586206896551,0.5979488055655369,8.160242523012034
frame_006,frame_002,6,2,10,-4,False,False,264,"Cardigan, Cardigan Welsh corgi",0.5648679166987625,0.5711633509199099,0.7461020946502686,0.25389790534973145,0.12257927882131919,4.306133465080827,0.05387931034482758,0.5708803845214822,10.59553993671871
frame_006,frame_003,6,3,10,-3,False,False,231,collie,0.6468348654759634,0.43566424816184934,0.8000398874282837,0.1999601125717163,0.08885451425473888,4.338363542670314,0.0625,0.6042416995897796,9.667867193436473
frame_006,frame_004,6,4,10,-2,False,False,231,collie,0.2616789552101576,1.3406368883839566,0.6009323596954346,0.39906764030456543,0.07011736123597237,4.770746812479443,0.11206896551724138,0.6440399242051968,5.746817785215603
frame_006,frame_005,6,5,10,-1,False,False,231,collie,0.3793890032201871,0.9691932065607829,0.6527155637741089,0.3472844362258911,0.07403580190677678,4.77648865604076,0.14224137931034483,0.6437297915068038,4.525615503926621
frame_006,frame_007,6,7,10,1,False,False,231,collie,0.41542530195850047,0.8784524595286607,0.7953131198883057,0.20468688011169434,0.07826912106833259,4.164328786894668,0.14439655172413793,0.7604421244162939,5.266345458644184
frame_006,frame_008,6,8,10,2,False,False,231,collie,0.41081974495084816,0.8896007374507464,0.7646806836128235,0.2353193163871765,0.08631916465631559,4.545457581126187,0.1314655172413793,0.7134502252142755,5.426900073761046
frame_006,frame_009,6,9,10,3,False,False,231,collie,0.23927818508063844,1.430128449607973,0.6027849316596985,0.3972150683403015,0.039218735415239334,5.104019888682626,0.1206896551724138,0.5775492511310063,4.785408080799766
frame_006,frame_010,6,10,10,4,False,True,231,collie,0.1855532752781129,1.6844132399034146,0.5229740142822266,0.47702598571777344,0.03220345408424265,5.282150492143858,0.1314655172413793,0.48147008273953673,3.6623298096909025
frame_006,frame_011,6,11,10,5,False,False,231,collie,0.691072174919034,0.3695110107137971,0.7968235015869141,0.20317649841308594,0.046972777310824734,5.1808226350908155,0.1314655172413793,0.5475300815407353,4.164818980900019
frame_006,frame_012,6,12,10,6,False,False,574,golf ball,0.3938453315946968,0.9317970061601397,0.6436589956283569,0.35634100437164307,0.037006791263967755,5.4706576866909575,0.15301724137931033,0.3141945172487807,2.0533275493441447
frame_006,frame_000,6,0,20,-6,False,False,232,Border collie,0.2500209374186075,1.3862106149522688,0.6607745289802551,0.3392254710197449,0.01950534488475274,5.64114433207873,0.10129310344827586,0.19093029475063777,1.8849288673254454
frame_006,frame_001,6,1,20,-5,False,False,264,"Cardigan, Cardigan Welsh corgi",0.4520252316184475,0.794017278543198,0.722579300403595,0.27742069959640503,0.01970555293983533,5.5833450641103575,0.07327586206896551,0.17249141033600687,2.354000423409035
frame_006,frame_002,6,2,20,-4,False,False,733,pole,0.29805581724851693,1.2104745038132723,0.6398824453353882,0.3601175546646118,0.01818090669364027,5.629304324182531,0.05387931034482758,0.1513989683416353,2.8099648524207512
frame_006,frame_003,6,3,20,-3,False,False,231,collie,0.3179846799214314,1.1457520737101776,0.68892502784729,0.31107497215270996,0.026314863972257324,5.631773711500222,0.0625,0.14230748419946507,2.276919747191441
frame_006,frame_004,6,4,20,-2,False,False,843,swing,0.3848389812308398,0.9549302627463974,0.6634713411331177,0.3365286588668823,0.015796881498951188,5.713769734564652,0.11206896551724138,0.1759342876097901,1.5698751817488963
frame_006,frame_005,6,5,20,-1,False,False,157,papillon,0.21687339652618676,1.5284415218475422,0.6262565851211548,0.3737434148788452,0.018077179674586986,5.685700094082742,0.14224137931034483,0.21117484842713155,1.484623176821046
frame_006,frame_007,6,7,20,1,True,False,231,collie,0.5157331334033264,0.6621658306128877,0.7834166884422302,0.21658331155776978,0.016351291864366842,5.631205871596604,0.14439655172413793,0.25065643985180386,1.7358893744960746
frame_006,frame_008,6,8,20,2,False,False,231,collie,0.4059273230159157,0.9015811427540936,0.690827488899231,0.30917251110076904,0.016604362238569623,5.70412911810107,0.1314655172413793,0.23019254560139607,1.7509728058860292
frame_006,frame_009,6,9,20,3,False,False,157,papillon,0.2937166381220507,1.225139792324062,0.6134293079376221,0.38657069206237793,0.023490708193144885,5.650317036792652,0.1206896551724138,0.15977258543840844,1.323829993632527
frame_006,frame_010,6,10,20,4,False,True,241,EntleBucher,0.3328026286638602,1.10020567143689,0.5907730460166931,0.4092269539833069,0.02200245248673582,5.647469686923815,0.1314655172413793,0.12633474464546657,0.9609724838605982
frame_006,frame_011,6,11,20,5,False,False,230,"Shetland sheepdog, Shetland sheep dog, Shetland",0.3236297259501154,1.128155237849458,0.676164984703064,0.32383501529693604,0.01926464566508817,5.657502365575873,0.1314655172413793,0.1340667962191525,1.0197867777981435
frame_006,frame_012,6,12,20,6,False,False,843,swing,0.4094692180195468,0.8928935481858308,0.6447311639785767,0.35526883602142334,0.02813655380291756,5.573273701297563,0.15301724137931033,0.08634255992534776,0.5642668704980474
frame_006,frame_000,6,0,30,-6,False,False,232,Border collie,0.292601230318917,1.2289445856239656,0.6891564726829529,0.3108435273170471,0.022885663350939472,5.698907380219042,0.10129310344827586,0.055328422255948494,0.5462210197183001
frame_006,frame_001,6,1,30,-5,True,False,264,"Cardigan, Cardigan Welsh corgi",0.6795521711751118,0.3863212695669579,0.7822109460830688,0.21778905391693115,0.02068774978824797,5.674507245835515,0.07327586206896551,0.04176879576438087,0.5700212127844919
frame_006,frame_002,6,2,30,-4,False,False,733,pole,0.2855316305258921,1.2534024660897514,0.651993453502655,0.34800654649734497,0.02008215509797961,5.669436063464459,0.05387931034482758,0.024787507190723857,0.4600561334598348
frame_006,frame_003,6,3,30,-3,False,False,157,papillon,0.3219091073571446,1.1334860485732674,0.690281867980957,0.30971813201904297,0.022419493428965015,5.677587016424948,0.0625,0.02115604033989027,0.3384966454382443
frame_006,frame_004,6,4,30,-2,False,False,843,swing,0.4051854410664489,0.9034104374938634,0.6844227313995361,0.31557726860046387,0.019701251654192856,5.693908630997251,0.11206896551724138,0.04256403432042265,0.37980215239761744
frame_006,frame_005,6,5,30,-1,False,False,157,papillon,0.3090277132628346,1.1743243191712844,0.6553119421005249,0.3446880578994751,0.028216075069423252,5.647506578915901,0.14224137931034483,0.07647199648040832,0.5376213085895373
frame_006,frame_007,6,7,30,1,False,False,232,Border collie,0.4824619611761159,0.7288531982515838,0.7545639872550964,0.24543601274490356,0.02504643152026399,5.724517939780145,0.14439655172413793,0.06414204332099659,0.4442075835961555
frame_006,frame_008,6,8,30,2,False,False,231,collie,0.2749163055275457,1.291288571173656,0.689440906047821,0.31055909395217896,0.03015968024104703,5.666468694881782,0.1314655172413793,0.056581447814801,0.43039002927979775
frame_006,frame_009,6,9,30,3,False,False,157,papillon,0.26674166618425477,1.3214746313342225,0.6274216175079346,0.37257838249206543,0.035023677856901164,5.654690941935549,0.1206896551724138,0.04567689825107524,0.37846572836605197
frame_006,frame_010,6,10,30,4,False,True,843,swing,0.2541318511993387,1.3699020474389925,0.5763705968856812,0.42362940311431885,0.032495800594181876,5.621620774761136,0.1314655172413793,0.04400376731115832,0.3347171808586469
frame_006,frame_011,6,11,30,5,False,False,231,collie,0.5267059001000401,0.6411129505429285,0.6903848648071289,0.3096151351928711,0.023333253380442186,5.69582251039953,0.1314655172413793,0.04126902271375204,0.31391518916690075
frame_006,frame_012,6,12,30,6,False,False,843,swing,0.2946446931393798,1.2219850785871031,0.5812855958938599,0.41871440410614014,0.01901731484969029,5.717678009379227,0.15301724137931033,0.0818464908963841,0.5348841095200313
frame_006,frame_000,6,0,40,-6,False,False,232,Border collie,0.2411775328641779,1.4222219657968675,0.6970912218093872,0.3029087781906128,0.1450190378981548,3.8572970215651665,0.10129310344827586,0.6759063106613212,6.672777194613895
frame_006,frame_001,6,1,40,-5,False,False,264,"Cardigan, Cardigan Welsh corgi",0.8244775093016993,0.19300541533913207,0.8689039349555969,0.13109606504440308,0.1363893919231737,3.5522253690093866,0.07327586206896551,0.687778075818406,9.386147858227659
frame_006,frame_002,6,2,40,-4,False,False,264,"Cardigan, Cardigan Welsh corgi",0.3433294687240472,1.069064742633468,0.6805108189582825,0.31948918104171753,0.12187532309149775,3.7034693004067236,0.05387931034482758,0.6831687486981004,12.679611975836744
frame_006,frame_003,6,3,40,-3,False,True,157,papillon,0.20089073177223193,1.6049941417633524,0.661342442035675,0.33865755796432495,0.08874547397221486,3.883288483845147,0.0625,0.6797021832350411,10.875234931760657
frame_006,frame_004,6,4,40,-2,True,False,843,swing,0.8876100875175972,0.11922272305182391,0.9029132127761841,0.09708678722381592,0.07240351330150432,4.232523211787097,0.11206896551724138,0.7990484993236604,7.1299712247342
frame_006,frame_005,6,5,40,-1,False,False,843,swing,0.6798033760840707,0.38595167544226405,0.794033944606781,0.205966055393219,0.10150168693692828,4.226004660260968,0.14224137931034483,0.7543370646254405,5.303218151306127
frame_006,frame_007,6,7,40,1,False,False,232,Border collie,0.3664198834913445,1.0039753804838714,0.7503710985183716,0.24962890148162842,0.07334916420833319,3.843958352653403,0.14439655172413793,0.8325170617494914,5.7654912933099105
frame_006,frame_008,6,8,40,2,False,False,217,"English springer, English springer spaniel",0.3548092000842764,1.0361750985439002,0.7138270735740662,0.28617292642593384,0.06261089326227443,4.08974174968853,0.1314655172413793,0.852928793079292,6.487851803094943
frame_006,frame_009,6,9,40,3,False,False,843,swing,0.5542190647978037,0.5901952465714992,0.7417099475860596,0.25829005241394043,0.04098513852713453,4.491576397707508,0.1206896551724138,0.7981284478244396,6.613064281973927
frame_006,frame_010,6,10,40,4,False,False,843,swing,0.7432990718627445,0.296656795922805,0.8044918775558472,0.19550812244415283,0.05850094289611949,4.601215836976249,0.1314655172413793,0.7346686355451629,5.5882991293927144
frame_006,frame_011,6,11,40,5,False,False,843,swing,0.494094261486086,0.7050289672717767,0.732085108757019,0.26791489124298096,0.05240648713202465,4.539379713343919,0.1314655172413793,0.7654969425207644,5.822796415239913
frame_006,frame_012,6,12,40,6,False,False,843,swing,0.8171597231298252,0.2019207036827706,0.8517431020736694,0.14825689792633057,0.06250117682042611,4.758276640203236,0.15301724137931033,0.5691035044170494,3.719211634500154
frame_006,frame_000,6,0,50,-6,False,False,217,"English springer, English springer spaniel",0.3479149040130373,1.0557973578078481,0.7341347932815552,0.2658652067184448,0.04320757104956538,5.26794749618416,0.10129310344827586,0.20588177104293343,2.0325349311472576
frame_006,frame_001,6,1,50,-5,True,False,264,"Cardigan, Cardigan Welsh corgi",0.8044999218203579,0.2175344097276306,0.8699735403060913,0.1300264596939087,0.045381291920605527,5.224265507993604,0.07327586206896551,0.23334452600585956,3.1844664725505543
frame_006,frame_002,6,2,50,-4,False,False,264,"Cardigan, Cardigan Welsh corgi",0.40152356120697297,0.912489064360752,0.7190396785736084,0.2809603214263916,0.03278158177329065,5.326122843977666,0.05387931034482758,0.1735062936652643,3.2202768104273054
frame_006,frame_003,6,3,50,-3,False,False,157,papillon,0.3236380948430102,1.1281293787147182,0.6796850562095642,0.3203149437904358,0.02393859968556825,5.414568042227016,0.0625,0.17562453900793898,2.8099926241270237
frame_006,frame_004,6,4,50,-2,False,False,843,swing,0.21662680044519625,1.5295792196355107,0.6114838123321533,0.3885161876678467,0.03711588678664758,5.378231389613794,0.11206896551724138,0.17399794441445673,1.55259704246746
frame_006,frame_005,6,5,50,-1,False,False,157,papillon,0.3461824337718234,1.0607893776434016,0.6588254570960999,0.34117454290390015,0.02932271890424783,5.434439575992478,0.14224137931034483,0.2285422190153672,1.6067210548959148
frame_006,frame_007,6,7,50,1,False,False,217,"English springer, English springer spaniel",0.5023117149833558,0.6885344058157348,0.7921950817108154,0.20780491828918457,0.023432489467328694,5.377340668903773,0.14439655172413793,0.3260853370525392,2.258262632722063
frame_006,frame_008,6,8,50,2,False,False,217,"English springer, English springer spaniel",0.6660106204626458,0.4064496619282849,0.8051934242248535,0.19480657577514648,0.021298108520620317,5.484396500186778,0.1314655172413793,0.2546165329456339,1.9367552669962973
frame_006,frame_009,6,9,50,3,False,False,157,papillon,0.3653047587597041,1.007023318275047,0.6683807373046875,0.3316192626953125,0.03553981673245868,5.347424618217386,0.1206896551724138,0.1553912417160381,1.2875274313614584
frame_006,frame_010,6,10,50,4,False,True,261,keeshond,0.19055594013719332,1.6578094785076765,0.5870903730392456,0.4129096269607544,0.03274779397009112,5.4069530182713885,0.1314655172413793,0.10741739222687466,0.8170765572667187
frame_006,frame_011,6,11,50,5,False,False,231,collie,0.3761394464549211,0.9777953361156931,0.6441036462783813,0.35589635372161865,0.04419175427757593,5.345250783776551,0.1314655172413793,0.13977057891249084,1.0631729281212419
frame_006,frame_012,6,12,50,6,False,False,843,swing,0.2876263477756579,1.2460930447595924,0.587493896484375,0.412506103515625,0.0740916502799616,5.217711289696665,0.15301724137931033,0.06592428548549513,0.43082913331365835
frame_007,frame_000,7,0,5,-7,False,False,231,collie,0.6231023347291545,0.47304451248158275,0.725263774394989,0.274736225605011,0.029283011696916335,5.473921046825042,0.10129310344827586,0.39747215243167244,3.9239803984743835
frame_007,frame_001,7,1,5,-6,False,False,231,collie,0.5982624107480943,0.5137258073221709,0.7084052562713623,0.2915947437286377,0.03700616199524988,5.381771495244963,0.07327586206896551,0.36349638942300955,4.960656608596366
frame_007,frame_002,7,2,5,-5,False,False,231,collie,0.5051991725025369,0.6828025264672832,0.6923214793205261,0.3076785206794739,0.03179304283718535,5.478656123840876,0.05387931034482758,0.28667153430202513,5.320623676645587
frame_007,frame_003,7,3,5,-4,False,False,231,collie,0.6013471177663268,0.5085829441756742,0.728653073310852,0.27134692668914795,0.02122115481420872,5.448783385909873,0.0625,0.3412550874978858,5.460081399966173
frame_007,frame_004,7,4,5,-3,False,False,231,collie,0.3713914510575385,0.9904986484826308,0.6056313514709473,0.39436864852905273,0.014991166622063047,5.616889528334049,0.11206896551724138,0.4095668869524261,3.654596837421648
frame_007,frame_005,7,5,5,-2,False,False,231,collie,0.3903884445702171,0.9406130238304962,0.6162307858467102,0.3837692141532898,0.022895145822985498,5.654410754611046,0.14224137931034483,0.4056284154661166,2.851690678428456
frame_007,frame_006,7,6,5,-1,True,False,231,collie,0.9317902147448636,0.07064758110890246,0.932326078414917,0.06767392158508301,0.0210984606333768,5.525499005628566,0.1853448275862069,0.5250083040077157,2.832602942553257
frame_007,frame_008,7,8,5,1,False,False,231,collie,0.8690955630221894,0.14030219080754858,0.8740642070770264,0.12593579292297363,0.01988872126044793,5.558182051677813,0.1314655172413793,0.46279655819699306,3.5202885738263077
frame_007,frame_009,7,9,5,2,False,False,231,collie,0.37113392380961074,0.9911923008936334,0.5794380903244019,0.42056190967559814,0.01769763240085144,5.643803434567452,0.1206896551724138,0.40505839922887354,3.356198165039238
frame_007,frame_010,7,10,5,3,False,False,231,collie,0.24434715361517115,1.4091653041360672,0.5374478101730347,0.46255218982696533,0.01670262637203407,5.7002405756760846,0.1314655172413793,0.3731604406483712,2.838466302636791
frame_007,frame_011,7,11,5,4,False,False,231,collie,0.5476263221319463,0.6021621185493293,0.6463695764541626,0.3536304235458374,0.015622690436185728,5.656514399224048,0.1314655172413793,0.4211975347604594,3.203863215227101
frame_007,frame_012,7,12,5,5,False,True,781,scoreboard,0.15843736900274913,1.8423959120040827,0.5342622995376587,0.4657377004623413,0.01421318949551231,5.791958518753191,0.15301724137931033,0.27642381157985474,1.8064880080711636
frame_007,frame_000,7,0,10,-7,False,False,264,"Cardigan, Cardigan Welsh corgi",0.29421961739541624,1.2234287925639613,0.7452889084815979,0.2547110915184021,0.13090621216179418,4.301172419454019,0.10129310344827586,0.5790473222269591,5.716552287517214
frame_007,frame_001,7,1,10,-6,True,False,264,"Cardigan, Cardigan Welsh corgi",0.9116268543208291,0.09252452359690277,0.9284520745277405,0.07154792547225952,0.12963570707307104,4.075876379986763,0.07327586206896551,0.5762252475197774,7.863779848505199
frame_007,frame_002,7,2,10,-5,False,False,264,"Cardigan, Cardigan Welsh corgi",0.5648679166987625,0.5711633509199099,0.7461020946502686,0.25389790534973145,0.0996754335186933,4.469164008722741,0.05387931034482758,0.530912382494388,9.853733819095842
frame_007,frame_003,7,3,10,-4,False,False,231,collie,0.6468348654759634,0.43566424816184934,0.8000398874282837,0.1999601125717163,0.07797199500082119,4.479287075030071,0.0625,0.560277608240872,8.964441731853952
frame_007,frame_004,7,4,10,-3,False,False,231,collie,0.2616789552101576,1.3406368883839566,0.6009323596954346,0.39906764030456543,0.06064450803074142,4.9327916889462,0.11206896551724138,0.5939821319924434,5.300148254701803
frame_007,frame_005,7,5,10,-2,False,False,231,collie,0.3793890032201871,0.9691932065607829,0.6527155637741089,0.3472844362258911,0.08216717960902468,4.87236155383177,0.14224137931034483,0.5998482822374446,4.217115196335974
frame_007,frame_006,7,6,10,-1,False,False,231,collie,0.5684767194091527,0.5647949175374407,0.8315613865852356,0.1684386134147644,0.09627065011038992,4.472804082299435,0.1853448275862069,0.6925676933021366,3.7366442987464112
frame_007,frame_008,7,8,10,1,False,False,231,collie,0.41081974495084816,0.8896007374507464,0.7646806836128235,0.2353193163871765,0.0846194393139345,4.6702794281597155,0.1314655172413793,0.6773981145012944,5.152667625059026
frame_007,frame_009,7,9,10,2,False,False,231,collie,0.23927818508063844,1.430128449607973,0.6027849316596985,0.3972150683403015,0.0364465945676648,5.194735828596687,0.1206896551724138,0.5217289151583457,4.3228967255977215
frame_007,frame_010,7,10,10,3,False,True,231,collie,0.1855532752781129,1.6844132399034146,0.5229740142822266,0.47702598571777344,0.02790619465677222,5.380026424410055,0.1314655172413793,0.4170330792307094,3.1721860452958883
frame_007,frame_011,7,11,10,4,False,False,231,collie,0.691072174919034,0.3695110107137971,0.7968235015869141,0.20317649841308594,0.04003849633890038,5.2610408615210655,0.1314655172413793,0.4973827049671241,3.783370083684354
frame_007,frame_012,7,12,10,5,False,False,574,golf ball,0.3938453315946968,0.9317970061601397,0.6436589956283569,0.35634100437164307,0.05566413593698486,5.436967004590159,0.15301724137931033,0.2742283840511758,1.7921404253485291
frame_007,frame_000,7,0,20,-7,False,False,232,Border collie,0.2500209374186075,1.3862106149522688,0.6607745289802551,0.3392254710197449,0.02553519753838253,5.595373322298467,0.10129310344827586,0.19577196622324752,1.9327274963316352
frame_007,frame_001,7,1,20,-6,False,False,264,"Cardigan, Cardigan Welsh corgi",0.4520252316184475,0.794017278543198,0.722579300403595,0.27742069959640503,0.019196322487237304,5.540525939692243,0.07327586206896551,0.17781328247824915,2.426628325585518
frame_007,frame_002,7,2,20,-5,False,False,733,pole,0.29805581724851693,1.2104745038132723,0.6398824453353882,0.3601175546646118,0.02179493766139259,5.59003486577083,0.05387931034482758,0.1587655565126685,2.9466887288751273
frame_007,frame_003,7,3,20,-4,False,False,231,collie,0.3179846799214314,1.1457520737101776,0.68892502784729,0.31107497215270996,0.026703030069940015,5.581282438701033,0.0625,0.1532249167568975,2.45159866811036
frame_007,frame_004,7,4,20,-3,False,False,843,swing,0.3848389812308398,0.9549302627463974,0.6634713411331177,0.3365286588668823,0.018549997526605855,5.6618837720327075,0.11206896551724138,0.1996546550011587,1.7815338446257238
frame_007,frame_005,7,5,20,-2,False,False,157,papillon,0.21687339652618676,1.5284415218475422,0.6262565851211548,0.3737434148788452,0.020409164974307968,5.651523784596594,0.14224137931034483,0.212991640979487,1.4973957790073025
frame_007,frame_006,7,6,20,-1,True,False,231,collie,0.6420793947989916,0.4430433150272197,0.8452891707420349,0.1547108292579651,0.01775895429156867,5.613058658514696,0.1853448275862069,0.31801775070882715,1.7158167014987882
frame_007,frame_008,7,8,20,1,False,False,231,collie,0.4059273230159157,0.9015811427540936,0.690827488899231,0.30917251110076904,0.016194646967960177,5.671487544592276,0.1314655172413793,0.25068373306589564,1.9068401990586161
frame_007,frame_009,7,9,20,2,False,False,157,papillon,0.2937166381220507,1.225139792324062,0.6134293079376221,0.38657069206237793,0.022872127589900964,5.592446630535921,0.1206896551724138,0.1773009038091054,1.469064631561159
frame_007,frame_010,7,10,20,3,False,True,241,EntleBucher,0.3328026286638602,1.10020567143689,0.5907730460166931,0.4092269539833069,0.023801868710789403,5.606707643419268,0.1314655172413793,0.1367587581640868,1.0402633407891193
frame_007,frame_011,7,11,20,4,False,False,230,"Shetland sheepdog, Shetland sheep dog, Shetland",0.3236297259501154,1.128155237849458,0.676164984703064,0.32383501529693604,0.024354235803168582,5.608367796655953,0.1314655172413793,0.14820981750172788,1.1273664806688808
frame_007,frame_012,7,12,20,5,False,False,843,swing,0.4094692180195468,0.8928935481858308,0.6447311639785767,0.35526883602142334,0.03616263776088222,5.525855946088946,0.15301724137931033,0.08992937083925426,0.58770743759738
frame_007,frame_000,7,0,30,-7,False,False,232,Border collie,0.292601230318917,1.2289445856239656,0.6891564726829529,0.3108435273170471,0.031636265344972346,5.653648589575775,0.10129310344827586,0.052731581032144426,0.5205841191258513
frame_007,frame_001,7,1,30,-6,False,False,264,"Cardigan, Cardigan Welsh corgi",0.6795521711751118,0.3863212695669579,0.7822109460830688,0.21778905391693115,0.02748547133181485,5.6560886677568245,0.07327586206896551,0.042446873936441865,0.5792749854855597
frame_007,frame_002,7,2,30,-5,False,False,733,pole,0.2855316305258921,1.2534024660897514,0.651993453502655,0.34800654649734497,0.02865744840288605,5.652648568136794,0.05387931034482758,0.023536029318286356,0.4368287041473948
frame_007,frame_003,7,3,30,-4,False,False,157,papillon,0.3219091073571446,1.1334860485732674,0.690281867980957,0.30971813201904297,0.03247845993300004,5.641100277445439,0.0625,0.02082135890959263,0.33314174255348206
frame_007,frame_004,7,4,30,-3,False,False,843,swing,0.4051854410664489,0.9034104374938634,0.6844227313995361,0.31557726860046387,0.024888664379354684,5.655170564004015,0.11206896551724138,0.04218557238067107,0.3764251073967572
frame_007,frame_005,7,5,30,-2,False,False,157,papillon,0.3090277132628346,1.1743243191712844,0.6553119421005249,0.3446880578994751,0.03141558226434612,5.624029725211652,0.14224137931034483,0.07014482715171143,0.4931393908847591
frame_007,frame_006,7,6,30,-1,True,False,232,Border collie,0.5124680510834863,0.6685169092620469,0.8368487358093262,0.16315126419067383,0.03820519465791824,5.603052102817934,0.1853448275862069,0.10357380352212359,0.5588168003984342
frame_007,frame_008,7,8,30,1,False,False,231,collie,0.2749163055275457,1.291288571173656,0.689440906047821,0.31055909395217896,0.03310922188159234,5.625507429620391,0.1314655172413793,0.05335120219907307,0.4058189806618017
frame_007,frame_009,7,9,30,2,False,False,157,papillon,0.26674166618425477,1.3214746313342225,0.6274216175079346,0.37257838249206543,0.03827913890429574,5.631904230664181,0.1206896551724138,0.04578946351517888,0.3793984119829107
frame_007,frame_010,7,10,30,3,False,True,843,swing,0.2541318511993387,1.3699020474389925,0.5763705968856812,0.42362940311431885,0.034278269960173385,5.6171230191588,0.1314655172413793,0.04396477316300625,0.33442056963335903
frame_007,frame_011,7,11,30,4,False,False,231,collie,0.5267059001000401,0.6411129505429285,0.6903848648071289,0.3096151351928711,0.02191915183012716,5.683369831640074,0.1314655172413793,0.04357694431347359,0.33147052723691384
frame_007,frame_012,7,12,30,5,False,False,843,swing,0.2946446931393798,1.2219850785871031,0.5812855958938599,0.41871440410614014,0.026499408960752195,5.6868059219416285,0.15301724137931033,0.0769666630155793,0.5029934033694198
frame_007,frame_000,7,0,40,-7,False,False,232,Border collie,0.2411775328641779,1.4222219657968675,0.6970912218093872,0.3029087781906128,0.15048730599569646,3.895947133986775,0.10129310344827586,0.6568249298058516,6.484399307019472
frame_007,frame_001,7,1,40,-6,False,False,264,"Cardigan, Cardigan Welsh corgi",0.8244775093016993,0.19300541533913207,0.8689039349555969,0.13109606504440308,0.13262625392091051,3.581611629896176,0.07327586206896551,0.6841981657575169,9.337292615043761
frame_007,frame_002,7,2,40,-5,False,False,264,"Cardigan, Cardigan Welsh corgi",0.3433294687240472,1.069064742633468,0.6805108189582825,0.31948918104171753,0.11659880820993167,3.7826639841064233,0.05387931034482758,0.6597243729397457,12.244484361761682
frame_007,frame_003,7,3,40,-4,False,True,157,papillon,0.20089073177223193,1.6049941417633524,0.661342442035675,0.33865755796432495,0.08305280135359805,3.9315140812347957,0.0625,0.663657744741117,10.618523915857873
frame_007,frame_004,7,4,40,-3,True,False,843,swing,0.8876100875175972,0.11922272305182391,0.9029132127761841,0.09708678722381592,0.06926976931859401,4.324440458033073,0.11206896551724138,0.7790774885562302,6.951768359424823
frame_007,frame_005,7,5,40,-2,False,False,843,swing,0.6798033760840707,0.38595167544226405,0.794033944606781,0.205966055393219,0.10672435441679616,4.313141180602952,0.14224137931034483,0.7214489566807094,5.072004786361351
frame_007,frame_006,7,6,40,-1,False,False,232,Border collie,0.43726057639049515,0.8272259769471555,0.8199623227119446,0.18003767728805542,0.08423548825178445,4.207549839177767,0.1853448275862069,0.7666461329843054,4.13632332214788
frame_007,frame_008,7,8,40,1,False,False,217,"English springer, English springer spaniel",0.3548092000842764,1.0361750985439002,0.7138270735740662,0.28617292642593384,0.06478991338373791,4.128161027509385,0.1314655172413793,0.8409015555381776,6.396365930651056
frame_007,frame_009,7,9,40,2,False,False,843,swing,0.5542190647978037,0.5901952465714992,0.7417099475860596,0.25829005241394043,0.04380929496686232,4.560372082345186,0.1206896551724138,0.773000714584842,6.404863063702976
frame_007,frame_010,7,10,40,3,False,False,843,swing,0.7432990718627445,0.296656795922805,0.8044918775558472,0.19550812244415283,0.05782997268775519,4.662161410315274,0.1314655172413793,0.6987894719498193,5.3153822128642
frame_007,frame_011,7,11,40,4,False,False,843,swing,0.494094261486086,0.7050289672717767,0.732085108757019,0.26791489124298096,0.04671039829324608,4.5985580163896165,0.1314655172413793,0.7412667339561883,5.638487943535596
frame_007,frame_012,7,12,40,5,False,False,843,swing,0.8171597231298252,0.2019207036827706,0.8517431020736694,0.14825689792633057,0.08746145821992737,4.789099963505388,0.15301724137931033,0.512137324631166,3.346925614491001
frame_007,frame_000,7,0,50,-7,False,False,217,"English springer, English springer spaniel",0.3479149040130373,1.0557973578078481,0.7341347932815552,0.2658652067184448,0.060437820801232375,5.136872620550278,0.10129310344827586,0.19585748594164318,1.9335717761047329
frame_007,frame_001,7,1,50,-6,True,False,264,"Cardigan, Cardigan Welsh corgi",0.8044999218203579,0.2175344097276306,0.8699735403060913,0.1300264596939087,0.05612071652684461,5.099070295895402,0.07327586206896551,0.2521367116094774,3.4409245349058097
frame_007,frame_002,7,2,50,-5,False,False,264,"Cardigan, Cardigan Welsh corgi",0.40152356120697297,0.912489064360752,0.7190396785736084,0.2809603214263916,0.04215462920653984,5.2438097517976345,0.05387931034482758,0.18074576636220585,3.3546414236825406
frame_007,frame_003,7,3,50,-4,False,False,157,papillon,0.3236380948430102,1.1281293787147182,0.6796850562095642,0.3203149437904358,0.036079295498688636,5.339831069512668,0.0625,0.17391562048519074,2.782649927763052
frame_007,frame_004,7,4,50,-3,False,False,843,swing,0.21662680044519625,1.5295792196355107,0.6114838123321533,0.3885161876678467,0.04085526647262503,5.2717343657696025,0.11206896551724138,0.15589276677343145,1.391043149670619
frame_007,frame_005,7,5,50,-2,False,False,157,papillon,0.3461824337718234,1.0607893776434016,0.6588254570960999,0.34117454290390015,0.03861045055205602,5.3460357291477445,0.14224137931034483,0.22448509092814284,1.5781982150099738
frame_007,frame_006,7,6,50,-1,False,False,232,Border collie,0.42489850906651994,0.8559049407719286,0.8024780750274658,0.19752192497253418,0.02957828459752239,5.293644933157066,0.1853448275862069,0.385884156662634,2.0819796359472345
frame_007,frame_008,7,8,50,1,False,False,217,"English springer, English springer spaniel",0.6660106204626458,0.4064496619282849,0.8051934242248535,0.19480657577514648,0.022176243088815946,5.397951766497636,0.1314655172413793,0.27577649941874766,2.0977097660704738
frame_007,frame_009,7,9,50,2,False,False,157,papillon,0.3653047587597041,1.007023318275047,0.6683807373046875,0.3316192626953125,0.04587671116444799,5.23495596730488,0.1206896551724138,0.14618986698179492,1.2112874692777293
frame_007,frame_010,7,10,50,3,False,True,261,keeshond,0.19055594013719332,1.6578094785076765,0.5870903730392456,0.4129096269607544,0.04126847950358664,5.299380045135721,0.1314655172413793,0.09268417316383726,0.7050074811150899
frame_007,frame_011,7,11,50,4,False,False,231,collie,0.3761394464549211,0.9777953361156931,0.6441036462783813,0.35589635372161865,0.06339712390734735,5.189694257186463,0.1314655172413793,0.11937337888231843,0.9080204557605861
frame_007,frame_012,7,12,50,5,False,False,843,swing,0.2876263477756579,1.2460930447595924,0.587493896484375,0.412506103515625,0.10217842385928819,5.014518037439796,0.15301724137931033,0.055275077099701767,0.36123430667974116
frame_008,frame_000,8,0,5,-8,False,False,231,collie,0.6231023347291545,0.47304451248158275,0.725263774394989,0.274736225605011,0.0317731612281388,5.418126865383779,0.10129310344827586,0.4210827197745561,4.157071956923278
frame_008,frame_001,8,1,5,-7,False,False,231,collie,0.5982624107480943,0.5137258073221709,0.7084052562713623,0.2915947437286377,0.040418509099552996,5.3188638585837085,0.07327586206896551,0.3829352401712227,5.22593974821904
frame_008,frame_002,8,2,5,-6,False,False,231,collie,0.5051991725025369,0.6828025264672832,0.6923214793205261,0.3076785206794739,0.03598750718716039,5.42114601006797,0.05387931034482758,0.3053785737619011,5.667826329020884
frame_008,frame_003,8,3,5,-5,False,False,231,collie,0.6013471177663268,0.5085829441756742,0.728653073310852,0.27134692668914795,0.0240872220143597,5.38573197082393,0.0625,0.36248721321786675,5.799795411485868
frame_008,frame_004,8,4,5,-4,False,False,231,collie,0.3713914510575385,0.9904986484826308,0.6056313514709473,0.39436864852905273,0.016519242718060934,5.561800577387483,0.11206896551724138,0.4379582929082267,3.907935536719561
frame_008,frame_005,8,5,5,-3,False,False,231,collie,0.3903884445702171,0.9406130238304962,0.6162307858467102,0.3837692141532898,0.0245960688345208,5.605424024932768,0.14224137931034483,0.4301408121738016,3.024020255282484
frame_008,frame_006,8,6,5,-2,True,False,231,collie,0.9317902147448636,0.07064758110890246,0.932326078414917,0.06767392158508301,0.021665439231934355,5.470806391538032,0.1853448275862069,0.5459984532925433,2.9458521200900005
frame_008,frame_007,8,7,5,-1,False,False,231,collie,0.9010298358278956,0.1042169077956494,0.9040008187294006,0.09599918127059937,0.025769354944670034,5.399144702043513,0.14439655172413793,0.5112360197027366,3.5405001961502953
frame_008,frame_009,8,9,5,1,False,False,231,collie,0.37113392380961074,0.9911923008936334,0.5794380903244019,0.42056190967559814,0.019832372895130086,5.594662386090402,0.1206896551724138,0.43702828156346385,3.6210914758115575
frame_008,frame_010,8,10,5,2,False,False,231,collie,0.24434715361517115,1.4091653041360672,0.5374478101730347,0.46255218982696533,0.01924167753052433,5.657615566072645,0.1314655172413793,0.40317938255674823,3.066807106661167
frame_008,frame_011,8,11,5,3,False,False,231,collie,0.5476263221319463,0.6021621185493293,0.6463695764541626,0.3536304235458374,0.01714401723062383,5.610462109851897,0.1314655172413793,0.45156705204123254,3.4348706909365885
frame_008,frame_012,8,12,5,4,False,True,781,scoreboard,0.15843736900274913,1.8423959120040827,0.5342622995376587,0.4657377004623413,0.014748772466534124,5.7737225966435215,0.15301724137931033,0.2978100040654781,1.9462512941743921
frame_008,frame_000,8,0,10,-8,False,False,264,"Cardigan, Cardigan Welsh corgi",0.29421961739541624,1.2234287925639613,0.7452889084815979,0.2547110915184021,0.11998292763999617,4.3952444093696394,0.10129310344827586,0.5243159994219171,5.176226036846161
frame_008,frame_001,8,1,10,-7,True,False,264,"Cardigan, Cardigan Welsh corgi",0.9116268543208291,0.09252452359690277,0.9284520745277405,0.07154792547225952,0.11930130299158703,4.228084109843957,0.07327586206896551,0.5391851599578821,7.358291594719333
frame_008,frame_002,8,2,10,-6,False,False,264,"Cardigan, Cardigan Welsh corgi",0.5648679166987625,0.5711633509199099,0.7461020946502686,0.25389790534973145,0.09268036610785889,4.621548351479785,0.05387931034482758,0.4878143260718853,9.053833891894191
frame_008,frame_003,8,3,10,-5,False,False,231,collie,0.6468348654759634,0.43566424816184934,0.8000398874282837,0.1999601125717163,0.07210411172565166,4.669288185744195,0.0625,0.5169133168367038,8.270613069387261
frame_008,frame_004,8,4,10,-4,False,False,231,collie,0.2616789552101576,1.3406368883839566,0.6009323596954346,0.39906764030456543,0.05271031347805725,5.093219552637044,0.11206896551724138,0.5372518397303219,4.793939492978256
frame_008,frame_005,8,5,10,-3,False,False,231,collie,0.3793890032201871,0.9691932065607829,0.6527155637741089,0.3472844362258911,0.07401279408872213,5.005049112847955,0.14224137931034483,0.557086704175156,3.916488344504127
frame_008,frame_006,8,6,10,-2,False,False,231,collie,0.5684767194091527,0.5647949175374407,0.8315613865852356,0.1684386134147644,0.09616772627359817,4.58794305144327,0.1853448275862069,0.6619577313637761,3.571492876195257
frame_008,frame_007,8,7,10,-1,False,False,231,collie,0.41542530195850047,0.8784524595286607,0.7953131198883057,0.20468688011169434,0.0715317287963883,4.366522749985557,0.14439655172413793,0.701833154214705,4.86045647097945
frame_008,frame_009,8,9,10,1,False,False,231,collie,0.23927818508063844,1.430128449607973,0.6027849316596985,0.3972150683403015,0.029533341510654034,5.313700063390624,0.1206896551724138,0.44878101277494453,3.718471248706683
frame_008,frame_010,8,10,10,2,False,True,231,collie,0.1855532752781129,1.6844132399034146,0.5229740142822266,0.47702598571777344,0.02756255295393909,5.434771094796018,0.1314655172413793,0.3586162675122087,2.7278352151748333
frame_008,frame_011,8,11,10,3,False,False,231,collie,0.691072174919034,0.3695110107137971,0.7968235015869141,0.20317649841308594,0.03647918527717118,5.358502070351078,0.1314655172413793,0.41943048007934103,3.1904220124067906
frame_008,frame_012,8,12,10,4,False,False,574,golf ball,0.3938453315946968,0.9317970061601397,0.6436589956283569,0.35634100437164307,0.06284182612087905,5.442170991995669,0.15301724137931033,0.22582471519951702,1.475812223275717
frame_008,frame_000,8,0,20,-8,False,False,232,Border collie,0.2500209374186075,1.3862106149522688,0.6607745289802551,0.3392254710197449,0.01909156316122234,5.708717861502494,0.10129310344827586,0.16780103732312102,1.6565889642112375
frame_008,frame_001,8,1,20,-7,False,False,264,"Cardigan, Cardigan Welsh corgi",0.4520252316184475,0.794017278543198,0.722579300403595,0.27742069959640503,0.01582597366706378,5.648723425230979,0.07327586206896551,0.14584996910448567,1.9904231077788634
frame_008,frame_002,8,2,20,-6,False,False,733,pole,0.29805581724851693,1.2104745038132723,0.6398824453353882,0.3601175546646118,0.018562765579154667,5.700730571289624,0.05387931034482758,0.12519397326609977,2.323600143818812
frame_008,frame_003,8,3,20,-5,False,False,231,collie,0.3179846799214314,1.1457520737101776,0.68892502784729,0.31107497215270996,0.02252194690859406,5.688030128136444,0.0625,0.12253544833435627,1.9605671733497003
frame_008,frame_004,8,4,20,-4,False,False,843,swing,0.3848389812308398,0.9549302627463974,0.6634713411331177,0.3365286588668823,0.018516820241803813,5.7408226989892555,0.11206896551724138,0.16510072884053453,1.4732065035001543
frame_008,frame_005,8,5,20,-3,False,False,157,papillon,0.21687339652618676,1.5284415218475422,0.6262565851211548,0.3737434148788452,0.020513018922441697,5.712903162015992,0.14224137931034483,0.18498175207110576,1.3004777721362586
frame_008,frame_006,8,6,20,-2,True,False,231,collie,0.6420793947989916,0.4430433150272197,0.8452891707420349,0.1547108292579651,0.01789254898704181,5.701701345561827,0.1853448275862069,0.27330116329829135,1.4745551136093857
frame_008,frame_007,8,7,20,-1,False,False,231,collie,0.5157331334033264,0.6621658306128877,0.7834166884422302,0.21658331155776978,0.01904564940234409,5.6905968845632575,0.14439655172413793,0.20946840000765388,1.4506468299037523
frame_008,frame_009,8,9,20,1,False,False,157,papillon,0.2937166381220507,1.225139792324062,0.6134293079376221,0.38657069206237793,0.02293197412759327,5.669470084681329,0.1206896551724138,0.14947166087806601,1.2384794758468327
frame_008,frame_010,8,10,20,2,False,True,241,EntleBucher,0.3328026286638602,1.10020567143689,0.5907730460166931,0.4092269539833069,0.02214833916066161,5.67368402057059,0.1314655172413793,0.12175296269256086,0.9261208965466925
frame_008,frame_011,8,11,20,3,False,False,230,"Shetland sheepdog, Shetland sheep dog, Shetland",0.3236297259501154,1.128155237849458,0.676164984703064,0.32383501529693604,0.02108201416910051,5.67726757386553,0.1314655172413793,0.12827942496128952,0.9757648062629236
frame_008,frame_012,8,12,20,4,False,False,843,swing,0.4094692180195468,0.8928935481858308,0.6447311639785767,0.35526883602142334,0.030272225355443074,5.61481032584563,0.15301724137931033,0.09071198606510009,0.5928219934395274
frame_008,frame_000,8,0,30,-8,False,False,232,Border collie,0.292601230318917,1.2289445856239656,0.6891564726829529,0.3108435273170471,0.029026545617570766,5.6440210171359855,0.10129310344827586,0.04664929153929252,0.46053768668578154
frame_008,frame_001,8,1,30,-7,False,False,264,"Cardigan, Cardigan Welsh corgi",0.6795521711751118,0.3863212695669579,0.7822109460830688,0.21778905391693115,0.028170237293700353,5.646587868833952,0.07327586206896551,0.036488116134794045,0.497955467251307
frame_008,frame_002,8,2,30,-6,False,False,733,pole,0.2855316305258921,1.2534024660897514,0.651993453502655,0.34800654649734497,0.03022329464419965,5.651838311201974,0.05387931034482758,0.019508695144190062,0.36208138187616756
frame_008,frame_003,8,3,30,-5,False,False,157,papillon,0.3219091073571446,1.1334860485732674,0.690281867980957,0.30971813201904297,0.03430418322345933,5.638402582056633,0.0625,0.016160199651425622,0.25856319442280995
frame_008,frame_004,8,4,30,-4,False,False,843,swing,0.4051854410664489,0.9034104374938634,0.6844227313995361,0.31557726860046387,0.02547147475665886,5.656385462105394,0.11206896551724138,0.03494647137823022,0.31183005229805427
frame_008,frame_005,8,5,30,-3,False,False,157,papillon,0.3090277132628346,1.1743243191712844,0.6553119421005249,0.3446880578994751,0.040543239549543975,5.591209200333343,0.14224137931034483,0.06080810798507599,0.42749942583447365
frame_008,frame_006,8,6,30,-2,True,False,232,Border collie,0.5124680510834863,0.6685169092620469,0.8368487358093262,0.16315126419067383,0.035870771890219616,5.579528304968034,0.1853448275862069,0.08969709006534149,0.4839470905850982
frame_008,frame_007,8,7,30,-1,False,False,232,Border collie,0.4824619611761159,0.7288531982515838,0.7545639872550964,0.24543601274490356,0.03479226623120014,5.660116191055563,0.14439655172413793,0.052338268849958805,0.3624620409907595
frame_008,frame_009,8,9,30,1,False,False,157,papillon,0.26674166618425477,1.3214746313342225,0.6274216175079346,0.37257838249206543,0.044654052711070695,5.61484588238252,0.1206896551724138,0.03807276739652629,0.31546007271407495
frame_008,frame_010,8,10,30,2,False,True,843,swing,0.2541318511993387,1.3699020474389925,0.5763705968856812,0.42362940311431885,0.04075989967682193,5.58736630734753,0.1314655172413793,0.0356925346851805,0.27149731301514346
frame_008,frame_011,8,11,30,3,False,False,231,collie,0.5267059001000401,0.6411129505429285,0.6903848648071289,0.3096151351928711,0.022880310086575643,5.658553715348239,0.1314655172413793,0.032677363179887335,0.24856223795848728
frame_008,frame_012,8,12,30,4,False,False,843,swing,0.2946446931393798,1.2219850785871031,0.5812855958938599,0.41871440410614014,0.031331736283261705,5.6602694301945435,0.15301724137931033,0.06453771665041871,0.4217676130393561
frame_008,frame_000,8,0,40,-8,False,False,232,Border collie,0.2411775328641779,1.4222219657968675,0.6970912218093872,0.3029087781906128,0.15930704404266188,3.7900977864854273,0.10129310344827586,0.6693806840421791,6.608353987139811
frame_008,frame_001,8,1,40,-7,False,False,264,"Cardigan, Cardigan Welsh corgi",0.8244775093016993,0.19300541533913207,0.8689039349555969,0.13109606504440308,0.14090678001877502,3.5154594774873456,0.07327586206896551,0.6890122704620516,9.402990985129176
frame_008,frame_002,8,2,40,-6,False,False,264,"Cardigan, Cardigan Welsh corgi",0.3433294687240472,1.069064742633468,0.6805108189582825,0.31948918104171753,0.12334218622656205,3.667020535298483,0.05387931034482758,0.6806978306459198,12.633751736788273
frame_008,frame_003,8,3,40,-5,False,True,157,papillon,0.20089073177223193,1.6049941417633524,0.661342442035675,0.33865755796432495,0.08930066322313142,3.8411644464198393,0.0625,0.6831918247232703,10.931069195572325
frame_008,frame_004,8,4,40,-4,True,False,843,swing,0.8876100875175972,0.11922272305182391,0.9029132127761841,0.09708678722381592,0.06604587825391878,4.205156033751381,0.11206896551724138,0.8067954856896244,7.199098179999726
frame_008,frame_005,8,5,40,-3,False,False,843,swing,0.6798033760840707,0.38595167544226405,0.794033944606781,0.205966055393219,0.10456367563956667,4.206967596566774,0.14224137931034483,0.7605578720234704,5.346952312407428
frame_008,frame_006,8,6,40,-2,False,False,232,Border collie,0.43726057639049515,0.8272259769471555,0.8199623227119446,0.18003767728805542,0.08965383728043905,4.145082916448732,0.1853448275862069,0.7890175093333911,4.257024701519692
frame_008,frame_007,8,7,40,-1,False,False,232,Border collie,0.3664198834913445,1.0039753804838714,0.7503710985183716,0.24962890148162842,0.0707793227115112,3.815270528674982,0.14439655172413793,0.8268143897678953,5.725998161974679
frame_008,frame_009,8,9,40,1,False,False,843,swing,0.5542190647978037,0.5901952465714992,0.7417099475860596,0.25829005241394043,0.041091661312839936,4.4666552615263315,0.1206896551724138,0.7989936214444413,6.620232863396799
frame_008,frame_010,8,10,40,2,False,False,843,swing,0.7432990718627445,0.296656795922805,0.8044918775558472,0.19550812244415283,0.0577400263901479,4.5323060305920215,0.1314655172413793,0.7439175297288021,5.6586513736748225
frame_008,frame_011,8,11,40,3,False,False,843,swing,0.494094261486086,0.7050289672717767,0.732085108757019,0.26791489124298096,0.05217939705493647,4.48775258933453,0.1314655172413793,0.7720018825715559,5.872276614970524
frame_008,frame_012,8,12,40,4,False,False,843,swing,0.8171597231298252,0.2019207036827706,0.8517431020736694,0.14825689792633057,0.07601011018262221,4.710448927502681,0.15301724137931033,0.5698631707352689,3.7241762143826027
frame_008,frame_000,8,0,50,-8,False,False,217,"English springer, English springer spaniel",0.3479149040130373,1.0557973578078481,0.7341347932815552,0.2658652067184448,0.06516832063265615,5.189185498577518,0.10129310344827586,0.2001263059571415,1.9757150205130567
frame_008,frame_001,8,1,50,-7,True,False,264,"Cardigan, Cardigan Welsh corgi",0.8044999218203579,0.2175344097276306,0.8699735403060913,0.1300264596939087,0.05026877656767745,5.175786249549075,0.07327586206896551,0.24219082734328365,3.3051924672730477
frame_008,frame_002,8,2,50,-6,False,False,264,"Cardigan, Cardigan Welsh corgi",0.40152356120697297,0.912489064360752,0.7190396785736084,0.2809603214263916,0.04653375610912824,5.30944636540234,0.05387931034482758,0.17684263490732646,3.2821993038799793
frame_008,frame_003,8,3,50,-5,False,False,157,papillon,0.3236380948430102,1.1281293787147182,0.6796850562095642,0.3203149437904358,0.024717824821290126,5.420636926558875,0.0625,0.1675599848680874,2.6809597578893984
frame_008,frame_004,8,4,50,-4,False,False,843,swing,0.21662680044519625,1.5295792196355107,0.6114838123321533,0.3885161876678467,0.03728491084543155,5.38045717547851,0.11206896551724138,0.16307388330553196,1.4551208048801314
frame_008,frame_005,8,5,50,-3,False,False,157,papillon,0.3461824337718234,1.0607893776434016,0.6588254570960999,0.34117454290390015,0.043659011818379834,5.421476785576353,0.14224137931034483,0.23044254463101727,1.620080919830182
frame_008,frame_006,8,6,50,-2,False,False,232,Border collie,0.42489850906651994,0.8559049407719286,0.8024780750274658,0.19752192497253418,0.02852138815976609,5.387229284574017,0.1853448275862069,0.391864990664824,2.114248321726492
frame_008,frame_007,8,7,50,-1,False,False,217,"English springer, English springer spaniel",0.5023117149833558,0.6885344058157348,0.7921950817108154,0.20780491828918457,0.027985410698331277,5.3370464227329135,0.14439655172413793,0.3520751198597098,2.438251576341871
frame_008,frame_009,8,9,50,1,False,False,157,papillon,0.3653047587597041,1.007023318275047,0.6683807373046875,0.3316192626953125,0.05430392996398006,5.306397020279981,0.1206896551724138,0.14822552745290546,1.2281543703240738
frame_008,frame_010,8,10,50,2,False,True,261,keeshond,0.19055594013719332,1.6578094785076765,0.5870903730392456,0.4129096269607544,0.052215773252856736,5.351813636238457,0.1314655172413793,0.09299442547509733,0.7073674331220519
frame_008,frame_011,8,11,50,3,False,False,231,collie,0.3761394464549211,0.9777953361156931,0.6441036462783813,0.35589635372161865,0.07212515879520288,5.230520359408324,0.1314655172413793,0.11459053772511812,0.8716395000730297
frame_008,frame_012,8,12,50,4,False,False,843,swing,0.2876263477756579,1.2460930447595924,0.587493896484375,0.412506103515625,0.11523917605155186,5.036934145341394,0.15301724137931033,0.05471086551382679,0.35754706476641734
frame_009,frame_000,9,0,5,-9,False,False,231,collie,0.6231023347291545,0.47304451248158275,0.725263774394989,0.274736225605011,0.023409221380276655,5.583233552457406,0.10129310344827586,0.34795548761316314,3.4351350266491
frame_009,frame_001,9,1,5,-8,False,False,231,collie,0.5982624107480943,0.5137258073221709,0.7084052562713623,0.2915947437286377,0.028922932301611744,5.507758149327392,0.07327586206896551,0.318090976154797,4.341006262818406
frame_009,frame_002,9,2,5,-7,False,False,231,collie,0.5051991725025369,0.6828025264672832,0.6923214793205261,0.3076785206794739,0.02446975563803305,5.5870316499315305,0.05387931034482758,0.24384893315319794,4.525836199323354
frame_009,frame_003,9,3,5,-6,False,False,231,collie,0.6013471177663268,0.5085829441756742,0.728653073310852,0.27134692668914795,0.017841005734323137,5.570293706402297,0.0625,0.29036164203419773,4.645786272547164
frame_009,frame_004,9,4,5,-5,False,False,231,collie,0.3713914510575385,0.9904986484826308,0.6056313514709473,0.39436864852905273,0.011816666556876467,5.694827487617955,0.11206896551724138,0.3531792482221192,3.1514455995204482
frame_009,frame_005,9,5,5,-4,False,False,231,collie,0.3903884445702171,0.9406130238304962,0.6162307858467102,0.3837692141532898,0.015733644099417694,5.7297823533455015,0.14224137931034483,0.3553212986134608,2.498016402373421
frame_009,frame_006,9,6,5,-3,True,False,231,collie,0.9317902147448636,0.07064758110890246,0.932326078414917,0.06767392158508301,0.01780278228458956,5.634411759698274,0.1853448275862069,0.4793537710575034,2.586280811286995
frame_009,frame_007,9,7,5,-2,False,False,231,collie,0.9010298358278956,0.1042169077956494,0.9040008187294006,0.09599918127059937,0.019569793927093522,5.579492949827555,0.14439655172413793,0.4329274906893155,2.9981844131319764
frame_009,frame_008,9,8,5,-1,False,False,231,collie,0.8690955630221894,0.14030219080754858,0.8740642070770264,0.12593579292297363,0.013584491805736591,5.658241859511266,0.1314655172413793,0.40451293954253503,3.076950884389119
frame_009,frame_010,9,10,5,1,False,False,231,collie,0.24434715361517115,1.4091653041360672,0.5374478101730347,0.46255218982696533,0.013402565312209139,5.740757394237428,0.1314655172413793,0.32572751333264893,2.477665019448346
frame_009,frame_011,9,11,5,2,False,False,231,collie,0.5476263221319463,0.6021621185493293,0.6463695764541626,0.3536304235458374,0.013142460154461215,5.695561899976694,0.1314655172413793,0.36884094320769556,2.8056097975142746
frame_009,frame_012,9,12,5,3,False,True,781,scoreboard,0.15843736900274913,1.8423959120040827,0.5342622995376587,0.4657377004623413,0.015906680495240442,5.788396774331715,0.15301724137931033,0.24256469166209732,1.5852115060734249
frame_009,frame_000,9,0,10,-9,False,False,264,"Cardigan, Cardigan Welsh corgi",0.29421961739541624,1.2234287925639613,0.7452889084815979,0.2547110915184021,0.097559020083278,4.86985125547476,0.10129310344827586,0.3751469159367525,3.7035780637160247
frame_009,frame_001,9,1,10,-8,True,False,264,"Cardigan, Cardigan Welsh corgi",0.9116268543208291,0.09252452359690277,0.9284520745277405,0.07154792547225952,0.09094049855205794,4.835542628932184,0.07327586206896551,0.37027944103553473,5.053225312955533
frame_009,frame_002,9,2,10,-7,False,False,264,"Cardigan, Cardigan Welsh corgi",0.5648679166987625,0.5711633509199099,0.7461020946502686,0.25389790534973145,0.05761750476897184,5.103473027349089,0.05387931034482758,0.3041181889221377,5.644433586394876
frame_009,frame_003,9,3,10,-6,False,False,231,collie,0.6468348654759634,0.43566424816184934,0.8000398874282837,0.1999601125717163,0.03906663126564631,5.229494256749292,0.0625,0.305403113369937,4.886449813918992
frame_009,frame_004,9,4,10,-5,False,False,231,collie,0.2616789552101576,1.3406368883839566,0.6009323596954346,0.39906764030456543,0.02966161821779646,5.401369879196741,0.11206896551724138,0.3307007921427071,2.9508686068118477
frame_009,frame_005,9,5,10,-4,False,False,231,collie,0.3793890032201871,0.9691932065607829,0.6527155637741089,0.3472844362258911,0.03681624696562056,5.410812640268205,0.14224137931034483,0.3574226087139638,2.512789249140594
frame_009,frame_006,9,6,10,-3,False,False,231,collie,0.5684767194091527,0.5647949175374407,0.8315613865852356,0.1684386134147644,0.06190532951963796,5.044785279120282,0.1853448275862069,0.5164550887859595,2.7864553627521533
frame_009,frame_007,9,7,10,-2,False,False,231,collie,0.41542530195850047,0.8784524595286607,0.7953131198883057,0.20468688011169434,0.058859525238060935,4.944140469901562,0.14439655172413793,0.5234171137623725,3.624858817697625
frame_009,frame_008,9,8,10,-1,False,False,231,collie,0.41081974495084816,0.8896007374507464,0.7646806836128235,0.2353193163871765,0.05397717229392351,5.295300101119735,0.1314655172413793,0.4174102591568998,3.1750550860459263
frame_009,frame_010,9,10,10,1,False,True,231,collie,0.1855532752781129,1.6844132399034146,0.5229740142822266,0.47702598571777344,0.0362423988148992,5.442931503475917,0.1314655172413793,0.160573620357929,1.2214124564930993
frame_009,frame_011,9,11,10,2,False,False,231,collie,0.691072174919034,0.3695110107137971,0.7968235015869141,0.20317649841308594,0.04583875462713003,5.4221798234694525,0.1314655172413793,0.20345245774537812,1.5475727933418926
frame_009,frame_012,9,12,10,3,False,False,574,golf ball,0.3938453315946968,0.9317970061601397,0.6436589956283569,0.35634100437164307,0.07656503586073789,5.229702808918955,0.15301724137931033,0.08757019017082944,0.5722896935107727
frame_009,frame_000,9,0,20,-9,False,False,232,Border collie,0.2500209374186075,1.3862106149522688,0.6607745289802551,0.3392254710197449,0.022985813643201812,5.673517595318966,0.10129310344827586,0.1121550850173518,1.107233179745771
frame_009,frame_001,9,1,20,-8,False,False,264,"Cardigan, Cardigan Welsh corgi",0.4520252316184475,0.794017278543198,0.722579300403595,0.27742069959640503,0.01730125807020233,5.616999692928015,0.07327586206896551,0.09460079179851259,1.2910225704267602
frame_009,frame_002,9,2,20,-7,False,False,733,pole,0.29805581724851693,1.2104745038132723,0.6398824453353882,0.3601175546646118,0.02101844557299624,5.665579371104174,0.05387931034482758,0.07955329663122249,1.4765091854754895
frame_009,frame_003,9,3,20,-6,False,False,231,collie,0.3179846799214314,1.1457520737101776,0.68892502784729,0.31107497215270996,0.03051620179098776,5.618613704696658,0.0625,0.08384132726278855,1.3414612362046168
frame_009,frame_004,9,4,20,-5,False,False,843,swing,0.3848389812308398,0.9549302627463974,0.6634713411331177,0.3365286588668823,0.024996938151165896,5.666180333737713,0.11206896551724138,0.11596690143870332,1.0347815820684296
frame_009,frame_005,9,5,20,-4,False,False,157,papillon,0.21687339652618676,1.5284415218475422,0.6262565851211548,0.3737434148788452,0.02403062000824703,5.615642644543769,0.14224137931034483,0.1335759495042236,0.9390794025751478
frame_009,frame_006,9,6,20,-3,True,False,231,collie,0.6420793947989916,0.4430433150272197,0.8452891707420349,0.1547108292579651,0.025215951818126078,5.628070034756391,0.1853448275862069,0.19526665084572686,1.0535316975862472
frame_009,frame_007,9,7,20,-2,False,False,231,collie,0.5157331334033264,0.6621658306128877,0.7834166884422302,0.21658331155776978,0.025360647504456744,5.63422206152779,0.14439655172413793,0.13151432732241256,0.9107857892179019
frame_009,frame_008,9,8,20,-1,False,False,231,collie,0.4059273230159157,0.9015811427540936,0.690827488899231,0.30917251110076904,0.026097836255836417,5.681389716815399,0.1314655172413793,0.14549305280368313,1.106701254113262
frame_009,frame_010,9,10,20,1,False,True,241,EntleBucher,0.3328026286638602,1.10020567143689,0.5907730460166931,0.4092269539833069,0.021934952876240057,5.599600487226645,0.1314655172413793,0.08277393366784339,0.6296246757685137
frame_009,frame_011,9,11,20,2,False,False,230,"Shetland sheepdog, Shetland sheep dog, Shetland",0.3236297259501154,1.128155237849458,0.676164984703064,0.32383501529693604,0.02050266234792145,5.607211904813058,0.1314655172413793,0.08903208919843954,0.6772276948864909
frame_009,frame_012,9,12,20,3,False,False,843,swing,0.4094692180195468,0.8928935481858308,0.6447311639785767,0.35526883602142334,0.02973911546250174,5.53435046337318,0.15301724137931033,0.07240478350429376,0.47318055698580713
frame_009,frame_000,9,0,30,-9,False,False,232,Border collie,0.292601230318917,1.2289445856239656,0.6891564726829529,0.3108435273170471,0.03895427656716443,5.513791747785793,0.10129310344827586,0.029106029203808302,0.28734462873546923
frame_009,frame_001,9,1,30,-8,False,False,264,"Cardigan, Cardigan Welsh corgi",0.6795521711751118,0.3863212695669579,0.7822109460830688,0.21778905391693115,0.028062330335114426,5.522410876884971,0.07327586206896551,0.024976514349878853,0.3408559605395232
frame_009,frame_002,9,2,30,-7,False,False,733,pole,0.2855316305258921,1.2534024660897514,0.651993453502655,0.34800654649734497,0.028891335885038723,5.528861888991669,0.05387931034482758,0.012177423074383898,0.22601297226056516
frame_009,frame_003,9,3,30,-6,False,False,157,papillon,0.3219091073571446,1.1334860485732674,0.690281867980957,0.30971813201904297,0.029603910315312898,5.524101932446785,0.0625,0.009185702945200552,0.14697124712320883
frame_009,frame_004,9,4,30,-5,False,False,843,swing,0.4051854410664489,0.9034104374938634,0.6844227313995361,0.31557726860046387,0.026816777916764366,5.535535259537426,0.11206896551724138,0.020640854420813114,0.1841799317549478
frame_009,frame_005,9,5,30,-4,False,False,157,papillon,0.3090277132628346,1.1743243191712844,0.6553119421005249,0.3446880578994751,0.04005017074976472,5.434622650500488,0.14224137931034483,0.03749501557238313,0.2636013215997844
frame_009,frame_006,9,6,30,-3,True,False,232,Border collie,0.5124680510834863,0.6685169092620469,0.8368487358093262,0.16315126419067383,0.03660944950805807,5.420926447658893,0.1853448275862069,0.05864530356182673,0.3164118703800884
frame_009,frame_007,9,7,30,-2,False,False,232,Border collie,0.4824619611761159,0.7288531982515838,0.7545639872550964,0.24543601274490356,0.03417033631078942,5.504155328327835,0.14439655172413793,0.03212165305155443,0.22245443307345156
frame_009,frame_008,9,8,30,-1,False,False,231,collie,0.2749163055275457,1.291288571173656,0.689440906047821,0.31055909395217896,0.04108657018746309,5.446099567444058,0.1314655172413793,0.03398244647382986,0.2584894289156894
frame_009,frame_010,9,10,30,1,False,True,843,swing,0.2541318511993387,1.3699020474389925,0.5763705968856812,0.42362940311431885,0.039673958620330574,5.452053884586449,0.1314655172413793,0.02152887794527259,0.16376064535420462
frame_009,frame_011,9,11,30,2,False,False,231,collie,0.5267059001000401,0.6411129505429285,0.6903848648071289,0.3096151351928711,0.030939089010974415,5.498216047144583,0.1314655172413793,0.01664313799031923,0.12659698405751021
frame_009,frame_012,9,12,30,3,False,False,843,swing,0.2946446931393798,1.2219850785871031,0.5812855958938599,0.41871440410614014,0.0458939077149599,5.47884699059804,0.15301724137931033,0.046597347910854056,0.30452351310755327
frame_009,frame_000,9,0,40,-9,False,False,232,Border collie,0.2411775328641779,1.4222219657968675,0.6970912218093872,0.3029087781906128,0.13537305301151922,4.208407356469014,0.10129310344827586,0.6216654119117961,6.137292577171775
frame_009,frame_001,9,1,40,-8,False,False,264,"Cardigan, Cardigan Welsh corgi",0.8244775093016993,0.19300541533913207,0.8689039349555969,0.13109606504440308,0.11983122001085865,3.821428097934693,0.07327586206896551,0.657061600024511,8.966958306216856
frame_009,frame_002,9,2,40,-7,False,False,264,"Cardigan, Cardigan Welsh corgi",0.3433294687240472,1.069064742633468,0.6805108189582825,0.31948918104171753,0.0913239253785463,4.092265039242692,0.05387931034482758,0.6046145182028553,11.221645457844994
frame_009,frame_003,9,3,40,-6,False,True,157,papillon,0.20089073177223193,1.6049941417633524,0.661342442035675,0.33865755796432495,0.07019007109747258,4.211183195127949,0.0625,0.6282416806817687,10.051866890908299
frame_009,frame_004,9,4,40,-5,True,False,843,swing,0.8876100875175972,0.11922272305182391,0.9029132127761841,0.09708678722381592,0.05863670384515702,4.580568798779913,0.11206896551724138,0.7348780843671586,6.5573736758915695
frame_009,frame_005,9,5,40,-4,False,False,843,swing,0.6798033760840707,0.38595167544226405,0.794033944606781,0.205966055393219,0.08157621478636325,4.555791982301283,0.14224137931034483,0.7086576138209899,4.98207776989302
frame_009,frame_006,9,6,40,-3,False,False,232,Border collie,0.43726057639049515,0.8272259769471555,0.8199623227119446,0.18003767728805542,0.06983588642755732,4.409987099449425,0.1853448275862069,0.7620080233099732,4.111299102509623
frame_009,frame_007,9,7,40,-2,False,False,232,Border collie,0.3664198834913445,1.0039753804838714,0.7503710985183716,0.24962890148162842,0.06508074853123852,4.066517002276006,0.14439655172413793,0.8024698700526162,5.557403279170357
frame_009,frame_008,9,8,40,-1,False,False,217,"English springer, English springer spaniel",0.3548092000842764,1.0361750985439002,0.7138270735740662,0.28617292642593384,0.0566999954043598,4.360601237089336,0.1314655172413793,0.8021145859567426,6.101330621048009
frame_009,frame_010,9,10,40,1,False,False,843,swing,0.7432990718627445,0.296656795922805,0.8044918775558472,0.19550812244415283,0.04638980736559194,4.894130516739751,0.1314655172413793,0.636483410983595,4.84144758518669
frame_009,frame_011,9,11,40,2,False,False,843,swing,0.494094261486086,0.7050289672717767,0.732085108757019,0.26791489124298096,0.04102789553607523,4.830227815441949,0.1314655172413793,0.6959206384402318,5.2935602661683205
frame_009,frame_012,9,12,40,3,False,False,843,swing,0.8171597231298252,0.2019207036827706,0.8517431020736694,0.14825689792633057,0.10734728636715918,4.9616718654555765,0.15301724137931033,0.41057036489960835,2.6831640748368772
frame_009,frame_000,9,0,50,-9,False,False,217,"English springer, English springer spaniel",0.3479149040130373,1.0557973578078481,0.7341347932815552,0.2658652067184448,0.07917317070871646,5.215142306122254,0.10129310344827586,0.09164907706117527,0.9047908884337303
frame_009,frame_001,9,1,50,-8,True,False,264,"Cardigan, Cardigan Welsh corgi",0.8044999218203579,0.2175344097276306,0.8699735403060913,0.1300264596939087,0.04362121228065224,5.288590814795613,0.07327586206896551,0.10177173086952762,1.3888847977488477
frame_009,frame_002,9,2,50,-7,False,False,264,"Cardigan, Cardigan Welsh corgi",0.40152356120697297,0.912489064360752,0.7190396785736084,0.2809603214263916,0.053855032655413526,5.330777353634788,0.05387931034482758,0.07681196268568377,1.425630027446291
frame_009,frame_003,9,3,50,-6,False,False,157,papillon,0.3236380948430102,1.1281293787147182,0.6796850562095642,0.3203149437904358,0.03718927858952973,5.394747441823029,0.0625,0.06430783353774756,1.028925336603961
frame_009,frame_004,9,4,50,-5,False,False,843,swing,0.21662680044519625,1.5295792196355107,0.6114838123321533,0.3885161876678467,0.047365937054323404,5.286338202980145,0.11206896551724138,0.07398936482535365,0.6602127938262325
frame_009,frame_005,9,5,50,-4,False,False,157,papillon,0.3461824337718234,1.0607893776434016,0.6588254570960999,0.34117454290390015,0.03407907090329409,5.3514107654258325,0.14224137931034483,0.11370744586786231,0.7993978012528502
frame_009,frame_006,9,6,50,-3,False,False,232,Border collie,0.42489850906651994,0.8559049407719286,0.8024780750274658,0.19752192497253418,0.03901032054844346,5.383472112219136,0.1853448275862069,0.21446402368087703,1.157108220789848
frame_009,frame_007,9,7,50,-2,False,False,217,"English springer, English springer spaniel",0.5023117149833558,0.6885344058157348,0.7921950817108154,0.20780491828918457,0.022508440401059513,5.469665209113556,0.14439655172413793,0.1575112153885123,1.0908239394070105
frame_009,frame_008,9,8,50,-1,False,False,217,"English springer, English springer spaniel",0.6660106204626458,0.4064496619282849,0.8051934242248535,0.19480657577514648,0.023414875924925402,5.472985210449414,0.1314655172413793,0.12006174300917127,0.9132565369877946
frame_009,frame_010,9,10,50,1,False,True,261,keeshond,0.19055594013719332,1.6578094785076765,0.5870903730392456,0.4129096269607544,0.05861539443252732,5.23765715035537,0.1314655172413793,0.04763673399713016,0.36235155040439987
frame_009,frame_011,9,11,50,2,False,False,231,collie,0.3761394464549211,0.9777953361156931,0.6441036462783813,0.35589635372161865,0.07629082228235329,5.1266951495020265,0.1314655172413793,0.059116865779453964,0.44967583150273177
frame_009,frame_012,9,12,50,3,False,False,843,swing,0.2876263477756579,1.2460930447595924,0.587493896484375,0.412506103515625,0.10464514016185193,5.048964689462864,0.15301724137931033,0.03951267504130837,0.2582236791431984
frame_010,frame_000,10,0,5,-10,False,False,231,collie,0.6231023347291545,0.47304451248158275,0.725263774394989,0.274736225605011,0.02101698176343421,5.594032689260011,0.10129310344827586,0.3588633114792919,3.542820777157265
frame_010,frame_001,10,1,5,-9,False,False,231,collie,0.5982624107480943,0.5137258073221709,0.7084052562713623,0.2915947437286377,0.027033281058216427,5.542067011871833,0.07327586206896551,0.31693703832986886,4.325258405442916
frame_010,frame_002,10,2,5,-8,False,False,231,collie,0.5051991725025369,0.6828025264672832,0.6923214793205261,0.3076785206794739,0.023620622267788185,5.599297663856353,0.05387931034482758,0.2444894079971733,4.537723412427537
frame_010,frame_003,10,3,5,-7,False,False,231,collie,0.6013471177663268,0.5085829441756742,0.728653073310852,0.27134692668914795,0.020622493941371105,5.566469858645693,0.0625,0.29720541334019457,4.755286613443113
frame_010,frame_004,10,4,5,-6,False,False,231,collie,0.3713914510575385,0.9904986484826308,0.6056313514709473,0.39436864852905273,0.013315852957984783,5.686823876653843,0.11206896551724138,0.3728580938749817,3.3270414530382983
frame_010,frame_005,10,5,5,-5,False,False,231,collie,0.3903884445702171,0.9406130238304962,0.6162307858467102,0.3837692141532898,0.015293530221660854,5.7296050011587,0.14224137931034483,0.36954001557113164,2.597978291287956
frame_010,frame_006,10,6,5,-4,True,False,231,collie,0.9317902147448636,0.07064758110890246,0.932326078414917,0.06767392158508301,0.016021078183310822,5.639154967434794,0.1853448275862069,0.4840810344485864,2.6117860463272566
frame_010,frame_007,10,7,5,-3,False,False,231,collie,0.9010298358278956,0.1042169077956494,0.9040008187294006,0.09599918127059937,0.01815319577383977,5.599054231820684,0.14439655172413793,0.4373436042406354,3.02876764727843
frame_010,frame_008,10,8,5,-2,False,False,231,collie,0.8690955630221894,0.14030219080754858,0.8740642070770264,0.12593579292297363,0.013075800629123037,5.662690649260314,0.1314655172413793,0.41336815763443924,3.1443086088914725
frame_010,frame_009,10,9,5,-1,False,False,231,collie,0.37113392380961074,0.9911923008936334,0.5794380903244019,0.42056190967559814,0.01732159989455,5.6876168722069265,0.1206896551724138,0.375269148730897,3.109372946627432
frame_010,frame_011,10,11,5,1,False,False,231,collie,0.5476263221319463,0.6021621185493293,0.6463695764541626,0.3536304235458374,0.015484977759280712,5.694798920545537,0.1314655172413793,0.3953192788044642,3.007018776479859
frame_010,frame_012,10,12,5,2,False,True,781,scoreboard,0.15843736900274913,1.8423959120040827,0.5342622995376587,0.4657377004623413,0.012794407721830547,5.819042720656629,0.15301724137931033,0.2643416651767961,1.7275286287610336
frame_010,frame_000,10,0,10,-10,False,False,264,"Cardigan, Cardigan Welsh corgi",0.29421961739541624,1.2234287925639613,0.7452889084815979,0.2547110915184021,0.08581977303505413,5.0163851690375125,0.10129310344827586,0.3603953354411653,3.557945439248951
frame_010,frame_001,10,1,10,-9,True,False,264,"Cardigan, Cardigan Welsh corgi",0.9116268543208291,0.09252452359690277,0.9284520745277405,0.07154792547225952,0.08069004759437587,4.965875608094502,0.07327586206896551,0.35625320091306056,4.86180838893118
frame_010,frame_002,10,2,10,-8,False,False,264,"Cardigan, Cardigan Welsh corgi",0.5648679166987625,0.5711633509199099,0.7461020946502686,0.25389790534973145,0.05233699470137343,5.1921236335672925,0.05387931034482758,0.29804796154907665,5.531770166350863
frame_010,frame_003,10,3,10,-7,False,False,231,collie,0.6468348654759634,0.43566424816184934,0.8000398874282837,0.1999601125717163,0.03470709937530663,5.320319559516296,0.0625,0.2910476735186256,4.6567627762980095
frame_010,frame_004,10,4,10,-6,False,True,231,collie,0.2616789552101576,1.3406368883839566,0.6009323596954346,0.39906764030456543,0.028730466861102578,5.452448246903943,0.11206896551724138,0.32115617194506,2.8657012265866895
frame_010,frame_005,10,5,10,-5,False,False,231,collie,0.3793890032201871,0.9691932065607829,0.6527155637741089,0.3472844362258911,0.03610605058732649,5.470151186908789,0.14224137931034483,0.3548631558935385,2.49479552022124
frame_010,frame_006,10,6,10,-4,False,False,231,collie,0.5684767194091527,0.5647949175374407,0.8315613865852356,0.1684386134147644,0.057835624828822416,5.1471124964446755,0.1853448275862069,0.5013828962980635,2.705135626538389
frame_010,frame_007,10,7,10,-3,False,False,231,collie,0.41542530195850047,0.8784524595286607,0.7953131198883057,0.20468688011169434,0.052070002081496605,5.067862089299769,0.14439655172413793,0.49731154447754905,3.4440680095161604
frame_010,frame_008,10,8,10,-2,False,False,231,collie,0.41081974495084816,0.8896007374507464,0.7646806836128235,0.2353193163871765,0.049144282959934456,5.367847087515653,0.1314655172413793,0.4106449832490855,3.123594626681568
frame_010,frame_009,10,9,10,-1,False,False,231,collie,0.23927818508063844,1.430128449607973,0.6027849316596985,0.3972150683403015,0.03175769438265506,5.514619817599045,0.1206896551724138,0.2286285471498724,1.8943508192418
frame_010,frame_011,10,11,10,1,False,False,231,collie,0.691072174919034,0.3695110107137971,0.7968235015869141,0.20317649841308594,0.038956094364839954,5.500837840604991,0.1314655172413793,0.22102815754412786,1.681263362302874
frame_010,frame_012,10,12,10,2,False,False,574,golf ball,0.3938453315946968,0.9317970061601397,0.6436589956283569,0.35634100437164307,0.06868300651204733,5.367230032464576,0.15301724137931033,0.1071626496400216,0.7003305553939441
frame_010,frame_000,10,0,20,-10,False,False,232,Border collie,0.2500209374186075,1.3862106149522688,0.6607745289802551,0.3392254710197449,0.020435187996558083,5.675081950393857,0.10129310344827586,0.12384639163618012,1.2226537387061187
frame_010,frame_001,10,1,20,-9,False,False,264,"Cardigan, Cardigan Welsh corgi",0.4520252316184475,0.794017278543198,0.722579300403595,0.27742069959640503,0.0177453850028886,5.616759917632468,0.07327586206896551,0.10569475403600233,1.4424225256677965
frame_010,frame_002,10,2,20,-8,False,False,733,pole,0.29805581724851693,1.2104745038132723,0.6398824453353882,0.3601175546646118,0.019684223707519658,5.66616511056429,0.05387931034482758,0.09067585015048575,1.6829437787930157
frame_010,frame_003,10,3,20,-7,False,False,231,collie,0.3179846799214314,1.1457520737101776,0.68892502784729,0.31107497215270996,0.024710462647165483,5.63438121503243,0.0625,0.09292748442086296,1.4868397507338074
frame_010,frame_004,10,4,20,-6,False,False,843,swing,0.3848389812308398,0.9549302627463974,0.6634713411331177,0.3365286588668823,0.024703704175158814,5.679951330939902,0.11206896551724138,0.12593270640601473,1.1237072263921315
frame_010,frame_005,10,5,20,-5,False,False,157,papillon,0.21687339652618676,1.5284415218475422,0.6262565851211548,0.3737434148788452,0.021971426832902534,5.638503332406102,0.14224137931034483,0.1454242317933007,1.022376417455932
frame_010,frame_006,10,6,20,-4,True,False,231,collie,0.6420793947989916,0.4430433150272197,0.8452891707420349,0.1547108292579651,0.02362929266623555,5.633198817536499,0.1853448275862069,0.22042778241938066,1.1892847795650305
frame_010,frame_007,10,7,20,-3,False,False,231,collie,0.5157331334033264,0.6621658306128877,0.7834166884422302,0.21658331155776978,0.022563180009718797,5.650141225176627,0.14439655172413793,0.15021018295498073,1.040261565538971
frame_010,frame_008,10,8,20,-2,False,False,231,collie,0.4059273230159157,0.9015811427540936,0.690827488899231,0.30917251110076904,0.024133903718738237,5.698685431107265,0.1314655172413793,0.1638440893839728,1.2462894667895636
frame_010,frame_009,10,9,20,-1,False,True,157,papillon,0.2937166381220507,1.225139792324062,0.6134293079376221,0.38657069206237793,0.027202529299512286,5.59835078136069,0.1206896551724138,0.11388352709180458,0.943606367332095
frame_010,frame_011,10,11,20,1,False,False,230,"Shetland sheepdog, Shetland sheep dog, Shetland",0.3236297259501154,1.128155237849458,0.676164984703064,0.32383501529693604,0.02256185367635532,5.6184243392167055,0.1314655172413793,0.1001467787000931,0.7617722183089048
frame_010,frame_012,10,12,20,2,False,False,843,swing,0.4094692180195468,0.8928935481858308,0.6447311639785767,0.35526883602142334,0.02963555305822979,5.53301255324752,0.15301724137931033,0.07747049950080384,0.50628608124469
frame_010,frame_000,10,0,30,-10,False,False,232,Border collie,0.292601230318917,1.2289445856239656,0.6891564726829529,0.3108435273170471,0.03832069425675395,5.531723489282337,0.10129310344827586,0.029975623524208888,0.2959295598985729
frame_010,frame_001,10,1,30,-9,False,False,264,"Cardigan, Cardigan Welsh corgi",0.6795521711751118,0.3863212695669579,0.7822109460830688,0.21778905391693115,0.029154883315371263,5.5455317190313895,0.07327586206896551,0.02537436998882466,0.3462855198474895
frame_010,frame_002,10,2,30,-8,False,False,733,pole,0.2855316305258921,1.2534024660897514,0.651993453502655,0.34800654649734497,0.02939843385481194,5.546986076992816,0.05387931034482758,0.012523537177586886,0.2324368500160126
frame_010,frame_003,10,3,30,-7,False,False,157,papillon,0.3219091073571446,1.1334860485732674,0.690281867980957,0.30971813201904297,0.029226574963950036,5.553741909259035,0.0625,0.009197969134528767,0.14716750615246027
frame_010,frame_004,10,4,30,-6,False,False,843,swing,0.4051854410664489,0.9034104374938634,0.6844227313995361,0.31557726860046387,0.026824879124003064,5.558348147684079,0.11206896551724138,0.021335513244217987,0.19037842587148357
frame_010,frame_005,10,5,30,-5,False,False,157,papillon,0.3090277132628346,1.1743243191712844,0.6553119421005249,0.3446880578994751,0.04178531153971777,5.46239270500628,0.14224137931034483,0.039221661573393365,0.2757401662129473
frame_010,frame_006,10,6,30,-4,True,False,232,Border collie,0.5124680510834863,0.6685169092620469,0.8368487358093262,0.16315126419067383,0.03516473646498224,5.446907053273251,0.1853448275862069,0.058988378575937375,0.31826287975854584
frame_010,frame_007,10,7,30,-3,False,False,232,Border collie,0.4824619611761159,0.7288531982515838,0.7545639872550964,0.24543601274490356,0.035987573965223146,5.5268493227508575,0.14439655172413793,0.033198975198412604,0.22991529092632013
frame_010,frame_008,10,8,30,-2,False,False,231,collie,0.2749163055275457,1.291288571173656,0.689440906047821,0.31055909395217896,0.040153980355045214,5.469454317884831,0.1314655172413793,0.03385183856937022,0.257495952396521
frame_010,frame_009,10,9,30,-1,False,False,157,papillon,0.26674166618425477,1.3214746313342225,0.6274216175079346,0.37257838249206543,0.04479658934876442,5.519722923732443,0.1206896551724138,0.02494009593015794,0.20664650913559435
frame_010,frame_011,10,11,30,1,False,False,231,collie,0.5267059001000401,0.6411129505429285,0.6903848648071289,0.3096151351928711,0.027870530432877988,5.530493244705436,0.1314655172413793,0.018529505780389824,0.14094574888689965
frame_010,frame_012,10,12,30,2,False,True,843,swing,0.2946446931393798,1.2219850785871031,0.5812855958938599,0.41871440410614014,0.04346350220226524,5.525743423138551,0.15301724137931033,0.053153078687876026,0.34736659874893633
frame_010,frame_000,10,0,40,-10,False,False,232,Border collie,0.2411775328641779,1.4222219657968675,0.6970912218093872,0.3029087781906128,0.11910759698244282,4.347456382067332,0.10129310344827586,0.6133397533231111,6.055098841317522
frame_010,frame_001,10,1,40,-9,False,False,264,"Cardigan, Cardigan Welsh corgi",0.8244775093016993,0.19300541533913207,0.8689039349555969,0.13109606504440308,0.10961049075015238,3.979128980186576,0.07327586206896551,0.6370600038432258,8.693995346566377
frame_010,frame_002,10,2,40,-8,False,False,264,"Cardigan, Cardigan Welsh corgi",0.3433294687240472,1.069064742633468,0.6805108189582825,0.31948918104171753,0.08794160209319564,4.231488451921054,0.05387931034482758,0.5716330038646511,10.609508551727926
frame_010,frame_003,10,3,40,-7,False,True,157,papillon,0.20089073177223193,1.6049941417633524,0.661342442035675,0.33865755796432495,0.0652573703875569,4.317440990717403,0.0625,0.6051310889629381,9.68209742340701
frame_010,frame_004,10,4,40,-6,True,False,843,swing,0.8876100875175972,0.11922272305182391,0.9029132127761841,0.09708678722381592,0.05716523991270041,4.671245691624973,0.11206896551724138,0.7083773699685945,6.320905762796689
frame_010,frame_005,10,5,40,-5,False,False,843,swing,0.6798033760840707,0.38595167544226405,0.794033944606781,0.205966055393219,0.06992764868316292,4.648374082396067,0.14224137931034483,0.6916154257128095,4.862266023193085
frame_010,frame_006,10,6,40,-4,False,False,232,Border collie,0.43726057639049515,0.8272259769471555,0.8199623227119446,0.18003767728805542,0.06488034984522803,4.515117031116746,0.1853448275862069,0.751739260164429,4.055895543212733
frame_010,frame_007,10,7,40,-3,False,False,232,Border collie,0.3664198834913445,1.0039753804838714,0.7503710985183716,0.24962890148162842,0.06277718351796269,4.191084288414958,0.14439655172413793,0.7837806780498027,5.427973650971768
frame_010,frame_008,10,8,40,-2,False,False,217,"English springer, English springer spaniel",0.3548092000842764,1.0361750985439002,0.7138270735740662,0.28617292642593384,0.05883566607125048,4.458893719860827,0.1314655172413793,0.7804566133807934,5.936588009978494
frame_010,frame_009,10,9,40,-1,False,False,843,swing,0.5542190647978037,0.5901952465714992,0.7417099475860596,0.25829005241394043,0.04877430175983615,4.874268914681205,0.1206896551724138,0.6859087397800268,5.68324384389165
frame_010,frame_011,10,11,40,1,False,False,843,swing,0.494094261486086,0.7050289672717767,0.732085108757019,0.26791489124298096,0.0427548026697972,4.901808565186098,0.1314655172413793,0.6763361678602535,5.144589867002584
frame_010,frame_012,10,12,40,2,False,False,843,swing,0.8171597231298252,0.2019207036827706,0.8517431020736694,0.14825689792633057,0.09113178631541705,5.071423748669121,0.15301724137931033,0.4067914551494442,2.65846810125834
frame_010,frame_000,10,0,50,-10,False,False,217,"English springer, English springer spaniel",0.3479149040130373,1.0557973578078481,0.7341347932815552,0.2658652067184448,0.0713738710641892,5.244153900809685,0.10129310344827586,0.0747563298298569,0.7380199370436937
frame_010,frame_001,10,1,50,-9,True,False,264,"Cardigan, Cardigan Welsh corgi",0.8044999218203579,0.2175344097276306,0.8699735403060913,0.1300264596939087,0.03821708989934138,5.29207331895784,0.07327586206896551,0.07337862607455216,1.0014024264291825
frame_010,frame_002,10,2,50,-8,False,False,264,"Cardigan, Cardigan Welsh corgi",0.40152356120697297,0.912489064360752,0.7190396785736084,0.2809603214263916,0.04618511365903447,5.328899204016612,0.05387931034482758,0.06145449907475812,1.1405955028275108
frame_010,frame_003,10,3,50,-7,False,False,157,papillon,0.3236380948430102,1.1281293787147182,0.6796850562095642,0.3203149437904358,0.038249713102536144,5.371211751788891,0.0625,0.0460739913841596,0.7371838621465536
frame_010,frame_004,10,4,50,-6,False,False,843,swing,0.21662680044519625,1.5295792196355107,0.6114838123321533,0.3885161876678467,0.04652954995434135,5.268914769552593,0.11206896551724138,0.06138668026412445,0.5477580700491105
frame_010,frame_005,10,5,50,-5,False,False,157,papillon,0.3461824337718234,1.0607893776434016,0.6588254570960999,0.34117454290390015,0.03279764245081214,5.327512046347669,0.14224137931034483,0.09467978500588348,0.665627579435302
frame_010,frame_006,10,6,50,-4,False,False,232,Border collie,0.42489850906651994,0.8559049407719286,0.8024780750274658,0.19752192497253418,0.03660960132312486,5.371929127392841,0.1853448275862069,0.1746385188047796,0.9422357293653224
frame_010,frame_007,10,7,50,-3,False,False,217,"English springer, English springer spaniel",0.5023117149833558,0.6885344058157348,0.7921950817108154,0.20780491828918457,0.023357007473017152,5.465479162434802,0.14439655172413793,0.11702508118754673,0.8104423532988311
frame_010,frame_008,10,8,50,-2,False,False,217,"English springer, English springer spaniel",0.6660106204626458,0.4064496619282849,0.8051934242248535,0.19480657577514648,0.025098856469961024,5.457895009796559,0.1314655172413793,0.09644866316945645,0.7336422903381605
frame_010,frame_009,10,9,50,-1,False,False,157,papillon,0.3653047587597041,1.007023318275047,0.6683807373046875,0.3316192626953125,0.05787908612103554,5.211904743287517,0.1206896551724138,0.054588813189234454,0.45230730928222834
frame_010,frame_011,10,11,50,1,False,False,231,collie,0.3761394464549211,0.9777953361156931,0.6441036462783813,0.35589635372161865,0.06688278872121671,5.1562745855816505,0.1314655172413793,0.04803670269871358,0.3653939352820181
frame_010,frame_012,10,12,50,2,False,True,843,swing,0.2876263477756579,1.2460930447595924,0.587493896484375,0.412506103515625,0.09308641422945425,5.085249848557985,0.15301724137931033,0.03638067068985378,0.2377553690153825
frame_011,frame_000,11,0,5,-11,False,False,231,collie,0.6231023347291545,0.47304451248158275,0.725263774394989,0.274736225605011,0.023800190312701686,5.583266409261632,0.10129310344827586,0.35882614515727884,3.542453858573987
frame_011,frame_001,11,1,5,-10,False,False,231,collie,0.5982624107480943,0.5137258073221709,0.7084052562713623,0.2915947437286377,0.030274524293975025,5.5182099883043545,0.07327586206896551,0.319914146226221,4.365887172028428
frame_011,frame_002,11,2,5,-9,False,False,231,collie,0.5051991725025369,0.6828025264672832,0.6923214793205261,0.3076785206794739,0.024628343015813983,5.579456253196522,0.05387931034482758,0.25139676093495517,4.665923882952768
frame_011,frame_003,11,3,5,-8,False,False,231,collie,0.6013471177663268,0.5085829441756742,0.728653073310852,0.27134692668914795,0.02189493951429618,5.553337812027197,0.0625,0.3014522494039988,4.8232359904639805
frame_011,frame_004,11,4,5,-7,False,False,231,collie,0.3713914510575385,0.9904986484826308,0.6056313514709473,0.39436864852905273,0.01412337742781642,5.687045311703049,0.11206896551724138,0.3680627262708073,3.284252019031819
frame_011,frame_005,11,5,5,-6,False,False,231,collie,0.3903884445702171,0.9406130238304962,0.6162307858467102,0.3837692141532898,0.018107656723857748,5.727206849893512,0.14224137931034483,0.36559132393355526,2.57021779250257
frame_011,frame_006,11,6,5,-5,True,False,231,collie,0.9317902147448636,0.07064758110890246,0.932326078414917,0.06767392158508301,0.018148409065365956,5.623520786534663,0.1853448275862069,0.48434813256810555,2.6132271338558253
frame_011,frame_007,11,7,5,-4,False,False,231,collie,0.9010298358278956,0.1042169077956494,0.9040008187294006,0.09599918127059937,0.019503317741271533,5.574528189132307,0.14439655172413793,0.43980328002802316,3.0458018198955634
frame_011,frame_008,11,8,5,-3,False,False,231,collie,0.8690955630221894,0.14030219080754858,0.8740642070770264,0.12593579292297363,0.015602140755291332,5.6515184128425044,0.1314655172413793,0.4174276020612284,3.175187005842787
frame_011,frame_009,11,9,5,-2,False,False,231,collie,0.37113392380961074,0.9911923008936334,0.5794380903244019,0.42056190967559814,0.016820356542307506,5.697153279440158,0.1206896551724138,0.3665435481528335,3.0370751132663347
frame_011,frame_010,11,10,5,-1,False,False,231,collie,0.24434715361517115,1.4091653041360672,0.5374478101730347,0.46255218982696533,0.014652228013155638,5.746243020345258,0.1314655172413793,0.34344288102538684,2.61241798025868
frame_011,frame_012,11,12,5,1,False,True,781,scoreboard,0.15843736900274913,1.8423959120040827,0.5342622995376587,0.4657377004623413,0.012153946865137912,5.818948584959101,0.15301724137931033,0.2545221497065262,1.6633560206172981
frame_011,frame_000,11,0,10,-11,False,False,264,"Cardigan, Cardigan Welsh corgi",0.29421961739541624,1.2234287925639613,0.7452889084815979,0.2547110915184021,0.10079588210008211,4.899699174085294,0.10129310344827586,0.4210608966288833,4.15685651140004
frame_011,frame_001,11,1,10,-10,True,False,264,"Cardigan, Cardigan Welsh corgi",0.9116268543208291,0.09252452359690277,0.9284520745277405,0.07154792547225952,0.10002970933271761,4.765780279782087,0.07327586206896551,0.4212904791373584,5.749375950580421
frame_011,frame_002,11,2,10,-9,False,False,264,"Cardigan, Cardigan Welsh corgi",0.5648679166987625,0.5711633509199099,0.7461020946502686,0.25389790534973145,0.0673925945876539,5.0707589803088675,0.05387931034482758,0.35846769239607656,6.6531603708711815
frame_011,frame_003,11,3,10,-8,False,False,231,collie,0.6468348654759634,0.43566424816184934,0.8000398874282837,0.1999601125717163,0.0452492089450701,5.145896439048443,0.0625,0.37524429519754815,6.00390872316077
frame_011,frame_004,11,4,10,-7,False,False,231,collie,0.2616789552101576,1.3406368883839566,0.6009323596954346,0.39906764030456543,0.03335920846681744,5.39866893150228,0.11206896551724138,0.39296102956022283,3.506421494537373
frame_011,frame_005,11,5,10,-6,False,False,231,collie,0.3793890032201871,0.9691932065607829,0.6527155637741089,0.3472844362258911,0.05187524446618739,5.3796779038038665,0.14224137931034483,0.42079527947332607,2.958318328418535
frame_011,frame_006,11,6,10,-5,False,False,231,collie,0.5684767194091527,0.5647949175374407,0.8315613865852356,0.1684386134147644,0.07066617098564604,5.003162729181213,0.1853448275862069,0.5589055306622308,3.015490304968315
frame_011,frame_007,11,7,10,-4,False,False,231,collie,0.41542530195850047,0.8784524595286607,0.7953131198883057,0.20468688011169434,0.05829704997801975,4.850243354987368,0.14439655172413793,0.5731915085209135,3.9695650739358785
frame_011,frame_008,11,8,10,-3,False,False,231,collie,0.41081974495084816,0.8896007374507464,0.7646806836128235,0.2353193163871765,0.062227855727613586,5.21912703667253,0.1314655172413793,0.48654893375365504,3.7009623813392776
frame_011,frame_009,11,9,10,-2,False,False,231,collie,0.23927818508063844,1.430128449607973,0.6027849316596985,0.3972150683403015,0.02590446356601968,5.53460895925433,0.1206896551724138,0.2960691716012227,2.453144564695845
frame_011,frame_010,11,10,10,-1,False,True,231,collie,0.1855532752781129,1.6844132399034146,0.5229740142822266,0.47702598571777344,0.025718784220603884,5.5895989665501205,0.1314655172413793,0.22708434364580588,1.7273300893713759
frame_011,frame_012,11,12,10,1,False,False,574,golf ball,0.3938453315946968,0.9317970061601397,0.6436589956283569,0.35634100437164307,0.05927582024234683,5.456257556826017,0.15301724137931033,0.14210844778676163,0.9287087291979915
frame_011,frame_000,11,0,20,-11,False,False,232,Border collie,0.2500209374186075,1.3862106149522688,0.6607745289802551,0.3392254710197449,0.017984331024982342,5.7250650212181196,0.10129310344827586,0.12888307308643293,1.2723775725979762
frame_011,frame_001,11,1,20,-10,False,False,264,"Cardigan, Cardigan Welsh corgi",0.4520252316184475,0.794017278543198,0.722579300403595,0.27742069959640503,0.013058994991916647,5.674900532981594,0.07327586206896551,0.10721110341128606,1.4631162347893159
frame_011,frame_002,11,2,20,-9,False,False,733,pole,0.29805581724851693,1.2104745038132723,0.6398824453353882,0.3601175546646118,0.018581058563147894,5.717620399195953,0.05387931034482758,0.0925325207160553,1.7174035844899866
frame_011,frame_003,11,3,20,-8,False,False,231,collie,0.3179846799214314,1.1457520737101776,0.68892502784729,0.31107497215270996,0.021925155265155167,5.690092667592506,0.0625,0.09425259580378494,1.508041532860559
frame_011,frame_004,11,4,20,-7,False,False,843,swing,0.3848389812308398,0.9549302627463974,0.6634713411331177,0.3365286588668823,0.02066368578484628,5.726747313727297,0.11206896551724138,0.12667305535636902,1.130313417026062
frame_011,frame_005,11,5,20,-6,False,False,157,papillon,0.21687339652618676,1.5284415218475422,0.6262565851211548,0.3737434148788452,0.021541880103100954,5.682767140833394,0.14224137931034483,0.14857648540887236,1.0445377156017692
frame_011,frame_006,11,6,20,-5,True,False,231,collie,0.6420793947989916,0.4430433150272197,0.8452891707420349,0.1547108292579651,0.01841607665095282,5.692547210402144,0.1853448275862069,0.22035409485969018,1.1888872094755376
frame_011,frame_007,11,7,20,-4,False,False,231,collie,0.5157331334033264,0.6621658306128877,0.7834166884422302,0.21658331155776978,0.018735108966611045,5.706775957261944,0.14439655172413793,0.1505661508766115,1.0427267762201153
frame_011,frame_008,11,8,20,-3,False,False,231,collie,0.4059273230159157,0.9015811427540936,0.690827488899231,0.30917251110076904,0.019596207886078795,5.748709175821162,0.1314655172413793,0.1583147468558317,1.2042302055919
frame_011,frame_009,11,9,20,-2,False,False,157,papillon,0.2937166381220507,1.225139792324062,0.6134293079376221,0.38657069206237793,0.023422467047217246,5.6634994663131755,0.1206896551724138,0.11950401548465198,0.990176128301402
frame_011,frame_010,11,10,20,-1,False,True,241,EntleBucher,0.3328026286638602,1.10020567143689,0.5907730460166931,0.4092269539833069,0.02010897141206223,5.667609983301655,0.1314655172413793,0.09454796871430822,0.7191845489088363
frame_011,frame_012,11,12,20,1,False,False,843,swing,0.4094692180195468,0.8928935481858308,0.6447311639785767,0.35526883602142334,0.023607373262344203,5.607984138106497,0.15301724137931033,0.08540992145062068,0.5581718810294084
frame_011,frame_000,11,0,30,-11,False,False,232,Border collie,0.292601230318917,1.2289445856239656,0.6891564726829529,0.3108435273170471,0.031581907945339265,5.570033427753892,0.10129310344827586,0.034714269434192584,0.3427110854779864
frame_011,frame_001,11,1,30,-10,False,False,264,"Cardigan, Cardigan Welsh corgi",0.6795521711751118,0.3863212695669579,0.7822109460830688,0.21778905391693115,0.02281975358234259,5.570123271603114,0.07327586206896551,0.029274050560073782,0.39950468999630107
frame_011,frame_002,11,2,30,-9,False,False,733,pole,0.2855316305258921,1.2534024660897514,0.651993453502655,0.34800654649734497,0.023133302311369303,5.5775112326358585,0.05387931034482758,0.016131530054141682,0.2994011978048696
frame_011,frame_003,11,3,30,-8,False,False,157,papillon,0.3219091073571446,1.1334860485732674,0.690281867980957,0.30971813201904297,0.025908909839483338,5.575080807102033,0.0625,0.011485029689930858,0.18376047503889373
frame_011,frame_004,11,4,30,-7,False,False,843,swing,0.4051854410664489,0.9034104374938634,0.6844227313995361,0.31557726860046387,0.021044509040400276,5.5905210572300135,0.11206896551724138,0.02655844275302054,0.2369830276423371
frame_011,frame_005,11,5,30,-6,False,False,157,papillon,0.3090277132628346,1.1743243191712844,0.6553119421005249,0.3446880578994751,0.03425974039384239,5.509000054765751,0.14224137931034483,0.04779883199841852,0.3360402734434272
frame_011,frame_006,11,6,30,-5,True,False,232,Border collie,0.5124680510834863,0.6685169092620469,0.8368487358093262,0.16315126419067383,0.037102620798978574,5.47208356774765,0.1853448275862069,0.06880360140608296,0.371219430842122
frame_011,frame_007,11,7,30,-4,False,False,232,Border collie,0.4824619611761159,0.7288531982515838,0.7545639872550964,0.24543601274490356,0.030292078333381968,5.579666973826475,0.14439655172413793,0.03987457579973488,0.27614631598622363
frame_011,frame_008,11,8,30,-3,False,False,231,collie,0.2749163055275457,1.291288571173656,0.689440906047821,0.31055909395217896,0.03421521630942774,5.521213279811896,0.1314655172413793,0.04098732671525109,0.31177245239141815
frame_011,frame_009,11,9,30,-2,False,False,157,papillon,0.26674166618425477,1.3214746313342225,0.6274216175079346,0.37257838249206543,0.03678721623255665,5.541413298664531,0.1206896551724138,0.028214536512974536,0.23377758825036044
frame_011,frame_010,11,10,30,-1,False,True,843,swing,0.2541318511993387,1.3699020474389925,0.5763705968856812,0.42362940311431885,0.03180026580274691,5.504905847734036,0.1314655172413793,0.026514305810879435,0.20168258846308293
frame_011,frame_012,11,12,30,1,False,False,843,swing,0.2946446931393798,1.2219850785871031,0.5812855958938599,0.41871440410614014,0.03671794365108529,5.566653420088086,0.15301724137931033,0.05667618714796611,0.3703908568543137
frame_011,frame_000,11,0,40,-11,False,False,232,Border collie,0.2411775328641779,1.4222219657968675,0.6970912218093872,0.3029087781906128,0.13195183827848989,4.131878171050514,0.10129310344827586,0.6442111056665585,6.359871341048578
frame_011,frame_001,11,1,40,-10,False,False,264,"Cardigan, Cardigan Welsh corgi",0.8244775093016993,0.19300541533913207,0.8689039349555969,0.13109606504440308,0.12285642779625966,3.7421985102105317,0.07327586206896551,0.6720447375110977,9.171434064857335
frame_011,frame_002,11,2,40,-9,False,False,264,"Cardigan, Cardigan Welsh corgi",0.3433294687240472,1.069064742633468,0.6805108189582825,0.31948918104171753,0.09637238207173786,3.96249837486396,0.05387931034482758,0.6338895631053093,11.764990291234541
frame_011,frame_003,11,3,40,-8,False,True,157,papillon,0.20089073177223193,1.6049941417633524,0.661342442035675,0.33865755796432495,0.0767784571059869,4.08575261249182,0.0625,0.6450704103364583,10.321126565383333
frame_011,frame_004,11,4,40,-7,True,False,843,swing,0.8876100875175972,0.11922272305182391,0.9029132127761841,0.09708678722381592,0.06387983381344267,4.458952365708238,0.11206896551724138,0.762590657259549,6.804655095546745
frame_011,frame_005,11,5,40,-6,False,False,843,swing,0.6798033760840707,0.38595167544226405,0.794033944606781,0.205966055393219,0.08901556568580565,4.4461453071876615,0.14224137931034483,0.7329888944115186,5.153134045559767
frame_011,frame_006,11,6,40,-5,False,False,232,Border collie,0.43726057639049515,0.8272259769471555,0.8199623227119446,0.18003767728805542,0.07385119862110147,4.352892820756719,0.1853448275862069,0.7833859752899826,4.226640610866882
frame_011,frame_007,11,7,40,-4,False,False,232,Border collie,0.3664198834913445,1.0039753804838714,0.7503710985183716,0.24962890148162842,0.06834152473897147,4.007572922520641,0.14439655172413793,0.8158886542543781,5.6503333667765885
frame_011,frame_008,11,8,40,-3,False,False,217,"English springer, English springer spaniel",0.3548092000842764,1.0361750985439002,0.7138270735740662,0.28617292642593384,0.060756672351668824,4.271877552768672,0.1314655172413793,0.8237851663694421,6.266169134351166
frame_011,frame_009,11,9,40,-2,False,False,843,swing,0.5542190647978037,0.5901952465714992,0.7417099475860596,0.25829005241394043,0.052045472190824255,4.69276967581553,0.1206896551724138,0.7447980780392045,6.17118407518198
frame_011,frame_010,11,10,40,-1,False,False,843,swing,0.7432990718627445,0.296656795922805,0.8044918775558472,0.19550812244415283,0.0480089069057041,4.810913618282219,0.1314655172413793,0.6763816177122528,5.144935583909595
frame_011,frame_012,11,12,40,1,False,False,843,swing,0.8171597231298252,0.2019207036827706,0.8517431020736694,0.14825689792633057,0.09504229590920292,4.873572144703868,0.15301724137931033,0.47219236744427456,3.085876880199203
frame_011,frame_000,11,0,50,-11,False,False,217,"English springer, English springer spaniel",0.3479149040130373,1.0557973578078481,0.7341347932815552,0.2658652067184448,0.08361386715934098,5.208694585012832,0.10129310344827586,0.1110012561537318,1.0958421884113096
frame_011,frame_001,11,1,50,-10,True,False,264,"Cardigan, Cardigan Welsh corgi",0.8044999218203579,0.2175344097276306,0.8699735403060913,0.1300264596939087,0.04813195738087615,5.267999713570149,0.07327586206896551,0.1184857555263767,1.616982075418788
frame_011,frame_002,11,2,50,-9,False,False,264,"Cardigan, Cardigan Welsh corgi",0.40152356120697297,0.912489064360752,0.7190396785736084,0.2809603214263916,0.05803087557282618,5.315052760084777,0.05387931034482758,0.09952720023100942,1.847224836287535
frame_011,frame_003,11,3,50,-8,False,False,157,papillon,0.3236380948430102,1.1281293787147182,0.6796850562095642,0.3203149437904358,0.0306309366870083,5.418760015527084,0.0625,0.08599923227008945,1.3759877163214311
frame_011,frame_004,11,4,50,-7,False,False,843,swing,0.21662680044519625,1.5295792196355107,0.6114838123321533,0.3885161876678467,0.04403021163660288,5.31442059879916,0.11206896551724138,0.10216408708129933,0.9116180078023632
frame_011,frame_005,11,5,50,-6,False,False,157,papillon,0.3461824337718234,1.0607893776434016,0.6588254570960999,0.34117454290390015,0.028887272232108404,5.383388576025127,0.14224137931034483,0.14080043869861936,0.9898697508508997
frame_011,frame_006,11,6,50,-5,False,False,232,Border collie,0.42489850906651994,0.8559049407719286,0.8024780750274658,0.19752192497253418,0.04440153706880842,5.417639285055403,0.1853448275862069,0.2518158289816726,1.3586342400871636
frame_011,frame_007,11,7,50,-4,False,False,217,"English springer, English springer spaniel",0.5023117149833558,0.6885344058157348,0.7921950817108154,0.20780491828918457,0.019848888793667623,5.493624683087999,0.14439655172413793,0.18920096154312166,1.3102872560598275
frame_011,frame_008,11,8,50,-3,False,False,217,"English springer, English springer spaniel",0.6660106204626458,0.4064496619282849,0.8051934242248535,0.19480657577514648,0.025970924966640177,5.482819186428122,0.1314655172413793,0.14878707350532527,1.1317574115814906
frame_011,frame_009,11,9,50,-2,False,False,157,papillon,0.3653047587597041,1.007023318275047,0.6683807373046875,0.3316192626953125,0.07812571022443461,5.167830664282247,0.1206896551724138,0.08918061462138355,0.738925092577178
frame_011,frame_010,11,10,50,-1,False,True,261,keeshond,0.19055594013719332,1.6578094785076765,0.5870903730392456,0.4129096269607544,0.07409340220281622,5.211814444794749,0.1314655172413793,0.0637001413784694,0.48453878032147213
frame_011,frame_012,11,12,50,1,False,False,843,swing,0.2876263477756579,1.2460930447595924,0.587493896484375,0.412506103515625,0.12171521818298851,5.008341053905142,0.15301724137931033,0.051010085258196586,0.3333616839408904
frame_012,frame_000,12,0,5,-12,False,False,231,collie,0.6231023347291545,0.47304451248158275,0.725263774394989,0.274736225605011,0.015543750376434216,5.733560785383366,0.10129310344827586,0.26991804403573266,2.6647228177144675
frame_012,frame_001,12,1,5,-11,False,False,231,collie,0.5982624107480943,0.5137258073221709,0.7084052562713623,0.2915947437286377,0.0188511890552616,5.685428691429893,0.07327586206896551,0.24363618629127212,3.324917365857361
frame_012,frame_002,12,2,5,-10,False,False,231,collie,0.5051991725025369,0.6828025264672832,0.6923214793205261,0.3076785206794739,0.016153980061790335,5.71998720304617,0.05387931034482758,0.18694918864860224,3.4697769413180577
frame_012,frame_003,12,3,5,-9,False,False,231,collie,0.6013471177663268,0.5085829441756742,0.728653073310852,0.27134692668914795,0.014878198551862813,5.720611343074987,0.0625,0.22078452865173764,3.5325524584278023
frame_012,frame_004,12,4,5,-8,False,False,231,collie,0.3713914510575385,0.9904986484826308,0.6056313514709473,0.39436864852905273,0.011327482824898153,5.803416444027302,0.11206896551724138,0.2732457439947586,2.438192792568615
frame_012,frame_005,12,5,5,-7,False,False,231,collie,0.3903884445702171,0.9406130238304962,0.6162307858467102,0.3837692141532898,0.011332346900273241,5.833997372120086,0.14224137931034483,0.2805774959859044,1.9725448202645401
frame_012,frame_006,12,6,5,-6,True,False,231,collie,0.9317902147448636,0.07064758110890246,0.932326078414917,0.06767392158508301,0.013057180122280703,5.7804344979452305,0.1853448275862069,0.40025825155764083,2.159532892124946
frame_012,frame_007,12,7,5,-5,False,False,231,collie,0.9010298358278956,0.1042169077956494,0.9040008187294006,0.09599918127059937,0.014567769424887288,5.750973668283947,0.14439655172413793,0.34666847795678524,2.4008085637604233
frame_012,frame_008,12,8,5,-4,False,False,231,collie,0.8690955630221894,0.14030219080754858,0.8740642070770264,0.12593579292297363,0.009524402251175946,5.801510789479755,0.1314655172413793,0.31952890198001654,2.430514926536519
frame_012,frame_009,12,9,5,-3,False,False,231,collie,0.37113392380961074,0.9911923008936334,0.5794380903244019,0.42056190967559814,0.011428610383216825,5.791157867919889,0.1206896551724138,0.2662746620241875,2.206275771057553
frame_012,frame_010,12,10,5,-2,False,True,231,collie,0.24434715361517115,1.4091653041360672,0.5374478101730347,0.46255218982696533,0.011528162156009504,5.823408870315152,0.1314655172413793,0.24258268735842403,1.8452191300706353
frame_012,frame_011,12,11,5,-1,False,False,231,collie,0.5476263221319463,0.6021621185493293,0.6463695764541626,0.3536304235458374,0.009717658120471602,5.807364603548281,0.1314655172413793,0.2730150022485334,2.0767042793986805
frame_012,frame_000,12,0,10,-12,False,False,264,"Cardigan, Cardigan Welsh corgi",0.29421961739541624,1.2234287925639613,0.7452889084815979,0.2547110915184021,0.058548383440944055,5.192293028154317,0.10129310344827586,0.2136805815472425,2.1095274433600113
frame_012,frame_001,12,1,10,-11,True,False,264,"Cardigan, Cardigan Welsh corgi",0.9116268543208291,0.09252452359690277,0.9284520745277405,0.07154792547225952,0.04739802279226608,5.2340799287275415,0.07327586206896551,0.2144414097982499,2.926494533717293
frame_012,frame_002,12,2,10,-10,False,False,264,"Cardigan, Cardigan Welsh corgi",0.5648679166987625,0.5711633509199099,0.7461020946502686,0.25389790534973145,0.047671403009995054,5.361370325930246,0.05387931034482758,0.16461248928322464,3.0552078010966497
frame_012,frame_003,12,3,10,-9,False,False,231,collie,0.6468348654759634,0.43566424816184934,0.8000398874282837,0.1999601125717163,0.025285703744855323,5.47112099946796,0.0625,0.14668918124240932,2.347026899878549
frame_012,frame_004,12,4,10,-8,False,False,231,collie,0.2616789552101576,1.3406368883839566,0.6009323596954346,0.39906764030456543,0.023661806730709948,5.522356346713194,0.11206896551724138,0.1602662960814334,1.4300684881112518
frame_012,frame_005,12,5,10,-7,False,False,231,collie,0.3793890032201871,0.9691932065607829,0.6527155637741089,0.3472844362258911,0.023421233120807097,5.49370325830935,0.14224137931034483,0.19455985304623627,1.367814724446267
frame_012,frame_006,12,6,10,-6,False,False,231,collie,0.5684767194091527,0.5647949175374407,0.8315613865852356,0.1684386134147644,0.037045664056201744,5.348078973657124,0.1853448275862069,0.3393215496578365,1.8307581283864667
frame_012,frame_007,12,7,10,-5,False,False,231,collie,0.41542530195850047,0.8784524595286607,0.7953131198883057,0.20468688011169434,0.036735292144288174,5.342902818521402,0.14439655172413793,0.32170417161875503,2.2279214273298855
frame_012,frame_008,12,8,10,-4,False,False,231,collie,0.41081974495084816,0.8896007374507464,0.7646806836128235,0.2353193163871765,0.02500648234508,5.524710005005853,0.1314655172413793,0.24683114389930577,1.877535258512752
frame_012,frame_009,12,9,10,-3,False,False,231,collie,0.23927818508063844,1.430128449607973,0.6027849316596985,0.3972150683403015,0.04562553819791203,5.3819709116121475,0.1206896551724138,0.09808432561582063,0.8126986979596567
frame_012,frame_010,12,10,10,-2,False,True,231,collie,0.1855532752781129,1.6844132399034146,0.5229740142822266,0.47702598571777344,0.041033910063980175,5.37339825080562,0.1314655172413793,0.07047259195754894,0.5360538142344706
frame_012,frame_011,12,11,10,-1,False,False,231,collie,0.691072174919034,0.3695110107137971,0.7968235015869141,0.20317649841308594,0.05394770307429686,5.348216512241931,0.1314655172413793,0.09403393505879312,0.7152745224144264
frame_012,frame_000,12,0,20,-12,False,False,232,Border collie,0.2500209374186075,1.3862106149522688,0.6607745289802551,0.3392254710197449,0.025940336438391748,5.598541465656943,0.10129310344827586,0.10230378828453568,1.00997782476648
frame_012,frame_001,12,1,20,-11,False,False,264,"Cardigan, Cardigan Welsh corgi",0.4520252316184475,0.794017278543198,0.722579300403595,0.27742069959640503,0.018678197711130922,5.521255315929318,0.07327586206896551,0.08189329335837066,1.117602591714235
frame_012,frame_002,12,2,20,-10,False,False,733,pole,0.29805581724851693,1.2104745038132723,0.6398824453353882,0.3601175546646118,0.02188883770499006,5.596442958404047,0.05387931034482758,0.07306839955924829,1.3561494958196485
frame_012,frame_003,12,3,20,-9,False,False,231,collie,0.3179846799214314,1.1457520737101776,0.68892502784729,0.31107497215270996,0.02659247392570503,5.521933989813663,0.0625,0.08427716487490733,1.3484346379985173
frame_012,frame_004,12,4,20,-8,False,False,843,swing,0.3848389812308398,0.9549302627463974,0.6634713411331177,0.3365286588668823,0.026025851926389593,5.574831729289956,0.11206896551724138,0.11976107124246976,1.0686372510866533
frame_012,frame_005,12,5,20,-7,False,False,157,papillon,0.21687339652618676,1.5284415218475422,0.6262565851211548,0.3737434148788452,0.0256369227227188,5.528384578040525,0.14224137931034483,0.12322409749433266,0.866302746020763
frame_012,frame_006,12,6,20,-6,True,False,231,collie,0.6420793947989916,0.4430433150272197,0.8452891707420349,0.1547108292579651,0.026952657159870927,5.515100620128656,0.1853448275862069,0.1800905642414141,0.9716514163722806
frame_012,frame_007,12,7,20,-5,False,False,231,collie,0.5157331334033264,0.6621658306128877,0.7834166884422302,0.21658331155776978,0.028488668118557135,5.519665268482525,0.14439655172413793,0.11809026281710382,0.8178191335393459
frame_012,frame_008,12,8,20,-4,False,False,231,collie,0.4059273230159157,0.9015811427540936,0.690827488899231,0.30917251110076904,0.0261520293937679,5.590023312934905,0.1314655172413793,0.13814782303185888,1.050829342406271
frame_012,frame_009,12,9,20,-3,False,False,157,papillon,0.2937166381220507,1.225139792324062,0.6134293079376221,0.38657069206237793,0.03535362313381104,5.479083749580941,0.1206896551724138,0.1034451123331709,0.8571166450462732
frame_012,frame_010,12,10,20,-2,False,True,241,EntleBucher,0.3328026286638602,1.10020567143689,0.5907730460166931,0.4092269539833069,0.023728190193214278,5.514524919458885,0.1314655172413793,0.08494600795546958,0.6461466834645555
frame_012,frame_011,12,11,20,-1,False,False,230,"Shetland sheepdog, Shetland sheep dog, Shetland",0.3236297259501154,1.128155237849458,0.676164984703064,0.32383501529693604,0.029203198874165257,5.538788718858717,0.1314655172413793,0.0818673856792958,0.6227289664785779
frame_012,frame_000,12,0,30,-12,False,False,232,Border collie,0.292601230318917,1.2289445856239656,0.6891564726829529,0.3108435273170471,0.052815750867472276,5.3793070754214725,0.10129310344827586,0.020756273238092746,0.20491299537180924
frame_012,frame_001,12,1,30,-11,False,False,264,"Cardigan, Cardigan Welsh corgi",0.6795521711751118,0.3863212695669579,0.7822109460830688,0.21778905391693115,0.040891680736014666,5.417214185812913,0.07327586206896551,0.018853924446248522,0.2573006159723328
frame_012,frame_002,12,2,30,-10,False,False,733,pole,0.2855316305258921,1.2534024660897514,0.651993453502655,0.34800654649734497,0.044707068306187495,5.437819612492421,0.05387931034482758,0.008037955089793413,0.14918444646656576
frame_012,frame_003,12,3,30,-9,False,False,157,papillon,0.3219091073571446,1.1334860485732674,0.690281867980957,0.30971813201904297,0.037671036817183465,5.438468740447777,0.0625,0.006373301005249889,0.10197281608399822
frame_012,frame_004,12,4,30,-8,False,False,843,swing,0.4051854410664489,0.9034104374938634,0.6844227313995361,0.31557726860046387,0.04032763801151281,5.438309795036848,0.11206896551724138,0.013228720869234385,0.11804089391009144
frame_012,frame_005,12,5,30,-7,False,False,157,papillon,0.3090277132628346,1.1743243191712844,0.6553119421005249,0.3446880578994751,0.050364751287683605,5.311355791195875,0.14224137931034483,0.023040992765543198,0.16198516126078855
frame_012,frame_006,12,6,30,-6,True,False,232,Border collie,0.5124680510834863,0.6685169092620469,0.8368487358093262,0.16315126419067383,0.04865631881483102,5.295707449066312,0.1853448275862069,0.03405283372549713,0.18372691684454265
frame_012,frame_007,12,7,30,-5,False,False,232,Border collie,0.4824619611761159,0.7288531982515838,0.7545639872550964,0.24543601274490356,0.040501989392107376,5.378782744164517,0.14439655172413793,0.02104790821035406,0.1457646180537953
frame_012,frame_008,12,8,30,-4,False,False,231,collie,0.2749163055275457,1.291288571173656,0.689440906047821,0.31055909395217896,0.05859090001245421,5.306401915245127,0.1314655172413793,0.022808648623937552,0.1734952944509348
frame_012,frame_009,12,9,30,-3,False,False,157,papillon,0.26674166618425477,1.3214746313342225,0.6274216175079346,0.37257838249206543,0.05131793682814327,5.384536995121935,0.1206896551724138,0.013165159548347601,0.10908275054345154
frame_012,frame_010,12,10,30,-2,False,True,843,swing,0.2541318511993387,1.3699020474389925,0.5763705968856812,0.42362940311431885,0.04537035166312874,5.391759885342717,0.1314655172413793,0.012570921836086716,0.09562143822859404
frame_012,frame_011,12,11,30,-1,False,False,231,collie,0.5267059001000401,0.6411129505429285,0.6903848648071289,0.3096151351928711,0.03194092210206085,5.421584222703229,0.1314655172413793,0.009491728311561571,0.07219937600925523
frame_012,frame_000,12,0,40,-12,False,False,232,Border collie,0.2411775328641779,1.4222219657968675,0.6970912218093872,0.3029087781906128,0.12499051069416395,4.4834787083298,0.10129310344827586,0.557601488675572,5.504831717988626
frame_012,frame_001,12,1,40,-11,False,False,264,"Cardigan, Cardigan Welsh corgi",0.8244775093016993,0.19300541533913207,0.8689039349555969,0.13109606504440308,0.11446426778851938,4.102752062420716,0.07327586206896551,0.6045347421485894,8.250121186968984
frame_012,frame_002,12,2,40,-10,False,False,264,"Cardigan, Cardigan Welsh corgi",0.3433294687240472,1.069064742633468,0.6805108189582825,0.31948918104171753,0.07566648075927877,4.442081734714229,0.05387931034482758,0.5223808999734608,9.695389503507434
frame_012,frame_003,12,3,40,-9,False,True,157,papillon,0.20089073177223193,1.6049941417633524,0.661342442035675,0.33865755796432495,0.06431633204191413,4.476847493491894,0.0625,0.5691229491289715,9.105967186063545
frame_012,frame_004,12,4,40,-8,True,False,843,swing,0.8876100875175972,0.11922272305182391,0.9029132127761841,0.09708678722381592,0.04845804627516192,4.868475111376499,0.11206896551724138,0.6434638886404299,5.741677775560759
frame_012,frame_005,12,5,40,-7,False,False,843,swing,0.6798033760840707,0.38595167544226405,0.794033944606781,0.205966055393219,0.08086734091720704,4.7889970008133265,0.14224137931034483,0.6428907691568191,4.519716922557031
frame_012,frame_006,12,6,40,-6,False,False,232,Border collie,0.43726057639049515,0.8272259769471555,0.8199623227119446,0.18003767728805542,0.06736513076332955,4.566243533173634,0.1853448275862069,0.7168772467418849,3.8678028196306347
frame_012,frame_007,12,7,40,-5,False,False,232,Border collie,0.3664198834913445,1.0039753804838714,0.7503710985183716,0.24962890148162842,0.07143507110188585,4.29952205656382,0.14439655172413793,0.7469824470584072,5.173132170673148
frame_012,frame_008,12,8,40,-4,False,False,217,"English springer, English springer spaniel",0.3548092000842764,1.0361750985439002,0.7138270735740662,0.28617292642593384,0.05956646247649901,4.5952447023987215,0.1314655172413793,0.737277525042724,5.608143797046294
frame_012,frame_009,12,9,40,-3,False,False,843,swing,0.5542190647978037,0.5901952465714992,0.7417099475860596,0.25829005241394043,0.04321368873707528,5.033364627861753,0.1206896551724138,0.61524291293593,5.097726992897706
frame_012,frame_010,12,10,40,-2,False,False,843,swing,0.7432990718627445,0.296656795922805,0.8044918775558472,0.19550812244415283,0.03682009105252294,5.14907344498819,0.1314655172413793,0.532849218008973,4.05314815010104
frame_012,frame_011,12,11,40,-1,False,False,843,swing,0.494094261486086,0.7050289672717767,0.732085108757019,0.26791489124298096,0.03902270750808165,5.051093335930407,0.1314655172413793,0.6069552055555899,4.616839596357274
frame_012,frame_000,12,0,50,-12,False,False,217,"English springer, English springer spaniel",0.3479149040130373,1.0557973578078481,0.7341347932815552,0.2658652067184448,0.06916724097238082,5.187582677850805,0.10129310344827586,0.06496683416342783,0.6413747032304364
frame_012,frame_001,12,1,50,-11,True,False,264,"Cardigan, Cardigan Welsh corgi",0.8044999218203579,0.2175344097276306,0.8699735403060913,0.1300264596939087,0.03596536090375719,5.237628369494113,0.07327586206896551,0.06971225667797365,0.9513672676052876
frame_012,frame_002,12,2,50,-10,False,False,264,"Cardigan, Cardigan Welsh corgi",0.40152356120697297,0.912489064360752,0.7190396785736084,0.2809603214263916,0.04356586215661423,5.288519217705214,0.05387931034482758,0.054747391082059005,1.0161115784830153
frame_012,frame_003,12,3,50,-9,False,False,157,papillon,0.3236380948430102,1.1281293787147182,0.6796850562095642,0.3203149437904358,0.055871069477342813,5.303344768252524,0.0625,0.041933852893627846,0.6709416462980455
frame_012,frame_004,12,4,50,-8,False,False,843,swing,0.21662680044519625,1.5295792196355107,0.6114838123321533,0.3885161876678467,0.0424229053595846,5.1870187666129395,0.11206896551724138,0.04858590295607719,0.43353574945422724
frame_012,frame_005,12,5,50,-7,False,False,157,papillon,0.3461824337718234,1.0607893776434016,0.6588254570960999,0.34117454290390015,0.04515165066168192,5.257425462446394,0.14224137931034483,0.08077884090032392,0.5678997299659135
frame_012,frame_006,12,6,50,-6,False,False,232,Border collie,0.42489850906651994,0.8559049407719286,0.8024780750274658,0.19752192497253418,0.0394773369797118,5.3059380324294025,0.1853448275862069,0.151788551018971,0.81895218224189
frame_012,frame_007,12,7,50,-5,False,False,217,"English springer, English springer spaniel",0.5023117149833558,0.6885344058157348,0.7921950817108154,0.20780491828918457,0.03261600728568801,5.4027270364869935,0.14439655172413793,0.10558537018127201,0.7312180860314957
frame_012,frame_008,12,8,50,-4,False,False,217,"English springer, English springer spaniel",0.6660106204626458,0.4064496619282849,0.8051934242248535,0.19480657577514648,0.026890084101230734,5.40437179072641,0.1314655172413793,0.0841565254822346,0.6401414397337188
frame_012,frame_009,12,9,50,-3,False,False,157,papillon,0.3653047587597041,1.007023318275047,0.6683807373046875,0.3316192626953125,0.05422163497587748,5.1756498095771315,0.1206896551724138,0.043709493372241,0.3621643736557111
frame_012,frame_010,12,10,50,-2,False,True,261,keeshond,0.19055594013719332,1.6578094785076765,0.5870903730392456,0.4129096269607544,0.05007477205513692,5.2023398590466385,0.1314655172413793,0.030938220826188592,0.23533335185822143
frame_012,frame_011,12,11,50,-1,False,False,231,collie,0.3761394464549211,0.9777953361156931,0.6441036462783813,0.35589635372161865,0.06582222196912699,5.122580326710722,0.1314655172413793,0.03875231138232433,0.29477168002292603
