method,tick,sample_id,label,class_sample_index,same_mean,different_mean,same_minus_different
community_nmi,1,class091-coucal-sample00-src00000,91,0,0.4701663344768701,0.40008893048286687,0.07007740399400325
community_nmi,1,class091-coucal-sample01-src00316,91,1,0.2718427432004535,0.44578303010581966,-0.17394028690536617
community_nmi,1,class091-coucal-sample02-src01583,91,2,0.298116629300357,0.5671872864196961,-0.2690706571193391
community_nmi,1,class091-coucal-sample03-src01629,91,3,0.357615268892832,0.23463421267535955,0.12298105621747246
community_nmi,1,class091-coucal-sample04-src03448,91,4,0.036488963579767116,0.2529929558371616,-0.21650399225739447
community_nmi,1,class171-Italian_greyhound-sample00-src00001,171,0,0.0901193293483515,0.21519240913529236,-0.12507307978694088
community_nmi,1,class171-Italian_greyhound-sample01-src02164,171,1,0.2312108373028225,0.4381981127401969,-0.20698727543737439
community_nmi,1,class171-Italian_greyhound-sample02-src02599,171,2,0.4574376135916892,0.3766473617334989,0.08079025185819033
community_nmi,1,class171-Italian_greyhound-sample03-src02775,171,3,0.43648400745150967,0.22407911691210672,0.21240489053940295
community_nmi,1,class171-Italian_greyhound-sample04-src03793,171,4,0.27665847643021935,0.3998009401078571,-0.12314246367763776
community_nmi,1,class505-coffeepot-sample00-src00013,505,0,0.33931953344231036,0.41236409754896197,-0.07304456410665161
community_nmi,1,class505-coffeepot-sample01-src01487,505,1,0.2946483259572116,0.3562566525024237,-0.061608326545212144
community_nmi,1,class505-coffeepot-sample02-src02782,505,2,0.32811167592075796,0.38777046095325235,-0.05965878503249439
community_nmi,1,class505-coffeepot-sample03-src05563,505,3,0.38895346785359697,0.3353746112018151,0.05357885665178186
community_nmi,1,class505-coffeepot-sample04-src05824,505,4,0.32748764288976767,0.44481991775954477,-0.1173322748697771
community_nmi,1,class817-sports_car-sample00-src00019,817,0,0.3499017947111716,0.3500303919472794,-0.00012859723610780804
community_nmi,1,class817-sports_car-sample01-src00787,817,1,0.3574093062995725,0.34473526745947847,0.012674038840094048
community_nmi,1,class817-sports_car-sample02-src02853,817,2,0.3468244434740126,0.3897970128910885,-0.04297256941707589
community_nmi,1,class817-sports_car-sample03-src04513,817,3,0.3159903134903218,0.3517409447571079,-0.03575063126678607
community_nmi,1,class817-sports_car-sample04-src04549,817,4,0.2743506937090774,0.3785651135035085,-0.10421441979443113
community_nmi,1,class980-volcano-sample00-src00002,980,0,0.43745445071227007,0.3066728719154081,0.13078157879686197
community_nmi,1,class980-volcano-sample01-src00863,980,1,0.3332245547052465,0.34466005704723573,-0.011435502341989257
community_nmi,1,class980-volcano-sample02-src01265,980,2,0.4965077937343523,0.41003031854682864,0.08647747518752363
community_nmi,1,class980-volcano-sample03-src01422,980,3,0.2403373523440203,0.3841215092824603,-0.14378415693844002
community_nmi,1,class980-volcano-sample04-src01813,980,4,0.5685043855303202,0.24738365297956877,0.32112073255075146
community_ari,1,class091-coucal-sample00-src00000,91,0,0.5360320676117891,0.46583611423092686,0.07019595338086226
community_ari,1,class091-coucal-sample01-src00316,91,1,0.2627010396516986,0.4895654578009451,-0.22686441814924652
community_ari,1,class091-coucal-sample02-src01583,91,2,0.2253576961464394,0.6100092067608199,-0.3846515106143805
community_ari,1,class091-coucal-sample03-src01629,91,3,0.16557128412537914,0.0787184894445963,0.08685279468078283
community_ari,1,class091-coucal-sample04-src03448,91,4,0.033646319188492764,0.24189691491738713,-0.20825059572889437
community_ari,1,class171-Italian_greyhound-sample00-src00001,171,0,-0.05102898920532083,0.06989619250284504,-0.12092518170816587
community_ari,1,class171-Italian_greyhound-sample01-src02164,171,1,0.13833104014057554,0.5153783930230433,-0.3770473528824678
community_ari,1,class171-Italian_greyhound-sample02-src02599,171,2,0.4090469351378132,0.37986055410549535,0.029186381032317854
community_ari,1,class171-Italian_greyhound-sample03-src02775,171,3,0.3275941992004763,0.06350430908505118,0.2640898901154251
community_ari,1,class171-Italian_greyhound-sample04-src03793,171,4,0.25431891009424995,0.4722572375917037,-0.21793832749745373
community_ari,1,class505-coffeepot-sample00-src00013,505,0,0.4135000542176175,0.4876257752288544,-0.07412572101123693
community_ari,1,class505-coffeepot-sample01-src01487,505,1,0.38380973862510614,0.3962229006509372,-0.012413162025831037
community_ari,1,class505-coffeepot-sample02-src02782,505,2,0.43613846246686633,0.41131391935803485,0.024824543108831476
community_ari,1,class505-coffeepot-sample03-src05563,505,3,0.43005486003448457,0.3436794192569549,0.08637544077752968
community_ari,1,class505-coffeepot-sample04-src05824,505,4,0.4214809697707647,0.48743651398887655,-0.06595554421811184
community_ari,1,class817-sports_car-sample00-src00019,817,0,0.4710582364012032,0.3880713812779487,0.08298685512325449
community_ari,1,class817-sports_car-sample01-src00787,817,1,0.45592692058867074,0.32590956976327223,0.1300173508253985
community_ari,1,class817-sports_car-sample02-src02853,817,2,0.47267693716911835,0.4658782418683357,0.006798695300782642
community_ari,1,class817-sports_car-sample03-src04513,817,3,0.4299925761401822,0.3381725079340393,0.09182006820614291
community_ari,1,class817-sports_car-sample04-src04549,817,4,0.3855372758623688,0.4151093521465179,-0.029572076284149096
community_ari,1,class980-volcano-sample00-src00002,980,0,0.5123318657679807,0.3249523310026158,0.18737953476536495
community_ari,1,class980-volcano-sample01-src00863,980,1,0.24511920321549463,0.4234728469586487,-0.17835364374315404
community_ari,1,class980-volcano-sample02-src01265,980,2,0.5931562399555701,0.43508707045155565,0.15806916950401445
community_ari,1,class980-volcano-sample03-src01422,980,3,0.32721064600977,0.42727246867744845,-0.10006182266767844
community_ari,1,class980-volcano-sample04-src01813,980,4,0.375,0.038429507565850216,0.33657049243414977
delta_con,1,class091-coucal-sample00-src00000,91,0,0.15961712948234286,0.16530753347183935,-0.005690403989496495
delta_con,1,class091-coucal-sample01-src00316,91,1,0.16249375775672842,0.17507059471353675,-0.012576836956808335
delta_con,1,class091-coucal-sample02-src01583,91,2,0.1565962526900908,0.16492600488196552,-0.008329752191874706
delta_con,1,class091-coucal-sample03-src01629,91,3,0.13272021102039422,0.12050027366324109,0.012219937357153127
delta_con,1,class091-coucal-sample04-src03448,91,4,0.13501997201381344,0.12216251667656075,0.012857455337252688
delta_con,1,class171-Italian_greyhound-sample00-src00001,171,0,0.12515700039065103,0.12125897035158224,0.0038980300390687866
delta_con,1,class171-Italian_greyhound-sample01-src02164,171,1,0.14902391304934812,0.1508306380863795,-0.001806725037031387
delta_con,1,class171-Italian_greyhound-sample02-src02599,171,2,0.1512288974149228,0.15583446439453988,-0.004605566979617087
delta_con,1,class171-Italian_greyhound-sample03-src02775,171,3,0.13153631382069383,0.13200883638313768,-0.0004725225624438445
delta_con,1,class171-Italian_greyhound-sample04-src03793,171,4,0.14507465819771329,0.1570250116552094,-0.011950353457496121
delta_con,1,class505-coffeepot-sample00-src00013,505,0,0.16768075858633502,0.14914301185501744,0.018537746731317584
delta_con,1,class505-coffeepot-sample01-src01487,505,1,0.1626800520267566,0.1480775097711504,0.014602542255606199
delta_con,1,class505-coffeepot-sample02-src02782,505,2,0.16321325736972014,0.14698502451040601,0.01622823285931413
delta_con,1,class505-coffeepot-sample03-src05563,505,3,0.15935181202465812,0.15156557815684904,0.007786233867809078
delta_con,1,class505-coffeepot-sample04-src05824,505,4,0.17115896121513474,0.1549172167857241,0.01624174442941065
delta_con,1,class817-sports_car-sample00-src00019,817,0,0.16798250683604293,0.14397861431638842,0.024003892519654513
delta_con,1,class817-sports_car-sample01-src00787,817,1,0.1678172068467934,0.15733174730517335,0.010485459541620057
delta_con,1,class817-sports_car-sample02-src02853,817,2,0.16425849543176368,0.14783859344210667,0.01641990198965701
delta_con,1,class817-sports_car-sample03-src04513,817,3,0.17366049485303514,0.15377875072292607,0.01988174413010907
delta_con,1,class817-sports_car-sample04-src04549,817,4,0.17488113733632193,0.16434676661918995,0.01053437071713198
delta_con,1,class980-volcano-sample00-src00002,980,0,0.17380905927013415,0.15354652237762179,0.020262536892512367
delta_con,1,class980-volcano-sample01-src00863,980,1,0.17341487632068375,0.16421315570937972,0.009201720611304032
delta_con,1,class980-volcano-sample02-src01265,980,2,0.18019432667794005,0.1620216812309879,0.018172645446952157
delta_con,1,class980-volcano-sample03-src01422,980,3,0.18601633159904662,0.16758243391218397,0.018433897686862655
delta_con,1,class980-volcano-sample04-src01813,980,4,0.125114528131007,0.12778475839544437,-0.0026702302644373566
delta_con_attr,1,class091-coucal-sample00-src00000,91,0,0.8886282230151644,0.9198780457107235,-0.031249822695559093
delta_con_attr,1,class091-coucal-sample01-src00316,91,1,0.8826170180337252,0.9250025064543852,-0.042385488420660034
delta_con_attr,1,class091-coucal-sample02-src01583,91,2,0.8845970238517578,0.9170060716540552,-0.032409047802297475
delta_con_attr,1,class091-coucal-sample03-src01629,91,3,0.8546820603009728,0.8270378528378816,0.027644207463091264
delta_con_attr,1,class091-coucal-sample04-src03448,91,4,0.854983450922981,0.8277570582214618,0.027226392701519164
delta_con_attr,1,class171-Italian_greyhound-sample00-src00001,171,0,0.8410440602812166,0.8309746329581591,0.01006942732305749
delta_con_attr,1,class171-Italian_greyhound-sample01-src02164,171,1,0.8708704621458212,0.9080190452171951,-0.03714858307137392
delta_con_attr,1,class171-Italian_greyhound-sample02-src02599,171,2,0.8859511635294577,0.9150858126618979,-0.029134649132440238
delta_con_attr,1,class171-Italian_greyhound-sample03-src02775,171,3,0.8501473506035653,0.843930813291798,0.006216537311767301
delta_con_attr,1,class171-Italian_greyhound-sample04-src03793,171,4,0.8794200425670844,0.9162156273945831,-0.03679558482749867
delta_con_attr,1,class505-coffeepot-sample00-src00013,505,0,0.9396632819223283,0.9071484065251635,0.0325148753971648
delta_con_attr,1,class505-coffeepot-sample01-src01487,505,1,0.9370406702599907,0.9030453345952936,0.033995335664697146
delta_con_attr,1,class505-coffeepot-sample02-src02782,505,2,0.9381510755770478,0.9038489016321618,0.034302173944885994
delta_con_attr,1,class505-coffeepot-sample03-src05563,505,3,0.932100068899341,0.9059865331691412,0.02611353573019981
delta_con_attr,1,class505-coffeepot-sample04-src05824,505,4,0.9408003788077943,0.9097374968046296,0.03106288200316476
delta_con_attr,1,class817-sports_car-sample00-src00019,817,0,0.9213944761632229,0.8850510514617195,0.036343424701503424
delta_con_attr,1,class817-sports_car-sample01-src00787,817,1,0.9287860250150173,0.9096054072202786,0.019180617794738675
delta_con_attr,1,class817-sports_car-sample02-src02853,817,2,0.9323041785262753,0.8955733420829853,0.036730836443290005
delta_con_attr,1,class817-sports_car-sample03-src04513,817,3,0.9335963507933773,0.9040130382884091,0.029583312504968262
delta_con_attr,1,class817-sports_car-sample04-src04549,817,4,0.9325630698289905,0.9107547874908051,0.021808282338185436
delta_con_attr,1,class980-volcano-sample00-src00002,980,0,0.9157550155878387,0.9118067252614687,0.0039482903263700075
delta_con_attr,1,class980-volcano-sample01-src00863,980,1,0.9192684371706829,0.911366625779267,0.00790181139141588
delta_con_attr,1,class980-volcano-sample02-src01265,980,2,0.9184794483930933,0.9151784763592914,0.0033009720338018633
delta_con_attr,1,class980-volcano-sample03-src01422,980,3,0.9244529977283709,0.9181575655403259,0.006295432188044958
delta_con_attr,1,class980-volcano-sample04-src01813,980,4,0.813222396743115,0.8421415060310815,-0.028919109287966482
ged_approx,1,class091-coucal-sample00-src00000,91,0,0.18280973399658296,0.23236680549238703,-0.04955707149580407
ged_approx,1,class091-coucal-sample01-src00316,91,1,0.16909892175162045,0.2610742333001627,-0.09197531154854227
ged_approx,1,class091-coucal-sample02-src01583,91,2,0.1682683108761464,0.24131701654541743,-0.07304870566927102
ged_approx,1,class091-coucal-sample03-src01629,91,3,0.05617807970762942,0.020042400380697305,0.03613567932693211
ged_approx,1,class091-coucal-sample04-src03448,91,4,0.05712025997131445,0.026024051644523545,0.031096208326790907
ged_approx,1,class171-Italian_greyhound-sample00-src00001,171,0,0.028618723753152137,0.02299269182114317,0.005626031932008967
ged_approx,1,class171-Italian_greyhound-sample01-src02164,171,1,0.20771761195699529,0.1954485219341948,0.012269090022800494
ged_approx,1,class171-Italian_greyhound-sample02-src02599,171,2,0.1994586533689106,0.19811346328617452,0.0013451900827360919
ged_approx,1,class171-Italian_greyhound-sample03-src02775,171,3,0.02627401348715458,0.01840244855143383,0.007871564935720748
ged_approx,1,class171-Italian_greyhound-sample04-src03793,171,4,0.13661137106617818,0.22944825878677397,-0.09283688772059578
ged_approx,1,class505-coffeepot-sample00-src00013,505,0,0.33155122011161564,0.192347185518199,0.13920403459341665
ged_approx,1,class505-coffeepot-sample01-src01487,505,1,0.3321014905686135,0.18393523898471115,0.14816625158390234
ged_approx,1,class505-coffeepot-sample02-src02782,505,2,0.3181618366127278,0.17619433594972495,0.14196750066300284
ged_approx,1,class505-coffeepot-sample03-src05563,505,3,0.27117547271559017,0.1919600518463699,0.07921542086922026
ged_approx,1,class505-coffeepot-sample04-src05824,505,4,0.32883315136945346,0.19876692773936963,0.13006622363008383
ged_approx,1,class817-sports_car-sample00-src00019,817,0,0.3166420325726776,0.1511975922767616,0.16544444029591598
ged_approx,1,class817-sports_car-sample01-src00787,817,1,0.26123578122302105,0.2386588467628262,0.022576934460194847
ged_approx,1,class817-sports_car-sample02-src02853,817,2,0.2887515661791812,0.1529248907535972,0.135826675425584
ged_approx,1,class817-sports_car-sample03-src04513,817,3,0.2992532516714435,0.1972470878549895,0.102006163816454
ged_approx,1,class817-sports_car-sample04-src04549,817,4,0.2938564380864782,0.2096330511640819,0.08422338692239631
ged_approx,1,class980-volcano-sample00-src00002,980,0,0.283182228501707,0.19531145063006503,0.08787077787164196
ged_approx,1,class980-volcano-sample01-src00863,980,1,0.2607546400321713,0.21700903357341908,0.04374560645875222
ged_approx,1,class980-volcano-sample02-src01265,980,2,0.28985274820252105,0.21161328631514928,0.07823946188737177
ged_approx,1,class980-volcano-sample03-src01422,980,3,0.31893112277477803,0.23040322623450532,0.08852789654027271
ged_approx,1,class980-volcano-sample04-src01813,980,4,2.220446049250313e-16,0.04008531324178357,-0.04008531324178335
wl_kernel,1,class091-coucal-sample00-src00000,91,0,0.0,0.0,0.0
wl_kernel,1,class091-coucal-sample01-src00316,91,1,0.0,0.0,0.0
wl_kernel,1,class091-coucal-sample02-src01583,91,2,0.0,0.0,0.0
wl_kernel,1,class091-coucal-sample03-src01629,91,3,0.0,0.0,0.0
wl_kernel,1,class091-coucal-sample04-src03448,91,4,0.0,0.0,0.0
wl_kernel,1,class171-Italian_greyhound-sample00-src00001,171,0,0.0,0.0,0.0
wl_kernel,1,class171-Italian_greyhound-sample01-src02164,171,1,0.0,0.0,0.0
wl_kernel,1,class171-Italian_greyhound-sample02-src02599,171,2,0.0,0.0,0.0
wl_kernel,1,class171-Italian_greyhound-sample03-src02775,171,3,0.0,0.0,0.0
wl_kernel,1,class171-Italian_greyhound-sample04-src03793,171,4,0.0,0.0,0.0
wl_kernel,1,class505-coffeepot-sample00-src00013,505,0,0.0,0.0,0.0
wl_kernel,1,class505-coffeepot-sample01-src01487,505,1,0.0,0.0,0.0
wl_kernel,1,class505-coffeepot-sample02-src02782,505,2,0.0,0.0,0.0
wl_kernel,1,class505-coffeepot-sample03-src05563,505,3,0.0,0.0,0.0
wl_kernel,1,class505-coffeepot-sample04-src05824,505,4,0.0,0.0,0.0
wl_kernel,1,class817-sports_car-sample00-src00019,817,0,0.0,0.0,0.0
wl_kernel,1,class817-sports_car-sample01-src00787,817,1,0.0,0.0,0.0
wl_kernel,1,class817-sports_car-sample02-src02853,817,2,0.0,0.0,0.0
wl_kernel,1,class817-sports_car-sample03-src04513,817,3,0.0,0.0,0.0
wl_kernel,1,class817-sports_car-sample04-src04549,817,4,0.0,0.0,0.0
wl_kernel,1,class980-volcano-sample00-src00002,980,0,0.0,0.0,0.0
wl_kernel,1,class980-volcano-sample01-src00863,980,1,0.0,0.0,0.0
wl_kernel,1,class980-volcano-sample02-src01265,980,2,0.0,0.0,0.0
wl_kernel,1,class980-volcano-sample03-src01422,980,3,0.0,0.0,0.0
wl_kernel,1,class980-volcano-sample04-src01813,980,4,0.0,0.0,0.0
gw_approx,1,class091-coucal-sample00-src00000,91,0,0.8302874403355294,0.8453288165810445,-0.015041376245515159
gw_approx,1,class091-coucal-sample01-src00316,91,1,0.7915654959275997,0.8090808713592006,-0.017515375431600866
gw_approx,1,class091-coucal-sample02-src01583,91,2,0.8269367483242207,0.8443950353779135,-0.01745828705369279
gw_approx,1,class091-coucal-sample03-src01629,91,3,0.7918817599364336,0.8142038223921505,-0.022322062455716885
gw_approx,1,class091-coucal-sample04-src03448,91,4,0.803149591625315,0.8349491504324595,-0.03179955880714458
gw_approx,1,class171-Italian_greyhound-sample00-src00001,171,0,0.8310892446505176,0.7840351000006333,0.04705414464988433
gw_approx,1,class171-Italian_greyhound-sample01-src02164,171,1,0.8620318927744279,0.8220206666317742,0.04001122614265373
gw_approx,1,class171-Italian_greyhound-sample02-src02599,171,2,0.8577391947695573,0.8443170980375478,0.013422096732009448
gw_approx,1,class171-Italian_greyhound-sample03-src02775,171,3,0.7767179927169141,0.8339930728120739,-0.0572750800951598
gw_approx,1,class171-Italian_greyhound-sample04-src03793,171,4,0.8571557992085426,0.8397919910159342,0.01736380819260841
gw_approx,1,class505-coffeepot-sample00-src00013,505,0,0.8596367017810831,0.8546188228286932,0.00501787895238992
gw_approx,1,class505-coffeepot-sample01-src01487,505,1,0.852564226657769,0.8302622728633182,0.02230195379445077
gw_approx,1,class505-coffeepot-sample02-src02782,505,2,0.8771965690541162,0.8485085969351663,0.02868797211894991
gw_approx,1,class505-coffeepot-sample03-src05563,505,3,0.8551439375796841,0.8179996904516372,0.03714424712804687
gw_approx,1,class505-coffeepot-sample04-src05824,505,4,0.8500577659072905,0.8334923633641033,0.01656540254318728
gw_approx,1,class817-sports_car-sample00-src00019,817,0,0.7790780985337074,0.786480744292068,-0.007402645758360693
gw_approx,1,class817-sports_car-sample01-src00787,817,1,0.8010910381093216,0.8631733392140424,-0.062082301104720794
gw_approx,1,class817-sports_car-sample02-src02853,817,2,0.7673540489433567,0.7661092562088011,0.0012447927345555776
gw_approx,1,class817-sports_car-sample03-src04513,817,3,0.7975400526011017,0.8527175043166431,-0.05517745171554134
gw_approx,1,class817-sports_car-sample04-src04549,817,4,0.7386447682078562,0.771202954692639,-0.032558186484782814
gw_approx,1,class980-volcano-sample00-src00002,980,0,0.8629805590950045,0.854780222360005,0.008200336734999536
gw_approx,1,class980-volcano-sample01-src00863,980,1,0.8430736460656468,0.8021952855861638,0.04087836047948301
gw_approx,1,class980-volcano-sample02-src01265,980,2,0.8525187074331304,0.8149566478843606,0.03756205954876979
gw_approx,1,class980-volcano-sample03-src01422,980,3,0.8661364006392186,0.8114691792446761,0.0546672213945425
gw_approx,1,class980-volcano-sample04-src01813,980,4,0.83471123426172,0.8600042580327516,-0.025293023771031597
dynamic_trajectory,1,class091-coucal-sample00-src00000,91,0,0.0,0.0,0.0
dynamic_trajectory,1,class091-coucal-sample01-src00316,91,1,0.0,0.0,0.0
dynamic_trajectory,1,class091-coucal-sample02-src01583,91,2,0.0,0.0,0.0
dynamic_trajectory,1,class091-coucal-sample03-src01629,91,3,0.0,0.0,0.0
dynamic_trajectory,1,class091-coucal-sample04-src03448,91,4,0.0,0.0,0.0
dynamic_trajectory,1,class171-Italian_greyhound-sample00-src00001,171,0,0.0,0.0,0.0
dynamic_trajectory,1,class171-Italian_greyhound-sample01-src02164,171,1,0.0,0.0,0.0
dynamic_trajectory,1,class171-Italian_greyhound-sample02-src02599,171,2,0.0,0.0,0.0
dynamic_trajectory,1,class171-Italian_greyhound-sample03-src02775,171,3,0.0,0.0,0.0
dynamic_trajectory,1,class171-Italian_greyhound-sample04-src03793,171,4,0.0,0.0,0.0
dynamic_trajectory,1,class505-coffeepot-sample00-src00013,505,0,0.0,0.0,0.0
dynamic_trajectory,1,class505-coffeepot-sample01-src01487,505,1,0.0,0.0,0.0
dynamic_trajectory,1,class505-coffeepot-sample02-src02782,505,2,0.0,0.0,0.0
dynamic_trajectory,1,class505-coffeepot-sample03-src05563,505,3,0.0,0.0,0.0
dynamic_trajectory,1,class505-coffeepot-sample04-src05824,505,4,0.0,0.0,0.0
dynamic_trajectory,1,class817-sports_car-sample00-src00019,817,0,0.0,0.0,0.0
dynamic_trajectory,1,class817-sports_car-sample01-src00787,817,1,0.0,0.0,0.0
dynamic_trajectory,1,class817-sports_car-sample02-src02853,817,2,0.0,0.0,0.0
dynamic_trajectory,1,class817-sports_car-sample03-src04513,817,3,0.0,0.0,0.0
dynamic_trajectory,1,class817-sports_car-sample04-src04549,817,4,0.0,0.0,0.0
dynamic_trajectory,1,class980-volcano-sample00-src00002,980,0,0.0,0.0,0.0
dynamic_trajectory,1,class980-volcano-sample01-src00863,980,1,0.0,0.0,0.0
dynamic_trajectory,1,class980-volcano-sample02-src01265,980,2,0.0,0.0,0.0
dynamic_trajectory,1,class980-volcano-sample03-src01422,980,3,0.0,0.0,0.0
dynamic_trajectory,1,class980-volcano-sample04-src01813,980,4,0.0,0.0,0.0
community_nmi,5,class091-coucal-sample00-src00000,91,0,0.3606370240092498,0.2663983904888187,0.0942386335204311
community_nmi,5,class091-coucal-sample01-src00316,91,1,0.3031060041085929,0.23359110273059444,0.06951490137799846
community_nmi,5,class091-coucal-sample02-src01583,91,2,0.26225058944460833,0.15292431192585426,0.10932627751875407
community_nmi,5,class091-coucal-sample03-src01629,91,3,0.3649743727029712,0.25024518613401947,0.1147291865689517
community_nmi,5,class091-coucal-sample04-src03448,91,4,0.3845484456944025,0.29376194587136806,0.09078649982303444
community_nmi,5,class171-Italian_greyhound-sample00-src00001,171,0,0.36761991090495066,0.2383115962976666,0.12930831460728406
community_nmi,5,class171-Italian_greyhound-sample01-src02164,171,1,0.39790963841394245,0.26669148808434645,0.131218150329596
community_nmi,5,class171-Italian_greyhound-sample02-src02599,171,2,0.455018283005851,0.26433669916340585,0.19068158384244516
community_nmi,5,class171-Italian_greyhound-sample03-src02775,171,3,0.35851507084934453,0.22002789279095342,0.1384871780583911
community_nmi,5,class171-Italian_greyhound-sample04-src03793,171,4,0.3307730499975786,0.2556217678749437,0.07515128212263494
community_nmi,5,class505-coffeepot-sample00-src00013,505,0,0.3283710792695876,0.23721081788010556,0.09116026138948202
community_nmi,5,class505-coffeepot-sample01-src01487,505,1,0.3824380932915038,0.2958321438060198,0.086605949485484
community_nmi,5,class505-coffeepot-sample02-src02782,505,2,0.3991423593194135,0.31527076064668313,0.08387159867273036
community_nmi,5,class505-coffeepot-sample03-src05563,505,3,0.337997330875645,0.3066294379892912,0.031367892886353776
community_nmi,5,class505-coffeepot-sample04-src05824,505,4,0.3151389837103835,0.21633479691223037,0.09880418679815314
community_nmi,5,class817-sports_car-sample00-src00019,817,0,0.24545145492798626,0.2350410573003308,0.010410397627655443
community_nmi,5,class817-sports_car-sample01-src00787,817,1,0.3160487442665604,0.2949840156395031,0.021064728627057272
community_nmi,5,class817-sports_car-sample02-src02853,817,2,0.15524774051047868,0.10509930468721436,0.05014843582326432
community_nmi,5,class817-sports_car-sample03-src04513,817,3,0.3348137813334298,0.2878972275629731,0.046916553770456726
community_nmi,5,class817-sports_car-sample04-src04549,817,4,0.363006029047985,0.3066400205053562,0.0563660085426288
community_nmi,5,class980-volcano-sample00-src00002,980,0,0.39649775590219183,0.2853837353936256,0.11111402050856622
community_nmi,5,class980-volcano-sample01-src00863,980,1,0.3896495917361653,0.25120728824230454,0.13844230349386077
community_nmi,5,class980-volcano-sample02-src01265,980,2,0.3780404765630728,0.3023848513242327,0.07565562523884012
community_nmi,5,class980-volcano-sample03-src01422,980,3,0.44207449935750814,0.2910091494867292,0.15106534987077896
community_nmi,5,class980-volcano-sample04-src01813,980,4,0.4604975328023644,0.2583574137188945,0.2021401190834699
community_ari,5,class091-coucal-sample00-src00000,91,0,0.4023563507157578,0.3029375640335371,0.0994187866822207
community_ari,5,class091-coucal-sample01-src00316,91,1,0.3526887524349234,0.27731894367658494,0.07536980875833849
community_ari,5,class091-coucal-sample02-src01583,91,2,0.3049139572633952,0.17112966426585746,0.13378429299753775
community_ari,5,class091-coucal-sample03-src01629,91,3,0.43163014259600085,0.30175589086626264,0.1298742517297382
community_ari,5,class091-coucal-sample04-src03448,91,4,0.4280732189189652,0.32792501223821097,0.10014820668075425
community_ari,5,class171-Italian_greyhound-sample00-src00001,171,0,0.4095038725382477,0.26195785507926905,0.14754601745897866
community_ari,5,class171-Italian_greyhound-sample01-src02164,171,1,0.45712034457348194,0.3198828261650728,0.13723751840840914
community_ari,5,class171-Italian_greyhound-sample02-src02599,171,2,0.4938142441895355,0.2790818239721517,0.2147324202173838
community_ari,5,class171-Italian_greyhound-sample03-src02775,171,3,0.39898502076476444,0.25824915724468334,0.1407358635200811
community_ari,5,class171-Italian_greyhound-sample04-src03793,171,4,0.3730847319013572,0.29087122484892464,0.08221350705243258
community_ari,5,class505-coffeepot-sample00-src00013,505,0,0.34749519689297326,0.26298429173212823,0.08451090516084503
community_ari,5,class505-coffeepot-sample01-src01487,505,1,0.44649656111915303,0.35205355722752624,0.0944430038916268
community_ari,5,class505-coffeepot-sample02-src02782,505,2,0.4565482000319488,0.3666962433072339,0.08985195672471491
community_ari,5,class505-coffeepot-sample03-src05563,505,3,0.35233200155345745,0.31806559538831947,0.034266406165137986
community_ari,5,class505-coffeepot-sample04-src05824,505,4,0.36506047294025906,0.2466795538898195,0.11838091905043957
community_ari,5,class817-sports_car-sample00-src00019,817,0,0.28659701160381024,0.2795617676259613,0.007035243977848937
community_ari,5,class817-sports_car-sample01-src00787,817,1,0.3639338228900884,0.3335767053239949,0.030357117566093494
community_ari,5,class817-sports_car-sample02-src02853,817,2,0.10929726984022173,0.08989672622508123,0.0194005436151405
community_ari,5,class817-sports_car-sample03-src04513,817,3,0.34207960493465295,0.3184770417066408,0.02360256322801213
community_ari,5,class817-sports_car-sample04-src04549,817,4,0.4131008409898408,0.35239371711594913,0.060707123873891655
community_ari,5,class980-volcano-sample00-src00002,980,0,0.42222665425209305,0.3402786819500063,0.08194797230208672
community_ari,5,class980-volcano-sample01-src00863,980,1,0.40806811423318445,0.26149311321740015,0.1465750010157843
community_ari,5,class980-volcano-sample02-src01265,980,2,0.3983159135070831,0.355150538856466,0.043165374650617094
community_ari,5,class980-volcano-sample03-src01422,980,3,0.4513581488143633,0.313934955582742,0.13742319323162133
community_ari,5,class980-volcano-sample04-src01813,980,4,0.48316795610290286,0.28187867514998544,0.20128928095291743
delta_con,5,class091-coucal-sample00-src00000,91,0,0.07254658501730057,0.06584973475258564,0.006696850264714935
delta_con,5,class091-coucal-sample01-src00316,91,1,0.07099843163917337,0.06841664989714066,0.0025817817420327044
delta_con,5,class091-coucal-sample02-src01583,91,2,0.07298549926115913,0.0677640527347293,0.005221446526429835
delta_con,5,class091-coucal-sample03-src01629,91,3,0.07252998554252066,0.06534360271408378,0.00718638282843688
delta_con,5,class091-coucal-sample04-src03448,91,4,0.07084032910647767,0.06372318893282783,0.0071171401736498385
delta_con,5,class171-Italian_greyhound-sample00-src00001,171,0,0.06910286189340557,0.06812024244890727,0.0009826194444983033
delta_con,5,class171-Italian_greyhound-sample01-src02164,171,1,0.06762052810438346,0.06442915782011924,0.003191370284264222
delta_con,5,class171-Italian_greyhound-sample02-src02599,171,2,0.06840579896245959,0.0626678687263498,0.005737930236109787
delta_con,5,class171-Italian_greyhound-sample03-src02775,171,3,0.06658615925819497,0.06184229302351106,0.0047438662346839106
delta_con,5,class171-Italian_greyhound-sample04-src03793,171,4,0.06842382882029555,0.06595103762907076,0.002472791191224788
delta_con,5,class505-coffeepot-sample00-src00013,505,0,0.06885446147473298,0.0657049727185123,0.0031494887562206753
delta_con,5,class505-coffeepot-sample01-src01487,505,1,0.06710469116482416,0.06399723764406054,0.003107453520763623
delta_con,5,class505-coffeepot-sample02-src02782,505,2,0.06688174969059432,0.0641882663363473,0.002693483354247017
delta_con,5,class505-coffeepot-sample03-src05563,505,3,0.06986687490744006,0.06782638291563677,0.0020404919918032977
delta_con,5,class505-coffeepot-sample04-src05824,505,4,0.07025623338137053,0.06665075658011378,0.0036054768012567517
delta_con,5,class817-sports_car-sample00-src00019,817,0,0.07634466214023111,0.06801318899987335,0.008331473140357759
delta_con,5,class817-sports_car-sample01-src00787,817,1,0.07385443872298894,0.06723187336688637,0.006622565356102575
delta_con,5,class817-sports_car-sample02-src02853,817,2,0.07273339407719207,0.06696808262506791,0.005765311452124153
delta_con,5,class817-sports_car-sample03-src04513,817,3,0.07627906782560234,0.06722282971162247,0.009056238113979875
delta_con,5,class817-sports_car-sample04-src04549,817,4,0.07295702806494847,0.06698307080996152,0.00597395725498695
delta_con,5,class980-volcano-sample00-src00002,980,0,0.07422463866789485,0.06714942641996775,0.007075212247927093
delta_con,5,class980-volcano-sample01-src00863,980,1,0.06767887067882367,0.06480377917230556,0.0028750915065181015
delta_con,5,class980-volcano-sample02-src01265,980,2,0.07677470707024783,0.06891471871710311,0.00785998835314472
delta_con,5,class980-volcano-sample03-src01422,980,3,0.07178192109955292,0.06427325458084136,0.007508666518711557
delta_con,5,class980-volcano-sample04-src01813,980,4,0.07614786551763747,0.06564477816202327,0.010503087355614199
delta_con_attr,5,class091-coucal-sample00-src00000,91,0,0.8644194491914694,0.8414715592301041,0.02294788996136532
delta_con_attr,5,class091-coucal-sample01-src00316,91,1,0.8450840079502764,0.8485223850509558,-0.0034383771006794017
delta_con_attr,5,class091-coucal-sample02-src01583,91,2,0.8680573352572669,0.8479322438228071,0.02012509143445984
delta_con_attr,5,class091-coucal-sample03-src01629,91,3,0.8599030425625118,0.8393510808213411,0.020551961741170688
delta_con_attr,5,class091-coucal-sample04-src03448,91,4,0.8579437465189634,0.8386637646525562,0.019279981866407225
delta_con_attr,5,class171-Italian_greyhound-sample00-src00001,171,0,0.826175510130432,0.8508346973549754,-0.02465918722454341
delta_con_attr,5,class171-Italian_greyhound-sample01-src02164,171,1,0.8206086949107073,0.8268793400621688,-0.006270645151461474
delta_con_attr,5,class171-Italian_greyhound-sample02-src02599,171,2,0.8419885878834366,0.825471009842531,0.01651757804090559
delta_con_attr,5,class171-Italian_greyhound-sample03-src02775,171,3,0.8310485650837799,0.8229622580251871,0.008086307058592812
delta_con_attr,5,class171-Italian_greyhound-sample04-src03793,171,4,0.8429740982928731,0.8523615097493339,-0.009387411456460826
delta_con_attr,5,class505-coffeepot-sample00-src00013,505,0,0.8530799013814623,0.8322310245812256,0.020848876800236726
delta_con_attr,5,class505-coffeepot-sample01-src01487,505,1,0.8519638458675922,0.8405533515693975,0.01141049429819474
delta_con_attr,5,class505-coffeepot-sample02-src02782,505,2,0.8567465983085263,0.8452424454374882,0.01150415287103812
delta_con_attr,5,class505-coffeepot-sample03-src05563,505,3,0.8549902571513467,0.8451113121556233,0.009878944995723393
delta_con_attr,5,class505-coffeepot-sample04-src05824,505,4,0.8517803238205753,0.833718627566638,0.018061696253937387
delta_con_attr,5,class817-sports_car-sample00-src00019,817,0,0.8598053259509553,0.8400231469727298,0.01978217897822543
delta_con_attr,5,class817-sports_car-sample01-src00787,817,1,0.861982103974738,0.848779858591608,0.013202245383129974
delta_con_attr,5,class817-sports_car-sample02-src02853,817,2,0.8484412390283289,0.839077769954043,0.009363469074285868
delta_con_attr,5,class817-sports_car-sample03-src04513,817,3,0.8604298276547152,0.838951162042628,0.021478665612087222
delta_con_attr,5,class817-sports_car-sample04-src04549,817,4,0.8501462228321951,0.837730692653141,0.012415530179054057
delta_con_attr,5,class980-volcano-sample00-src00002,980,0,0.8616196339224559,0.8412077277214893,0.020411906200966556
delta_con_attr,5,class980-volcano-sample01-src00863,980,1,0.846951848965205,0.811210945968635,0.03574090299657007
delta_con_attr,5,class980-volcano-sample02-src01265,980,2,0.8636452193796674,0.8479689557902639,0.01567626358940355
delta_con_attr,5,class980-volcano-sample03-src01422,980,3,0.8548354701559413,0.8458697904735594,0.008965679682381933
delta_con_attr,5,class980-volcano-sample04-src01813,980,4,0.8668530226745944,0.8391842087895347,0.027668813885059707
ged_approx,5,class091-coucal-sample00-src00000,91,0,0.23164792883125088,0.09884154024299273,0.13280638858825816
ged_approx,5,class091-coucal-sample01-src00316,91,1,0.16655487887003825,0.11006301449977882,0.05649186437025944
ged_approx,5,class091-coucal-sample02-src01583,91,2,0.1818151533230848,0.08222026084365272,0.09959489247943207
ged_approx,5,class091-coucal-sample03-src01629,91,3,0.21530615740775044,0.09852241529061526,0.11678374211713519
ged_approx,5,class091-coucal-sample04-src03448,91,4,0.25074851386512026,0.11294434620476952,0.13780416766035075
ged_approx,5,class171-Italian_greyhound-sample00-src00001,171,0,0.15092699594200587,0.09705546222562753,0.053871533716378345
ged_approx,5,class171-Italian_greyhound-sample01-src02164,171,1,0.1814666555930593,0.08064980508052014,0.10081685051253916
ged_approx,5,class171-Italian_greyhound-sample02-src02599,171,2,0.23483898728569955,0.08510732093476212,0.14973166635093743
ged_approx,5,class171-Italian_greyhound-sample03-src02775,171,3,0.18856804164534852,0.07032036880160314,0.11824767284374538
ged_approx,5,class171-Italian_greyhound-sample04-src03793,171,4,0.13671335467148135,0.10845490332307887,0.028258451348402477
ged_approx,5,class505-coffeepot-sample00-src00013,505,0,0.16467776131330195,0.08862079015767368,0.07605697115562826
ged_approx,5,class505-coffeepot-sample01-src01487,505,1,0.15953189287768435,0.07760283214774617,0.08192906072993818
ged_approx,5,class505-coffeepot-sample02-src02782,505,2,0.1620753974524083,0.087342819555978,0.07473257789643029
ged_approx,5,class505-coffeepot-sample03-src05563,505,3,0.1370072599127041,0.09288600031826223,0.04412125959444187
ged_approx,5,class505-coffeepot-sample04-src05824,505,4,0.13360696260153818,0.08921368303280026,0.04439327956873791
ged_approx,5,class817-sports_car-sample00-src00019,817,0,0.21420760280366458,0.09521188466987271,0.11899571813379187
ged_approx,5,class817-sports_car-sample01-src00787,817,1,0.18651856957040128,0.11953883742995242,0.06697973214044886
ged_approx,5,class817-sports_car-sample02-src02853,817,2,0.15550058995583413,0.06957534042056576,0.08592524953526837
ged_approx,5,class817-sports_car-sample03-src04513,817,3,0.1992320594438605,0.08733358122683635,0.11189847821702414
ged_approx,5,class817-sports_car-sample04-src04549,817,4,0.18337043327305783,0.09556348677184581,0.08780694650121201
ged_approx,5,class980-volcano-sample00-src00002,980,0,0.19736782308542306,0.10152112906401305,0.09584669402141001
ged_approx,5,class980-volcano-sample01-src00863,980,1,0.16425440450720574,0.08419106048443073,0.08006334402277501
ged_approx,5,class980-volcano-sample02-src01265,980,2,0.21988413946018726,0.11505191984533389,0.10483221961485337
ged_approx,5,class980-volcano-sample03-src01422,980,3,0.24180889571297765,0.10150174105731538,0.14030715465566226
ged_approx,5,class980-volcano-sample04-src01813,980,4,0.25780149446577055,0.1003007906951698,0.15750070377060077
wl_kernel,5,class091-coucal-sample00-src00000,91,0,0.0,0.0,0.0
wl_kernel,5,class091-coucal-sample01-src00316,91,1,0.0,0.0,0.0
wl_kernel,5,class091-coucal-sample02-src01583,91,2,0.0,0.0,0.0
wl_kernel,5,class091-coucal-sample03-src01629,91,3,0.0,0.0,0.0
wl_kernel,5,class091-coucal-sample04-src03448,91,4,0.0,0.0,0.0
wl_kernel,5,class171-Italian_greyhound-sample00-src00001,171,0,0.0,0.0,0.0
wl_kernel,5,class171-Italian_greyhound-sample01-src02164,171,1,0.0,0.0,0.0
wl_kernel,5,class171-Italian_greyhound-sample02-src02599,171,2,0.0,0.0,0.0
wl_kernel,5,class171-Italian_greyhound-sample03-src02775,171,3,0.0,0.0,0.0
wl_kernel,5,class171-Italian_greyhound-sample04-src03793,171,4,0.0,0.0,0.0
wl_kernel,5,class505-coffeepot-sample00-src00013,505,0,0.0,0.0,0.0
wl_kernel,5,class505-coffeepot-sample01-src01487,505,1,0.0,0.0,0.0
wl_kernel,5,class505-coffeepot-sample02-src02782,505,2,0.0,0.0,0.0
wl_kernel,5,class505-coffeepot-sample03-src05563,505,3,0.0,0.0,0.0
wl_kernel,5,class505-coffeepot-sample04-src05824,505,4,0.0,0.0,0.0
wl_kernel,5,class817-sports_car-sample00-src00019,817,0,0.0,0.0,0.0
wl_kernel,5,class817-sports_car-sample01-src00787,817,1,0.0,0.0,0.0
wl_kernel,5,class817-sports_car-sample02-src02853,817,2,0.0,0.0,0.0
wl_kernel,5,class817-sports_car-sample03-src04513,817,3,0.0,0.0,0.0
wl_kernel,5,class817-sports_car-sample04-src04549,817,4,0.0,0.0,0.0
wl_kernel,5,class980-volcano-sample00-src00002,980,0,0.0,0.0,0.0
wl_kernel,5,class980-volcano-sample01-src00863,980,1,0.0,0.0,0.0
wl_kernel,5,class980-volcano-sample02-src01265,980,2,0.0,0.0,0.0
wl_kernel,5,class980-volcano-sample03-src01422,980,3,0.0,0.0,0.0
wl_kernel,5,class980-volcano-sample04-src01813,980,4,0.0,0.0,0.0
gw_approx,5,class091-coucal-sample00-src00000,91,0,0.8424221456270194,0.8222955403935609,0.02012660523345855
gw_approx,5,class091-coucal-sample01-src00316,91,1,0.814094819976348,0.8199616250496662,-0.00586680507331816
gw_approx,5,class091-coucal-sample02-src01583,91,2,0.8266946163427138,0.80878684173445,0.01790777460826376
gw_approx,5,class091-coucal-sample03-src01629,91,3,0.8145376026880409,0.8100594899451574,0.0044781127428834555
gw_approx,5,class091-coucal-sample04-src03448,91,4,0.8236882066827906,0.8211732233891263,0.0025149832936642857
gw_approx,5,class171-Italian_greyhound-sample00-src00001,171,0,0.7098230252113977,0.8111907054804505,-0.10136768026905274
gw_approx,5,class171-Italian_greyhound-sample01-src02164,171,1,0.7862352508555102,0.7663279640103733,0.019907286845136873
gw_approx,5,class171-Italian_greyhound-sample02-src02599,171,2,0.7970524316099356,0.7657341770732216,0.031318254536713996
gw_approx,5,class171-Italian_greyhound-sample03-src02775,171,3,0.7468433756300199,0.6979239089045092,0.04891946672551073
gw_approx,5,class171-Italian_greyhound-sample04-src03793,171,4,0.7644017424715361,0.8392484019860825,-0.07484665951454639
gw_approx,5,class505-coffeepot-sample00-src00013,505,0,0.8194944650899626,0.8120917321074754,0.00740273298248717
gw_approx,5,class505-coffeepot-sample01-src01487,505,1,0.859874385331784,0.8327670510840287,0.027107334247755244
gw_approx,5,class505-coffeepot-sample02-src02782,505,2,0.8634286087342185,0.8193510607299442,0.044077548004274214
gw_approx,5,class505-coffeepot-sample03-src05563,505,3,0.7673706169756718,0.7885452890670115,-0.02117467209133972
gw_approx,5,class505-coffeepot-sample04-src05824,505,4,0.862078429476251,0.8109234963029633,0.051154933173287676
gw_approx,5,class817-sports_car-sample00-src00019,817,0,0.8530197653011646,0.821237285805441,0.03178247949572366
gw_approx,5,class817-sports_car-sample01-src00787,817,1,0.867522878218305,0.8052876442116308,0.06223523400667419
gw_approx,5,class817-sports_car-sample02-src02853,817,2,0.8552194038089154,0.8257813900072637,0.029438013801651675
gw_approx,5,class817-sports_car-sample03-src04513,817,3,0.871480981852772,0.8161292372162416,0.055351744636530364
gw_approx,5,class817-sports_car-sample04-src04549,817,4,0.8232362893416121,0.7913365484186516,0.03189974092296044
gw_approx,5,class980-volcano-sample00-src00002,980,0,0.8030272830804117,0.8310646990877449,-0.028037416007333227
gw_approx,5,class980-volcano-sample01-src00863,980,1,0.7594390783016598,0.754193695611304,0.005245382690355793
gw_approx,5,class980-volcano-sample02-src01265,980,2,0.7447963386840105,0.8006072903396481,-0.05581095165563754
gw_approx,5,class980-volcano-sample03-src01422,980,3,0.8112075739165887,0.8069711555798271,0.004236418336761583
gw_approx,5,class980-volcano-sample04-src01813,980,4,0.8269141257308955,0.8183478831032958,0.008566242627599752
dynamic_trajectory,5,class091-coucal-sample00-src00000,91,0,0.9288827851581043,0.9257321109358436,0.0031506742222606743
dynamic_trajectory,5,class091-coucal-sample01-src00316,91,1,0.898060978721279,0.9254992222496856,-0.027438243528406625
dynamic_trajectory,5,class091-coucal-sample02-src01583,91,2,0.9165390208439594,0.9302330920189071,-0.013694071174947697
dynamic_trajectory,5,class091-coucal-sample03-src01629,91,3,0.9176533136055205,0.8975939998100463,0.02005931379547421
dynamic_trajectory,5,class091-coucal-sample04-src03448,91,4,0.9125276898677077,0.8930586503041958,0.01946903956351187
dynamic_trajectory,5,class171-Italian_greyhound-sample00-src00001,171,0,0.8355854512137646,0.9161721483151382,-0.08058669710137356
dynamic_trajectory,5,class171-Italian_greyhound-sample01-src02164,171,1,0.904416294530544,0.9166675520680222,-0.012251257537478244
dynamic_trajectory,5,class171-Italian_greyhound-sample02-src02599,171,2,0.8953588239865263,0.8903629438259142,0.004995880160612143
dynamic_trajectory,5,class171-Italian_greyhound-sample03-src02775,171,3,0.8400095066458889,0.8170793287528259,0.022930177893063064
dynamic_trajectory,5,class171-Italian_greyhound-sample04-src03793,171,4,0.8919967581869328,0.9383801294503774,-0.046383371263444606
dynamic_trajectory,5,class505-coffeepot-sample00-src00013,505,0,0.9375988753831159,0.9300829668449417,0.0075159085381741875
dynamic_trajectory,5,class505-coffeepot-sample01-src01487,505,1,0.9178755707172565,0.926560848153084,-0.008685277435827587
dynamic_trajectory,5,class505-coffeepot-sample02-src02782,505,2,0.9342739387075095,0.9291451107341333,0.005128827973376215
dynamic_trajectory,5,class505-coffeepot-sample03-src05563,505,3,0.8647946762946944,0.8560893785667932,0.008705297727901185
dynamic_trajectory,5,class505-coffeepot-sample04-src05824,505,4,0.9239872472207172,0.921161576451903,0.002825670768814237
dynamic_trajectory,5,class817-sports_car-sample00-src00019,817,0,0.9450219293616884,0.9279452422124214,0.017076687149267022
dynamic_trajectory,5,class817-sports_car-sample01-src00787,817,1,0.9605326182241363,0.9034825415249736,0.05705007669916262
dynamic_trajectory,5,class817-sports_car-sample02-src02853,817,2,0.9584192149999968,0.8963233054219213,0.06209590957807554
dynamic_trajectory,5,class817-sports_car-sample03-src04513,817,3,0.941694238957159,0.9292211752023876,0.012473063754771418
dynamic_trajectory,5,class817-sports_car-sample04-src04549,817,4,0.9574969923901123,0.8954856355578071,0.06201135683230519
dynamic_trajectory,5,class980-volcano-sample00-src00002,980,0,0.900895886228406,0.9270054602578149,-0.026109574029408944
dynamic_trajectory,5,class980-volcano-sample01-src00863,980,1,0.8949547902478441,0.8881380704914139,0.006816719756430167
dynamic_trajectory,5,class980-volcano-sample02-src01265,980,2,0.887283319091979,0.9185487992791395,-0.031265480187160466
dynamic_trajectory,5,class980-volcano-sample03-src01422,980,3,0.9152627929199736,0.9064534376435434,0.00880935527643023
dynamic_trajectory,5,class980-volcano-sample04-src01813,980,4,0.9210926713565738,0.9224271687709094,-0.001334497414335556
community_nmi,10,class091-coucal-sample00-src00000,91,0,0.3912599475997578,0.2633796337517781,0.1278803138479797
community_nmi,10,class091-coucal-sample01-src00316,91,1,0.3358350367689871,0.2660110797131838,0.06982395705580335
community_nmi,10,class091-coucal-sample02-src01583,91,2,0.263721869111111,0.20151772623523317,0.06220414287587783
community_nmi,10,class091-coucal-sample03-src01629,91,3,0.3627647289411077,0.1816702557687123,0.18109447317239538
community_nmi,10,class091-coucal-sample04-src03448,91,4,0.39928560659645174,0.22152269956134724,0.1777629070351045
community_nmi,10,class171-Italian_greyhound-sample00-src00001,171,0,0.259918708606211,0.22111013399286947,0.03880857461334156
community_nmi,10,class171-Italian_greyhound-sample01-src02164,171,1,0.24750433020283255,0.23434245034279902,0.013161879860033532
community_nmi,10,class171-Italian_greyhound-sample02-src02599,171,2,0.2770168333368974,0.21414610057556743,0.06287073276132998
community_nmi,10,class171-Italian_greyhound-sample03-src02775,171,3,0.28264374554798877,0.17749255308006728,0.10515119246792148
community_nmi,10,class171-Italian_greyhound-sample04-src03793,171,4,0.2891357270053798,0.21307860409031137,0.07605712291506844
community_nmi,10,class505-coffeepot-sample00-src00013,505,0,0.39077355169539274,0.2695428671426553,0.12123068455273744
community_nmi,10,class505-coffeepot-sample01-src01487,505,1,0.400393388684898,0.24534902504391493,0.15504436364098306
community_nmi,10,class505-coffeepot-sample02-src02782,505,2,0.3965832499081232,0.25882255140939314,0.13776069849873007
community_nmi,10,class505-coffeepot-sample03-src05563,505,3,0.33271110276418125,0.25281995515073974,0.07989114761344152
community_nmi,10,class505-coffeepot-sample04-src05824,505,4,0.2199744439289397,0.1866590419757612,0.0333154019531785
community_nmi,10,class817-sports_car-sample00-src00019,817,0,0.3765986291605109,0.1710553421803005,0.2055432869802104
community_nmi,10,class817-sports_car-sample01-src00787,817,1,0.3718100701766156,0.2555626932692754,0.11624737690734022
community_nmi,10,class817-sports_car-sample02-src02853,817,2,0.3189298317229598,0.22031248782089477,0.09861734390206503
community_nmi,10,class817-sports_car-sample03-src04513,817,3,0.4430879631088488,0.21879597359859093,0.22429198951025786
community_nmi,10,class817-sports_car-sample04-src04549,817,4,0.4066642262493989,0.23552340269549701,0.1711408235539019
community_nmi,10,class980-volcano-sample00-src00002,980,0,0.25905474509614534,0.186581167025719,0.07247357807042634
community_nmi,10,class980-volcano-sample01-src00863,980,1,0.3393813518949714,0.22769784781258723,0.11168350408238414
community_nmi,10,class980-volcano-sample02-src01265,980,2,0.2932838357708117,0.14436768374752185,0.14891615202328984
community_nmi,10,class980-volcano-sample03-src01422,980,3,0.36785161412422523,0.23446363504582673,0.1333879790783985
community_nmi,10,class980-volcano-sample04-src01813,980,4,0.3027160634292525,0.1821275089256403,0.1205885545036122
community_ari,10,class091-coucal-sample00-src00000,91,0,0.47498826648666803,0.3081947339272023,0.16679353255946572
community_ari,10,class091-coucal-sample01-src00316,91,1,0.3848943592940432,0.3256262608145713,0.0592680984794719
community_ari,10,class091-coucal-sample02-src01583,91,2,0.34665742627353563,0.24235345084465995,0.10430397542887568
community_ari,10,class091-coucal-sample03-src01629,91,3,0.41998898551134317,0.19451611005134045,0.22547287546000272
community_ari,10,class091-coucal-sample04-src03448,91,4,0.4484884661332512,0.24705646043163734,0.20143200570161388
community_ari,10,class171-Italian_greyhound-sample00-src00001,171,0,0.29313499527326986,0.2660393271751665,0.027095668098103376
community_ari,10,class171-Italian_greyhound-sample01-src02164,171,1,0.26950314484729043,0.28065112142934234,-0.01114797658205191
community_ari,10,class171-Italian_greyhound-sample02-src02599,171,2,0.29135823354665163,0.24059255551816086,0.050765678028490774
community_ari,10,class171-Italian_greyhound-sample03-src02775,171,3,0.2872075844515253,0.1764022295903441,0.11080535486118118
community_ari,10,class171-Italian_greyhound-sample04-src03793,171,4,0.32399319109533464,0.23358470678096835,0.0904084843143663
community_ari,10,class505-coffeepot-sample00-src00013,505,0,0.47061734812596917,0.32172853910705707,0.1488888090189121
community_ari,10,class505-coffeepot-sample01-src01487,505,1,0.46934667396895036,0.2998865302568864,0.16946014371206397
community_ari,10,class505-coffeepot-sample02-src02782,505,2,0.4903629712424887,0.31134702439556594,0.17901594684692274
community_ari,10,class505-coffeepot-sample03-src05563,505,3,0.41511200100427215,0.30830840698603795,0.1068035940182342
community_ari,10,class505-coffeepot-sample04-src05824,505,4,0.25406859375653523,0.2142251477462655,0.039843446010269734
community_ari,10,class817-sports_car-sample00-src00019,817,0,0.466565503550181,0.203930333373859,0.262635170176322
community_ari,10,class817-sports_car-sample01-src00787,817,1,0.4543391904176818,0.3070783163456759,0.1472608740720059
community_ari,10,class817-sports_car-sample02-src02853,817,2,0.4142909469516072,0.2689206289980899,0.1453703179535173
community_ari,10,class817-sports_car-sample03-src04513,817,3,0.5404033487299256,0.25064825273423297,0.2897550959956926
community_ari,10,class817-sports_car-sample04-src04549,817,4,0.4975426754144101,0.294681472676853,0.2028612027375571
community_ari,10,class980-volcano-sample00-src00002,980,0,0.24863400407285963,0.19572685758281372,0.05290714649004591
community_ari,10,class980-volcano-sample01-src00863,980,1,0.3551999678549246,0.27615893027048544,0.07904103758443914
community_ari,10,class980-volcano-sample02-src01265,980,2,0.28142987291492266,0.14046700988186436,0.1409628630330583
community_ari,10,class980-volcano-sample03-src01422,980,3,0.3833520210732988,0.28625015729752706,0.09710186377577174
community_ari,10,class980-volcano-sample04-src01813,980,4,0.2887578112495685,0.18496327977365262,0.10379453147591589
delta_con,10,class091-coucal-sample00-src00000,91,0,0.06384199653096612,0.05612469141426637,0.007717305116699748
delta_con,10,class091-coucal-sample01-src00316,91,1,0.06125028934520151,0.05632699850255498,0.004923290842646533
delta_con,10,class091-coucal-sample02-src01583,91,2,0.06260237319871959,0.057090394601319136,0.005511978597400449
delta_con,10,class091-coucal-sample03-src01629,91,3,0.061631735410848126,0.05379838104023889,0.007833354370609238
delta_con,10,class091-coucal-sample04-src03448,91,4,0.062338607652587204,0.054510342614944696,0.007828265037642508
delta_con,10,class171-Italian_greyhound-sample00-src00001,171,0,0.06063084728019282,0.055675820775034114,0.004955026505158708
delta_con,10,class171-Italian_greyhound-sample01-src02164,171,1,0.06057581050569251,0.05478934817712242,0.005786462328570087
delta_con,10,class171-Italian_greyhound-sample02-src02599,171,2,0.06069212108323361,0.053065718774895354,0.007626402308338255
delta_con,10,class171-Italian_greyhound-sample03-src02775,171,3,0.0593764169818294,0.052741566120574124,0.006634850861255273
delta_con,10,class171-Italian_greyhound-sample04-src03793,171,4,0.061853883789808925,0.05751151428222153,0.004342369507587394
delta_con,10,class505-coffeepot-sample00-src00013,505,0,0.05822321253893868,0.055274633552097954,0.0029485789868407275
delta_con,10,class505-coffeepot-sample01-src01487,505,1,0.057484718090248285,0.05474384403723611,0.0027408740530121753
delta_con,10,class505-coffeepot-sample02-src02782,505,2,0.05802064599513801,0.05609306570729165,0.001927580287846356
delta_con,10,class505-coffeepot-sample03-src05563,505,3,0.05671185769550887,0.05524285651986538,0.0014690011756434904
delta_con,10,class505-coffeepot-sample04-src05824,505,4,0.057149305301659487,0.054852655789917715,0.002296649511741772
delta_con,10,class817-sports_car-sample00-src00019,817,0,0.05708184169684559,0.05321383413378235,0.0038680075630632416
delta_con,10,class817-sports_car-sample01-src00787,817,1,0.05964657854858986,0.05813606267252068,0.0015105158760691795
delta_con,10,class817-sports_car-sample02-src02853,817,2,0.05619315994429776,0.05390900665224785,0.002284153292049909
delta_con,10,class817-sports_car-sample03-src04513,817,3,0.0570071069961632,0.05216594824665003,0.004841158749513172
delta_con,10,class817-sports_car-sample04-src04549,817,4,0.058424967851872824,0.056392323677973644,0.00203264417389918
delta_con,10,class980-volcano-sample00-src00002,980,0,0.06034013288945275,0.055357588013046875,0.004982544876405877
delta_con,10,class980-volcano-sample01-src00863,980,1,0.05721655713230149,0.05609689483462728,0.001119662297674212
delta_con,10,class980-volcano-sample02-src01265,980,2,0.06073767438063056,0.05537970431772029,0.005357970062910271
delta_con,10,class980-volcano-sample03-src01422,980,3,0.058088698739438734,0.05294380558563487,0.005144893153803863
delta_con,10,class980-volcano-sample04-src01813,980,4,0.061798589086004184,0.05527539753076326,0.006523191555240927
delta_con_attr,10,class091-coucal-sample00-src00000,91,0,0.863937098581761,0.8335683619092331,0.03036873667252793
delta_con_attr,10,class091-coucal-sample01-src00316,91,1,0.8674689943330394,0.8425794321603919,0.024889562172647484
delta_con_attr,10,class091-coucal-sample02-src01583,91,2,0.8706415649068748,0.847642603264649,0.022998961642225813
delta_con_attr,10,class091-coucal-sample03-src01629,91,3,0.8618972379699306,0.835657282276492,0.02623995569343851
delta_con_attr,10,class091-coucal-sample04-src03448,91,4,0.877499892699122,0.8391176973012209,0.03838219539790111
delta_con_attr,10,class171-Italian_greyhound-sample00-src00001,171,0,0.8625159350052428,0.8426124214935612,0.019903513511681625
delta_con_attr,10,class171-Italian_greyhound-sample01-src02164,171,1,0.8634368196862525,0.8374576363921487,0.02597918329410387
delta_con_attr,10,class171-Italian_greyhound-sample02-src02599,171,2,0.8752114211740519,0.8502982647186089,0.02491315645544301
delta_con_attr,10,class171-Italian_greyhound-sample03-src02775,171,3,0.8657202965560252,0.8423341502977275,0.023386146258297713
delta_con_attr,10,class171-Italian_greyhound-sample04-src03793,171,4,0.8590025896462467,0.8362739744581364,0.0227286151881102
delta_con_attr,10,class505-coffeepot-sample00-src00013,505,0,0.8510216330975322,0.8296236023320945,0.02139803076543767
delta_con_attr,10,class505-coffeepot-sample01-src01487,505,1,0.8457157957207405,0.8304494071458379,0.01526638857490259
delta_con_attr,10,class505-coffeepot-sample02-src02782,505,2,0.8492479520398042,0.8376568114506904,0.011591140589113813
delta_con_attr,10,class505-coffeepot-sample03-src05563,505,3,0.8391969723954014,0.8413475330606707,-0.0021505606652693077
delta_con_attr,10,class505-coffeepot-sample04-src05824,505,4,0.8359926367090222,0.8394003618765928,-0.0034077251675705966
delta_con_attr,10,class817-sports_car-sample00-src00019,817,0,0.8223396965227392,0.8245264128387513,-0.002186716316012083
delta_con_attr,10,class817-sports_car-sample01-src00787,817,1,0.8202653630045991,0.8298247965104508,-0.009559433505851755
delta_con_attr,10,class817-sports_car-sample02-src02853,817,2,0.8159744510357574,0.8118582959152235,0.004116155120533871
delta_con_attr,10,class817-sports_car-sample03-src04513,817,3,0.8273067121734773,0.8328266689022195,-0.00551995672874217
delta_con_attr,10,class817-sports_car-sample04-src04549,817,4,0.8196240955843636,0.8173130529728573,0.0023110426115062754
delta_con_attr,10,class980-volcano-sample00-src00002,980,0,0.837690456214818,0.8253173711539175,0.012373085060900513
delta_con_attr,10,class980-volcano-sample01-src00863,980,1,0.8431662359599857,0.8318689291144687,0.011297306845516997
delta_con_attr,10,class980-volcano-sample02-src01265,980,2,0.8405652633935522,0.8362114104623611,0.00435385293119106
delta_con_attr,10,class980-volcano-sample03-src01422,980,3,0.8380408011265643,0.8434089268322225,-0.005368125705658144
delta_con_attr,10,class980-volcano-sample04-src01813,980,4,0.8523687103423692,0.8468693279290701,0.005499382413299059
ged_approx,10,class091-coucal-sample00-src00000,91,0,0.32467945384491864,0.15268318359153474,0.1719962702533839
ged_approx,10,class091-coucal-sample01-src00316,91,1,0.21228241842686502,0.1729811569279874,0.03930126149887761
ged_approx,10,class091-coucal-sample02-src01583,91,2,0.22988413426230428,0.12071550268288553,0.10916863157941875
ged_approx,10,class091-coucal-sample03-src01629,91,3,0.2813299734022172,0.12193808061082652,0.1593918927913907
ged_approx,10,class091-coucal-sample04-src03448,91,4,0.3251136481947329,0.1502382898327361,0.17487535836199677
ged_approx,10,class171-Italian_greyhound-sample00-src00001,171,0,0.2281906999440842,0.13841772944587052,0.08977297049821367
ged_approx,10,class171-Italian_greyhound-sample01-src02164,171,1,0.2770061656432906,0.13563229199374136,0.14137387364954926
ged_approx,10,class171-Italian_greyhound-sample02-src02599,171,2,0.30748579881473176,0.13292307997556718,0.17456271883916458
ged_approx,10,class171-Italian_greyhound-sample03-src02775,171,3,0.2687217909477983,0.12259869050288515,0.14612310044491317
ged_approx,10,class171-Italian_greyhound-sample04-src03793,171,4,0.2307560301355759,0.15155516516421524,0.07920086497136067
ged_approx,10,class505-coffeepot-sample00-src00013,505,0,0.2581267925957532,0.14958148494596538,0.10854530764978784
ged_approx,10,class505-coffeepot-sample01-src01487,505,1,0.24589077256294598,0.12509471690397564,0.12079605565897034
ged_approx,10,class505-coffeepot-sample02-src02782,505,2,0.2899580868974212,0.16525092534907185,0.12470716154834935
ged_approx,10,class505-coffeepot-sample03-src05563,505,3,0.2434647065767931,0.13569688152052356,0.10776782505626953
ged_approx,10,class505-coffeepot-sample04-src05824,505,4,0.20354624407049474,0.14180961839805745,0.06173662567243729
ged_approx,10,class817-sports_car-sample00-src00019,817,0,0.25592502268007394,0.10210783863066793,0.15381718404940603
ged_approx,10,class817-sports_car-sample01-src00787,817,1,0.22291653098363765,0.16992377510043669,0.05299275588320096
ged_approx,10,class817-sports_car-sample02-src02853,817,2,0.25329742437289393,0.1085318522067262,0.14476557216616773
ged_approx,10,class817-sports_car-sample03-src04513,817,3,0.2636002559687311,0.09840421279530662,0.16519604317342448
ged_approx,10,class817-sports_car-sample04-src04549,817,4,0.24389490331413052,0.1455009354298158,0.09839396788431473
ged_approx,10,class980-volcano-sample00-src00002,980,0,0.24576555731089775,0.13799561007021993,0.10776994724067782
ged_approx,10,class980-volcano-sample01-src00863,980,1,0.25741482256628356,0.14293375517833234,0.11448106738795122
ged_approx,10,class980-volcano-sample02-src01265,980,2,0.27240253773098577,0.12054142242731569,0.15186111530367008
ged_approx,10,class980-volcano-sample03-src01422,980,3,0.26328311925015435,0.1619452577031677,0.10133786154698665
ged_approx,10,class980-volcano-sample04-src01813,980,4,0.32396018955522904,0.12929838428046353,0.1946618052747655
wl_kernel,10,class091-coucal-sample00-src00000,91,0,0.0,0.0,0.0
wl_kernel,10,class091-coucal-sample01-src00316,91,1,0.0,0.0,0.0
wl_kernel,10,class091-coucal-sample02-src01583,91,2,0.0,0.0,0.0
wl_kernel,10,class091-coucal-sample03-src01629,91,3,0.0,0.0,0.0
wl_kernel,10,class091-coucal-sample04-src03448,91,4,0.0,0.0,0.0
wl_kernel,10,class171-Italian_greyhound-sample00-src00001,171,0,0.0,0.0,0.0
wl_kernel,10,class171-Italian_greyhound-sample01-src02164,171,1,0.0,0.0,0.0
wl_kernel,10,class171-Italian_greyhound-sample02-src02599,171,2,0.0,0.0,0.0
wl_kernel,10,class171-Italian_greyhound-sample03-src02775,171,3,0.0,0.0,0.0
wl_kernel,10,class171-Italian_greyhound-sample04-src03793,171,4,0.0,0.0,0.0
wl_kernel,10,class505-coffeepot-sample00-src00013,505,0,0.0,0.0,0.0
wl_kernel,10,class505-coffeepot-sample01-src01487,505,1,0.0,0.0,0.0
wl_kernel,10,class505-coffeepot-sample02-src02782,505,2,0.0,0.0,0.0
wl_kernel,10,class505-coffeepot-sample03-src05563,505,3,0.0,0.0,0.0
wl_kernel,10,class505-coffeepot-sample04-src05824,505,4,0.0,0.0,0.0
wl_kernel,10,class817-sports_car-sample00-src00019,817,0,0.0,0.0,0.0
wl_kernel,10,class817-sports_car-sample01-src00787,817,1,0.0,0.0,0.0
wl_kernel,10,class817-sports_car-sample02-src02853,817,2,0.0,0.0,0.0
wl_kernel,10,class817-sports_car-sample03-src04513,817,3,0.0,0.0,0.0
wl_kernel,10,class817-sports_car-sample04-src04549,817,4,0.0,0.0,0.0
wl_kernel,10,class980-volcano-sample00-src00002,980,0,0.0,0.0,0.0
wl_kernel,10,class980-volcano-sample01-src00863,980,1,0.0,0.0,0.0
wl_kernel,10,class980-volcano-sample02-src01265,980,2,0.0,0.0,0.0
wl_kernel,10,class980-volcano-sample03-src01422,980,3,0.0,0.0,0.0
wl_kernel,10,class980-volcano-sample04-src01813,980,4,0.0,0.0,0.0
gw_approx,10,class091-coucal-sample00-src00000,91,0,0.8832946880978468,0.8371545804925258,0.04614010760532106
gw_approx,10,class091-coucal-sample01-src00316,91,1,0.8662926881708113,0.8147435858047783,0.05154910236603294
gw_approx,10,class091-coucal-sample02-src01583,91,2,0.8662529892677123,0.8200053722627543,0.04624761700495805
gw_approx,10,class091-coucal-sample03-src01629,91,3,0.8215400079052844,0.8325275712627629,-0.010987563357478525
gw_approx,10,class091-coucal-sample04-src03448,91,4,0.8695064720865296,0.8587155829304365,0.010790889156093164
gw_approx,10,class171-Italian_greyhound-sample00-src00001,171,0,0.8701186170471854,0.8120181797964687,0.058100437250716674
gw_approx,10,class171-Italian_greyhound-sample01-src02164,171,1,0.8817915153722103,0.8430065688490638,0.03878494652314657
gw_approx,10,class171-Italian_greyhound-sample02-src02599,171,2,0.8565987183276711,0.8479538551070631,0.008644863220607979
gw_approx,10,class171-Italian_greyhound-sample03-src02775,171,3,0.8030369801597494,0.8450290568507697,-0.04199207669102023
gw_approx,10,class171-Italian_greyhound-sample04-src03793,171,4,0.8383841836645638,0.7803373619852477,0.058046821679316074
gw_approx,10,class505-coffeepot-sample00-src00013,505,0,0.9028081507418229,0.8402224048160292,0.06258574592579369
gw_approx,10,class505-coffeepot-sample01-src01487,505,1,0.9001729517201971,0.8080255869540368,0.09214736476616026
gw_approx,10,class505-coffeepot-sample02-src02782,505,2,0.9088277700329825,0.8467059599706592,0.06212181006232331
gw_approx,10,class505-coffeepot-sample03-src05563,505,3,0.9043009612944167,0.8507749722581031,0.05352598903631367
gw_approx,10,class505-coffeepot-sample04-src05824,505,4,0.8956509113745491,0.8016582498633638,0.09399266151118535
gw_approx,10,class817-sports_car-sample00-src00019,817,0,0.7821424356552353,0.7532687492092534,0.028873686445981983
gw_approx,10,class817-sports_car-sample01-src00787,817,1,0.7227762041116281,0.8442820976201737,-0.12150589350854557
gw_approx,10,class817-sports_car-sample02-src02853,817,2,0.7239843597606416,0.67444275445068,0.049541605309961545
gw_approx,10,class817-sports_car-sample03-src04513,817,3,0.7796795264709435,0.7836923462657989,-0.004012819794855349
gw_approx,10,class817-sports_car-sample04-src04549,817,4,0.7666465270996641,0.8662711394586253,-0.09962461235896125
gw_approx,10,class980-volcano-sample00-src00002,980,0,0.8444750955026141,0.8314957722206635,0.012979323281950617
gw_approx,10,class980-volcano-sample01-src00863,980,1,0.8377341381061435,0.846810998909573,-0.00907686080342951
gw_approx,10,class980-volcano-sample02-src01265,980,2,0.8026029078156641,0.7951931506040534,0.007409757211610746
gw_approx,10,class980-volcano-sample03-src01422,980,3,0.8201208698797623,0.8249574297113123,-0.004836559831549958
gw_approx,10,class980-volcano-sample04-src01813,980,4,0.8617043023743761,0.8548848342779765,0.006819468096399661
dynamic_trajectory,10,class091-coucal-sample00-src00000,91,0,0.9743329950220971,0.9427978053039325,0.0315351897181646
dynamic_trajectory,10,class091-coucal-sample01-src00316,91,1,0.9696314602029314,0.9447170436843327,0.024914416518598714
dynamic_trajectory,10,class091-coucal-sample02-src01583,91,2,0.9682527414705295,0.944675966529757,0.023576774940772482
dynamic_trajectory,10,class091-coucal-sample03-src01629,91,3,0.932661201553446,0.9155124024320941,0.01714879912135192
dynamic_trajectory,10,class091-coucal-sample04-src03448,91,4,0.9741601659697172,0.9427042965339686,0.03145586943574863
dynamic_trajectory,10,class171-Italian_greyhound-sample00-src00001,171,0,0.9806618080666916,0.9113076552201557,0.0693541528465359
dynamic_trajectory,10,class171-Italian_greyhound-sample01-src02164,171,1,0.9878983690116918,0.9236718760864132,0.0642264929252786
dynamic_trajectory,10,class171-Italian_greyhound-sample02-src02599,171,2,0.9895613346910127,0.9193201032493882,0.07024123144162453
dynamic_trajectory,10,class171-Italian_greyhound-sample03-src02775,171,3,0.9762517017092188,0.9345308997457444,0.041720801963474385
dynamic_trajectory,10,class171-Italian_greyhound-sample04-src03793,171,4,0.9894503443302952,0.9190222882014467,0.0704280561288485
dynamic_trajectory,10,class505-coffeepot-sample00-src00013,505,0,0.974179786793165,0.9069189862121073,0.06726080058105766
dynamic_trajectory,10,class505-coffeepot-sample01-src01487,505,1,0.9688964557512536,0.898330706924439,0.07056574882681466
dynamic_trajectory,10,class505-coffeepot-sample02-src02782,505,2,0.9694065190270458,0.9187642124122624,0.05064230661478342
dynamic_trajectory,10,class505-coffeepot-sample03-src05563,505,3,0.9368788941870699,0.9451301204081352,-0.008251226221065222
dynamic_trajectory,10,class505-coffeepot-sample04-src05824,505,4,0.9722728752800698,0.9012946983433157,0.07097817693675412
dynamic_trajectory,10,class817-sports_car-sample00-src00019,817,0,0.9140749608573725,0.9067931881098457,0.007281772747526838
dynamic_trajectory,10,class817-sports_car-sample01-src00787,817,1,0.8609406095677585,0.9191344792179585,-0.058193869650200014
dynamic_trajectory,10,class817-sports_car-sample02-src02853,817,2,0.8927066161348205,0.877627363697569,0.0150792524372515
dynamic_trajectory,10,class817-sports_car-sample03-src04513,817,3,0.9192853585959401,0.9282453667358086,-0.008960008139868525
dynamic_trajectory,10,class817-sports_car-sample04-src04549,817,4,0.899764947645384,0.9574423668367225,-0.05767741919133851
dynamic_trajectory,10,class980-volcano-sample00-src00002,980,0,0.9752995420336752,0.9435218326747694,0.03177770935890578
dynamic_trajectory,10,class980-volcano-sample01-src00863,980,1,0.9608810671145719,0.9412861013325259,0.019594965782046003
dynamic_trajectory,10,class980-volcano-sample02-src01265,980,2,0.9761365453282433,0.9427268332832552,0.033409712044988105
dynamic_trajectory,10,class980-volcano-sample03-src01422,980,3,0.9485290464270417,0.9336219619223496,0.014907084504692136
dynamic_trajectory,10,class980-volcano-sample04-src01813,980,4,0.9776295290286913,0.9432798442677051,0.03434968476098621
community_nmi,15,class091-coucal-sample00-src00000,91,0,0.37685672696270756,0.21484655023668572,0.16201017672602183
community_nmi,15,class091-coucal-sample01-src00316,91,1,0.22604026622388915,0.19528545380256207,0.030754812421327077
community_nmi,15,class091-coucal-sample02-src01583,91,2,0.26531233306057805,0.210239640705404,0.05507269235517406
community_nmi,15,class091-coucal-sample03-src01629,91,3,0.2645756475321746,0.14397280381020963,0.12060284372196498
community_nmi,15,class091-coucal-sample04-src03448,91,4,0.3531772342853131,0.219321168616804,0.1338560656685091
community_nmi,15,class171-Italian_greyhound-sample00-src00001,171,0,0.27518927505190593,0.2254557380749156,0.049733536976990345
community_nmi,15,class171-Italian_greyhound-sample01-src02164,171,1,0.35831854835809973,0.20680123250380542,0.15151731585429432
community_nmi,15,class171-Italian_greyhound-sample02-src02599,171,2,0.3241401056190254,0.17611068785163717,0.14802941776738823
community_nmi,15,class171-Italian_greyhound-sample03-src02775,171,3,0.30948151641149896,0.17872498495130087,0.13075653146019808
community_nmi,15,class171-Italian_greyhound-sample04-src03793,171,4,0.28490531791325063,0.20433535540300465,0.08056996251024598
community_nmi,15,class505-coffeepot-sample00-src00013,505,0,0.3037830311954522,0.24111981027114537,0.06266322092430682
community_nmi,15,class505-coffeepot-sample01-src01487,505,1,0.28933704622006795,0.19957827471645143,0.08975877150361652
community_nmi,15,class505-coffeepot-sample02-src02782,505,2,0.2875652061644378,0.23423368080401635,0.05333152536042146
community_nmi,15,class505-coffeepot-sample03-src05563,505,3,0.2677938464903042,0.20637560761639778,0.061418238873906406
community_nmi,15,class505-coffeepot-sample04-src05824,505,4,0.20375179149411266,0.18572639036859054,0.018025401125522117
community_nmi,15,class817-sports_car-sample00-src00019,817,0,0.35113208452791284,0.17048433921541592,0.18064774531249692
community_nmi,15,class817-sports_car-sample01-src00787,817,1,0.2963846348509678,0.23140141268583694,0.06498322216513083
community_nmi,15,class817-sports_car-sample02-src02853,817,2,0.2815795372557638,0.2094002313419181,0.07217930591384569
community_nmi,15,class817-sports_car-sample03-src04513,817,3,0.4077776873304758,0.2091566279630983,0.1986210593673775
community_nmi,15,class817-sports_car-sample04-src04549,817,4,0.35338214942299334,0.2429326060237099,0.11044954339928345
community_nmi,15,class980-volcano-sample00-src00002,980,0,0.2417303579171988,0.16615534224099784,0.07557501567620095
community_nmi,15,class980-volcano-sample01-src00863,980,1,0.2626044480892725,0.18680454069809832,0.0757999073911742
community_nmi,15,class980-volcano-sample02-src01265,980,2,0.26337301814504765,0.1904907137018811,0.07288230444316657
community_nmi,15,class980-volcano-sample03-src01422,980,3,0.306374772374852,0.238079480081052,0.06829529229379999
community_nmi,15,class980-volcano-sample04-src01813,980,4,0.27457272184065185,0.17822795848997713,0.09634476335067471
community_ari,15,class091-coucal-sample00-src00000,91,0,0.416109687848933,0.21912388970042507,0.19698579814850792
community_ari,15,class091-coucal-sample01-src00316,91,1,0.26109145474860573,0.20223177978653065,0.05885967496207509
community_ari,15,class091-coucal-sample02-src01583,91,2,0.30314986684261414,0.22720580279321229,0.07594406404940185
community_ari,15,class091-coucal-sample03-src01629,91,3,0.31208661780899755,0.13952506947462567,0.17256154833437187
community_ari,15,class091-coucal-sample04-src03448,91,4,0.40701375846053817,0.22319923243585463,0.18381452602468354
community_ari,15,class171-Italian_greyhound-sample00-src00001,171,0,0.27434915095811574,0.23523425710660217,0.039114893851513566
community_ari,15,class171-Italian_greyhound-sample01-src02164,171,1,0.3667031882111212,0.20878892566884227,0.15791426254227892
community_ari,15,class171-Italian_greyhound-sample02-src02599,171,2,0.3247657771450397,0.1680289948260237,0.15673678231901597
community_ari,15,class171-Italian_greyhound-sample03-src02775,171,3,0.3421875774786121,0.21025719872769058,0.13193037875092153
community_ari,15,class171-Italian_greyhound-sample04-src03793,171,4,0.2816996108890324,0.18865574234116808,0.09304386854786431
community_ari,15,class505-coffeepot-sample00-src00013,505,0,0.3539588098249623,0.25092434379718465,0.10303446602777766
community_ari,15,class505-coffeepot-sample01-src01487,505,1,0.35166460688246387,0.23182086895152149,0.11984373793094238
community_ari,15,class505-coffeepot-sample02-src02782,505,2,0.32588959733969936,0.25329115108850203,0.07259844625119732
community_ari,15,class505-coffeepot-sample03-src05563,505,3,0.2971339497527786,0.22021317278203817,0.07692077697074046
community_ari,15,class505-coffeepot-sample04-src05824,505,4,0.2294580716098416,0.18348816927328812,0.045969902336553486
community_ari,15,class817-sports_car-sample00-src00019,817,0,0.39674457101408434,0.19254589549026463,0.2041986755238197
community_ari,15,class817-sports_car-sample01-src00787,817,1,0.29490305972330993,0.20203593829553884,0.0928671214277711
community_ari,15,class817-sports_car-sample02-src02853,817,2,0.3078558597142678,0.2286680142351331,0.07918784547913471
community_ari,15,class817-sports_car-sample03-src04513,817,3,0.4598213603229476,0.231279724227561,0.22854163609538664
community_ari,15,class817-sports_car-sample04-src04549,817,4,0.3618493342878027,0.2236144777449665,0.13823485654283618
community_ari,15,class980-volcano-sample00-src00002,980,0,0.24143785381687366,0.16551989524254737,0.07591795857432629
community_ari,15,class980-volcano-sample01-src00863,980,1,0.2597048821018436,0.1782970596058679,0.08140782249597572
community_ari,15,class980-volcano-sample02-src01265,980,2,0.2873784903593981,0.20389591961705875,0.08348257074233936
community_ari,15,class980-volcano-sample03-src01422,980,3,0.3115844326890419,0.2485996960767209,0.06298473661232101
community_ari,15,class980-volcano-sample04-src01813,980,4,0.23164434764311942,0.16196280944335462,0.0696815381997648
delta_con,15,class091-coucal-sample00-src00000,91,0,0.05944844771169299,0.052787933259393606,0.006660514452299385
delta_con,15,class091-coucal-sample01-src00316,91,1,0.05635083228785773,0.0522072808312697,0.004143551456588027
delta_con,15,class091-coucal-sample02-src01583,91,2,0.05821700735517058,0.05413063438224578,0.004086372972924801
delta_con,15,class091-coucal-sample03-src01629,91,3,0.05761098413672279,0.0507362319128549,0.006874752223867887
delta_con,15,class091-coucal-sample04-src03448,91,4,0.057633970799695906,0.05127847594844065,0.006355494851255257
delta_con,15,class171-Italian_greyhound-sample00-src00001,171,0,0.05614468962622182,0.05191098108193385,0.0042337085442879716
delta_con,15,class171-Italian_greyhound-sample01-src02164,171,1,0.05603995106475247,0.051295333839691024,0.004744617225061448
delta_con,15,class171-Italian_greyhound-sample02-src02599,171,2,0.05701457493840379,0.05007883240088932,0.006935742537514472
delta_con,15,class171-Italian_greyhound-sample03-src02775,171,3,0.05525742880288415,0.04967638112011578,0.005581047682768375
delta_con,15,class171-Italian_greyhound-sample04-src03793,171,4,0.05715865889090052,0.054280378390797246,0.002878280500103275
delta_con,15,class505-coffeepot-sample00-src00013,505,0,0.054949526012026455,0.0525928217769014,0.0023567042351250525
delta_con,15,class505-coffeepot-sample01-src01487,505,1,0.0536707726907939,0.05174590469744793,0.0019248679933459717
delta_con,15,class505-coffeepot-sample02-src02782,505,2,0.053862071393189506,0.05211425100045476,0.0017478203927347447
delta_con,15,class505-coffeepot-sample03-src05563,505,3,0.05302971953509344,0.05164716972711057,0.001382549807982865
delta_con,15,class505-coffeepot-sample04-src05824,505,4,0.05359528271223101,0.051039129044229026,0.0025561536680019856
delta_con,15,class817-sports_car-sample00-src00019,817,0,0.053668845177543306,0.050567033669947636,0.00310181150759567
delta_con,15,class817-sports_car-sample01-src00787,817,1,0.054744783066966396,0.053809445267815816,0.0009353377991505804
delta_con,15,class817-sports_car-sample02-src02853,817,2,0.05255084643832791,0.05105500454129096,0.0014958418970369494
delta_con,15,class817-sports_car-sample03-src04513,817,3,0.05269507108863954,0.04848075384128682,0.004214317247352724
delta_con,15,class817-sports_car-sample04-src04549,817,4,0.05337890688874308,0.05197234468210976,0.0014065622066333217
delta_con,15,class980-volcano-sample00-src00002,980,0,0.058536926551288615,0.052930397771660045,0.0056065287796285695
delta_con,15,class980-volcano-sample01-src00863,980,1,0.055878441130199685,0.053528874969743435,0.00234956616045625
delta_con,15,class980-volcano-sample02-src01265,980,2,0.05823603920187805,0.05182911135169623,0.0064069278501818205
delta_con,15,class980-volcano-sample03-src01422,980,3,0.05672440971051873,0.051021339212564056,0.005703070497954675
delta_con,15,class980-volcano-sample04-src01813,980,4,0.05917320454967056,0.0518994168373876,0.007273787712282959
delta_con_attr,15,class091-coucal-sample00-src00000,91,0,0.8554731151117565,0.8380279197917048,0.017445195320051732
delta_con_attr,15,class091-coucal-sample01-src00316,91,1,0.8483986796121212,0.8346912875267254,0.013707392085395842
delta_con_attr,15,class091-coucal-sample02-src01583,91,2,0.8334490005964097,0.8326144155976613,0.0008345849987484444
delta_con_attr,15,class091-coucal-sample03-src01629,91,3,0.8490274926349444,0.8378925179779181,0.011134974657026286
delta_con_attr,15,class091-coucal-sample04-src03448,91,4,0.857424439960687,0.8356636740914976,0.021760765869189402
delta_con_attr,15,class171-Italian_greyhound-sample00-src00001,171,0,0.8586894055228405,0.8402715442889266,0.018417861233913868
delta_con_attr,15,class171-Italian_greyhound-sample01-src02164,171,1,0.8612327267970602,0.8372672482622704,0.023965478534789808
delta_con_attr,15,class171-Italian_greyhound-sample02-src02599,171,2,0.8781893457994637,0.8467996519583018,0.03138969384116197
delta_con_attr,15,class171-Italian_greyhound-sample03-src02775,171,3,0.8689223630243279,0.850128695233743,0.01879366779058489
delta_con_attr,15,class171-Italian_greyhound-sample04-src03793,171,4,0.8540148460059833,0.8460964003365351,0.007918445669448215
delta_con_attr,15,class505-coffeepot-sample00-src00013,505,0,0.8527299705969245,0.8355529356244688,0.017177034972455707
delta_con_attr,15,class505-coffeepot-sample01-src01487,505,1,0.8435000439929038,0.8366370219111172,0.006863022081786574
delta_con_attr,15,class505-coffeepot-sample02-src02782,505,2,0.8523660731748881,0.8397806127667152,0.012585460408172877
delta_con_attr,15,class505-coffeepot-sample03-src05563,505,3,0.8495418332610742,0.834667261537624,0.014874571723450192
delta_con_attr,15,class505-coffeepot-sample04-src05824,505,4,0.8410687414284415,0.8285273130506099,0.012541428377831565
delta_con_attr,15,class817-sports_car-sample00-src00019,817,0,0.8379840941487567,0.8228906859976204,0.015093408151136356
delta_con_attr,15,class817-sports_car-sample01-src00787,817,1,0.8415313398231021,0.8373182215749667,0.004213118248135417
delta_con_attr,15,class817-sports_car-sample02-src02853,817,2,0.8358348127813171,0.8196791922043152,0.016155620577001928
delta_con_attr,15,class817-sports_car-sample03-src04513,817,3,0.8446319307044469,0.8337112347223099,0.010920695982136963
delta_con_attr,15,class817-sports_car-sample04-src04549,817,4,0.8348846277755247,0.8287004992657098,0.006184128509814979
delta_con_attr,15,class980-volcano-sample00-src00002,980,0,0.8418947637095334,0.8292877289388667,0.012607034770666714
delta_con_attr,15,class980-volcano-sample01-src00863,980,1,0.8464996107818182,0.8226480528535941,0.023851557928224132
delta_con_attr,15,class980-volcano-sample02-src01265,980,2,0.8512119782385109,0.8375980653778372,0.013613912860673705
delta_con_attr,15,class980-volcano-sample03-src01422,980,3,0.839398632935324,0.8424210122392723,-0.0030223793039483304
delta_con_attr,15,class980-volcano-sample04-src01813,980,4,0.8541317205159403,0.8446971496356527,0.009434570880287652
ged_approx,15,class091-coucal-sample00-src00000,91,0,0.3489001220897132,0.15752536598031203,0.1913747561094012
ged_approx,15,class091-coucal-sample01-src00316,91,1,0.25580789744301646,0.16412867929025615,0.09167921815276031
ged_approx,15,class091-coucal-sample02-src01583,91,2,0.23657020319654784,0.12476750912437258,0.11180269407217526
ged_approx,15,class091-coucal-sample03-src01629,91,3,0.2966207435228343,0.12606831889203868,0.17055242463079562
ged_approx,15,class091-coucal-sample04-src03448,91,4,0.3470409423450839,0.1636333818817858,0.18340756046329812
ged_approx,15,class171-Italian_greyhound-sample00-src00001,171,0,0.26105074092368535,0.1366894317622365,0.12436130916144886
ged_approx,15,class171-Italian_greyhound-sample01-src02164,171,1,0.31771787773890514,0.1386259069016733,0.17909197083723183
ged_approx,15,class171-Italian_greyhound-sample02-src02599,171,2,0.3520418301968192,0.1324709745121332,0.21957085568468604
ged_approx,15,class171-Italian_greyhound-sample03-src02775,171,3,0.3044045299969455,0.11871706423100817,0.18568746576593734
ged_approx,15,class171-Italian_greyhound-sample04-src03793,171,4,0.25013272320616886,0.16420758630001192,0.08592513690615694
ged_approx,15,class505-coffeepot-sample00-src00013,505,0,0.2475054754347494,0.15006142939213596,0.09744404604261345
ged_approx,15,class505-coffeepot-sample01-src01487,505,1,0.245214318997532,0.13264151224187257,0.11257280675565942
ged_approx,15,class505-coffeepot-sample02-src02782,505,2,0.27452594384493545,0.15429338631531003,0.12023255752962542
ged_approx,15,class505-coffeepot-sample03-src05563,505,3,0.2424946865482638,0.1424550686977287,0.10003961785053511
ged_approx,15,class505-coffeepot-sample04-src05824,505,4,0.19931570201166823,0.14176646336749948,0.05754923864416875
ged_approx,15,class817-sports_car-sample00-src00019,817,0,0.28929520535964554,0.10242935477427322,0.1868658505853723
ged_approx,15,class817-sports_car-sample01-src00787,817,1,0.23568193031687337,0.16598265149772393,0.06969927881914945
ged_approx,15,class817-sports_car-sample02-src02853,817,2,0.27259481551847053,0.09891099895821233,0.17368381656025822
ged_approx,15,class817-sports_car-sample03-src04513,817,3,0.2896020617440015,0.08790302701470379,0.2016990347292977
ged_approx,15,class817-sports_car-sample04-src04549,817,4,0.2569248194953865,0.13341639100080324,0.12350842849458324
ged_approx,15,class980-volcano-sample00-src00002,980,0,0.2292153058480991,0.13120335039712216,0.09801195545097693
ged_approx,15,class980-volcano-sample01-src00863,980,1,0.24292905716777324,0.14101966473299676,0.10190939243477648
ged_approx,15,class980-volcano-sample02-src01265,980,2,0.27202207256090316,0.1265116329245688,0.14551043963633437
ged_approx,15,class980-volcano-sample03-src01422,980,3,0.2416421836666973,0.16969028379404552,0.07195189987265177
ged_approx,15,class980-volcano-sample04-src01813,980,4,0.304418881493869,0.12497062609792872,0.17944825539594025
wl_kernel,15,class091-coucal-sample00-src00000,91,0,0.0,0.0,0.0
wl_kernel,15,class091-coucal-sample01-src00316,91,1,0.0,0.0,0.0
wl_kernel,15,class091-coucal-sample02-src01583,91,2,0.0,0.0,0.0
wl_kernel,15,class091-coucal-sample03-src01629,91,3,0.0,0.0,0.0
wl_kernel,15,class091-coucal-sample04-src03448,91,4,0.0,0.0,0.0
wl_kernel,15,class171-Italian_greyhound-sample00-src00001,171,0,0.0,0.0,0.0
wl_kernel,15,class171-Italian_greyhound-sample01-src02164,171,1,0.0,0.0,0.0
wl_kernel,15,class171-Italian_greyhound-sample02-src02599,171,2,0.0,0.0,0.0
wl_kernel,15,class171-Italian_greyhound-sample03-src02775,171,3,0.0,0.0,0.0
wl_kernel,15,class171-Italian_greyhound-sample04-src03793,171,4,0.0,0.0,0.0
wl_kernel,15,class505-coffeepot-sample00-src00013,505,0,0.0,0.0,0.0
wl_kernel,15,class505-coffeepot-sample01-src01487,505,1,0.0,0.0,0.0
wl_kernel,15,class505-coffeepot-sample02-src02782,505,2,0.0,0.0,0.0
wl_kernel,15,class505-coffeepot-sample03-src05563,505,3,0.0,0.0,0.0
wl_kernel,15,class505-coffeepot-sample04-src05824,505,4,0.0,0.0,0.0
wl_kernel,15,class817-sports_car-sample00-src00019,817,0,0.0,0.0,0.0
wl_kernel,15,class817-sports_car-sample01-src00787,817,1,0.0,0.0,0.0
wl_kernel,15,class817-sports_car-sample02-src02853,817,2,0.0,0.0,0.0
wl_kernel,15,class817-sports_car-sample03-src04513,817,3,0.0,0.0,0.0
wl_kernel,15,class817-sports_car-sample04-src04549,817,4,0.0,0.0,0.0
wl_kernel,15,class980-volcano-sample00-src00002,980,0,0.0,0.0,0.0
wl_kernel,15,class980-volcano-sample01-src00863,980,1,0.0,0.0,0.0
wl_kernel,15,class980-volcano-sample02-src01265,980,2,0.0,0.0,0.0
wl_kernel,15,class980-volcano-sample03-src01422,980,3,0.0,0.0,0.0
wl_kernel,15,class980-volcano-sample04-src01813,980,4,0.0,0.0,0.0
gw_approx,15,class091-coucal-sample00-src00000,91,0,0.8860770508613378,0.8432914566732981,0.04278559418803973
gw_approx,15,class091-coucal-sample01-src00316,91,1,0.8846010185826917,0.847895247789228,0.03670577079346371
gw_approx,15,class091-coucal-sample02-src01583,91,2,0.856524012397738,0.8166861928327235,0.03983781956501453
gw_approx,15,class091-coucal-sample03-src01629,91,3,0.8365805428094977,0.8307727092038533,0.005807833605644408
gw_approx,15,class091-coucal-sample04-src03448,91,4,0.8856299789737351,0.8543934313057532,0.031236547667981895
gw_approx,15,class171-Italian_greyhound-sample00-src00001,171,0,0.8503844445410287,0.8504488481051728,-6.440356414416648e-05
gw_approx,15,class171-Italian_greyhound-sample01-src02164,171,1,0.855735087447349,0.8574826379428055,-0.0017475504954564958
gw_approx,15,class171-Italian_greyhound-sample02-src02599,171,2,0.8529132534858892,0.8565507866521184,-0.0036375331662291677
gw_approx,15,class171-Italian_greyhound-sample03-src02775,171,3,0.7871008604205056,0.8221765251520035,-0.03507566473149781
gw_approx,15,class171-Italian_greyhound-sample04-src03793,171,4,0.7829377314828763,0.7719101465804711,0.011027584902405185
gw_approx,15,class505-coffeepot-sample00-src00013,505,0,0.8688137389180544,0.8409023221965362,0.0279114167215182
gw_approx,15,class505-coffeepot-sample01-src01487,505,1,0.876705369681284,0.8320767377791759,0.044628631902108085
gw_approx,15,class505-coffeepot-sample02-src02782,505,2,0.8893296460715361,0.8590660285296355,0.030263617541900545
gw_approx,15,class505-coffeepot-sample03-src05563,505,3,0.8625962499111405,0.8524165713637434,0.010179678547397097
gw_approx,15,class505-coffeepot-sample04-src05824,505,4,0.8421163150040805,0.814311229526511,0.027805085477569436
gw_approx,15,class817-sports_car-sample00-src00019,817,0,0.8006572814497814,0.7096686639602736,0.09098861748950782
gw_approx,15,class817-sports_car-sample01-src00787,817,1,0.7337165845963459,0.8924244529744367,-0.1587078683780908
gw_approx,15,class817-sports_car-sample02-src02853,817,2,0.7406680793427677,0.6421384954525107,0.09852958389025701
gw_approx,15,class817-sports_car-sample03-src04513,817,3,0.8022142003706669,0.7184601708683316,0.08375402950233535
gw_approx,15,class817-sports_car-sample04-src04549,817,4,0.7768152386684327,0.85125367540304,-0.07443843673460726
gw_approx,15,class980-volcano-sample00-src00002,980,0,0.8663519130706504,0.859761711708382,0.0065902013622684
gw_approx,15,class980-volcano-sample01-src00863,980,1,0.854099937650639,0.8178672024772589,0.036232735173380104
gw_approx,15,class980-volcano-sample02-src01265,980,2,0.7907790832115856,0.8079792491724851,-0.01720016596089946
gw_approx,15,class980-volcano-sample03-src01422,980,3,0.8730310913187852,0.8428407460046186,0.030190345314166644
gw_approx,15,class980-volcano-sample04-src01813,980,4,0.8850145861217539,0.8585437739390562,0.026470812182697645
dynamic_trajectory,15,class091-coucal-sample00-src00000,91,0,0.9585280468137802,0.9314569563702462,0.027071090443534063
dynamic_trajectory,15,class091-coucal-sample01-src00316,91,1,0.9112037348708301,0.9033608581423268,0.007842876728503256
dynamic_trajectory,15,class091-coucal-sample02-src01583,91,2,0.9557213657839253,0.9304815315094832,0.025239834274442097
dynamic_trajectory,15,class091-coucal-sample03-src01629,91,3,0.9115634801110193,0.918941754476519,-0.00737827436549976
dynamic_trajectory,15,class091-coucal-sample04-src03448,91,4,0.9592095072676002,0.9314018262103447,0.027807681057255507
dynamic_trajectory,15,class171-Italian_greyhound-sample00-src00001,171,0,0.942525365377408,0.9307746858294514,0.01175067954795661
dynamic_trajectory,15,class171-Italian_greyhound-sample01-src02164,171,1,0.9720539976987319,0.9106204717992286,0.06143352589950335
dynamic_trajectory,15,class171-Italian_greyhound-sample02-src02599,171,2,0.9782784707929915,0.9166838960446443,0.061594574748347175
dynamic_trajectory,15,class171-Italian_greyhound-sample03-src02775,171,3,0.9772442352070282,0.9142799074589403,0.06296432774808791
dynamic_trajectory,15,class171-Italian_greyhound-sample04-src03793,171,4,0.9747535506642929,0.9230503298485034,0.051703220815789486
dynamic_trajectory,15,class505-coffeepot-sample00-src00013,505,0,0.9450209766141968,0.9179408814838931,0.02708009513030374
dynamic_trajectory,15,class505-coffeepot-sample01-src01487,505,1,0.9378339564478053,0.8728071664193999,0.06502679002840539
dynamic_trajectory,15,class505-coffeepot-sample02-src02782,505,2,0.9303343120305763,0.8639537796282111,0.06638053240236519
dynamic_trajectory,15,class505-coffeepot-sample03-src05563,505,3,0.9487607848573472,0.9100030711719473,0.03875771368539982
dynamic_trajectory,15,class505-coffeepot-sample04-src05824,505,4,0.9055873962308437,0.9417633639340721,-0.036175967703228396
dynamic_trajectory,15,class817-sports_car-sample00-src00019,817,0,0.9181900717687048,0.8761901174936803,0.041999954275024565
dynamic_trajectory,15,class817-sports_car-sample01-src00787,817,1,0.8902914031286704,0.9450074648033677,-0.054716061674697336
dynamic_trajectory,15,class817-sports_car-sample02-src02853,817,2,0.859385498390197,0.788933309634491,0.07045218875570591
dynamic_trajectory,15,class817-sports_car-sample03-src04513,817,3,0.910014996702381,0.846280672141025,0.06373432456135597
dynamic_trajectory,15,class817-sports_car-sample04-src04549,817,4,0.9042976487760279,0.9345650015664118,-0.03026735279038384
dynamic_trajectory,15,class980-volcano-sample00-src00002,980,0,0.9071368843220283,0.940567169452437,-0.03343028513040869
dynamic_trajectory,15,class980-volcano-sample01-src00863,980,1,0.9613945449811638,0.9010788397160991,0.06031570526506469
dynamic_trajectory,15,class980-volcano-sample02-src01265,980,2,0.959578128122879,0.8951241771405078,0.06445395098237117
dynamic_trajectory,15,class980-volcano-sample03-src01422,980,3,0.9551694740262062,0.891161949752868,0.06400752427333822
dynamic_trajectory,15,class980-volcano-sample04-src01813,980,4,0.9522787656616961,0.918669861652082,0.03360890400961414
community_nmi,20,class091-coucal-sample00-src00000,91,0,0.45707815473487945,0.23688057556604125,0.2201975791688382
community_nmi,20,class091-coucal-sample01-src00316,91,1,0.31785948614237347,0.202818030752869,0.11504145538950447
community_nmi,20,class091-coucal-sample02-src01583,91,2,0.2301117724498731,0.209816807186594,0.02029496526327909
community_nmi,20,class091-coucal-sample03-src01629,91,3,0.4047073169439009,0.22007108152252636,0.18463623542137453
community_nmi,20,class091-coucal-sample04-src03448,91,4,0.39928106070884606,0.24240951549269946,0.1568715452161466
community_nmi,20,class171-Italian_greyhound-sample00-src00001,171,0,0.3598133136399351,0.23332696254736027,0.1264863510925748
community_nmi,20,class171-Italian_greyhound-sample01-src02164,171,1,0.38523608033940865,0.22830874766283077,0.15692733267657788
community_nmi,20,class171-Italian_greyhound-sample02-src02599,171,2,0.37560932048393353,0.19012753366759422,0.1854817868163393
community_nmi,20,class171-Italian_greyhound-sample03-src02775,171,3,0.42854136549133043,0.23182313184246545,0.19671823364886498
community_nmi,20,class171-Italian_greyhound-sample04-src03793,171,4,0.33087449940889296,0.25534711258487625,0.07552738682401672
community_nmi,20,class505-coffeepot-sample00-src00013,505,0,0.20938588234146782,0.16850924473340761,0.04087663760806021
community_nmi,20,class505-coffeepot-sample01-src01487,505,1,0.27146717983851704,0.21196146865304022,0.05950571118547682
community_nmi,20,class505-coffeepot-sample02-src02782,505,2,0.2559625246667471,0.2516406763924955,0.004321848274251638
community_nmi,20,class505-coffeepot-sample03-src05563,505,3,0.18760195259986767,0.19987378671824824,-0.012271834118380565
community_nmi,20,class505-coffeepot-sample04-src05824,505,4,0.22887615502086744,0.22593088698079508,0.002945268040072363
community_nmi,20,class817-sports_car-sample00-src00019,817,0,0.3561441958333622,0.18282898092333935,0.17331521491002286
community_nmi,20,class817-sports_car-sample01-src00787,817,1,0.3322573146380739,0.2370452283563608,0.0952120862817131
community_nmi,20,class817-sports_car-sample02-src02853,817,2,0.300673073976246,0.18483545534652096,0.11583761862972503
community_nmi,20,class817-sports_car-sample03-src04513,817,3,0.4068086263298175,0.19660665090388935,0.21020197542592817
community_nmi,20,class817-sports_car-sample04-src04549,817,4,0.32647379701270557,0.23419617122074915,0.09227762579195642
community_nmi,20,class980-volcano-sample00-src00002,980,0,0.235106729943901,0.1911920035810231,0.04391472636287791
community_nmi,20,class980-volcano-sample01-src00863,980,1,0.2836918336982928,0.22818153352258416,0.055510300175708654
community_nmi,20,class980-volcano-sample02-src01265,980,2,0.2754518413026092,0.2237206610372699,0.051731180265339294
community_nmi,20,class980-volcano-sample03-src01422,980,3,0.22649742174919102,0.18866909289972794,0.03782832884946308
community_nmi,20,class980-volcano-sample04-src01813,980,4,0.25027473202857153,0.15483580172893713,0.0954389302996344
community_ari,20,class091-coucal-sample00-src00000,91,0,0.5011153994324898,0.25182317379821273,0.2492922256342771
community_ari,20,class091-coucal-sample01-src00316,91,1,0.32674119047533956,0.19355178886696373,0.13318940160837583
community_ari,20,class091-coucal-sample02-src01583,91,2,0.2570932405032108,0.22053551927006643,0.03655772123314438
community_ari,20,class091-coucal-sample03-src01629,91,3,0.4437736742460427,0.2211922845188016,0.2225813897272411
community_ari,20,class091-coucal-sample04-src03448,91,4,0.4264254262693876,0.2358549724674432,0.19057045380194443
community_ari,20,class171-Italian_greyhound-sample00-src00001,171,0,0.42151937405958473,0.23431744039725286,0.18720193366233187
community_ari,20,class171-Italian_greyhound-sample01-src02164,171,1,0.4546873684081518,0.24532956105890916,0.20935780734924267
community_ari,20,class171-Italian_greyhound-sample02-src02599,171,2,0.4165140241971289,0.20897928454794173,0.20753473964918717
community_ari,20,class171-Italian_greyhound-sample03-src02775,171,3,0.5024299096587108,0.255624250960918,0.2468056586977928
community_ari,20,class171-Italian_greyhound-sample04-src03793,171,4,0.32620547327168253,0.25396633358687476,0.07223913968480777
community_ari,20,class505-coffeepot-sample00-src00013,505,0,0.18835633999490603,0.15996442183618598,0.028391918158720053
community_ari,20,class505-coffeepot-sample01-src01487,505,1,0.23740163472657724,0.1725986242352388,0.06480301049133844
community_ari,20,class505-coffeepot-sample02-src02782,505,2,0.26415711691572086,0.27885766226432673,-0.014700545348605876
community_ari,20,class505-coffeepot-sample03-src05563,505,3,0.17628897404125057,0.1791980851715141,-0.002909111130263514
community_ari,20,class505-coffeepot-sample04-src05824,505,4,0.2296479994348352,0.25684841472284653,-0.027200415288011343
community_ari,20,class817-sports_car-sample00-src00019,817,0,0.4409391227613024,0.2000928614347628,0.24084626132653963
community_ari,20,class817-sports_car-sample01-src00787,817,1,0.37192318555479514,0.25187249492130737,0.12005069063348778
community_ari,20,class817-sports_car-sample02-src02853,817,2,0.3586482126865557,0.19664277934951943,0.1620054333370363
community_ari,20,class817-sports_car-sample03-src04513,817,3,0.4487534444615838,0.19806907607587132,0.25068436838571245
community_ari,20,class817-sports_car-sample04-src04549,817,4,0.35464498391963073,0.23225155934194142,0.12239342457768931
community_ari,20,class980-volcano-sample00-src00002,980,0,0.21381153533798236,0.20008073566971235,0.01373079966827001
community_ari,20,class980-volcano-sample01-src00863,980,1,0.2645911316556315,0.22922514731866453,0.035365984336966944
community_ari,20,class980-volcano-sample02-src01265,980,2,0.2546174500826966,0.22261109852740274,0.032006351555293855
community_ari,20,class980-volcano-sample03-src01422,980,3,0.18592706607332754,0.1738878752325252,0.01203919084080235
community_ari,20,class980-volcano-sample04-src01813,980,4,0.21973623157448796,0.13853610536004907,0.0812001262144389
delta_con,20,class091-coucal-sample00-src00000,91,0,0.05844396413089095,0.05183704923415048,0.006606914896740472
delta_con,20,class091-coucal-sample01-src00316,91,1,0.05607002451074976,0.05209760835180029,0.003972416158949471
delta_con,20,class091-coucal-sample02-src01583,91,2,0.05780822238563738,0.053522661562080444,0.004285560823556939
delta_con,20,class091-coucal-sample03-src01629,91,3,0.057273480646376856,0.050628392608278415,0.0066450880380984415
delta_con,20,class091-coucal-sample04-src03448,91,4,0.058292060746700056,0.0518732693602888,0.006418791386411257
delta_con,20,class171-Italian_greyhound-sample00-src00001,171,0,0.05508948614753339,0.051262612760737694,0.003826873386795694
delta_con,20,class171-Italian_greyhound-sample01-src02164,171,1,0.05533839402644129,0.05107644310971421,0.004261950916727084
delta_con,20,class171-Italian_greyhound-sample02-src02599,171,2,0.05599758881685728,0.049670396652789175,0.006327192164068102
delta_con,20,class171-Italian_greyhound-sample03-src02775,171,3,0.053628817138710615,0.048385263547678484,0.005243553591032131
delta_con,20,class171-Italian_greyhound-sample04-src03793,171,4,0.05644299998077027,0.0543805098873391,0.0020624900934311727
delta_con,20,class505-coffeepot-sample00-src00013,505,0,0.05474915406583477,0.052257770577390485,0.002491383488444285
delta_con,20,class505-coffeepot-sample01-src01487,505,1,0.05395566457762954,0.051720556053704035,0.0022351085239255067
delta_con,20,class505-coffeepot-sample02-src02782,505,2,0.05371441009523838,0.05153797574366024,0.0021764343515781395
delta_con,20,class505-coffeepot-sample03-src05563,505,3,0.05333863773461833,0.05155239024879913,0.001786247485819202
delta_con,20,class505-coffeepot-sample04-src05824,505,4,0.053149626985271925,0.050524476742919835,0.0026251502423520895
delta_con,20,class817-sports_car-sample00-src00019,817,0,0.052424147689671345,0.05001901685057396,0.002405130839097387
delta_con,20,class817-sports_car-sample01-src00787,817,1,0.05317850620575566,0.052996531806794464,0.00018197439896119882
delta_con,20,class817-sports_car-sample02-src02853,817,2,0.05089947201365204,0.04990736213664486,0.0009921098770071801
delta_con,20,class817-sports_car-sample03-src04513,817,3,0.05131606334810665,0.04756863803612586,0.003747425311980787
delta_con,20,class817-sports_car-sample04-src04549,817,4,0.0515483055467827,0.050572668332453594,0.0009756372143291045
delta_con,20,class980-volcano-sample00-src00002,980,0,0.05635522775294479,0.05128159365984251,0.005073634093102283
delta_con,20,class980-volcano-sample01-src00863,980,1,0.05479718953423264,0.05273002790795339,0.0020671616262792486
delta_con,20,class980-volcano-sample02-src01265,980,2,0.05664677583767398,0.050855140329037186,0.005791635508636796
delta_con,20,class980-volcano-sample03-src01422,980,3,0.056734650090778375,0.05158499224318029,0.005149657847598084
delta_con,20,class980-volcano-sample04-src01813,980,4,0.058629619979184415,0.052136952469999595,0.00649266750918482
delta_con_attr,20,class091-coucal-sample00-src00000,91,0,0.8435313491049938,0.8415636380469701,0.0019677110580237356
delta_con_attr,20,class091-coucal-sample01-src00316,91,1,0.8302587844830752,0.8242703553866605,0.005988429096414727
delta_con_attr,20,class091-coucal-sample02-src01583,91,2,0.8196004096374565,0.8328528173926673,-0.013252407755210749
delta_con_attr,20,class091-coucal-sample03-src01629,91,3,0.8333212738191348,0.8170361433132529,0.016285130505881873
delta_con_attr,20,class091-coucal-sample04-src03448,91,4,0.843630154728593,0.8336847689483884,0.009945385780204652
delta_con_attr,20,class171-Italian_greyhound-sample00-src00001,171,0,0.844741606995649,0.8346258225131328,0.010115784482516266
delta_con_attr,20,class171-Italian_greyhound-sample01-src02164,171,1,0.8523562062037042,0.8351275347546675,0.017228671449036725
delta_con_attr,20,class171-Italian_greyhound-sample02-src02599,171,2,0.8629304388455111,0.8507512826298875,0.012179156215623599
delta_con_attr,20,class171-Italian_greyhound-sample03-src02775,171,3,0.8515474273784098,0.8412372196196385,0.01031020775877134
delta_con_attr,20,class171-Italian_greyhound-sample04-src03793,171,4,0.8297987846738273,0.8377389635622468,-0.007940178888419469
delta_con_attr,20,class505-coffeepot-sample00-src00013,505,0,0.8524080394737837,0.8395969289846688,0.012811110489114985
delta_con_attr,20,class505-coffeepot-sample01-src01487,505,1,0.8450468735283547,0.8313118083286548,0.013735065199699914
delta_con_attr,20,class505-coffeepot-sample02-src02782,505,2,0.859171218624789,0.8453373894825654,0.01383382914222353
delta_con_attr,20,class505-coffeepot-sample03-src05563,505,3,0.8484292831168836,0.8290823269673216,0.019346956149561945
delta_con_attr,20,class505-coffeepot-sample04-src05824,505,4,0.8385664546774207,0.8313013566146061,0.007265098062814612
delta_con_attr,20,class817-sports_car-sample00-src00019,817,0,0.8476048241527485,0.8241824685027022,0.023422355650046356
delta_con_attr,20,class817-sports_car-sample01-src00787,817,1,0.8408905055182201,0.8369449772504808,0.003945528267739307
delta_con_attr,20,class817-sports_car-sample02-src02853,817,2,0.8482648103089488,0.8234861223961831,0.024778687912765718
delta_con_attr,20,class817-sports_car-sample03-src04513,817,3,0.8517490527761924,0.8224688564287378,0.0292801963474546
delta_con_attr,20,class817-sports_car-sample04-src04549,817,4,0.8602578014101927,0.8409950457257181,0.019262755684474553
delta_con_attr,20,class980-volcano-sample00-src00002,980,0,0.8370913029435366,0.8310660788252691,0.006025224118267558
delta_con_attr,20,class980-volcano-sample01-src00863,980,1,0.8511087685731348,0.830935153514839,0.020173615058295735
delta_con_attr,20,class980-volcano-sample02-src01265,980,2,0.854729462155698,0.8463103756305361,0.008419086525161878
delta_con_attr,20,class980-volcano-sample03-src01422,980,3,0.8332169067615229,0.8330383823855584,0.0001785243759645505
delta_con_attr,20,class980-volcano-sample04-src01813,980,4,0.8480058515249975,0.8465867206426962,0.0014191308823012783
ged_approx,20,class091-coucal-sample00-src00000,91,0,0.44249674761719243,0.2506804712725118,0.19181627634468063
ged_approx,20,class091-coucal-sample01-src00316,91,1,0.3697964939907673,0.2545511709697702,0.1152453230209971
ged_approx,20,class091-coucal-sample02-src01583,91,2,0.31259915955034046,0.20230290316406802,0.11029625638627244
ged_approx,20,class091-coucal-sample03-src01629,91,3,0.38373763432679797,0.20981972363429816,0.17391791069249982
ged_approx,20,class091-coucal-sample04-src03448,91,4,0.4435941826097648,0.2529566559676445,0.1906375266421203
ged_approx,20,class171-Italian_greyhound-sample00-src00001,171,0,0.3614658389341088,0.22591310937431905,0.13555272955978973
ged_approx,20,class171-Italian_greyhound-sample01-src02164,171,1,0.39493547153681896,0.20930514254133142,0.18563032899548754
ged_approx,20,class171-Italian_greyhound-sample02-src02599,171,2,0.4330760308112323,0.20541164030176642,0.22766439050946588
ged_approx,20,class171-Italian_greyhound-sample03-src02775,171,3,0.3949290507894071,0.20432302324280896,0.19060602754659814
ged_approx,20,class171-Italian_greyhound-sample04-src03793,171,4,0.3359705609619641,0.2530161777377376,0.08295438322422649
ged_approx,20,class505-coffeepot-sample00-src00013,505,0,0.3483908031808458,0.24704070136060205,0.10135010182024376
ged_approx,20,class505-coffeepot-sample01-src01487,505,1,0.3503725462306045,0.22245200975917107,0.12792053647143342
ged_approx,20,class505-coffeepot-sample02-src02782,505,2,0.3784040736121735,0.24557750012299223,0.13282657348918125
ged_approx,20,class505-coffeepot-sample03-src05563,505,3,0.33717959423236943,0.2284944049776687,0.10868518925470072
ged_approx,20,class505-coffeepot-sample04-src05824,505,4,0.3179588735836263,0.2326488400905249,0.0853100334931014
ged_approx,20,class817-sports_car-sample00-src00019,817,0,0.32820838770966954,0.1506987650765732,0.17750962263309633
ged_approx,20,class817-sports_car-sample01-src00787,817,1,0.28308599774039656,0.2459460406048807,0.03713995713551585
ged_approx,20,class817-sports_car-sample02-src02853,817,2,0.32079911610872547,0.1604024987615471,0.16039661734717836
ged_approx,20,class817-sports_car-sample03-src04513,817,3,0.30062496442709363,0.10749600001200799,0.19312896441508565
ged_approx,20,class817-sports_car-sample04-src04549,817,4,0.31138636121726615,0.21799341355439877,0.09339294766286738
ged_approx,20,class980-volcano-sample00-src00002,980,0,0.35005064894575455,0.2271691079008083,0.12288154104494625
ged_approx,20,class980-volcano-sample01-src00863,980,1,0.37925100567512343,0.24276647790360073,0.1364845277715227
ged_approx,20,class980-volcano-sample02-src01265,980,2,0.38627003729989356,0.23348154340450195,0.15278849389539162
ged_approx,20,class980-volcano-sample03-src01422,980,3,0.3698098298034028,0.2562768863141969,0.11353294348920595
ged_approx,20,class980-volcano-sample04-src01813,980,4,0.4031375554712081,0.22328297316856355,0.17985458230264456
wl_kernel,20,class091-coucal-sample00-src00000,91,0,0.0,0.0,0.0
wl_kernel,20,class091-coucal-sample01-src00316,91,1,0.0,0.0,0.0
wl_kernel,20,class091-coucal-sample02-src01583,91,2,0.0,0.0,0.0
wl_kernel,20,class091-coucal-sample03-src01629,91,3,0.0,0.0,0.0
wl_kernel,20,class091-coucal-sample04-src03448,91,4,0.0,0.0,0.0
wl_kernel,20,class171-Italian_greyhound-sample00-src00001,171,0,0.0,0.0,0.0
wl_kernel,20,class171-Italian_greyhound-sample01-src02164,171,1,0.0,0.0,0.0
wl_kernel,20,class171-Italian_greyhound-sample02-src02599,171,2,0.0,0.0,0.0
wl_kernel,20,class171-Italian_greyhound-sample03-src02775,171,3,0.0,0.0,0.0
wl_kernel,20,class171-Italian_greyhound-sample04-src03793,171,4,0.0,0.0,0.0
wl_kernel,20,class505-coffeepot-sample00-src00013,505,0,0.0,0.0,0.0
wl_kernel,20,class505-coffeepot-sample01-src01487,505,1,0.0,0.0,0.0
wl_kernel,20,class505-coffeepot-sample02-src02782,505,2,0.0,0.0,0.0
wl_kernel,20,class505-coffeepot-sample03-src05563,505,3,0.0,0.0,0.0
wl_kernel,20,class505-coffeepot-sample04-src05824,505,4,0.0,0.0,0.0
wl_kernel,20,class817-sports_car-sample00-src00019,817,0,0.0,0.0,0.0
wl_kernel,20,class817-sports_car-sample01-src00787,817,1,0.0,0.0,0.0
wl_kernel,20,class817-sports_car-sample02-src02853,817,2,0.0,0.0,0.0
wl_kernel,20,class817-sports_car-sample03-src04513,817,3,0.0,0.0,0.0
wl_kernel,20,class817-sports_car-sample04-src04549,817,4,0.0,0.0,0.0
wl_kernel,20,class980-volcano-sample00-src00002,980,0,0.0,0.0,0.0
wl_kernel,20,class980-volcano-sample01-src00863,980,1,0.0,0.0,0.0
wl_kernel,20,class980-volcano-sample02-src01265,980,2,0.0,0.0,0.0
wl_kernel,20,class980-volcano-sample03-src01422,980,3,0.0,0.0,0.0
wl_kernel,20,class980-volcano-sample04-src01813,980,4,0.0,0.0,0.0
gw_approx,20,class091-coucal-sample00-src00000,91,0,0.9005517679859529,0.8559865992759287,0.04456516871002425
gw_approx,20,class091-coucal-sample01-src00316,91,1,0.8984032381953428,0.8491868528412784,0.049216385354064474
gw_approx,20,class091-coucal-sample02-src01583,91,2,0.8320971930935597,0.8224040735770244,0.009693119516535287
gw_approx,20,class091-coucal-sample03-src01629,91,3,0.8404449042987916,0.8167979602550473,0.023646944043744345
gw_approx,20,class091-coucal-sample04-src03448,91,4,0.8942791895556182,0.8525747284870053,0.04170446106861292
gw_approx,20,class171-Italian_greyhound-sample00-src00001,171,0,0.8484708534363188,0.8729612226694886,-0.02449036923316983
gw_approx,20,class171-Italian_greyhound-sample01-src02164,171,1,0.8507283135390823,0.8498161437284886,0.0009121698105937215
gw_approx,20,class171-Italian_greyhound-sample02-src02599,171,2,0.8361050906815142,0.8278767103843666,0.008228380297147564
gw_approx,20,class171-Italian_greyhound-sample03-src02775,171,3,0.802224180149706,0.8127293858770589,-0.010505205727352918
gw_approx,20,class171-Italian_greyhound-sample04-src03793,171,4,0.7576474141894008,0.774268125456196,-0.016620711266795207
gw_approx,20,class505-coffeepot-sample00-src00013,505,0,0.8902885540342536,0.837707907056102,0.05258064697815157
gw_approx,20,class505-coffeepot-sample01-src01487,505,1,0.9009782137963351,0.8447416784072936,0.0562365353890415
gw_approx,20,class505-coffeepot-sample02-src02782,505,2,0.9007167117366803,0.8488075255462377,0.0519091861904426
gw_approx,20,class505-coffeepot-sample03-src05563,505,3,0.8828299349337432,0.8292421819967599,0.05358775293698326
gw_approx,20,class505-coffeepot-sample04-src05824,505,4,0.8712288791049351,0.8599989782996375,0.011229900805297621
gw_approx,20,class817-sports_car-sample00-src00019,817,0,0.8264248465211479,0.7312530254184451,0.09517182110270284
gw_approx,20,class817-sports_car-sample01-src00787,817,1,0.7537702703572888,0.8504877386087148,-0.09671746825142602
gw_approx,20,class817-sports_car-sample02-src02853,817,2,0.7752338592241169,0.6762035941040866,0.09903026512003033
gw_approx,20,class817-sports_car-sample03-src04513,817,3,0.8239453462309196,0.7192696469837455,0.10467569924717413
gw_approx,20,class817-sports_car-sample04-src04549,817,4,0.7866334564784223,0.8573980012187743,-0.07076454474035199
gw_approx,20,class980-volcano-sample00-src00002,980,0,0.8911189977990794,0.8356718187808871,0.055447179018192294
gw_approx,20,class980-volcano-sample01-src00863,980,1,0.886460303782063,0.822138982672232,0.06432132110983102
gw_approx,20,class980-volcano-sample02-src01265,980,2,0.8584652717863035,0.856689240219972,0.0017760315663315485
gw_approx,20,class980-volcano-sample03-src01422,980,3,0.895313046279869,0.8389824547692337,0.05633059151063524
gw_approx,20,class980-volcano-sample04-src01813,980,4,0.8886237090243554,0.8143286455865166,0.07429506343783876
dynamic_trajectory,20,class091-coucal-sample00-src00000,91,0,0.9445943770989589,0.9001051371908251,0.044489239908133804
dynamic_trajectory,20,class091-coucal-sample01-src00316,91,1,0.930397967321729,0.9414714175849725,-0.011073450263243578
dynamic_trajectory,20,class091-coucal-sample02-src01583,91,2,0.9065126996817258,0.8544662346929064,0.052046464988819374
dynamic_trajectory,20,class091-coucal-sample03-src01629,91,3,0.9470773453630912,0.9305210527725073,0.016556292590583888
dynamic_trajectory,20,class091-coucal-sample04-src03448,91,4,0.9522219474536713,0.9181667250800096,0.03405522237366165
dynamic_trajectory,20,class171-Italian_greyhound-sample00-src00001,171,0,0.9337108713665583,0.930766421732643,0.0029444496339152693
dynamic_trajectory,20,class171-Italian_greyhound-sample01-src02164,171,1,0.9258998020268123,0.9055743814436197,0.020325420583192644
dynamic_trajectory,20,class171-Italian_greyhound-sample02-src02599,171,2,0.9191928533503462,0.9457891609921785,-0.026596307641832295
dynamic_trajectory,20,class171-Italian_greyhound-sample03-src02775,171,3,0.9249616860658549,0.9046043073739446,0.020357378691910344
dynamic_trajectory,20,class171-Italian_greyhound-sample04-src03793,171,4,0.8903982371357888,0.9270273327479368,-0.036629095612148
dynamic_trajectory,20,class505-coffeepot-sample00-src00013,505,0,0.8831195942110124,0.9163564912257867,-0.03323689701477428
dynamic_trajectory,20,class505-coffeepot-sample01-src01487,505,1,0.9465280760955671,0.9432313493905602,0.0032967267050069138
dynamic_trajectory,20,class505-coffeepot-sample02-src02782,505,2,0.9431700724769224,0.9313427693855658,0.0118273030913566
dynamic_trajectory,20,class505-coffeepot-sample03-src05563,505,3,0.9096259510110009,0.9070423889038274,0.002583562107173476
dynamic_trajectory,20,class505-coffeepot-sample04-src05824,505,4,0.9486563043620877,0.9412482954478442,0.007408008914243536
dynamic_trajectory,20,class817-sports_car-sample00-src00019,817,0,0.9359652932209415,0.9451464922086357,-0.009181198987694206
dynamic_trajectory,20,class817-sports_car-sample01-src00787,817,1,0.9283522224508383,0.8782349748531457,0.05011724759769254
dynamic_trajectory,20,class817-sports_car-sample02-src02853,817,2,0.9307071068648423,0.94542034477643,-0.01471323791158774
dynamic_trajectory,20,class817-sports_car-sample03-src04513,817,3,0.944273356082454,0.8958676032437074,0.048405752838746596
dynamic_trajectory,20,class817-sports_car-sample04-src04549,817,4,0.9492411952728481,0.9123463991639345,0.03689479610891366
dynamic_trajectory,20,class980-volcano-sample00-src00002,980,0,0.9115830411767507,0.9301841448059441,-0.018601103629193427
dynamic_trajectory,20,class980-volcano-sample01-src00863,980,1,0.9551571203398636,0.9414772596421714,0.013679860697692114
dynamic_trajectory,20,class980-volcano-sample02-src01265,980,2,0.9512111471650885,0.9380921866155789,0.013118960549509562
dynamic_trajectory,20,class980-volcano-sample03-src01422,980,3,0.9548669858514494,0.9415450364389588,0.013321949412490541
dynamic_trajectory,20,class980-volcano-sample04-src01813,980,4,0.8909076524254742,0.8917601327042153,-0.0008524802787410746
community_nmi,30,class091-coucal-sample00-src00000,91,0,0.3489349952484872,0.22465306288758563,0.12428193236090157
community_nmi,30,class091-coucal-sample01-src00316,91,1,0.25775375305136083,0.18839121115155666,0.06936254189980418
community_nmi,30,class091-coucal-sample02-src01583,91,2,0.3160966964103528,0.23358376384673213,0.08251293256362069
community_nmi,30,class091-coucal-sample03-src01629,91,3,0.38487310865568924,0.23494549441356227,0.14992761424212697
community_nmi,30,class091-coucal-sample04-src03448,91,4,0.3521728120052294,0.21987977324981695,0.13229303875541243
community_nmi,30,class171-Italian_greyhound-sample00-src00001,171,0,0.22819378923071834,0.20038341447100957,0.027810374759708767
community_nmi,30,class171-Italian_greyhound-sample01-src02164,171,1,0.27913708014670807,0.1965379204065218,0.08259915974018628
community_nmi,30,class171-Italian_greyhound-sample02-src02599,171,2,0.27107001960411026,0.23351053069787694,0.03755948890623331
community_nmi,30,class171-Italian_greyhound-sample03-src02775,171,3,0.28916973591036654,0.20374517564807423,0.08542456026229231
community_nmi,30,class171-Italian_greyhound-sample04-src03793,171,4,0.22597290372141182,0.2264206817464573,-0.0004477780250454755
community_nmi,30,class505-coffeepot-sample00-src00013,505,0,0.31362327111649385,0.2446119823554068,0.06901128876108706
community_nmi,30,class505-coffeepot-sample01-src01487,505,1,0.2889352319335788,0.1796537166349364,0.10928151529864238
community_nmi,30,class505-coffeepot-sample02-src02782,505,2,0.2871075950104242,0.18952280653061118,0.09758478847981303
community_nmi,30,class505-coffeepot-sample03-src05563,505,3,0.20563269620952776,0.2021658291230451,0.0034668670864826667
community_nmi,30,class505-coffeepot-sample04-src05824,505,4,0.206572796135336,0.21660180584118796,-0.010029009705851966
community_nmi,30,class817-sports_car-sample00-src00019,817,0,0.3134009298937626,0.12333261108837193,0.19006831880539068
community_nmi,30,class817-sports_car-sample01-src00787,817,1,0.26154098129822434,0.22527373284611785,0.03626724845210649
community_nmi,30,class817-sports_car-sample02-src02853,817,2,0.28364119184153347,0.1574084095262825,0.12623278231525098
community_nmi,30,class817-sports_car-sample03-src04513,817,3,0.32825265954481453,0.1676913998020539,0.16056125974276064
community_nmi,30,class817-sports_car-sample04-src04549,817,4,0.28457940434764717,0.22734225855265117,0.057237145794996
community_nmi,30,class980-volcano-sample00-src00002,980,0,0.28895548687454564,0.21911825825502987,0.06983722861951577
community_nmi,30,class980-volcano-sample01-src00863,980,1,0.32323237726981524,0.24215500461103354,0.0810773726587817
community_nmi,30,class980-volcano-sample02-src01265,980,2,0.29775984489930873,0.19735860739175703,0.1004012375075517
community_nmi,30,class980-volcano-sample03-src01422,980,3,0.32554721857397184,0.23163614301072083,0.09391107556325101
community_nmi,30,class980-volcano-sample04-src01813,980,4,0.28038267940519723,0.1543984660323659,0.12598421337283133
community_ari,30,class091-coucal-sample00-src00000,91,0,0.3043072531085214,0.17439921133164618,0.12990804177687523
community_ari,30,class091-coucal-sample01-src00316,91,1,0.2036561455185166,0.14019279914290403,0.06346334637561257
community_ari,30,class091-coucal-sample02-src01583,91,2,0.2711127086746927,0.207992483839053,0.06312022483563973
community_ari,30,class091-coucal-sample03-src01629,91,3,0.3348733644956715,0.16948083575978107,0.16539252873589044
community_ari,30,class091-coucal-sample04-src03448,91,4,0.3136122033138927,0.17356801401851463,0.1400441892953781
community_ari,30,class171-Italian_greyhound-sample00-src00001,171,0,0.23590575452810436,0.18158119091639097,0.054324563611713395
community_ari,30,class171-Italian_greyhound-sample01-src02164,171,1,0.2943715300875897,0.18905187350642896,0.10531965658116074
community_ari,30,class171-Italian_greyhound-sample02-src02599,171,2,0.2790702519848588,0.20657586072714382,0.07249439125771498
community_ari,30,class171-Italian_greyhound-sample03-src02775,171,3,0.3088684359307527,0.18950685724230004,0.11936157868845265
community_ari,30,class171-Italian_greyhound-sample04-src03793,171,4,0.21341928340657362,0.1785736779110291,0.034845605495544524
community_ari,30,class505-coffeepot-sample00-src00013,505,0,0.23155499636170326,0.17473769378571694,0.05681730257598633
community_ari,30,class505-coffeepot-sample01-src01487,505,1,0.24716182646581195,0.12846097015009234,0.11870085631571961
community_ari,30,class505-coffeepot-sample02-src02782,505,2,0.2623648360775849,0.15418292249053658,0.10818191358704829
community_ari,30,class505-coffeepot-sample03-src05563,505,3,0.1528103144130893,0.17180760748752882,-0.018997293074439536
community_ari,30,class505-coffeepot-sample04-src05824,505,4,0.16005384880822324,0.18846226821590278,-0.028408419407679547
community_ari,30,class817-sports_car-sample00-src00019,817,0,0.3771307328449526,0.11595117588642982,0.26117955695852274
community_ari,30,class817-sports_car-sample01-src00787,817,1,0.3178407843624115,0.19361809481053013,0.12422268955188134
community_ari,30,class817-sports_car-sample02-src02853,817,2,0.35722476363201905,0.13432435241299306,0.22290041121902598
community_ari,30,class817-sports_car-sample03-src04513,817,3,0.40576377514035084,0.16583701582941496,0.23992675931093588
community_ari,30,class817-sports_car-sample04-src04549,817,4,0.31189313338546265,0.1990674462877698,0.11282568709769286
community_ari,30,class980-volcano-sample00-src00002,980,0,0.25474752924699656,0.19272114657651968,0.06202638267047689
community_ari,30,class980-volcano-sample01-src00863,980,1,0.2999648485458874,0.19978190622319486,0.10018294232269254
community_ari,30,class980-volcano-sample02-src01265,980,2,0.26846612715774776,0.15838072891328392,0.11008539824446384
community_ari,30,class980-volcano-sample03-src01422,980,3,0.23621711795392886,0.15904363003014124,0.07717348792378761
community_ari,30,class980-volcano-sample04-src01813,980,4,0.27022782660403516,0.12623718831121525,0.1439906382928199
delta_con,30,class091-coucal-sample00-src00000,91,0,0.05833728017608375,0.05288718085666323,0.005450099319420518
delta_con,30,class091-coucal-sample01-src00316,91,1,0.05606270469276723,0.052738603340589704,0.003324101352177526
delta_con,30,class091-coucal-sample02-src01583,91,2,0.056219368561708886,0.052329326783401776,0.00389004177830711
delta_con,30,class091-coucal-sample03-src01629,91,3,0.0560375555419038,0.0503715977690541,0.0056659577728497
delta_con,30,class091-coucal-sample04-src03448,91,4,0.058624992071780846,0.05328654013408881,0.005338451937692036
delta_con,30,class171-Italian_greyhound-sample00-src00001,171,0,0.055632275351610486,0.05185356859518435,0.0037787067564261367
delta_con,30,class171-Italian_greyhound-sample01-src02164,171,1,0.05476419367754855,0.05095049247404251,0.003813701203506041
delta_con,30,class171-Italian_greyhound-sample02-src02599,171,2,0.05673314693324184,0.051318447199098075,0.005414699734143769
delta_con,30,class171-Italian_greyhound-sample03-src02775,171,3,0.05421528387272202,0.04924559830620006,0.004969685566521963
delta_con,30,class171-Italian_greyhound-sample04-src03793,171,4,0.05682790285794574,0.05443746856457028,0.0023904342933754597
delta_con,30,class505-coffeepot-sample00-src00013,505,0,0.05441689184511162,0.052246617984500275,0.0021702738606113464
delta_con,30,class505-coffeepot-sample01-src01487,505,1,0.052862757708977214,0.05056014374053854,0.0023026139684386715
delta_con,30,class505-coffeepot-sample02-src02782,505,2,0.053864482635909816,0.052495803707310454,0.0013686789285993622
delta_con,30,class505-coffeepot-sample03-src05563,505,3,0.053123531036966674,0.0520729710210886,0.0010505600158780756
delta_con,30,class505-coffeepot-sample04-src05824,505,4,0.05324904374666301,0.0509009551203897,0.002348088626273309
delta_con,30,class817-sports_car-sample00-src00019,817,0,0.05264861217254714,0.049917013858533726,0.0027315983140134142
delta_con,30,class817-sports_car-sample01-src00787,817,1,0.05448944452807062,0.05458608700982204,-9.664248175141749e-05
delta_con,30,class817-sports_car-sample02-src02853,817,2,0.05091494530644752,0.04949535481287398,0.0014195904935735415
delta_con,30,class817-sports_car-sample03-src04513,817,3,0.05127249844003602,0.047120262366464244,0.004152236073571777
delta_con,30,class817-sports_car-sample04-src04549,817,4,0.05284640244586718,0.05157768646165913,0.001268715984208045
delta_con,30,class980-volcano-sample00-src00002,980,0,0.055376030645947844,0.050261338591959984,0.00511469205398786
delta_con,30,class980-volcano-sample01-src00863,980,1,0.055915643450885705,0.05374982370647681,0.002165819744408895
delta_con,30,class980-volcano-sample02-src01265,980,2,0.056996865849538496,0.05116763143138194,0.005829234418156554
delta_con,30,class980-volcano-sample03-src01422,980,3,0.05785137767044318,0.05240469216582905,0.005446685504614135
delta_con,30,class980-volcano-sample04-src01813,980,4,0.05969076040673757,0.053224746780819135,0.006466013625918435
delta_con_attr,30,class091-coucal-sample00-src00000,91,0,0.8351083460295043,0.8439572549173097,-0.008848908887805318
delta_con_attr,30,class091-coucal-sample01-src00316,91,1,0.8268621241923491,0.8330567365509036,-0.006194612358554563
delta_con_attr,30,class091-coucal-sample02-src01583,91,2,0.8186684758904481,0.8404129085713159,-0.021744432680867787
delta_con_attr,30,class091-coucal-sample03-src01629,91,3,0.8261740161625677,0.827507047843769,-0.0013330316812013576
delta_con_attr,30,class091-coucal-sample04-src03448,91,4,0.8319103541239814,0.827903468642212,0.004006885481769418
delta_con_attr,30,class171-Italian_greyhound-sample00-src00001,171,0,0.8344773525441647,0.8330828885385241,0.0013944640056405833
delta_con_attr,30,class171-Italian_greyhound-sample01-src02164,171,1,0.833598297936784,0.8352310722945255,-0.001632774357741562
delta_con_attr,30,class171-Italian_greyhound-sample02-src02599,171,2,0.8420293873552714,0.8450361060110969,-0.003006718655825469
delta_con_attr,30,class171-Italian_greyhound-sample03-src02775,171,3,0.8314419023265529,0.844522642387257,-0.013080740060704144
delta_con_attr,30,class171-Italian_greyhound-sample04-src03793,171,4,0.8228590582441587,0.8317954226581964,-0.008936364414037667
delta_con_attr,30,class505-coffeepot-sample00-src00013,505,0,0.8484578442957422,0.8332163006745311,0.015241543621211107
delta_con_attr,30,class505-coffeepot-sample01-src01487,505,1,0.8408110658782222,0.8251827560044624,0.015628309873759738
delta_con_attr,30,class505-coffeepot-sample02-src02782,505,2,0.850600106240676,0.8442881661421847,0.006311940098491231
delta_con_attr,30,class505-coffeepot-sample03-src05563,505,3,0.8480784417144075,0.8336719911569912,0.014406450557416295
delta_con_attr,30,class505-coffeepot-sample04-src05824,505,4,0.8350958731974792,0.8284489157389648,0.006646957458514402
delta_con_attr,30,class817-sports_car-sample00-src00019,817,0,0.856090729933296,0.8211450778748791,0.03494565205841693
delta_con_attr,30,class817-sports_car-sample01-src00787,817,1,0.8470842717237667,0.835809945221819,0.011274326501947707
delta_con_attr,30,class817-sports_car-sample02-src02853,817,2,0.8502137676182759,0.8179926032342187,0.0322211643840572
delta_con_attr,30,class817-sports_car-sample03-src04513,817,3,0.8579641275235635,0.8276372763508254,0.030326851172738145
delta_con_attr,30,class817-sports_car-sample04-src04549,817,4,0.8556694737974408,0.8205100261008369,0.03515944769660395
delta_con_attr,30,class980-volcano-sample00-src00002,980,0,0.8361974523153642,0.8376709364097691,-0.0014734840944048422
delta_con_attr,30,class980-volcano-sample01-src00863,980,1,0.8409149542136448,0.8366972095176953,0.004217744695949488
delta_con_attr,30,class980-volcano-sample02-src01265,980,2,0.8443461056683756,0.8299319674548948,0.01441413821348081
delta_con_attr,30,class980-volcano-sample03-src01422,980,3,0.825104710876686,0.8276362136017321,-0.0025315027250460975
delta_con_attr,30,class980-volcano-sample04-src01813,980,4,0.83353257749019,0.8266827671460639,0.006849810344126128
ged_approx,30,class091-coucal-sample00-src00000,91,0,0.5062905839305951,0.3250019009571009,0.1812886829734942
ged_approx,30,class091-coucal-sample01-src00316,91,1,0.4290538820342825,0.3140713719275735,0.11498251010670901
ged_approx,30,class091-coucal-sample02-src01583,91,2,0.3790267701097273,0.2655490671092826,0.11347770300044469
ged_approx,30,class091-coucal-sample03-src01629,91,3,0.45932709807737704,0.2940214414552994,0.16530565662207763
ged_approx,30,class091-coucal-sample04-src03448,91,4,0.516307903688401,0.3297973463437177,0.18651055734468325
ged_approx,30,class171-Italian_greyhound-sample00-src00001,171,0,0.4243241881171032,0.2811126316618186,0.1432115564552846
ged_approx,30,class171-Italian_greyhound-sample01-src02164,171,1,0.45509110610467457,0.2761244394516836,0.178966666652991
ged_approx,30,class171-Italian_greyhound-sample02-src02599,171,2,0.4895731571150289,0.27893586639283835,0.21063729072219056
ged_approx,30,class171-Italian_greyhound-sample03-src02775,171,3,0.45294802237702114,0.2612584375978157,0.19168958477920545
ged_approx,30,class171-Italian_greyhound-sample04-src03793,171,4,0.38572808514635903,0.3059778745878433,0.07975021055851572
ged_approx,30,class505-coffeepot-sample00-src00013,505,0,0.40871996705776414,0.30537998727705096,0.10333997978071319
ged_approx,30,class505-coffeepot-sample01-src01487,505,1,0.3872439370500749,0.2743900785441802,0.11285385850589474
ged_approx,30,class505-coffeepot-sample02-src02782,505,2,0.4189353860286565,0.3054719501521339,0.11346343587652258
ged_approx,30,class505-coffeepot-sample03-src05563,505,3,0.3823525860113552,0.2880134639023682,0.09433912210898698
ged_approx,30,class505-coffeepot-sample04-src05824,505,4,0.37479386796800634,0.29774990876965907,0.07704395919834728
ged_approx,30,class817-sports_car-sample00-src00019,817,0,0.37414175528550386,0.21889381433659422,0.15524794094890965
ged_approx,30,class817-sports_car-sample01-src00787,817,1,0.3246511264401961,0.2884768163168009,0.036174310123395226
ged_approx,30,class817-sports_car-sample02-src02853,817,2,0.3790576986041312,0.2117102077259851,0.1673474908781461
ged_approx,30,class817-sports_car-sample03-src04513,817,3,0.36699962347771664,0.18401151879578884,0.1829881046819278
ged_approx,30,class817-sports_car-sample04-src04549,817,4,0.36778625200065657,0.27811886817403586,0.0896673838266207
ged_approx,30,class980-volcano-sample00-src00002,980,0,0.4401962301979269,0.2952238442639984,0.14497238593392853
ged_approx,30,class980-volcano-sample01-src00863,980,1,0.4612216858030202,0.3148436444603274,0.14637804134269278
ged_approx,30,class980-volcano-sample02-src01265,980,2,0.46461058587932325,0.2921258327848881,0.17248475309443517
ged_approx,30,class980-volcano-sample03-src01422,980,3,0.43436621111049223,0.3128674265457191,0.12149878456477314
ged_approx,30,class980-volcano-sample04-src01813,980,4,0.4853828708158602,0.28654864037110495,0.19883423044475523
wl_kernel,30,class091-coucal-sample00-src00000,91,0,0.0,0.0,0.0
wl_kernel,30,class091-coucal-sample01-src00316,91,1,0.0,0.0,0.0
wl_kernel,30,class091-coucal-sample02-src01583,91,2,0.0,0.0,0.0
wl_kernel,30,class091-coucal-sample03-src01629,91,3,0.0,0.0,0.0
wl_kernel,30,class091-coucal-sample04-src03448,91,4,0.0,0.0,0.0
wl_kernel,30,class171-Italian_greyhound-sample00-src00001,171,0,0.0,0.0,0.0
wl_kernel,30,class171-Italian_greyhound-sample01-src02164,171,1,0.0,0.0,0.0
wl_kernel,30,class171-Italian_greyhound-sample02-src02599,171,2,0.0,0.0,0.0
wl_kernel,30,class171-Italian_greyhound-sample03-src02775,171,3,0.0,0.0,0.0
wl_kernel,30,class171-Italian_greyhound-sample04-src03793,171,4,0.0,0.0,0.0
wl_kernel,30,class505-coffeepot-sample00-src00013,505,0,0.0,0.0,0.0
wl_kernel,30,class505-coffeepot-sample01-src01487,505,1,0.0,0.0,0.0
wl_kernel,30,class505-coffeepot-sample02-src02782,505,2,0.0,0.0,0.0
wl_kernel,30,class505-coffeepot-sample03-src05563,505,3,0.0,0.0,0.0
wl_kernel,30,class505-coffeepot-sample04-src05824,505,4,0.0,0.0,0.0
wl_kernel,30,class817-sports_car-sample00-src00019,817,0,0.0,0.0,0.0
wl_kernel,30,class817-sports_car-sample01-src00787,817,1,0.0,0.0,0.0
wl_kernel,30,class817-sports_car-sample02-src02853,817,2,0.0,0.0,0.0
wl_kernel,30,class817-sports_car-sample03-src04513,817,3,0.0,0.0,0.0
wl_kernel,30,class817-sports_car-sample04-src04549,817,4,0.0,0.0,0.0
wl_kernel,30,class980-volcano-sample00-src00002,980,0,0.0,0.0,0.0
wl_kernel,30,class980-volcano-sample01-src00863,980,1,0.0,0.0,0.0
wl_kernel,30,class980-volcano-sample02-src01265,980,2,0.0,0.0,0.0
wl_kernel,30,class980-volcano-sample03-src01422,980,3,0.0,0.0,0.0
wl_kernel,30,class980-volcano-sample04-src01813,980,4,0.0,0.0,0.0
gw_approx,30,class091-coucal-sample00-src00000,91,0,0.9268953919908585,0.857088020378759,0.06980737161209949
gw_approx,30,class091-coucal-sample01-src00316,91,1,0.9229384846321799,0.8643768708520879,0.05856161378009195
gw_approx,30,class091-coucal-sample02-src01583,91,2,0.870731884186997,0.8328665089257138,0.037865375261283196
gw_approx,30,class091-coucal-sample03-src01629,91,3,0.8938991719831335,0.8423608629822847,0.05153830900084877
gw_approx,30,class091-coucal-sample04-src03448,91,4,0.9189810805785503,0.8541017381674759,0.0648793424110744
gw_approx,30,class171-Italian_greyhound-sample00-src00001,171,0,0.8729394357241375,0.8749393002475256,-0.001999864523388184
gw_approx,30,class171-Italian_greyhound-sample01-src02164,171,1,0.876178586563453,0.8620991338336157,0.01407945272983735
gw_approx,30,class171-Italian_greyhound-sample02-src02599,171,2,0.8642120760812715,0.8323755492346654,0.031836526846606095
gw_approx,30,class171-Italian_greyhound-sample03-src02775,171,3,0.8339040382907394,0.8079212038196047,0.025982834471134697
gw_approx,30,class171-Italian_greyhound-sample04-src03793,171,4,0.7736551859849221,0.808992339481699,-0.03533715349677691
gw_approx,30,class505-coffeepot-sample00-src00013,505,0,0.8887944286758019,0.8541750309557571,0.03461939772004485
gw_approx,30,class505-coffeepot-sample01-src01487,505,1,0.8672952183700555,0.8505186835552209,0.016776534814834654
gw_approx,30,class505-coffeepot-sample02-src02782,505,2,0.8915129683235722,0.8300241187642186,0.06148884955935363
gw_approx,30,class505-coffeepot-sample03-src05563,505,3,0.8743884960350263,0.8136974155419375,0.0606910804930888
gw_approx,30,class505-coffeepot-sample04-src05824,505,4,0.8764609391405491,0.8540816357738834,0.022379303366665715
gw_approx,30,class817-sports_car-sample00-src00019,817,0,0.825548631378672,0.738805630959662,0.08674300041900995
gw_approx,30,class817-sports_car-sample01-src00787,817,1,0.735843645185305,0.8211242250088177,-0.08528057982351267
gw_approx,30,class817-sports_car-sample02-src02853,817,2,0.7976017096935266,0.6888943217689063,0.10870738792462031
gw_approx,30,class817-sports_car-sample03-src04513,817,3,0.8224427485607213,0.7126585193264727,0.10978422923424858
gw_approx,30,class817-sports_car-sample04-src04549,817,4,0.776129721699248,0.847902731973974,-0.07177301027472605
gw_approx,30,class980-volcano-sample00-src00002,980,0,0.9020119253630631,0.8642579850198793,0.0377539403431838
gw_approx,30,class980-volcano-sample01-src00863,980,1,0.886996417081176,0.8357656128334094,0.051230804247766604
gw_approx,30,class980-volcano-sample02-src01265,980,2,0.8854673960149436,0.8672498404221608,0.01821755559278282
gw_approx,30,class980-volcano-sample03-src01422,980,3,0.8791143019361287,0.8244768680937286,0.05463743384240016
gw_approx,30,class980-volcano-sample04-src01813,980,4,0.8999598150734819,0.8538510586675363,0.04610875640594558
dynamic_trajectory,30,class091-coucal-sample00-src00000,91,0,0.9423213160048455,0.93241700310014,0.009904312904705503
dynamic_trajectory,30,class091-coucal-sample01-src00316,91,1,0.9022093116005303,0.9149200983096415,-0.012710786709111188
dynamic_trajectory,30,class091-coucal-sample02-src01583,91,2,0.8783340892855666,0.8671204560414166,0.011213633244149923
dynamic_trajectory,30,class091-coucal-sample03-src01629,91,3,0.9451374650286797,0.9331076923466719,0.012029772682007778
dynamic_trajectory,30,class091-coucal-sample04-src03448,91,4,0.9390158748020916,0.9320926448823255,0.006923229919766127
dynamic_trajectory,30,class171-Italian_greyhound-sample00-src00001,171,0,0.9498741224676728,0.9086168176431114,0.04125730482456136
dynamic_trajectory,30,class171-Italian_greyhound-sample01-src02164,171,1,0.9193188155796065,0.9201192238792835,-0.0008004082996769801
dynamic_trajectory,30,class171-Italian_greyhound-sample02-src02599,171,2,0.9580112270337807,0.9166055408202292,0.04140568621355156
dynamic_trajectory,30,class171-Italian_greyhound-sample03-src02775,171,3,0.9596519761448405,0.922436971986245,0.03721500415859558
dynamic_trajectory,30,class171-Italian_greyhound-sample04-src03793,171,4,0.9476243748720248,0.9311394200638263,0.01648495480819845
dynamic_trajectory,30,class505-coffeepot-sample00-src00013,505,0,0.8853302983298058,0.9452100245657917,-0.05987972623598592
dynamic_trajectory,30,class505-coffeepot-sample01-src01487,505,1,0.8856930935100631,0.9452453994279066,-0.05955230591784355
dynamic_trajectory,30,class505-coffeepot-sample02-src02782,505,2,0.9163390864123134,0.8784401169045676,0.03789896950774585
dynamic_trajectory,30,class505-coffeepot-sample03-src05563,505,3,0.9164676512090243,0.8789748138624812,0.03749283734654307
dynamic_trajectory,30,class505-coffeepot-sample04-src05824,505,4,0.8829411632252722,0.8445714594856687,0.03836970373960347
dynamic_trajectory,30,class817-sports_car-sample00-src00019,817,0,0.848415412624364,0.8788245356902555,-0.030409123065891497
dynamic_trajectory,30,class817-sports_car-sample01-src00787,817,1,0.8252594677050132,0.8483232068538407,-0.023063739148827422
dynamic_trajectory,30,class817-sports_car-sample02-src02853,817,2,0.8963485707400842,0.9393493440193816,-0.04300077327929741
dynamic_trajectory,30,class817-sports_car-sample03-src04513,817,3,0.8963601947458237,0.939396447238277,-0.04303625249245324
dynamic_trajectory,30,class817-sports_car-sample04-src04549,817,4,0.8620243057587783,0.8944867146623849,-0.03246240890360663
dynamic_trajectory,30,class980-volcano-sample00-src00002,980,0,0.9361232511719202,0.934284528227906,0.001838722944014215
dynamic_trajectory,30,class980-volcano-sample01-src00863,980,1,0.9422222115478049,0.9263728856029871,0.015849325944817805
dynamic_trajectory,30,class980-volcano-sample02-src01265,980,2,0.9456311036682837,0.9300818520791555,0.015549251589128232
dynamic_trajectory,30,class980-volcano-sample03-src01422,980,3,0.8559948238915012,0.8715953301717757,-0.01560050628027454
dynamic_trajectory,30,class980-volcano-sample04-src01813,980,4,0.9396143060419622,0.9345654835523597,0.005048822489602478
community_nmi,40,class091-coucal-sample00-src00000,91,0,0.3255490606382574,0.22146062329496066,0.10408843734329673
community_nmi,40,class091-coucal-sample01-src00316,91,1,0.19984135709482387,0.20165163460521981,-0.0018102775103959468
community_nmi,40,class091-coucal-sample02-src01583,91,2,0.26278473589792567,0.2218237248853976,0.04096101101252808
community_nmi,40,class091-coucal-sample03-src01629,91,3,0.3076288608025274,0.20876003883268993,0.09886882196983746
community_nmi,40,class091-coucal-sample04-src03448,91,4,0.26962142704996894,0.20630035862434953,0.06332106842561941
community_nmi,40,class171-Italian_greyhound-sample00-src00001,171,0,0.21355417139388772,0.23361921918920486,-0.020065047795317148
community_nmi,40,class171-Italian_greyhound-sample01-src02164,171,1,0.3074325271233908,0.24270673020662334,0.06472579691676747
community_nmi,40,class171-Italian_greyhound-sample02-src02599,171,2,0.281927603015629,0.20747394652207754,0.07445365649355148
community_nmi,40,class171-Italian_greyhound-sample03-src02775,171,3,0.2773632622316744,0.21676334382997883,0.06059991840169557
community_nmi,40,class171-Italian_greyhound-sample04-src03793,171,4,0.2094030008715355,0.20470614211790764,0.004696858753627853
community_nmi,40,class505-coffeepot-sample00-src00013,505,0,0.33028710690935725,0.23008649011998564,0.10020061678937162
community_nmi,40,class505-coffeepot-sample01-src01487,505,1,0.31357717077207614,0.19595761343978674,0.1176195573322894
community_nmi,40,class505-coffeepot-sample02-src02782,505,2,0.3139914002615254,0.21631019807674937,0.09768120218477602
community_nmi,40,class505-coffeepot-sample03-src05563,505,3,0.25586145433570634,0.22722686011023452,0.02863459422547182
community_nmi,40,class505-coffeepot-sample04-src05824,505,4,0.2299700419432758,0.25797268526440487,-0.02800264332112906
community_nmi,40,class817-sports_car-sample00-src00019,817,0,0.3151977216656729,0.15282696068462326,0.16237076098104963
community_nmi,40,class817-sports_car-sample01-src00787,817,1,0.2486920425525559,0.23974968069082228,0.008942361861733611
community_nmi,40,class817-sports_car-sample02-src02853,817,2,0.2887608460711553,0.15170785370421017,0.13705299236694515
community_nmi,40,class817-sports_car-sample03-src04513,817,3,0.3037733882595256,0.16337785038733527,0.14039553787219033
community_nmi,40,class817-sports_car-sample04-src04549,817,4,0.3095947523160304,0.2780757749551976,0.03151897736083281
community_nmi,40,class980-volcano-sample00-src00002,980,0,0.25657550871525864,0.19501007714898264,0.061565431566276
community_nmi,40,class980-volcano-sample01-src00863,980,1,0.24634473691264083,0.23259004330860117,0.013754693604039664
community_nmi,40,class980-volcano-sample02-src01265,980,2,0.2720647722048818,0.24119025088271778,0.030874521322164006
community_nmi,40,class980-volcano-sample03-src01422,980,3,0.2685810975730849,0.1768386315773624,0.0917424659957225
community_nmi,40,class980-volcano-sample04-src01813,980,4,0.2729373035726004,0.1858968015963956,0.08704050197620478
community_ari,40,class091-coucal-sample00-src00000,91,0,0.288365077246168,0.17265075261386703,0.11571432463230097
community_ari,40,class091-coucal-sample01-src00316,91,1,0.15827737330831365,0.15589922602612843,0.0023781472821852168
community_ari,40,class091-coucal-sample02-src01583,91,2,0.23835721450442945,0.1977376988865125,0.04061951561791696
community_ari,40,class091-coucal-sample03-src01629,91,3,0.2602264194494543,0.15738036817033335,0.10284605127912094
community_ari,40,class091-coucal-sample04-src03448,91,4,0.2518372903425478,0.18095697007075065,0.07088032027179716
community_ari,40,class171-Italian_greyhound-sample00-src00001,171,0,0.23287597114954944,0.20928792361379855,0.02358804753575089
community_ari,40,class171-Italian_greyhound-sample01-src02164,171,1,0.34588408176131447,0.2188073606355994,0.12707672112571505
community_ari,40,class171-Italian_greyhound-sample02-src02599,171,2,0.30252415264087373,0.17574590752075603,0.1267782451201177
community_ari,40,class171-Italian_greyhound-sample03-src02775,171,3,0.3227335049706902,0.21088019428379573,0.11185331068689447
community_ari,40,class171-Italian_greyhound-sample04-src03793,171,4,0.21139766704828622,0.16378148030225964,0.04761618674602658
community_ari,40,class505-coffeepot-sample00-src00013,505,0,0.25194516166470204,0.16920318919012567,0.08274197247457638
community_ari,40,class505-coffeepot-sample01-src01487,505,1,0.24513600325865484,0.13477318936427513,0.11036281389437971
community_ari,40,class505-coffeepot-sample02-src02782,505,2,0.2638407110117522,0.16215423929031508,0.10168647172143713
community_ari,40,class505-coffeepot-sample03-src05563,505,3,0.19512804478072587,0.1875744226947942,0.0075536220859316605
community_ari,40,class505-coffeepot-sample04-src05824,505,4,0.16676113278817986,0.22336501464292122,-0.056603881854741356
community_ari,40,class817-sports_car-sample00-src00019,817,0,0.364108354444974,0.15332020225837198,0.21078815218660205
community_ari,40,class817-sports_car-sample01-src00787,817,1,0.26255325612601293,0.21151064441911452,0.051042611706898416
community_ari,40,class817-sports_car-sample02-src02853,817,2,0.34172842451910884,0.12797472841818383,0.213753696100925
community_ari,40,class817-sports_car-sample03-src04513,817,3,0.3630945687700227,0.1639762692481437,0.199118299521879
community_ari,40,class817-sports_car-sample04-src04549,817,4,0.31766980908168585,0.24971839135403395,0.0679514177276519
community_ari,40,class980-volcano-sample00-src00002,980,0,0.22430887031745886,0.1669460440172441,0.05736282630021475
community_ari,40,class980-volcano-sample01-src00863,980,1,0.19135532037077582,0.1928011884901689,-0.0014458681193930678
community_ari,40,class980-volcano-sample02-src01265,980,2,0.2615950252442653,0.192722774852162,0.06887225039210332
community_ari,40,class980-volcano-sample03-src01422,980,3,0.24707928762531678,0.13571952467350507,0.11135976295181171
community_ari,40,class980-volcano-sample04-src01813,980,4,0.25810908238950936,0.14614353209427688,0.11196555029523247
delta_con,40,class091-coucal-sample00-src00000,91,0,0.058650469860949794,0.052787490624887044,0.00586297923606275
delta_con,40,class091-coucal-sample01-src00316,91,1,0.05616231097160149,0.052007426927273545,0.004154884044327942
delta_con,40,class091-coucal-sample02-src01583,91,2,0.05611114681167442,0.05201787367461262,0.004093273137061801
delta_con,40,class091-coucal-sample03-src01629,91,3,0.05633029609835052,0.050330599121436906,0.005999696976913611
delta_con,40,class091-coucal-sample04-src03448,91,4,0.058478874074924976,0.05292667595725873,0.005552198117666246
delta_con,40,class171-Italian_greyhound-sample00-src00001,171,0,0.054216045093383604,0.050928088680245134,0.0032879564131384695
delta_con,40,class171-Italian_greyhound-sample01-src02164,171,1,0.05366239247877111,0.050358368578800786,0.0033040238999703236
delta_con,40,class171-Italian_greyhound-sample02-src02599,171,2,0.05567342338326841,0.05040972651252086,0.005263696870747549
delta_con,40,class171-Italian_greyhound-sample03-src02775,171,3,0.05350283439375718,0.04898327058119762,0.004519563812559559
delta_con,40,class171-Italian_greyhound-sample04-src03793,171,4,0.05605784975824898,0.054363840846537156,0.001694008911711821
delta_con,40,class505-coffeepot-sample00-src00013,505,0,0.05437502103735604,0.05269345055321902,0.0016815704841370155
delta_con,40,class505-coffeepot-sample01-src01487,505,1,0.05315517005301099,0.05109632741489721,0.0020588426381137823
delta_con,40,class505-coffeepot-sample02-src02782,505,2,0.05312363766685724,0.051464663697278326,0.0016589739695789113
delta_con,40,class505-coffeepot-sample03-src05563,505,3,0.053092471569458705,0.05180497264832949,0.0012874989211292126
delta_con,40,class505-coffeepot-sample04-src05824,505,4,0.052713049147238095,0.050377140444930225,0.0023359087023078692
delta_con,40,class817-sports_car-sample00-src00019,817,0,0.05179017996365596,0.04982460709467108,0.001965572868984876
delta_con,40,class817-sports_car-sample01-src00787,817,1,0.053047785902333985,0.053358485678758914,-0.0003106997764249289
delta_con,40,class817-sports_car-sample02-src02853,817,2,0.050299638595517115,0.04925756842008192,0.0010420701754351933
delta_con,40,class817-sports_car-sample03-src04513,817,3,0.05038263213315301,0.04688653170924801,0.0034961004239050034
delta_con,40,class817-sports_car-sample04-src04549,817,4,0.051578185486948064,0.05089541669138888,0.0006827687955591813
delta_con,40,class980-volcano-sample00-src00002,980,0,0.05560287318378304,0.05047640813521666,0.005126465048566384
delta_con,40,class980-volcano-sample01-src00863,980,1,0.0558956406592492,0.05312222485142167,0.0027734158078275284
delta_con,40,class980-volcano-sample02-src01265,980,2,0.05646966168363632,0.05105072332613729,0.0054189383574990285
delta_con,40,class980-volcano-sample03-src01422,980,3,0.057581499897529746,0.05210051016289623,0.005480989734633519
delta_con,40,class980-volcano-sample04-src01813,980,4,0.0596853203182806,0.05322879349869958,0.006456526819581025
delta_con_attr,40,class091-coucal-sample00-src00000,91,0,0.8455883515681838,0.8369407848543636,0.008647566713820165
delta_con_attr,40,class091-coucal-sample01-src00316,91,1,0.8473956752863613,0.8269653852092234,0.020430290077137925
delta_con_attr,40,class091-coucal-sample02-src01583,91,2,0.8273178486650459,0.846584020384834,-0.019266171719788172
delta_con_attr,40,class091-coucal-sample03-src01629,91,3,0.8371104063193098,0.8390647451765462,-0.001954338857236393
delta_con_attr,40,class091-coucal-sample04-src03448,91,4,0.8330259542820688,0.8259463965378602,0.007079557744208653
delta_con_attr,40,class171-Italian_greyhound-sample00-src00001,171,0,0.824927729841883,0.824821055768254,0.00010667407362896508
delta_con_attr,40,class171-Italian_greyhound-sample01-src02164,171,1,0.8271892854459176,0.8326353067998354,-0.005446021353917807
delta_con_attr,40,class171-Italian_greyhound-sample02-src02599,171,2,0.8412970065000515,0.8399618923882437,0.0013351141118077559
delta_con_attr,40,class171-Italian_greyhound-sample03-src02775,171,3,0.8366707957314219,0.8472449974693308,-0.010574201737908906
delta_con_attr,40,class171-Italian_greyhound-sample04-src03793,171,4,0.817644740582925,0.8299340571014315,-0.01228931651850651
delta_con_attr,40,class505-coffeepot-sample00-src00013,505,0,0.839491235392217,0.8435894817385293,-0.004098246346312284
delta_con_attr,40,class505-coffeepot-sample01-src01487,505,1,0.8332251844538854,0.8302667127928023,0.0029584716610830952
delta_con_attr,40,class505-coffeepot-sample02-src02782,505,2,0.8469969245136177,0.8452504848300355,0.001746439683582235
delta_con_attr,40,class505-coffeepot-sample03-src05563,505,3,0.8441353953782504,0.8364646355244766,0.007670759853773856
delta_con_attr,40,class505-coffeepot-sample04-src05824,505,4,0.8184285322354381,0.8133311313788342,0.005097400856603929
delta_con_attr,40,class817-sports_car-sample00-src00019,817,0,0.8459311133578216,0.8204337963441267,0.025497317013694842
delta_con_attr,40,class817-sports_car-sample01-src00787,817,1,0.8401911725975305,0.8315616852959573,0.008629487301573202
delta_con_attr,40,class817-sports_car-sample02-src02853,817,2,0.8502105550298319,0.823367333749986,0.02684322127984584
delta_con_attr,40,class817-sports_car-sample03-src04513,817,3,0.861965006463704,0.8404243436674441,0.02154066279625988
delta_con_attr,40,class817-sports_car-sample04-src04549,817,4,0.8593715700241525,0.8356918207732947,0.023679749250857807
delta_con_attr,40,class980-volcano-sample00-src00002,980,0,0.8293535641187363,0.8393929248961858,-0.01003936077744949
delta_con_attr,40,class980-volcano-sample01-src00863,980,1,0.8389657553107752,0.8248629504341771,0.014102804876598096
delta_con_attr,40,class980-volcano-sample02-src01265,980,2,0.8346869532886763,0.8424991213439801,-0.007812168055303825
delta_con_attr,40,class980-volcano-sample03-src01422,980,3,0.8144729593357962,0.8182518718572134,-0.003778912521417155
delta_con_attr,40,class980-volcano-sample04-src01813,980,4,0.8232453843976912,0.8346894302308183,-0.011444045833127081
ged_approx,40,class091-coucal-sample00-src00000,91,0,0.5173251660129903,0.34404998339817006,0.17327518261482022
ged_approx,40,class091-coucal-sample01-src00316,91,1,0.45945334940484406,0.3493460263485389,0.11010732305630516
ged_approx,40,class091-coucal-sample02-src01583,91,2,0.4109615174867678,0.3042412894867197,0.1067202280000481
ged_approx,40,class091-coucal-sample03-src01629,91,3,0.47740730582886,0.32145109425298896,0.15595621157587103
ged_approx,40,class091-coucal-sample04-src03448,91,4,0.5306407638028998,0.3554405556351544,0.1752002081677454
ged_approx,40,class171-Italian_greyhound-sample00-src00001,171,0,0.4426127295239232,0.314124411427229,0.1284883180966942
ged_approx,40,class171-Italian_greyhound-sample01-src02164,171,1,0.4625911343367357,0.3092294333087686,0.1533617010279671
ged_approx,40,class171-Italian_greyhound-sample02-src02599,171,2,0.5010798060253108,0.3049522360515514,0.19612756997375935
ged_approx,40,class171-Italian_greyhound-sample03-src02775,171,3,0.4668726361540201,0.28997885690197556,0.17689377925204453
ged_approx,40,class171-Italian_greyhound-sample04-src03793,171,4,0.40308103697033126,0.3346400593711923,0.06844097759913897
ged_approx,40,class505-coffeepot-sample00-src00013,505,0,0.4278106143796262,0.33591356488181207,0.09189704949781413
ged_approx,40,class505-coffeepot-sample01-src01487,505,1,0.41416971606548214,0.3120600796869447,0.10210963637853743
ged_approx,40,class505-coffeepot-sample02-src02782,505,2,0.4374537296572689,0.34348719119075244,0.09396653846651648
ged_approx,40,class505-coffeepot-sample03-src05563,505,3,0.40522937485543964,0.3178066318177354,0.08742274303770425
ged_approx,40,class505-coffeepot-sample04-src05824,505,4,0.3972223605122578,0.32647823843774565,0.07074412207451214
ged_approx,40,class817-sports_car-sample00-src00019,817,0,0.3994103713728022,0.24829292549926824,0.15111744587353398
ged_approx,40,class817-sports_car-sample01-src00787,817,1,0.34550171416507447,0.32141285551423077,0.024088858650843703
ged_approx,40,class817-sports_car-sample02-src02853,817,2,0.40991331693485383,0.24693466497508515,0.16297865195976868
ged_approx,40,class817-sports_car-sample03-src04513,817,3,0.39866107858531197,0.21967013477105796,0.178990943814254
ged_approx,40,class817-sports_car-sample04-src04549,817,4,0.3956917259310815,0.3206915165403433,0.0750002093907382
ged_approx,40,class980-volcano-sample00-src00002,980,0,0.4674558196708926,0.32500522449277996,0.14245059517811265
ged_approx,40,class980-volcano-sample01-src00863,980,1,0.4913197001477161,0.33827090323337883,0.15304879691433726
ged_approx,40,class980-volcano-sample02-src01265,980,2,0.4987838385696601,0.3302826899539053,0.16850114861575477
ged_approx,40,class980-volcano-sample03-src01422,980,3,0.46619364402849917,0.349513609401472,0.11668003462702714
ged_approx,40,class980-volcano-sample04-src01813,980,4,0.5122814254022858,0.3223022702103726,0.18997915519191322
wl_kernel,40,class091-coucal-sample00-src00000,91,0,0.0,0.0,0.0
wl_kernel,40,class091-coucal-sample01-src00316,91,1,0.0,0.0,0.0
wl_kernel,40,class091-coucal-sample02-src01583,91,2,0.0,0.0,0.0
wl_kernel,40,class091-coucal-sample03-src01629,91,3,0.0,0.0,0.0
wl_kernel,40,class091-coucal-sample04-src03448,91,4,0.0,0.0,0.0
wl_kernel,40,class171-Italian_greyhound-sample00-src00001,171,0,0.0,0.0,0.0
wl_kernel,40,class171-Italian_greyhound-sample01-src02164,171,1,0.0,0.0,0.0
wl_kernel,40,class171-Italian_greyhound-sample02-src02599,171,2,0.0,0.0,0.0
wl_kernel,40,class171-Italian_greyhound-sample03-src02775,171,3,0.0,0.0,0.0
wl_kernel,40,class171-Italian_greyhound-sample04-src03793,171,4,0.0,0.0,0.0
wl_kernel,40,class505-coffeepot-sample00-src00013,505,0,0.0,0.0,0.0
wl_kernel,40,class505-coffeepot-sample01-src01487,505,1,0.0,0.0,0.0
wl_kernel,40,class505-coffeepot-sample02-src02782,505,2,0.0,0.0,0.0
wl_kernel,40,class505-coffeepot-sample03-src05563,505,3,0.0,0.0,0.0
wl_kernel,40,class505-coffeepot-sample04-src05824,505,4,0.0,0.0,0.0
wl_kernel,40,class817-sports_car-sample00-src00019,817,0,0.0,0.0,0.0
wl_kernel,40,class817-sports_car-sample01-src00787,817,1,0.0,0.0,0.0
wl_kernel,40,class817-sports_car-sample02-src02853,817,2,0.0,0.0,0.0
wl_kernel,40,class817-sports_car-sample03-src04513,817,3,0.0,0.0,0.0
wl_kernel,40,class817-sports_car-sample04-src04549,817,4,0.0,0.0,0.0
wl_kernel,40,class980-volcano-sample00-src00002,980,0,0.0,0.0,0.0
wl_kernel,40,class980-volcano-sample01-src00863,980,1,0.0,0.0,0.0
wl_kernel,40,class980-volcano-sample02-src01265,980,2,0.0,0.0,0.0
wl_kernel,40,class980-volcano-sample03-src01422,980,3,0.0,0.0,0.0
wl_kernel,40,class980-volcano-sample04-src01813,980,4,0.0,0.0,0.0
gw_approx,40,class091-coucal-sample00-src00000,91,0,0.9283562472530527,0.8634886745233997,0.06486757272965293
gw_approx,40,class091-coucal-sample01-src00316,91,1,0.9304023531584732,0.8666859878238183,0.06371636533465486
gw_approx,40,class091-coucal-sample02-src01583,91,2,0.8954577601719441,0.8407292927900958,0.054728467381848334
gw_approx,40,class091-coucal-sample03-src01629,91,3,0.9111227397716568,0.8608198931071127,0.0503028466645441
gw_approx,40,class091-coucal-sample04-src03448,91,4,0.9308592977681013,0.8609044681770985,0.06995482959100274
gw_approx,40,class171-Italian_greyhound-sample00-src00001,171,0,0.8800504719784195,0.8786148813750916,0.0014355906033278742
gw_approx,40,class171-Italian_greyhound-sample01-src02164,171,1,0.8752313993170928,0.8755558556084756,-0.00032445629138277976
gw_approx,40,class171-Italian_greyhound-sample02-src02599,171,2,0.8728297800261628,0.8582188704756601,0.014610909550502704
gw_approx,40,class171-Italian_greyhound-sample03-src02775,171,3,0.812840289944726,0.8063533783000851,0.00648691164464088
gw_approx,40,class171-Italian_greyhound-sample04-src03793,171,4,0.7812808367086195,0.8097251843705562,-0.02844434766193671
gw_approx,40,class505-coffeepot-sample00-src00013,505,0,0.8961070403819428,0.8543300219274845,0.04177701845445825
gw_approx,40,class505-coffeepot-sample01-src01487,505,1,0.8908014257693655,0.8620417345478334,0.028759691221532102
gw_approx,40,class505-coffeepot-sample02-src02782,505,2,0.8894507654445512,0.8247312864341071,0.06471947901044406
gw_approx,40,class505-coffeepot-sample03-src05563,505,3,0.8794173547113923,0.8110524310563397,0.06836492365505253
gw_approx,40,class505-coffeepot-sample04-src05824,505,4,0.88193119503346,0.8677818715367085,0.014149323496751465
gw_approx,40,class817-sports_car-sample00-src00019,817,0,0.8221800572316539,0.7320296973724596,0.09015035985919428
gw_approx,40,class817-sports_car-sample01-src00787,817,1,0.7122977116770677,0.8200185336635263,-0.1077208219864586
gw_approx,40,class817-sports_car-sample02-src02853,817,2,0.7991152899927347,0.6903306690649478,0.10878462092778696
gw_approx,40,class817-sports_car-sample03-src04513,817,3,0.8194891593230222,0.7139648794243846,0.10552427989863766
gw_approx,40,class817-sports_car-sample04-src04549,817,4,0.7643456486543988,0.861041364365587,-0.09669571571118818
gw_approx,40,class980-volcano-sample00-src00002,980,0,0.9151599202117434,0.8604140536637495,0.05474586654799396
gw_approx,40,class980-volcano-sample01-src00863,980,1,0.9193013687025668,0.8615651424900822,0.05773622621248464
gw_approx,40,class980-volcano-sample02-src01265,980,2,0.928321885103855,0.8689524620690721,0.05936942303478299
gw_approx,40,class980-volcano-sample03-src01422,980,3,0.9001505280486696,0.851116605618061,0.049033922430608556
gw_approx,40,class980-volcano-sample04-src01813,980,4,0.9356350787205374,0.8689352745559515,0.06669980416458587
dynamic_trajectory,40,class091-coucal-sample00-src00000,91,0,0.9587441679353581,0.9203395732416494,0.038404594693708716
dynamic_trajectory,40,class091-coucal-sample01-src00316,91,1,0.9626526466511298,0.9234584971761034,0.03919414947502642
dynamic_trajectory,40,class091-coucal-sample02-src01583,91,2,0.9532437673875139,0.9192489803691961,0.03399478701831782
dynamic_trajectory,40,class091-coucal-sample03-src01629,91,3,0.9404065331628577,0.9129751827969725,0.027431350365885177
dynamic_trajectory,40,class091-coucal-sample04-src03448,91,4,0.9491565987180623,0.9181894602593402,0.03096713845872212
dynamic_trajectory,40,class171-Italian_greyhound-sample00-src00001,171,0,0.934766175188666,0.9284151429254054,0.006351032263260614
dynamic_trajectory,40,class171-Italian_greyhound-sample01-src02164,171,1,0.9194245182604078,0.9020177408211261,0.017406777439281762
dynamic_trajectory,40,class171-Italian_greyhound-sample02-src02599,171,2,0.9317964279769438,0.9294241906742619,0.00237223730268199
dynamic_trajectory,40,class171-Italian_greyhound-sample03-src02775,171,3,0.8908855139108433,0.9112846532998142,-0.020399139388970977
dynamic_trajectory,40,class171-Italian_greyhound-sample04-src03793,171,4,0.8973801186275141,0.8823959509192129,0.014984167708301244
dynamic_trajectory,40,class505-coffeepot-sample00-src00013,505,0,0.9349659071592173,0.9270282899886316,0.00793761717058572
dynamic_trajectory,40,class505-coffeepot-sample01-src01487,505,1,0.9155683284687364,0.8659135805174183,0.04965474795131808
dynamic_trajectory,40,class505-coffeepot-sample02-src02782,505,2,0.937295986261619,0.9235492846944139,0.013746701567205144
dynamic_trajectory,40,class505-coffeepot-sample03-src05563,505,3,0.9092022997790052,0.858918582764376,0.05028371701462919
dynamic_trajectory,40,class505-coffeepot-sample04-src05824,505,4,0.9194383701421781,0.9320734238799995,-0.012635053737821367
dynamic_trajectory,40,class817-sports_car-sample00-src00019,817,0,0.8718157380305626,0.8262822318241284,0.04553350620643415
dynamic_trajectory,40,class817-sports_car-sample01-src00787,817,1,0.7558487676457951,0.8404725621621589,-0.08462379451636381
dynamic_trajectory,40,class817-sports_car-sample02-src02853,817,2,0.8758229730773279,0.8315374757160466,0.04428549736128129
dynamic_trajectory,40,class817-sports_car-sample03-src04513,817,3,0.8769772631328011,0.8516850193154427,0.025292243817358395
dynamic_trajectory,40,class817-sports_car-sample04-src04549,817,4,0.8292972867265895,0.9457627870217067,-0.11646550029511715
dynamic_trajectory,40,class980-volcano-sample00-src00002,980,0,0.9473115804873921,0.8949398276984143,0.052371752788977766
dynamic_trajectory,40,class980-volcano-sample01-src00863,980,1,0.9632463717069121,0.9122246852496689,0.05102168645724314
dynamic_trajectory,40,class980-volcano-sample02-src01265,980,2,0.9617862783463521,0.9057056707139901,0.056080607632362
dynamic_trajectory,40,class980-volcano-sample03-src01422,980,3,0.9639820050126171,0.9108962510667661,0.05308575394585102
dynamic_trajectory,40,class980-volcano-sample04-src01813,980,4,0.8924507457369798,0.9201292314096243,-0.027678485672644526
community_nmi,50,class091-coucal-sample00-src00000,91,0,0.37640391015758157,0.20842654414547485,0.16797736601210672
community_nmi,50,class091-coucal-sample01-src00316,91,1,0.2877640577294552,0.1910962973909755,0.09666776033847968
community_nmi,50,class091-coucal-sample02-src01583,91,2,0.3362879102494271,0.2302403113192745,0.10604759893015261
community_nmi,50,class091-coucal-sample03-src01629,91,3,0.3432833651932237,0.16357860920250256,0.17970475599072117
community_nmi,50,class091-coucal-sample04-src03448,91,4,0.4012226881006726,0.2256360020531163,0.17558668604755628
community_nmi,50,class171-Italian_greyhound-sample00-src00001,171,0,0.28552779374337117,0.23877345813029324,0.04675433561307793
community_nmi,50,class171-Italian_greyhound-sample01-src02164,171,1,0.2852957765321967,0.21483638836051724,0.07045938817167943
community_nmi,50,class171-Italian_greyhound-sample02-src02599,171,2,0.33306044348721753,0.22961661522339144,0.10344382826382609
community_nmi,50,class171-Italian_greyhound-sample03-src02775,171,3,0.32047210840005397,0.21448701432286987,0.1059850940771841
community_nmi,50,class171-Italian_greyhound-sample04-src03793,171,4,0.20801955724371474,0.22445225109579198,-0.01643269385207724
community_nmi,50,class505-coffeepot-sample00-src00013,505,0,0.3090906665123591,0.2456241519704622,0.06346651454189692
community_nmi,50,class505-coffeepot-sample01-src01487,505,1,0.2580480985141771,0.16726082124409944,0.09078727727007765
community_nmi,50,class505-coffeepot-sample02-src02782,505,2,0.31446147730314167,0.22537633964181078,0.08908513766133089
community_nmi,50,class505-coffeepot-sample03-src05563,505,3,0.2606103700302411,0.22866664495019942,0.0319437250800417
community_nmi,50,class505-coffeepot-sample04-src05824,505,4,0.2856438295250266,0.25117107439013603,0.034472755134890565
community_nmi,50,class817-sports_car-sample00-src00019,817,0,0.3285583586681464,0.20691506564128245,0.12164329302686397
community_nmi,50,class817-sports_car-sample01-src00787,817,1,0.2641026772009284,0.2318807442362277,0.03222193296470069
community_nmi,50,class817-sports_car-sample02-src02853,817,2,0.34095600059720166,0.15202243254622733,0.18893356805097433
community_nmi,50,class817-sports_car-sample03-src04513,817,3,0.3577024007044063,0.18779365685706578,0.1699087438473405
community_nmi,50,class817-sports_car-sample04-src04549,817,4,0.3353869830857594,0.20642739490298817,0.12895958818277126
community_nmi,50,class980-volcano-sample00-src00002,980,0,0.2625187561222272,0.2185597450927031,0.0439590110295241
community_nmi,50,class980-volcano-sample01-src00863,980,1,0.2679390809063809,0.1962540834657495,0.07168499744063142
community_nmi,50,class980-volcano-sample02-src01265,980,2,0.28788348737543523,0.2110473189724253,0.07683616840300994
community_nmi,50,class980-volcano-sample03-src01422,980,3,0.26111670837810175,0.22283651091529752,0.03828019746280423
community_nmi,50,class980-volcano-sample04-src01813,980,4,0.28063281112255656,0.16528252602714766,0.1153502850954089
community_ari,50,class091-coucal-sample00-src00000,91,0,0.34832141022043234,0.1929786208969955,0.15534278932343684
community_ari,50,class091-coucal-sample01-src00316,91,1,0.27522965455532483,0.1691253919745026,0.10610426258082223
community_ari,50,class091-coucal-sample02-src01583,91,2,0.30665089492875813,0.2031056070873592,0.10354528784139894
community_ari,50,class091-coucal-sample03-src01629,91,3,0.31556149256483834,0.11522283207925135,0.200338660485587
community_ari,50,class091-coucal-sample04-src03448,91,4,0.39234542181200704,0.20359082235547166,0.1887545994565354
community_ari,50,class171-Italian_greyhound-sample00-src00001,171,0,0.2975057159371688,0.24035466137226624,0.05715105456490255
community_ari,50,class171-Italian_greyhound-sample01-src02164,171,1,0.2768378938027741,0.1927717825892597,0.08406611121351443
community_ari,50,class171-Italian_greyhound-sample02-src02599,171,2,0.3610090079132209,0.24275263227549532,0.11825637563772556
community_ari,50,class171-Italian_greyhound-sample03-src02775,171,3,0.327972492847421,0.21586167047335617,0.11211082237406486
community_ari,50,class171-Italian_greyhound-sample04-src03793,171,4,0.16285686551878475,0.17898543713730936,-0.0161285716185246
community_ari,50,class505-coffeepot-sample00-src00013,505,0,0.3045033516474931,0.23173492523671743,0.07276842641077566
community_ari,50,class505-coffeepot-sample01-src01487,505,1,0.2374083961986425,0.14106663715970763,0.09634175903893488
community_ari,50,class505-coffeepot-sample02-src02782,505,2,0.33293320941944504,0.23061253648991467,0.10232067292953037
community_ari,50,class505-coffeepot-sample03-src05563,505,3,0.2500188122101473,0.20695890453294888,0.043059907677198445
community_ari,50,class505-coffeepot-sample04-src05824,505,4,0.2829376829350774,0.24637040195244708,0.03656728098263029
community_ari,50,class817-sports_car-sample00-src00019,817,0,0.3901701706088818,0.21092504548541702,0.1792451251234648
community_ari,50,class817-sports_car-sample01-src00787,817,1,0.3002772879359218,0.23069689713682773,0.06958039079909406
community_ari,50,class817-sports_car-sample02-src02853,817,2,0.37990526021381127,0.1451682874072214,0.23473697280658987
community_ari,50,class817-sports_car-sample03-src04513,817,3,0.4210766887632874,0.19526252651265835,0.22581416225062906
community_ari,50,class817-sports_car-sample04-src04549,817,4,0.3912159766397231,0.20643908030599686,0.1847768963337262
community_ari,50,class980-volcano-sample00-src00002,980,0,0.23887950173359113,0.20524594576645136,0.03363355596713977
community_ari,50,class980-volcano-sample01-src00863,980,1,0.22122492449714742,0.17410135331554782,0.0471235711815996
community_ari,50,class980-volcano-sample02-src01265,980,2,0.2680876442649577,0.18305191328189924,0.08503573098305844
community_ari,50,class980-volcano-sample03-src01422,980,3,0.20202427333660264,0.20344492785732662,-0.0014206545207239851
community_ari,50,class980-volcano-sample04-src01813,980,4,0.2643798124967404,0.13206414495270025,0.13231566754404017
delta_con,50,class091-coucal-sample00-src00000,91,0,0.055684957080667986,0.050630707004677686,0.005054250075990301
delta_con,50,class091-coucal-sample01-src00316,91,1,0.054183722614253034,0.050646478754270884,0.0035372438599821504
delta_con,50,class091-coucal-sample02-src01583,91,2,0.05327969453042547,0.04953233650943521,0.0037473580209902574
delta_con,50,class091-coucal-sample03-src01629,91,3,0.05486498573734981,0.049772225422108185,0.005092760315241626
delta_con,50,class091-coucal-sample04-src03448,91,4,0.05616255121616093,0.05122067990194018,0.004941871314220747
delta_con,50,class171-Italian_greyhound-sample00-src00001,171,0,0.053044405308409856,0.04994260595091905,0.003101799357490803
delta_con,50,class171-Italian_greyhound-sample01-src02164,171,1,0.052949220577671895,0.04962579741059175,0.0033234231670801473
delta_con,50,class171-Italian_greyhound-sample02-src02599,171,2,0.05513655185782261,0.05005214467434693,0.005084407183475678
delta_con,50,class171-Italian_greyhound-sample03-src02775,171,3,0.05229870690574278,0.04774920579933537,0.004549501106407408
delta_con,50,class171-Italian_greyhound-sample04-src03793,171,4,0.05464844160702007,0.052011959660450746,0.002636481946569326
delta_con,50,class505-coffeepot-sample00-src00013,505,0,0.05235388398275598,0.05092562984444464,0.0014282541383113384
delta_con,50,class505-coffeepot-sample01-src01487,505,1,0.052573263771990675,0.05069695168736578,0.0018763120846248954
delta_con,50,class505-coffeepot-sample02-src02782,505,2,0.05081856765158399,0.04909891773038345,0.001719649921200543
delta_con,50,class505-coffeepot-sample03-src05563,505,3,0.05193332484399913,0.050596735381399936,0.0013365894625991942
delta_con,50,class505-coffeepot-sample04-src05824,505,4,0.050931495724975066,0.04892178220134564,0.002009713523629428
delta_con,50,class817-sports_car-sample00-src00019,817,0,0.050543573023183394,0.04919174373246936,0.001351829290714035
delta_con,50,class817-sports_car-sample01-src00787,817,1,0.05099857466490444,0.05106787204859768,-6.929738369323979e-05
delta_con,50,class817-sports_car-sample02-src02853,817,2,0.04868343626009189,0.04778392154304813,0.0008995147170437617
delta_con,50,class817-sports_car-sample03-src04513,817,3,0.04906543528475631,0.045936978850379076,0.0031284564343772372
delta_con,50,class817-sports_car-sample04-src04549,817,4,0.04980225384405612,0.048979063729030006,0.0008231901150261151
delta_con,50,class980-volcano-sample00-src00002,980,0,0.05392869410146847,0.049132836707036005,0.0047958573944324664
delta_con,50,class980-volcano-sample01-src00863,980,1,0.052979276023232394,0.05083140063627959,0.0021478753869528036
delta_con,50,class980-volcano-sample02-src01265,980,2,0.05425487906165592,0.04938812703584798,0.004866752025807941
delta_con,50,class980-volcano-sample03-src01422,980,3,0.054726602429096195,0.049959068055505436,0.004767534373590759
delta_con,50,class980-volcano-sample04-src01813,980,4,0.05899433305015801,0.05351970739732938,0.005474625652828635
delta_con_attr,50,class091-coucal-sample00-src00000,91,0,0.8389265612218028,0.8403888852003656,-0.0014623239785628295
delta_con_attr,50,class091-coucal-sample01-src00316,91,1,0.8423070345063615,0.8339829857103084,0.008324048796053085
delta_con_attr,50,class091-coucal-sample02-src01583,91,2,0.820536661328422,0.8411259349350363,-0.020589273606614333
delta_con_attr,50,class091-coucal-sample03-src01629,91,3,0.8287126589568014,0.8471144057925184,-0.018401746835717048
delta_con_attr,50,class091-coucal-sample04-src03448,91,4,0.8346276655115523,0.8358692319389345,-0.001241566427382157
delta_con_attr,50,class171-Italian_greyhound-sample00-src00001,171,0,0.8228389346229948,0.8407740722390464,-0.01793513761605159
delta_con_attr,50,class171-Italian_greyhound-sample01-src02164,171,1,0.8164478673670083,0.832223636063326,-0.015775768696317805
delta_con_attr,50,class171-Italian_greyhound-sample02-src02599,171,2,0.8258825353041253,0.832232199789172,-0.006349664485046702
delta_con_attr,50,class171-Italian_greyhound-sample03-src02775,171,3,0.8206729098836478,0.842566878706952,-0.02189396882330419
delta_con_attr,50,class171-Italian_greyhound-sample04-src03793,171,4,0.8225893118115758,0.8381543166685607,-0.015565004856984865
delta_con_attr,50,class505-coffeepot-sample00-src00013,505,0,0.826683776435165,0.8330813609530487,-0.006397584517883748
delta_con_attr,50,class505-coffeepot-sample01-src01487,505,1,0.8419820719929303,0.838615168230832,0.00336690376209825
delta_con_attr,50,class505-coffeepot-sample02-src02782,505,2,0.8343743055986,0.8394183496447327,-0.0050440440461326785
delta_con_attr,50,class505-coffeepot-sample03-src05563,505,3,0.8373058054757585,0.8332931776309804,0.004012627844778072
delta_con_attr,50,class505-coffeepot-sample04-src05824,505,4,0.8133661295727269,0.8252725437506946,-0.011906414177967672
delta_con_attr,50,class817-sports_car-sample00-src00019,817,0,0.850222014077798,0.8264122124166201,0.023809801661177854
delta_con_attr,50,class817-sports_car-sample01-src00787,817,1,0.8618862627784322,0.8450190818774335,0.0168671809009987
delta_con_attr,50,class817-sports_car-sample02-src02853,817,2,0.8666809168794462,0.8343753623123034,0.03230555456714279
delta_con_attr,50,class817-sports_car-sample03-src04513,817,3,0.8704921138981474,0.8450167064950914,0.025475407403055983
delta_con_attr,50,class817-sports_car-sample04-src04549,817,4,0.8751578922469532,0.8464847222933483,0.028673169953604916
delta_con_attr,50,class980-volcano-sample00-src00002,980,0,0.833257177970957,0.846887018401946,-0.013629840430989026
delta_con_attr,50,class980-volcano-sample01-src00863,980,1,0.8395414792761112,0.8355328296373321,0.004008649638779116
delta_con_attr,50,class980-volcano-sample02-src01265,980,2,0.8381266559502683,0.8531697279332384,-0.015043071982970169
delta_con_attr,50,class980-volcano-sample03-src01422,980,3,0.8174933103543793,0.829246867773635,-0.011753557419255656
delta_con_attr,50,class980-volcano-sample04-src01813,980,4,0.835395229063765,0.8423072553903527,-0.006912026326587717
ged_approx,50,class091-coucal-sample00-src00000,91,0,0.5226941114482759,0.35119158246699056,0.17150252898128537
ged_approx,50,class091-coucal-sample01-src00316,91,1,0.46579567773015695,0.36201339277237404,0.10378228495778291
ged_approx,50,class091-coucal-sample02-src01583,91,2,0.4343296942562932,0.32723314830704753,0.10709654594924567
ged_approx,50,class091-coucal-sample03-src01629,91,3,0.4849116704836395,0.33880767662513656,0.14610399385850292
ged_approx,50,class091-coucal-sample04-src03448,91,4,0.5349978132283039,0.37085255668750283,0.16414525654080103
ged_approx,50,class171-Italian_greyhound-sample00-src00001,171,0,0.4467715144690064,0.33907936514149106,0.10769214932751536
ged_approx,50,class171-Italian_greyhound-sample01-src02164,171,1,0.46323388439475904,0.3202010416318753,0.14303284276288375
ged_approx,50,class171-Italian_greyhound-sample02-src02599,171,2,0.5098300965560028,0.3225508472653053,0.18727924929069745
ged_approx,50,class171-Italian_greyhound-sample03-src02775,171,3,0.47935533692242566,0.30972620383148175,0.1696291330909439
ged_approx,50,class171-Italian_greyhound-sample04-src03793,171,4,0.41370031764697845,0.35693096387100126,0.056769353775977194
ged_approx,50,class505-coffeepot-sample00-src00013,505,0,0.44850038383538027,0.35132553721232845,0.09717484662305181
ged_approx,50,class505-coffeepot-sample01-src01487,505,1,0.44769942084429853,0.3443406571825952,0.10335876366170332
ged_approx,50,class505-coffeepot-sample02-src02782,505,2,0.44690339555297137,0.3444166048362779,0.10248679071669348
ged_approx,50,class505-coffeepot-sample03-src05563,505,3,0.4242962011427004,0.3427905150227072,0.0815056861199932
ged_approx,50,class505-coffeepot-sample04-src05824,505,4,0.4158786022079495,0.3465464718543909,0.06933213035355856
ged_approx,50,class817-sports_car-sample00-src00019,817,0,0.4197297109380053,0.27242205575770834,0.14730765518029698
ged_approx,50,class817-sports_car-sample01-src00787,817,1,0.3550295571822578,0.33757379731301007,0.017455759869247744
ged_approx,50,class817-sports_car-sample02-src02853,817,2,0.42033441887506784,0.2585825300205188,0.16175188885454905
ged_approx,50,class817-sports_car-sample03-src04513,817,3,0.41562702099085386,0.23883299950066217,0.1767940214901917
ged_approx,50,class817-sports_car-sample04-src04549,817,4,0.4067394177764895,0.33898058284819205,0.06775883492829743
ged_approx,50,class980-volcano-sample00-src00002,980,0,0.4691657942518186,0.34341867638904156,0.12574711786277704
ged_approx,50,class980-volcano-sample01-src00863,980,1,0.4754023283332878,0.34732353785311554,0.1280787904801723
ged_approx,50,class980-volcano-sample02-src01265,980,2,0.5003073271000852,0.35095244254571717,0.14935488455436802
ged_approx,50,class980-volcano-sample03-src01422,980,3,0.4528168431087688,0.34968927357335,0.1031275695354188
ged_approx,50,class980-volcano-sample04-src01813,980,4,0.5180610652730586,0.3484611345518991,0.16959993072115953
wl_kernel,50,class091-coucal-sample00-src00000,91,0,0.0,0.0,0.0
wl_kernel,50,class091-coucal-sample01-src00316,91,1,0.0,0.0,0.0
wl_kernel,50,class091-coucal-sample02-src01583,91,2,0.0,0.0,0.0
wl_kernel,50,class091-coucal-sample03-src01629,91,3,0.0,0.0,0.0
wl_kernel,50,class091-coucal-sample04-src03448,91,4,0.0,0.0,0.0
wl_kernel,50,class171-Italian_greyhound-sample00-src00001,171,0,0.0,0.0,0.0
wl_kernel,50,class171-Italian_greyhound-sample01-src02164,171,1,0.0,0.0,0.0
wl_kernel,50,class171-Italian_greyhound-sample02-src02599,171,2,0.0,0.0,0.0
wl_kernel,50,class171-Italian_greyhound-sample03-src02775,171,3,0.0,0.0,0.0
wl_kernel,50,class171-Italian_greyhound-sample04-src03793,171,4,0.0,0.0,0.0
wl_kernel,50,class505-coffeepot-sample00-src00013,505,0,0.0,0.0,0.0
wl_kernel,50,class505-coffeepot-sample01-src01487,505,1,0.0,0.0,0.0
wl_kernel,50,class505-coffeepot-sample02-src02782,505,2,0.0,0.0,0.0
wl_kernel,50,class505-coffeepot-sample03-src05563,505,3,0.0,0.0,0.0
wl_kernel,50,class505-coffeepot-sample04-src05824,505,4,0.0,0.0,0.0
wl_kernel,50,class817-sports_car-sample00-src00019,817,0,0.0,0.0,0.0
wl_kernel,50,class817-sports_car-sample01-src00787,817,1,0.0,0.0,0.0
wl_kernel,50,class817-sports_car-sample02-src02853,817,2,0.0,0.0,0.0
wl_kernel,50,class817-sports_car-sample03-src04513,817,3,0.0,0.0,0.0
wl_kernel,50,class817-sports_car-sample04-src04549,817,4,0.0,0.0,0.0
wl_kernel,50,class980-volcano-sample00-src00002,980,0,0.0,0.0,0.0
wl_kernel,50,class980-volcano-sample01-src00863,980,1,0.0,0.0,0.0
wl_kernel,50,class980-volcano-sample02-src01265,980,2,0.0,0.0,0.0
wl_kernel,50,class980-volcano-sample03-src01422,980,3,0.0,0.0,0.0
wl_kernel,50,class980-volcano-sample04-src01813,980,4,0.0,0.0,0.0
gw_approx,50,class091-coucal-sample00-src00000,91,0,0.9268440488200614,0.8680774900423917,0.058766558777669786
gw_approx,50,class091-coucal-sample01-src00316,91,1,0.9213373944152795,0.8724817458102084,0.04885564860507108
gw_approx,50,class091-coucal-sample02-src01583,91,2,0.8778796144711505,0.8477633446918421,0.03011626977930837
gw_approx,50,class091-coucal-sample03-src01629,91,3,0.9000098499489633,0.8505589170563954,0.049450932892567856
gw_approx,50,class091-coucal-sample04-src03448,91,4,0.9258773448984576,0.8719170682243403,0.05396027667411729
gw_approx,50,class171-Italian_greyhound-sample00-src00001,171,0,0.8790798473101991,0.8832636590048126,-0.004183811694613571
gw_approx,50,class171-Italian_greyhound-sample01-src02164,171,1,0.8790076164262811,0.8689773208867644,0.010030295539516731
gw_approx,50,class171-Italian_greyhound-sample02-src02599,171,2,0.8632998355080517,0.8509679719765305,0.012331863531521159
gw_approx,50,class171-Italian_greyhound-sample03-src02775,171,3,0.8096741599082,0.8026178331425806,0.007056326765619403
gw_approx,50,class171-Italian_greyhound-sample04-src03793,171,4,0.797338968152528,0.8301436567435289,-0.03280468859100083
gw_approx,50,class505-coffeepot-sample00-src00013,505,0,0.8981767002671995,0.8651051561453791,0.03307154412182045
gw_approx,50,class505-coffeepot-sample01-src01487,505,1,0.9167430955039528,0.8681033682551756,0.04863972724877719
gw_approx,50,class505-coffeepot-sample02-src02782,505,2,0.9020563543766263,0.8509120939635622,0.05114426041306419
gw_approx,50,class505-coffeepot-sample03-src05563,505,3,0.86840771171717,0.8166194626069074,0.051788249110262585
gw_approx,50,class505-coffeepot-sample04-src05824,505,4,0.8942978087269906,0.875865491751421,0.018432316975569574
gw_approx,50,class817-sports_car-sample00-src00019,817,0,0.8268530294498446,0.7269830146238929,0.0998700148259517
gw_approx,50,class817-sports_car-sample01-src00787,817,1,0.7007408572401342,0.820404843167743,-0.11966398592760874
gw_approx,50,class817-sports_car-sample02-src02853,817,2,0.801666537779694,0.6880965275299172,0.11357001024977675
gw_approx,50,class817-sports_car-sample03-src04513,817,3,0.8250304638455226,0.7124963505659417,0.11253411327958085
gw_approx,50,class817-sports_car-sample04-src04549,817,4,0.7654516837033767,0.8627629248845586,-0.09731124118118195
gw_approx,50,class980-volcano-sample00-src00002,980,0,0.9349867990809986,0.8652816933550029,0.06970510572599564
gw_approx,50,class980-volcano-sample01-src00863,980,1,0.9192652899738358,0.8619583752394536,0.05730691473438221
gw_approx,50,class980-volcano-sample02-src01265,980,2,0.929424480214204,0.8635318463317028,0.06589263388250122
gw_approx,50,class980-volcano-sample03-src01422,980,3,0.8932964402331178,0.8570547751866056,0.03624166504651227
gw_approx,50,class980-volcano-sample04-src01813,980,4,0.9269743887980856,0.8588488787900447,0.0681255100080409
dynamic_trajectory,50,class091-coucal-sample00-src00000,91,0,0.9301706886783357,0.8964817892626987,0.03368889941563702
dynamic_trajectory,50,class091-coucal-sample01-src00316,91,1,0.9258026741343476,0.9373756496085216,-0.011572975474174019
dynamic_trajectory,50,class091-coucal-sample02-src01583,91,2,0.9199986642038792,0.8856926854544911,0.03430597874938812
dynamic_trajectory,50,class091-coucal-sample03-src01629,91,3,0.947181181858874,0.9346671291143173,0.012514052744556747
dynamic_trajectory,50,class091-coucal-sample04-src03448,91,4,0.9481156752655194,0.9329306500930077,0.015185025172511746
dynamic_trajectory,50,class171-Italian_greyhound-sample00-src00001,171,0,0.923644654728918,0.9400931437402654,-0.016448489011347434
dynamic_trajectory,50,class171-Italian_greyhound-sample01-src02164,171,1,0.9176830503566787,0.9056968036410146,0.011986246715664173
dynamic_trajectory,50,class171-Italian_greyhound-sample02-src02599,171,2,0.9399099424592486,0.9233529924665678,0.01655694999268087
dynamic_trajectory,50,class171-Italian_greyhound-sample03-src02775,171,3,0.9384558525852944,0.9200467997904074,0.018409052794887026
dynamic_trajectory,50,class171-Italian_greyhound-sample04-src03793,171,4,0.8738278810391317,0.912788064020533,-0.03896018298140136
dynamic_trajectory,50,class505-coffeepot-sample00-src00013,505,0,0.9364241834548026,0.9329903119481466,0.003433871506655972
dynamic_trajectory,50,class505-coffeepot-sample01-src01487,505,1,0.9205046585049552,0.9314184956964071,-0.010913837191451892
dynamic_trajectory,50,class505-coffeepot-sample02-src02782,505,2,0.935575256477177,0.931884874368483,0.0036903821086939903
dynamic_trajectory,50,class505-coffeepot-sample03-src05563,505,3,0.878660618713796,0.9009209584523035,-0.022260339738507495
dynamic_trajectory,50,class505-coffeepot-sample04-src05824,505,4,0.8967478192348468,0.9101409801209177,-0.013393160886070898
dynamic_trajectory,50,class817-sports_car-sample00-src00019,817,0,0.9183681094083391,0.9160387970259907,0.0023293123823484585
dynamic_trajectory,50,class817-sports_car-sample01-src00787,817,1,0.813754778837516,0.8655506172330943,-0.05179583839557833
dynamic_trajectory,50,class817-sports_car-sample02-src02853,817,2,0.9006803413155857,0.8932920832258457,0.007388258089739974
dynamic_trajectory,50,class817-sports_car-sample03-src04513,817,3,0.9174558926610251,0.9119557439762584,0.00550014868476667
dynamic_trajectory,50,class817-sports_car-sample04-src04549,817,4,0.8924784528448957,0.9455104795699715,-0.05303202672507579
dynamic_trajectory,50,class980-volcano-sample00-src00002,980,0,0.9283467547459374,0.9199158970558565,0.008430857690080895
dynamic_trajectory,50,class980-volcano-sample01-src00863,980,1,0.9382048357880249,0.937266523820148,0.0009383119678769702
dynamic_trajectory,50,class980-volcano-sample02-src01265,980,2,0.9356137295435686,0.9372284953447707,-0.0016147658012021227
dynamic_trajectory,50,class980-volcano-sample03-src01422,980,3,0.8593126328591295,0.8892613561919009,-0.029948723332771432
dynamic_trajectory,50,class980-volcano-sample04-src01813,980,4,0.9192718173094298,0.9141958334391749,0.005075983870254874
