source_frame,target_frame,source_index,target_index,tick,gap,row_max_certainty,row_min_certainty,target_pred_label,target_pred_name,target_pred_confidence,target_self_nll_loss,target_certainty_score,target_uncertainty_score,attention_peak,attention_entropy,subject_area_fraction,subject_attention_mass,subject_lift
frame_000,frame_001,0,1,5,1,False,False,359,"black-footed ferret, ferret, Mustela nigripes",0.3981261834168648,0.9209862801844855,0.5763109922409058,0.42368900775909424,0.04020792196708964,5.141948166901108,0.4274193548387097,0.7937581238386914,1.8570944784150514
frame_000,frame_002,0,2,5,2,False,False,359,"black-footed ferret, ferret, Mustela nigripes",0.5089851752912922,0.6753363880202157,0.6865928173065186,0.31340718269348145,0.03076846572634244,5.244997788636922,0.3971774193548387,0.747298077506528,1.8815220631636442
frame_000,frame_003,0,3,5,3,False,False,359,"black-footed ferret, ferret, Mustela nigripes",0.36027715191967685,1.0208816772835942,0.605777382850647,0.394222617149353,0.029571631885126664,5.2485412921770696,0.3951612903225806,0.7210578907762262,1.8247179276786132
frame_000,frame_004,0,4,5,4,False,False,452,"bonnet, poke bonnet",0.3559326243530504,1.0330138234768067,0.5550709366798401,0.4449290633201599,0.033143397656007115,5.132172088913464,0.38306451612903225,0.7478917895710211,1.952391198038034
frame_000,frame_005,0,5,5,5,False,False,452,"bonnet, poke bonnet",0.457558119587166,0.781851364986125,0.6609084606170654,0.33909153938293457,0.035156249050743354,5.081771527174675,0.3870967741935484,0.732136047365516,1.8913514556942497
frame_000,frame_006,0,6,5,6,False,False,452,"bonnet, poke bonnet",0.26287255564643797,1.3360859435419705,0.5299786329269409,0.4700213670730591,0.05051917276476749,5.1500639046065935,0.38911290322580644,0.7148677814733614,1.8371731586051154
frame_000,frame_007,0,7,5,7,False,False,452,"bonnet, poke bonnet",0.18481653797514722,1.6883916325711459,0.5243481397628784,0.4756518602371216,0.05829985834088422,5.095100029329673,0.3790322580645161,0.7036137201161592,1.8563425807319944
frame_000,frame_008,0,8,5,8,False,False,359,"black-footed ferret, ferret, Mustela nigripes",0.5030366848758542,0.6870921793830627,0.6497958898544312,0.35020411014556885,0.06181518000609508,5.0545934542618305,0.3850806451612903,0.7240069534152563,1.880143711486739
frame_000,frame_009,0,9,5,9,True,False,169,"borzoi, Russian wolfhound",0.6261997305106618,0.4680859004465807,0.7454997301101685,0.25450026988983154,0.02161084882639721,5.38231758284134,0.10560344827586207,0.4191589782458265,3.969178896042112
frame_000,frame_010,0,10,5,10,False,False,177,"Scottish deerhound, deerhound",0.17002586831000663,1.7718046869785766,0.5597115755081177,0.4402884244918823,0.020814803072899155,5.370706051605598,0.10775862068965517,0.4606736951236164,4.27505189074716
frame_000,frame_011,0,11,5,11,False,False,257,Great Pyrenees,0.2302841143890278,1.4684414524371974,0.6446066498756409,0.35539335012435913,0.023256465915589233,5.331376052740841,0.10129310344827586,0.4318332632081501,4.263204981459184
frame_000,frame_012,0,12,5,12,False,False,169,"borzoi, Russian wolfhound",0.25897845080379905,1.351010422273772,0.5849039554595947,0.4150960445404053,0.027802176842932725,5.337202290400135,0.09482758620689655,0.43563978831970923,4.594019585916934
frame_000,frame_013,0,13,5,13,False,False,169,"borzoi, Russian wolfhound",0.1366320173206438,1.9904639718966806,0.536712646484375,0.463287353515625,0.03246680232840804,5.301610438385012,0.08405172413793104,0.4280919966632307,5.0931970885061295
frame_000,frame_014,0,14,5,14,False,False,169,"borzoi, Russian wolfhound",0.16251625984553317,1.8169772216301752,0.5428582429885864,0.4571417570114136,0.04258671084697245,5.318326961489576,0.07758620689655173,0.4090963623954965,5.272797559764177
frame_000,frame_015,0,15,5,15,False,False,169,"borzoi, Russian wolfhound",0.10267988612449044,2.276139032012823,0.5235263109207153,0.47647368907928467,0.046619925283837876,5.268933903629887,0.07112068965517242,0.38769378163714086,5.451209535746465
frame_000,frame_016,0,16,5,16,False,True,218,Welsh springer spaniel,0.17769121003505658,1.7277080102388034,0.5233098864555359,0.4766901135444641,0.03911415178676481,5.256033938974568,0.06465517241379311,0.35092170409325124,5.427589023308952
frame_000,frame_017,0,17,5,17,False,False,218,Welsh springer spaniel,0.1969629391966686,1.6247396938472818,0.5685915946960449,0.4314084053039551,0.038599431272930015,5.221313014250436,0.0668103448275862,0.3410754957755416,5.105130001285526
frame_000,frame_001,0,1,10,1,False,False,179,"Staffordshire bullterrier, Staffordshire bull terrier",0.17842979673264486,1.7235600507388833,0.541702151298523,0.45829784870147705,0.06838908959064006,4.647486630718172,0.4274193548387097,0.8891089640622992,2.080179463089153
frame_000,frame_002,0,2,10,2,False,False,359,"black-footed ferret, ferret, Mustela nigripes",0.34313205665109686,1.0696399010978395,0.6138302087783813,0.38616979122161865,0.06616133411765411,4.644262614379477,0.3971774193548387,0.8931042705918946,2.248628011236445
frame_000,frame_003,0,3,10,3,False,False,359,"black-footed ferret, ferret, Mustela nigripes",0.17749058353422723,1.7288377219852906,0.4624837636947632,0.5375162363052368,0.0572638184657281,4.856495367410093,0.3951612903225806,0.8841918524065555,2.2375467285390385
frame_000,frame_004,0,4,10,4,False,False,389,"barracouta, snoek",0.3398979604921624,1.0791098226153313,0.5827633142471313,0.41723668575286865,0.056398427763123246,4.791322840090256,0.38306451612903225,0.8729365966699442,2.278823957622591
frame_000,frame_005,0,5,10,5,False,False,359,"black-footed ferret, ferret, Mustela nigripes",0.15290967927121285,1.8779078634646833,0.5153014063835144,0.4846985936164856,0.053915046829052696,4.869472730359602,0.3870967741935484,0.8708342371197886,2.249655112559454
frame_000,frame_006,0,6,10,6,False,True,359,"black-footed ferret, ferret, Mustela nigripes",0.11986370132325427,2.121400004041316,0.45514053106307983,0.5448594689369202,0.06862863202516467,4.986865256037827,0.38911290322580644,0.8427545946397693,2.1658356421830343
frame_000,frame_007,0,7,10,7,False,False,359,"black-footed ferret, ferret, Mustela nigripes",0.4592721126371965,0.7781124065910765,0.6132849454879761,0.3867150545120239,0.06642876496079997,4.928020442694393,0.3790322580645161,0.832549873601083,2.1965145601390277
frame_000,frame_008,0,8,10,8,False,False,359,"black-footed ferret, ferret, Mustela nigripes",0.7798241038105757,0.2486868926643968,0.8095679879188538,0.19043201208114624,0.07836338004360424,4.718536910738811,0.3850806451612903,0.8543126655656937,2.2185292257622202
frame_000,frame_009,0,9,10,9,False,False,257,Great Pyrenees,0.28667035279459,1.249422319899585,0.6986331939697266,0.30136680603027344,0.10880736672209901,4.334697145494875,0.10560344827586207,0.6382890234707594,6.044206263070048
frame_000,frame_010,0,10,10,10,False,False,257,Great Pyrenees,0.5269588772281885,0.6406327653104853,0.7191851139068604,0.28081488609313965,0.11096917826049872,4.444843541574395,0.10775862068965517,0.6271621180078184,5.820064455112555
frame_000,frame_011,0,11,10,11,True,False,257,Great Pyrenees,0.6401265234611893,0.4460894292589792,0.8287656307220459,0.1712343692779541,0.07419063819139605,4.487157269958898,0.10129310344827586,0.6952851980661435,6.864092168142354
frame_000,frame_012,0,12,10,12,False,False,207,golden retriever,0.3612711226976268,1.0181265701295663,0.6733360290527344,0.3266639709472656,0.09567642986975655,4.434788313337313,0.09482758620689655,0.7000349851275319,7.382187115890337
frame_000,frame_013,0,13,10,13,False,False,207,golden retriever,0.2995322206215804,1.205533285838869,0.7116959095001221,0.28830409049987793,0.11042943064503137,4.233816574438487,0.08405172413793104,0.7102552762400653,8.450216619881804
frame_000,frame_014,0,14,10,14,False,False,257,Great Pyrenees,0.38418182618938,0.9566393327613492,0.7582575082778931,0.24174249172210693,0.10379487614267495,4.371462382290234,0.07758620689655173,0.68709566090745,8.8558996294738
frame_000,frame_015,0,15,10,15,False,False,257,Great Pyrenees,0.570561452067508,0.5611343993240814,0.7880308032035828,0.21196919679641724,0.12241082032241657,4.311852042915741,0.07112068965517242,0.6459253298714893,9.082101607890031
frame_000,frame_016,0,16,10,16,False,False,805,soccer ball,0.2868610948345674,1.248757170506999,0.6544721722602844,0.3455278277397156,0.11766611322226835,4.1789072552672595,0.06465517241379311,0.5730799724376536,8.863636907035708
frame_000,frame_017,0,17,10,17,False,False,257,Great Pyrenees,0.35220771490771663,1.0435341782544416,0.7425925135612488,0.2574074864387512,0.11615263790816953,4.0537478599429155,0.0668103448275862,0.5923919409839811,8.866769697308621
frame_000,frame_001,0,1,20,1,False,False,179,"Staffordshire bullterrier, Staffordshire bull terrier",0.26992537288371554,1.309609754915357,0.5716906785964966,0.4283093214035034,0.027703391261473517,5.08719644560555,0.4274193548387097,0.8372159973931291,1.9587695033348682
frame_000,frame_002,0,2,20,2,False,False,179,"Staffordshire bullterrier, Staffordshire bull terrier",0.4565340100587107,0.7840920799506872,0.6392332315444946,0.36076676845550537,0.04230429252527935,4.96337937879481,0.3971774193548387,0.8283871195251461,2.0856853364694037
frame_000,frame_003,0,3,20,3,False,True,452,"bonnet, poke bonnet",0.1389290093016084,1.9737922007644597,0.4183155298233032,0.5816844701766968,0.037990084673996144,5.007518875234533,0.3951612903225806,0.8316475449537324,2.1045774606992413
frame_000,frame_004,0,4,20,4,False,False,158,toy terrier,0.24543852044620665,1.4047087889903906,0.4884108901023865,0.5115891098976135,0.041500657621498196,4.918964806104011,0.38306451612903225,0.8454921694318213,2.2071795580957017
frame_000,frame_005,0,5,20,5,False,False,179,"Staffordshire bullterrier, Staffordshire bull terrier",0.14682880085435776,1.9184879909387007,0.4852561950683594,0.5147438049316406,0.03591995709869873,4.901023897893397,0.3870967741935484,0.8530537491355872,2.2037221852669338
frame_000,frame_006,0,6,20,6,False,False,245,French bulldog,0.18167704007095187,1.7055246733092284,0.4910227060317993,0.5089772939682007,0.031140861339805766,5.034404042756741,0.38911290322580644,0.8294567996651317,2.1316609981031367
frame_000,frame_007,0,7,20,7,False,False,96,toucan,0.2051293906795257,1.5841143249038243,0.4602319598197937,0.5397680401802063,0.030116100217088028,5.097173576055837,0.3790322580645161,0.821257104561877,2.1667208716100586
frame_000,frame_008,0,8,20,8,False,False,359,"black-footed ferret, ferret, Mustela nigripes",0.17830984761170446,1.724232525062174,0.4665999412536621,0.5334000587463379,0.026379454971570522,5.146391073806395,0.3850806451612903,0.8199741430226298,2.129356936854578
frame_000,frame_009,0,9,20,9,False,False,208,Labrador retriever,0.28218901705339056,1.2651781593378306,0.685344934463501,0.314655065536499,0.06299923327791326,4.972648896494503,0.10560344827586207,0.4352887546035065,4.121918002776062
frame_000,frame_010,0,10,20,10,False,False,257,Great Pyrenees,0.48798955699034946,0.7174612729679044,0.7245805263519287,0.2754194736480713,0.05962545385963984,5.099093841428219,0.10775862068965517,0.4536774052170425,4.210126320414155
frame_000,frame_011,0,11,20,11,False,False,257,Great Pyrenees,0.665020808138131,0.4079369483825386,0.808329701423645,0.19167029857635498,0.04121388499144111,5.113966339111445,0.10129310344827586,0.4060442550729325,4.008607113911504
frame_000,frame_012,0,12,20,12,False,False,207,golden retriever,0.6570171491024406,0.4200451587035685,0.7976359128952026,0.20236408710479736,0.04775310792887293,5.098880853292448,0.09482758620689655,0.4665204168421719,4.919669850335631
frame_000,frame_013,0,13,20,13,False,False,207,golden retriever,0.4634120090254814,0.7691387522883995,0.7986770868301392,0.20132291316986084,0.055673427679195704,5.123350447263441,0.08405172413793104,0.42465721942199536,5.05233204645656
frame_000,frame_014,0,14,20,14,False,False,208,Labrador retriever,0.5800204114924201,0.5446919838325934,0.8352632522583008,0.16473674774169922,0.04791521702619957,5.1243413973536995,0.07758620689655173,0.42115586752324785,5.42823118141075
frame_000,frame_015,0,15,20,15,True,False,257,Great Pyrenees,0.5649827807050603,0.57096002492833,0.8430725336074829,0.1569274663925171,0.06659555288956669,5.022030414215836,0.07112068965517242,0.42200857545310005,5.933696333643589
frame_000,frame_016,0,16,20,16,False,False,208,Labrador retriever,0.51293400265736,0.6676080918781828,0.7517242431640625,0.2482757568359375,0.06885001809882725,4.954540444048854,0.06465517241379311,0.36057971652653287,5.576966282277041
frame_000,frame_017,0,17,20,17,False,False,257,Great Pyrenees,0.5383932882571264,0.6191659668193541,0.8138124346733093,0.18618756532669067,0.08021567040871598,4.8191153891287,0.0668103448275862,0.4319231191900642,6.464913784006123
frame_000,frame_001,0,1,30,1,False,False,179,"Staffordshire bullterrier, Staffordshire bull terrier",0.186309143232869,1.6803479245709951,0.6012648344039917,0.3987351655960083,0.016283336956577705,5.840242992415633,0.4274193548387097,0.50637589916528,1.1847285188017873
frame_000,frame_002,0,2,30,2,False,False,198,standard schnauzer,0.421382332252692,0.8642147048016309,0.678961992263794,0.32103800773620605,0.010930279392844694,5.864141247356566,0.3971774193548387,0.44773185695260465,1.127284269281685
frame_000,frame_003,0,3,30,3,False,False,452,"bonnet, poke bonnet",0.1863054336766243,1.6803678355271128,0.49661141633987427,0.5033885836601257,0.01336449476353272,5.864332817834425,0.3951612903225806,0.4349472008276131,1.1006827122984495
frame_000,frame_004,0,4,30,4,False,True,452,"bonnet, poke bonnet",0.16879340207111473,1.7790797848406363,0.47627121210098267,0.5237287878990173,0.015341310099892006,5.861756140863146,0.38306451612903225,0.45932884665206436,1.1990900417864416
frame_000,frame_005,0,5,30,5,False,False,179,"Staffordshire bullterrier, Staffordshire bull terrier",0.24544866950778718,1.404667439116979,0.5437764525413513,0.4562235474586487,0.010161885184067316,5.875092809209749,0.3870967741935484,0.47587457371364994,1.2293426487602623
frame_000,frame_006,0,6,30,6,False,False,245,French bulldog,0.13526061097087513,2.000551909834787,0.506037712097168,0.49396228790283203,0.008568767462065906,5.912744031208183,0.38911290322580644,0.47133752842799675,1.2113130264263543
frame_000,frame_007,0,7,30,7,False,False,176,"Saluki, gazelle hound",0.357779826202717,1.0278374923849718,0.567821741104126,0.432178258895874,0.01096476592328552,5.921671101382783,0.3790322580645161,0.45120106130682586,1.1904028000435405
frame_000,frame_008,0,8,30,8,False,False,176,"Saluki, gazelle hound",0.40058556698594633,0.9148278848918565,0.6670745611190796,0.3329254388809204,0.01047919697562631,5.875079154028319,0.3850806451612903,0.4948804177644411,1.2851344880165592
frame_000,frame_009,0,9,30,9,False,False,176,"Saluki, gazelle hound",0.4579188864174397,0.7810632144447514,0.7269703149795532,0.2730296850204468,0.01717853017746664,5.787911225131463,0.10560344827586207,0.27689110383943744,2.6219892281938564
frame_000,frame_010,0,10,30,10,False,False,257,Great Pyrenees,0.4356071748317333,0.8310144169117497,0.727807879447937,0.272192120552063,0.01730084056741521,5.826892345883578,0.10775862068965517,0.2553256553018525,2.3694220812011917
frame_000,frame_011,0,11,30,11,False,False,257,Great Pyrenees,0.5120354290234252,0.6693614590252754,0.7697076201438904,0.23029237985610962,0.01850904119206913,5.8188609943338765,0.10129310344827586,0.24684271259059196,2.436915290256057
frame_000,frame_012,0,12,30,12,False,False,207,golden retriever,0.4410449933276936,0.8186083830531774,0.7661499381065369,0.23385006189346313,0.012637441943285534,5.841849783222765,0.09482758620689655,0.24081944026294433,2.5395504609546857
frame_000,frame_013,0,13,30,13,False,False,207,golden retriever,0.3440363866109625,1.0670078521706552,0.7579949498176575,0.24200505018234253,0.014469575305137415,5.811849310652095,0.08405172413793104,0.24459074768569564,2.9100027416964815
frame_000,frame_014,0,14,30,14,False,False,257,Great Pyrenees,0.4792038454030184,0.7356292075824218,0.790284276008606,0.20971572399139404,0.01275712895086668,5.805434328213643,0.07758620689655173,0.21977479795667956,2.8326529514416476
frame_000,frame_015,0,15,30,15,True,False,257,Great Pyrenees,0.7688530341065861,0.26285544073624534,0.863001823425293,0.13699817657470703,0.01530296056403579,5.804521754655138,0.07112068965517242,0.18929854525282405,2.6616522726457683
frame_000,frame_016,0,16,30,16,False,False,208,Labrador retriever,0.4138367528020941,0.8822836998233301,0.7199110984802246,0.2800889015197754,0.014168136550060962,5.824779552265628,0.06465517241379311,0.1700598478854379,2.6302589806281063
frame_000,frame_017,0,17,30,17,False,False,257,Great Pyrenees,0.5933870112802976,0.5219084600061996,0.8075574636459351,0.19244253635406494,0.015421940906039997,5.792192815879117,0.0668103448275862,0.1890884730833729,2.8302274680866137
frame_000,frame_001,0,1,40,1,False,False,285,Egyptian cat,0.3798524985029123,0.9679722634504522,0.6650162935256958,0.3349837064743042,0.06942101618863915,3.986346188160307,0.4274193548387097,0.9642886473318826,2.2560715522481782
frame_000,frame_002,0,2,40,2,False,False,359,"black-footed ferret, ferret, Mustela nigripes",0.5022672192941419,0.688622991565893,0.7020858526229858,0.29791414737701416,0.10829035571508558,3.9472692033368735,0.3971774193548387,0.9675977349657151,2.4361851601167244
frame_000,frame_003,0,3,40,3,False,False,32,"tailed frog, bell toad, ribbed toad, tailed toad, Ascaphus trui",0.3108095079039722,1.1685750692449393,0.589859127998352,0.41014087200164795,0.07864503510602099,4.03607701056419,0.3951612903225806,0.9638596398974391,2.439155007087397
frame_000,frame_004,0,4,40,4,False,False,158,toy terrier,0.18347281079975267,1.695688792494371,0.5359340310096741,0.4640659689903259,0.13011801376287419,3.727411012453365,0.38306451612903225,0.9570244843678519,2.4983376012971292
frame_000,frame_005,0,5,40,5,False,False,359,"black-footed ferret, ferret, Mustela nigripes",0.21723183637128224,1.5267901253685743,0.5497840642929077,0.4502159357070923,0.09847489684349722,3.684089291922312,0.3870967741935484,0.9661891546449309,2.495988649499405
frame_000,frame_006,0,6,40,6,False,False,159,Rhodesian ridgeback,0.16718655134769136,1.7886450160899425,0.5452771186828613,0.45472288131713867,0.13436910720921413,3.515433019978159,0.38911290322580644,0.961779981459219,2.4717247191905316
frame_000,frame_007,0,7,40,7,False,True,359,"black-footed ferret, ferret, Mustela nigripes",0.15325335659905215,1.875662801638617,0.5136526823043823,0.4863473176956177,0.1646546869680547,3.4748287860389704,0.3790322580645161,0.9644921694594055,2.544617638573751
frame_000,frame_008,0,8,40,8,False,False,359,"black-footed ferret, ferret, Mustela nigripes",0.8029818285683484,0.21942319472062977,0.8299024701118469,0.17009752988815308,0.2504765340542549,3.3736488638444793,0.3850806451612903,0.9596329426290564,2.4920310970890682
frame_000,frame_009,0,9,40,9,False,False,169,"borzoi, Russian wolfhound",0.18337997922755558,1.6961948896357972,0.6284513473510742,0.3715486526489258,0.10887536366210919,3.8376640252196954,0.10560344827586207,0.7673925698730968,7.26673780451259
frame_000,frame_010,0,10,40,10,False,False,257,Great Pyrenees,0.596922158457154,0.5159685619347321,0.7443548440933228,0.25564515590667725,0.11891676040851573,3.986429476414098,0.10775862068965517,0.7336818950936326,6.808567986468911
frame_000,frame_011,0,11,40,11,False,False,805,soccer ball,0.5033900923198468,0.6863898780005355,0.8429477214813232,0.15705227851867676,0.11114141103945446,3.986545019250003,0.10129310344827586,0.7966834257307247,7.8651299901926865
frame_000,frame_012,0,12,40,12,False,False,183,Kerry blue terrier,0.2896690254165229,1.2390162994380676,0.7376283407211304,0.26237165927886963,0.08945037299807275,4.015112865310976,0.09482758620689655,0.813851611397341,8.582435174735597
frame_000,frame_013,0,13,40,13,False,False,183,Kerry blue terrier,0.45660664627550956,0.7839329889794371,0.7938361763954163,0.20616382360458374,0.1175790396061712,3.7282359644272987,0.08405172413793104,0.8124121115333318,9.665621019268357
frame_000,frame_014,0,14,40,14,False,False,183,Kerry blue terrier,0.4894217782350417,0.714530629096386,0.8284177780151367,0.17158222198486328,0.1339166776778885,3.7409268485942597,0.07758620689655173,0.8371232848974057,10.78958900534434
frame_000,frame_015,0,15,40,15,True,False,257,Great Pyrenees,0.6627644150790758,0.4113356836473119,0.8488996624946594,0.15110033750534058,0.1268451093868546,3.6493201553238594,0.07112068965517242,0.7937438331562126,11.160519351044927
frame_000,frame_016,0,16,40,16,False,False,977,"sandbar, sand bar",0.2430969449445344,1.414294964812105,0.6897292733192444,0.3102707266807556,0.12937057198947594,3.63177250289301,0.06465517241379311,0.6812957879712204,10.537374853954875
frame_000,frame_017,0,17,40,17,False,False,257,Great Pyrenees,0.528850207842838,0.6370500481990988,0.7629081606864929,0.23709183931350708,0.12551033787996643,3.5481446358089936,0.0668103448275862,0.6686281561535321,10.007853692104481
frame_000,frame_001,0,1,50,1,False,False,285,Egyptian cat,0.5294281687434658,0.6359577817957103,0.727156400680542,0.272843599319458,0.06270997135496542,4.3789154713747065,0.4274193548387097,0.9236421289241241,2.1609740374828563
frame_000,frame_002,0,2,50,2,True,False,359,"black-footed ferret, ferret, Mustela nigripes",0.8980050092123525,0.1075796325080205,0.9117411375045776,0.08825886249542236,0.058914530352998436,4.4703430560473505,0.3971774193548387,0.9115344404715829,2.2950308755020568
frame_000,frame_003,0,3,50,3,False,False,359,"black-footed ferret, ferret, Mustela nigripes",0.3608164851485029,1.0193858012928185,0.6116176247596741,0.3883823752403259,0.06284358227782832,4.4568573899755,0.3951612903225806,0.91306017057004,2.3106012479731626
frame_000,frame_004,0,4,50,4,False,False,158,toy terrier,0.22131381164569697,1.508173622459644,0.5604338645935059,0.43956613540649414,0.0916744033608244,4.276934349320226,0.38306451612903225,0.9215153337245551,2.40564002909147
frame_000,frame_005,0,5,50,5,False,False,359,"black-footed ferret, ferret, Mustela nigripes",0.4182571317819092,0.8716588877796241,0.6477100849151611,0.35228991508483887,0.09351370629219445,4.282835930199075,0.3870967741935484,0.9181575868195367,2.371907099283803
frame_000,frame_006,0,6,50,6,False,False,106,wombat,0.27194796454913645,1.302144537792266,0.5581386089324951,0.4418613910675049,0.09028087579537694,4.3179747974697555,0.38911290322580644,0.9030533042422283,2.320800201575882
frame_000,frame_007,0,7,50,7,False,True,359,"black-footed ferret, ferret, Mustela nigripes",0.21060076347296797,1.5577910540610649,0.5158635973930359,0.4841364026069641,0.13478082078958126,4.160652718382227,0.3790322580645161,0.90237711626222,2.3807396258833036
frame_000,frame_008,0,8,50,8,False,False,359,"black-footed ferret, ferret, Mustela nigripes",0.8301462482563482,0.18615339099487738,0.8663203716278076,0.13367962837219238,0.13287125584243828,4.090105362234686,0.3850806451612903,0.9155328104359447,2.3775092878336577
frame_000,frame_009,0,9,50,9,False,False,260,"chow, chow chow",0.44959758054113946,0.7994023617758108,0.6860731840133667,0.3139268159866333,0.08924285094151699,4.177809380231332,0.10560344827586207,0.6316546275874775,5.981382595930399
frame_000,frame_010,0,10,50,10,False,False,257,Great Pyrenees,0.2607333374108875,1.3442570896900419,0.677802324295044,0.32219767570495605,0.08468304517462963,4.3371759640358585,0.10775862068965517,0.6106607497990947,5.666931758135599
frame_000,frame_011,0,11,50,11,False,False,257,Great Pyrenees,0.5106270821267169,0.6721157357718415,0.8230599761009216,0.17694002389907837,0.08129132013511828,4.409461021120432,0.10129310344827586,0.6537975509031981,6.454511991895403
frame_000,frame_012,0,12,50,12,False,False,207,golden retriever,0.5144430509179503,0.6646704180405463,0.7886435985565186,0.21135640144348145,0.08237636028080891,4.328010853548289,0.09482758620689655,0.7209012912307957,7.602231798433846
frame_000,frame_013,0,13,50,13,False,False,183,Kerry blue terrier,0.409762343435518,0.8921779375031571,0.8036413192749023,0.19635868072509766,0.11970529632879785,4.130305283219576,0.08405172413793104,0.7185543636634653,8.54895448050892
frame_000,frame_014,0,14,50,14,False,False,183,Kerry blue terrier,0.42863661265291836,0.8471457757625136,0.8319824934005737,0.16801750659942627,0.09289436098919274,4.251347248883228,0.07758620689655173,0.7102380040659679,9.154178719072476
frame_000,frame_015,0,15,50,15,False,False,208,Labrador retriever,0.3709222912369029,0.9917626958964769,0.7980624437332153,0.20193755626678467,0.11646184459351805,4.038454235765684,0.07112068965517242,0.6912308288023283,9.719124380735767
frame_000,frame_016,0,16,50,16,False,False,208,Labrador retriever,0.3163167141462879,1.1510113073657815,0.7189651131629944,0.2810348868370056,0.08430675976795858,3.9671118396891485,0.06465517241379311,0.5725369869840826,8.855238732020478
frame_000,frame_017,0,17,50,17,False,False,208,Labrador retriever,0.480294637087126,0.7333555361302522,0.7902669906616211,0.2097330093383789,0.15470461618355885,3.8224055056848725,0.0668103448275862,0.5869356041229761,8.78510065526003
frame_001,frame_000,1,0,5,-1,False,False,359,"black-footed ferret, ferret, Mustela nigripes",0.6123783811921751,0.4904049175980614,0.7141836285591125,0.28581637144088745,0.052683606379559225,5.145251222123056,0.41935483870967744,0.8043836442603384,1.9181456132361914
frame_001,frame_002,1,2,5,1,False,False,359,"black-footed ferret, ferret, Mustela nigripes",0.5089851752912922,0.6753363880202157,0.6865928173065186,0.31340718269348145,0.03170419902176575,5.2032711471658075,0.3971774193548387,0.771921963375621,1.9435192580421727
frame_001,frame_003,1,3,5,2,False,False,359,"black-footed ferret, ferret, Mustela nigripes",0.36027715191967685,1.0208816772835942,0.605777382850647,0.394222617149353,0.030716419807976493,5.2030497216326586,0.3951612903225806,0.7519596442209573,1.9029182833346676
frame_001,frame_004,1,4,5,3,False,False,452,"bonnet, poke bonnet",0.3559326243530504,1.0330138234768067,0.5550709366798401,0.4449290633201599,0.030376586741270802,5.087443726114561,0.38306451612903225,0.7772220821379208,2.0289586986337302
frame_001,frame_005,1,5,5,4,False,False,452,"bonnet, poke bonnet",0.457558119587166,0.781851364986125,0.6609084606170654,0.33909153938293457,0.0385981569248437,5.017729523034322,0.3870967741935484,0.7651243940427633,1.9765713512771386
frame_001,frame_006,1,6,5,5,False,False,452,"bonnet, poke bonnet",0.26287255564643797,1.3360859435419705,0.5299786329269409,0.4700213670730591,0.05038004634292829,5.084976075942855,0.38911290322580644,0.752154369991144,1.9329977591482252
frame_001,frame_007,1,7,5,6,False,False,452,"bonnet, poke bonnet",0.18481653797514722,1.6883916325711459,0.5243481397628784,0.4756518602371216,0.057433035495671525,5.035226529685869,0.3790322580645161,0.7419441619651538,1.9574697039080653
frame_001,frame_008,1,8,5,7,False,False,359,"black-footed ferret, ferret, Mustela nigripes",0.5030366848758542,0.6870921793830627,0.6497958898544312,0.35020411014556885,0.06483936222655232,4.995993917813676,0.3850806451612903,0.7564278522513598,1.964336202705102
frame_001,frame_009,1,9,5,8,True,False,169,"borzoi, Russian wolfhound",0.6261997305106618,0.4680859004465807,0.7454997301101685,0.25450026988983154,0.022070277498409726,5.289353184804981,0.10560344827586207,0.4491473227764022,4.2531501585357265
frame_001,frame_010,1,10,5,9,False,False,177,"Scottish deerhound, deerhound",0.17002586831000663,1.7718046869785766,0.5597115755081177,0.4402884244918823,0.021078240444755845,5.2827338445477245,0.10775862068965517,0.4890163055911969,4.538071315886308
frame_001,frame_011,1,11,5,10,False,False,257,Great Pyrenees,0.2302841143890278,1.4684414524371974,0.6446066498756409,0.35539335012435913,0.025468788983735263,5.251080341635445,0.10129310344827586,0.4616985920672575,4.558045674876755
frame_001,frame_012,1,12,5,11,False,False,169,"borzoi, Russian wolfhound",0.25897845080379905,1.351010422273772,0.5849039554595947,0.4150960445404053,0.028013331440156934,5.236278949135544,0.09482758620689655,0.4694916743261007,4.951003111075244
frame_001,frame_013,1,13,5,12,False,False,169,"borzoi, Russian wolfhound",0.1366320173206438,1.9904639718966806,0.536712646484375,0.463287353515625,0.03377692740183113,5.200637698133681,0.08405172413793104,0.4565224795148707,5.431446935766666
frame_001,frame_014,1,14,5,13,False,False,169,"borzoi, Russian wolfhound",0.16251625984553317,1.8169772216301752,0.5428582429885864,0.4571417570114136,0.04393126860631004,5.216943989786445,0.07758620689655173,0.43958331001243944,5.665740440160331
frame_001,frame_015,1,15,5,14,False,False,169,"borzoi, Russian wolfhound",0.10267988612449044,2.276139032012823,0.5235263109207153,0.47647368907928467,0.047989394119271625,5.16903571817016,0.07112068965517242,0.4150150650584721,5.835363339003971
frame_001,frame_016,1,16,5,15,False,True,218,Welsh springer spaniel,0.17769121003505658,1.7277080102388034,0.5233098864555359,0.4766901135444641,0.040512409667233545,5.1566642899954775,0.06465517241379311,0.376962350819919,5.830351026014747
frame_001,frame_017,1,17,5,16,False,False,218,Welsh springer spaniel,0.1969629391966686,1.6247396938472818,0.5685915946960449,0.4314084053039551,0.03979407622729806,5.125025168673543,0.0668103448275862,0.36180294921721823,5.415373175380299
frame_001,frame_000,1,0,10,-1,False,False,359,"black-footed ferret, ferret, Mustela nigripes",0.40445827822704494,0.9052066918649988,0.6047012805938721,0.39529871940612793,0.04237797474956328,4.920674894160197,0.41935483870967744,0.8747265096903927,2.0858862923386288
frame_001,frame_002,1,2,10,1,False,False,359,"black-footed ferret, ferret, Mustela nigripes",0.34313205665109686,1.0696399010978395,0.6138302087783813,0.38616979122161865,0.05126182688008237,4.812716380996347,0.3971774193548387,0.8738236885900259,2.200084007820573
frame_001,frame_003,1,3,10,2,False,False,359,"black-footed ferret, ferret, Mustela nigripes",0.17749058353422723,1.7288377219852906,0.4624837636947632,0.5375162363052368,0.04311197284496323,4.9975340958572865,0.3951612903225806,0.8630097985683909,2.1839431637240914
frame_001,frame_004,1,4,10,3,False,False,389,"barracouta, snoek",0.3398979604921624,1.0791098226153313,0.5827633142471313,0.41723668575286865,0.049451187755825486,4.929276891379326,0.38306451612903225,0.8592032492068868,2.2429726926663993
frame_001,frame_005,1,5,10,4,False,False,359,"black-footed ferret, ferret, Mustela nigripes",0.15290967927121285,1.8779078634646833,0.5153014063835144,0.4846985936164856,0.04212939757714989,4.968762366440785,0.3870967741935484,0.8588736325764924,2.2187568841559386
frame_001,frame_006,1,6,10,5,False,True,359,"black-footed ferret, ferret, Mustela nigripes",0.11986370132325427,2.121400004041316,0.45514053106307983,0.5448594689369202,0.057702821849916965,5.099911485953145,0.38911290322580644,0.8342129377218048,2.143884026476763
frame_001,frame_007,1,7,10,6,False,False,359,"black-footed ferret, ferret, Mustela nigripes",0.4592721126371965,0.7781124065910765,0.6132849454879761,0.3867150545120239,0.05227283913162859,5.056663004629489,0.3790322580645161,0.8238109035295273,2.1734585539927957
frame_001,frame_008,1,8,10,7,False,False,359,"black-footed ferret, ferret, Mustela nigripes",0.7798241038105757,0.2486868926643968,0.8095679879188538,0.19043201208114624,0.0657475957655235,4.917374744558723,0.3850806451612903,0.8384467654472731,2.1773277259782593
frame_001,frame_009,1,9,10,8,False,False,257,Great Pyrenees,0.28667035279459,1.249422319899585,0.6986331939697266,0.30136680603027344,0.09628533986502172,4.534152774483466,0.10560344827586207,0.5964572429757872,5.648084913076842
frame_001,frame_010,1,10,10,9,False,False,257,Great Pyrenees,0.5269588772281885,0.6406327653104853,0.7191851139068604,0.28081488609313965,0.09756567881013771,4.602044193427846,0.10775862068965517,0.5996940586467295,5.56516086424165
frame_001,frame_011,1,11,10,10,True,False,257,Great Pyrenees,0.6401265234611893,0.4460894292589792,0.8287656307220459,0.1712343692779541,0.06568477545071051,4.659397636445632,0.10129310344827586,0.6495279400608117,6.412360940174822
frame_001,frame_012,1,12,10,11,False,False,207,golden retriever,0.3612711226976268,1.0181265701295663,0.6733360290527344,0.3266639709472656,0.08546722792948384,4.606738981620393,0.09482758620689655,0.6611488502628385,6.9721151482262975
frame_001,frame_013,1,13,10,12,False,False,207,golden retriever,0.2995322206215804,1.205533285838869,0.7116959095001221,0.28830409049987793,0.09958610672457581,4.42713267248404,0.08405172413793104,0.6628364116866085,7.8860537185278545
frame_001,frame_014,1,14,10,13,False,False,257,Great Pyrenees,0.38418182618938,0.9566393327613492,0.7582575082778931,0.24174249172210693,0.08968769665867819,4.585899120757002,0.07758620689655173,0.6331128833773455,8.160121607974675
frame_001,frame_015,1,15,10,14,False,False,257,Great Pyrenees,0.570561452067508,0.5611343993240814,0.7880308032035828,0.21196919679641724,0.11126156835354346,4.497394758323106,0.07112068965517242,0.5993096574414826,8.426657001601452
frame_001,frame_016,1,16,10,15,False,False,805,soccer ball,0.2868610948345674,1.248757170506999,0.6544721722602844,0.3455278277397156,0.11361020428505664,4.361282482163153,0.06465517241379311,0.5334080538634426,8.250044566421245
frame_001,frame_017,1,17,10,16,False,False,257,Great Pyrenees,0.35220771490771663,1.0435341782544416,0.7425925135612488,0.2574074864387512,0.10613188360723384,4.259371104577906,0.0668103448275862,0.5528887588757682,8.275496261882466
frame_001,frame_000,1,0,20,-1,False,False,359,"black-footed ferret, ferret, Mustela nigripes",0.3284383856074322,1.1134060214884478,0.5978597402572632,0.4021402597427368,0.03587553174237783,5.175733118375292,0.41935483870967744,0.8204259054139279,1.9564002359870587
frame_001,frame_002,1,2,20,1,False,False,179,"Staffordshire bullterrier, Staffordshire bull terrier",0.4565340100587107,0.7840920799506872,0.6392332315444946,0.36076676845550537,0.04140135640398988,4.986284624193841,0.3971774193548387,0.825715381318388,2.078958523522439
frame_001,frame_003,1,3,20,2,False,True,452,"bonnet, poke bonnet",0.1389290093016084,1.9737922007644597,0.4183155298233032,0.5816844701766968,0.03429933976399888,5.0246412655482136,0.3951612903225806,0.8301408885005244,2.1007646974298986
frame_001,frame_004,1,4,20,3,False,False,158,toy terrier,0.24543852044620665,1.4047087889903906,0.4884108901023865,0.5115891098976135,0.03789623399018611,4.933140292822039,0.38306451612903225,0.8463008553784112,2.2092906540404837
frame_001,frame_005,1,5,20,4,False,False,179,"Staffordshire bullterrier, Staffordshire bull terrier",0.14682880085435776,1.9184879909387007,0.4852561950683594,0.5147438049316406,0.037014336286347364,4.9083271572209455,0.3870967741935484,0.853842219930227,2.2057590681530863
frame_001,frame_006,1,6,20,5,False,False,245,French bulldog,0.18167704007095187,1.7055246733092284,0.4910227060317993,0.5089772939682007,0.03509674989030636,5.03288468401368,0.38911290322580644,0.8339151233605083,2.1431186589990268
frame_001,frame_007,1,7,20,6,False,False,96,toucan,0.2051293906795257,1.5841143249038243,0.4602319598197937,0.5397680401802063,0.03315740775083713,5.095586142663546,0.3790322580645161,0.8271468904101713,2.182259881082154
frame_001,frame_008,1,8,20,7,False,False,359,"black-footed ferret, ferret, Mustela nigripes",0.17830984761170446,1.724232525062174,0.4665999412536621,0.5334000587463379,0.031378570680858905,5.144901717410455,0.3850806451612903,0.8213951815344191,2.1330471729899054
frame_001,frame_009,1,9,20,8,False,False,208,Labrador retriever,0.28218901705339056,1.2651781593378306,0.685344934463501,0.314655065536499,0.050744433042930276,5.069312586052616,0.10560344827586207,0.39911677721823796,3.7793915230461717
frame_001,frame_010,1,10,20,9,False,False,257,Great Pyrenees,0.48798955699034946,0.7174612729679044,0.7245805263519287,0.2754194736480713,0.04910794536779049,5.168243540914929,0.10775862068965517,0.4278470141113227,3.970420290953075
frame_001,frame_011,1,11,20,10,False,False,257,Great Pyrenees,0.665020808138131,0.4079369483825386,0.808329701423645,0.19167029857635498,0.03453567281302071,5.190345325869199,0.10129310344827586,0.3746860440255909,3.699028179316472
frame_001,frame_012,1,12,20,11,False,False,207,golden retriever,0.6570171491024406,0.4200451587035685,0.7976359128952026,0.20236408710479736,0.03907383646343404,5.172050332804828,0.09482758620689655,0.4334849157138352,4.571295474800444
frame_001,frame_013,1,13,20,12,False,False,207,golden retriever,0.4634120090254814,0.7691387522883995,0.7986770868301392,0.20132291316986084,0.043188203793078465,5.197765704878952,0.08405172413793104,0.38362381431321874,4.564139739521371
frame_001,frame_014,1,14,20,13,False,False,208,Labrador retriever,0.5800204114924201,0.5446919838325934,0.8352632522583008,0.16473674774169922,0.0407197958467843,5.207380330322191,0.07758620689655173,0.3800936825516719,4.898985241777105
frame_001,frame_015,1,15,20,14,True,False,257,Great Pyrenees,0.5649827807050603,0.57096002492833,0.8430725336074829,0.1569274663925171,0.05504330287800019,5.110104566236986,0.07112068965517242,0.3817398874001059,5.367494174353004
frame_001,frame_016,1,16,20,15,False,False,208,Labrador retriever,0.51293400265736,0.6676080918781828,0.7517242431640625,0.2482757568359375,0.057545956480762724,5.026562570047932,0.06465517241379311,0.33046764870591916,5.111232966651549
frame_001,frame_017,1,17,20,16,False,False,257,Great Pyrenees,0.5383932882571264,0.6191659668193541,0.8138124346733093,0.18618756532669067,0.06633230244147853,4.931621804179374,0.0668103448275862,0.39521713575822515,5.915508096510209
frame_001,frame_000,1,0,30,-1,False,False,198,standard schnauzer,0.21306523480456824,1.5461568934746666,0.6017378568649292,0.3982621431350708,0.013504128917938008,5.869414540965498,0.41935483870967744,0.4737482155964179,1.1297072833453041
frame_001,frame_002,1,2,30,1,False,False,198,standard schnauzer,0.421382332252692,0.8642147048016309,0.678961992263794,0.32103800773620605,0.010746315232680118,5.892174300977131,0.3971774193548387,0.4256569295571013,1.071704756651382
frame_001,frame_003,1,3,30,2,False,False,452,"bonnet, poke bonnet",0.1863054336766243,1.6803678355271128,0.49661141633987427,0.5033885836601257,0.011761585119992252,5.888748095598649,0.3951612903225806,0.416059602506787,1.052885524711053
frame_001,frame_004,1,4,30,3,False,True,452,"bonnet, poke bonnet",0.16879340207111473,1.7790797848406363,0.47627121210098267,0.5237287878990173,0.014866749917373509,5.864026890842563,0.38306451612903225,0.44465834369262974,1.1607923077449702
frame_001,frame_005,1,5,30,4,False,False,179,"Staffordshire bullterrier, Staffordshire bull terrier",0.24544866950778718,1.404667439116979,0.5437764525413513,0.4562235474586487,0.010137511408566014,5.8800507373554405,0.3870967741935484,0.4658285298576246,1.2033903687988634
frame_001,frame_006,1,6,30,5,False,False,245,French bulldog,0.13526061097087513,2.000551909834787,0.506037712097168,0.49396228790283203,0.010977587632285698,5.909301134136739,0.38911290322580644,0.46529006293850955,1.195771353458553
frame_001,frame_007,1,7,30,6,False,False,176,"Saluki, gazelle hound",0.357779826202717,1.0278374923849718,0.567821741104126,0.432178258895874,0.012559124244649934,5.919201907693784,0.3790322580645161,0.4504549218835078,1.1884342619905313
frame_001,frame_008,1,8,30,7,False,False,176,"Saluki, gazelle hound",0.40058556698594633,0.9148278848918565,0.6670745611190796,0.3329254388809204,0.012364149190425992,5.869813562534469,0.3850806451612903,0.4815623377665258,1.2505493169224964
frame_001,frame_009,1,9,30,8,False,False,176,"Saluki, gazelle hound",0.4579188864174397,0.7810632144447514,0.7269703149795532,0.2730296850204468,0.01475444163504162,5.807494329785527,0.10560344827586207,0.2536063731043662,2.4014970840903245
frame_001,frame_010,1,10,30,9,False,False,257,Great Pyrenees,0.4356071748317333,0.8310144169117497,0.727807879447937,0.272192120552063,0.015470395909238275,5.841731720401721,0.10775862068965517,0.23016887186931775,2.135967130947269
frame_001,frame_011,1,11,30,10,False,False,257,Great Pyrenees,0.5120354290234252,0.6693614590252754,0.7697076201438904,0.23029237985610962,0.01706438887367215,5.845867668843116,0.10129310344827586,0.21632393292561916,2.1356235080316446
frame_001,frame_012,1,12,30,11,False,False,207,golden retriever,0.4410449933276936,0.8186083830531774,0.7661499381065369,0.23385006189346313,0.018865100931796483,5.845780689244355,0.09482758620689655,0.21869188573724793,2.3062053405018874
frame_001,frame_013,1,13,30,12,False,False,207,golden retriever,0.3440363866109625,1.0670078521706552,0.7579949498176575,0.24200505018234253,0.013671438031258296,5.8312294603046135,0.08405172413793104,0.21833333029870128,2.597606801502497
frame_001,frame_014,1,14,30,13,False,False,257,Great Pyrenees,0.4792038454030184,0.7356292075824218,0.790284276008606,0.20971572399139404,0.018170943025731346,5.816605704862274,0.07758620689655173,0.19012544814472093,2.450505776087514
frame_001,frame_015,1,15,30,14,True,False,257,Great Pyrenees,0.7688530341065861,0.26285544073624534,0.863001823425293,0.13699817657470703,0.014153786065790968,5.819893098616163,0.07112068965517242,0.15971191693436412,2.2456463471983317
frame_001,frame_016,1,16,30,15,False,False,208,Labrador retriever,0.4138367528020941,0.8822836998233301,0.7199110984802246,0.2800889015197754,0.012721089737482504,5.8435111338295505,0.06465517241379311,0.1453923368779713,2.2487348103792892
frame_001,frame_017,1,17,30,16,False,False,257,Great Pyrenees,0.5933870112802976,0.5219084600061996,0.8075574636459351,0.19244253635406494,0.012473599806631359,5.817902101654078,0.0668103448275862,0.1579146609381419,2.3636258927515437
frame_001,frame_000,1,0,40,-1,False,False,359,"black-footed ferret, ferret, Mustela nigripes",0.5890644471138332,0.5292196834659357,0.7369797229766846,0.26302027702331543,0.07896459797253894,4.037498653704682,0.41935483870967744,0.9676699240357696,2.3075205880852967
frame_001,frame_002,1,2,40,1,False,False,359,"black-footed ferret, ferret, Mustela nigripes",0.5022672192941419,0.688622991565893,0.7020858526229858,0.29791414737701416,0.08167972214470677,4.14628627772759,0.3971774193548387,0.9589451776900668,2.414400041290727
frame_001,frame_003,1,3,40,2,False,False,32,"tailed frog, bell toad, ribbed toad, tailed toad, Ascaphus trui",0.3108095079039722,1.1685750692449393,0.589859127998352,0.41014087200164795,0.07278504249385219,4.223802086546337,0.3951612903225806,0.9595291221557427,2.428196145863512
frame_001,frame_004,1,4,40,3,False,False,158,toy terrier,0.18347281079975267,1.695688792494371,0.5359340310096741,0.4640659689903259,0.10301170732206104,4.011271928392236,0.38306451612903225,0.9496145370697477,2.4789937388768153
frame_001,frame_005,1,5,40,4,False,False,359,"black-footed ferret, ferret, Mustela nigripes",0.21723183637128224,1.5267901253685743,0.5497840642929077,0.4502159357070923,0.08633386479366115,3.9336345300959104,0.3870967741935484,0.9573401100702983,2.473128617681604
frame_001,frame_006,1,6,40,5,False,False,159,Rhodesian ridgeback,0.16718655134769136,1.7886450160899425,0.5452771186828613,0.45472288131713867,0.1145563009566751,3.822870281054424,0.38911290322580644,0.9537297043795834,2.45103592420867
frame_001,frame_007,1,7,40,6,False,True,359,"black-footed ferret, ferret, Mustela nigripes",0.15325335659905215,1.875662801638617,0.5136526823043823,0.4863473176956177,0.1316307173225671,3.7731455009258132,0.3790322580645161,0.9570410458075579,2.5249593548965357
frame_001,frame_008,1,8,40,7,False,False,359,"black-footed ferret, ferret, Mustela nigripes",0.8029818285683484,0.21942319472062977,0.8299024701118469,0.17009752988815308,0.22059496637622425,3.6241498220901254,0.3850806451612903,0.9494105552087949,2.4654850020081795
frame_001,frame_009,1,9,40,8,False,False,169,"borzoi, Russian wolfhound",0.18337997922755558,1.6961948896357972,0.6284513473510742,0.3715486526489258,0.0984389498367975,3.971592508336654,0.10560344827586207,0.7595833234031599,7.192789021613596
frame_001,frame_010,1,10,40,9,False,False,257,Great Pyrenees,0.596922158457154,0.5159685619347321,0.7443548440933228,0.25564515590667725,0.10320559092747532,4.079871931134067,0.10775862068965517,0.7297896721698772,6.772448157736461
frame_001,frame_011,1,11,40,10,False,False,805,soccer ball,0.5033900923198468,0.6863898780005355,0.8429477214813232,0.15705227851867676,0.10828241835945253,4.099124087288972,0.10129310344827586,0.7846886088320438,7.746713074426986
frame_001,frame_012,1,12,40,11,False,False,183,Kerry blue terrier,0.2896690254165229,1.2390162994380676,0.7376283407211304,0.26237165927886963,0.08337399349597835,4.06599357472107,0.09482758620689655,0.813975200909927,8.583738482322868
frame_001,frame_013,1,13,40,12,False,False,183,Kerry blue terrier,0.45660664627550956,0.7839329889794371,0.7938361763954163,0.20616382360458374,0.09883228593030112,3.825515754439508,0.08405172413793104,0.7949524502494876,9.457895818352878
frame_001,frame_014,1,14,40,13,False,False,183,Kerry blue terrier,0.4894217782350417,0.714530629096386,0.8284177780151367,0.17158222198486328,0.12177923968362818,3.8961886858292885,0.07758620689655173,0.8134322978474671,10.484238505589575
frame_001,frame_015,1,15,40,14,True,False,257,Great Pyrenees,0.6627644150790758,0.4113356836473119,0.8488996624946594,0.15110033750534058,0.11489956273875757,3.801525317923038,0.07112068965517242,0.7673573150181225,10.789508914194208
frame_001,frame_016,1,16,40,15,False,False,977,"sandbar, sand bar",0.2430969449445344,1.414294964812105,0.6897292733192444,0.3102707266807556,0.14055952269636973,3.707874199158945,0.06465517241379311,0.672102695095428,10.395188350809285
frame_001,frame_017,1,17,40,16,False,False,257,Great Pyrenees,0.528850207842838,0.6370500481990988,0.7629081606864929,0.23709183931350708,0.10424537318739234,3.702023761196923,0.0668103448275862,0.6704223590677442,10.0347088583043
frame_001,frame_000,1,0,50,-1,False,False,359,"black-footed ferret, ferret, Mustela nigripes",0.8790892627297429,0.12886883613459332,0.9025766849517822,0.09742331504821777,0.053372390732352296,4.64028083886188,0.41935483870967744,0.9186771775162816,2.190691731000364
frame_001,frame_002,1,2,50,1,True,False,359,"black-footed ferret, ferret, Mustela nigripes",0.8980050092123525,0.1075796325080205,0.9117411375045776,0.08825886249542236,0.05036975249397511,4.670966926411949,0.3971774193548387,0.902849376578605,2.2731639126040006
frame_001,frame_003,1,3,50,2,False,False,359,"black-footed ferret, ferret, Mustela nigripes",0.3608164851485029,1.0193858012928185,0.6116176247596741,0.3883823752403259,0.0662465544951937,4.638974514677638,0.3951612903225806,0.9105534177039196,2.3042576284752254
frame_001,frame_004,1,4,50,3,False,False,158,toy terrier,0.22131381164569697,1.508173622459644,0.5604338645935059,0.43956613540649414,0.0667686096402389,4.50932932020799,0.38306451612903225,0.9176318170058475,2.3955020064994756
frame_001,frame_005,1,5,50,4,False,False,359,"black-footed ferret, ferret, Mustela nigripes",0.4182571317819092,0.8716588877796241,0.6477100849151611,0.35228991508483887,0.07808437271491526,4.465705216738423,0.3870967741935484,0.9122205623139726,2.356569785977763
frame_001,frame_006,1,6,50,5,False,False,106,wombat,0.27194796454913645,1.302144537792266,0.5581386089324951,0.4418613910675049,0.06758590902573566,4.504245782233505,0.38911290322580644,0.9028733062117693,2.3203376159639255
frame_001,frame_007,1,7,50,6,False,True,359,"black-footed ferret, ferret, Mustela nigripes",0.21060076347296797,1.5577910540610649,0.5158635973930359,0.4841364026069641,0.09250465976773245,4.438451614667667,0.3790322580645161,0.9005881547220662,2.3760198124582175
frame_001,frame_008,1,8,50,7,False,False,359,"black-footed ferret, ferret, Mustela nigripes",0.8301462482563482,0.18615339099487738,0.8663203716278076,0.13367962837219238,0.10597062816061346,4.367407420942154,0.3850806451612903,0.9075003256760185,2.356650060394268
frame_001,frame_009,1,9,50,8,False,False,260,"chow, chow chow",0.44959758054113946,0.7994023617758108,0.6860731840133667,0.3139268159866333,0.06775601269306843,4.362590399391568,0.10560344827586207,0.6124858614571086,5.799866116655069
frame_001,frame_010,1,10,50,9,False,False,257,Great Pyrenees,0.2607333374108875,1.3442570896900419,0.677802324295044,0.32219767570495605,0.06894681731126576,4.436528802273154,0.10775862068965517,0.6146789094594332,5.70422027978354
frame_001,frame_011,1,11,50,10,False,False,257,Great Pyrenees,0.5106270821267169,0.6721157357718415,0.8230599761009216,0.17694002389907837,0.06645677861942072,4.526498046274087,0.10129310344827586,0.6467780899442278,6.385213483704717
frame_001,frame_012,1,12,50,11,False,False,207,golden retriever,0.5144430509179503,0.6646704180405463,0.7886435985565186,0.21135640144348145,0.07033083649446921,4.418075436970426,0.09482758620689655,0.7170093852807237,7.561189881142178
frame_001,frame_013,1,13,50,12,False,False,183,Kerry blue terrier,0.409762343435518,0.8921779375031571,0.8036413192749023,0.19635868072509766,0.0884465279986302,4.2628994815908,0.08405172413793104,0.6810127230665913,8.102305218023035
frame_001,frame_014,1,14,50,13,False,False,183,Kerry blue terrier,0.42863661265291836,0.8471457757625136,0.8319824934005737,0.16801750659942627,0.07333141595262052,4.420571805591739,0.07758620689655173,0.6732082084763821,8.676905798140035
frame_001,frame_015,1,15,50,14,False,False,208,Labrador retriever,0.3709222912369029,0.9917626958964769,0.7980624437332153,0.20193755626678467,0.09602841109523921,4.206226747098189,0.07112068965517242,0.650463906191915,9.14591674160753
frame_001,frame_016,1,16,50,15,False,False,208,Labrador retriever,0.3163167141462879,1.1510113073657815,0.7189651131629944,0.2810348868370056,0.1019865074647806,4.087344032779335,0.06465517241379311,0.5441751859663826,8.416576209613384
frame_001,frame_017,1,17,50,16,False,False,208,Labrador retriever,0.480294637087126,0.7333555361302522,0.7902669906616211,0.2097330093383789,0.1201388916393036,4.010199054318369,0.0668103448275862,0.5847644480677344,8.75260335172351
frame_002,frame_000,2,0,5,-2,False,False,359,"black-footed ferret, ferret, Mustela nigripes",0.6123783811921751,0.4904049175980614,0.7141836285591125,0.28581637144088745,0.045807607471109665,5.264464379180017,0.41935483870967744,0.7686427727936709,1.832917381277215
frame_002,frame_001,2,1,5,-1,False,False,359,"black-footed ferret, ferret, Mustela nigripes",0.3981261834168648,0.9209862801844855,0.5763109922409058,0.42368900775909424,0.03710591811891484,5.20699465684179,0.4274193548387097,0.7848334598742173,1.8362141325359045
frame_002,frame_003,2,3,5,1,False,False,359,"black-footed ferret, ferret, Mustela nigripes",0.36027715191967685,1.0208816772835942,0.605777382850647,0.394222617149353,0.02640918497542042,5.329514748572353,0.3951612903225806,0.7070154876336199,1.7891820503381402
frame_002,frame_004,2,4,5,2,False,False,452,"bonnet, poke bonnet",0.3559326243530504,1.0330138234768067,0.5550709366798401,0.4449290633201599,0.02805767982986877,5.209727086178425,0.38306451612903225,0.7362783623883697,1.9220740407612178
frame_002,frame_005,2,5,5,3,False,False,452,"bonnet, poke bonnet",0.457558119587166,0.781851364986125,0.6609084606170654,0.33909153938293457,0.032807628694686654,5.173684047195279,0.3870967741935484,0.7223637396466537,1.866106327420522
frame_002,frame_006,2,6,5,4,False,False,452,"bonnet, poke bonnet",0.26287255564643797,1.3360859435419705,0.5299786329269409,0.4700213670730591,0.04424837726232161,5.245404395151398,0.38911290322580644,0.7098863595422454,1.8243711623469105
frame_002,frame_007,2,7,5,5,False,False,452,"bonnet, poke bonnet",0.18481653797514722,1.6883916325711459,0.5243481397628784,0.4756518602371216,0.05175832684877948,5.215836490696613,0.3790322580645161,0.6961767873455644,1.8367217368265956
frame_002,frame_008,2,8,5,6,False,False,359,"black-footed ferret, ferret, Mustela nigripes",0.5030366848758542,0.6870921793830627,0.6497958898544312,0.35020411014556885,0.05517994979122688,5.162018349147252,0.3850806451612903,0.7175194029641148,1.863296460053408
frame_002,frame_009,2,9,5,7,True,False,169,"borzoi, Russian wolfhound",0.6261997305106618,0.4680859004465807,0.7454997301101685,0.25450026988983154,0.020853977474280295,5.3629083178895405,0.10560344827586207,0.42523054582426006,4.026672923723606
frame_002,frame_010,2,10,5,8,False,False,177,"Scottish deerhound, deerhound",0.17002586831000663,1.7718046869785766,0.5597115755081177,0.4402884244918823,0.018712539359789945,5.354741579090344,0.10775862068965517,0.46220139861402404,4.2892289791381435
frame_002,frame_011,2,11,5,9,False,False,257,Great Pyrenees,0.2302841143890278,1.4684414524371974,0.6446066498756409,0.35539335012435913,0.024679388898243042,5.317957757720393,0.10129310344827586,0.43703789394319387,4.314586867864723
frame_002,frame_012,2,12,5,10,False,False,169,"borzoi, Russian wolfhound",0.25897845080379905,1.351010422273772,0.5849039554595947,0.4150960445404053,0.026155089685179978,5.311512028044913,0.09482758620689655,0.4439807725139087,4.68197905560122
frame_002,frame_013,2,13,5,11,False,False,169,"borzoi, Russian wolfhound",0.1366320173206438,1.9904639718966806,0.536712646484375,0.463287353515625,0.031082030719080018,5.289471486035319,0.08405172413793104,0.4265311364194123,5.074626853810444
frame_002,frame_014,2,14,5,12,False,False,169,"borzoi, Russian wolfhound",0.16251625984553317,1.8169772216301752,0.5428582429885864,0.4571417570114136,0.03972294231492263,5.312861349091646,0.07758620689655173,0.4091330052067528,5.273269844887036
frame_002,frame_015,2,15,5,13,False,False,169,"borzoi, Russian wolfhound",0.10267988612449044,2.276139032012823,0.5235263109207153,0.47647368907928467,0.03998131602964624,5.271683435295708,0.07112068965517242,0.38422214035694746,5.402396155321927
frame_002,frame_016,2,16,5,14,False,True,218,Welsh springer spaniel,0.17769121003505658,1.7277080102388034,0.5233098864555359,0.4766901135444641,0.03600649909363923,5.241187265710052,0.06465517241379311,0.3514120104941943,5.4351724289768715
frame_002,frame_017,2,17,5,15,False,False,218,Welsh springer spaniel,0.1969629391966686,1.6247396938472818,0.5685915946960449,0.4314084053039551,0.03621008687600049,5.203118880205423,0.0668103448275862,0.3470188097474456,5.194087991058541
frame_002,frame_000,2,0,10,-2,False,False,359,"black-footed ferret, ferret, Mustela nigripes",0.40445827822704494,0.9052066918649988,0.6047012805938721,0.39529871940612793,0.04403571033807183,4.892633611001152,0.41935483870967744,0.8812498046617863,2.101441841885798
frame_002,frame_001,2,1,10,-1,False,False,179,"Staffordshire bullterrier, Staffordshire bull terrier",0.17842979673264486,1.7235600507388833,0.541702151298523,0.45829784870147705,0.05965746170741674,4.776637856202829,0.4274193548387097,0.8710709342468543,2.0379772801247156
frame_002,frame_003,2,3,10,1,False,False,359,"black-footed ferret, ferret, Mustela nigripes",0.17749058353422723,1.7288377219852906,0.4624837636947632,0.5375162363052368,0.04650797591983237,4.983987772243324,0.3951612903225806,0.8720249969941503,2.206757135250503
frame_002,frame_004,2,4,10,2,False,False,389,"barracouta, snoek",0.3398979604921624,1.0791098226153313,0.5827633142471313,0.41723668575286865,0.05116673630373686,4.905416169934385,0.38306451612903225,0.8617826633950612,2.249706321283949
frame_002,frame_005,2,5,10,3,False,False,359,"black-footed ferret, ferret, Mustela nigripes",0.15290967927121285,1.8779078634646833,0.5153014063835144,0.4846985936164856,0.051853098084807016,4.9788831311944355,0.3870967741935484,0.861782262409106,2.2262708445568573
frame_002,frame_006,2,6,10,4,False,True,359,"black-footed ferret, ferret, Mustela nigripes",0.11986370132325427,2.121400004041316,0.45514053106307983,0.5448594689369202,0.05916902011533058,5.074007441860254,0.38911290322580644,0.8366648159871631,2.150185226578409
frame_002,frame_007,2,7,10,5,False,False,359,"black-footed ferret, ferret, Mustela nigripes",0.4592721126371965,0.7781124065910765,0.6132849454879761,0.3867150545120239,0.05912585387525648,5.071050937728449,0.3790322580645161,0.8239703136892393,2.1738791254779932
frame_002,frame_008,2,8,10,6,False,False,359,"black-footed ferret, ferret, Mustela nigripes",0.7798241038105757,0.2486868926643968,0.8095679879188538,0.19043201208114624,0.07207819927314148,4.889129484314934,0.3850806451612903,0.8434026933367458,2.190197570131026
frame_002,frame_009,2,9,10,7,False,False,257,Great Pyrenees,0.28667035279459,1.249422319899585,0.6986331939697266,0.30136680603027344,0.10100824883432848,4.442973731382825,0.10560344827586207,0.6142048485017703,5.816143871526967
frame_002,frame_010,2,10,10,8,False,False,257,Great Pyrenees,0.5269588772281885,0.6406327653104853,0.7191851139068604,0.28081488609313965,0.10432291061207799,4.509688411752267,0.10775862068965517,0.6108723149230608,5.668895082486005
frame_002,frame_011,2,11,10,9,True,False,257,Great Pyrenees,0.6401265234611893,0.4460894292589792,0.8287656307220459,0.1712343692779541,0.06548847093641899,4.571890261734387,0.10129310344827586,0.6735396174149821,6.649412393203228
frame_002,frame_012,2,12,10,10,False,False,207,golden retriever,0.3612711226976268,1.0181265701295663,0.6733360290527344,0.3266639709472656,0.09095149868827251,4.520364045787781,0.09482758620689655,0.6813341138302498,7.184977927664453
frame_002,frame_013,2,13,10,11,False,False,207,golden retriever,0.2995322206215804,1.205533285838869,0.7116959095001221,0.28830409049987793,0.09876669097092598,4.341678398733388,0.08405172413793104,0.6843615534338383,8.142147712648743
frame_002,frame_014,2,14,10,12,False,False,257,Great Pyrenees,0.38418182618938,0.9566393327613492,0.7582575082778931,0.24174249172210693,0.0992311820315585,4.478925435358918,0.07758620689655173,0.6583180740325087,8.484988509752334
frame_002,frame_015,2,15,10,13,False,False,257,Great Pyrenees,0.570561452067508,0.5611343993240814,0.7880308032035828,0.21196919679641724,0.11816622385253703,4.388785909368885,0.07112068965517242,0.6246096619945684,8.78239039895393
frame_002,frame_016,2,16,10,14,False,False,805,soccer ball,0.2868610948345674,1.248757170506999,0.6544721722602844,0.3455278277397156,0.11996813210154159,4.249755350008773,0.06465517241379311,0.5621768765454676,8.695002357236564
frame_002,frame_017,2,17,10,15,False,False,257,Great Pyrenees,0.35220771490771663,1.0435341782544416,0.7425925135612488,0.2574074864387512,0.1087976446079754,4.14909511002886,0.0668103448275862,0.5743380196463501,8.596543261803435
frame_002,frame_000,2,0,20,-2,False,False,359,"black-footed ferret, ferret, Mustela nigripes",0.3284383856074322,1.1134060214884478,0.5978597402572632,0.4021402597427368,0.029343782125859523,5.275210565811456,0.41935483870967744,0.7987429793415981,1.9046947968915031
frame_002,frame_001,2,1,20,-1,False,False,179,"Staffordshire bullterrier, Staffordshire bull terrier",0.26992537288371554,1.309609754915357,0.5716906785964966,0.4283093214035034,0.03140966638875025,5.2010378361766225,0.4274193548387097,0.8175902250992024,1.9128526021188887
frame_002,frame_003,2,3,20,1,False,True,452,"bonnet, poke bonnet",0.1389290093016084,1.9737922007644597,0.4183155298233032,0.5816844701766968,0.03456974726632683,5.150946226973684,0.3951612903225806,0.8118056133890547,2.0543652257192404
frame_002,frame_004,2,4,20,2,False,False,158,toy terrier,0.24543852044620665,1.4047087889903906,0.4884108901023865,0.5115891098976135,0.026820601857983597,5.07049729886004,0.38306451612903225,0.822782139046655,2.1478944261428468
frame_002,frame_005,2,5,20,3,False,False,179,"Staffordshire bullterrier, Staffordshire bull terrier",0.14682880085435776,1.9184879909387007,0.4852561950683594,0.5147438049316406,0.03614045674724272,5.037361980954837,0.3870967741935484,0.8319444978894479,2.149189952881074
frame_002,frame_006,2,6,20,4,False,False,245,French bulldog,0.18167704007095187,1.7055246733092284,0.4910227060317993,0.5089772939682007,0.033322640368247974,5.1573492237876035,0.38911290322580644,0.8075812649099265,2.0754420072296558
frame_002,frame_007,2,7,20,5,False,False,96,toucan,0.2051293906795257,1.5841143249038243,0.4602319598197937,0.5397680401802063,0.030771073239369957,5.226372638951145,0.3790322580645161,0.7983343149955651,2.1062437246691506
frame_002,frame_008,2,8,20,6,False,False,359,"black-footed ferret, ferret, Mustela nigripes",0.17830984761170446,1.724232525062174,0.4665999412536621,0.5334000587463379,0.02920571678897238,5.257307296309765,0.3850806451612903,0.7963618033428754,2.068039028576263
frame_002,frame_009,2,9,20,7,False,False,208,Labrador retriever,0.28218901705339056,1.2651781593378306,0.685344934463501,0.314655065536499,0.04217625000712929,5.172458663030902,0.10560344827586207,0.3670791253673232,3.476014574906897
frame_002,frame_010,2,10,20,8,False,False,257,Great Pyrenees,0.48798955699034946,0.7174612729679044,0.7245805263519287,0.2754194736480713,0.043421402457796326,5.22803641330889,0.10775862068965517,0.39658193242687206,3.680280332921373
frame_002,frame_011,2,11,20,9,False,False,257,Great Pyrenees,0.665020808138131,0.4079369483825386,0.808329701423645,0.19167029857635498,0.032958991639549365,5.229004593172989,0.10129310344827586,0.3579978186919702,3.534276337724983
frame_002,frame_012,2,12,20,10,False,False,207,golden retriever,0.6570171491024406,0.4200451587035685,0.7976359128952026,0.20236408710479736,0.035235557676962986,5.227473591333207,0.09482758620689655,0.4056276153087744,4.277527579619803
frame_002,frame_013,2,13,20,11,False,False,207,golden retriever,0.4634120090254814,0.7691387522883995,0.7986770868301392,0.20132291316986084,0.038080763470900565,5.26534221142222,0.08405172413793104,0.35972652612098366,4.279823285131703
frame_002,frame_014,2,14,20,12,False,False,208,Labrador retriever,0.5800204114924201,0.5446919838325934,0.8352632522583008,0.16473674774169922,0.03703231693556061,5.277799481949918,0.07758620689655173,0.3558878902255152,4.586999474017752
frame_002,frame_015,2,15,20,13,True,False,257,Great Pyrenees,0.5649827807050603,0.57096002492833,0.8430725336074829,0.1569274663925171,0.04777998455683919,5.194164775402671,0.07112068965517242,0.3515202550205373,4.942587828167555
frame_002,frame_016,2,16,20,14,False,False,208,Labrador retriever,0.51293400265736,0.6676080918781828,0.7517242431640625,0.2482757568359375,0.04810324720815141,5.107738990249493,0.06465517241379311,0.3033858456545729,4.69236774612406
frame_002,frame_017,2,17,20,15,False,False,257,Great Pyrenees,0.5383932882571264,0.6191659668193541,0.8138124346733093,0.18618756532669067,0.058564178855896334,5.032138244134724,0.0668103448275862,0.3604004981597074,5.394381649874331
frame_002,frame_000,2,0,30,-2,False,False,198,standard schnauzer,0.21306523480456824,1.5461568934746666,0.6017378568649292,0.3982621431350708,0.010916406256892669,5.869690442019707,0.41935483870967744,0.4260262720502467,1.0159088025813574
frame_002,frame_001,2,1,30,-1,False,False,179,"Staffordshire bullterrier, Staffordshire bull terrier",0.186309143232869,1.6803479245709951,0.6012648344039917,0.3987351655960083,0.013914625223267519,5.861636072955205,0.4274193548387097,0.43585937958900955,1.0197464730007015
frame_002,frame_003,2,3,30,1,False,False,452,"bonnet, poke bonnet",0.1863054336766243,1.6803678355271128,0.49661141633987427,0.5033885836601257,0.011983251162070652,5.875551355581566,0.3951612903225806,0.36621995629216336,0.9267607057189441
frame_002,frame_004,2,4,30,2,False,True,452,"bonnet, poke bonnet",0.16879340207111473,1.7790797848406363,0.47627121210098267,0.5237287878990173,0.012556337686126197,5.888023424135465,0.38306451612903225,0.3792827405836786,0.9901275754184452
frame_002,frame_005,2,5,30,3,False,False,179,"Staffordshire bullterrier, Staffordshire bull terrier",0.24544866950778718,1.404667439116979,0.5437764525413513,0.4562235474586487,0.013549679993101136,5.8754785965427505,0.3870967741935484,0.40426443862559835,1.0443497997827957
frame_002,frame_006,2,6,30,4,False,False,245,French bulldog,0.13526061097087513,2.000551909834787,0.506037712097168,0.49396228790283203,0.014762435923205027,5.903349687541173,0.38911290322580644,0.409181031376928,1.0515740495489965
frame_002,frame_007,2,7,30,5,False,False,176,"Saluki, gazelle hound",0.357779826202717,1.0278374923849718,0.567821741104126,0.432178258895874,0.018582167289655612,5.900427343615055,0.3790322580645161,0.3907583588654378,1.0309369467939211
frame_002,frame_008,2,8,30,6,False,False,176,"Saluki, gazelle hound",0.40058556698594633,0.9148278848918565,0.6670745611190796,0.3329254388809204,0.014279429722054864,5.871652592938998,0.3850806451612903,0.43391371238317084,1.1268125724714804
frame_002,frame_009,2,9,30,7,False,False,176,"Saluki, gazelle hound",0.4579188864174397,0.7810632144447514,0.7269703149795532,0.2730296850204468,0.012716059600196034,5.838476539136928,0.10560344827586207,0.235504685706389,2.2300851870972345
frame_002,frame_010,2,10,30,8,False,False,257,Great Pyrenees,0.4356071748317333,0.8310144169117497,0.727807879447937,0.272192120552063,0.012649270906884395,5.870460971974907,0.10775862068965517,0.20950185398070645,1.944177204940956
frame_002,frame_011,2,11,30,9,False,False,257,Great Pyrenees,0.5120354290234252,0.6693614590252754,0.7697076201438904,0.23029237985610962,0.0130289858700058,5.865886644642997,0.10129310344827586,0.20715629865096183,2.045117501575453
frame_002,frame_012,2,12,30,10,False,False,207,golden retriever,0.4410449933276936,0.8186083830531774,0.7661499381065369,0.23385006189346313,0.018313679448922825,5.865689841274032,0.09482758620689655,0.19779447691210647,2.0858326656185775
frame_002,frame_013,2,13,30,11,False,False,207,golden retriever,0.3440363866109625,1.0670078521706552,0.7579949498176575,0.24200505018234253,0.01295237120828569,5.8651387415243175,0.08405172413793104,0.19429399356659718,2.3116003337154125
frame_002,frame_014,2,14,30,12,False,False,257,Great Pyrenees,0.4792038454030184,0.7356292075824218,0.790284276008606,0.20971572399139404,0.016237990984551462,5.841815992912425,0.07758620689655173,0.17377842997115633,2.239810875183793
frame_002,frame_015,2,15,30,13,True,False,257,Great Pyrenees,0.7688530341065861,0.26285544073624534,0.863001823425293,0.13699817657470703,0.013618297765932747,5.854522823524862,0.07112068965517242,0.14393308934576343,2.023786468376795
frame_002,frame_016,2,16,30,14,False,False,208,Labrador retriever,0.4138367528020941,0.8822836998233301,0.7199110984802246,0.2800889015197754,0.013046104471586032,5.862225418927526,0.06465517241379311,0.13543822615734158,2.094777897900216
frame_002,frame_017,2,17,30,15,False,False,257,Great Pyrenees,0.5933870112802976,0.5219084600061996,0.8075574636459351,0.19244253635406494,0.0134909071533189,5.855175256074774,0.0668103448275862,0.1385686795563936,2.074060235940859
frame_002,frame_000,2,0,40,-2,False,False,359,"black-footed ferret, ferret, Mustela nigripes",0.5890644471138332,0.5292196834659357,0.7369797229766846,0.26302027702331543,0.08192189150977931,4.004169344140691,0.41935483870967744,0.9683180218325124,2.309066052062145
frame_002,frame_001,2,1,40,-1,False,False,285,Egyptian cat,0.3798524985029123,0.9679722634504522,0.6650162935256958,0.3349837064743042,0.06839988464821695,4.093047788479383,0.4274193548387097,0.9470001437786411,2.215622977897198
frame_002,frame_003,2,3,40,1,False,False,32,"tailed frog, bell toad, ribbed toad, tailed toad, Ascaphus trui",0.3108095079039722,1.1685750692449393,0.589859127998352,0.41014087200164795,0.07864008255830442,4.168656271809823,0.3951612903225806,0.9579746185328838,2.4242622999607675
frame_002,frame_004,2,4,40,2,False,False,158,toy terrier,0.18347281079975267,1.695688792494371,0.5359340310096741,0.4640659689903259,0.12221903636342842,3.9174240415166945,0.38306451612903225,0.9489057390109792,2.4771434028918193
frame_002,frame_005,2,5,40,3,False,False,359,"black-footed ferret, ferret, Mustela nigripes",0.21723183637128224,1.5267901253685743,0.5497840642929077,0.4502159357070923,0.10368286793304375,3.8813573676314963,0.3870967741935484,0.957258896813142,2.4729188167672835
frame_002,frame_006,2,6,40,4,False,False,159,Rhodesian ridgeback,0.16718655134769136,1.7886450160899425,0.5452771186828613,0.45472288131713867,0.12465058008932901,3.6812016256942757,0.38911290322580644,0.9543247704663929,2.452565213219331
frame_002,frame_007,2,7,40,5,False,True,359,"black-footed ferret, ferret, Mustela nigripes",0.15325335659905215,1.875662801638617,0.5136526823043823,0.4863473176956177,0.1405108842212498,3.6813221001901395,0.3790322580645161,0.9573513018037627,2.5257779026312037
frame_002,frame_008,2,8,40,6,False,False,359,"black-footed ferret, ferret, Mustela nigripes",0.8029818285683484,0.21942319472062977,0.8299024701118469,0.17009752988815308,0.23657858895334036,3.514336567282001,0.3850806451612903,0.9524362107232434,2.4733422016687365
frame_002,frame_009,2,9,40,7,False,False,169,"borzoi, Russian wolfhound",0.18337997922755558,1.6961948896357972,0.6284513473510742,0.3715486526489258,0.10194147153819755,3.9562962692998767,0.10560344827586207,0.7495635497355555,7.097907899536689
frame_002,frame_010,2,10,40,8,False,False,257,Great Pyrenees,0.596922158457154,0.5159685619347321,0.7443548440933228,0.25564515590667725,0.11329375667473386,4.0550702864232955,0.10775862068965517,0.7175444534447892,6.658812527967645
frame_002,frame_011,2,11,40,9,False,False,805,soccer ball,0.5033900923198468,0.6863898780005355,0.8429477214813232,0.15705227851867676,0.10991051859201505,4.049661351360923,0.10129310344827586,0.780415945257751,7.704531885097798
frame_002,frame_012,2,12,40,10,False,False,183,Kerry blue terrier,0.2896690254165229,1.2390162994380676,0.7376283407211304,0.26237165927886963,0.08623070370050258,4.071954087788329,0.09482758620689655,0.7929386374504088,8.361898358567949
frame_002,frame_013,2,13,40,11,False,False,183,Kerry blue terrier,0.45660664627550956,0.7839329889794371,0.7938361763954163,0.20616382360458374,0.10518628811369175,3.8112738326315236,0.08405172413793104,0.7871067906924056,9.36455258669939
frame_002,frame_014,2,14,40,12,False,False,183,Kerry blue terrier,0.4894217782350417,0.714530629096386,0.8284177780151367,0.17158222198486328,0.13118278849862292,3.849578695291449,0.07758620689655173,0.8089429556777198,10.426375873179499
frame_002,frame_015,2,15,40,13,True,False,257,Great Pyrenees,0.6627644150790758,0.4113356836473119,0.8488996624946594,0.15110033750534058,0.11930170736402927,3.773135495835057,0.07112068965517242,0.7670025590128315,10.784520829756177
frame_002,frame_016,2,16,40,14,False,False,977,"sandbar, sand bar",0.2430969449445344,1.414294964812105,0.6897292733192444,0.3102707266807556,0.10863747707968532,3.6987452937868275,0.06465517241379311,0.6669130443004427,10.314921751846846
frame_002,frame_017,2,17,40,15,False,False,257,Great Pyrenees,0.528850207842838,0.6370500481990988,0.7629081606864929,0.23709183931350708,0.10622066049351805,3.6984798822066685,0.0668103448275862,0.6678570660080394,9.996312213797752
frame_002,frame_000,2,0,50,-2,True,False,359,"black-footed ferret, ferret, Mustela nigripes",0.8790892627297429,0.12886883613459332,0.9025766849517822,0.09742331504821777,0.04856481767061527,4.722810953656926,0.41935483870967744,0.896463138099189,2.137719790851912
frame_002,frame_001,2,1,50,-1,False,False,285,Egyptian cat,0.5294281687434658,0.6359577817957103,0.727156400680542,0.272843599319458,0.05608548215648216,4.600213210507419,0.4274193548387097,0.8962383002285161,2.096859419402566
frame_002,frame_003,2,3,50,1,False,False,359,"black-footed ferret, ferret, Mustela nigripes",0.3608164851485029,1.0193858012928185,0.6116176247596741,0.3883823752403259,0.05704979651026123,4.682989020036552,0.3951612903225806,0.8854096551417209,2.240628515052518
frame_002,frame_004,2,4,50,2,False,False,158,toy terrier,0.22131381164569697,1.508173622459644,0.5604338645935059,0.43956613540649414,0.07768463444059961,4.536162728678797,0.38306451612903225,0.8971824104550259,2.342118292556278
frame_002,frame_005,2,5,50,3,False,False,359,"black-footed ferret, ferret, Mustela nigripes",0.4182571317819092,0.8716588877796241,0.6477100849151611,0.35228991508483887,0.08362317444326689,4.473333397890891,0.3870967741935484,0.8880286332346239,2.294073969189445
frame_002,frame_006,2,6,50,4,False,False,106,wombat,0.27194796454913645,1.302144537792266,0.5581386089324951,0.4418613910675049,0.06496527097628878,4.528212923391961,0.38911290322580644,0.8652922213132179,2.2237561749811197
frame_002,frame_007,2,7,50,5,False,True,359,"black-footed ferret, ferret, Mustela nigripes",0.21060076347296797,1.5577910540610649,0.5158635973930359,0.4841364026069641,0.10574026404087458,4.4517174143607035,0.3790322580645161,0.862898101783981,2.276582225983269
frame_002,frame_008,2,8,50,6,False,False,359,"black-footed ferret, ferret, Mustela nigripes",0.8301462482563482,0.18615339099487738,0.8663203716278076,0.13367962837219238,0.1140192975474998,4.351941625266292,0.3850806451612903,0.8847182593094917,2.297488254541926
frame_002,frame_009,2,9,50,7,False,False,260,"chow, chow chow",0.44959758054113946,0.7994023617758108,0.6860731840133667,0.3139268159866333,0.07657247117301169,4.44866578920874,0.10560344827586207,0.5586715093251803,5.2902771495282375
frame_002,frame_010,2,10,50,8,False,False,257,Great Pyrenees,0.2607333374108875,1.3442570896900419,0.677802324295044,0.32219767570495605,0.07446527328406588,4.543873745120208,0.10775862068965517,0.5589457617096064,5.187016668665148
frame_002,frame_011,2,11,50,9,False,False,257,Great Pyrenees,0.5106270821267169,0.6721157357718415,0.8230599761009216,0.17694002389907837,0.07223121070487747,4.616649327012054,0.10129310344827586,0.5946413174411802,5.87050151686612
frame_002,frame_012,2,12,50,10,False,False,207,golden retriever,0.5144430509179503,0.6646704180405463,0.7886435985565186,0.21135640144348145,0.07996681267902674,4.506242243010876,0.09482758620689655,0.6603678942325932,6.963879611907347
frame_002,frame_013,2,13,50,11,False,False,183,Kerry blue terrier,0.409762343435518,0.8921779375031571,0.8036413192749023,0.19635868072509766,0.09090247929528589,4.3741261224505035,0.08405172413793104,0.6286544972660533,7.479376582857659
frame_002,frame_014,2,14,50,12,False,False,183,Kerry blue terrier,0.42863661265291836,0.8471457757625136,0.8319824934005737,0.16801750659942627,0.07513478165901845,4.515332741541552,0.07758620689655173,0.6138420327205402,7.91174175506474
frame_002,frame_015,2,15,50,13,False,False,208,Labrador retriever,0.3709222912369029,0.9917626958964769,0.7980624437332153,0.20193755626678467,0.11056695926852471,4.288485976009131,0.07112068965517242,0.6151787737159118,8.649786394066153
frame_002,frame_016,2,16,50,14,False,False,208,Labrador retriever,0.3163167141462879,1.1510113073657815,0.7189651131629944,0.2810348868370056,0.06980386481672858,4.216852297659807,0.06465517241379311,0.5087724989043563,7.86901464972071
frame_002,frame_017,2,17,50,15,False,False,208,Labrador retriever,0.480294637087126,0.7333555361302522,0.7902669906616211,0.2097330093383789,0.1305568552437112,4.105171325222765,0.0668103448275862,0.5321521133807794,7.96511550350586
frame_003,frame_000,3,0,5,-3,False,False,359,"black-footed ferret, ferret, Mustela nigripes",0.6123783811921751,0.4904049175980614,0.7141836285591125,0.28581637144088745,0.04245087541034419,5.336538599889414,0.41935483870967744,0.7436224593861556,1.7732535569977554
frame_003,frame_001,3,1,5,-2,False,False,359,"black-footed ferret, ferret, Mustela nigripes",0.3981261834168648,0.9209862801844855,0.5763109922409058,0.42368900775909424,0.03815994760621808,5.26331376346643,0.4274193548387097,0.7659459821229606,1.7920245619480588
frame_003,frame_002,3,2,5,-1,False,False,359,"black-footed ferret, ferret, Mustela nigripes",0.5089851752912922,0.6753363880202157,0.6865928173065186,0.31340718269348145,0.02822654908083022,5.378193040958024,0.3971774193548387,0.7119844006108696,1.7926104705735602
frame_003,frame_004,3,4,5,1,False,False,452,"bonnet, poke bonnet",0.3559326243530504,1.0330138234768067,0.5550709366798401,0.4449290633201599,0.02708453177518393,5.275269606043526,0.38306451612903225,0.7165354862377504,1.8705347430206538
frame_003,frame_005,3,5,5,2,False,False,452,"bonnet, poke bonnet",0.457558119587166,0.781851364986125,0.6609084606170654,0.33909153938293457,0.03161976464530871,5.2461825878511545,0.3870967741935484,0.7025353870109761,1.8148830831116882
frame_003,frame_006,3,6,5,3,False,False,452,"bonnet, poke bonnet",0.26287255564643797,1.3360859435419705,0.5299786329269409,0.4700213670730591,0.04388402781491581,5.324696214593944,0.38911290322580644,0.6911999845909421,1.7763481469280171
frame_003,frame_007,3,7,5,4,False,False,452,"bonnet, poke bonnet",0.18481653797514722,1.6883916325711459,0.5243481397628784,0.4756518602371216,0.04835147389575754,5.287849826613414,0.3790322580645161,0.6790550813136036,1.7915495762316351
frame_003,frame_008,3,8,5,5,False,False,359,"black-footed ferret, ferret, Mustela nigripes",0.5030366848758542,0.6870921793830627,0.6497958898544312,0.35020411014556885,0.05458994238741698,5.215520262521168,0.3850806451612903,0.7070999771518796,1.8362386841221585
frame_003,frame_009,3,9,5,6,True,False,169,"borzoi, Russian wolfhound",0.6261997305106618,0.4680859004465807,0.7454997301101685,0.25450026988983154,0.02043348392556885,5.399131930183097,0.10560344827586207,0.4165654986953157,3.9446202325433974
frame_003,frame_010,3,10,5,7,False,False,177,"Scottish deerhound, deerhound",0.17002586831000663,1.7718046869785766,0.5597115755081177,0.4402884244918823,0.018066495848491355,5.386984791980726,0.10775862068965517,0.45464157445831205,4.2190738109731365
frame_003,frame_011,3,11,5,8,False,False,257,Great Pyrenees,0.2302841143890278,1.4684414524371974,0.6446066498756409,0.35539335012435913,0.023573338808778942,5.356660179469888,0.10129310344827586,0.4326918686443778,4.271681426616836
frame_003,frame_012,3,12,5,9,False,False,169,"borzoi, Russian wolfhound",0.25897845080379905,1.351010422273772,0.5849039554595947,0.4150960445404053,0.025395393904475465,5.337977935432869,0.09482758620689655,0.44374216557300245,4.679462836951663
frame_003,frame_013,3,13,5,10,False,False,169,"borzoi, Russian wolfhound",0.1366320173206438,1.9904639718966806,0.536712646484375,0.463287353515625,0.030569275735244626,5.320051754439059,0.08405172413793104,0.42521042113075846,5.058913728324921
frame_003,frame_014,3,14,5,11,False,False,169,"borzoi, Russian wolfhound",0.16251625984553317,1.8169772216301752,0.5428582429885864,0.4571417570114136,0.039252961773606904,5.337629267120869,0.07758620689655173,0.4058913372494321,5.231488346770458
frame_003,frame_015,3,15,5,12,False,False,169,"borzoi, Russian wolfhound",0.10267988612449044,2.276139032012823,0.5235263109207153,0.47647368907928467,0.04056034928788553,5.299237274042232,0.07112068965517242,0.3790032888209975,5.329015939786146
frame_003,frame_016,3,16,5,13,False,True,218,Welsh springer spaniel,0.17769121003505658,1.7277080102388034,0.5233098864555359,0.4766901135444641,0.037308845364998657,5.273306449093102,0.06465517241379311,0.3501203439072212,5.415194652431687
frame_003,frame_017,3,17,5,14,False,False,218,Welsh springer spaniel,0.1969629391966686,1.6247396938472818,0.5685915946960449,0.4314084053039551,0.03827789024550977,5.248259049919337,0.0668103448275862,0.33964623296302626,5.083737164349813
frame_003,frame_000,3,0,10,-3,False,False,359,"black-footed ferret, ferret, Mustela nigripes",0.40445827822704494,0.9052066918649988,0.6047012805938721,0.39529871940612793,0.042132980341197245,4.955841663399573,0.41935483870967744,0.8657092510026785,2.0643835985448487
frame_003,frame_001,3,1,10,-2,False,False,179,"Staffordshire bullterrier, Staffordshire bull terrier",0.17842979673264486,1.7235600507388833,0.541702151298523,0.45829784870147705,0.05607337550075128,4.844725162026214,0.4274193548387097,0.8591290246627593,2.0100377180789084
frame_003,frame_002,3,2,10,-1,False,False,359,"black-footed ferret, ferret, Mustela nigripes",0.34313205665109686,1.0696399010978395,0.6138302087783813,0.38616979122161865,0.04263657363481575,4.857235912027862,0.3971774193548387,0.8608500179499767,2.167419334533952
frame_003,frame_004,3,4,10,1,False,False,389,"barracouta, snoek",0.3398979604921624,1.0791098226153313,0.5827633142471313,0.41723668575286865,0.04739361183825194,4.9283119273787594,0.38306451612903225,0.853684187992442,2.228565038127638
frame_003,frame_005,3,5,10,2,False,False,359,"black-footed ferret, ferret, Mustela nigripes",0.15290967927121285,1.8779078634646833,0.5153014063835144,0.4846985936164856,0.04309281394473095,4.973690823488255,0.3870967741935484,0.8523609286881394,2.2019323991110267
frame_003,frame_006,3,6,10,3,False,True,359,"black-footed ferret, ferret, Mustela nigripes",0.11986370132325427,2.121400004041316,0.45514053106307983,0.5448594689369202,0.0430941434456239,5.111076037682459,0.38911290322580644,0.822119401590952,2.1128042652285606
frame_003,frame_007,3,7,10,4,False,False,359,"black-footed ferret, ferret, Mustela nigripes",0.4592721126371965,0.7781124065910765,0.6132849454879761,0.3867150545120239,0.055318593625289326,5.080781403400744,0.3790322580645161,0.8135598002793828,2.146413090098797
frame_003,frame_008,3,8,10,5,False,False,359,"black-footed ferret, ferret, Mustela nigripes",0.7798241038105757,0.2486868926643968,0.8095679879188538,0.19043201208114624,0.06546165823402544,4.932397764861636,0.3850806451612903,0.8367950385451735,2.1730384247036967
frame_003,frame_009,3,9,10,6,False,False,257,Great Pyrenees,0.28667035279459,1.249422319899585,0.6986331939697266,0.30136680603027344,0.10073693874312403,4.477465434212544,0.10560344827586207,0.6153771866363448,5.827245195903346
frame_003,frame_010,3,10,10,7,False,False,257,Great Pyrenees,0.5269588772281885,0.6406327653104853,0.7191851139068604,0.28081488609313965,0.09824053212752412,4.565401286855469,0.10775862068965517,0.6004022315252402,5.571732708554229
frame_003,frame_011,3,11,10,8,True,False,257,Great Pyrenees,0.6401265234611893,0.4460894292589792,0.8287656307220459,0.1712343692779541,0.06966582110406914,4.62552355614395,0.10129310344827586,0.6649518915431973,6.5646314399158205
frame_003,frame_012,3,12,10,9,False,False,207,golden retriever,0.3612711226976268,1.0181265701295663,0.6733360290527344,0.3266639709472656,0.09140223211108715,4.551723741252104,0.09482758620689655,0.6782386266678022,7.152334608496823
frame_003,frame_013,3,13,10,10,False,False,207,golden retriever,0.2995322206215804,1.205533285838869,0.7116959095001221,0.28830409049987793,0.10374350101793588,4.3633839149778195,0.08405172413793104,0.6881610615634577,8.187352117062677
frame_003,frame_014,3,14,10,11,False,False,257,Great Pyrenees,0.38418182618938,0.9566393327613492,0.7582575082778931,0.24174249172210693,0.09205662979692854,4.515064724150917,0.07758620689655173,0.6555403087607757,8.449186201805553
frame_003,frame_015,3,15,10,12,False,False,257,Great Pyrenees,0.570561452067508,0.5611343993240814,0.7880308032035828,0.21196919679641724,0.11120718625130968,4.46543529042433,0.07112068965517242,0.613999052457119,8.633198798184946
frame_003,frame_016,3,16,10,13,False,False,805,soccer ball,0.2868610948345674,1.248757170506999,0.6544721722602844,0.3455278277397156,0.11306888612551506,4.330663528650058,0.06465517241379311,0.549633964141061,8.50100531204841
frame_003,frame_017,3,17,10,14,False,False,257,Great Pyrenees,0.35220771490771663,1.0435341782544416,0.7425925135612488,0.2574074864387512,0.11303250665406679,4.235410899681009,0.0668103448275862,0.5666882674375894,8.482043744872307
frame_003,frame_000,3,0,20,-3,False,False,359,"black-footed ferret, ferret, Mustela nigripes",0.3284383856074322,1.1134060214884478,0.5978597402572632,0.4021402597427368,0.031628123706974764,5.3382059866481,0.41935483870967744,0.7686823994596041,1.8330118756344407
frame_003,frame_001,3,1,20,-2,False,False,179,"Staffordshire bullterrier, Staffordshire bull terrier",0.26992537288371554,1.309609754915357,0.5716906785964966,0.4283093214035034,0.03244660440690998,5.256558604652813,0.4274193548387097,0.7895511717522357,1.8472517980618344
frame_003,frame_002,3,2,20,-1,False,False,179,"Staffordshire bullterrier, Staffordshire bull terrier",0.4565340100587107,0.7840920799506872,0.6392332315444946,0.36076676845550537,0.046386861544288636,5.140822455537612,0.3971774193548387,0.782884770870885,1.971121047471873
frame_003,frame_004,3,4,20,1,False,False,158,toy terrier,0.24543852044620665,1.4047087889903906,0.4884108901023865,0.5115891098976135,0.02946111020955999,5.092227716228722,0.38306451612903225,0.8051943317609965,2.1019809923866015
frame_003,frame_005,3,5,20,2,False,False,179,"Staffordshire bullterrier, Staffordshire bull terrier",0.14682880085435776,1.9184879909387007,0.4852561950683594,0.5147438049316406,0.03315696117162101,5.068349804172783,0.3870967741935484,0.8142199916282897,2.1034016450397486
frame_003,frame_006,3,6,20,3,False,False,245,French bulldog,0.18167704007095187,1.7055246733092284,0.4910227060317993,0.5089772939682007,0.031458485932838884,5.180440517248163,0.38911290322580644,0.8035909857947372,2.0651871966538327
frame_003,frame_007,3,7,20,4,False,True,96,toucan,0.2051293906795257,1.5841143249038243,0.4602319598197937,0.5397680401802063,0.030178945584754792,5.2543102315581995,0.3790322580645161,0.7906885441588891,2.086071903738346
frame_003,frame_008,3,8,20,5,False,False,359,"black-footed ferret, ferret, Mustela nigripes",0.17830984761170446,1.724232525062174,0.4665999412536621,0.5334000587463379,0.027697544529417712,5.284503635959156,0.3850806451612903,0.7837140087042209,2.0351944938078197
frame_003,frame_009,3,9,20,6,False,False,208,Labrador retriever,0.28218901705339056,1.2651781593378306,0.685344934463501,0.314655065536499,0.03499340265384603,5.3355819727256195,0.10560344827586207,0.32442000409570043,3.0720588142939795
frame_003,frame_010,3,10,20,7,False,False,257,Great Pyrenees,0.48798955699034946,0.7174612729679044,0.7245805263519287,0.2754194736480713,0.033978034048620424,5.400411669350065,0.10775862068965517,0.34442137911717335,3.1962303982073688
frame_003,frame_011,3,11,20,8,False,False,257,Great Pyrenees,0.665020808138131,0.4079369483825386,0.808329701423645,0.19167029857635498,0.026207298295333442,5.37839437903532,0.10129310344827586,0.30606968998629003,3.021624173481672
frame_003,frame_012,3,12,20,9,False,False,207,golden retriever,0.6570171491024406,0.4200451587035685,0.7976359128952026,0.20236408710479736,0.029384346931029266,5.388347754976606,0.09482758620689655,0.3494269754457427,3.684866286518741
frame_003,frame_013,3,13,20,10,False,False,207,golden retriever,0.4634120090254814,0.7691387522883995,0.7986770868301392,0.20132291316986084,0.032547290967440565,5.4255119598594055,0.08405172413793104,0.3121720378960077,3.7140468098396817
frame_003,frame_014,3,14,20,11,False,False,208,Labrador retriever,0.5800204114924201,0.5446919838325934,0.8352632522583008,0.16473674774169922,0.028041323149178003,5.424237051712021,0.07758620689655173,0.3040701478764886,3.9191263504080753
frame_003,frame_015,3,15,20,12,True,False,257,Great Pyrenees,0.5649827807050603,0.57096002492833,0.8430725336074829,0.1569274663925171,0.03686058578309349,5.375563529392139,0.07112068965517242,0.2991378362944771,4.206059273958708
frame_003,frame_016,3,16,20,13,False,False,208,Labrador retriever,0.51293400265736,0.6676080918781828,0.7517242431640625,0.2482757568359375,0.040350343403184996,5.271073280599836,0.06465517241379311,0.25421489216002885,3.9318569987417793
frame_003,frame_017,3,17,20,14,False,False,257,Great Pyrenees,0.5383932882571264,0.6191659668193541,0.8138124346733093,0.18618756532669067,0.04971850588667954,5.216353640408201,0.0668103448275862,0.31265896478646216,4.6797986987393045
frame_003,frame_000,3,0,30,-3,False,False,198,standard schnauzer,0.21306523480456824,1.5461568934746666,0.6017378568649292,0.3982621431350708,0.010245722734303638,5.888288750453419,0.41935483870967744,0.3386333793177688,0.8075103660654487
frame_003,frame_001,3,1,30,-2,False,False,179,"Staffordshire bullterrier, Staffordshire bull terrier",0.186309143232869,1.6803479245709951,0.6012648344039917,0.3987351655960083,0.012940202722264564,5.889710134746851,0.4274193548387097,0.34884316551319045,0.8161613683704833
frame_003,frame_002,3,2,30,-1,False,False,198,standard schnauzer,0.421382332252692,0.8642147048016309,0.678961992263794,0.32103800773620605,0.009370333244099496,5.906750926552359,0.3971774193548387,0.2968755206305636,0.7474632397602008
frame_003,frame_004,3,4,30,1,False,True,452,"bonnet, poke bonnet",0.16879340207111473,1.7790797848406363,0.47627121210098267,0.5237287878990173,0.009685383927080215,5.9085693698156785,0.38306451612903225,0.29856092233169024,0.7794011446132545
frame_003,frame_005,3,5,30,2,False,False,179,"Staffordshire bullterrier, Staffordshire bull terrier",0.24544866950778718,1.404667439116979,0.5437764525413513,0.4562235474586487,0.012890864098356969,5.902857348045936,0.3870967741935484,0.3149655878426271,0.8136611019267868
frame_003,frame_006,3,6,30,3,False,False,245,French bulldog,0.13526061097087513,2.000551909834787,0.506037712097168,0.49396228790283203,0.014625107882488105,5.922270173242998,0.38911290322580644,0.31548164144979646,0.810771472326938
frame_003,frame_007,3,7,30,4,False,False,176,"Saluki, gazelle hound",0.357779826202717,1.0278374923849718,0.567821741104126,0.432178258895874,0.019685916389264656,5.906318877548882,0.3790322580645161,0.30193977574352693,0.7966070679190923
frame_003,frame_008,3,8,30,5,False,False,176,"Saluki, gazelle hound",0.40058556698594633,0.9148278848918565,0.6670745611190796,0.3329254388809204,0.014445517246259044,5.905434884026871,0.3850806451612903,0.3474474578706337,0.902271932480808
frame_003,frame_009,3,9,30,6,False,False,176,"Saluki, gazelle hound",0.4579188864174397,0.7810632144447514,0.7269703149795532,0.2730296850204468,0.012575034913553633,5.881408313221907,0.10560344827586207,0.1713126131589318,1.6222255613417214
frame_003,frame_010,3,10,30,7,False,False,257,Great Pyrenees,0.4356071748317333,0.8310144169117497,0.727807879447937,0.272192120552063,0.01473973008050345,5.898013243317862,0.10775862068965517,0.15481446556415707,1.4366782404353777
frame_003,frame_011,3,11,30,8,False,False,257,Great Pyrenees,0.5120354290234252,0.6693614590252754,0.7697076201438904,0.23029237985610962,0.014214649710022443,5.911570759832034,0.10129310344827586,0.15273798170027328,1.5078813512537619
frame_003,frame_012,3,12,30,9,False,False,207,golden retriever,0.4410449933276936,0.8186083830531774,0.7661499381065369,0.23385006189346313,0.01518888967280558,5.885483860515124,0.09482758620689655,0.13657550552439196,1.4402507855299516
frame_003,frame_013,3,13,30,10,False,False,207,golden retriever,0.3440363866109625,1.0670078521706552,0.7579949498176575,0.24200505018234253,0.01753543849879598,5.871303333733436,0.08405172413793104,0.13740091239381383,1.6347185474546055
frame_003,frame_014,3,14,30,11,False,False,257,Great Pyrenees,0.4792038454030184,0.7356292075824218,0.790284276008606,0.20971572399139404,0.014498892974487301,5.862589695784591,0.07758620689655173,0.12276828250228462,1.5823467522516683
frame_003,frame_015,3,15,30,12,True,False,257,Great Pyrenees,0.7688530341065861,0.26285544073624534,0.863001823425293,0.13699817657470703,0.018891116187457632,5.857973066662929,0.07112068965517242,0.0983535092512623,1.3829099482601728
frame_003,frame_016,3,16,30,13,False,False,208,Labrador retriever,0.4138367528020941,0.8822836998233301,0.7199110984802246,0.2800889015197754,0.011521836831453426,5.883712169392906,0.06465517241379311,0.09810707793656392,1.5173894720855219
frame_003,frame_017,3,17,30,14,False,False,257,Great Pyrenees,0.5933870112802976,0.5219084600061996,0.8075574636459351,0.19244253635406494,0.01804218238390372,5.863120964551492,0.0668103448275862,0.10144862241409239,1.5184568000044798
frame_003,frame_000,3,0,40,-3,False,False,359,"black-footed ferret, ferret, Mustela nigripes",0.5890644471138332,0.5292196834659357,0.7369797229766846,0.26302027702331543,0.07332383194153072,4.083364302824577,0.41935483870967744,0.9630530919612614,2.296511219292239
frame_003,frame_001,3,1,40,-2,False,False,285,Egyptian cat,0.3798524985029123,0.9679722634504522,0.6650162935256958,0.3349837064743042,0.05671035081434795,4.163743483463921,0.4274193548387097,0.9498354572100408,2.2222565413970767
frame_003,frame_002,3,2,40,-1,False,False,359,"black-footed ferret, ferret, Mustela nigripes",0.5022672192941419,0.688622991565893,0.7020858526229858,0.29791414737701416,0.09210117719153744,4.166156628310565,0.3971774193548387,0.9563049304077942,2.4077525151384056
frame_003,frame_004,3,4,40,1,False,False,158,toy terrier,0.18347281079975267,1.695688792494371,0.5359340310096741,0.4640659689903259,0.11005858324308788,3.969110512920827,0.38306451612903225,0.9478344271678079,2.474346715132804
frame_003,frame_005,3,5,40,2,False,False,359,"black-footed ferret, ferret, Mustela nigripes",0.21723183637128224,1.5267901253685743,0.5497840642929077,0.4502159357070923,0.09612272392417587,3.906424969110781,0.3870967741935484,0.9533511642041492,2.462823840860719
frame_003,frame_006,3,6,40,3,False,False,159,Rhodesian ridgeback,0.16718655134769136,1.7886450160899425,0.5452771186828613,0.45472288131713867,0.11350914698769274,3.780609828603634,0.38911290322580644,0.9494789868123039,2.440111800305196
frame_003,frame_007,3,7,40,4,False,True,359,"black-footed ferret, ferret, Mustela nigripes",0.15325335659905215,1.875662801638617,0.5136526823043823,0.4863473176956177,0.1342834800706495,3.76794043341947,0.3790322580645161,0.9516280748806387,2.5106783252170044
frame_003,frame_008,3,8,40,5,False,False,359,"black-footed ferret, ferret, Mustela nigripes",0.8029818285683484,0.21942319472062977,0.8299024701118469,0.17009752988815308,0.21924567586727126,3.619978702257238,0.3850806451612903,0.9491942386788239,2.4649232585586214
frame_003,frame_009,3,9,40,6,False,False,169,"borzoi, Russian wolfhound",0.18337997922755558,1.6961948896357972,0.6284513473510742,0.3715486526489258,0.100437364208322,4.045051196559581,0.10560344827586207,0.735240656244324,6.962278867293191
frame_003,frame_010,3,10,40,7,False,False,257,Great Pyrenees,0.596922158457154,0.5159685619347321,0.7443548440933228,0.25564515590667725,0.11155137740999686,4.115321675849061,0.10775862068965517,0.716313420588385,6.647388543060213
frame_003,frame_011,3,11,40,8,False,False,805,soccer ball,0.5033900923198468,0.6863898780005355,0.8429477214813232,0.15705227851867676,0.09798786782954969,4.130965565376069,0.10129310344827586,0.7772231702412742,7.673011723233005
frame_003,frame_012,3,12,40,9,False,False,183,Kerry blue terrier,0.2896690254165229,1.2390162994380676,0.7376283407211304,0.26237165927886963,0.0852764712665293,4.136041925829105,0.09482758620689655,0.7937032266259368,8.369961298964425
frame_003,frame_013,3,13,40,10,False,False,183,Kerry blue terrier,0.45660664627550956,0.7839329889794371,0.7938361763954163,0.20616382360458374,0.1091460016424586,3.888645641004975,0.08405172413793104,0.7803840678034215,9.284569422071476
frame_003,frame_014,3,14,40,11,False,False,183,Kerry blue terrier,0.4894217782350417,0.714530629096386,0.8284177780151367,0.17158222198486328,0.12127161125950765,3.981049938534576,0.07758620689655173,0.7905476731211076,10.189281120227609
frame_003,frame_015,3,15,40,12,True,False,257,Great Pyrenees,0.6627644150790758,0.4113356836473119,0.8488996624946594,0.15110033750534058,0.11244201418821373,3.892971030162233,0.07112068965517242,0.7439718378983358,10.460694932873569
frame_003,frame_016,3,16,40,13,False,False,977,"sandbar, sand bar",0.2430969449445344,1.414294964812105,0.6897292733192444,0.3102707266807556,0.1350875224363705,3.802384062406153,0.06465517241379311,0.6500590996874989,10.054247408499982
frame_003,frame_017,3,17,40,14,False,False,257,Great Pyrenees,0.528850207842838,0.6370500481990988,0.7629081606864929,0.23709183931350708,0.10661742903862428,3.7987131846984163,0.0668103448275862,0.640176726345628,9.58200003304424
frame_003,frame_000,3,0,50,-3,False,False,359,"black-footed ferret, ferret, Mustela nigripes",0.8790892627297429,0.12886883613459332,0.9025766849517822,0.09742331504821777,0.06160644744029674,4.686453381716216,0.41935483870967744,0.8996369421931676,2.145288092922169
frame_003,frame_001,3,1,50,-2,False,False,285,Egyptian cat,0.5294281687434658,0.6359577817957103,0.727156400680542,0.272843599319458,0.059753633699595556,4.562606156453929,0.4274193548387097,0.9056897111700649,2.1189721544356237
frame_003,frame_002,3,2,50,-1,True,False,359,"black-footed ferret, ferret, Mustela nigripes",0.8980050092123525,0.1075796325080205,0.9117411375045776,0.08825886249542236,0.04458906890121853,4.705189634098325,0.3971774193548387,0.8851605448841641,2.228627564784494
frame_003,frame_004,3,4,50,1,False,False,158,toy terrier,0.22131381164569697,1.508173622459644,0.5604338645935059,0.43956613540649414,0.08618381595272051,4.443427012361594,0.38306451612903225,0.903960076174629,2.3598115672769264
frame_003,frame_005,3,5,50,2,False,False,359,"black-footed ferret, ferret, Mustela nigripes",0.4182571317819092,0.8716588877796241,0.6477100849151611,0.35228991508483887,0.07492416402183552,4.421071253149653,0.3870967741935484,0.8920418080297001,2.3044413374100587
frame_003,frame_006,3,6,50,3,False,False,106,wombat,0.27194796454913645,1.302144537792266,0.5581386089324951,0.4418613910675049,0.0699876697959742,4.424471844617043,0.38911290322580644,0.8752896076109352,2.249448939766963
frame_003,frame_007,3,7,50,4,False,True,359,"black-footed ferret, ferret, Mustela nigripes",0.21060076347296797,1.5577910540610649,0.5158635973930359,0.4841364026069641,0.11768535633014965,4.30150860755487,0.3790322580645161,0.8792580056846917,2.319744525636208
frame_003,frame_008,3,8,50,5,False,False,359,"black-footed ferret, ferret, Mustela nigripes",0.8301462482563482,0.18615339099487738,0.8663203716278076,0.13367962837219238,0.13108415739485482,4.229949256184204,0.3850806451612903,0.8977454546183876,2.3313180392184307
frame_003,frame_009,3,9,50,6,False,False,260,"chow, chow chow",0.44959758054113946,0.7994023617758108,0.6860731840133667,0.3139268159866333,0.07935150040598894,4.411717422350385,0.10560344827586207,0.5855831827770008,5.545114220582212
frame_003,frame_010,3,10,50,7,False,False,257,Great Pyrenees,0.2607333374108875,1.3442570896900419,0.677802324295044,0.32219767570495605,0.0716949330168169,4.519210511814453,0.10775862068965517,0.5717398053393659,5.305745393549316
frame_003,frame_011,3,11,50,8,False,False,257,Great Pyrenees,0.5106270821267169,0.6721157357718415,0.8230599761009216,0.17694002389907837,0.06649511945113813,4.564153213468494,0.10129310344827586,0.6178661797031526,6.0997852634524
frame_003,frame_012,3,12,50,9,False,False,207,golden retriever,0.5144430509179503,0.6646704180405463,0.7886435985565186,0.21135640144348145,0.06784132949247394,4.493167049227043,0.09482758620689655,0.6838892078154823,7.211922555145087
frame_003,frame_013,3,13,50,10,False,False,183,Kerry blue terrier,0.409762343435518,0.8921779375031571,0.8036413192749023,0.19635868072509766,0.1024642448022917,4.3331562276948965,0.08405172413793104,0.6621184086333723,7.877511323227814
frame_003,frame_014,3,14,50,11,False,False,183,Kerry blue terrier,0.42863661265291836,0.8471457757625136,0.8319824934005737,0.16801750659942627,0.07319899669627238,4.546240135033482,0.07758620689655173,0.6292151681442353,8.109884389414589
frame_003,frame_015,3,15,50,12,False,False,208,Labrador retriever,0.3709222912369029,0.9917626958964769,0.7980624437332153,0.20193755626678467,0.10466923519416237,4.313897413128938,0.07112068965517242,0.613892164395617,8.631695887259584
frame_003,frame_016,3,16,50,13,False,False,208,Labrador retriever,0.3163167141462879,1.1510113073657815,0.7189651131629944,0.2810348868370056,0.08973419490827918,4.190369397654644,0.06465517241379311,0.5115198466252359,7.911506961136981
frame_003,frame_017,3,17,50,14,False,False,208,Labrador retriever,0.480294637087126,0.7333555361302522,0.7902669906616211,0.2097330093383789,0.13591235553126524,4.091908397059675,0.0668103448275862,0.5344707053191247,7.999819589292705
frame_004,frame_000,4,0,5,-4,False,False,359,"black-footed ferret, ferret, Mustela nigripes",0.6123783811921751,0.4904049175980614,0.7141836285591125,0.28581637144088745,0.04011633632830102,5.35790541051689,0.41935483870967744,0.7255467512711882,1.730149945338987
frame_004,frame_001,4,1,5,-3,False,False,359,"black-footed ferret, ferret, Mustela nigripes",0.3981261834168648,0.9209862801844855,0.5763109922409058,0.42368900775909424,0.03949784564936049,5.276411732684273,0.4274193548387097,0.7504635343539064,1.7558014766015924
frame_004,frame_002,4,2,5,-2,False,False,359,"black-footed ferret, ferret, Mustela nigripes",0.5089851752912922,0.6753363880202157,0.6865928173065186,0.31340718269348145,0.028341440379172477,5.3856729320560595,0.3971774193548387,0.6967178330201375,1.7541728181623766
frame_004,frame_003,4,3,5,-1,False,False,359,"black-footed ferret, ferret, Mustela nigripes",0.36027715191967685,1.0208816772835942,0.605777382850647,0.394222617149353,0.024297909625597414,5.416114563265061,0.3951612903225806,0.661278895375201,1.6734404699290801
frame_004,frame_005,4,5,5,1,False,False,452,"bonnet, poke bonnet",0.457558119587166,0.781851364986125,0.6609084606170654,0.33909153938293457,0.030048379873726473,5.2722525642464495,0.3870967741935484,0.6878954380421255,1.7770632149421577
frame_004,frame_006,4,6,5,2,False,False,452,"bonnet, poke bonnet",0.26287255564643797,1.3360859435419705,0.5299786329269409,0.4700213670730591,0.04153952763163853,5.342572854508319,0.38911290322580644,0.6807564398690734,1.7495087781091214
frame_004,frame_007,4,7,5,3,False,False,452,"bonnet, poke bonnet",0.18481653797514722,1.6883916325711459,0.5243481397628784,0.4756518602371216,0.044431839074259155,5.329581095823414,0.3790322580645161,0.6622352176264207,1.7471737656526845
frame_004,frame_008,4,8,5,4,False,False,359,"black-footed ferret, ferret, Mustela nigripes",0.5030366848758542,0.6870921793830627,0.6497958898544312,0.35020411014556885,0.05065752542658511,5.25033556097836,0.3850806451612903,0.6985637447378695,1.8140712952355147
frame_004,frame_009,4,9,5,5,True,False,169,"borzoi, Russian wolfhound",0.6261997305106618,0.4680859004465807,0.7454997301101685,0.25450026988983154,0.01996777931704407,5.3940575566567475,0.10560344827586207,0.40264941953755934,3.8128434829679088
frame_004,frame_010,4,10,5,6,False,False,177,"Scottish deerhound, deerhound",0.17002586831000663,1.7718046869785766,0.5597115755081177,0.4402884244918823,0.018346164179886618,5.388182191744753,0.10775862068965517,0.4379412212735599,4.064094533418636
frame_004,frame_011,4,11,5,7,False,False,257,Great Pyrenees,0.2302841143890278,1.4684414524371974,0.6446066498756409,0.35539335012435913,0.022754443695774267,5.360015773390243,0.10129310344827586,0.4153353099462121,4.100331570532817
frame_004,frame_012,4,12,5,8,False,False,169,"borzoi, Russian wolfhound",0.25897845080379905,1.351010422273772,0.5849039554595947,0.4150960445404053,0.024618793424024062,5.338902100737526,0.09482758620689655,0.4214590472793631,4.444477225855103
frame_004,frame_013,4,13,5,9,False,False,169,"borzoi, Russian wolfhound",0.1366320173206438,1.9904639718966806,0.536712646484375,0.463287353515625,0.029596704684528737,5.330438087941832,0.08405172413793104,0.40048142389072616,4.764702068853768
frame_004,frame_014,4,14,5,10,False,False,169,"borzoi, Russian wolfhound",0.16251625984553317,1.8169772216301752,0.5428582429885864,0.4571417570114136,0.035405817789282215,5.348665416986011,0.07758620689655173,0.37471782706403667,4.82969643771425
frame_004,frame_015,4,15,5,11,False,False,169,"borzoi, Russian wolfhound",0.10267988612449044,2.276139032012823,0.5235263109207153,0.47647368907928467,0.03952992672444659,5.314207968035705,0.07112068965517242,0.3550185972083261,4.991776639535252
frame_004,frame_016,4,16,5,12,False,True,218,Welsh springer spaniel,0.17769121003505658,1.7277080102388034,0.5233098864555359,0.4766901135444641,0.035542755581949755,5.276239320883813,0.06465517241379311,0.3296746621224505,5.098968107493901
frame_004,frame_017,4,17,5,13,False,False,218,Welsh springer spaniel,0.1969629391966686,1.6247396938472818,0.5685915946960449,0.4314084053039551,0.03769820896577614,5.2519312113056,0.0668103448275862,0.32128532284129085,4.808915799947063
frame_004,frame_000,4,0,10,-4,False,False,359,"black-footed ferret, ferret, Mustela nigripes",0.40445827822704494,0.9052066918649988,0.6047012805938721,0.39529871940612793,0.04652069944245403,4.965096103672712,0.41935483870967744,0.8595940409356856,2.0498011745389424
frame_004,frame_001,4,1,10,-3,False,False,179,"Staffordshire bullterrier, Staffordshire bull terrier",0.17842979673264486,1.7235600507388833,0.541702151298523,0.45829784870147705,0.05749938644838979,4.8503632890077,0.4274193548387097,0.8621261067867723,2.0170497592747125
frame_004,frame_002,4,2,10,-2,False,False,359,"black-footed ferret, ferret, Mustela nigripes",0.34313205665109686,1.0696399010978395,0.6138302087783813,0.38616979122161865,0.041656955587731,4.860366662808224,0.3971774193548387,0.8563375334795824,2.1560579523140757
frame_004,frame_003,4,3,10,-1,False,False,359,"black-footed ferret, ferret, Mustela nigripes",0.17749058353422723,1.7288377219852906,0.4624837636947632,0.5375162363052368,0.048315131563002114,4.988858290685494,0.3951612903225806,0.8558301115930285,2.165774159949705
frame_004,frame_005,4,5,10,1,False,False,359,"black-footed ferret, ferret, Mustela nigripes",0.15290967927121285,1.8779078634646833,0.5153014063835144,0.4846985936164856,0.04370747135377426,4.961433176531237,0.3870967741935484,0.8577006243339339,2.2157266128626625
frame_004,frame_006,4,6,10,2,False,True,359,"black-footed ferret, ferret, Mustela nigripes",0.11986370132325427,2.121400004041316,0.45514053106307983,0.5448594689369202,0.048514793516034896,5.100602033655065,0.38911290322580644,0.8359181555195184,2.148266347863633
frame_004,frame_007,4,7,10,3,False,False,359,"black-footed ferret, ferret, Mustela nigripes",0.4592721126371965,0.7781124065910765,0.6132849454879761,0.3867150545120239,0.045683641163929145,5.094964238733961,0.3790322580645161,0.8291642416672538,2.187582254611478
frame_004,frame_008,4,8,10,4,False,False,359,"black-footed ferret, ferret, Mustela nigripes",0.7798241038105757,0.2486868926643968,0.8095679879188538,0.19043201208114624,0.058785661814368485,4.953281407002429,0.3850806451612903,0.8489248321375173,2.20453778398015
frame_004,frame_009,4,9,10,5,False,False,257,Great Pyrenees,0.28667035279459,1.249422319899585,0.6986331939697266,0.30136680603027344,0.09513574964576113,4.5205861912353935,0.10560344827586207,0.5902672719815565,5.589469677539637
frame_004,frame_010,4,10,10,6,False,False,257,Great Pyrenees,0.5269588772281885,0.6406327653104853,0.7191851139068604,0.28081488609313965,0.09611099681287393,4.5854907197740005,0.10775862068965517,0.588002090034917,5.45665939552403
frame_004,frame_011,4,11,10,7,True,False,257,Great Pyrenees,0.6401265234611893,0.4460894292589792,0.8287656307220459,0.1712343692779541,0.06647229940497194,4.628002966852211,0.10129310344827586,0.6530631869884059,6.447262101332348
frame_004,frame_012,4,12,10,8,False,False,207,golden retriever,0.3612711226976268,1.0181265701295663,0.6733360290527344,0.3266639709472656,0.08635660179531705,4.599056157440449,0.09482758620689655,0.6564128418524434,6.922171786807586
frame_004,frame_013,4,13,10,9,False,False,207,golden retriever,0.2995322206215804,1.205533285838869,0.7116959095001221,0.28830409049987793,0.09362988026011813,4.43955282792243,0.08405172413793104,0.6601392245963699,7.853964108018349
frame_004,frame_014,4,14,10,10,False,False,257,Great Pyrenees,0.38418182618938,0.9566393327613492,0.7582575082778931,0.24174249172210693,0.09256041056220506,4.611594093635686,0.07758620689655173,0.6214590326547891,8.009916420883949
frame_004,frame_015,4,15,10,11,False,False,257,Great Pyrenees,0.570561452067508,0.5611343993240814,0.7880308032035828,0.21196919679641724,0.10849352780895577,4.4921850043758615,0.07112068965517242,0.596746107846825,8.390611940634145
frame_004,frame_016,4,16,10,12,False,False,805,soccer ball,0.2868610948345674,1.248757170506999,0.6544721722602844,0.3455278277397156,0.11750642447866763,4.326782149740906,0.06465517241379311,0.5426329564027078,8.392723059028548
frame_004,frame_017,4,17,10,13,False,False,257,Great Pyrenees,0.35220771490771663,1.0435341782544416,0.7425925135612488,0.2574074864387512,0.11400067411178202,4.228014806878681,0.0668103448275862,0.5601838305279356,8.384687011772973
frame_004,frame_000,4,0,20,-4,False,False,359,"black-footed ferret, ferret, Mustela nigripes",0.3284383856074322,1.1134060214884478,0.5978597402572632,0.4021402597427368,0.03210286014036006,5.400548389612965,0.41935483870967744,0.7416312458608889,1.7685052785913504
frame_004,frame_001,4,1,20,-3,False,False,179,"Staffordshire bullterrier, Staffordshire bull terrier",0.26992537288371554,1.309609754915357,0.5716906785964966,0.4283093214035034,0.032617192269717,5.326486606123441,0.4274193548387097,0.7601835226187202,1.7785425812211568
frame_004,frame_002,4,2,20,-2,False,False,179,"Staffordshire bullterrier, Staffordshire bull terrier",0.4565340100587107,0.7840920799506872,0.6392332315444946,0.36076676845550537,0.0426202864574292,5.21077320229945,0.3971774193548387,0.7545976109206805,1.899900583840901
frame_004,frame_003,4,3,20,-1,False,True,452,"bonnet, poke bonnet",0.1389290093016084,1.9737922007644597,0.4183155298233032,0.5816844701766968,0.03135814531848164,5.2488425519342545,0.3951612903225806,0.7583609746474123,1.9191175684954924
frame_004,frame_005,4,5,20,1,False,False,179,"Staffordshire bullterrier, Staffordshire bull terrier",0.14682880085435776,1.9184879909387007,0.4852561950683594,0.5147438049316406,0.032712989152024294,5.138981983284215,0.3870967741935484,0.7955595260869448,2.055195442391274
frame_004,frame_006,4,6,20,2,False,False,245,French bulldog,0.18167704007095187,1.7055246733092284,0.4910227060317993,0.5089772939682007,0.029871759691156265,5.237155706569521,0.38911290322580644,0.7902420118698656,2.0308810253235925
frame_004,frame_007,4,7,20,3,False,False,96,toucan,0.2051293906795257,1.5841143249038243,0.4602319598197937,0.5397680401802063,0.02798132979764994,5.296714169875383,0.3790322580645161,0.7763134280024682,2.048146065368214
frame_004,frame_008,4,8,20,4,False,False,359,"black-footed ferret, ferret, Mustela nigripes",0.17830984761170446,1.724232525062174,0.4665999412536621,0.5334000587463379,0.025835041288792857,5.318685678378832,0.3850806451612903,0.7714612362818027,2.0033757758941055
frame_004,frame_009,4,9,20,5,False,False,208,Labrador retriever,0.28218901705339056,1.2651781593378306,0.685344934463501,0.314655065536499,0.028808198869490372,5.3623333722929925,0.10560344827586207,0.2835083564303523,2.684650558850683
frame_004,frame_010,4,10,20,6,False,False,257,Great Pyrenees,0.48798955699034946,0.7174612729679044,0.7245805263519287,0.2754194736480713,0.027562832669879335,5.428325059427566,0.10775862068965517,0.30505060951356794,2.830869656285911
frame_004,frame_011,4,11,20,7,False,False,257,Great Pyrenees,0.665020808138131,0.4079369483825386,0.808329701423645,0.19167029857635498,0.022106146353537037,5.390523730125034,0.10129310344827586,0.274755552618126,2.712480349251287
frame_004,frame_012,4,12,20,8,False,False,207,golden retriever,0.6570171491024406,0.4200451587035685,0.7976359128952026,0.20236408710479736,0.025246877387660464,5.431247660184064,0.09482758620689655,0.2979995061956983,3.142540247154637
frame_004,frame_013,4,13,20,9,False,False,207,golden retriever,0.4634120090254814,0.7691387522883995,0.7986770868301392,0.20132291316986084,0.026127342166841268,5.463257596484351,0.08405172413793104,0.26805116536925666,3.18912155721372
frame_004,frame_014,4,14,20,10,False,False,208,Labrador retriever,0.5800204114924201,0.5446919838325934,0.8352632522583008,0.16473674774169922,0.023786764126283458,5.4570677555397635,0.07758620689655173,0.2559771925392369,3.2992615927279423
frame_004,frame_015,4,15,20,11,True,False,257,Great Pyrenees,0.5649827807050603,0.57096002492833,0.8430725336074829,0.1569274663925171,0.03064190821082064,5.415213729601973,0.07112068965517242,0.2596185700970582,3.6503944401525756
frame_004,frame_016,4,16,20,12,False,False,208,Labrador retriever,0.51293400265736,0.6676080918781828,0.7517242431640625,0.2482757568359375,0.033575539648102386,5.304101035316455,0.06465517241379311,0.21769003737585046,3.366939244746487
frame_004,frame_017,4,17,20,13,False,False,257,Great Pyrenees,0.5383932882571264,0.6191659668193541,0.8138124346733093,0.18618756532669067,0.04221299632625646,5.26730259995436,0.0668103448275862,0.2754612924612303,4.1230335387745445
frame_004,frame_000,4,0,30,-4,False,False,198,standard schnauzer,0.21306523480456824,1.5461568934746666,0.6017378568649292,0.3982621431350708,0.012935917040083823,5.830843832171358,0.41935483870967744,0.3836035812852736,0.9147470015264216
frame_004,frame_001,4,1,30,-3,False,False,179,"Staffordshire bullterrier, Staffordshire bull terrier",0.186309143232869,1.6803479245709951,0.6012648344039917,0.3987351655960083,0.015435725465340626,5.840362751357892,0.4274193548387097,0.3887267287450372,0.9094738559317852
frame_004,frame_002,4,2,30,-2,False,False,198,standard schnauzer,0.421382332252692,0.8642147048016309,0.678961992263794,0.32103800773620605,0.012716647063775868,5.854739129815585,0.3971774193548387,0.34580142147449755,0.870647233763202
frame_004,frame_003,4,3,30,-1,False,True,452,"bonnet, poke bonnet",0.1863054336766243,1.6803678355271128,0.49661141633987427,0.5033885836601257,0.012656189513993407,5.861743798415212,0.3951612903225806,0.3350116816890048,0.847784663866053
frame_004,frame_005,4,5,30,1,False,False,179,"Staffordshire bullterrier, Staffordshire bull terrier",0.24544866950778718,1.404667439116979,0.5437764525413513,0.4562235474586487,0.012777933723187801,5.857252797094373,0.3870967741935484,0.37073272724445705,0.9577262120481808
frame_004,frame_006,4,6,30,2,False,False,245,French bulldog,0.13526061097087513,2.000551909834787,0.506037712097168,0.49396228790283203,0.014538501426136633,5.8850027852980515,0.38911290322580644,0.37641783046269417,0.9673743207745923
frame_004,frame_007,4,7,30,3,False,False,176,"Saluki, gazelle hound",0.357779826202717,1.0278374923849718,0.567821741104126,0.432178258895874,0.018115995460507517,5.892744852096328,0.3790322580645161,0.36055475393220415,0.9512508401615599
frame_004,frame_008,4,8,30,4,False,False,176,"Saluki, gazelle hound",0.40058556698594633,0.9148278848918565,0.6670745611190796,0.3329254388809204,0.01510207576586558,5.864155724439538,0.3850806451612903,0.40810189680289,1.0597829362001752
frame_004,frame_009,4,9,30,5,False,False,176,"Saluki, gazelle hound",0.4579188864174397,0.7810632144447514,0.7269703149795532,0.2730296850204468,0.016510853445609406,5.8213270125518,0.10560344827586207,0.1891053852546014,1.7907122195537766
frame_004,frame_010,4,10,30,6,False,False,257,Great Pyrenees,0.4356071748317333,0.8310144169117497,0.727807879447937,0.272192120552063,0.015211111728478858,5.8451155888512645,0.10775862068965517,0.1706329366721467,1.5834736523175217
frame_004,frame_011,4,11,30,7,False,False,257,Great Pyrenees,0.5120354290234252,0.6693614590252754,0.7697076201438904,0.23029237985610962,0.016841148955649563,5.854589924524967,0.10129310344827586,0.1689869343339248,1.668296543211513
frame_004,frame_012,4,12,30,8,False,False,207,golden retriever,0.4410449933276936,0.8186083830531774,0.7661499381065369,0.23385006189346313,0.019684618689842434,5.830544811214292,0.09482758620689655,0.15425173450724652,1.6266546548036906
frame_004,frame_013,4,13,30,9,False,False,207,golden retriever,0.3440363866109625,1.0670078521706552,0.7579949498176575,0.24200505018234253,0.015062155232716784,5.826243822749126,0.08405172413793104,0.15562313861718924,1.85151631585579
frame_004,frame_014,4,14,30,10,False,False,257,Great Pyrenees,0.4792038454030184,0.7356292075824218,0.790284276008606,0.20971572399139404,0.019329158367035634,5.808691238042298,0.07758620689655173,0.13319226870630674,1.71670035221462
frame_004,frame_015,4,15,30,11,True,False,257,Great Pyrenees,0.7688530341065861,0.26285544073624534,0.863001823425293,0.13699817657470703,0.018107276476265304,5.804247203409667,0.07112068965517242,0.11126803694117618,1.5644960345668408
frame_004,frame_016,4,16,30,12,False,False,208,Labrador retriever,0.4138367528020941,0.8822836998233301,0.7199110984802246,0.2800889015197754,0.014964338542273524,5.822945188716883,0.06465517241379311,0.11298923628001029,1.747566854464159
frame_004,frame_017,4,17,30,13,False,False,257,Great Pyrenees,0.5933870112802976,0.5219084600061996,0.8075574636459351,0.19244253635406494,0.01855980600592725,5.801065497566656,0.0668103448275862,0.11458608842485138,1.715095000939711
frame_004,frame_000,4,0,40,-4,False,False,359,"black-footed ferret, ferret, Mustela nigripes",0.5890644471138332,0.5292196834659357,0.7369797229766846,0.26302027702331543,0.08353797513886903,4.058286983949365,0.41935483870967744,0.9602182750697766,2.2897512713202364
frame_004,frame_001,4,1,40,-3,False,False,285,Egyptian cat,0.3798524985029123,0.9679722634504522,0.6650162935256958,0.3349837064743042,0.06432061645806447,4.149240942569069,0.4274193548387097,0.9501028897638125,2.2228822326549573
frame_004,frame_002,4,2,40,-2,False,False,359,"black-footed ferret, ferret, Mustela nigripes",0.5022672192941419,0.688622991565893,0.7020858526229858,0.29791414737701416,0.07702567374748293,4.1770614535772985,0.3971774193548387,0.9525149692252234,2.398210277846248
frame_004,frame_003,4,3,40,-1,False,False,32,"tailed frog, bell toad, ribbed toad, tailed toad, Ascaphus trui",0.3108095079039722,1.1685750692449393,0.589859127998352,0.41014087200164795,0.06689881465600934,4.241366887369563,0.3951612903225806,0.9510519715375316,2.406743764707223
frame_004,frame_005,4,5,40,1,False,False,359,"black-footed ferret, ferret, Mustela nigripes",0.21723183637128224,1.5267901253685743,0.5497840642929077,0.4502159357070923,0.09192279616504094,3.931575681911308,0.3870967741935484,0.9517965984340321,2.4588078792879164
frame_004,frame_006,4,6,40,2,False,False,159,Rhodesian ridgeback,0.16718655134769136,1.7886450160899425,0.5452771186828613,0.45472288131713867,0.11925329397386647,3.813327656717609,0.38911290322580644,0.9497433675530778,2.4407912451105003
frame_004,frame_007,4,7,40,3,False,True,359,"black-footed ferret, ferret, Mustela nigripes",0.15325335659905215,1.875662801638617,0.5136526823043823,0.4863473176956177,0.12592551098894683,3.781529098929518,0.3790322580645161,0.9548093210949801,2.519071400335692
frame_004,frame_008,4,8,40,4,False,False,359,"black-footed ferret, ferret, Mustela nigripes",0.8029818285683484,0.21942319472062977,0.8299024701118469,0.17009752988815308,0.22220308980398107,3.601775639272327,0.3850806451612903,0.9514677918615958,2.470827354781945
frame_004,frame_009,4,9,40,5,False,False,169,"borzoi, Russian wolfhound",0.18337997922755558,1.6961948896357972,0.6284513473510742,0.3715486526489258,0.10667864175106985,3.9295828027675017,0.10560344827586207,0.7425272333474566,7.031278291290201
frame_004,frame_010,4,10,40,6,False,False,257,Great Pyrenees,0.596922158457154,0.5159685619347321,0.7443548440933228,0.25564515590667725,0.12564340200560353,4.009984719437828,0.10775862068965517,0.7211136519456299,6.691934690055446
frame_004,frame_011,4,11,40,7,False,False,805,soccer ball,0.5033900923198468,0.6863898780005355,0.8429477214813232,0.15705227851867676,0.1061984951521739,4.039763437229009,0.10129310344827586,0.7783188582784556,7.683828728536243
frame_004,frame_012,4,12,40,8,False,False,183,Kerry blue terrier,0.2896690254165229,1.2390162994380676,0.7376283407211304,0.26237165927886963,0.09176400245191478,4.008326865952372,0.09482758620689655,0.8082448864153872,8.523309711289539
frame_004,frame_013,4,13,40,9,False,False,183,Kerry blue terrier,0.45660664627550956,0.7839329889794371,0.7938361763954163,0.20616382360458374,0.11167765633348996,3.769379567625949,0.08405172413793104,0.7945828289102921,9.453498272163475
frame_004,frame_014,4,14,40,10,False,False,183,Kerry blue terrier,0.4894217782350417,0.714530629096386,0.8284177780151367,0.17158222198486328,0.1284261338964635,3.8635269364266627,0.07758620689655173,0.8029254380323405,10.348816756861277
frame_004,frame_015,4,15,40,11,True,False,257,Great Pyrenees,0.6627644150790758,0.4113356836473119,0.8488996624946594,0.15110033750534058,0.12125899973305485,3.742009289851834,0.07112068965517242,0.7678636544797082,10.796628353896502
frame_004,frame_016,4,16,40,12,False,False,977,"sandbar, sand bar",0.2430969449445344,1.414294964812105,0.6897292733192444,0.3102707266807556,0.13987499359217614,3.6727292014151547,0.06465517241379311,0.668243304488866,10.335496442761128
frame_004,frame_017,4,17,40,13,False,False,257,Great Pyrenees,0.528850207842838,0.6370500481990988,0.7629081606864929,0.23709183931350708,0.11197968807939124,3.6515808249031547,0.0668103448275862,0.6643810819138882,9.94428458090465
frame_004,frame_000,4,0,50,-4,False,False,359,"black-footed ferret, ferret, Mustela nigripes",0.8790892627297429,0.12886883613459332,0.9025766849517822,0.09742331504821777,0.05807381166269026,4.773679661887128,0.41935483870967744,0.8798267673445942,2.0980484452063397
frame_004,frame_001,4,1,50,-3,False,False,285,Egyptian cat,0.5294281687434658,0.6359577817957103,0.727156400680542,0.272843599319458,0.06755009325747378,4.598047748084365,0.4274193548387097,0.8953197861485496,2.094710443064531
frame_004,frame_002,4,2,50,-2,True,False,359,"black-footed ferret, ferret, Mustela nigripes",0.8980050092123525,0.1075796325080205,0.9117411375045776,0.08825886249542236,0.04919369954881335,4.7929936445664705,0.3971774193548387,0.8602809875683615,2.1659866489030826
frame_004,frame_003,4,3,50,-1,False,False,359,"black-footed ferret, ferret, Mustela nigripes",0.3608164851485029,1.0193858012928185,0.6116176247596741,0.3883823752403259,0.060063137963688625,4.759124920462021,0.3951612903225806,0.8687503682879981,2.19847031974922
frame_004,frame_005,4,5,50,1,False,False,359,"black-footed ferret, ferret, Mustela nigripes",0.4182571317819092,0.8716588877796241,0.6477100849151611,0.35228991508483887,0.06961763729343995,4.525526311208696,0.3870967741935484,0.8783355989160827,2.2690336305332135
frame_004,frame_006,4,6,50,2,False,False,106,wombat,0.27194796454913645,1.302144537792266,0.5581386089324951,0.4418613910675049,0.06973555580110576,4.5320104066869575,0.38911290322580644,0.8714353845166174,2.2395437861152447
frame_004,frame_007,4,7,50,3,False,True,359,"black-footed ferret, ferret, Mustela nigripes",0.21060076347296797,1.5577910540610649,0.5158635973930359,0.4841364026069641,0.09908272147282858,4.422704397329298,0.3790322580645161,0.8768147141960692,2.3132983949002677
frame_004,frame_008,4,8,50,4,False,False,359,"black-footed ferret, ferret, Mustela nigripes",0.8301462482563482,0.18615339099487738,0.8663203716278076,0.13367962837219238,0.10829114835015287,4.329469718208466,0.3850806451612903,0.8930070304539988,2.319013021493107
frame_004,frame_009,4,9,50,5,False,False,260,"chow, chow chow",0.44959758054113946,0.7994023617758108,0.6860731840133667,0.3139268159866333,0.07675412327702785,4.385536057190549,0.10560344827586207,0.5850473758694587,5.540040457212833
frame_004,frame_010,4,10,50,6,False,False,257,Great Pyrenees,0.2607333374108875,1.3442570896900419,0.677802324295044,0.32219767570495605,0.07532455646230107,4.497207172925668,0.10775862068965517,0.5668144573689554,5.260038164383906
frame_004,frame_011,4,11,50,7,False,False,257,Great Pyrenees,0.5106270821267169,0.6721157357718415,0.8230599761009216,0.17694002389907837,0.070909797811725,4.530201570578774,0.10129310344827586,0.6118658680091146,6.040548143749557
frame_004,frame_012,4,12,50,8,False,False,207,golden retriever,0.5144430509179503,0.6646704180405463,0.7886435985565186,0.21135640144348145,0.07393362916162542,4.451031519390051,0.09482758620689655,0.67952769319675,7.165928400983909
frame_004,frame_013,4,13,50,9,False,False,183,Kerry blue terrier,0.409762343435518,0.8921779375031571,0.8036413192749023,0.19635868072509766,0.09706239586015573,4.29987985516658,0.08405172413793104,0.6631522920009592,7.889811884319104
frame_004,frame_014,4,14,50,10,False,False,183,Kerry blue terrier,0.42863661265291836,0.8471457757625136,0.8319824934005737,0.16801750659942627,0.07473032157559464,4.4874227940829545,0.07758620689655173,0.6296141054244204,8.11502624769253
frame_004,frame_015,4,15,50,11,False,False,208,Labrador retriever,0.3709222912369029,0.9917626958964769,0.7980624437332153,0.20193755626678467,0.12248067276504623,4.233250229042912,0.07112068965517242,0.6299084237806915,8.856894201037601
frame_004,frame_016,4,16,50,12,False,False,208,Labrador retriever,0.3163167141462879,1.1510113073657815,0.7189651131629944,0.2810348868370056,0.0848203480635195,4.139712608868094,0.06465517241379311,0.520603724282682,8.052004268905481
frame_004,frame_017,4,17,50,13,False,False,208,Labrador retriever,0.480294637087126,0.7333555361302522,0.7902669906616211,0.2097330093383789,0.13328385470627252,4.022321533438913,0.0668103448275862,0.5538493581791607,8.289874264359051
frame_005,frame_000,5,0,5,-5,False,False,359,"black-footed ferret, ferret, Mustela nigripes",0.6123783811921751,0.4904049175980614,0.7141836285591125,0.28581637144088745,0.03618062291359827,5.399743914049909,0.41935483870967744,0.713330497504791,1.701018878665271
frame_005,frame_001,5,1,5,-4,False,False,359,"black-footed ferret, ferret, Mustela nigripes",0.3981261834168648,0.9209862801844855,0.5763109922409058,0.42368900775909424,0.0360338948811249,5.322141690631572,0.4274193548387097,0.7408400655712918,1.7332861911479278
frame_005,frame_002,5,2,5,-3,False,False,359,"black-footed ferret, ferret, Mustela nigripes",0.5089851752912922,0.6753363880202157,0.6865928173065186,0.31340718269348145,0.02687224154016433,5.429175110263451,0.3971774193548387,0.6823773406730819,1.718066806973851
frame_005,frame_003,5,3,5,-2,False,False,359,"black-footed ferret, ferret, Mustela nigripes",0.36027715191967685,1.0208816772835942,0.605777382850647,0.394222617149353,0.025283982764331376,5.452904541562823,0.3951612903225806,0.6475571388724536,1.6387160249017194
frame_005,frame_004,5,4,5,-1,False,False,452,"bonnet, poke bonnet",0.3559326243530504,1.0330138234768067,0.5550709366798401,0.4449290633201599,0.02389430242623644,5.33963788889951,0.38306451612903225,0.6890956551682251,1.7989023419128403
frame_005,frame_006,5,6,5,1,False,False,452,"bonnet, poke bonnet",0.26287255564643797,1.3360859435419705,0.5299786329269409,0.4700213670730591,0.03746634388604531,5.399490703705864,0.38911290322580644,0.6634668150100175,1.7050753380568324
frame_005,frame_007,5,7,5,2,False,False,452,"bonnet, poke bonnet",0.18481653797514722,1.6883916325711459,0.5243481397628784,0.4756518602371216,0.04223950564918282,5.377918162372212,0.3790322580645161,0.6470370786372303,1.7070765478939691
frame_005,frame_008,5,8,5,3,False,False,359,"black-footed ferret, ferret, Mustela nigripes",0.5030366848758542,0.6870921793830627,0.6497958898544312,0.35020411014556885,0.04609835549667961,5.30413732350342,0.3850806451612903,0.6826167316461536,1.772659156526137
frame_005,frame_009,5,9,5,4,True,False,169,"borzoi, Russian wolfhound",0.6261997305106618,0.4680859004465807,0.7454997301101685,0.25450026988983154,0.020722828944087387,5.403835807176038,0.10560344827586207,0.4013727944188743,3.800754624701177
frame_005,frame_010,5,10,5,5,False,False,177,"Scottish deerhound, deerhound",0.17002586831000663,1.7718046869785766,0.5597115755081177,0.4402884244918823,0.01829386126953827,5.394386666129257,0.10775862068965517,0.43614271932889537,4.047404435372149
frame_005,frame_011,5,11,5,6,False,False,257,Great Pyrenees,0.2302841143890278,1.4684414524371974,0.6446066498756409,0.35539335012435913,0.02226808485406407,5.363039566322729,0.10129310344827586,0.4034505403815696,3.983001079511666
frame_005,frame_012,5,12,5,7,False,False,169,"borzoi, Russian wolfhound",0.25897845080379905,1.351010422273772,0.5849039554595947,0.4150960445404053,0.025639326798047153,5.349505610956973,0.09482758620689655,0.4186936076251422,4.415314407683318
frame_005,frame_013,5,13,5,8,False,False,169,"borzoi, Russian wolfhound",0.1366320173206438,1.9904639718966806,0.536712646484375,0.463287353515625,0.02914315627289129,5.348276576841564,0.08405172413793104,0.39883342655492127,4.745095126191884
frame_005,frame_014,5,14,5,9,False,False,169,"borzoi, Russian wolfhound",0.16251625984553317,1.8169772216301752,0.5428582429885864,0.4571417570114136,0.035524603286361284,5.366571914495069,0.07758620689655173,0.37117031141507867,4.783972902683236
frame_005,frame_015,5,15,5,10,False,False,169,"borzoi, Russian wolfhound",0.10267988612449044,2.276139032012823,0.5235263109207153,0.47647368907928467,0.04204767515595723,5.3257648123001955,0.07112068965517242,0.3566711688684057,5.015012798634553
frame_005,frame_016,5,16,5,11,False,True,218,Welsh springer spaniel,0.17769121003505658,1.7277080102388034,0.5233098864555359,0.4766901135444641,0.03364606923021658,5.298327327670214,0.06465517241379311,0.32407234445025096,5.012318927497215
frame_005,frame_017,5,17,5,12,False,False,218,Welsh springer spaniel,0.1969629391966686,1.6247396938472818,0.5685915946960449,0.4314084053039551,0.03470792295020828,5.2667332284469035,0.0668103448275862,0.3262949068203324,4.883897960149492
frame_005,frame_000,5,0,10,-5,False,False,359,"black-footed ferret, ferret, Mustela nigripes",0.40445827822704494,0.9052066918649988,0.6047012805938721,0.39529871940612793,0.04321618412271168,4.887421416053998,0.41935483870967744,0.8623030383560635,2.056261091464459
frame_005,frame_001,5,1,10,-4,False,False,179,"Staffordshire bullterrier, Staffordshire bull terrier",0.17842979673264486,1.7235600507388833,0.541702151298523,0.45829784870147705,0.05086839247981653,4.774191025946407,0.4274193548387097,0.8691373062732862,2.0334533203375
frame_005,frame_002,5,2,10,-3,False,False,359,"black-footed ferret, ferret, Mustela nigripes",0.34313205665109686,1.0696399010978395,0.6138302087783813,0.38616979122161865,0.045237940439392325,4.7808460418174725,0.3971774193548387,0.8615870779259414,2.1692750794480555
frame_005,frame_003,5,3,10,-2,False,False,359,"black-footed ferret, ferret, Mustela nigripes",0.17749058353422723,1.7288377219852906,0.4624837636947632,0.5375162363052368,0.04559060536277643,4.908061558752962,0.3951612903225806,0.8558543466430591,2.1658354894640683
frame_005,frame_004,5,4,10,-1,False,False,389,"barracouta, snoek",0.3398979604921624,1.0791098226153313,0.5827633142471313,0.41723668575286865,0.059646572341312244,4.784850193594783,0.38306451612903225,0.8638039730086191,2.2549830032225007
frame_005,frame_006,5,6,10,1,False,True,359,"black-footed ferret, ferret, Mustela nigripes",0.11986370132325427,2.121400004041316,0.45514053106307983,0.5448594689369202,0.06382970499577084,4.968199418046643,0.38911290322580644,0.8298280423883766,2.1326150726665016
frame_005,frame_007,5,7,10,2,False,False,359,"black-footed ferret, ferret, Mustela nigripes",0.4592721126371965,0.7781124065910765,0.6132849454879761,0.3867150545120239,0.06505058709403852,4.902793594286072,0.3790322580645161,0.8275663162704955,2.183366451437052
frame_005,frame_008,5,8,10,3,False,False,359,"black-footed ferret, ferret, Mustela nigripes",0.7798241038105757,0.2486868926643968,0.8095679879188538,0.19043201208114624,0.07432041276843834,4.7639908218112215,0.3850806451612903,0.848299819798064,2.202914715287119
frame_005,frame_009,5,9,10,4,False,False,257,Great Pyrenees,0.28667035279459,1.249422319899585,0.6986331939697266,0.30136680603027344,0.09032128905097683,4.479862658308714,0.10560344827586207,0.5953266567771531,5.637378953971409
frame_005,frame_010,5,10,10,5,False,False,257,Great Pyrenees,0.5269588772281885,0.6406327653104853,0.7191851139068604,0.28081488609313965,0.0948513220836362,4.5608558695258345,0.10775862068965517,0.597207383135151,5.542084515494201
frame_005,frame_011,5,11,10,6,True,False,257,Great Pyrenees,0.6401265234611893,0.4460894292589792,0.8287656307220459,0.1712343692779541,0.06726645037410676,4.56407049829259,0.10129310344827586,0.665339549249195,6.568458528758011
frame_005,frame_012,5,12,10,7,False,False,207,golden retriever,0.3612711226976268,1.0181265701295663,0.6733360290527344,0.3266639709472656,0.08096639958503828,4.581036062467545,0.09482758620689655,0.6623569251917191,6.984854847476311
frame_005,frame_013,5,13,10,8,False,False,207,golden retriever,0.2995322206215804,1.205533285838869,0.7116959095001221,0.28830409049987793,0.09276137336707053,4.402633729640416,0.08405172413793104,0.6676696014381397,7.943556283776841
frame_005,frame_014,5,14,10,9,False,False,257,Great Pyrenees,0.38418182618938,0.9566393327613492,0.7582575082778931,0.24174249172210693,0.08912350981738609,4.581490537841444,0.07758620689655173,0.6293090716449193,8.111094701201182
frame_005,frame_015,5,15,10,10,False,False,257,Great Pyrenees,0.570561452067508,0.5611343993240814,0.7880308032035828,0.21196919679641724,0.10382391577090817,4.471117140612726,0.07112068965517242,0.6023604326465579,8.469552749939481
frame_005,frame_016,5,16,10,11,False,False,805,soccer ball,0.2868610948345674,1.248757170506999,0.6544721722602844,0.3455278277397156,0.11885123371366225,4.314359402238275,0.06465517241379311,0.5422974385731751,8.387533716598442
frame_005,frame_017,5,17,10,12,False,False,257,Great Pyrenees,0.35220771490771663,1.0435341782544416,0.7425925135612488,0.2574074864387512,0.10835721342701234,4.197451688063017,0.0668103448275862,0.5624394898221171,8.418449137982657
frame_005,frame_000,5,0,20,-5,False,False,359,"black-footed ferret, ferret, Mustela nigripes",0.3284383856074322,1.1134060214884478,0.5978597402572632,0.4021402597427368,0.02933185761321584,5.333206206090456,0.41935483870967744,0.7258339853407839,1.7308348881203308
frame_005,frame_001,5,1,20,-4,False,False,179,"Staffordshire bullterrier, Staffordshire bull terrier",0.26992537288371554,1.309609754915357,0.5716906785964966,0.4283093214035034,0.030543175842595343,5.272371943438394,0.4274193548387097,0.748295910072291,1.7507300537540393
frame_005,frame_002,5,2,20,-3,False,False,179,"Staffordshire bullterrier, Staffordshire bull terrier",0.4565340100587107,0.7840920799506872,0.6392332315444946,0.36076676845550537,0.04609198873808184,5.143170110475282,0.3971774193548387,0.7407733265843679,1.8650942638875456
frame_005,frame_003,5,3,20,-2,False,True,452,"bonnet, poke bonnet",0.1389290093016084,1.9737922007644597,0.4183155298233032,0.5816844701766968,0.032484885377255635,5.208902298109246,0.3951612903225806,0.7449687653913534,1.885227079765874
frame_005,frame_004,5,4,20,-1,False,False,158,toy terrier,0.24543852044620665,1.4047087889903906,0.4884108901023865,0.5115891098976135,0.036527782121274804,5.124727519184707,0.38306451612903225,0.7787208750780142,2.0328713370457634
frame_005,frame_006,5,6,20,1,False,False,245,French bulldog,0.18167704007095187,1.7055246733092284,0.4910227060317993,0.5089772939682007,0.027485949609248463,5.195245712723031,0.38911290322580644,0.7733985909184584,1.9875943061945875
frame_005,frame_007,5,7,20,2,False,False,96,toucan,0.2051293906795257,1.5841143249038243,0.4602319598197937,0.5397680401802063,0.02623591375530897,5.243536652922112,0.3790322580645161,0.7591103544426567,2.0027592329976476
frame_005,frame_008,5,8,20,3,False,False,359,"black-footed ferret, ferret, Mustela nigripes",0.17830984761170446,1.724232525062174,0.4665999412536621,0.5334000587463379,0.02192151191865078,5.259294772586122,0.3850806451612903,0.7583726827276558,1.9693866525283628
frame_005,frame_009,5,9,20,4,False,False,208,Labrador retriever,0.28218901705339056,1.2651781593378306,0.685344934463501,0.314655065536499,0.025394365540325353,5.280186966704408,0.10560344827586207,0.2490748771108665,2.358586591417185
frame_005,frame_010,5,10,20,5,False,False,257,Great Pyrenees,0.48798955699034946,0.7174612729679044,0.7245805263519287,0.2754194736480713,0.022203465913812313,5.333002241176436,0.10775862068965517,0.2732417790636264,2.535683709710453
frame_005,frame_011,5,11,20,6,False,False,257,Great Pyrenees,0.665020808138131,0.4079369483825386,0.808329701423645,0.19167029857635498,0.01857918824307762,5.248942814479546,0.10129310344827586,0.24163193548134554,2.3854727247520073
frame_005,frame_012,5,12,20,7,False,False,207,golden retriever,0.6570171491024406,0.4200451587035685,0.7976359128952026,0.20236408710479736,0.02053274570594831,5.345010338901565,0.09482758620689655,0.26134582833452763,2.756010553345928
frame_005,frame_013,5,13,20,8,False,False,207,golden retriever,0.4634120090254814,0.7691387522883995,0.7986770868301392,0.20132291316986084,0.02010161243942211,5.394105219263602,0.08405172413793104,0.23577026913027768,2.8050616634986882
frame_005,frame_014,5,14,20,9,False,False,208,Labrador retriever,0.5800204114924201,0.5446919838325934,0.8352632522583008,0.16473674774169922,0.019675342099219003,5.377895904060686,0.07758620689655173,0.21901183191008164,2.822819166841052
frame_005,frame_015,5,15,20,10,True,False,257,Great Pyrenees,0.5649827807050603,0.57096002492833,0.8430725336074829,0.1569274663925171,0.023561037913398506,5.341205179485069,0.07112068965517242,0.23031551324213337,3.238375701343936
frame_005,frame_016,5,16,20,11,False,False,208,Labrador retriever,0.51293400265736,0.6676080918781828,0.7517242431640625,0.2482757568359375,0.024840414143173454,5.215471509305969,0.06465517241379311,0.18241033714417584,2.8212798811632527
frame_005,frame_017,5,17,20,12,False,False,257,Great Pyrenees,0.5383932882571264,0.6191659668193541,0.8138124346733093,0.18618756532669067,0.033895715929967554,5.180320869701802,0.0668103448275862,0.24718527532617246,3.6998054113336782
frame_005,frame_000,5,0,30,-5,False,False,198,standard schnauzer,0.21306523480456824,1.5461568934746666,0.6017378568649292,0.3982621431350708,0.016408635531260974,5.753951690335578,0.41935483870967744,0.39901254041517087,0.9514914425284844
frame_005,frame_001,5,1,30,-4,False,False,179,"Staffordshire bullterrier, Staffordshire bull terrier",0.186309143232869,1.6803479245709951,0.6012648344039917,0.3987351655960083,0.021021553907450398,5.773006525278483,0.4274193548387097,0.422041427208272,0.9874176787514287
frame_005,frame_002,5,2,30,-3,False,False,198,standard schnauzer,0.421382332252692,0.8642147048016309,0.678961992263794,0.32103800773620605,0.016646342256531055,5.796901580281733,0.3971774193548387,0.3638818277946789,0.9161694750566536
frame_005,frame_003,5,3,30,-2,False,False,452,"bonnet, poke bonnet",0.1863054336766243,1.6803678355271128,0.49661141633987427,0.5033885836601257,0.015862362058238738,5.801168974312883,0.3951612903225806,0.3572273626751478,0.9040039381983332
frame_005,frame_004,5,4,30,-1,False,True,452,"bonnet, poke bonnet",0.16879340207111473,1.7790797848406363,0.47627121210098267,0.5237287878990173,0.013500334599847891,5.809411621310701,0.38306451612903225,0.3853775418920985,1.0060382146235836
frame_005,frame_006,5,6,30,1,False,False,245,French bulldog,0.13526061097087513,2.000551909834787,0.506037712097168,0.49396228790283203,0.018553178755134257,5.817946719936538,0.38911290322580644,0.3899539902513118,1.00216155007591
frame_005,frame_007,5,7,30,2,False,False,176,"Saluki, gazelle hound",0.357779826202717,1.0278374923849718,0.567821741104126,0.432178258895874,0.02114943385819676,5.846445973973182,0.3790322580645161,0.36912320797494214,0.9738569742317622
frame_005,frame_008,5,8,30,3,False,False,176,"Saluki, gazelle hound",0.40058556698594633,0.9148278848918565,0.6670745611190796,0.3329254388809204,0.01843410381459161,5.808355141487511,0.3850806451612903,0.4165499584141998,1.0817213579761418
frame_005,frame_009,5,9,30,4,False,False,176,"Saluki, gazelle hound",0.4579188864174397,0.7810632144447514,0.7269703149795532,0.2730296850204468,0.02264161596650199,5.775055385122389,0.10560344827586207,0.2157145604136586,2.0426848169783183
frame_005,frame_010,5,10,30,5,False,False,257,Great Pyrenees,0.4356071748317333,0.8310144169117497,0.727807879447937,0.272192120552063,0.022200535992862085,5.788057403923204,0.10775862068965517,0.1996214346463714,1.8524869135183266
frame_005,frame_011,5,11,30,6,False,False,257,Great Pyrenees,0.5120354290234252,0.6693614590252754,0.7697076201438904,0.23029237985610962,0.02336128427626513,5.751309403270323,0.10129310344827586,0.1957569108711149,1.9325788647701558
frame_005,frame_012,5,12,30,7,False,False,207,golden retriever,0.4410449933276936,0.8186083830531774,0.7661499381065369,0.23385006189346313,0.02781052286841048,5.785045440528822,0.09482758620689655,0.18231209512554933,1.9225639122330658
frame_005,frame_013,5,13,30,8,False,False,207,golden retriever,0.3440363866109625,1.0670078521706552,0.7579949498176575,0.24200505018234253,0.020936649469719754,5.772304488875788,0.08405172413793104,0.18277732286069112,2.1745814822400176
frame_005,frame_014,5,14,30,9,False,False,257,Great Pyrenees,0.4792038454030184,0.7356292075824218,0.790284276008606,0.20971572399139404,0.025935525256513547,5.748684039988962,0.07758620689655173,0.1567242536044955,2.0200014909023865
frame_005,frame_015,5,15,30,10,True,False,257,Great Pyrenees,0.7688530341065861,0.26285544073624534,0.863001823425293,0.13699817657470703,0.02390518607059511,5.751688331913992,0.07112068965517242,0.133747859011611,1.8805759570117422
frame_005,frame_016,5,16,30,11,False,False,208,Labrador retriever,0.4138367528020941,0.8822836998233301,0.7199110984802246,0.2800889015197754,0.019153617526469286,5.742034745552633,0.06465517241379311,0.13741169259571118,2.1253008454803326
frame_005,frame_017,5,17,30,12,False,False,257,Great Pyrenees,0.5933870112802976,0.5219084600061996,0.8075574636459351,0.19244253635406494,0.01936839749106449,5.7439809581679615,0.0668103448275862,0.14142478074498138,2.1168096214732697
frame_005,frame_000,5,0,40,-5,False,False,359,"black-footed ferret, ferret, Mustela nigripes",0.5890644471138332,0.5292196834659357,0.7369797229766846,0.26302027702331543,0.0914122546308981,4.041593596701707,0.41935483870967744,0.9629933560874213,2.2963687722084662
frame_005,frame_001,5,1,40,-4,False,False,285,Egyptian cat,0.3798524985029123,0.9679722634504522,0.6650162935256958,0.3349837064743042,0.07414304543522693,4.160708382585593,0.4274193548387097,0.9549834119239179,2.2343008128031285
frame_005,frame_002,5,2,40,-3,False,False,359,"black-footed ferret, ferret, Mustela nigripes",0.5022672192941419,0.688622991565893,0.7020858526229858,0.29791414737701416,0.07119968674924654,4.163693256270716,0.3971774193548387,0.9556439055510372,2.4060882089000732
frame_005,frame_003,5,3,40,-2,False,False,32,"tailed frog, bell toad, ribbed toad, tailed toad, Ascaphus trui",0.3108095079039722,1.1685750692449393,0.589859127998352,0.41014087200164795,0.05503197400132572,4.209023561905472,0.3951612903225806,0.9515928216235509,2.408112446557557
frame_005,frame_004,5,4,40,-1,False,False,158,toy terrier,0.18347281079975267,1.695688792494371,0.5359340310096741,0.4640659689903259,0.12142129164279879,3.84679566371614,0.38306451612903225,0.953489786749947,2.48911018014723
frame_005,frame_006,5,6,40,1,False,False,159,Rhodesian ridgeback,0.16718655134769136,1.7886450160899425,0.5452771186828613,0.45472288131713867,0.13197273152725922,3.636513951973603,0.38911290322580644,0.9518274689838011,2.4461472778029294
frame_005,frame_007,5,7,40,2,False,True,359,"black-footed ferret, ferret, Mustela nigripes",0.15325335659905215,1.875662801638617,0.5136526823043823,0.4863473176956177,0.13237070870608506,3.6014407868630376,0.3790322580645161,0.9547447424240914,2.518901022565688
frame_005,frame_008,5,8,40,3,False,False,359,"black-footed ferret, ferret, Mustela nigripes",0.8029818285683484,0.21942319472062977,0.8299024701118469,0.17009752988815308,0.26030159626252364,3.46218467047175,0.3850806451612903,0.9512299855596866,2.470209805432485
frame_005,frame_009,5,9,40,4,False,False,169,"borzoi, Russian wolfhound",0.18337997922755558,1.6961948896357972,0.6284513473510742,0.3715486526489258,0.09250514117036591,3.9934258956776096,0.10560344827586207,0.7350454764726131,6.960430634352908
frame_005,frame_010,5,10,40,5,False,False,257,Great Pyrenees,0.596922158457154,0.5159685619347321,0.7443548440933228,0.25564515590667725,0.10904511198158699,4.079902344895781,0.10775862068965517,0.7142659841712541,6.628388333109238
frame_005,frame_011,5,11,40,6,False,False,805,soccer ball,0.5033900923198468,0.6863898780005355,0.8429477214813232,0.15705227851867676,0.10311028284170883,4.073703357849023,0.10129310344827586,0.7772477173764208,7.673254060907644
frame_005,frame_012,5,12,40,7,False,False,183,Kerry blue terrier,0.2896690254165229,1.2390162994380676,0.7376283407211304,0.26237165927886963,0.07888524858721499,4.1044769814919615,0.09482758620689655,0.7988932143267532,8.424692078354852
frame_005,frame_013,5,13,40,8,False,False,183,Kerry blue terrier,0.45660664627550956,0.7839329889794371,0.7938361763954163,0.20616382360458374,0.11724992610550171,3.8461957650552607,0.08405172413793104,0.7900318268615069,9.399353017018953
frame_005,frame_014,5,14,40,9,False,False,183,Kerry blue terrier,0.4894217782350417,0.714530629096386,0.8284177780151367,0.17158222198486328,0.11757138925272331,3.951551800315828,0.07758620689655173,0.7925741359651667,10.215399974662148
frame_005,frame_015,5,15,40,10,True,False,257,Great Pyrenees,0.6627644150790758,0.4113356836473119,0.8488996624946594,0.15110033750534058,0.11695889924766988,3.8175030260048604,0.07112068965517242,0.7607143263578916,10.696104467577626
frame_005,frame_016,5,16,40,11,False,False,977,"sandbar, sand bar",0.2430969449445344,1.414294964812105,0.6897292733192444,0.3102707266807556,0.13246342587786328,3.746651293920881,0.06465517241379311,0.6558636382661126,10.144024271849208
frame_005,frame_017,5,17,40,12,False,False,257,Great Pyrenees,0.528850207842838,0.6370500481990988,0.7629081606864929,0.23709183931350708,0.1234820302059273,3.705494806413563,0.0668103448275862,0.64493709581582,9.65325201479163
frame_005,frame_000,5,0,50,-5,False,False,359,"black-footed ferret, ferret, Mustela nigripes",0.8790892627297429,0.12886883613459332,0.9025766849517822,0.09742331504821777,0.05306597739633807,4.792985621741374,0.41935483870967744,0.8455570664775524,2.016328389292625
frame_005,frame_001,5,1,50,-4,False,False,285,Egyptian cat,0.5294281687434658,0.6359577817957103,0.727156400680542,0.272843599319458,0.06619764032100935,4.548347098193606,0.4274193548387097,0.8917143851050675,2.086275165151479
frame_005,frame_002,5,2,50,-3,True,False,359,"black-footed ferret, ferret, Mustela nigripes",0.8980050092123525,0.1075796325080205,0.9117411375045776,0.08825886249542236,0.052122332300313406,4.795166081272158,0.3971774193548387,0.8256943654280628,2.078905610417864
frame_005,frame_003,5,3,50,-2,False,False,359,"black-footed ferret, ferret, Mustela nigripes",0.3608164851485029,1.0193858012928185,0.6116176247596741,0.3883823752403259,0.051529586748242685,4.729396917696331,0.3951612903225806,0.8448660667076249,2.1380284137090917
frame_005,frame_004,5,4,50,-1,False,False,158,toy terrier,0.22131381164569697,1.508173622459644,0.5604338645935059,0.43956613540649414,0.07986297502307196,4.455299108560207,0.38306451612903225,0.8875212547743421,2.316897591410914
frame_005,frame_006,5,6,50,1,False,False,106,wombat,0.27194796454913645,1.302144537792266,0.5581386089324951,0.4418613910675049,0.07605768083751815,4.428251166790888,0.38911290322580644,0.8585602423197383,2.2064553377750786
frame_005,frame_007,5,7,50,2,False,True,359,"black-footed ferret, ferret, Mustela nigripes",0.21060076347296797,1.5577910540610649,0.5158635973930359,0.4841364026069641,0.10625688730732971,4.309566548867216,0.3790322580645161,0.8611882643312717,2.2720711654697383
frame_005,frame_008,5,8,50,3,False,False,359,"black-footed ferret, ferret, Mustela nigripes",0.8301462482563482,0.18615339099487738,0.8663203716278076,0.13367962837219238,0.12274251215346348,4.254563829199424,0.3850806451612903,0.8796704290706066,2.284379752979167
frame_005,frame_009,5,9,50,4,False,False,260,"chow, chow chow",0.44959758054113946,0.7994023617758108,0.6860731840133667,0.3139268159866333,0.07495871718312867,4.458329036498801,0.10560344827586207,0.5522363226283868,5.2293398714198265
frame_005,frame_010,5,10,50,5,False,False,257,Great Pyrenees,0.2607333374108875,1.3442570896900419,0.677802324295044,0.32219767570495605,0.07599323991517669,4.561516906628164,0.10775862068965517,0.5365761630420234,4.979426793029977
frame_005,frame_011,5,11,50,6,False,False,257,Great Pyrenees,0.5106270821267169,0.6721157357718415,0.8230599761009216,0.17694002389907837,0.06563749981211904,4.59372244237994,0.10129310344827586,0.5823673242388778,5.749328477592326
frame_005,frame_012,5,12,50,7,False,False,207,golden retriever,0.5144430509179503,0.6646704180405463,0.7886435985565186,0.21135640144348145,0.06583382919295654,4.558846043180231,0.09482758620689655,0.6433040898268725,6.783934038174292
frame_005,frame_013,5,13,50,8,False,False,183,Kerry blue terrier,0.409762343435518,0.8921779375031571,0.8036413192749023,0.19635868072509766,0.09373469520808697,4.419426678979838,0.08405172413793104,0.6290746406992915,7.48437521242234
frame_005,frame_014,5,14,50,9,False,False,183,Kerry blue terrier,0.42863661265291836,0.8471457757625136,0.8319824934005737,0.16801750659942627,0.08056654879326237,4.581658384795647,0.07758620689655173,0.5949871188273879,7.668722864886332
frame_005,frame_015,5,15,50,10,False,False,208,Labrador retriever,0.3709222912369029,0.9917626958964769,0.7980624437332153,0.20193755626678467,0.1318936506781437,4.339914284363527,0.07112068965517242,0.598490531932505,8.415139600505524
frame_005,frame_016,5,16,50,11,False,False,208,Labrador retriever,0.3163167141462879,1.1510113073657815,0.7189651131629944,0.2810348868370056,0.07504552360171948,4.258677404350244,0.06465517241379311,0.4903146070687982,7.583532589330745
frame_005,frame_017,5,17,50,12,False,False,208,Labrador retriever,0.480294637087126,0.7333555361302522,0.7902669906616211,0.2097330093383789,0.14192965404262467,4.11251805131392,0.0668103448275862,0.5165077919617871,7.73095533775062
frame_006,frame_000,6,0,5,-6,False,False,359,"black-footed ferret, ferret, Mustela nigripes",0.6123783811921751,0.4904049175980614,0.7141836285591125,0.28581637144088745,0.026749629621920176,5.5009532079880215,0.41935483870967744,0.6815748851094787,1.6252939567995262
frame_006,frame_001,6,1,5,-5,False,False,359,"black-footed ferret, ferret, Mustela nigripes",0.3981261834168648,0.9209862801844855,0.5763109922409058,0.42368900775909424,0.03006042949423669,5.446087021970242,0.4274193548387097,0.7079827493899862,1.656412470270911
frame_006,frame_002,6,2,5,-4,False,False,359,"black-footed ferret, ferret, Mustela nigripes",0.5089851752912922,0.6753363880202157,0.6865928173065186,0.31340718269348145,0.023077914308857334,5.534856653298564,0.3971774193548387,0.6461524900911559,1.6268610918031134
frame_006,frame_003,6,3,5,-3,False,False,359,"black-footed ferret, ferret, Mustela nigripes",0.36027715191967685,1.0208816772835942,0.605777382850647,0.394222617149353,0.02060962640936848,5.55578171506428,0.3951612903225806,0.6080606235076889,1.5387656594888452
frame_006,frame_004,6,4,5,-2,False,False,452,"bonnet, poke bonnet",0.3559326243530504,1.0330138234768067,0.5550709366798401,0.4449290633201599,0.019922025122461644,5.482232439778308,0.38306451612903225,0.6451407932872034,1.6841570182655416
frame_006,frame_005,6,5,5,-1,False,False,452,"bonnet, poke bonnet",0.457558119587166,0.781851364986125,0.6609084606170654,0.33909153938293457,0.02381794911365054,5.456134220205369,0.3870967741935484,0.6419113253360142,1.6582709237847035
frame_006,frame_007,6,7,5,1,False,False,452,"bonnet, poke bonnet",0.18481653797514722,1.6883916325711459,0.5243481397628784,0.4756518602371216,0.036827776461807946,5.525043861136669,0.3790322580645161,0.6128422451968449,1.6168603915831654
frame_006,frame_008,6,8,5,2,False,False,359,"black-footed ferret, ferret, Mustela nigripes",0.5030366848758542,0.6870921793830627,0.6497958898544312,0.35020411014556885,0.03533746750685453,5.450620211472919,0.3850806451612903,0.646811539908389,1.6796781350500574
frame_006,frame_009,6,9,5,3,True,False,169,"borzoi, Russian wolfhound",0.6261997305106618,0.4680859004465807,0.7454997301101685,0.25450026988983154,0.021173952028583756,5.490850231350711,0.10560344827586207,0.3758722860235318,3.5592804227534436
frame_006,frame_010,6,10,5,4,False,False,177,"Scottish deerhound, deerhound",0.17002586831000663,1.7718046869785766,0.5597115755081177,0.4402884244918823,0.016277303797091733,5.473526530222863,0.10775862068965517,0.41369376417046977,3.8390781315019598
frame_006,frame_011,6,11,5,5,False,False,257,Great Pyrenees,0.2302841143890278,1.4684414524371974,0.6446066498756409,0.35539335012435913,0.02235646151625964,5.449259159493718,0.10129310344827586,0.3661839514299808,3.615092626883215
frame_006,frame_012,6,12,5,6,False,False,169,"borzoi, Russian wolfhound",0.25897845080379905,1.351010422273772,0.5849039554595947,0.4150960445404053,0.024208636999342725,5.440672062983113,0.09482758620689655,0.3924466225149364,4.138528019248421
frame_006,frame_013,6,13,5,7,False,False,169,"borzoi, Russian wolfhound",0.1366320173206438,1.9904639718966806,0.536712646484375,0.463287353515625,0.02575330220209257,5.445756912666132,0.08405172413793104,0.37393648536955054,4.448885364396704
frame_006,frame_014,6,14,5,8,False,False,169,"borzoi, Russian wolfhound",0.16251625984553317,1.8169772216301752,0.5428582429885864,0.4571417570114136,0.031856880263899046,5.4656266091830705,0.07758620689655173,0.34296547832678276,4.420443942878533
frame_006,frame_015,6,15,5,9,False,False,169,"borzoi, Russian wolfhound",0.10267988612449044,2.276139032012823,0.5235263109207153,0.47647368907928467,0.03801337543124247,5.425136936234528,0.07112068965517242,0.331813516234126,4.66549913735256
frame_006,frame_016,6,16,5,10,False,True,218,Welsh springer spaniel,0.17769121003505658,1.7277080102388034,0.5233098864555359,0.4766901135444641,0.026728957083016033,5.413727797104514,0.06465517241379311,0.29400010897255235,4.547201685442142
frame_006,frame_017,6,17,5,11,False,False,218,Welsh springer spaniel,0.1969629391966686,1.6247396938472818,0.5685915946960449,0.4314084053039551,0.02852287912092091,5.3676542258189,0.0668103448275862,0.3098419839503592,4.6376348565473124
frame_006,frame_000,6,0,10,-6,False,False,359,"black-footed ferret, ferret, Mustela nigripes",0.40445827822704494,0.9052066918649988,0.6047012805938721,0.39529871940612793,0.04344998579287861,4.815334209774387,0.41935483870967744,0.8749981571252589,2.086534066991002
frame_006,frame_001,6,1,10,-5,False,False,179,"Staffordshire bullterrier, Staffordshire bull terrier",0.17842979673264486,1.7235600507388833,0.541702151298523,0.45829784870147705,0.04627766471064573,4.719184641677819,0.4274193548387097,0.8858698571501549,2.0726011752192304
frame_006,frame_002,6,2,10,-4,False,False,359,"black-footed ferret, ferret, Mustela nigripes",0.34313205665109686,1.0696399010978395,0.6138302087783813,0.38616979122161865,0.04566438961439882,4.7045950243070624,0.3971774193548387,0.8749032237381814,2.2028020252494316
frame_006,frame_003,6,3,10,-3,False,True,359,"black-footed ferret, ferret, Mustela nigripes",0.17749058353422723,1.7288377219852906,0.4624837636947632,0.5375162363052368,0.04526220605631912,4.866570432893638,0.3951612903225806,0.865398305365051,2.1899875482707416
frame_006,frame_004,6,4,10,-2,False,False,389,"barracouta, snoek",0.3398979604921624,1.0791098226153313,0.5827633142471313,0.41723668575286865,0.05422793826692174,4.756583284810864,0.38306451612903225,0.8710919611661524,2.274008488096903
frame_006,frame_005,6,5,10,-1,False,False,359,"black-footed ferret, ferret, Mustela nigripes",0.15290967927121285,1.8779078634646833,0.5153014063835144,0.4846985936164856,0.05012217147883987,4.749257594204178,0.3870967741935484,0.8670603356214435,2.2399058670220624
frame_006,frame_007,6,7,10,1,False,False,359,"black-footed ferret, ferret, Mustela nigripes",0.4592721126371965,0.7781124065910765,0.6132849454879761,0.3867150545120239,0.06691916983295039,4.849275921109099,0.3790322580645161,0.8328614162588656,2.1973365024701987
frame_006,frame_008,6,8,10,2,False,False,359,"black-footed ferret, ferret, Mustela nigripes",0.7798241038105757,0.2486868926643968,0.8095679879188538,0.19043201208114624,0.07108712897437403,4.715951959281444,0.3850806451612903,0.8565206881201475,2.224263148207294
frame_006,frame_009,6,9,10,3,False,False,257,Great Pyrenees,0.28667035279459,1.249422319899585,0.6986331939697266,0.30136680603027344,0.10097698315618746,4.355984021750379,0.10560344827586207,0.6079477827295091,5.756893289520249
frame_006,frame_010,6,10,10,4,False,False,257,Great Pyrenees,0.5269588772281885,0.6406327653104853,0.7191851139068604,0.28081488609313965,0.10774616798033662,4.451931404911983,0.10775862068965517,0.6188243131761613,5.742689626274777
frame_006,frame_011,6,11,10,5,True,False,257,Great Pyrenees,0.6401265234611893,0.4460894292589792,0.8287656307220459,0.1712343692779541,0.0711332420268551,4.491457192923368,0.10129310344827586,0.6719080371154105,6.6333048770542655
frame_006,frame_012,6,12,10,6,False,False,207,golden retriever,0.3612711226976268,1.0181265701295663,0.6733360290527344,0.3266639709472656,0.08826276716872122,4.478518856169994,0.09482758620689655,0.6777714531096735,7.147408050974739
frame_006,frame_013,6,13,10,7,False,False,207,golden retriever,0.2995322206215804,1.205533285838869,0.7116959095001221,0.28830409049987793,0.10184124721983909,4.3205143615675174,0.08405172413793104,0.6840731395628468,8.138716327106689
frame_006,frame_014,6,14,10,8,False,False,257,Great Pyrenees,0.38418182618938,0.9566393327613492,0.7582575082778931,0.24174249172210693,0.09869352904545178,4.465802716951991,0.07758620689655173,0.6482547725943726,8.355283735660802
frame_006,frame_015,6,15,10,9,False,False,257,Great Pyrenees,0.570561452067508,0.5611343993240814,0.7880308032035828,0.21196919679641724,0.1177184571088436,4.34272842624998,0.07112068965517242,0.6271407549711627,8.81797910020059
frame_006,frame_016,6,16,10,10,False,False,805,soccer ball,0.2868610948345674,1.248757170506999,0.6544721722602844,0.3455278277397156,0.11372182309502583,4.232695993647742,0.06465517241379311,0.555023632389305,8.584365514287915
frame_006,frame_017,6,17,10,11,False,False,257,Great Pyrenees,0.35220771490771663,1.0435341782544416,0.7425925135612488,0.2574074864387512,0.12118788225714497,4.076466407453671,0.0668103448275862,0.5829917969847197,8.726070767771288
frame_006,frame_000,6,0,20,-6,False,False,359,"black-footed ferret, ferret, Mustela nigripes",0.3284383856074322,1.1134060214884478,0.5978597402572632,0.4021402597427368,0.03311095029657095,5.338936740327016,0.41935483870967744,0.7212773929811287,1.719969167878076
frame_006,frame_001,6,1,20,-5,False,False,179,"Staffordshire bullterrier, Staffordshire bull terrier",0.26992537288371554,1.309609754915357,0.5716906785964966,0.4283093214035034,0.03648544422860561,5.279664050204277,0.4274193548387097,0.7430413798022095,1.73843643576366
frame_006,frame_002,6,2,20,-4,False,False,179,"Staffordshire bullterrier, Staffordshire bull terrier",0.4565340100587107,0.7840920799506872,0.6392332315444946,0.36076676845550537,0.055441665726254585,5.138101970896758,0.3971774193548387,0.7342301670960131,1.8486201161402158
frame_006,frame_003,6,3,20,-3,False,True,452,"bonnet, poke bonnet",0.1389290093016084,1.9737922007644597,0.4183155298233032,0.5816844701766968,0.03620849884783891,5.216334421744125,0.3951612903225806,0.7388818488495037,1.8698234542313972
frame_006,frame_004,6,4,20,-2,False,False,158,toy terrier,0.24543852044620665,1.4047087889903906,0.4884108901023865,0.5115891098976135,0.044582549361589986,5.142402059425325,0.38306451612903225,0.7714895462321467,2.013993762795499
frame_006,frame_005,6,5,20,-1,False,False,179,"Staffordshire bullterrier, Staffordshire bull terrier",0.14682880085435776,1.9184879909387007,0.4852561950683594,0.5147438049316406,0.030585945192166186,5.09013245304415,0.3870967741935484,0.7860448951757453,2.0306159792040086
frame_006,frame_007,6,7,20,1,False,False,96,toucan,0.2051293906795257,1.5841143249038243,0.4602319598197937,0.5397680401802063,0.026002504460695526,5.262563646252911,0.3790322580645161,0.7623691650976728,2.011356946215137
frame_006,frame_008,6,8,20,2,False,False,359,"black-footed ferret, ferret, Mustela nigripes",0.17830984761170446,1.724232525062174,0.4665999412536621,0.5334000587463379,0.02366865033951314,5.267569643415758,0.3850806451612903,0.7614845327736934,1.9774676872028898
frame_006,frame_009,6,9,20,3,False,False,208,Labrador retriever,0.28218901705339056,1.2651781593378306,0.685344934463501,0.314655065536499,0.02287619618763732,5.2483398947197735,0.10560344827586207,0.25059553414989416,2.372986282562263
frame_006,frame_010,6,10,20,4,False,False,257,Great Pyrenees,0.48798955699034946,0.7174612729679044,0.7245805263519287,0.2754194736480713,0.021300726010535464,5.302317496881904,0.10775862068965517,0.2767608733244354,2.5683409044507606
frame_006,frame_011,6,11,20,5,False,False,257,Great Pyrenees,0.665020808138131,0.4079369483825386,0.808329701423645,0.19167029857635498,0.01700246515248262,5.234745663648145,0.10129310344827586,0.2348256459178803,2.3182787171467334
frame_006,frame_012,6,12,20,6,False,False,207,golden retriever,0.6570171491024406,0.4200451587035685,0.7976359128952026,0.20236408710479736,0.02057938864223367,5.314393681128225,0.09482758620689655,0.2589835323105874,2.731099068002558
frame_006,frame_013,6,13,20,7,False,False,207,golden retriever,0.4634120090254814,0.7691387522883995,0.7986770868301392,0.20132291316986084,0.02161390492073514,5.356071413243814,0.08405172413793104,0.2464024492112596,2.931557344462165
frame_006,frame_014,6,14,20,8,False,False,208,Labrador retriever,0.5800204114924201,0.5446919838325934,0.8352632522583008,0.16473674774169922,0.02051451751970831,5.336570416502273,0.07758620689655173,0.21978508357714605,2.8327855216609934
frame_006,frame_015,6,15,20,9,True,False,257,Great Pyrenees,0.5649827807050603,0.57096002492833,0.8430725336074829,0.1569274663925171,0.02434921185372051,5.304925018977147,0.07112068965517242,0.23534054020208656,3.3090306258717623
frame_006,frame_016,6,16,20,10,False,False,208,Labrador retriever,0.51293400265736,0.6676080918781828,0.7517242431640625,0.2482757568359375,0.024288926187187834,5.203389015807489,0.06465517241379311,0.17868155154171877,2.7636079971785836
frame_006,frame_017,6,17,20,11,False,False,257,Great Pyrenees,0.5383932882571264,0.6191659668193541,0.8138124346733093,0.18618756532669067,0.035158458816745654,5.156994450168325,0.0668103448275862,0.24714848807412176,3.699254789238468
frame_006,frame_000,6,0,30,-6,False,False,198,standard schnauzer,0.21306523480456824,1.5461568934746666,0.6017378568649292,0.3982621431350708,0.017546449118278063,5.759977096386859,0.41935483870967744,0.35818158688513146,0.8541253225722365
frame_006,frame_001,6,1,30,-5,False,False,179,"Staffordshire bullterrier, Staffordshire bull terrier",0.186309143232869,1.6803479245709951,0.6012648344039917,0.3987351655960083,0.013895544006165642,5.787072150763851,0.4274193548387097,0.38012974660094995,0.8893601618588263
frame_006,frame_002,6,2,30,-4,False,False,198,standard schnauzer,0.421382332252692,0.8642147048016309,0.678961992263794,0.32103800773620605,0.01758288425505223,5.800021846386385,0.3971774193548387,0.33137743551919124,0.8343310051650704
frame_006,frame_003,6,3,30,-3,False,False,452,"bonnet, poke bonnet",0.1863054336766243,1.6803678355271128,0.49661141633987427,0.5033885836601257,0.01735925498253117,5.808155217750421,0.3951612903225806,0.31355663019507624,0.7934902478406011
frame_006,frame_004,6,4,30,-2,False,True,452,"bonnet, poke bonnet",0.16879340207111473,1.7790797848406363,0.47627121210098267,0.5237287878990173,0.01710844028144269,5.8260407638861444,0.38306451612903225,0.3352425022363198,0.8751593742590243
frame_006,frame_005,6,5,30,-1,False,False,179,"Staffordshire bullterrier, Staffordshire bull terrier",0.24544866950778718,1.404667439116979,0.5437764525413513,0.4562235474586487,0.017484843831461316,5.814824785806291,0.3870967741935484,0.36284195402175723,0.9373417145562062
frame_006,frame_007,6,7,30,1,False,False,176,"Saluki, gazelle hound",0.357779826202717,1.0278374923849718,0.567821741104126,0.432178258895874,0.017134010697780148,5.850780802334611,0.3790322580645161,0.3469404673699092,0.9153322968908243
frame_006,frame_008,6,8,30,2,False,False,176,"Saluki, gazelle hound",0.40058556698594633,0.9148278848918565,0.6670745611190796,0.3329254388809204,0.01978070101703739,5.8070846955032245,0.3850806451612903,0.38739435330726746,1.0060083729864118
frame_006,frame_009,6,9,30,3,False,False,176,"Saluki, gazelle hound",0.4579188864174397,0.7810632144447514,0.7269703149795532,0.2730296850204468,0.020657670124388537,5.770835359832839,0.10560344827586207,0.1951405159371451,1.8478612121394964
frame_006,frame_010,6,10,30,4,False,False,257,Great Pyrenees,0.4356071748317333,0.8310144169117497,0.727807879447937,0.272192120552063,0.02145567193142598,5.772566909913069,0.10775862068965517,0.18926669927490627,1.7563949692711303
frame_006,frame_011,6,11,30,5,False,False,257,Great Pyrenees,0.5120354290234252,0.6693614590252754,0.7697076201438904,0.23029237985610962,0.020916085853706145,5.747411682921401,0.10129310344827586,0.17699442313527117,1.7473491986120389
frame_006,frame_012,6,12,30,6,False,False,207,golden retriever,0.4410449933276936,0.8186083830531774,0.7661499381065369,0.23385006189346313,0.026061182906508655,5.734681430699006,0.09482758620689655,0.16615154792688433,1.7521435963198713
frame_006,frame_013,6,13,30,7,False,False,207,golden retriever,0.3440363866109625,1.0670078521706552,0.7579949498176575,0.24200505018234253,0.03125408657660081,5.712305125035516,0.08405172413793104,0.17367288246852822,2.066261986292233
frame_006,frame_014,6,14,30,8,False,False,257,Great Pyrenees,0.4792038454030184,0.7356292075824218,0.790284276008606,0.20971572399139404,0.023790044471860883,5.710441648572369,0.07758620689655173,0.1424823535776834,1.8364392238901417
frame_006,frame_015,6,15,30,9,True,False,257,Great Pyrenees,0.7688530341065861,0.26285544073624534,0.863001823425293,0.13699817657470703,0.03766944192035962,5.690729429104595,0.07112068965517242,0.12448951251284436,1.7503979941199934
frame_006,frame_016,6,16,30,10,False,False,208,Labrador retriever,0.4138367528020941,0.8822836998233301,0.7199110984802246,0.2800889015197754,0.019284445775037812,5.719239377314521,0.06465517241379311,0.1294456968313078,2.002093444324227
frame_006,frame_017,6,17,30,11,False,False,257,Great Pyrenees,0.5933870112802976,0.5219084600061996,0.8075574636459351,0.19244253635406494,0.03208808234397093,5.706796914904993,0.0668103448275862,0.12909305317811964,1.9322315056337909
frame_006,frame_000,6,0,40,-6,False,False,359,"black-footed ferret, ferret, Mustela nigripes",0.5890644471138332,0.5292196834659357,0.7369797229766846,0.26302027702331543,0.08589715533547099,4.091711755763129,0.41935483870967744,0.9618251490267897,2.2935830476792676
frame_006,frame_001,6,1,40,-5,False,False,285,Egyptian cat,0.3798524985029123,0.9679722634504522,0.6650162935256958,0.3349837064743042,0.07310806117920651,4.217494305018155,0.4274193548387097,0.9557738769070252,2.236150202574927
frame_006,frame_002,6,2,40,-4,False,False,359,"black-footed ferret, ferret, Mustela nigripes",0.5022672192941419,0.688622991565893,0.7020858526229858,0.29791414737701416,0.059611475798090556,4.208100336079422,0.3971774193548387,0.9544431372552058,2.403064954713615
frame_006,frame_003,6,3,40,-3,False,False,32,"tailed frog, bell toad, ribbed toad, tailed toad, Ascaphus trui",0.3108095079039722,1.1685750692449393,0.589859127998352,0.41014087200164795,0.05131462196087895,4.266745452132497,0.3951612903225806,0.9495329702422388,2.4028997614293393
frame_006,frame_004,6,4,40,-2,False,False,158,toy terrier,0.18347281079975267,1.695688792494371,0.5359340310096741,0.4640659689903259,0.11326139980207266,3.913605849556443,0.38306451612903225,0.9513495503026008,2.483523036579421
frame_006,frame_005,6,5,40,-1,False,False,359,"black-footed ferret, ferret, Mustela nigripes",0.21723183637128224,1.5267901253685743,0.5497840642929077,0.4502159357070923,0.09493349652125199,3.85603329697056,0.3870967741935484,0.951160079729763,2.457163539301888
frame_006,frame_007,6,7,40,1,False,True,359,"black-footed ferret, ferret, Mustela nigripes",0.15325335659905215,1.875662801638617,0.5136526823043823,0.4863473176956177,0.13035572945017318,3.6611421961866015,0.3790322580645161,0.9528328946331223,2.5138569986065353
frame_006,frame_008,6,8,40,2,False,False,359,"black-footed ferret, ferret, Mustela nigripes",0.8029818285683484,0.21942319472062977,0.8299024701118469,0.17009752988815308,0.2646622906115346,3.5111225275046314,0.3850806451612903,0.9493543629403232,2.465339078630368
frame_006,frame_009,6,9,40,3,False,False,169,"borzoi, Russian wolfhound",0.18337997922755558,1.6961948896357972,0.6284513473510742,0.3715486526489258,0.08876601538077514,4.04944051471365,0.10560344827586207,0.7170013591473439,6.789563890701379
frame_006,frame_010,6,10,40,4,False,False,257,Great Pyrenees,0.596922158457154,0.5159685619347321,0.7443548440933228,0.25564515590667725,0.0941391084741263,4.166292914414082,0.10775862068965517,0.7067483152131221,6.558624365177773
frame_006,frame_011,6,11,40,5,False,False,805,soccer ball,0.5033900923198468,0.6863898780005355,0.8429477214813232,0.15705227851867676,0.09612244988567356,4.181211784507194,0.10129310344827586,0.7484433016510673,7.38888706310841
frame_006,frame_012,6,12,40,6,False,False,183,Kerry blue terrier,0.2896690254165229,1.2390162994380676,0.7376283407211304,0.26237165927886963,0.07523737030507535,4.1891668885293045,0.09482758620689655,0.7837891338108767,8.26541268382379
frame_006,frame_013,6,13,40,7,False,False,183,Kerry blue terrier,0.45660664627550956,0.7839329889794371,0.7938361763954163,0.20616382360458374,0.11314481717801139,3.9326922534399573,0.08405172413793104,0.779485142647571,9.273874517653152
frame_006,frame_014,6,14,40,8,False,False,183,Kerry blue terrier,0.4894217782350417,0.714530629096386,0.8284177780151367,0.17158222198486328,0.1054946872946209,4.013940097175786,0.07758620689655173,0.7797359314023533,10.04992978251922
frame_006,frame_015,6,15,40,9,True,False,257,Great Pyrenees,0.6627644150790758,0.4113356836473119,0.8488996624946594,0.15110033750534058,0.12141080646852145,3.8556039764629064,0.07112068965517242,0.7569203446551879,10.642758785454763
frame_006,frame_016,6,16,40,10,False,False,977,"sandbar, sand bar",0.2430969449445344,1.414294964812105,0.6897292733192444,0.3102707266807556,0.12323765537987817,3.8142053273629584,0.06465517241379311,0.641306726702496,9.918877372998605
frame_006,frame_017,6,17,40,11,False,False,257,Great Pyrenees,0.528850207842838,0.6370500481990988,0.7629081606864929,0.23709183931350708,0.12532522021391568,3.7558305153795555,0.0668103448275862,0.6338296747415153,9.486999002582682
frame_006,frame_000,6,0,50,-6,False,False,359,"black-footed ferret, ferret, Mustela nigripes",0.8790892627297429,0.12886883613459332,0.9025766849517822,0.09742331504821777,0.05196097167475566,4.816939010856702,0.41935483870967744,0.8460482995936569,2.0174997913387203
frame_006,frame_001,6,1,50,-5,False,False,285,Egyptian cat,0.5294281687434658,0.6359577817957103,0.727156400680542,0.272843599319458,0.06507061569755097,4.624240877488939,0.4274193548387097,0.8895563247674143,2.081226118323762
frame_006,frame_002,6,2,50,-4,True,False,359,"black-footed ferret, ferret, Mustela nigripes",0.8980050092123525,0.1075796325080205,0.9117411375045776,0.08825886249542236,0.05061869913269107,4.81773681825385,0.3971774193548387,0.8218718590905251,2.0692814320248756
frame_006,frame_003,6,3,50,-3,False,False,359,"black-footed ferret, ferret, Mustela nigripes",0.3608164851485029,1.0193858012928185,0.6116176247596741,0.3883823752403259,0.055176907065182065,4.746100331522742,0.3951612903225806,0.8370320391800814,2.1182035277210223
frame_006,frame_004,6,4,50,-2,False,False,158,toy terrier,0.22131381164569697,1.508173622459644,0.5604338645935059,0.43956613540649414,0.07370083123018202,4.497560686739277,0.38306451612903225,0.8839169734893003,2.307488520266805
frame_006,frame_005,6,5,50,-1,False,False,359,"black-footed ferret, ferret, Mustela nigripes",0.4182571317819092,0.8716588877796241,0.6477100849151611,0.35228991508483887,0.0649013669439722,4.506148524770547,0.3870967741935484,0.8609784331795447,2.224194285713824
frame_006,frame_007,6,7,50,1,False,True,359,"black-footed ferret, ferret, Mustela nigripes",0.21060076347296797,1.5577910540610649,0.5158635973930359,0.4841364026069641,0.10304564326311795,4.367067077251764,0.3790322580645161,0.8466166263736201,2.233626844049551
frame_006,frame_008,6,8,50,2,False,False,359,"black-footed ferret, ferret, Mustela nigripes",0.8301462482563482,0.18615339099487738,0.8663203716278076,0.13367962837219238,0.1014819080732427,4.347148762960773,0.3850806451612903,0.8711232178537389,2.2621838536934793
frame_006,frame_009,6,9,50,3,False,False,260,"chow, chow chow",0.44959758054113946,0.7994023617758108,0.6860731840133667,0.3139268159866333,0.06789519725725074,4.470386641402715,0.10560344827586207,0.5471434893958046,5.181113858768435
frame_006,frame_010,6,10,50,4,False,False,257,Great Pyrenees,0.2607333374108875,1.3442570896900419,0.677802324295044,0.32219767570495605,0.06996178789598832,4.609097518805721,0.10775862068965517,0.541383736658858,5.0240410761942025
frame_006,frame_011,6,11,50,5,False,False,257,Great Pyrenees,0.5106270821267169,0.6721157357718415,0.8230599761009216,0.17694002389907837,0.05496256787382792,4.6714227722936785,0.10129310344827586,0.555906282776995,5.488096068266505
frame_006,frame_012,6,12,50,6,False,False,207,golden retriever,0.5144430509179503,0.6646704180405463,0.7886435985565186,0.21135640144348145,0.05773555416936173,4.598248239904698,0.09482758620689655,0.6231463684440514,6.571361703591815
frame_006,frame_013,6,13,50,7,False,False,183,Kerry blue terrier,0.409762343435518,0.8921779375031571,0.8036413192749023,0.19635868072509766,0.07994466934710481,4.497406603377189,0.08405172413793104,0.6196135850849119,7.371812909728183
frame_006,frame_014,6,14,50,8,False,False,183,Kerry blue terrier,0.42863661265291836,0.8471457757625136,0.8319824934005737,0.16801750659942627,0.08616558950544567,4.6150387857444475,0.07758620689655173,0.5785191315040724,7.456468806052489
frame_006,frame_015,6,15,50,9,False,False,208,Labrador retriever,0.3709222912369029,0.9917626958964769,0.7980624437332153,0.20193755626678467,0.13290710574713877,4.3685829857640215,0.07112068965517242,0.5966766710004853,8.389635616491672
frame_006,frame_016,6,16,50,10,False,False,208,Labrador retriever,0.3163167141462879,1.1510113073657815,0.7189651131629944,0.2810348868370056,0.07537129253493631,4.318065696310169,0.06465517241379311,0.4798019962349622,7.420937541767415
frame_006,frame_017,6,17,50,11,False,False,208,Labrador retriever,0.480294637087126,0.7333555361302522,0.7902669906616211,0.2097330093383789,0.1387846653715468,4.124350465776155,0.0668103448275862,0.515392221797336,7.7142577714181915
frame_007,frame_000,7,0,5,-7,False,False,359,"black-footed ferret, ferret, Mustela nigripes",0.6123783811921751,0.4904049175980614,0.7141836285591125,0.28581637144088745,0.023994296702315024,5.553897039556787,0.41935483870967744,0.6587577486772207,1.5708838622302954
frame_007,frame_001,7,1,5,-6,False,False,359,"black-footed ferret, ferret, Mustela nigripes",0.3981261834168648,0.9209862801844855,0.5763109922409058,0.42368900775909424,0.02859510513752014,5.50833379265253,0.4274193548387097,0.6829229000745614,1.5977818794197285
frame_007,frame_002,7,2,5,-5,False,False,359,"black-footed ferret, ferret, Mustela nigripes",0.5089851752912922,0.6753363880202157,0.6865928173065186,0.31340718269348145,0.021160978881791585,5.584469953046089,0.3971774193548387,0.6227462588733221,1.5679296670110041
frame_007,frame_003,7,3,5,-4,False,False,359,"black-footed ferret, ferret, Mustela nigripes",0.36027715191967685,1.0208816772835942,0.605777382850647,0.394222617149353,0.01954982981993146,5.6072619654371225,0.3951612903225806,0.5827963057957365,1.4748314677279863
frame_007,frame_004,7,4,5,-3,False,False,452,"bonnet, poke bonnet",0.3559326243530504,1.0330138234768067,0.5550709366798401,0.4449290633201599,0.01956032566826202,5.537029483371153,0.38306451612903225,0.6199346877746001,1.6183558165063245
frame_007,frame_005,7,5,5,-2,False,False,452,"bonnet, poke bonnet",0.457558119587166,0.781851364986125,0.6609084606170654,0.33909153938293457,0.021598905257988854,5.522984452994159,0.3870967741935484,0.6172821208750088,1.594645478927106
frame_007,frame_006,7,6,5,-1,False,False,452,"bonnet, poke bonnet",0.26287255564643797,1.3360859435419705,0.5299786329269409,0.4700213670730591,0.027902703795797033,5.6061367317468225,0.38911290322580644,0.6031534943961526,1.5500732291217187
frame_007,frame_008,7,8,5,1,False,False,359,"black-footed ferret, ferret, Mustela nigripes",0.5030366848758542,0.6870921793830627,0.6497958898544312,0.35020411014556885,0.029776539859576512,5.529672165340319,0.3850806451612903,0.6243339347401459,1.6213069718906405
frame_007,frame_009,7,9,5,2,True,False,169,"borzoi, Russian wolfhound",0.6261997305106618,0.4680859004465807,0.7454997301101685,0.25450026988983154,0.020186064812297257,5.5430115853581015,0.10560344827586207,0.35620527472241015,3.373045866759149
frame_007,frame_010,7,10,5,3,False,False,177,"Scottish deerhound, deerhound",0.17002586831000663,1.7718046869785766,0.5597115755081177,0.4402884244918823,0.01623308293547264,5.522946956999146,0.10775862068965517,0.39101559895434823,3.628624758296352
frame_007,frame_011,7,11,5,4,False,False,257,Great Pyrenees,0.2302841143890278,1.4684414524371974,0.6446066498756409,0.35539335012435913,0.020198087788941912,5.504389236514704,0.10129310344827586,0.3439945437415518,3.3960312403421287
frame_007,frame_012,7,12,5,5,False,False,169,"borzoi, Russian wolfhound",0.25897845080379905,1.351010422273772,0.5849039554595947,0.4150960445404053,0.024964360149517167,5.49521794945519,0.09482758620689655,0.3670671355416997,3.8708897929851966
frame_007,frame_013,7,13,5,6,False,False,169,"borzoi, Russian wolfhound",0.1366320173206438,1.9904639718966806,0.536712646484375,0.463287353515625,0.02598121580151118,5.502109366748168,0.08405172413793104,0.3497793896574999,4.161477866694358
frame_007,frame_014,7,14,5,7,False,False,169,"borzoi, Russian wolfhound",0.16251625984553317,1.8169772216301752,0.5428582429885864,0.4571417570114136,0.03039143337269447,5.519850919903983,0.07758620689655173,0.3162771232156645,4.0764606992241195
frame_007,frame_015,7,15,5,8,False,False,169,"borzoi, Russian wolfhound",0.10267988612449044,2.276139032012823,0.5235263109207153,0.47647368907928467,0.03617718754998857,5.485093196848016,0.07112068965517242,0.3073933246336049,4.322136443333111
frame_007,frame_016,7,16,5,9,False,True,218,Welsh springer spaniel,0.17769121003505658,1.7277080102388034,0.5233098864555359,0.4766901135444641,0.02544462650741628,5.47572033418456,0.06465517241379311,0.27382927477566654,4.235226116530309
frame_007,frame_017,7,17,5,10,False,False,218,Welsh springer spaniel,0.1969629391966686,1.6247396938472818,0.5685915946960449,0.4314084053039551,0.026008056196646624,5.437996077431327,0.0668103448275862,0.28763093326638206,4.30518558179359
frame_007,frame_000,7,0,10,-7,False,False,359,"black-footed ferret, ferret, Mustela nigripes",0.40445827822704494,0.9052066918649988,0.6047012805938721,0.39529871940612793,0.045404937432509694,4.8064884067703595,0.41935483870967744,0.8729482453475277,2.0816458158287197
frame_007,frame_001,7,1,10,-6,False,False,179,"Staffordshire bullterrier, Staffordshire bull terrier",0.17842979673264486,1.7235600507388833,0.541702151298523,0.45829784870147705,0.044840504287420056,4.731415167729859,0.4274193548387097,0.8860367708138477,2.072991690205983
frame_007,frame_002,7,2,10,-5,False,False,359,"black-footed ferret, ferret, Mustela nigripes",0.34313205665109686,1.0696399010978395,0.6138302087783813,0.38616979122161865,0.04749165383660257,4.700807468254881,0.3971774193548387,0.8714671664392964,2.1941508352989394
frame_007,frame_003,7,3,10,-4,False,False,359,"black-footed ferret, ferret, Mustela nigripes",0.17749058353422723,1.7288377219852906,0.4624837636947632,0.5375162363052368,0.04466707626558805,4.868116151002065,0.3951612903225806,0.8635492736784123,2.185308366043329
frame_007,frame_004,7,4,10,-3,False,False,389,"barracouta, snoek",0.3398979604921624,1.0791098226153313,0.5827633142471313,0.41723668575286865,0.057685263208646004,4.741290231485166,0.38306451612903225,0.871080339197896,2.2739781486429282
frame_007,frame_005,7,5,10,-2,False,False,359,"black-footed ferret, ferret, Mustela nigripes",0.15290967927121285,1.8779078634646833,0.5153014063835144,0.4846985936164856,0.055405340430717535,4.728536505372475,0.3870967741935484,0.8708420980980673,2.249675420086674
frame_007,frame_006,7,6,10,-1,False,True,359,"black-footed ferret, ferret, Mustela nigripes",0.11986370132325427,2.121400004041316,0.45514053106307983,0.5448594689369202,0.0562932362144517,4.944914484040931,0.38911290322580644,0.83138690919636,2.136621279592718
frame_007,frame_008,7,8,10,1,False,False,359,"black-footed ferret, ferret, Mustela nigripes",0.7798241038105757,0.2486868926643968,0.8095679879188538,0.19043201208114624,0.064792954479538,4.736169577962997,0.3850806451612903,0.8587516940125909,2.230056755132173
frame_007,frame_009,7,9,10,2,False,False,257,Great Pyrenees,0.28667035279459,1.249422319899585,0.6986331939697266,0.30136680603027344,0.11039692461028904,4.294237688457626,0.10560344827586207,0.6196421858582797,5.867632127311056
frame_007,frame_010,7,10,10,3,False,False,257,Great Pyrenees,0.5269588772281885,0.6406327653104853,0.7191851139068604,0.28081488609313965,0.1156037530340831,4.416263048392256,0.10775862068965517,0.619858119011306,5.752283344424921
frame_007,frame_011,7,11,10,4,True,False,257,Great Pyrenees,0.6401265234611893,0.4460894292589792,0.8287656307220459,0.1712343692779541,0.07544240455655038,4.480324454434321,0.10129310344827586,0.6777285589246107,6.690767049808923
frame_007,frame_012,7,12,10,5,False,False,207,golden retriever,0.3612711226976268,1.0181265701295663,0.6733360290527344,0.3266639709472656,0.09392596131150097,4.440361243742867,0.09482758620689655,0.6863849440828852,7.238241228510426
frame_007,frame_013,7,13,10,6,False,False,207,golden retriever,0.2995322206215804,1.205533285838869,0.7116959095001221,0.28830409049987793,0.10975060708866194,4.310803848825184,0.08405172413793104,0.6872902939942052,8.176992215725928
frame_007,frame_014,7,14,10,7,False,False,257,Great Pyrenees,0.38418182618938,0.9566393327613492,0.7582575082778931,0.24174249172210693,0.09954360274571929,4.437806031448488,0.07758620689655173,0.6556647178066483,8.450789696174578
frame_007,frame_015,7,15,10,8,False,False,257,Great Pyrenees,0.570561452067508,0.5611343993240814,0.7880308032035828,0.21196919679641724,0.12120417303043164,4.302607836850173,0.07112068965517242,0.6368393892913887,8.954347776703163
frame_007,frame_016,7,16,10,9,False,False,805,soccer ball,0.2868610948345674,1.248757170506999,0.6544721722602844,0.3455278277397156,0.10988197003411927,4.201605480018757,0.06465517241379311,0.5662128285620489,8.757425081759688
frame_007,frame_017,7,17,10,10,False,False,257,Great Pyrenees,0.35220771490771663,1.0435341782544416,0.7425925135612488,0.2574074864387512,0.1264303151588945,4.052881348733433,0.0668103448275862,0.5885259248621909,8.808904165679245
frame_007,frame_000,7,0,20,-7,False,False,359,"black-footed ferret, ferret, Mustela nigripes",0.3284383856074322,1.1134060214884478,0.5978597402572632,0.4021402597427368,0.03571640002626175,5.305097053403017,0.41935483870967744,0.7263528041036043,1.7320720713239792
frame_007,frame_001,7,1,20,-6,False,False,179,"Staffordshire bullterrier, Staffordshire bull terrier",0.26992537288371554,1.309609754915357,0.5716906785964966,0.4283093214035034,0.03772596652641013,5.239393207035209,0.4274193548387097,0.7485903254344359,1.7514188746013217
frame_007,frame_002,7,2,20,-5,False,False,179,"Staffordshire bullterrier, Staffordshire bull terrier",0.4565340100587107,0.7840920799506872,0.6392332315444946,0.36076676845550537,0.05772535234648376,5.1039109920240335,0.3971774193548387,0.7385183649266535,1.8594167969726911
frame_007,frame_003,7,3,20,-4,False,True,452,"bonnet, poke bonnet",0.1389290093016084,1.9737922007644597,0.4183155298233032,0.5816844701766968,0.040710151422863716,5.199250986859316,0.3951612903225806,0.740497853201902,1.8739129346333847
frame_007,frame_004,7,4,20,-3,False,False,158,toy terrier,0.24543852044620665,1.4047087889903906,0.4884108901023865,0.5115891098976135,0.04384421198926665,5.122387859719661,0.38306451612903225,0.7754502614448583,2.02433331408763
frame_007,frame_005,7,5,20,-2,False,False,179,"Staffordshire bullterrier, Staffordshire bull terrier",0.14682880085435776,1.9184879909387007,0.4852561950683594,0.5147438049316406,0.03152006553555996,5.06197806737757,0.3870967741935484,0.7940583909487554,2.0513175099509517
frame_007,frame_006,7,6,20,-1,False,False,245,French bulldog,0.18167704007095187,1.7055246733092284,0.4910227060317993,0.5089772939682007,0.027161359629208525,5.172909702846253,0.38911290322580644,0.78464886318802,2.016506923011699
frame_007,frame_008,7,8,20,1,False,False,359,"black-footed ferret, ferret, Mustela nigripes",0.17830984761170446,1.724232525062174,0.4665999412536621,0.5334000587463379,0.02296485409322799,5.2432175938480166,0.3850806451612903,0.7720451622840123,2.0048921491773304
frame_007,frame_009,7,9,20,2,False,False,208,Labrador retriever,0.28218901705339056,1.2651781593378306,0.685344934463501,0.314655065536499,0.025117621418943744,5.225494713287635,0.10560344827586207,0.2624244024319633,2.4849984230292033
frame_007,frame_010,7,10,20,3,False,False,257,Great Pyrenees,0.48798955699034946,0.7174612729679044,0.7245805263519287,0.2754194736480713,0.02388829166782827,5.279685568081195,0.10775862068965517,0.28682401034606975,2.6617268160115275
frame_007,frame_011,7,11,20,4,False,False,257,Great Pyrenees,0.665020808138131,0.4079369483825386,0.808329701423645,0.19167029857635498,0.017640100982263027,5.21984143463449,0.10129310344827586,0.24198450583659747,2.388953419323005
frame_007,frame_012,7,12,20,5,False,False,207,golden retriever,0.6570171491024406,0.4200451587035685,0.7976359128952026,0.20236408710479736,0.02452131857291146,5.2951161208663375,0.09482758620689655,0.2736360297199415,2.885616313410292
frame_007,frame_013,7,13,20,6,False,False,207,golden retriever,0.4634120090254814,0.7691387522883995,0.7986770868301392,0.20132291316986084,0.024901073595410734,5.334631625320663,0.08405172413793104,0.2597969006958745,3.0909169723816867
frame_007,frame_014,7,14,20,7,False,False,208,Labrador retriever,0.5800204114924201,0.5446919838325934,0.8352632522583008,0.16473674774169922,0.022073578130871935,5.321507558144336,0.07758620689655173,0.23395324740196116,3.0153974109586104
frame_007,frame_015,7,15,20,8,True,False,257,Great Pyrenees,0.5649827807050603,0.57096002492833,0.8430725336074829,0.1569274663925171,0.028218709285444277,5.287932689919915,0.07112068965517242,0.24899803611444166,3.501063295669725
frame_007,frame_016,7,16,20,9,False,False,208,Labrador retriever,0.51293400265736,0.6676080918781828,0.7517242431640625,0.2482757568359375,0.02930507443191158,5.171992368538563,0.06465517241379311,0.1930345278635632,2.9856006976231106
frame_007,frame_017,7,17,20,10,False,False,257,Great Pyrenees,0.5383932882571264,0.6191659668193541,0.8138124346733093,0.18618756532669067,0.03965692224902809,5.125663470478595,0.0668103448275862,0.2589307096276521,3.8756080408784057
frame_007,frame_000,7,0,30,-7,False,False,198,standard schnauzer,0.21306523480456824,1.5461568934746666,0.6017378568649292,0.3982621431350708,0.022005763258932304,5.689962516962463,0.41935483870967744,0.3292768608143048,0.7851986680956499
frame_007,frame_001,7,1,30,-6,False,False,179,"Staffordshire bullterrier, Staffordshire bull terrier",0.186309143232869,1.6803479245709951,0.6012648344039917,0.3987351655960083,0.015545652131745318,5.72997082672012,0.4274193548387097,0.353393251915902,0.8268068535390914
frame_007,frame_002,7,2,30,-5,False,False,198,standard schnauzer,0.421382332252692,0.8642147048016309,0.678961992263794,0.32103800773620605,0.022321634023123094,5.7294714071510535,0.3971774193548387,0.30659662241039304,0.7719387041398729
frame_007,frame_003,7,3,30,-4,False,False,452,"bonnet, poke bonnet",0.1863054336766243,1.6803678355271128,0.49661141633987427,0.5033885836601257,0.021643914334172287,5.741495931334425,0.3951612903225806,0.2903085342283454,0.7346583315166292
frame_007,frame_004,7,4,30,-3,False,True,452,"bonnet, poke bonnet",0.16879340207111473,1.7790797848406363,0.47627121210098267,0.5237287878990173,0.019045615842408225,5.7746580989524805,0.38306451612903225,0.31703107627477667,0.8276179675383644
frame_007,frame_005,7,5,30,-2,False,False,179,"Staffordshire bullterrier, Staffordshire bull terrier",0.24544866950778718,1.404667439116979,0.5437764525413513,0.4562235474586487,0.01992462972682183,5.758423826506906,0.3870967741935484,0.3440941354032876,0.8889098497918263
frame_007,frame_006,7,6,30,-1,False,False,245,French bulldog,0.13526061097087513,2.000551909834787,0.506037712097168,0.49396228790283203,0.014894481586977176,5.782187921183543,0.38911290322580644,0.3446006350705987,0.8856057771762537
frame_007,frame_008,7,8,30,1,False,False,176,"Saluki, gazelle hound",0.40058556698594633,0.9148278848918565,0.6670745611190796,0.3329254388809204,0.021523300486839533,5.74355759174369,0.3850806451612903,0.37732396643151594,0.9798570018326278
frame_007,frame_009,7,9,30,2,False,False,176,"Saluki, gazelle hound",0.4579188864174397,0.7810632144447514,0.7269703149795532,0.2730296850204468,0.021812288185492423,5.713218079329867,0.10560344827586207,0.1837154421799775,1.739672758602236
frame_007,frame_010,7,10,30,3,False,False,257,Great Pyrenees,0.4356071748317333,0.8310144169117497,0.727807879447937,0.272192120552063,0.027206264508893213,5.704970511970421,0.10775862068965517,0.1929068738739939,1.7901757895506636
frame_007,frame_011,7,11,30,4,False,False,257,Great Pyrenees,0.5120354290234252,0.6693614590252754,0.7697076201438904,0.23029237985610962,0.027086961525669435,5.6903717289238465,0.10129310344827586,0.1714471159416364,1.6925842935514743
frame_007,frame_012,7,12,30,5,False,False,207,golden retriever,0.4410449933276936,0.8186083830531774,0.7661499381065369,0.23385006189346313,0.026746473780454607,5.654161289234546,0.09482758620689655,0.16416936676711522,1.7312405949986696
frame_007,frame_013,7,13,30,6,False,False,207,golden retriever,0.3440363866109625,1.0670078521706552,0.7579949498176575,0.24200505018234253,0.04168516365023151,5.620829301773933,0.08405172413793104,0.1704793356590898,2.0282669678414784
frame_007,frame_014,7,14,30,7,False,False,257,Great Pyrenees,0.4792038454030184,0.7356292075824218,0.790284276008606,0.20971572399139404,0.02609597844746398,5.633596115076438,0.07758620689655173,0.13665211630734764,1.761293943516925
frame_007,frame_015,7,15,30,8,True,False,257,Great Pyrenees,0.7688530341065861,0.26285544073624534,0.863001823425293,0.13699817657470703,0.05029794995279122,5.583934907517387,0.07112068965517242,0.12065556361221494,1.6964903489717493
frame_007,frame_016,7,16,30,9,False,False,208,Labrador retriever,0.4138367528020941,0.8822836998233301,0.7199110984802246,0.2800889015197754,0.01933101600933894,5.649213967525377,0.06465517241379311,0.1266948041074836,1.9595463035290794
frame_007,frame_017,7,17,30,10,False,False,257,Great Pyrenees,0.5933870112802976,0.5219084600061996,0.8075574636459351,0.19244253635406494,0.03530329460420545,5.640812281496709,0.0668103448275862,0.12891157388127428,1.9295151703519764
frame_007,frame_000,7,0,40,-7,False,False,359,"black-footed ferret, ferret, Mustela nigripes",0.5890644471138332,0.5292196834659357,0.7369797229766846,0.26302027702331543,0.08782342857952842,4.102741904368181,0.41935483870967744,0.9617416964393117,2.293384045355282
frame_007,frame_001,7,1,40,-6,False,False,285,Egyptian cat,0.3798524985029123,0.9679722634504522,0.6650162935256958,0.3349837064743042,0.0707596779996379,4.2138618659044225,0.4274193548387097,0.9564519981301383,2.23773675034221
frame_007,frame_002,7,2,40,-5,False,False,359,"black-footed ferret, ferret, Mustela nigripes",0.5022672192941419,0.688622991565893,0.7020858526229858,0.29791414737701416,0.0574951618372867,4.200522206105823,0.3971774193548387,0.9535851121743575,2.400904647911073
frame_007,frame_003,7,3,40,-4,False,False,32,"tailed frog, bell toad, ribbed toad, tailed toad, Ascaphus trui",0.3108095079039722,1.1685750692449393,0.589859127998352,0.41014087200164795,0.05135874311779099,4.285302403567933,0.3951612903225806,0.9501432601999156,2.4044441686691744
frame_007,frame_004,7,4,40,-3,False,True,158,toy terrier,0.18347281079975267,1.695688792494371,0.5359340310096741,0.4640659689903259,0.10759652348797323,3.919027542616451,0.38306451612903225,0.9519053428292845,2.484973947596448
frame_007,frame_005,7,5,40,-2,False,False,359,"black-footed ferret, ferret, Mustela nigripes",0.21723183637128224,1.5267901253685743,0.5497840642929077,0.4502159357070923,0.10074699028116806,3.8633112840775827,0.3870967741935484,0.952090892959576,2.4595681401455716
frame_007,frame_006,7,6,40,-1,False,False,159,Rhodesian ridgeback,0.16718655134769136,1.7886450160899425,0.5452771186828613,0.45472288131713867,0.12242428261851124,3.809239674165979,0.38911290322580644,0.9443040360608214,2.426812445006049
frame_007,frame_008,7,8,40,1,False,False,359,"black-footed ferret, ferret, Mustela nigripes",0.8029818285683484,0.21942319472062977,0.8299024701118469,0.17009752988815308,0.25440840622169214,3.5626497550654337,0.3850806451612903,0.9482659332946866,2.462512580702432
frame_007,frame_009,7,9,40,2,False,False,169,"borzoi, Russian wolfhound",0.18337997922755558,1.6961948896357972,0.6284513473510742,0.3715486526489258,0.08929132502817226,4.023296234774014,0.10560344827586207,0.7152125587288886,6.772625045922537
frame_007,frame_010,7,10,40,3,False,False,257,Great Pyrenees,0.596922158457154,0.5159685619347321,0.7443548440933228,0.25564515590667725,0.09504465714475437,4.16866009850607,0.10775862068965517,0.7021392609309709,6.515852341439411
frame_007,frame_011,7,11,40,4,False,False,805,soccer ball,0.5033900923198468,0.6863898780005355,0.8429477214813232,0.15705227851867676,0.08905265297143802,4.211159265493383,0.10129310344827586,0.7467566421353744,7.3722357861875265
frame_007,frame_012,7,12,40,5,False,False,183,Kerry blue terrier,0.2896690254165229,1.2390162994380676,0.7376283407211304,0.26237165927886963,0.07296182949989187,4.18050336673591,0.09482758620689655,0.785317870147174,8.2815339033702
frame_007,frame_013,7,13,40,6,False,False,183,Kerry blue terrier,0.45660664627550956,0.7839329889794371,0.7938361763954163,0.20616382360458374,0.11424895482059229,3.9447105404822,0.08405172413793104,0.7795959962748134,9.275193391577266
frame_007,frame_014,7,14,40,7,False,False,183,Kerry blue terrier,0.4894217782350417,0.714530629096386,0.8284177780151367,0.17158222198486328,0.10562487007212581,4.014275031713761,0.07758620689655173,0.7751971811781111,9.991430335184543
frame_007,frame_015,7,15,40,8,True,False,257,Great Pyrenees,0.6627644150790758,0.4113356836473119,0.8488996624946594,0.15110033750534058,0.13043764386867354,3.826780502799234,0.07112068965517242,0.7620057516518933,10.714262689893287
frame_007,frame_016,7,16,40,9,False,False,977,"sandbar, sand bar",0.2430969449445344,1.414294964812105,0.6897292733192444,0.3102707266807556,0.12812855990443375,3.8013246475520592,0.06465517241379311,0.6450770462024072,9.977191647930566
frame_007,frame_017,7,17,40,10,False,False,257,Great Pyrenees,0.528850207842838,0.6370500481990988,0.7629081606864929,0.23709183931350708,0.13036525373107535,3.730866088322829,0.0668103448275862,0.6339872792763588,9.48935798658808
frame_007,frame_000,7,0,50,-7,False,False,359,"black-footed ferret, ferret, Mustela nigripes",0.8790892627297429,0.12886883613459332,0.9025766849517822,0.09742331504821777,0.05437218754159844,4.782139858111664,0.41935483870967744,0.8289533638682806,1.9767349446089766
frame_007,frame_001,7,1,50,-6,False,False,285,Egyptian cat,0.5294281687434658,0.6359577817957103,0.727156400680542,0.272843599319458,0.07150925033453326,4.6019769785869045,0.4274193548387097,0.8808711071792327,2.060905986608016
frame_007,frame_002,7,2,50,-5,True,False,359,"black-footed ferret, ferret, Mustela nigripes",0.8980050092123525,0.1075796325080205,0.9117411375045776,0.08825886249542236,0.05584150770638176,4.770507550690979,0.3971774193548387,0.8046069647806917,2.025812459549356
frame_007,frame_003,7,3,50,-4,False,False,359,"black-footed ferret, ferret, Mustela nigripes",0.3608164851485029,1.0193858012928185,0.6116176247596741,0.3883823752403259,0.05547631158660382,4.701691494924507,0.3951612903225806,0.8269397961682614,2.092663973976825
frame_007,frame_004,7,4,50,-3,False,False,158,toy terrier,0.22131381164569697,1.508173622459644,0.5604338645935059,0.43956613540649414,0.07472612023829932,4.44173720020925,0.38306451612903225,0.8811187693989361,2.3001837348519594
frame_007,frame_005,7,5,50,-2,False,False,359,"black-footed ferret, ferret, Mustela nigripes",0.4182571317819092,0.8716588877796241,0.6477100849151611,0.35228991508483887,0.07509582608912836,4.460686782958201,0.3870967741935484,0.8566394089044224,2.2129851396697577
frame_007,frame_006,7,6,50,-1,False,True,106,wombat,0.27194796454913645,1.302144537792266,0.5581386089324951,0.4418613910675049,0.07155500308060678,4.456241642927513,0.38911290322580644,0.8377749245322174,2.1530381480206207
frame_007,frame_008,7,8,50,1,False,False,359,"black-footed ferret, ferret, Mustela nigripes",0.8301462482563482,0.18615339099487738,0.8663203716278076,0.13367962837219238,0.09985592787610294,4.324895287890575,0.3850806451612903,0.8662019322044756,2.2494039705414655
frame_007,frame_009,7,9,50,2,False,False,260,"chow, chow chow",0.44959758054113946,0.7994023617758108,0.6860731840133667,0.3139268159866333,0.07388310891057759,4.418062929794664,0.10560344827586207,0.5392060567118534,5.105951230904081
frame_007,frame_010,7,10,50,3,False,False,257,Great Pyrenees,0.2607333374108875,1.3442570896900419,0.677802324295044,0.32219767570495605,0.07536839094694388,4.595747973965719,0.10775862068965517,0.5346854363977936,4.961880849771525
frame_007,frame_011,7,11,50,4,False,False,257,Great Pyrenees,0.5106270821267169,0.6721157357718415,0.8230599761009216,0.17694002389907837,0.05830957805222082,4.657940062996959,0.10129310344827586,0.5532841648343632,5.462209627300947
frame_007,frame_012,7,12,50,5,False,False,207,golden retriever,0.5144430509179503,0.6646704180405463,0.7886435985565186,0.21135640144348145,0.057290303699221244,4.587385563260543,0.09482758620689655,0.620329209599529,6.541653483049578
frame_007,frame_013,7,13,50,6,False,False,183,Kerry blue terrier,0.409762343435518,0.8921779375031571,0.8036413192749023,0.19635868072509766,0.08945540400325275,4.486227907583984,0.08405172413793104,0.6150127950079541,7.317075304710018
frame_007,frame_014,7,14,50,7,False,False,183,Kerry blue terrier,0.42863661265291836,0.8471457757625136,0.8319824934005737,0.16801750659942627,0.09057167361878267,4.592882124929998,0.07758620689655173,0.5727689355159303,7.382355168871991
frame_007,frame_015,7,15,50,8,False,False,208,Labrador retriever,0.3709222912369029,0.9917626958964769,0.7980624437332153,0.20193755626678467,0.14127930986293413,4.3218451337141826,0.07112068965517242,0.6021950387710269,8.467227211810801
frame_007,frame_016,7,16,50,9,False,False,208,Labrador retriever,0.3163167141462879,1.1510113073657815,0.7189651131629944,0.2810348868370056,0.08060856185296796,4.298706528139167,0.06465517241379311,0.4784386649974643,7.3998513519607805
frame_007,frame_017,7,17,50,10,False,False,208,Labrador retriever,0.480294637087126,0.7333555361302522,0.7902669906616211,0.2097330093383789,0.15301304988961942,4.0897084459601905,0.0668103448275862,0.5048990328920444,7.557198427803504
frame_008,frame_000,8,0,5,-8,False,False,359,"black-footed ferret, ferret, Mustela nigripes",0.6123783811921751,0.4904049175980614,0.7141836285591125,0.28581637144088745,0.025709177957890482,5.4962660161002646,0.41935483870967744,0.6874804094361804,1.6393763609631993
frame_008,frame_001,8,1,5,-7,False,False,359,"black-footed ferret, ferret, Mustela nigripes",0.3981261834168648,0.9209862801844855,0.5763109922409058,0.42368900775909424,0.028210772248115613,5.452811824996129,0.4274193548387097,0.708983645714716,1.6587541899740523
frame_008,frame_002,8,2,5,-6,False,False,359,"black-footed ferret, ferret, Mustela nigripes",0.5089851752912922,0.6753363880202157,0.6865928173065186,0.31340718269348145,0.021944923536419424,5.530779356952985,0.3971774193548387,0.6500954153212698,1.6367884568494915
frame_008,frame_003,8,3,5,-5,False,False,359,"black-footed ferret, ferret, Mustela nigripes",0.36027715191967685,1.0208816772835942,0.605777382850647,0.394222617149353,0.020189028401924623,5.556318926915863,0.3951612903225806,0.61180447481712,1.548239895455569
frame_008,frame_004,8,4,5,-4,False,False,452,"bonnet, poke bonnet",0.3559326243530504,1.0330138234768067,0.5550709366798401,0.4449290633201599,0.020299022317952255,5.479305607084504,0.38306451612903225,0.6472603882664558,1.6896902767376953
frame_008,frame_005,8,5,5,-3,False,False,452,"bonnet, poke bonnet",0.457558119587166,0.781851364986125,0.6609084606170654,0.33909153938293457,0.02356291402233597,5.455954775994327,0.3870967741935484,0.6447721841437096,1.6656614757045833
frame_008,frame_006,8,6,5,-2,False,False,452,"bonnet, poke bonnet",0.26287255564643797,1.3360859435419705,0.5299786329269409,0.4700213670730591,0.03124533917487485,5.5371702500141815,0.38911290322580644,0.6288651273569187,1.6161507936219257
frame_008,frame_007,8,7,5,-1,False,False,452,"bonnet, poke bonnet",0.18481653797514722,1.6883916325711459,0.5243481397628784,0.4756518602371216,0.037764687029562705,5.527026808787824,0.3790322580645161,0.6122715582958419,1.6153547495464766
frame_008,frame_009,8,9,5,1,True,False,169,"borzoi, Russian wolfhound",0.6261997305106618,0.4680859004465807,0.7454997301101685,0.25450026988983154,0.021007289911442278,5.499390134782707,0.10560344827586207,0.37147282807168663,3.517620249495155
frame_008,frame_010,8,10,5,2,False,False,177,"Scottish deerhound, deerhound",0.17002586831000663,1.7718046869785766,0.5597115755081177,0.4402884244918823,0.017936213275048185,5.484270608022654,0.10775862068965517,0.40664544897851873,3.773669766520654
frame_008,frame_011,8,11,5,3,False,False,257,Great Pyrenees,0.2302841143890278,1.4684414524371974,0.6446066498756409,0.35539335012435913,0.021316601167117897,5.467315335737549,0.10129310344827586,0.3571932005360917,3.5263328733775863
frame_008,frame_012,8,12,5,4,False,False,169,"borzoi, Russian wolfhound",0.25897845080379905,1.351010422273772,0.5849039554595947,0.4150960445404053,0.025499045697361212,5.4563574996976705,0.09482758620689655,0.3822983499256472,4.0315098719431885
frame_008,frame_013,8,13,5,5,False,False,169,"borzoi, Russian wolfhound",0.1366320173206438,1.9904639718966806,0.536712646484375,0.463287353515625,0.02765122994693484,5.456507848627256,0.08405172413793104,0.36570874210046456,4.350996316272194
frame_008,frame_014,8,14,5,6,False,False,169,"borzoi, Russian wolfhound",0.16251625984553317,1.8169772216301752,0.5428582429885864,0.4571417570114136,0.03369114540748675,5.4749524233829945,0.07758620689655173,0.33477947439974703,4.314935447818962
frame_008,frame_015,8,15,5,7,False,False,169,"borzoi, Russian wolfhound",0.10267988612449044,2.276139032012823,0.5235263109207153,0.47647368907928467,0.03925392771158283,5.437308208318665,0.07112068965517242,0.323901464470249,4.554250894369561
frame_008,frame_016,8,16,5,8,False,True,218,Welsh springer spaniel,0.17769121003505658,1.7277080102388034,0.5233098864555359,0.4766901135444641,0.0275593006638316,5.42940667550806,0.06465517241379311,0.28687866489160363,4.437056683656802
frame_008,frame_017,8,17,5,9,False,False,218,Welsh springer spaniel,0.1969629391966686,1.6247396938472818,0.5685915946960449,0.4314084053039551,0.027810975866435755,5.385654812943147,0.0668103448275862,0.30311654019090095,4.536970149954131
frame_008,frame_000,8,0,10,-8,False,False,359,"black-footed ferret, ferret, Mustela nigripes",0.40445827822704494,0.9052066918649988,0.6047012805938721,0.39529871940612793,0.04747507741945826,4.686383147745049,0.41935483870967744,0.8954692716846843,2.1353498017096317
frame_008,frame_001,8,1,10,-7,False,False,179,"Staffordshire bullterrier, Staffordshire bull terrier",0.17842979673264486,1.7235600507388833,0.541702151298523,0.45829784870147705,0.055683344342428116,4.601499701263655,0.4274193548387097,0.9045133262384435,2.1162198576144715
frame_008,frame_002,8,2,10,-6,False,False,359,"black-footed ferret, ferret, Mustela nigripes",0.34313205665109686,1.0696399010978395,0.6138302087783813,0.38616979122161865,0.0515261553709182,4.566976947576063,0.3971774193548387,0.8973916379596825,2.259422601157373
frame_008,frame_003,8,3,10,-5,False,False,359,"black-footed ferret, ferret, Mustela nigripes",0.17749058353422723,1.7288377219852906,0.4624837636947632,0.5375162363052368,0.053386828804387096,4.767666095831562,0.3951612903225806,0.8855412797834326,2.240961605982564
frame_008,frame_004,8,4,10,-4,False,False,389,"barracouta, snoek",0.3398979604921624,1.0791098226153313,0.5827633142471313,0.41723668575286865,0.062386602279065,4.637909922624458,0.38306451612903225,0.8857849610021742,2.3123649508267285
frame_008,frame_005,8,5,10,-3,False,False,359,"black-footed ferret, ferret, Mustela nigripes",0.15290967927121285,1.8779078634646833,0.5153014063835144,0.4846985936164856,0.06285367133664897,4.6573658943914396,0.3870967741935484,0.884666668997139,2.2853888949092758
frame_008,frame_006,8,6,10,-2,False,True,359,"black-footed ferret, ferret, Mustela nigripes",0.11986370132325427,2.121400004041316,0.45514053106307983,0.5448594689369202,0.06723213926898919,4.876297385089007,0.38911290322580644,0.8446501685245164,2.1707071688505706
frame_008,frame_007,8,7,10,-1,False,False,359,"black-footed ferret, ferret, Mustela nigripes",0.4592721126371965,0.7781124065910765,0.6132849454879761,0.3867150545120239,0.06649386178545098,4.792510601477183,0.3790322580645161,0.8430728452246892,2.2242772937842865
frame_008,frame_009,8,9,10,1,False,False,257,Great Pyrenees,0.28667035279459,1.249422319899585,0.6986331939697266,0.30136680603027344,0.11625649607370307,4.159478056129077,0.10560344827586207,0.6482780632264796,6.138796353818092
frame_008,frame_010,8,10,10,2,False,False,257,Great Pyrenees,0.5269588772281885,0.6406327653104853,0.7191851139068604,0.28081488609313965,0.12440615888812212,4.301673474551189,0.10775862068965517,0.6403339328720665,5.942298897052778
frame_008,frame_011,8,11,10,3,True,False,257,Great Pyrenees,0.6401265234611893,0.4460894292589792,0.8287656307220459,0.1712343692779541,0.07571697307772911,4.3493194344973185,0.10129310344827586,0.7104863057111754,7.0141626776592645
frame_008,frame_012,8,12,10,4,False,False,207,golden retriever,0.3612711226976268,1.0181265701295663,0.6733360290527344,0.3266639709472656,0.10098634754574985,4.323076443001472,0.09482758620689655,0.7125588507245408,7.514256971276977
frame_008,frame_013,8,13,10,5,False,False,207,golden retriever,0.2995322206215804,1.205533285838869,0.7116959095001221,0.28830409049987793,0.11939238646842401,4.153098615296061,0.08405172413793104,0.7180131758968278,8.542515733746875
frame_008,frame_014,8,14,10,6,False,False,257,Great Pyrenees,0.38418182618938,0.9566393327613492,0.7582575082778931,0.24174249172210693,0.10878743453210808,4.2885769161939375,0.07758620689655173,0.6905933493667974,8.900980947394277
frame_008,frame_015,8,15,10,7,False,False,257,Great Pyrenees,0.570561452067508,0.5611343993240814,0.7880308032035828,0.21196919679641724,0.13169328978797123,4.1537427344817095,0.07112068965517242,0.6671449379116364,9.38046215730301
frame_008,frame_016,8,16,10,8,False,False,805,soccer ball,0.2868610948345674,1.248757170506999,0.6544721722602844,0.3455278277397156,0.1197784052740645,4.0637534819316645,0.06465517241379311,0.5848626507410173,9.0458756647944
frame_008,frame_017,8,17,10,9,False,False,257,Great Pyrenees,0.35220771490771663,1.0435341782544416,0.7425925135612488,0.2574074864387512,0.1321261677383826,3.907652242635092,0.0668103448275862,0.6057532155447981,9.066757806864075
frame_008,frame_000,8,0,20,-8,False,False,359,"black-footed ferret, ferret, Mustela nigripes",0.3284383856074322,1.1134060214884478,0.5978597402572632,0.4021402597427368,0.036263018985559836,5.267819592670898,0.41935483870967744,0.741561047607703,1.7683378827568301
frame_008,frame_001,8,1,20,-7,False,False,179,"Staffordshire bullterrier, Staffordshire bull terrier",0.26992537288371554,1.309609754915357,0.5716906785964966,0.4283093214035034,0.04049401765861169,5.189503147344263,0.4274193548387097,0.7633070229298871,1.7858503932699243
frame_008,frame_002,8,2,20,-6,False,False,179,"Staffordshire bullterrier, Staffordshire bull terrier",0.4565340100587107,0.7840920799506872,0.6392332315444946,0.36076676845550537,0.05922487269098253,5.057200380840916,0.3971774193548387,0.7527349729031305,1.895210896243415
frame_008,frame_003,8,3,20,-5,False,True,452,"bonnet, poke bonnet",0.1389290093016084,1.9737922007644597,0.4183155298233032,0.5816844701766968,0.040404697158451235,5.167859554801973,0.3951612903225806,0.7506389055214066,1.8995760058092739
frame_008,frame_004,8,4,20,-4,False,False,158,toy terrier,0.24543852044620665,1.4047087889903906,0.4884108901023865,0.5115891098976135,0.041117720427532575,5.078628993450622,0.38306451612903225,0.7872163635002177,2.0550490331374105
frame_008,frame_005,8,5,20,-3,False,False,179,"Staffordshire bullterrier, Staffordshire bull terrier",0.14682880085435776,1.9184879909387007,0.4852561950683594,0.5147438049316406,0.0336208871654411,5.017083829539542,0.3870967741935484,0.8054068778554597,2.0806344344599377
frame_008,frame_006,8,6,20,-2,False,False,245,French bulldog,0.18167704007095187,1.7055246733092284,0.4910227060317993,0.5089772939682007,0.031437646008678134,5.11863436816421,0.38911290322580644,0.7963644290762072,2.046615320320201
frame_008,frame_007,8,7,20,-1,False,False,96,toucan,0.2051293906795257,1.5841143249038243,0.4602319598197937,0.5397680401802063,0.03139249969366057,5.189295887165063,0.3790322580645161,0.7821699671945828,2.063597360258048
frame_008,frame_009,8,9,20,1,False,False,208,Labrador retriever,0.28218901705339056,1.2651781593378306,0.685344934463501,0.314655065536499,0.03177125015308364,5.190089670258834,0.10560344827586207,0.2920435270792827,2.765473399281371
frame_008,frame_010,8,10,20,2,False,False,257,Great Pyrenees,0.48798955699034946,0.7174612729679044,0.7245805263519287,0.2754194736480713,0.029419258111637148,5.2596499771736145,0.10775862068965517,0.313333137838788,2.9077315191439532
frame_008,frame_011,8,11,20,3,False,False,257,Great Pyrenees,0.665020808138131,0.4079369483825386,0.808329701423645,0.19167029857635498,0.021444177259715255,5.215884301670579,0.10129310344827586,0.2705106239890689,2.6705729687431483
frame_008,frame_012,8,12,20,4,False,False,207,golden retriever,0.6570171491024406,0.4200451587035685,0.7976359128952026,0.20236408710479736,0.02989679500359829,5.268095549837372,0.09482758620689655,0.3078621343019029,3.2465461435473397
frame_008,frame_013,8,13,20,5,False,False,207,golden retriever,0.4634120090254814,0.7691387522883995,0.7986770868301392,0.20132291316986084,0.03187762487282572,5.293189924342676,0.08405172413793104,0.2936952600577458,3.494220529917796
frame_008,frame_014,8,14,20,6,False,False,208,Labrador retriever,0.5800204114924201,0.5446919838325934,0.8352632522583008,0.16473674774169922,0.028055267562556496,5.283168280437077,0.07758620689655173,0.26945273219731064,3.47294632609867
frame_008,frame_015,8,15,20,7,True,False,257,Great Pyrenees,0.5649827807050603,0.57096002492833,0.8430725336074829,0.1569274663925171,0.03667153377510733,5.242638158871305,0.07112068965517242,0.27993201771851695,3.9360138248906624
frame_008,frame_016,8,16,20,8,False,False,208,Labrador retriever,0.51293400265736,0.6676080918781828,0.7517242431640625,0.2482757568359375,0.03708486696406257,5.151250610796142,0.06465517241379311,0.21829942288612159,3.376364407305347
frame_008,frame_017,8,17,20,9,False,False,257,Great Pyrenees,0.5383932882571264,0.6191659668193541,0.8138124346733093,0.18618756532669067,0.048981603589033335,5.0800323296658085,0.0668103448275862,0.2892092604255103,4.328809575401187
frame_008,frame_000,8,0,30,-8,False,False,198,standard schnauzer,0.21306523480456824,1.5461568934746666,0.6017378568649292,0.3982621431350708,0.014956830890668538,5.789294108043728,0.41935483870967744,0.4087528815874718,0.9747184099393558
frame_008,frame_001,8,1,30,-7,False,False,179,"Staffordshire bullterrier, Staffordshire bull terrier",0.186309143232869,1.6803479245709951,0.6012648344039917,0.3987351655960083,0.014126190733266496,5.800373204315851,0.4274193548387097,0.4284444355181122,1.002398301966904
frame_008,frame_002,8,2,30,-6,False,False,198,standard schnauzer,0.421382332252692,0.8642147048016309,0.678961992263794,0.32103800773620605,0.01655435729843166,5.799242583342329,0.3971774193548387,0.3780205966916348,0.9517675937007658
frame_008,frame_003,8,3,30,-5,False,False,452,"bonnet, poke bonnet",0.1863054336766243,1.6803678355271128,0.49661141633987427,0.5033885836601257,0.015760867126834385,5.826409462094556,0.3951612903225806,0.3518753038948391,0.8904599527134704
frame_008,frame_004,8,4,30,-4,False,True,452,"bonnet, poke bonnet",0.16879340207111473,1.7790797848406363,0.47627121210098267,0.5237287878990173,0.01791025323310281,5.837105457500532,0.38306451612903225,0.37910855648632025,0.9896728632484992
frame_008,frame_005,8,5,30,-3,False,False,179,"Staffordshire bullterrier, Staffordshire bull terrier",0.24544866950778718,1.404667439116979,0.5437764525413513,0.4562235474586487,0.013167464329919037,5.835380752170434,0.3870967741935484,0.4152037853076104,1.072609778711327
frame_008,frame_006,8,6,30,-2,False,False,245,French bulldog,0.13526061097087513,2.000551909834787,0.506037712097168,0.49396228790283203,0.011823574677221426,5.84825965844653,0.38911290322580644,0.41856351543739245,1.0756865474453194
frame_008,frame_007,8,7,30,-1,False,False,176,"Saluki, gazelle hound",0.357779826202717,1.0278374923849718,0.567821741104126,0.432178258895874,0.012345721910313731,5.87161798843535,0.3790322580645161,0.3993260700303762,1.0535411209312053
frame_008,frame_009,8,9,30,1,False,False,176,"Saluki, gazelle hound",0.4579188864174397,0.7810632144447514,0.7269703149795532,0.2730296850204468,0.017829481568868898,5.735786938358991,0.10560344827586207,0.22986187497895863,2.176651224290547
frame_008,frame_010,8,10,30,2,False,False,257,Great Pyrenees,0.4356071748317333,0.8310144169117497,0.727807879447937,0.272192120552063,0.030564783088755765,5.725555103647753,0.10775862068965517,0.23117683893123062,2.1453210652818204
frame_008,frame_011,8,11,30,3,False,False,257,Great Pyrenees,0.5120354290234252,0.6693614590252754,0.7697076201438904,0.23029237985610962,0.026799379460646516,5.727148828215494,0.10129310344827586,0.2113849813887216,2.086864497114188
frame_008,frame_012,8,12,30,4,False,False,207,golden retriever,0.4410449933276936,0.8186083830531774,0.7661499381065369,0.23385006189346313,0.02398946465966461,5.718603199992893,0.09482758620689655,0.20728403996137443,2.1859044214108576
frame_008,frame_013,8,13,30,5,False,False,207,golden retriever,0.3440363866109625,1.0670078521706552,0.7579949498176575,0.24200505018234253,0.024785479156310214,5.694136535081242,0.08405172413793104,0.21188128186720467,2.5208439688816147
frame_008,frame_014,8,14,30,6,False,False,257,Great Pyrenees,0.4792038454030184,0.7356292075824218,0.790284276008606,0.20971572399139404,0.01974415575725264,5.703275370495283,0.07758620689655173,0.17234546844384901,2.2213415932762763
frame_008,frame_015,8,15,30,7,True,False,257,Great Pyrenees,0.7688530341065861,0.26285544073624534,0.863001823425293,0.13699817657470703,0.03238824414190715,5.679387489495565,0.07112068965517242,0.1586091783669339,2.230141174613858
frame_008,frame_016,8,16,30,8,False,False,208,Labrador retriever,0.4138367528020941,0.8822836998233301,0.7199110984802246,0.2800889015197754,0.020397389468643577,5.720087832514012,0.06465517241379311,0.1539572885306818,2.3812060626078786
frame_008,frame_017,8,17,30,9,False,False,257,Great Pyrenees,0.5933870112802976,0.5219084600061996,0.8075574636459351,0.19244253635406494,0.024261334806309813,5.70239419635813,0.0668103448275862,0.16567047893300632,2.479712974997256
frame_008,frame_000,8,0,40,-8,False,False,359,"black-footed ferret, ferret, Mustela nigripes",0.5890644471138332,0.5292196834659357,0.7369797229766846,0.26302027702331543,0.08569590251240565,4.017747654601685,0.41935483870967744,0.9724090926520054,2.318821682477859
frame_008,frame_001,8,1,40,-7,False,False,285,Egyptian cat,0.3798524985029123,0.9679722634504522,0.6650162935256958,0.3349837064743042,0.06828466924652947,4.128965183119475,0.4274193548387097,0.965750660397233,2.2594921111180546
frame_008,frame_002,8,2,40,-6,False,False,359,"black-footed ferret, ferret, Mustela nigripes",0.5022672192941419,0.688622991565893,0.7020858526229858,0.29791414737701416,0.05692090040582098,4.104849600616039,0.3971774193548387,0.965614381237766,2.431191538547878
frame_008,frame_003,8,3,40,-5,False,False,32,"tailed frog, bell toad, ribbed toad, tailed toad, Ascaphus trui",0.3108095079039722,1.1685750692449393,0.589859127998352,0.41014087200164795,0.05636962422566784,4.2273400535321795,0.3951612903225806,0.9621443058700032,2.4348141617934775
frame_008,frame_004,8,4,40,-4,False,False,158,toy terrier,0.18347281079975267,1.695688792494371,0.5359340310096741,0.4640659689903259,0.11227741461065988,3.8983284357889176,0.38306451612903225,0.9576206937787263,2.499894021653938
frame_008,frame_005,8,5,40,-3,False,False,359,"black-footed ferret, ferret, Mustela nigripes",0.21723183637128224,1.5267901253685743,0.5497840642929077,0.4502159357070923,0.10403797470721866,3.831562088500254,0.3870967741935484,0.9632808011464865,2.488475402961757
frame_008,frame_006,8,6,40,-2,False,False,159,Rhodesian ridgeback,0.16718655134769136,1.7886450160899425,0.5452771186828613,0.45472288131713867,0.1291554683796599,3.762350090475425,0.38911290322580644,0.9526911194323375,2.44836681470694
frame_008,frame_007,8,7,40,-1,False,True,359,"black-footed ferret, ferret, Mustela nigripes",0.15325335659905215,1.875662801638617,0.5136526823043823,0.4863473176956177,0.12324251263036011,3.692850861575201,0.3790322580645161,0.9601807409106047,2.533242805806702
frame_008,frame_009,8,9,40,1,False,False,169,"borzoi, Russian wolfhound",0.18337997922755558,1.6961948896357972,0.6284513473510742,0.3715486526489258,0.09597977937305101,3.9435642790042524,0.10560344827586207,0.7422340762679076,7.0285022732307985
frame_008,frame_010,8,10,40,2,False,False,257,Great Pyrenees,0.596922158457154,0.5159685619347321,0.7443548440933228,0.25564515590667725,0.10096817539078778,4.088785122612498,0.10775862068965517,0.7152863810664627,6.637857616296774
frame_008,frame_011,8,11,40,3,False,False,805,soccer ball,0.5033900923198468,0.6863898780005355,0.8429477214813232,0.15705227851867676,0.09480261309454421,4.134534523990379,0.10129310344827586,0.7661088165846688,7.563287040325241
frame_008,frame_012,8,12,40,4,False,False,183,Kerry blue terrier,0.2896690254165229,1.2390162994380676,0.7376283407211304,0.26237165927886963,0.0817698237510293,4.107036937109733,0.09482758620689655,0.8017027987717329,8.454320423411001
frame_008,frame_013,8,13,40,5,False,False,183,Kerry blue terrier,0.45660664627550956,0.7839329889794371,0.7938361763954163,0.20616382360458374,0.11077575038379088,3.877487415299401,0.08405172413793104,0.7942994212565111,9.450126447769772
frame_008,frame_014,8,14,40,6,False,False,183,Kerry blue terrier,0.4894217782350417,0.714530629096386,0.8284177780151367,0.17158222198486328,0.11668996473211249,3.9206985384743023,0.07758620689655173,0.7956576348235647,10.255142848837055
frame_008,frame_015,8,15,40,7,True,False,257,Great Pyrenees,0.6627644150790758,0.4113356836473119,0.8488996624946594,0.15110033750534058,0.13072268259577818,3.7361492497467346,0.07112068965517242,0.7762179969918122,10.914095472854571
frame_008,frame_016,8,16,40,8,False,False,977,"sandbar, sand bar",0.2430969449445344,1.414294964812105,0.6897292733192444,0.3102707266807556,0.14108637165407725,3.7420072693417143,0.06465517241379311,0.6618560924382905,10.236707563045558
frame_008,frame_017,8,17,40,9,False,False,257,Great Pyrenees,0.528850207842838,0.6370500481990988,0.7629081606864929,0.23709183931350708,0.12421433341848416,3.6608308027780696,0.0668103448275862,0.6516083676523822,9.753105890022754
frame_008,frame_000,8,0,50,-8,False,False,359,"black-footed ferret, ferret, Mustela nigripes",0.8790892627297429,0.12886883613459332,0.9025766849517822,0.09742331504821777,0.05754937887920246,4.676864665010226,0.41935483870967744,0.8783162413575403,2.0944464216987497
frame_008,frame_001,8,1,50,-7,False,False,285,Egyptian cat,0.5294281687434658,0.6359577817957103,0.727156400680542,0.272843599319458,0.07127366966046426,4.527914558650911,0.4274193548387097,0.911298833744858,2.132095384610611
frame_008,frame_002,8,2,50,-6,True,False,359,"black-footed ferret, ferret, Mustela nigripes",0.8980050092123525,0.1075796325080205,0.9117411375045776,0.08825886249542236,0.06227321038124596,4.675353216066953,0.3971774193548387,0.8552187107061371,2.1532410178184977
frame_008,frame_003,8,3,50,-5,False,False,359,"black-footed ferret, ferret, Mustela nigripes",0.3608164851485029,1.0193858012928185,0.6116176247596741,0.3883823752403259,0.05143109566887598,4.680525232180059,0.3951612903225806,0.862986720064195,2.183884760978779
frame_008,frame_004,8,4,50,-4,False,False,158,toy terrier,0.22131381164569697,1.508173622459644,0.5604338645935059,0.43956613540649414,0.08163224891149609,4.382942031898996,0.38306451612903225,0.9062831087565306,2.3658759049644167
frame_008,frame_005,8,5,50,-3,False,False,359,"black-footed ferret, ferret, Mustela nigripes",0.4182571317819092,0.8716588877796241,0.6477100849151611,0.35228991508483887,0.08010293551305273,4.39141059290423,0.3870967741935484,0.8893408362441679,2.2974638269641003
frame_008,frame_006,8,6,50,-2,False,False,106,wombat,0.27194796454913645,1.302144537792266,0.5581386089324951,0.4418613910675049,0.07282425459386235,4.372445411570776,0.38911290322580644,0.8805627528154363,2.263000649722572
frame_008,frame_007,8,7,50,-1,False,True,359,"black-footed ferret, ferret, Mustela nigripes",0.21060076347296797,1.5577910540610649,0.5158635973930359,0.4841364026069641,0.10803059622520435,4.218032445008419,0.3790322580645161,0.8791596387226313,2.3194850042894952
frame_008,frame_009,8,9,50,1,False,False,260,"chow, chow chow",0.44959758054113946,0.7994023617758108,0.6860731840133667,0.3139268159866333,0.06761999273540491,4.410208080341627,0.10560344827586207,0.570562027726622,5.402873078880665
frame_008,frame_010,8,10,50,2,False,False,257,Great Pyrenees,0.2607333374108875,1.3442570896900419,0.677802324295044,0.32219767570495605,0.07085195095911687,4.546224728964882,0.10775862068965517,0.5629832365134947,5.224484434845231
frame_008,frame_011,8,11,50,3,False,False,257,Great Pyrenees,0.5106270821267169,0.6721157357718415,0.8230599761009216,0.17694002389907837,0.05648538538752523,4.616471166572385,0.10129310344827586,0.5910087717407715,5.8346397891003825
frame_008,frame_012,8,12,50,4,False,False,207,golden retriever,0.5144430509179503,0.6646704180405463,0.7886435985565186,0.21135640144348145,0.055434256693994495,4.558840035938432,0.09482758620689655,0.6408650991810255,6.7582137731817244
frame_008,frame_013,8,13,50,5,False,False,183,Kerry blue terrier,0.409762343435518,0.8921779375031571,0.8036413192749023,0.19635868072509766,0.08240546295517621,4.467337970179343,0.08405172413793104,0.6441940430458515,7.664257332648079
frame_008,frame_014,8,14,50,6,False,False,183,Kerry blue terrier,0.42863661265291836,0.8471457757625136,0.8319824934005737,0.16801750659942627,0.09421178777450644,4.518591594168538,0.07758620689655173,0.611102344057044,7.876430212290789
frame_008,frame_015,8,15,50,7,False,False,208,Labrador retriever,0.3709222912369029,0.9917626958964769,0.7980624437332153,0.20193755626678467,0.13641938485487598,4.28060762119668,0.07112068965517242,0.6290127023415759,8.844299814742158
frame_008,frame_016,8,16,50,8,False,False,208,Labrador retriever,0.3163167141462879,1.1510113073657815,0.7189651131629944,0.2810348868370056,0.07748910906031159,4.258758621687644,0.06465517241379311,0.507407149589169,7.847897246979146
frame_008,frame_017,8,17,50,9,False,False,208,Labrador retriever,0.480294637087126,0.7333555361302522,0.7902669906616211,0.2097330093383789,0.13462494218900362,4.074886139517142,0.0668103448275862,0.5433545287963447,8.132790366500128
frame_009,frame_000,9,0,5,-9,True,False,359,"black-footed ferret, ferret, Mustela nigripes",0.6123783811921751,0.4904049175980614,0.7141836285591125,0.28581637144088745,0.014734007551517464,5.5857788259446775,0.41935483870967744,0.7656022559124482,1.8256669179450689
frame_009,frame_001,9,1,5,-8,False,False,359,"black-footed ferret, ferret, Mustela nigripes",0.3981261834168648,0.9209862801844855,0.5763109922409058,0.42368900775909424,0.01746839475953009,5.557669142865256,0.4274193548387097,0.7809104328364137,1.8270357296550057
frame_009,frame_002,9,2,5,-7,False,False,359,"black-footed ferret, ferret, Mustela nigripes",0.5089851752912922,0.6753363880202157,0.6865928173065186,0.31340718269348145,0.01704172419424798,5.598109411462006,0.3971774193548387,0.7275931940798588,1.8319097678355836
frame_009,frame_003,9,3,5,-6,False,False,359,"black-footed ferret, ferret, Mustela nigripes",0.36027715191967685,1.0208816772835942,0.605777382850647,0.394222617149353,0.015348332981431255,5.621834634883077,0.3951612903225806,0.7071521924359878,1.789527997184949
frame_009,frame_004,9,4,5,-5,False,False,452,"bonnet, poke bonnet",0.3559326243530504,1.0330138234768067,0.5550709366798401,0.4449290633201599,0.023546956638711872,5.503475133202443,0.38306451612903225,0.7543652301596397,1.9692902850483227
frame_009,frame_005,9,5,5,-4,False,False,452,"bonnet, poke bonnet",0.457558119587166,0.781851364986125,0.6609084606170654,0.33909153938293457,0.01997375443462036,5.523851389980259,0.3870967741935484,0.7472784878292671,1.9304694268922733
frame_009,frame_006,9,6,5,-3,False,False,452,"bonnet, poke bonnet",0.26287255564643797,1.3360859435419705,0.5299786329269409,0.4700213670730591,0.020239094809750502,5.611672895335465,0.38911290322580644,0.7519154003274976,1.9323836194945017
frame_009,frame_007,9,7,5,-2,False,False,452,"bonnet, poke bonnet",0.18481653797514722,1.6883916325711459,0.5243481397628784,0.4756518602371216,0.017983470227230673,5.610203047846035,0.3790322580645161,0.7566790327682797,1.9963446821971635
frame_009,frame_008,9,8,5,-1,False,False,359,"black-footed ferret, ferret, Mustela nigripes",0.5030366848758542,0.6870921793830627,0.6497958898544312,0.35020411014556885,0.020273016786733242,5.564142229320598,0.3850806451612903,0.7635795358860202,1.98290811413333
frame_009,frame_010,9,10,5,1,False,False,177,"Scottish deerhound, deerhound",0.17002586831000663,1.7718046869785766,0.5597115755081177,0.4402884244918823,0.031702473871697126,4.968152495227905,0.10775862068965517,0.6080963071972858,5.6431337307908125
frame_009,frame_011,9,11,5,2,False,False,257,Great Pyrenees,0.2302841143890278,1.4684414524371974,0.6446066498756409,0.35539335012435913,0.0299685784303516,4.967618085668081,0.10129310344827586,0.6008474331657683,5.9317704040195
frame_009,frame_012,9,12,5,3,False,False,169,"borzoi, Russian wolfhound",0.25897845080379905,1.351010422273772,0.5849039554595947,0.4150960445404053,0.02840365364796014,4.920126941109615,0.09482758620689655,0.6305623899001106,6.649567020764803
frame_009,frame_013,9,13,5,4,False,False,169,"borzoi, Russian wolfhound",0.1366320173206438,1.9904639718966806,0.536712646484375,0.463287353515625,0.03742118910017199,4.915578074009195,0.08405172413793104,0.6091910243557568,7.247811161565926
frame_009,frame_014,9,14,5,5,False,False,169,"borzoi, Russian wolfhound",0.16251625984553317,1.8169772216301752,0.5428582429885864,0.4571417570114136,0.03718011368087296,4.9206276071299735,0.07758620689655173,0.5820261864938516,7.501670848142976
frame_009,frame_015,9,15,5,6,False,False,169,"borzoi, Russian wolfhound",0.10267988612449044,2.276139032012823,0.5235263109207153,0.47647368907928467,0.0387931503689978,4.850016219330856,0.07112068965517242,0.55910548965224,7.861362036322405
frame_009,frame_016,9,16,5,7,False,True,218,Welsh springer spaniel,0.17769121003505658,1.7277080102388034,0.5233098864555359,0.4766901135444641,0.040861770305233344,4.847799507636792,0.06465517241379311,0.5048980457585672,7.8090897743991725
frame_009,frame_017,9,17,5,8,False,False,218,Welsh springer spaniel,0.1969629391966686,1.6247396938472818,0.5685915946960449,0.4314084053039551,0.04004594589963579,4.807441410733695,0.0668103448275862,0.49026679328868117,7.338186841482196
frame_009,frame_000,9,0,10,-9,False,False,359,"black-footed ferret, ferret, Mustela nigripes",0.40445827822704494,0.9052066918649988,0.6047012805938721,0.39529871940612793,0.058751974900764135,5.001364268353574,0.41935483870967744,0.8424086603036229,2.0088206514932545
frame_009,frame_001,9,1,10,-8,False,False,179,"Staffordshire bullterrier, Staffordshire bull terrier",0.17842979673264486,1.7235600507388833,0.541702151298523,0.45829784870147705,0.060655841910696486,4.909305712660733,0.4274193548387097,0.8535676452222637,1.9970261888218999
frame_009,frame_002,9,2,10,-7,False,False,359,"black-footed ferret, ferret, Mustela nigripes",0.34313205665109686,1.0696399010978395,0.6138302087783813,0.38616979122161865,0.05141835614923045,4.885713620535127,0.3971774193548387,0.8287712888168752,2.0866525850414726
frame_009,frame_003,9,3,10,-6,False,False,359,"black-footed ferret, ferret, Mustela nigripes",0.17749058353422723,1.7288377219852906,0.4624837636947632,0.5375162363052368,0.04153444172249012,5.123818854641865,0.3951612903225806,0.8224121153667994,2.0812061694996555
frame_009,frame_004,9,4,10,-5,False,False,389,"barracouta, snoek",0.3398979604921624,1.0791098226153313,0.5827633142471313,0.41723668575286865,0.04440550471134131,4.9675985501531414,0.38306451612903225,0.8462167865859493,2.209071190245426
frame_009,frame_005,9,5,10,-4,False,False,359,"black-footed ferret, ferret, Mustela nigripes",0.15290967927121285,1.8779078634646833,0.5153014063835144,0.4846985936164856,0.05116580047234868,5.004399687067689,0.3870967741935484,0.8480179470364432,2.190713029844145
frame_009,frame_006,9,6,10,-3,False,True,359,"black-footed ferret, ferret, Mustela nigripes",0.11986370132325427,2.121400004041316,0.45514053106307983,0.5448594689369202,0.04827166399895227,5.124544096418693,0.38911290322580644,0.835481044217322,2.1471429944652423
frame_009,frame_007,9,7,10,-2,False,False,359,"black-footed ferret, ferret, Mustela nigripes",0.4592721126371965,0.7781124065910765,0.6132849454879761,0.3867150545120239,0.033367678065647555,5.201402203277494,0.3790322580645161,0.845068138702764,2.229541472322186
frame_009,frame_008,9,8,10,-1,False,False,359,"black-footed ferret, ferret, Mustela nigripes",0.7798241038105757,0.2486868926643968,0.8095679879188538,0.19043201208114624,0.03622069997687544,5.160725713971588,0.3850806451612903,0.8607974908843835,2.2353694004118023
frame_009,frame_010,9,10,10,1,False,False,257,Great Pyrenees,0.5269588772281885,0.6406327653104853,0.7191851139068604,0.28081488609313965,0.16572752119196538,4.0421995697146835,0.10775862068965517,0.6664247011843181,6.184421226990472
frame_009,frame_011,9,11,10,2,True,False,257,Great Pyrenees,0.6401265234611893,0.4460894292589792,0.8287656307220459,0.1712343692779541,0.11725437778467006,4.130190868705577,0.10129310344827586,0.7613580100696773,7.51638546111341
frame_009,frame_012,9,12,10,3,False,False,207,golden retriever,0.3612711226976268,1.0181265701295663,0.6733360290527344,0.3266639709472656,0.13002644079987227,3.970341412122234,0.09482758620689655,0.8012998813800648,8.450071476371592
frame_009,frame_013,9,13,10,4,False,False,207,golden retriever,0.2995322206215804,1.205533285838869,0.7116959095001221,0.28830409049987793,0.13348638985226313,3.935408093846417,0.08405172413793104,0.7879427113497309,9.37449789913526
frame_009,frame_014,9,14,10,5,False,False,257,Great Pyrenees,0.38418182618938,0.9566393327613492,0.7582575082778931,0.24174249172210693,0.13667471505803996,4.000184647409025,0.07758620689655173,0.773748447329689,9.972757765582656
frame_009,frame_015,9,15,10,6,False,False,257,Great Pyrenees,0.570561452067508,0.5611343993240814,0.7880308032035828,0.21196919679641724,0.1611685624587393,3.908837802329371,0.07112068965517242,0.7321328157433421,10.294231106209416
frame_009,frame_016,9,16,10,7,False,False,805,soccer ball,0.2868610948345674,1.248757170506999,0.6544721722602844,0.3455278277397156,0.15345956254842952,3.884839924873352,0.06465517241379311,0.6747922296823581,10.436786485753805
frame_009,frame_017,9,17,10,8,False,False,257,Great Pyrenees,0.35220771490771663,1.0435341782544416,0.7425925135612488,0.2574074864387512,0.16648508278289356,3.729959417315374,0.0668103448275862,0.7074209678139517,10.588494485989472
frame_009,frame_000,9,0,20,-9,False,False,359,"black-footed ferret, ferret, Mustela nigripes",0.3284383856074322,1.1134060214884478,0.5978597402572632,0.4021402597427368,0.03854443389294034,5.194597048431177,0.41935483870967744,0.8094911273983916,1.9303249961038567
frame_009,frame_001,9,1,20,-8,False,False,179,"Staffordshire bullterrier, Staffordshire bull terrier",0.26992537288371554,1.309609754915357,0.5716906785964966,0.4283093214035034,0.04357466149473022,5.1182198116166635,0.4274193548387097,0.8192395209467418,1.9167113320263391
frame_009,frame_002,9,2,20,-7,False,False,179,"Staffordshire bullterrier, Staffordshire bull terrier",0.4565340100587107,0.7840920799506872,0.6392332315444946,0.36076676845550537,0.052150998412346335,5.004559117798729,0.3971774193548387,0.8063189912359031,2.030122942401056
frame_009,frame_003,9,3,20,-6,False,True,452,"bonnet, poke bonnet",0.1389290093016084,1.9737922007644597,0.4183155298233032,0.5816844701766968,0.03210358274792187,5.135247754719341,0.3951612903225806,0.8062605609450592,2.040332848105864
frame_009,frame_004,9,4,20,-5,False,False,158,toy terrier,0.24543852044620665,1.4047087889903906,0.4884108901023865,0.5115891098976135,0.04080066409410157,5.067650873084318,0.38306451612903225,0.8170908704369276,2.1330372196669267
frame_009,frame_005,9,5,20,-4,False,False,179,"Staffordshire bullterrier, Staffordshire bull terrier",0.14682880085435776,1.9184879909387007,0.4852561950683594,0.5147438049316406,0.03674384935467145,5.02034800359443,0.3870967741935484,0.8368686121049076,2.1619105812710115
frame_009,frame_006,9,6,20,-3,False,False,245,French bulldog,0.18167704007095187,1.7055246733092284,0.4910227060317993,0.5089772939682007,0.04028811316354489,5.163322721072424,0.38911290322580644,0.8152967750111411,2.0952704684224144
frame_009,frame_007,9,7,20,-2,False,False,96,toucan,0.2051293906795257,1.5841143249038243,0.4602319598197937,0.5397680401802063,0.04088000325628682,5.205574225125996,0.3790322580645161,0.8119846373399146,2.1422573410670087
frame_009,frame_008,9,8,20,-1,False,False,359,"black-footed ferret, ferret, Mustela nigripes",0.17830984761170446,1.724232525062174,0.4665999412536621,0.5334000587463379,0.041141476844358746,5.198254159657749,0.3850806451612903,0.8039521186494827,2.0877500044510127
frame_009,frame_010,9,10,20,1,False,False,257,Great Pyrenees,0.48798955699034946,0.7174612729679044,0.7245805263519287,0.2754194736480713,0.10912518505619916,4.9219202807107365,0.10775862068965517,0.49631188822981287,4.605774322772664
frame_009,frame_011,9,11,20,2,False,False,257,Great Pyrenees,0.665020808138131,0.4079369483825386,0.808329701423645,0.19167029857635498,0.06841631138551256,4.963127591815379,0.10129310344827586,0.4589323963945605,4.530736849512257
frame_009,frame_012,9,12,20,3,False,False,207,golden retriever,0.6570171491024406,0.4200451587035685,0.7976359128952026,0.20236408710479736,0.10709967954178282,4.891062014458165,0.09482758620689655,0.5078668387250066,5.355686662918251
frame_009,frame_013,9,13,20,4,False,False,207,golden retriever,0.4634120090254814,0.7691387522883995,0.7986770868301392,0.20132291316986084,0.10973624103156392,4.95176625546754,0.08405172413793104,0.47762880441918165,5.682558083346161
frame_009,frame_014,9,14,20,5,False,False,208,Labrador retriever,0.5800204114924201,0.5446919838325934,0.8352632522583008,0.16473674774169922,0.07513474700147951,4.970602469993664,0.07758620689655173,0.47027295485353815,6.0612958625567135
frame_009,frame_015,9,15,20,6,True,False,257,Great Pyrenees,0.5649827807050603,0.57096002492833,0.8430725336074829,0.1569274663925171,0.11596946330119977,4.87549481615901,0.07112068965517242,0.44095760551320873,6.200131180549358
frame_009,frame_016,9,16,20,7,False,False,208,Labrador retriever,0.51293400265736,0.6676080918781828,0.7517242431640625,0.2482757568359375,0.11920193178859989,4.8191004696341455,0.06465517241379311,0.4191880883359696,6.483442432929663
frame_009,frame_017,9,17,20,8,False,False,257,Great Pyrenees,0.5383932882571264,0.6191659668193541,0.8138124346733093,0.18618756532669067,0.13919855517637877,4.713524966927469,0.0668103448275862,0.4574736368884799,6.847347339234022
frame_009,frame_000,9,0,30,-9,False,False,198,standard schnauzer,0.21306523480456824,1.5461568934746666,0.6017378568649292,0.3982621431350708,0.017771202639525786,5.649020817721842,0.41935483870967744,0.33631038406069674,0.801970915837046
frame_009,frame_001,9,1,30,-8,False,False,179,"Staffordshire bullterrier, Staffordshire bull terrier",0.186309143232869,1.6803479245709951,0.6012648344039917,0.3987351655960083,0.022403666846341923,5.645637736604161,0.4274193548387097,0.34933558278011817,0.8173134389572576
frame_009,frame_002,9,2,30,-7,False,False,198,standard schnauzer,0.421382332252692,0.8642147048016309,0.678961992263794,0.32103800773620605,0.018838241165602964,5.664101737044961,0.3971774193548387,0.3077407912685937,0.7748194541584899
frame_009,frame_003,9,3,30,-6,False,False,452,"bonnet, poke bonnet",0.1863054336766243,1.6803678355271128,0.49661141633987427,0.5033885836601257,0.015107575014966684,5.668422085279681,0.3951612903225806,0.28097094076814305,0.7110285031683621
frame_009,frame_004,9,4,30,-5,False,True,452,"bonnet, poke bonnet",0.16879340207111473,1.7790797848406363,0.47627121210098267,0.5237287878990173,0.015984175753113346,5.71278974759478,0.38306451612903225,0.30854401431414014,0.805462268946387
frame_009,frame_005,9,5,30,-4,False,False,179,"Staffordshire bullterrier, Staffordshire bull terrier",0.24544866950778718,1.404667439116979,0.5437764525413513,0.4562235474586487,0.021339858141436786,5.69389959614227,0.3870967741935484,0.3503235462948195,0.9050024945949504
frame_009,frame_006,9,6,30,-3,False,False,245,French bulldog,0.13526061097087513,2.000551909834787,0.506037712097168,0.49396228790283203,0.016553064667997795,5.722790861902499,0.38911290322580644,0.380061721101215,0.976738930912967
frame_009,frame_007,9,7,30,-2,False,False,176,"Saluki, gazelle hound",0.357779826202717,1.0278374923849718,0.567821741104126,0.432178258895874,0.022148619912127767,5.7344505940094255,0.3790322580645161,0.3927278295521972,1.0361329971164353
frame_009,frame_008,9,8,30,-1,False,False,176,"Saluki, gazelle hound",0.40058556698594633,0.9148278848918565,0.6670745611190796,0.3329254388809204,0.021449605057934685,5.656316475348504,0.3850806451612903,0.42121223296465693,1.0938286259186902
frame_009,frame_010,9,10,30,1,False,False,257,Great Pyrenees,0.4356071748317333,0.8310144169117497,0.727807879447937,0.272192120552063,0.04747170633360487,5.393785033395411,0.10775862068965517,0.19301006335219312,1.7911333879083522
frame_009,frame_011,9,11,30,2,False,False,257,Great Pyrenees,0.5120354290234252,0.6693614590252754,0.7697076201438904,0.23029237985610962,0.03906021614524542,5.5543612997487255,0.10129310344827586,0.16524593349889694,1.6313641094359188
frame_009,frame_012,9,12,30,3,False,False,207,golden retriever,0.4410449933276936,0.8186083830531774,0.7661499381065369,0.23385006189346313,0.07229925726695301,5.176725446809737,0.09482758620689655,0.16471937098238662,1.7370406394506226
frame_009,frame_013,9,13,30,4,False,False,207,golden retriever,0.3440363866109625,1.0670078521706552,0.7579949498176575,0.24200505018234253,0.08700897607360017,5.139865958885496,0.08405172413793104,0.17433635236205977,2.074155576820403
frame_009,frame_014,9,14,30,5,False,False,257,Great Pyrenees,0.4792038454030184,0.7356292075824218,0.790284276008606,0.20971572399139404,0.06422746162398167,5.281113205663437,0.07758620689655173,0.16126849489316966,2.078571711956409
frame_009,frame_015,9,15,30,6,True,False,257,Great Pyrenees,0.7688530341065861,0.26285544073624534,0.863001823425293,0.13699817657470703,0.03256214767989467,5.28295887754022,0.07112068965517242,0.1201871268997248,1.6899038448931
frame_009,frame_016,9,16,30,7,False,False,208,Labrador retriever,0.4138367528020941,0.8822836998233301,0.7199110984802246,0.2800889015197754,0.023002026176522788,5.437187088955113,0.06465517241379311,0.11500228937951157,1.7787020757364456
frame_009,frame_017,9,17,30,8,False,False,257,Great Pyrenees,0.5933870112802976,0.5219084600061996,0.8075574636459351,0.19244253635406494,0.027632273575991694,5.408083913462209,0.0668103448275862,0.11348063992795632,1.6985489331152173
frame_009,frame_000,9,0,40,-9,False,False,359,"black-footed ferret, ferret, Mustela nigripes",0.5890644471138332,0.5292196834659357,0.7369797229766846,0.26302027702331543,0.07026845158853734,4.736781966466448,0.41935483870967744,0.9378568283860689,2.2364278215360103
frame_009,frame_001,9,1,40,-8,False,False,285,Egyptian cat,0.3798524985029123,0.9679722634504522,0.6650162935256958,0.3349837064743042,0.0702263398431405,4.6512507908626635,0.4274193548387097,0.931059425292798,2.1783277120057916
frame_009,frame_002,9,2,40,-7,False,False,359,"black-footed ferret, ferret, Mustela nigripes",0.5022672192941419,0.688622991565893,0.7020858526229858,0.29791414737701416,0.06492146833893624,4.712691032276862,0.3971774193548387,0.9360574539395556,2.356774097228526
frame_009,frame_003,9,3,40,-6,False,False,32,"tailed frog, bell toad, ribbed toad, tailed toad, Ascaphus trui",0.3108095079039722,1.1685750692449393,0.589859127998352,0.41014087200164795,0.058163604752193517,4.919851520407212,0.3951612903225806,0.9264983934288945,2.3446081792894473
frame_009,frame_004,9,4,40,-5,False,False,158,toy terrier,0.18347281079975267,1.695688792494371,0.5359340310096741,0.4640659689903259,0.07025747217113908,4.699359880190554,0.38306451612903225,0.914123208695252,2.3863426921728683
frame_009,frame_005,9,5,40,-4,False,False,359,"black-footed ferret, ferret, Mustela nigripes",0.21723183637128224,1.5267901253685743,0.5497840642929077,0.4502159357070923,0.08430366124338208,4.629180482844174,0.3870967741935484,0.9317857573612001,2.4071132065164336
frame_009,frame_006,9,6,40,-3,False,False,159,Rhodesian ridgeback,0.16718655134769136,1.7886450160899425,0.5452771186828613,0.45472288131713867,0.0782036608197196,4.803039625968748,0.38911290322580644,0.9201871532876322,2.364833305858371
frame_009,frame_007,9,7,40,-2,False,True,359,"black-footed ferret, ferret, Mustela nigripes",0.15325335659905215,1.875662801638617,0.5136526823043823,0.4863473176956177,0.07098884136091597,4.686137489475069,0.3790322580645161,0.9320791127171246,2.4591023399345415
frame_009,frame_008,9,8,40,-1,False,False,359,"black-footed ferret, ferret, Mustela nigripes",0.8029818285683484,0.21942319472062977,0.8299024701118469,0.17009752988815308,0.10389130607503903,4.597479772005794,0.3850806451612903,0.9281481282090325,2.4102694847731945
frame_009,frame_010,9,10,40,1,False,False,257,Great Pyrenees,0.596922158457154,0.5159685619347321,0.7443548440933228,0.25564515590667725,0.11506876925388265,4.1104589014477835,0.10775862068965517,0.7284806531424098,6.760300461161564
frame_009,frame_011,9,11,40,2,False,False,805,soccer ball,0.5033900923198468,0.6863898780005355,0.8429477214813232,0.15705227851867676,0.08416170662096921,4.15148238306335,0.10129310344827586,0.8005508157396747,7.903310180919342
frame_009,frame_012,9,12,40,3,False,False,183,Kerry blue terrier,0.2896690254165229,1.2390162994380676,0.7376283407211304,0.26237165927886963,0.08987749517375679,4.006740663992881,0.09482758620689655,0.8553335366479371,9.019880931923701
frame_009,frame_013,9,13,40,4,False,False,183,Kerry blue terrier,0.45660664627550956,0.7839329889794371,0.7938361763954163,0.20616382360458374,0.10283317223494123,3.894837491380601,0.08405172413793104,0.8346154104403043,9.92978334472567
frame_009,frame_014,9,14,40,5,False,False,183,Kerry blue terrier,0.4894217782350417,0.714530629096386,0.8284177780151367,0.17158222198486328,0.1262745418795565,3.874498658728583,0.07758620689655173,0.8360111267376844,10.775254522396821
frame_009,frame_015,9,15,40,6,True,False,257,Great Pyrenees,0.6627644150790758,0.4113356836473119,0.8488996624946594,0.15110033750534058,0.10775232984115052,3.7846431250249104,0.07112068965517242,0.7825036614186477,11.00247572418947
frame_009,frame_016,9,16,40,7,False,False,977,"sandbar, sand bar",0.2430969449445344,1.414294964812105,0.6897292733192444,0.3102707266807556,0.10543108339162781,3.7405693746205557,0.06465517241379311,0.7218646414983005,11.164839788507047
frame_009,frame_017,9,17,40,8,False,False,257,Great Pyrenees,0.528850207842838,0.6370500481990988,0.7629081606864929,0.23709183931350708,0.1162893007422089,3.7178361000602824,0.0668103448275862,0.7235218452706558,10.829488264696268
frame_009,frame_000,9,0,50,-9,False,False,359,"black-footed ferret, ferret, Mustela nigripes",0.8790892627297429,0.12886883613459332,0.9025766849517822,0.09742331504821777,0.042004708991553785,5.023112745771608,0.41935483870967744,0.8042321415785515,1.917784337610392
frame_009,frame_001,9,1,50,-8,False,False,285,Egyptian cat,0.5294281687434658,0.6359577817957103,0.727156400680542,0.272843599319458,0.045272391321300856,4.919722210375076,0.4274193548387097,0.8545594185785144,1.9993465642214299
frame_009,frame_002,9,2,50,-7,True,False,359,"black-footed ferret, ferret, Mustela nigripes",0.8980050092123525,0.1075796325080205,0.9117411375045776,0.08825886249542236,0.05675679024577524,4.908110107386617,0.3971774193548387,0.776998785471547,1.9563015106288697
frame_009,frame_003,9,3,50,-6,False,False,359,"black-footed ferret, ferret, Mustela nigripes",0.3608164851485029,1.0193858012928185,0.6116176247596741,0.3883823752403259,0.05833981931332265,4.969378240135169,0.3951612903225806,0.7693476214060786,1.9469205113133419
frame_009,frame_004,9,4,50,-5,False,False,158,toy terrier,0.22131381164569697,1.508173622459644,0.5604338645935059,0.43956613540649414,0.05160305652201874,4.8699726073163925,0.38306451612903225,0.8431201546687869,2.2009873511353595
frame_009,frame_005,9,5,50,-4,False,False,359,"black-footed ferret, ferret, Mustela nigripes",0.4182571317819092,0.8716588877796241,0.6477100849151611,0.35228991508483887,0.05229411184650024,4.805867944768666,0.3870967741935484,0.8476358142610012,2.1897258535075865
frame_009,frame_006,9,6,50,-3,False,False,106,wombat,0.27194796454913645,1.302144537792266,0.5581386089324951,0.4418613910675049,0.06232862237551765,4.92998104746362,0.38911290322580644,0.8429528011095202,2.1663450225405287
frame_009,frame_007,9,7,50,-2,False,True,359,"black-footed ferret, ferret, Mustela nigripes",0.21060076347296797,1.5577910540610649,0.5158635973930359,0.4841364026069641,0.03291803986733153,4.9974197014232535,0.3790322580645161,0.8412018245066453,2.2193409838047664
frame_009,frame_008,9,8,50,-1,False,False,359,"black-footed ferret, ferret, Mustela nigripes",0.8301462482563482,0.18615339099487738,0.8663203716278076,0.13367962837219238,0.03821508250942788,4.893685866217101,0.3850806451612903,0.865279996756328,2.24700983450858
frame_009,frame_010,9,10,50,1,False,False,257,Great Pyrenees,0.2607333374108875,1.3442570896900419,0.677802324295044,0.32219767570495605,0.07516753647168198,4.405921337131214,0.10775862068965517,0.627690138885946,5.824964488861579
frame_009,frame_011,9,11,50,2,False,False,257,Great Pyrenees,0.5106270821267169,0.6721157357718415,0.8230599761009216,0.17694002389907837,0.06302917080690315,4.534388208274573,0.10129310344827586,0.6575464706466561,6.491522603830818
frame_009,frame_012,9,12,50,3,False,False,207,golden retriever,0.5144430509179503,0.6646704180405463,0.7886435985565186,0.21135640144348145,0.07473164657484128,4.353889520006783,0.09482758620689655,0.7586339084653625,8.000139398362005
frame_009,frame_013,9,13,50,4,False,False,183,Kerry blue terrier,0.409762343435518,0.8921779375031571,0.8036413192749023,0.19635868072509766,0.08023032835935784,4.289516037373906,0.08405172413793104,0.725097596767926,8.626802176931221
frame_009,frame_014,9,14,50,5,False,False,183,Kerry blue terrier,0.42863661265291836,0.8471457757625136,0.8319824934005737,0.16801750659942627,0.060745748337934204,4.39767290955214,0.07758620689655173,0.698136191544683,8.998199802131468
frame_009,frame_015,9,15,50,6,False,False,208,Labrador retriever,0.3709222912369029,0.9917626958964769,0.7980624437332153,0.20193755626678467,0.09516856952943929,4.20770654233799,0.07112068965517242,0.6585985200235979,9.260294342149981
frame_009,frame_016,9,16,50,7,False,False,208,Labrador retriever,0.3163167141462879,1.1510113073657815,0.7189651131629944,0.2810348868370056,0.07597295210910755,4.201968392281152,0.06465517241379311,0.5927314156438184,9.16757922862439
frame_009,frame_017,9,17,50,8,False,False,208,Labrador retriever,0.480294637087126,0.7333555361302522,0.7902669906616211,0.2097330093383789,0.09125482279117916,4.023848299267576,0.0668103448275862,0.6338805902540011,9.487761092834083
frame_010,frame_000,10,0,5,-10,False,False,359,"black-footed ferret, ferret, Mustela nigripes",0.6123783811921751,0.4904049175980614,0.7141836285591125,0.28581637144088745,0.014922859415487514,5.641134458512911,0.41935483870967744,0.7484205398602873,1.7846951335129928
frame_010,frame_001,10,1,5,-9,False,False,359,"black-footed ferret, ferret, Mustela nigripes",0.3981261834168648,0.9209862801844855,0.5763109922409058,0.42368900775909424,0.017356542944216194,5.615106131974019,0.4274193548387097,0.7644860613715871,1.788608898303336
frame_010,frame_002,10,2,5,-8,False,False,359,"black-footed ferret, ferret, Mustela nigripes",0.5089851752912922,0.6753363880202157,0.6865928173065186,0.31340718269348145,0.014643624288448462,5.660835204978162,0.3971774193548387,0.7076479108327696,1.7816922018936736
frame_010,frame_003,10,3,5,-7,False,False,359,"black-footed ferret, ferret, Mustela nigripes",0.36027715191967685,1.0208816772835942,0.605777382850647,0.394222617149353,0.016659509578958953,5.6901804583769096,0.3951612903225806,0.6782184543986767,1.7163079254170595
frame_010,frame_004,10,4,5,-6,False,False,452,"bonnet, poke bonnet",0.3559326243530504,1.0330138234768067,0.5550709366798401,0.4449290633201599,0.020941389864029564,5.575064215625616,0.38306451612903225,0.7264278874403791,1.8963591166864635
frame_010,frame_005,10,5,5,-5,False,False,452,"bonnet, poke bonnet",0.457558119587166,0.781851364986125,0.6609084606170654,0.33909153938293457,0.0173130461407806,5.6041266104100735,0.3870967741935484,0.7208607712094044,1.862223658957628
frame_010,frame_006,10,6,5,-4,False,False,452,"bonnet, poke bonnet",0.26287255564643797,1.3360859435419705,0.5299786329269409,0.4700213670730591,0.014449901169139715,5.6828074046487735,0.38911290322580644,0.7288103662455415,1.8730048790558995
frame_010,frame_007,10,7,5,-3,False,False,452,"bonnet, poke bonnet",0.18481653797514722,1.6883916325711459,0.5243481397628784,0.4756518602371216,0.015303434949000225,5.6808897155409435,0.3790322580645161,0.7338138167619668,1.9360194314571038
frame_010,frame_008,10,8,5,-2,False,False,359,"black-footed ferret, ferret, Mustela nigripes",0.5030366848758542,0.6870921793830627,0.6497958898544312,0.35020411014556885,0.01855161196915195,5.638572801893077,0.3850806451612903,0.7414294820903427,1.9253875555853925
frame_010,frame_009,10,9,5,-1,True,False,169,"borzoi, Russian wolfhound",0.6261997305106618,0.4680859004465807,0.7454997301101685,0.25450026988983154,0.030451638621745644,5.018130385634198,0.10560344827586207,0.5802751907169813,5.494850785564884
frame_010,frame_011,10,11,5,1,False,False,257,Great Pyrenees,0.2302841143890278,1.4684414524371974,0.6446066498756409,0.35539335012435913,0.03044399650152534,5.0042997204393025,0.10129310344827586,0.5866373820922959,5.791483942357985
frame_010,frame_012,10,12,5,2,False,False,169,"borzoi, Russian wolfhound",0.25897845080379905,1.351010422273772,0.5849039554595947,0.4150960445404053,0.028825305526702233,4.9671351183571,0.09482758620689655,0.6180378700275538,6.5174902657451135
frame_010,frame_013,10,13,5,3,False,False,169,"borzoi, Russian wolfhound",0.1366320173206438,1.9904639718966806,0.536712646484375,0.463287353515625,0.0384361789936759,4.959727614709397,0.08405172413793104,0.5872368415496411,6.986612678949576
frame_010,frame_014,10,14,5,4,False,False,169,"borzoi, Russian wolfhound",0.16251625984553317,1.8169772216301752,0.5428582429885864,0.4571417570114136,0.03726660554926132,4.970669784920931,0.07758620689655173,0.5668951579990943,7.306648703099437
frame_010,frame_015,10,15,5,5,False,False,169,"borzoi, Russian wolfhound",0.10267988612449044,2.276139032012823,0.5235263109207153,0.47647368907928467,0.042362976302681286,4.907640855843081,0.07112068965517242,0.5295734408459606,7.4461235318947185
frame_010,frame_016,10,16,5,6,False,True,218,Welsh springer spaniel,0.17769121003505658,1.7277080102388034,0.5233098864555359,0.4766901135444641,0.033777475348023854,4.907029512380847,0.06465517241379311,0.4766627017996699,7.372383121168228
frame_010,frame_017,10,17,5,7,False,False,218,Welsh springer spaniel,0.1969629391966686,1.6247396938472818,0.5685915946960449,0.4314084053039551,0.04094630083434812,4.839042136234317,0.0668103448275862,0.48147456090795177,7.206586976170634
frame_010,frame_000,10,0,10,-10,False,False,359,"black-footed ferret, ferret, Mustela nigripes",0.40445827822704494,0.9052066918649988,0.6047012805938721,0.39529871940612793,0.06286118143421342,5.0527448092228555,0.41935483870967744,0.8421429394846333,2.008187009540279
frame_010,frame_001,10,1,10,-9,False,False,179,"Staffordshire bullterrier, Staffordshire bull terrier",0.17842979673264486,1.7235600507388833,0.541702151298523,0.45829784870147705,0.06345817488644306,4.963721758627939,0.4274193548387097,0.8525082850413357,1.9945476857570872
frame_010,frame_002,10,2,10,-8,False,False,359,"black-footed ferret, ferret, Mustela nigripes",0.34313205665109686,1.0696399010978395,0.6138302087783813,0.38616979122161865,0.055531185164157525,4.946765198413695,0.3971774193548387,0.8297426215065584,2.089098173945447
frame_010,frame_003,10,3,10,-7,False,False,359,"black-footed ferret, ferret, Mustela nigripes",0.17749058353422723,1.7288377219852906,0.4624837636947632,0.5375162363052368,0.04595538680315837,5.228831263287435,0.3951612903225806,0.8132700424638974,2.058071127867822
frame_010,frame_004,10,4,10,-6,False,False,389,"barracouta, snoek",0.3398979604921624,1.0791098226153313,0.5827633142471313,0.41723668575286865,0.04139259842348524,5.073587336118237,0.38306451612903225,0.8393173035719356,2.1910599082720004
frame_010,frame_005,10,5,10,-5,False,False,359,"black-footed ferret, ferret, Mustela nigripes",0.15290967927121285,1.8779078634646833,0.5153014063835144,0.4846985936164856,0.04118957435819127,5.163846740692025,0.3870967741935484,0.8383611893854995,2.1657664059125405
frame_010,frame_006,10,6,10,-4,False,True,359,"black-footed ferret, ferret, Mustela nigripes",0.11986370132325427,2.121400004041316,0.45514053106307983,0.5448594689369202,0.027103847040077015,5.285028863998798,0.38911290322580644,0.8303481754736106,2.1339517877456524
frame_010,frame_007,10,7,10,-3,False,False,359,"black-footed ferret, ferret, Mustela nigripes",0.4592721126371965,0.7781124065910765,0.6132849454879761,0.3867150545120239,0.022112717243928267,5.324343713908556,0.3790322580645161,0.8386915459579188,2.2127181212506795
frame_010,frame_008,10,8,10,-2,False,False,359,"black-footed ferret, ferret, Mustela nigripes",0.7798241038105757,0.2486868926643968,0.8095679879188538,0.19043201208114624,0.03413578143940888,5.256881375239242,0.3850806451612903,0.8579006896060142,2.2278468169873458
frame_010,frame_009,10,9,10,-1,False,False,257,Great Pyrenees,0.28667035279459,1.249422319899585,0.6986331939697266,0.30136680603027344,0.1674381182864877,3.9915138842240716,0.10560344827586207,0.701010085522154,6.63813632004652
frame_010,frame_011,10,11,10,1,True,False,257,Great Pyrenees,0.6401265234611893,0.4460894292589792,0.8287656307220459,0.1712343692779541,0.12735171816571733,4.195707875478178,0.10129310344827586,0.7476788767510891,7.381340400266072
frame_010,frame_012,10,12,10,2,False,False,207,golden retriever,0.3612711226976268,1.0181265701295663,0.6733360290527344,0.3266639709472656,0.13827454226511274,4.051648460537841,0.09482758620689655,0.7810574666325429,8.236606011761362
frame_010,frame_013,10,13,10,3,False,False,207,golden retriever,0.2995322206215804,1.205533285838869,0.7116959095001221,0.28830409049987793,0.13125005753699553,4.014296851526017,0.08405172413793104,0.7688467920387326,9.14730542323005
frame_010,frame_014,10,14,10,4,False,False,257,Great Pyrenees,0.38418182618938,0.9566393327613492,0.7582575082778931,0.24174249172210693,0.1507385195380969,4.054938322986251,0.07758620689655173,0.7551785029229497,9.733411815451351
frame_010,frame_015,10,15,10,5,False,False,257,Great Pyrenees,0.570561452067508,0.5611343993240814,0.7880308032035828,0.21196919679641724,0.1673191900740389,3.9794482532467494,0.07112068965517242,0.7190386646173752,10.110119405529154
frame_010,frame_016,10,16,10,6,False,False,805,soccer ball,0.2868610948345674,1.248757170506999,0.6544721722602844,0.3455278277397156,0.15913607399628496,3.950363627012518,0.06465517241379311,0.6535060094241989,10.10755961242761
frame_010,frame_017,10,17,10,7,False,False,257,Great Pyrenees,0.35220771490771663,1.0435341782544416,0.7425925135612488,0.2574074864387512,0.16485086681149544,3.80978865530681,0.0668103448275862,0.6892930449615873,10.31716041490892
frame_010,frame_000,10,0,20,-10,False,False,359,"black-footed ferret, ferret, Mustela nigripes",0.3284383856074322,1.1134060214884478,0.5978597402572632,0.4021402597427368,0.03800628938752943,5.243611249837127,0.41935483870967744,0.8101654031570003,1.9319328844513082
frame_010,frame_001,10,1,20,-9,False,False,179,"Staffordshire bullterrier, Staffordshire bull terrier",0.26992537288371554,1.309609754915357,0.5716906785964966,0.4283093214035034,0.04248049442676536,5.1375523923079465,0.4274193548387097,0.8241778007991506,1.9282650433791448
frame_010,frame_002,10,2,20,-8,False,False,179,"Staffordshire bullterrier, Staffordshire bull terrier",0.4565340100587107,0.7840920799506872,0.6392332315444946,0.36076676845550537,0.05338800281342384,5.05264853762618,0.3971774193548387,0.8064498666432824,2.030452456117097
frame_010,frame_003,10,3,20,-7,False,True,452,"bonnet, poke bonnet",0.1389290093016084,1.9737922007644597,0.4183155298233032,0.5816844701766968,0.03818839351292184,5.204968724324399,0.3951612903225806,0.7950125376460954,2.0118684626146086
frame_010,frame_004,10,4,20,-6,False,False,158,toy terrier,0.24543852044620665,1.4047087889903906,0.4884108901023865,0.5115891098976135,0.03940959971431911,5.139668871924265,0.38306451612903225,0.8051526209172419,2.1018721051313265
frame_010,frame_005,10,5,20,-5,False,False,179,"Staffordshire bullterrier, Staffordshire bull terrier",0.14682880085435776,1.9184879909387007,0.4852561950683594,0.5147438049316406,0.032205487918730936,5.110581276256925,0.3870967741935484,0.8273218287213471,2.1372480575301465
frame_010,frame_006,10,6,20,-4,False,False,245,French bulldog,0.18167704007095187,1.7055246733092284,0.4910227060317993,0.5089772939682007,0.030304589863901447,5.212356822191037,0.38911290322580644,0.8123070712245029,2.0875870845976863
frame_010,frame_007,10,7,20,-3,False,False,96,toucan,0.2051293906795257,1.5841143249038243,0.4602319598197937,0.5397680401802063,0.031921818602743186,5.250662048879043,0.3790322580645161,0.8126135836096392,2.1439166886722396
frame_010,frame_008,10,8,20,-2,False,False,359,"black-footed ferret, ferret, Mustela nigripes",0.17830984761170446,1.724232525062174,0.4665999412536621,0.5334000587463379,0.030935890892370334,5.245972233405162,0.3850806451612903,0.811035747296888,2.106145186697678
frame_010,frame_009,10,9,20,-1,False,False,208,Labrador retriever,0.28218901705339056,1.2651781593378306,0.685344934463501,0.314655065536499,0.11228561109300032,4.8073061465345654,0.10560344827586207,0.49375257788681043,4.675534615091429
frame_010,frame_011,10,11,20,1,False,False,257,Great Pyrenees,0.665020808138131,0.4079369483825386,0.808329701423645,0.19167029857635498,0.06778670282516308,4.909393091193215,0.10129310344827586,0.4714631553079892,4.654444767295894
frame_010,frame_012,10,12,20,2,False,False,207,golden retriever,0.6570171491024406,0.4200451587035685,0.7976359128952026,0.20236408710479736,0.10600273600287806,4.854462483825614,0.09482758620689655,0.5219664608947079,5.50437358761692
frame_010,frame_013,10,13,20,3,False,False,207,golden retriever,0.4634120090254814,0.7691387522883995,0.7986770868301392,0.20132291316986084,0.09700456292513625,4.919096149922934,0.08405172413793104,0.4897507030274277,5.826777594992985
frame_010,frame_014,10,14,20,4,False,False,208,Labrador retriever,0.5800204114924201,0.5446919838325934,0.8352632522583008,0.16473674774169922,0.07567286359623482,4.9347354240799195,0.07758620689655173,0.48416065326660834,6.240292864325174
frame_010,frame_015,10,15,20,5,True,False,257,Great Pyrenees,0.5649827807050603,0.57096002492833,0.8430725336074829,0.1569274663925171,0.11325100706190316,4.8366798942509055,0.07112068965517242,0.4610877236033662,6.4831728409685425
frame_010,frame_016,10,16,20,6,False,False,208,Labrador retriever,0.51293400265736,0.6676080918781828,0.7517242431640625,0.2482757568359375,0.11819553530589809,4.755396350382361,0.06465517241379311,0.43489362777895413,6.72635477631449
frame_010,frame_017,10,17,20,7,False,False,257,Great Pyrenees,0.5383932882571264,0.6191659668193541,0.8138124346733093,0.18618756532669067,0.13570782517136284,4.611387142477948,0.0668103448275862,0.4963804775169215,7.4296948892855355
frame_010,frame_000,10,0,30,-10,False,False,198,standard schnauzer,0.21306523480456824,1.5461568934746666,0.6017378568649292,0.3982621431350708,0.026545798412571875,5.647225687049657,0.41935483870967744,0.2911463918855514,0.6942721652655457
frame_010,frame_001,10,1,30,-9,False,False,179,"Staffordshire bullterrier, Staffordshire bull terrier",0.186309143232869,1.6803479245709951,0.6012648344039917,0.3987351655960083,0.021896105091818413,5.684658333676171,0.4274193548387097,0.3146223909828791,0.7360976694693775
frame_010,frame_002,10,2,30,-8,False,False,198,standard schnauzer,0.421382332252692,0.8642147048016309,0.678961992263794,0.32103800773620605,0.013321337138419822,5.702410857089628,0.3971774193548387,0.2657935851095902,0.6692061838292221
frame_010,frame_003,10,3,30,-7,False,False,452,"bonnet, poke bonnet",0.1863054336766243,1.6803678355271128,0.49661141633987427,0.5033885836601257,0.017162434199665517,5.681569012290916,0.3951612903225806,0.24100047697783614,0.6098787580663608
frame_010,frame_004,10,4,30,-6,False,True,452,"bonnet, poke bonnet",0.16879340207111473,1.7790797848406363,0.47627121210098267,0.5237287878990173,0.013270680827028118,5.749204324709279,0.38306451612903225,0.25688722738607667,0.6706108672815475
frame_010,frame_005,10,5,30,-5,False,False,179,"Staffordshire bullterrier, Staffordshire bull terrier",0.24544866950778718,1.404667439116979,0.5437764525413513,0.4562235474586487,0.01742594132017211,5.715767641966399,0.3870967741935484,0.289010800688949,0.7466112351131183
frame_010,frame_006,10,6,30,-4,False,False,245,French bulldog,0.13526061097087513,2.000551909834787,0.506037712097168,0.49396228790283203,0.016234867138150557,5.7407408923984775,0.38911290322580644,0.3161633316984598,0.8125233809452646
frame_010,frame_007,10,7,30,-3,False,False,176,"Saluki, gazelle hound",0.357779826202717,1.0278374923849718,0.567821741104126,0.432178258895874,0.02058912068275851,5.759376129749478,0.3790322580645161,0.33467848631434804,0.8829815383612587
frame_010,frame_008,10,8,30,-2,False,False,176,"Saluki, gazelle hound",0.40058556698594633,0.9148278848918565,0.6670745611190796,0.3329254388809204,0.01871852940109346,5.69117792501733,0.3850806451612903,0.3705545780757335,0.9622778572019048
frame_010,frame_009,10,9,30,-1,False,False,176,"Saluki, gazelle hound",0.4579188864174397,0.7810632144447514,0.7269703149795532,0.2730296850204468,0.06368809976579526,5.102172807241331,0.10560344827586207,0.1842949109248059,1.7451599728389784
frame_010,frame_011,10,11,30,1,False,False,257,Great Pyrenees,0.5120354290234252,0.6693614590252754,0.7697076201438904,0.23029237985610962,0.05211141724774352,5.350933010924764,0.10129310344827586,0.1627196683742047,1.6064239601198083
frame_010,frame_012,10,12,30,2,False,False,207,golden retriever,0.4410449933276936,0.8186083830531774,0.7661499381065369,0.23385006189346313,0.08490677271808304,4.946765631675567,0.09482758620689655,0.15383393860122002,1.6222488070674113
frame_010,frame_013,10,13,30,3,False,False,207,golden retriever,0.3440363866109625,1.0670078521706552,0.7579949498176575,0.24200505018234253,0.09414497788554406,4.899789720744528,0.08405172413793104,0.16239617733500758,1.932098109831885
frame_010,frame_014,10,14,30,4,False,False,257,Great Pyrenees,0.4792038454030184,0.7356292075824218,0.790284276008606,0.20971572399139404,0.07455934430222624,5.048069113607979,0.07758620689655173,0.1526128809127775,1.9670104650980211
frame_010,frame_015,10,15,30,5,True,False,257,Great Pyrenees,0.7688530341065861,0.26285544073624534,0.863001823425293,0.13699817657470703,0.04008747334409367,5.025568540055055,0.07112068965517242,0.11470676066511876,1.6128465742004576
frame_010,frame_016,10,16,30,6,False,False,208,Labrador retriever,0.4138367528020941,0.8822836998233301,0.7199110984802246,0.2800889015197754,0.03170588993436491,5.211946125928964,0.06465517241379311,0.11122232576790327,1.7202386385435704
frame_010,frame_017,10,17,30,7,False,False,257,Great Pyrenees,0.5933870112802976,0.5219084600061996,0.8075574636459351,0.19244253635406494,0.04121011903500723,5.147348211576187,0.0668103448275862,0.11493781476475577,1.7203595500273123
frame_010,frame_000,10,0,40,-10,False,False,359,"black-footed ferret, ferret, Mustela nigripes",0.5890644471138332,0.5292196834659357,0.7369797229766846,0.26302027702331543,0.08659455245099597,4.475186166954088,0.41935483870967744,0.9454396840034655,2.2545100157005713
frame_010,frame_001,10,1,40,-9,False,False,285,Egyptian cat,0.3798524985029123,0.9679722634504522,0.6650162935256958,0.3349837064743042,0.07204859069631897,4.404977275665603,0.4274193548387097,0.9344638267580204,2.1862927267546137
frame_010,frame_002,10,2,40,-8,False,False,359,"black-footed ferret, ferret, Mustela nigripes",0.5022672192941419,0.688622991565893,0.7020858526229858,0.29791414737701416,0.06613167444345663,4.438458628228727,0.3971774193548387,0.9445071608483484,2.378048486196857
frame_010,frame_003,10,3,40,-7,False,False,32,"tailed frog, bell toad, ribbed toad, tailed toad, Ascaphus trui",0.3108095079039722,1.1685750692449393,0.589859127998352,0.41014087200164795,0.0946336227634727,4.682858212296765,0.3951612903225806,0.9331354187354124,2.3614039167998193
frame_010,frame_004,10,4,40,-6,False,False,158,toy terrier,0.18347281079975267,1.695688792494371,0.5359340310096741,0.4640659689903259,0.072809434575056,4.516667790623284,0.38306451612903225,0.9128573741446628,2.38303819776712
frame_010,frame_005,10,5,40,-5,False,False,359,"black-footed ferret, ferret, Mustela nigripes",0.21723183637128224,1.5267901253685743,0.5497840642929077,0.4502159357070923,0.0847845518794008,4.45076484104821,0.3870967741935484,0.9411011816989578,2.431178052722308
frame_010,frame_006,10,6,40,-4,False,False,159,Rhodesian ridgeback,0.16718655134769136,1.7886450160899425,0.5452771186828613,0.45472288131713867,0.06976467438306441,4.655467803181019,0.38911290322580644,0.926834272171145,2.381916056978694
frame_010,frame_007,10,7,40,-3,False,True,359,"black-footed ferret, ferret, Mustela nigripes",0.15325335659905215,1.875662801638617,0.5136526823043823,0.4863473176956177,0.08147025209118261,4.505004590366751,0.3790322580645161,0.9375340551483852,2.473494102944676
frame_010,frame_008,10,8,40,-2,False,False,359,"black-footed ferret, ferret, Mustela nigripes",0.8029818285683484,0.21942319472062977,0.8299024701118469,0.17009752988815308,0.1180540970433196,4.408206341391889,0.3850806451612903,0.9347503969917075,2.4274146434967903
frame_010,frame_009,10,9,40,-1,False,False,169,"borzoi, Russian wolfhound",0.18337997922755558,1.6961948896357972,0.6284513473510742,0.3715486526489258,0.13281738181065458,3.820466371401263,0.10560344827586207,0.7915453608270228,7.495449947423236
frame_010,frame_011,10,11,40,1,False,False,805,soccer ball,0.5033900923198468,0.6863898780005355,0.8429477214813232,0.15705227851867676,0.10052228864589546,4.013741332253049,0.10129310344827586,0.8190699831936303,8.086137706422223
frame_010,frame_012,10,12,40,2,False,False,183,Kerry blue terrier,0.2896690254165229,1.2390162994380676,0.7376283407211304,0.26237165927886963,0.12595310998632978,3.8508155389834453,0.09482758620689655,0.8684417273457945,9.158112761101107
frame_010,frame_013,10,13,40,3,False,False,183,Kerry blue terrier,0.45660664627550956,0.7839329889794371,0.7938361763954163,0.20616382360458374,0.12121745788602938,3.694500975787589,0.08405172413793104,0.8556560539594908,10.180113052235994
frame_010,frame_014,10,14,40,4,False,False,183,Kerry blue terrier,0.4894217782350417,0.714530629096386,0.8284177780151367,0.17158222198486328,0.1555568302552603,3.6933489388476484,0.07758620689655173,0.8582522870437873,11.061918366342148
frame_010,frame_015,10,15,40,5,True,False,257,Great Pyrenees,0.6627644150790758,0.4113356836473119,0.8488996624946594,0.15110033750534058,0.13436097628157742,3.621494881503858,0.07112068965517242,0.7955836346438279,11.186388074992003
frame_010,frame_016,10,16,40,6,False,False,977,"sandbar, sand bar",0.2430969449445344,1.414294964812105,0.6897292733192444,0.3102707266807556,0.11953671087766961,3.60126903411142,0.06465517241379311,0.7318819656301956,11.319774401747024
frame_010,frame_017,10,17,40,7,False,False,257,Great Pyrenees,0.528850207842838,0.6370500481990988,0.7629081606864929,0.23709183931350708,0.13460728391240223,3.5766077585264107,0.0668103448275862,0.7294624803721597,10.918406157828455
frame_010,frame_000,10,0,50,-10,False,False,359,"black-footed ferret, ferret, Mustela nigripes",0.8790892627297429,0.12886883613459332,0.9025766849517822,0.09742331504821777,0.03885552947061972,5.038864734592375,0.41935483870967744,0.7598823780932911,1.8120272092993863
frame_010,frame_001,10,1,50,-9,False,False,285,Egyptian cat,0.5294281687434658,0.6359577817957103,0.727156400680542,0.272843599319458,0.0520467021252182,4.970447205389618,0.4274193548387097,0.8256278155448318,1.931657530708663
frame_010,frame_002,10,2,50,-8,True,False,359,"black-footed ferret, ferret, Mustela nigripes",0.8980050092123525,0.1075796325080205,0.9117411375045776,0.08825886249542236,0.0530654892217789,4.967275887096843,0.3971774193548387,0.7295655184813215,1.836875620135713
frame_010,frame_003,10,3,50,-7,False,False,359,"black-footed ferret, ferret, Mustela nigripes",0.3608164851485029,1.0193858012928185,0.6116176247596741,0.3883823752403259,0.060153224370567845,5.032628004448035,0.3951612903225806,0.717196557340976,1.8149463900057352
frame_010,frame_004,10,4,50,-6,False,False,158,toy terrier,0.22131381164569697,1.508173622459644,0.5604338645935059,0.43956613540649414,0.056308068485696076,4.930348539023498,0.38306451612903225,0.8029975821191487,2.096246319637357
frame_010,frame_005,10,5,50,-5,False,False,359,"black-footed ferret, ferret, Mustela nigripes",0.4182571317819092,0.8716588877796241,0.6477100849151611,0.35228991508483887,0.04409077766102802,4.8951422501560975,0.3870967741935484,0.8221952872262486,2.1240044920011423
frame_010,frame_006,10,6,50,-4,False,False,106,wombat,0.27194796454913645,1.302144537792266,0.5581386089324951,0.4418613910675049,0.035961519967907064,5.0307380657433285,0.38911290322580644,0.8006803015729523,2.057706889016499
frame_010,frame_007,10,7,50,-3,False,True,359,"black-footed ferret, ferret, Mustela nigripes",0.21060076347296797,1.5577910540610649,0.5158635973930359,0.4841364026069641,0.027613241432998814,5.090831013491961,0.3790322580645161,0.8038170898670984,2.1207089179472383
frame_010,frame_008,10,8,50,-2,False,False,359,"black-footed ferret, ferret, Mustela nigripes",0.8301462482563482,0.18615339099487738,0.8663203716278076,0.13367962837219238,0.03813756974653494,4.983895866775319,0.3850806451612903,0.8370248983296905,2.1736353380708193
frame_010,frame_009,10,9,50,-1,False,False,260,"chow, chow chow",0.44959758054113946,0.7994023617758108,0.6860731840133667,0.3139268159866333,0.07772694703957791,4.355309534528615,0.10560344827586207,0.6468932395475322,6.125682921429693
frame_010,frame_011,10,11,50,1,False,False,257,Great Pyrenees,0.5106270821267169,0.6721157357718415,0.8230599761009216,0.17694002389907837,0.07297995708174257,4.514939110038449,0.10129310344827586,0.664525502469452,6.560421981826079
frame_010,frame_012,10,12,50,2,False,False,207,golden retriever,0.5144430509179503,0.6646704180405463,0.7886435985565186,0.21135640144348145,0.07281491790619532,4.371834908346762,0.09482758620689655,0.7393607765368518,7.796895461661347
frame_010,frame_013,10,13,50,3,False,False,183,Kerry blue terrier,0.409762343435518,0.8921779375031571,0.8036413192749023,0.19635868072509766,0.08265662954909633,4.287107966742681,0.08405172413793104,0.6932516649744656,8.24791724482441
frame_010,frame_014,10,14,50,4,False,False,183,Kerry blue terrier,0.42863661265291836,0.8471457757625136,0.8319824934005737,0.16801750659942627,0.07157551530251897,4.420363032070376,0.07758620689655173,0.6820246342728168,8.790539730627415
frame_010,frame_015,10,15,50,5,False,False,208,Labrador retriever,0.3709222912369029,0.9917626958964769,0.7980624437332153,0.20193755626678467,0.09397678881591849,4.217071154505165,0.07112068965517242,0.6344551371174033,8.92082374613561
frame_010,frame_016,10,16,50,6,False,False,208,Labrador retriever,0.3163167141462879,1.1510113073657815,0.7189651131629944,0.2810348868370056,0.07055257462624079,4.206594755902113,0.06465517241379311,0.5891849286450422,9.112726896376653
frame_010,frame_017,10,17,50,7,False,False,208,Labrador retriever,0.480294637087126,0.7333555361302522,0.7902669906616211,0.2097330093383789,0.10341857328872577,4.014781955674309,0.0668103448275862,0.6373457320746584,9.539626441375534
frame_011,frame_000,11,0,5,-11,False,False,359,"black-footed ferret, ferret, Mustela nigripes",0.6123783811921751,0.4904049175980614,0.7141836285591125,0.28581637144088745,0.015863347882266152,5.658400797624827,0.41935483870967744,0.719439288685633,1.7155859960965094
frame_011,frame_001,11,1,5,-10,False,False,359,"black-footed ferret, ferret, Mustela nigripes",0.3981261834168648,0.9209862801844855,0.5763109922409058,0.42368900775909424,0.019809568407357956,5.639320247331087,0.4274193548387097,0.7372602703896362,1.7249108212889601
frame_011,frame_002,11,2,5,-9,False,False,359,"black-footed ferret, ferret, Mustela nigripes",0.5089851752912922,0.6753363880202157,0.6865928173065186,0.31340718269348145,0.015301618466432703,5.667316950376316,0.3971774193548387,0.680408451847406,1.713109604651337
frame_011,frame_003,11,3,5,-8,False,False,359,"black-footed ferret, ferret, Mustela nigripes",0.36027715191967685,1.0208816772835942,0.605777382850647,0.394222617149353,0.014587226760002537,5.70863258436195,0.3951612903225806,0.6464073929727194,1.6358064638493308
frame_011,frame_004,11,4,5,-7,False,False,452,"bonnet, poke bonnet",0.3559326243530504,1.0330138234768067,0.5550709366798401,0.4449290633201599,0.018595061956102762,5.610909592571982,0.38306451612903225,0.6988908812888889,1.8244730374699416
frame_011,frame_005,11,5,5,-6,False,False,452,"bonnet, poke bonnet",0.457558119587166,0.781851364986125,0.6609084606170654,0.33909153938293457,0.015765791823821478,5.623450866474867,0.3870967741935484,0.6992848864014031,1.806485956536958
frame_011,frame_006,11,6,5,-5,False,False,452,"bonnet, poke bonnet",0.26287255564643797,1.3360859435419705,0.5299786329269409,0.4700213670730591,0.011965079243888994,5.704230230526633,0.38911290322580644,0.7084028612894774,1.8205586487024912
frame_011,frame_007,11,7,5,-4,False,False,452,"bonnet, poke bonnet",0.18481653797514722,1.6883916325711459,0.5243481397628784,0.4756518602371216,0.013713331030410858,5.71157108149591,0.3790322580645161,0.711950999144918,1.8783388062546773
frame_011,frame_008,11,8,5,-3,False,False,359,"black-footed ferret, ferret, Mustela nigripes",0.5030366848758542,0.6870921793830627,0.6497958898544312,0.35020411014556885,0.016539815980339077,5.664543200933662,0.3850806451612903,0.7227110066096275,1.8767783208291897
frame_011,frame_009,11,9,5,-2,True,False,169,"borzoi, Russian wolfhound",0.6261997305106618,0.4680859004465807,0.7454997301101685,0.25450026988983154,0.038568198463466895,5.048684047483787,0.10560344827586207,0.5712224466656728,5.40912684189535
frame_011,frame_010,11,10,5,-1,False,False,177,"Scottish deerhound, deerhound",0.17002586831000663,1.7718046869785766,0.5597115755081177,0.4402884244918823,0.034411735829624056,5.042238366305298,0.10775862068965517,0.5891787053026387,5.467578385208488
frame_011,frame_012,11,12,5,1,False,False,169,"borzoi, Russian wolfhound",0.25897845080379905,1.351010422273772,0.5849039554595947,0.4150960445404053,0.03355869590487632,5.027799154880702,0.09482758620689655,0.6031466588405037,6.360455675045312
frame_011,frame_013,11,13,5,2,False,False,169,"borzoi, Russian wolfhound",0.1366320173206438,1.9904639718966806,0.536712646484375,0.463287353515625,0.043921482127864564,5.010375088931289,0.08405172413793104,0.578335365635872,6.880707939872938
frame_011,frame_014,11,14,5,3,False,False,169,"borzoi, Russian wolfhound",0.16251625984553317,1.8169772216301752,0.5428582429885864,0.4571417570114136,0.036158639261040806,5.038716658287393,0.07758620689655173,0.5463502216365583,7.041847301093418
frame_011,frame_015,11,15,5,4,False,False,169,"borzoi, Russian wolfhound",0.10267988612449044,2.276139032012823,0.5235263109207153,0.47647368907928467,0.05004811774462336,4.9468323892830846,0.07112068965517242,0.5295576649403337,7.44590171310045
frame_011,frame_016,11,16,5,5,False,True,218,Welsh springer spaniel,0.17769121003505658,1.7277080102388034,0.5233098864555359,0.4766901135444641,0.036306075480487636,4.953795442554721,0.06465517241379311,0.46836111274746617,7.243985210494143
frame_011,frame_017,11,17,5,6,False,False,218,Welsh springer spaniel,0.1969629391966686,1.6247396938472818,0.5685915946960449,0.4314084053039551,0.04688679843624505,4.883562260820276,0.0668103448275862,0.47609000123815776,7.125992276596943
frame_011,frame_000,11,0,10,-11,False,False,359,"black-footed ferret, ferret, Mustela nigripes",0.40445827822704494,0.9052066918649988,0.6047012805938721,0.39529871940612793,0.06698679246712991,4.935207992096831,0.41935483870967744,0.8415800900912053,2.0068448302174895
frame_011,frame_001,11,1,10,-10,False,False,179,"Staffordshire bullterrier, Staffordshire bull terrier",0.17842979673264486,1.7235600507388833,0.541702151298523,0.45829784870147705,0.07015206614396327,4.835732130413012,0.4274193548387097,0.8555290124725805,2.0016150480490564
frame_011,frame_002,11,2,10,-9,False,False,359,"black-footed ferret, ferret, Mustela nigripes",0.34313205665109686,1.0696399010978395,0.6138302087783813,0.38616979122161865,0.054368358088954974,4.820494804326206,0.3971774193548387,0.8334739197220672,2.0984927115844942
frame_011,frame_003,11,3,10,-8,False,False,359,"black-footed ferret, ferret, Mustela nigripes",0.17749058353422723,1.7288377219852906,0.4624837636947632,0.5375162363052368,0.04948550057968879,5.123280405938785,0.3951612903225806,0.8204904598217475,2.0763432044468715
frame_011,frame_004,11,4,10,-7,False,False,389,"barracouta, snoek",0.3398979604921624,1.0791098226153313,0.5827633142471313,0.41723668575286865,0.049517085967920364,4.936215013006647,0.38306451612903225,0.8395329926097859,2.191622970181336
frame_011,frame_005,11,5,10,-6,False,False,359,"black-footed ferret, ferret, Mustela nigripes",0.15290967927121285,1.8779078634646833,0.5153014063835144,0.4846985936164856,0.0537790695831317,5.018307380806373,0.3870967741935484,0.8449728583247833,2.182846550672357
frame_011,frame_006,11,6,10,-5,False,True,359,"black-footed ferret, ferret, Mustela nigripes",0.11986370132325427,2.121400004041316,0.45514053106307983,0.5448594689369202,0.032633527579035766,5.197287084542362,0.38911290322580644,0.8283181852164379,2.1287348179655607
frame_011,frame_007,11,7,10,-4,False,False,359,"black-footed ferret, ferret, Mustela nigripes",0.4592721126371965,0.7781124065910765,0.6132849454879761,0.3867150545120239,0.027248244462319597,5.233998927164344,0.3790322580645161,0.8348977423791168,2.2027089373406485
frame_011,frame_008,11,8,10,-3,True,False,359,"black-footed ferret, ferret, Mustela nigripes",0.7798241038105757,0.2486868926643968,0.8095679879188538,0.19043201208114624,0.038234263612900256,5.140575876456126,0.3850806451612903,0.8537384723748755,2.2170381272143365
frame_011,frame_009,11,9,10,-2,False,False,257,Great Pyrenees,0.28667035279459,1.249422319899585,0.6986331939697266,0.30136680603027344,0.184996747644125,3.8535135726264014,0.10560344827586207,0.7114791675476657,6.737272117186059
frame_011,frame_010,11,10,10,-1,False,False,257,Great Pyrenees,0.5269588772281885,0.6406327653104853,0.7191851139068604,0.28081488609313965,0.21441858653411683,3.945710719943267,0.10775862068965517,0.6658855722875987,6.179418110828917
frame_011,frame_012,11,12,10,1,False,False,207,golden retriever,0.3612711226976268,1.0181265701295663,0.6733360290527344,0.3266639709472656,0.1509765082496544,3.9573062769609963,0.09482758620689655,0.7847135249102231,8.275160808144172
frame_011,frame_013,11,13,10,2,False,False,207,golden retriever,0.2995322206215804,1.205533285838869,0.7116959095001221,0.28830409049987793,0.15529587519662152,3.932067196697458,0.08405172413793104,0.7714718581046968,9.178536978476393
frame_011,frame_014,11,14,10,3,False,False,257,Great Pyrenees,0.38418182618938,0.9566393327613492,0.7582575082778931,0.24174249172210693,0.16336242672142307,3.999033869785413,0.07758620689655173,0.7530151469117973,9.705528560196498
frame_011,frame_015,11,15,10,4,False,False,257,Great Pyrenees,0.570561452067508,0.5611343993240814,0.7880308032035828,0.21196919679641724,0.19076935950567603,3.867012810777565,0.07112068965517242,0.7259235910821353,10.206925644306388
frame_011,frame_016,11,16,10,5,False,False,805,soccer ball,0.2868610948345674,1.248757170506999,0.6544721722602844,0.3455278277397156,0.18524949538142738,3.8559004291903065,0.06465517241379311,0.662056606936134,10.239808853945538
frame_011,frame_017,11,17,10,6,False,False,257,Great Pyrenees,0.35220771490771663,1.0435341782544416,0.7425925135612488,0.2574074864387512,0.19056341219903639,3.690066801637078,0.0668103448275862,0.6936196595173526,10.381920065033924
frame_011,frame_000,11,0,20,-11,False,False,359,"black-footed ferret, ferret, Mustela nigripes",0.3284383856074322,1.1134060214884478,0.5978597402572632,0.4021402597427368,0.04750138922474593,5.026983535691562,0.41935483870967744,0.8122790394679369,1.9369730941158494
frame_011,frame_001,11,1,20,-10,False,False,179,"Staffordshire bullterrier, Staffordshire bull terrier",0.26992537288371554,1.309609754915357,0.5716906785964966,0.4283093214035034,0.04503935579262023,4.906494103758289,0.4274193548387097,0.8312107505902315,1.9447194919469568
frame_011,frame_002,11,2,20,-9,False,False,179,"Staffordshire bullterrier, Staffordshire bull terrier",0.4565340100587107,0.7840920799506872,0.6392332315444946,0.36076676845550537,0.07167490567721711,4.79227838372995,0.3971774193548387,0.8200975394564193,2.064814109494335
frame_011,frame_003,11,3,20,-8,False,True,452,"bonnet, poke bonnet",0.1389290093016084,1.9737922007644597,0.4183155298233032,0.5816844701766968,0.043571748206170886,4.991555513696231,0.3951612903225806,0.8028556277473635,2.0317162824627157
frame_011,frame_004,11,4,20,-7,False,False,158,toy terrier,0.24543852044620665,1.4047087889903906,0.4884108901023865,0.5115891098976135,0.052253258019552974,4.895554945220183,0.38306451612903225,0.8187693905709353,2.1374190406483367
frame_011,frame_005,11,5,20,-6,False,False,179,"Staffordshire bullterrier, Staffordshire bull terrier",0.14682880085435776,1.9184879909387007,0.4852561950683594,0.5147438049316406,0.04536963928496329,4.884630418313663,0.3870967741935484,0.8328644915770459,2.151566603240702
frame_011,frame_006,11,6,20,-5,False,False,245,French bulldog,0.18167704007095187,1.7055246733092284,0.4910227060317993,0.5089772939682007,0.04136538118341461,5.044969155686304,0.38911290322580644,0.8144737837620677,2.0931554235543293
frame_011,frame_007,11,7,20,-4,False,False,96,toucan,0.2051293906795257,1.5841143249038243,0.4602319598197937,0.5397680401802063,0.04307138673587848,5.089340063096254,0.3790322580645161,0.809996049968188,2.137010855235219
frame_011,frame_008,11,8,20,-3,False,False,359,"black-footed ferret, ferret, Mustela nigripes",0.17830984761170446,1.724232525062174,0.4665999412536621,0.5334000587463379,0.03668341723935408,5.092149697752021,0.3850806451612903,0.8071589640537551,2.096077728642212
frame_011,frame_009,11,9,20,-2,False,False,208,Labrador retriever,0.28218901705339056,1.2651781593378306,0.685344934463501,0.314655065536499,0.11588035656749324,4.772635188330218,0.10560344827586207,0.4482845768971633,4.244980483271097
frame_011,frame_010,11,10,20,-1,False,False,257,Great Pyrenees,0.48798955699034946,0.7174612729679044,0.7245805263519287,0.2754194736480713,0.11811137775120391,4.788087184408561,0.10775862068965517,0.4721714878512,4.381751407259136
frame_011,frame_012,11,12,20,1,False,False,207,golden retriever,0.6570171491024406,0.4200451587035685,0.7976359128952026,0.20236408710479736,0.10346781337734501,4.829600170589653,0.09482758620689655,0.47296213475490617,4.987600693779011
frame_011,frame_013,11,13,20,2,False,False,207,golden retriever,0.4634120090254814,0.7691387522883995,0.7986770868301392,0.20132291316986084,0.10426768006155115,4.908828120705532,0.08405172413793104,0.44914614176949397,5.34368743028321
frame_011,frame_014,11,14,20,3,False,False,208,Labrador retriever,0.5800204114924201,0.5446919838325934,0.8352632522583008,0.16473674774169922,0.07652004575275316,4.962102245305005,0.07758620689655173,0.4237909894663853,5.462194975344522
frame_011,frame_015,11,15,20,4,True,False,257,Great Pyrenees,0.5649827807050603,0.57096002492833,0.8430725336074829,0.1569274663925171,0.12192489748399012,4.819363447328151,0.07112068965517242,0.43329131869759674,6.092338541687421
frame_011,frame_016,11,16,20,5,False,False,208,Labrador retriever,0.51293400265736,0.6676080918781828,0.7517242431640625,0.2482757568359375,0.11869598057064348,4.747195971517387,0.06465517241379311,0.38686605048900224,5.9835282475632345
frame_011,frame_017,11,17,20,6,False,False,257,Great Pyrenees,0.5383932882571264,0.6191659668193541,0.8138124346733093,0.18618756532669067,0.14920974781328705,4.544455243695891,0.0668103448275862,0.46458977572783455,6.953859868958556
frame_011,frame_000,11,0,30,-11,False,False,198,standard schnauzer,0.21306523480456824,1.5461568934746666,0.6017378568649292,0.3982621431350708,0.024892931781964306,5.673290644476696,0.41935483870967744,0.3065123570530377,0.7309140822033976
frame_011,frame_001,11,1,30,-10,False,False,179,"Staffordshire bullterrier, Staffordshire bull terrier",0.186309143232869,1.6803479245709951,0.6012648344039917,0.3987351655960083,0.017329778442626738,5.682421964080872,0.4274193548387097,0.3267984853855651,0.7645851356190579
frame_011,frame_002,11,2,30,-9,False,False,198,standard schnauzer,0.421382332252692,0.8642147048016309,0.678961992263794,0.32103800773620605,0.015049652129726289,5.711931698486974,0.3971774193548387,0.2853605405949402,0.7184712088075652
frame_011,frame_003,11,3,30,-8,False,False,452,"bonnet, poke bonnet",0.1863054336766243,1.6803678355271128,0.49661141633987427,0.5033885836601257,0.01656042396054488,5.692245506403756,0.3951612903225806,0.2490178250376159,0.6301675572380484
frame_011,frame_004,11,4,30,-7,False,True,452,"bonnet, poke bonnet",0.16879340207111473,1.7790797848406363,0.47627121210098267,0.5237287878990173,0.014295693470598607,5.757392793637383,0.38306451612903225,0.269517545593304,0.7035826453383094
frame_011,frame_005,11,5,30,-6,False,False,179,"Staffordshire bullterrier, Staffordshire bull terrier",0.24544866950778718,1.404667439116979,0.5437764525413513,0.4562235474586487,0.023481420653149985,5.708355999248862,0.3870967741935484,0.2997400660034351,0.7743285038422074
frame_011,frame_006,11,6,30,-5,False,False,245,French bulldog,0.13526061097087513,2.000551909834787,0.506037712097168,0.49396228790283203,0.018613418626295262,5.7377143758432005,0.38911290322580644,0.3416468972874653,0.8780148241170093
frame_011,frame_007,11,7,30,-4,False,False,176,"Saluki, gazelle hound",0.357779826202717,1.0278374923849718,0.567821741104126,0.432178258895874,0.025862535847541574,5.725770085399225,0.3790322580645161,0.3413176617446967,0.9004976607732423
frame_011,frame_008,11,8,30,-3,False,False,176,"Saluki, gazelle hound",0.40058556698594633,0.9148278848918565,0.6670745611190796,0.3329254388809204,0.024095544530710656,5.669815415014283,0.3850806451612903,0.3762145101533211,0.9769759007122893
frame_011,frame_009,11,9,30,-2,False,False,176,"Saluki, gazelle hound",0.4579188864174397,0.7810632144447514,0.7269703149795532,0.2730296850204468,0.0749437962795171,5.290679548208418,0.10560344827586207,0.19081382168024244,1.806890066523112
frame_011,frame_010,11,10,30,-1,False,False,257,Great Pyrenees,0.4356071748317333,0.8310144169117497,0.727807879447937,0.272192120552063,0.06405045794242709,5.2221169912109335,0.10775862068965517,0.18143385934599365,1.6837062147308213
frame_011,frame_012,11,12,30,1,False,False,207,golden retriever,0.4410449933276936,0.8186083830531774,0.7661499381065369,0.23385006189346313,0.10057919212443907,5.08291810589726,0.09482758620689655,0.17074826890407277,1.8006181084429493
frame_011,frame_013,11,13,30,2,False,False,207,golden retriever,0.3440363866109625,1.0670078521706552,0.7579949498176575,0.24200505018234253,0.13312861440804005,5.005466209804544,0.08405172413793104,0.1713127015370748,2.0381818849539157
frame_011,frame_014,11,14,30,3,False,False,257,Great Pyrenees,0.4792038454030184,0.7356292075824218,0.790284276008606,0.20971572399139404,0.09640713708658169,5.210858686917942,0.07758620689655173,0.14967781670117122,1.9291807485928736
frame_011,frame_015,11,15,30,4,True,False,257,Great Pyrenees,0.7688530341065861,0.26285544073624534,0.863001823425293,0.13699817657470703,0.04396681843694391,5.2170314432229175,0.07112068965517242,0.12075532834651599,1.6978931015994976
frame_011,frame_016,11,16,30,5,False,False,208,Labrador retriever,0.4138367528020941,0.8822836998233301,0.7199110984802246,0.2800889015197754,0.029363921123874356,5.396214181500042,0.06465517241379311,0.1098162414042446,1.6984912003856498
frame_011,frame_017,11,17,30,6,False,False,257,Great Pyrenees,0.5933870112802976,0.5219084600061996,0.8075574636459351,0.19244253635406494,0.03531756227047308,5.339825417852829,0.0668103448275862,0.12196998060479533,1.8256151935685496
frame_011,frame_000,11,0,40,-11,False,False,359,"black-footed ferret, ferret, Mustela nigripes",0.5890644471138332,0.5292196834659357,0.7369797229766846,0.26302027702331543,0.07952897759044548,4.5033141706199205,0.41935483870967744,0.9390078452960533,2.239172554167512
frame_011,frame_001,11,1,40,-10,False,False,285,Egyptian cat,0.3798524985029123,0.9679722634504522,0.6650162935256958,0.3349837064743042,0.06916388334478474,4.45865288636119,0.4274193548387097,0.9229617928695688,2.1593823078457834
frame_011,frame_002,11,2,40,-9,False,False,359,"black-footed ferret, ferret, Mustela nigripes",0.5022672192941419,0.688622991565893,0.7020858526229858,0.29791414737701416,0.0758193721505356,4.4880218734416175,0.3971774193548387,0.9357251110324792,2.35593733539142
frame_011,frame_003,11,3,40,-8,False,False,32,"tailed frog, bell toad, ribbed toad, tailed toad, Ascaphus trui",0.3108095079039722,1.1685750692449393,0.589859127998352,0.41014087200164795,0.06915463570376265,4.718081119275092,0.3951612903225806,0.9252583229039903,2.341470041634588
frame_011,frame_004,11,4,40,-7,False,False,158,toy terrier,0.18347281079975267,1.695688792494371,0.5359340310096741,0.4640659689903259,0.0641351324990217,4.578628099914478,0.38306451612903225,0.9053299868313236,2.363387755096508
frame_011,frame_005,11,5,40,-6,False,False,359,"black-footed ferret, ferret, Mustela nigripes",0.21723183637128224,1.5267901253685743,0.5497840642929077,0.4502159357070923,0.09192046853101472,4.513837486021747,0.3870967741935484,0.9319213622972382,2.4074635192678655
frame_011,frame_006,11,6,40,-5,False,False,159,Rhodesian ridgeback,0.16718655134769136,1.7886450160899425,0.5452771186828613,0.45472288131713867,0.06320478740462993,4.717891430751288,0.38911290322580644,0.919631940008525,2.3634064364985927
frame_011,frame_007,11,7,40,-4,False,True,359,"black-footed ferret, ferret, Mustela nigripes",0.15325335659905215,1.875662801638617,0.5136526823043823,0.4863473176956177,0.06967329274843181,4.543987564833396,0.3790322580645161,0.9303222497958399,2.454467212227322
frame_011,frame_008,11,8,40,-3,False,False,359,"black-footed ferret, ferret, Mustela nigripes",0.8029818285683484,0.21942319472062977,0.8299024701118469,0.17009752988815308,0.13190887994088407,4.403287437579381,0.3850806451612903,0.9267629270443651,2.4066723131623307
frame_011,frame_009,11,9,40,-2,False,False,169,"borzoi, Russian wolfhound",0.18337997922755558,1.6961948896357972,0.6284513473510742,0.3715486526489258,0.12027037141907888,3.966378920382085,0.10560344827586207,0.775163902843347,7.340327569781898
frame_011,frame_010,11,10,40,-1,False,False,257,Great Pyrenees,0.596922158457154,0.5159685619347321,0.7443548440933228,0.25564515590667725,0.15045708046539708,4.105041362299724,0.10775862068965517,0.7451702491396245,6.915179912015716
frame_011,frame_012,11,12,40,1,False,False,183,Kerry blue terrier,0.2896690254165229,1.2390162994380676,0.7376283407211304,0.26237165927886963,0.1090166585734562,4.077237645845838,0.09482758620689655,0.8303740006043194,8.756671279100097
frame_011,frame_013,11,13,40,2,False,False,183,Kerry blue terrier,0.45660664627550956,0.7839329889794371,0.7938361763954163,0.20616382360458374,0.12852796873874953,3.9107810154547353,0.08405172413793104,0.8237345126579368,9.800328560853401
frame_011,frame_014,11,14,40,3,False,False,183,Kerry blue terrier,0.4894217782350417,0.714530629096386,0.8284177780151367,0.17158222198486328,0.15427415396918298,3.905515654756508,0.07758620689655173,0.8186724292685308,10.55177797723884
frame_011,frame_015,11,15,40,4,True,False,257,Great Pyrenees,0.6627644150790758,0.4113356836473119,0.8488996624946594,0.15110033750534058,0.13004673997996472,3.7827191591244884,0.07112068965517242,0.7860344187252353,11.052120311773004
frame_011,frame_016,11,16,40,5,False,False,977,"sandbar, sand bar",0.2430969449445344,1.414294964812105,0.6897292733192444,0.3102707266807556,0.13010862090593067,3.8022642596604,0.06465517241379311,0.713331631905404,11.032862573470249
frame_011,frame_017,11,17,40,6,False,False,257,Great Pyrenees,0.528850207842838,0.6370500481990988,0.7629081606864929,0.23709183931350708,0.12462927446122318,3.7561761405701835,0.0668103448275862,0.7080184046629922,10.597436766568658
frame_011,frame_000,11,0,50,-11,False,False,359,"black-footed ferret, ferret, Mustela nigripes",0.8790892627297429,0.12886883613459332,0.9025766849517822,0.09742331504821777,0.03790466108700036,4.920941183685629,0.41935483870967744,0.8185169447997516,1.951848099137869
frame_011,frame_001,11,1,50,-10,False,False,285,Egyptian cat,0.5294281687434658,0.6359577817957103,0.727156400680542,0.272843599319458,0.048751188731333175,4.85139872281048,0.4274193548387097,0.8601757412030461,2.0124866397958057
frame_011,frame_002,11,2,50,-9,True,False,359,"black-footed ferret, ferret, Mustela nigripes",0.8980050092123525,0.1075796325080205,0.9117411375045776,0.08825886249542236,0.060675822029347536,4.832964884221597,0.3971774193548387,0.8024447355027505,2.020368471113524
frame_011,frame_003,11,3,50,-8,False,False,359,"black-footed ferret, ferret, Mustela nigripes",0.3608164851485029,1.0193858012928185,0.6116176247596741,0.3883823752403259,0.06048233830011681,4.947124630513884,0.3951612903225806,0.7726317726637199,1.9552314247000258
frame_011,frame_004,11,4,50,-7,False,False,158,toy terrier,0.22131381164569697,1.508173622459644,0.5604338645935059,0.43956613540649414,0.05921670878533982,4.852511343311962,0.38306451612903225,0.8361905857429267,2.1828975290973247
frame_011,frame_005,11,5,50,-6,False,False,359,"black-footed ferret, ferret, Mustela nigripes",0.4182571317819092,0.8716588877796241,0.6477100849151611,0.35228991508483887,0.052886345734734365,4.810213764851306,0.3870967741935484,0.8380097861697302,2.164858614271803
frame_011,frame_006,11,6,50,-5,False,False,106,wombat,0.27194796454913645,1.302144537792266,0.5581386089324951,0.4418613910675049,0.03612624433377633,4.987328429223851,0.38911290322580644,0.819445726366264,2.1059330584335076
frame_011,frame_007,11,7,50,-4,False,True,359,"black-footed ferret, ferret, Mustela nigripes",0.21060076347296797,1.5577910540610649,0.5158635973930359,0.4841364026069641,0.040083384547678215,5.003607088081189,0.3790322580645161,0.8175550847200856,2.1569538405380984
frame_011,frame_008,11,8,50,-3,False,False,359,"black-footed ferret, ferret, Mustela nigripes",0.8301462482563482,0.18615339099487738,0.8663203716278076,0.13367962837219238,0.04061412851153767,4.89550233167027,0.3850806451612903,0.8497696194873761,2.2067315773075316
frame_011,frame_009,11,9,50,-2,False,False,260,"chow, chow chow",0.44959758054113946,0.7994023617758108,0.6860731840133667,0.3139268159866333,0.09849125045566269,4.2639708940259595,0.10560344827586207,0.673124278549849,6.374074800961836
frame_011,frame_010,11,10,50,-1,False,False,257,Great Pyrenees,0.2607333374108875,1.3442570896900419,0.677802324295044,0.32219767570495605,0.10936723480732884,4.306809384326861,0.10775862068965517,0.6765536995743909,6.278418332050348
frame_011,frame_012,11,12,50,1,False,False,207,golden retriever,0.5144430509179503,0.6646704180405463,0.7886435985565186,0.21135640144348145,0.08466862867009031,4.317003254451004,0.09482758620689655,0.7682152345435581,8.101178837004795
frame_011,frame_013,11,13,50,2,False,False,183,Kerry blue terrier,0.409762343435518,0.8921779375031571,0.8036413192749023,0.19635868072509766,0.10695342033201441,4.2987799919649685,0.08405172413793104,0.73209969123329,8.710109146980681
frame_011,frame_014,11,14,50,3,False,False,183,Kerry blue terrier,0.42863661265291836,0.8471457757625136,0.8319824934005737,0.16801750659942627,0.09526428505477103,4.4177823071005005,0.07758620689655173,0.6870432730830257,8.855224408625665
frame_011,frame_015,11,15,50,4,False,False,208,Labrador retriever,0.3709222912369029,0.9917626958964769,0.7980624437332153,0.20193755626678467,0.10825377199921281,4.137756980891351,0.07112068965517242,0.7022478616562349,9.874030539651303
frame_011,frame_016,11,16,50,5,False,False,208,Labrador retriever,0.3163167141462879,1.1510113073657815,0.7189651131629944,0.2810348868370056,0.10476317727505378,4.166894813573998,0.06465517241379311,0.6240799522543737,9.652436594867646
frame_011,frame_017,11,17,50,6,False,False,208,Labrador retriever,0.480294637087126,0.7333555361302522,0.7902669906616211,0.2097330093383789,0.12364706665822629,3.8951975165140458,0.0668103448275862,0.673891179294833,10.086629264283953
frame_012,frame_000,12,0,5,-12,False,False,359,"black-footed ferret, ferret, Mustela nigripes",0.6123783811921751,0.4904049175980614,0.7141836285591125,0.28581637144088745,0.016520729068184765,5.5963921804167915,0.41935483870967744,0.7736479896723907,1.844852898449547
frame_012,frame_001,12,1,5,-11,False,False,359,"black-footed ferret, ferret, Mustela nigripes",0.3981261834168648,0.9209862801844855,0.5763109922409058,0.42368900775909424,0.018664103385532132,5.572841306504907,0.4274193548387097,0.7837820935770254,1.8337543321424745
frame_012,frame_002,12,2,5,-10,False,False,359,"black-footed ferret, ferret, Mustela nigripes",0.5089851752912922,0.6753363880202157,0.6865928173065186,0.31340718269348145,0.01439339953830689,5.620016929462266,0.3971774193548387,0.7350827909146163,1.850766823825633
frame_012,frame_003,12,3,5,-9,False,False,359,"black-footed ferret, ferret, Mustela nigripes",0.36027715191967685,1.0208816772835942,0.605777382850647,0.394222617149353,0.018538544073325884,5.6391392874914645,0.3951612903225806,0.7114647412294319,1.8004413859683583
frame_012,frame_004,12,4,5,-8,False,False,452,"bonnet, poke bonnet",0.3559326243530504,1.0330138234768067,0.5550709366798401,0.4449290633201599,0.0260220843559133,5.507242597235374,0.38306451612903225,0.7549667342724754,1.970860527363936
frame_012,frame_005,12,5,5,-7,False,False,452,"bonnet, poke bonnet",0.457558119587166,0.781851364986125,0.6609084606170654,0.33909153938293457,0.020048570180205096,5.542051536922175,0.3870967741935484,0.7449648710383161,1.92449258351565
frame_012,frame_006,12,6,5,-6,False,False,452,"bonnet, poke bonnet",0.26287255564643797,1.3360859435419705,0.5299786329269409,0.4700213670730591,0.020483437983328856,5.628026418996376,0.38911290322580644,0.7489212320230361,1.9246887620902897
frame_012,frame_007,12,7,5,-5,False,False,452,"bonnet, poke bonnet",0.18481653797514722,1.6883916325711459,0.5243481397628784,0.4756518602371216,0.01815049164697103,5.625069395689229,0.3790322580645161,0.7530664325452565,1.986813566715145
frame_012,frame_008,12,8,5,-4,False,False,359,"black-footed ferret, ferret, Mustela nigripes",0.5030366848758542,0.6870921793830627,0.6497958898544312,0.35020411014556885,0.020205858840739332,5.5882155621461305,0.3850806451612903,0.7581717563552965,1.9688648751425502
frame_012,frame_009,12,9,5,-3,True,False,169,"borzoi, Russian wolfhound",0.6261997305106618,0.4680859004465807,0.7454997301101685,0.25450026988983154,0.029063847000652974,4.980106116866239,0.10560344827586207,0.5922591852518949,5.608331876671005
frame_012,frame_010,12,10,5,-2,False,False,177,"Scottish deerhound, deerhound",0.17002586831000663,1.7718046869785766,0.5597115755081177,0.4402884244918823,0.030571857265874736,4.946674169186803,0.10775862068965517,0.6041920115014663,5.606901866733607
frame_012,frame_011,12,11,5,-1,False,False,257,Great Pyrenees,0.2302841143890278,1.4684414524371974,0.6446066498756409,0.35539335012435913,0.031235827604475457,4.95851924902867,0.10129310344827586,0.6032602840809899,5.955590889650623
frame_012,frame_013,12,13,5,1,False,False,169,"borzoi, Russian wolfhound",0.1366320173206438,1.9904639718966806,0.536712646484375,0.463287353515625,0.03722049275875503,4.9026432219002345,0.08405172413793104,0.6008442805881762,7.148506312638814
frame_012,frame_014,12,14,5,2,False,False,169,"borzoi, Russian wolfhound",0.16251625984553317,1.8169772216301752,0.5428582429885864,0.4571417570114136,0.037802229620783195,4.9076524431518305,0.07758620689655173,0.5858122196604767,7.550468608957255
frame_012,frame_015,12,15,5,3,False,False,169,"borzoi, Russian wolfhound",0.10267988612449044,2.276139032012823,0.5235263109207153,0.47647368907928467,0.039245492739461554,4.8535181265735545,0.07112068965517242,0.5413682298959568,7.611965414294665
frame_012,frame_016,12,16,5,4,False,True,218,Welsh springer spaniel,0.17769121003505658,1.7277080102388034,0.5233098864555359,0.4766901135444641,0.03717169936816019,4.852190983778987,0.06465517241379311,0.49452234174590176,7.64861221900328
frame_012,frame_017,12,17,5,5,False,False,218,Welsh springer spaniel,0.1969629391966686,1.6247396938472818,0.5685915946960449,0.4314084053039551,0.039801996233422114,4.7937055810037705,0.0668103448275862,0.4856368758912554,7.26888743269492
frame_012,frame_000,12,0,10,-12,False,False,359,"black-footed ferret, ferret, Mustela nigripes",0.40445827822704494,0.9052066918649988,0.6047012805938721,0.39529871940612793,0.05910442378119593,5.008641804179997,0.41935483870967744,0.8633043348018647,2.058648798373677
frame_012,frame_001,12,1,10,-11,False,False,179,"Staffordshire bullterrier, Staffordshire bull terrier",0.17842979673264486,1.7235600507388833,0.541702151298523,0.45829784870147705,0.06457357262363972,4.912023100394353,0.4274193548387097,0.8718108647686893,2.0397084383267448
frame_012,frame_002,12,2,10,-10,False,False,359,"black-footed ferret, ferret, Mustela nigripes",0.34313205665109686,1.0696399010978395,0.6138302087783813,0.38616979122161865,0.05181139417959549,4.90831690748243,0.3971774193548387,0.8517101791476032,2.144407354605133
frame_012,frame_003,12,3,10,-9,False,False,359,"black-footed ferret, ferret, Mustela nigripes",0.17749058353422723,1.7288377219852906,0.4624837636947632,0.5375162363052368,0.05314810635825747,5.18099199199972,0.3951612903225806,0.8478130897148763,2.145486186217238
frame_012,frame_004,12,4,10,-8,False,False,389,"barracouta, snoek",0.3398979604921624,1.0791098226153313,0.5827633142471313,0.41723668575286865,0.045525847871196935,5.027487609663929,0.38306451612903225,0.8645340131980267,2.256888792348533
frame_012,frame_005,12,5,10,-7,False,False,359,"black-footed ferret, ferret, Mustela nigripes",0.15290967927121285,1.8779078634646833,0.5153014063835144,0.4846985936164856,0.048695530384734315,5.105411035511667,0.3870967741935484,0.863341153558992,2.230297980027396
frame_012,frame_006,12,6,10,-6,False,True,359,"black-footed ferret, ferret, Mustela nigripes",0.11986370132325427,2.121400004041316,0.45514053106307983,0.5448594689369202,0.0458646045597573,5.21964640353464,0.38911290322580644,0.853306303200672,2.1929529864639035
frame_012,frame_007,12,7,10,-5,False,False,359,"black-footed ferret, ferret, Mustela nigripes",0.4592721126371965,0.7781124065910765,0.6132849454879761,0.3867150545120239,0.03789974423679223,5.244548005503413,0.3790322580645161,0.8659562820954511,2.2846506165922538
frame_012,frame_008,12,8,10,-4,False,False,359,"black-footed ferret, ferret, Mustela nigripes",0.7798241038105757,0.2486868926643968,0.8095679879188538,0.19043201208114624,0.041265845324250684,5.166867317617105,0.3850806451612903,0.8776112594822716,2.279032380645061
frame_012,frame_009,12,9,10,-3,False,False,257,Great Pyrenees,0.28667035279459,1.249422319899585,0.6986331939697266,0.30136680603027344,0.14565542735299386,3.9860398530719947,0.10560344827586207,0.7228342469190416,6.844797766743578
frame_012,frame_010,12,10,10,-2,False,False,257,Great Pyrenees,0.5269588772281885,0.6406327653104853,0.7191851139068604,0.28081488609313965,0.1503955880122264,4.104482944343146,0.10775862068965517,0.6805989178804089,6.315957957930196
frame_012,frame_011,12,11,10,-1,True,False,257,Great Pyrenees,0.6401265234611893,0.4460894292589792,0.8287656307220459,0.1712343692779541,0.11401981185504888,4.159056739885603,0.10129310344827586,0.7735463176957769,7.636712583209372
frame_012,frame_013,12,13,10,1,False,False,207,golden retriever,0.2995322206215804,1.205533285838869,0.7116959095001221,0.28830409049987793,0.11427610514664825,3.941285261656905,0.08405172413793104,0.7969764225581439,9.481975899153301
frame_012,frame_014,12,14,10,2,False,False,257,Great Pyrenees,0.38418182618938,0.9566393327613492,0.7582575082778931,0.24174249172210693,0.13807871687316423,3.9813517298459042,0.07758620689655173,0.788466069167416,10.162451558157807
frame_012,frame_015,12,15,10,3,False,False,257,Great Pyrenees,0.570561452067508,0.5611343993240814,0.7880308032035828,0.21196919679641724,0.15205828848923778,3.934248116156277,0.07112068965517242,0.7347339528404034,10.330804670240823
frame_012,frame_016,12,16,10,4,False,False,805,soccer ball,0.2868610948345674,1.248757170506999,0.6544721722602844,0.3455278277397156,0.1408403663158928,3.8734761898398746,0.06465517241379311,0.6829821022460382,10.563456514738723
frame_012,frame_017,12,17,10,5,False,False,257,Great Pyrenees,0.35220771490771663,1.0435341782544416,0.7425925135612488,0.2574074864387512,0.153359622373279,3.7862757369355924,0.0668103448275862,0.6984515216744078,10.454242130868556
frame_012,frame_000,12,0,20,-12,False,False,359,"black-footed ferret, ferret, Mustela nigripes",0.3284383856074322,1.1134060214884478,0.5978597402572632,0.4021402597427368,0.0364589990390341,5.256392775320221,0.41935483870967744,0.8331745499706414,1.986800849929991
frame_012,frame_001,12,1,20,-11,False,False,179,"Staffordshire bullterrier, Staffordshire bull terrier",0.26992537288371554,1.309609754915357,0.5716906785964966,0.4283093214035034,0.03980414490291755,5.144555962500441,0.4274193548387097,0.8473428180449889,1.9824624422184645
frame_012,frame_002,12,2,20,-10,False,False,179,"Staffordshire bullterrier, Staffordshire bull terrier",0.4565340100587107,0.7840920799506872,0.6392332315444946,0.36076676845550537,0.046353272081401185,5.090741839491415,0.3971774193548387,0.8245156838035923,2.075937965312598
frame_012,frame_003,12,3,20,-9,False,True,452,"bonnet, poke bonnet",0.1389290093016084,1.9737922007644597,0.4183155298233032,0.5816844701766968,0.033676277767444224,5.235873569075766,0.3951612903225806,0.8193898379466256,2.073557957252685
frame_012,frame_004,12,4,20,-8,False,False,158,toy terrier,0.24543852044620665,1.4047087889903906,0.4884108901023865,0.5115891098976135,0.03641964369971997,5.163478247152117,0.38306451612903225,0.8274067936028549,2.159967208563242
frame_012,frame_005,12,5,20,-7,False,False,179,"Staffordshire bullterrier, Staffordshire bull terrier",0.14682880085435776,1.9184879909387007,0.4852561950683594,0.5147438049316406,0.029661860107000466,5.130320372342973,0.3870967741935484,0.8479425150359161,2.1905181638427833
frame_012,frame_006,12,6,20,-6,False,False,245,French bulldog,0.18167704007095187,1.7055246733092284,0.4910227060317993,0.5089772939682007,0.0320182595800166,5.229967348704627,0.38911290322580644,0.8298603429564742,2.1326980834529077
frame_012,frame_007,12,7,20,-5,False,False,96,toucan,0.2051293906795257,1.5841143249038243,0.4602319598197937,0.5397680401802063,0.03089359048506137,5.251685066460154,0.3790322580645161,0.8311323564234379,2.1927747275852405
frame_012,frame_008,12,8,20,-4,False,False,359,"black-footed ferret, ferret, Mustela nigripes",0.17830984761170446,1.724232525062174,0.4665999412536621,0.5334000587463379,0.030600897644248073,5.2244889754911235,0.3850806451612903,0.8238815403943163,2.1395038954742454
frame_012,frame_009,12,9,20,-3,False,False,208,Labrador retriever,0.28218901705339056,1.2651781593378306,0.685344934463501,0.314655065536499,0.11566635835713501,4.787523874702239,0.10560344827586207,0.5136913358212885,4.864342445328119
frame_012,frame_010,12,10,20,-2,False,False,257,Great Pyrenees,0.48798955699034946,0.7174612729679044,0.7245805263519287,0.2754194736480713,0.10152166472560348,4.843270468188475,0.10775862068965517,0.5508187885610288,5.111598357846348
frame_012,frame_011,12,11,20,-1,False,False,257,Great Pyrenees,0.665020808138131,0.4079369483825386,0.808329701423645,0.19167029857635498,0.06364510854147988,4.889805822511554,0.10129310344827586,0.5080148636980422,5.015295675657268
frame_012,frame_013,12,13,20,1,False,False,207,golden retriever,0.4634120090254814,0.7691387522883995,0.7986770868301392,0.20132291316986084,0.10501899726812684,4.855026243776227,0.08405172413793104,0.522810379853539,6.220102980821592
frame_012,frame_014,12,14,20,2,False,False,208,Labrador retriever,0.5800204114924201,0.5446919838325934,0.8352632522583008,0.16473674774169922,0.07982769592459646,4.866044479024469,0.07758620689655173,0.5196024804647078,6.697098637100678
frame_012,frame_015,12,15,20,3,True,False,257,Great Pyrenees,0.5649827807050603,0.57096002492833,0.8430725336074829,0.1569274663925171,0.11404663892106942,4.760618085289467,0.07112068965517242,0.4904135830591897,6.895512198165576
frame_012,frame_016,12,16,20,4,False,False,208,Labrador retriever,0.51293400265736,0.6676080918781828,0.7517242431640625,0.2482757568359375,0.12255135153398355,4.66698227111834,0.06465517241379311,0.4742449264314518,7.33498819547312
frame_012,frame_017,12,17,20,5,False,False,257,Great Pyrenees,0.5383932882571264,0.6191659668193541,0.8138124346733093,0.18618756532669067,0.1371356846149904,4.575041869558461,0.0668103448275862,0.5096902223285223,7.628911714852722
frame_012,frame_000,12,0,30,-12,False,False,198,standard schnauzer,0.21306523480456824,1.5461568934746666,0.6017378568649292,0.3982621431350708,0.017878277321656717,5.715576233212765,0.41935483870967744,0.36675563329904415,0.8745711255592591
frame_012,frame_001,12,1,30,-11,False,False,179,"Staffordshire bullterrier, Staffordshire bull terrier",0.186309143232869,1.6803479245709951,0.6012648344039917,0.3987351655960083,0.017683476326403286,5.711811145088408,0.4274193548387097,0.38243002470011733,0.8947419445814065
frame_012,frame_002,12,2,30,-10,False,False,198,standard schnauzer,0.421382332252692,0.8642147048016309,0.678961992263794,0.32103800773620605,0.014947226136720388,5.732060885086726,0.3971774193548387,0.3326498798718778,0.8375347229261492
frame_012,frame_003,12,3,30,-9,False,False,452,"bonnet, poke bonnet",0.1863054336766243,1.6803678355271128,0.49661141633987427,0.5033885836601257,0.022067127472358734,5.7288912252585895,0.3951612903225806,0.3042701423265244,0.7699897479283474
frame_012,frame_004,12,4,30,-8,False,True,452,"bonnet, poke bonnet",0.16879340207111473,1.7790797848406363,0.47627121210098267,0.5237287878990173,0.014157821411248704,5.773442436259522,0.38306451612903225,0.33513834135571396,0.8748874595391269
frame_012,frame_005,12,5,30,-7,False,False,179,"Staffordshire bullterrier, Staffordshire bull terrier",0.24544866950778718,1.404667439116979,0.5437764525413513,0.4562235474586487,0.020467025851802163,5.739466214774641,0.3870967741935484,0.3750190979041551,0.9687993362524007
frame_012,frame_006,12,6,30,-6,False,False,245,French bulldog,0.13526061097087513,2.000551909834787,0.506037712097168,0.49396228790283203,0.0158834157497428,5.769526930926091,0.38911290322580644,0.39950064734301816,1.0266959641561504
frame_012,frame_007,12,7,30,-5,False,False,176,"Saluki, gazelle hound",0.357779826202717,1.0278374923849718,0.567821741104126,0.432178258895874,0.02189934636355599,5.781781565827527,0.3790322580645161,0.4126321997059428,1.0886466545433384
frame_012,frame_008,12,8,30,-4,False,False,176,"Saluki, gazelle hound",0.40058556698594633,0.9148278848918565,0.6670745611190796,0.3329254388809204,0.019316032353058423,5.7096833574521835,0.3850806451612903,0.44235720284349467,1.1487391236145201
frame_012,frame_009,12,9,30,-3,False,False,176,"Saluki, gazelle hound",0.4579188864174397,0.7810632144447514,0.7269703149795532,0.2730296850204468,0.044400732841515286,5.340602976079221,0.10560344827586207,0.25433813838282004,2.4084264532577246
frame_012,frame_010,12,10,30,-2,False,False,257,Great Pyrenees,0.4356071748317333,0.8310144169117497,0.727807879447937,0.272192120552063,0.0440278501404496,5.371897825918936,0.10775862068965517,0.26799870872383735,2.4870280169572108
frame_012,frame_011,12,11,30,-1,False,False,257,Great Pyrenees,0.5120354290234252,0.6693614590252754,0.7697076201438904,0.23029237985610962,0.0273405475038689,5.5430787147190985,0.10129310344827586,0.23110513968535862,2.281548613063966
frame_012,frame_013,12,13,30,1,False,False,207,golden retriever,0.3440363866109625,1.0670078521706552,0.7579949498176575,0.24200505018234253,0.07682406668552542,5.128992016590486,0.08405172413793104,0.23255548093186354,2.7668139269842227
frame_012,frame_014,12,14,30,2,False,False,257,Great Pyrenees,0.4792038454030184,0.7356292075824218,0.790284276008606,0.20971572399139404,0.05852216962398836,5.244543650807829,0.07758620689655173,0.21269538959323103,2.741407243646089
frame_012,frame_015,12,15,30,3,True,False,257,Great Pyrenees,0.7688530341065861,0.26285544073624534,0.863001823425293,0.13699817657470703,0.039844747369504836,5.235843423929159,0.07112068965517242,0.16310602144148822,2.2933695136015313
frame_012,frame_016,12,16,30,4,False,False,208,Labrador retriever,0.4138367528020941,0.8822836998233301,0.7199110984802246,0.2800889015197754,0.02487851504355926,5.3998343135187055,0.06465517241379311,0.1632783192172477,2.525371337226764
frame_012,frame_017,12,17,30,5,False,False,257,Great Pyrenees,0.5933870112802976,0.5219084600061996,0.8075574636459351,0.19244253635406494,0.033152788361521274,5.376456702840342,0.0668103448275862,0.16453477216462575,2.4627140091737534
frame_012,frame_000,12,0,40,-12,False,False,359,"black-footed ferret, ferret, Mustela nigripes",0.5890644471138332,0.5292196834659357,0.7369797229766846,0.26302027702331543,0.08959529303690728,4.473324766908442,0.41935483870967744,0.9537451320336995,2.274315314849591
frame_012,frame_001,12,1,40,-11,False,False,285,Egyptian cat,0.3798524985029123,0.9679722634504522,0.6650162935256958,0.3349837064743042,0.07864609271315923,4.412544224545363,0.4274193548387097,0.9436349688700751,2.2077497384884777
frame_012,frame_002,12,2,40,-10,False,False,359,"black-footed ferret, ferret, Mustela nigripes",0.5022672192941419,0.688622991565893,0.7020858526229858,0.29791414737701416,0.06709413249360313,4.472823020459868,0.3971774193548387,0.9538951360017477,2.401685215517091
frame_012,frame_003,12,3,40,-9,False,False,32,"tailed frog, bell toad, ribbed toad, tailed toad, Ascaphus trui",0.3108095079039722,1.1685750692449393,0.589859127998352,0.41014087200164795,0.08468492397475358,4.705895098239544,0.3951612903225806,0.9427855245076932,2.3858245926317134
frame_012,frame_004,12,4,40,-8,False,False,158,toy terrier,0.18347281079975267,1.695688792494371,0.5359340310096741,0.4640659689903259,0.0801535998221594,4.497577195413817,0.38306451612903225,0.9316124136094577,2.431998721843637
frame_012,frame_005,12,5,40,-7,False,False,359,"black-footed ferret, ferret, Mustela nigripes",0.21723183637128224,1.5267901253685743,0.5497840642929077,0.4502159357070923,0.09855280734438075,4.411995612100838,0.3870967741935484,0.9485560787887723,2.4504365368709955
frame_012,frame_006,12,6,40,-6,False,False,159,Rhodesian ridgeback,0.16718655134769136,1.7886450160899425,0.5452771186828613,0.45472288131713867,0.08094528332001873,4.623117694661333,0.38911290322580644,0.9397354895057364,2.415071517071737
frame_012,frame_007,12,7,40,-5,False,True,359,"black-footed ferret, ferret, Mustela nigripes",0.15325335659905215,1.875662801638617,0.5136526823043823,0.4863473176956177,0.09373838476356465,4.505034037042754,0.3790322580645161,0.9498632074799525,2.506022079308811
frame_012,frame_008,12,8,40,-4,False,False,359,"black-footed ferret, ferret, Mustela nigripes",0.8029818285683484,0.21942319472062977,0.8299024701118469,0.17009752988815308,0.13390268551766196,4.378896814752816,0.3850806451612903,0.9422690124841537,2.4469394250897394
frame_012,frame_009,12,9,40,-3,False,False,169,"borzoi, Russian wolfhound",0.18337997922755558,1.6961948896357972,0.6284513473510742,0.3715486526489258,0.09815666928372459,3.936742214720206,0.10560344827586207,0.7885724657247354,7.4672984509444325
frame_012,frame_010,12,10,40,-2,False,False,257,Great Pyrenees,0.596922158457154,0.5159685619347321,0.7443548440933228,0.25564515590667725,0.12174835419880686,4.0688240385710435,0.10775862068965517,0.7494914154971263,6.955280335813332
frame_012,frame_011,12,11,40,-1,False,False,805,soccer ball,0.5033900923198468,0.6863898780005355,0.8429477214813232,0.15705227851867676,0.08381069463678913,4.073022182202056,0.10129310344827586,0.8128458856474078,8.024691296604196
frame_012,frame_013,12,13,40,1,False,False,183,Kerry blue terrier,0.45660664627550956,0.7839329889794371,0.7938361763954163,0.20616382360458374,0.10934680501277132,3.7637807232238814,0.08405172413793104,0.8454112263654749,10.058225872655907
frame_012,frame_014,12,14,40,2,False,False,183,Kerry blue terrier,0.4894217782350417,0.714530629096386,0.8284177780151367,0.17158222198486328,0.13654885837615735,3.76250583476898,0.07758620689655173,0.8543855513780414,11.012080439983645
frame_012,frame_015,12,15,40,3,True,False,257,Great Pyrenees,0.6627644150790758,0.4113356836473119,0.8488996624946594,0.15110033750534058,0.11868664874185403,3.6934936485520673,0.07112068965517242,0.7958252687329029,11.189785596729301
frame_012,frame_016,12,16,40,4,False,False,977,"sandbar, sand bar",0.2430969449445344,1.414294964812105,0.6897292733192444,0.3102707266807556,0.12187410025816944,3.609257666935406,0.06465517241379311,0.7334786323038768,11.344469512966628
frame_012,frame_017,12,17,40,5,False,False,257,Great Pyrenees,0.528850207842838,0.6370500481990988,0.7629081606864929,0.23709183931350708,0.13629658275631124,3.6089675919984687,0.0668103448275862,0.7226897444747263,10.817033594718485
frame_012,frame_000,12,0,50,-12,False,False,359,"black-footed ferret, ferret, Mustela nigripes",0.8790892627297429,0.12886883613459332,0.9025766849517822,0.09742331504821777,0.039663530824284185,4.924737690483133,0.41935483870967744,0.8702562473217463,2.0752264359210875
frame_012,frame_001,12,1,50,-11,False,False,285,Egyptian cat,0.5294281687434658,0.6359577817957103,0.727156400680542,0.272843599319458,0.0444773358486218,4.835624245099785,0.4274193548387097,0.9042018087665774,2.1154910242840677
frame_012,frame_002,12,2,50,-10,True,False,359,"black-footed ferret, ferret, Mustela nigripes",0.8980050092123525,0.1075796325080205,0.9117411375045776,0.08825886249542236,0.04983202119500227,4.823790443341544,0.3971774193548387,0.8523897641350862,2.1461183909187955
frame_012,frame_003,12,3,50,-9,False,False,359,"black-footed ferret, ferret, Mustela nigripes",0.3608164851485029,1.0193858012928185,0.6116176247596741,0.3883823752403259,0.044019795634752,4.875946510858158,0.3951612903225806,0.8405088981716737,2.1270021096589296
frame_012,frame_004,12,4,50,-8,False,False,158,toy terrier,0.22131381164569697,1.508173622459644,0.5604338645935059,0.43956613540649414,0.05619989971099653,4.711852624161708,0.38306451612903225,0.8869284544909704,2.315350070671165
frame_012,frame_005,12,5,50,-7,False,False,359,"black-footed ferret, ferret, Mustela nigripes",0.4182571317819092,0.8716588877796241,0.6477100849151611,0.35228991508483887,0.07766474783180402,4.653369784709622,0.3870967741935484,0.8936040531094636,2.3084771371994477
frame_012,frame_006,12,6,50,-6,False,False,106,wombat,0.27194796454913645,1.302144537792266,0.5581386089324951,0.4418613910675049,0.07191823313013064,4.746286954480141,0.38911290322580644,0.879881662339256,2.261250282488451
frame_012,frame_007,12,7,50,-5,False,True,359,"black-footed ferret, ferret, Mustela nigripes",0.21060076347296797,1.5577910540610649,0.5158635973930359,0.4841364026069641,0.053371883333417997,4.788284182752263,0.3790322580645161,0.8810888671591786,2.324574883568897
frame_012,frame_008,12,8,50,-4,False,False,359,"black-footed ferret, ferret, Mustela nigripes",0.8301462482563482,0.18615339099487738,0.8663203716278076,0.13367962837219238,0.057940329576679675,4.6463694388319485,0.3850806451612903,0.9004402566619021,2.3383160591848346
frame_012,frame_009,12,9,50,-3,False,False,260,"chow, chow chow",0.44959758054113946,0.7994023617758108,0.6860731840133667,0.3139268159866333,0.07112718360848565,4.222130824498359,0.10560344827586207,0.7090905715751097,6.714653575731651
frame_012,frame_010,12,10,50,-2,False,False,257,Great Pyrenees,0.2607333374108875,1.3442570896900419,0.677802324295044,0.32219767570495605,0.0831655963420588,4.269231310311,0.10775862068965517,0.7099757069283091,6.588574560294709
frame_012,frame_011,12,11,50,-1,False,False,257,Great Pyrenees,0.5106270821267169,0.6721157357718415,0.8230599761009216,0.17694002389907837,0.06448440310887282,4.356903525977725,0.10129310344827586,0.7300833462019566,7.207631332717189
frame_012,frame_013,12,13,50,1,False,False,183,Kerry blue terrier,0.409762343435518,0.8921779375031571,0.8036413192749023,0.19635868072509766,0.07582864261256414,4.107125492214667,0.08405172413793104,0.7856177043159756,9.346836276990068
frame_012,frame_014,12,14,50,2,False,False,183,Kerry blue terrier,0.42863661265291836,0.8471457757625136,0.8319824934005737,0.16801750659942627,0.08287296346359523,4.118559916506168,0.07758620689655173,0.7822602012528149,10.082464816147391
frame_012,frame_015,12,15,50,3,False,False,208,Labrador retriever,0.3709222912369029,0.9917626958964769,0.7980624437332153,0.20193755626678467,0.07824784476463832,3.986992160586967,0.07112068965517242,0.7372430100756951,10.366083535609773
frame_012,frame_016,12,16,50,4,False,False,208,Labrador retriever,0.3163167141462879,1.1510113073657815,0.7189651131629944,0.2810348868370056,0.0906891218137292,3.92995124363257,0.06465517241379311,0.6640946581052257,10.27133071202749
frame_012,frame_017,12,17,50,5,False,False,208,Labrador retriever,0.480294637087126,0.7333555361302522,0.7902669906616211,0.2097330093383789,0.09492344641123406,3.832174575798736,0.0668103448275862,0.6698261846832763,10.025785473969039
frame_013,frame_000,13,0,5,-13,False,False,359,"black-footed ferret, ferret, Mustela nigripes",0.6123783811921751,0.4904049175980614,0.7141836285591125,0.28581637144088745,0.019233508133430142,5.553075106862151,0.41935483870967744,0.7868372991971606,1.8763043288547676
frame_013,frame_001,13,1,5,-12,False,False,359,"black-footed ferret, ferret, Mustela nigripes",0.3981261834168648,0.9209862801844855,0.5763109922409058,0.42368900775909424,0.02147600937506141,5.52169460527003,0.4274193548387097,0.7986237849274518,1.8684782892642269
frame_013,frame_002,13,2,5,-11,False,False,359,"black-footed ferret, ferret, Mustela nigripes",0.5089851752912922,0.6753363880202157,0.6865928173065186,0.31340718269348145,0.015773892276114813,5.575093507854492,0.3971774193548387,0.7512856886729972,1.8915619369634853
frame_013,frame_003,13,3,5,-10,False,False,359,"black-footed ferret, ferret, Mustela nigripes",0.36027715191967685,1.0208816772835942,0.605777382850647,0.394222617149353,0.019825641683516717,5.591390557756972,0.3951612903225806,0.7293237473565699,1.8456356055554015
frame_013,frame_004,13,4,5,-9,False,False,452,"bonnet, poke bonnet",0.3559326243530504,1.0330138234768067,0.5550709366798401,0.4449290633201599,0.02906609366856944,5.449027218275905,0.38306451612903225,0.7721531006085094,2.0157259889569508
frame_013,frame_005,13,5,5,-8,False,False,452,"bonnet, poke bonnet",0.457558119587166,0.781851364986125,0.6609084606170654,0.33909153938293457,0.021471249076485503,5.490826983920444,0.3870967741935484,0.7593699623045401,1.9617057359533954
frame_013,frame_006,13,6,5,-7,False,False,452,"bonnet, poke bonnet",0.26287255564643797,1.3360859435419705,0.5299786329269409,0.4700213670730591,0.023425476683853145,5.5750254214670125,0.38911290322580644,0.7637540852680387,1.9628084263883274
frame_013,frame_007,13,7,5,-6,False,False,452,"bonnet, poke bonnet",0.18481653797514722,1.6883916325711459,0.5243481397628784,0.4756518602371216,0.021580247271675394,5.572204478995262,0.3790322580645161,0.7664638820315428,2.0221600291896022
frame_013,frame_008,13,8,5,-5,False,False,359,"black-footed ferret, ferret, Mustela nigripes",0.5030366848758542,0.6870921793830627,0.6497958898544312,0.35020411014556885,0.02264489216943334,5.534088993722015,0.3850806451612903,0.7691932725672476,1.9974861947296063
frame_013,frame_009,13,9,5,-4,True,False,169,"borzoi, Russian wolfhound",0.6261997305106618,0.4680859004465807,0.7454997301101685,0.25450026988983154,0.030022174006797388,4.935079681711481,0.10560344827586207,0.6031991877210588,5.711927002093292
frame_013,frame_010,13,10,5,-3,False,False,177,"Scottish deerhound, deerhound",0.17002586831000663,1.7718046869785766,0.5597115755081177,0.4402884244918823,0.03068174068467952,4.902049104239357,0.10775862068965517,0.6184709162058006,5.73941010238983
frame_013,frame_011,13,11,5,-2,False,False,257,Great Pyrenees,0.2302841143890278,1.4684414524371974,0.6446066498756409,0.35539335012435913,0.03211926265563577,4.90465189800862,0.10129310344827586,0.6173734249504231,6.094920620787156
frame_013,frame_012,13,12,5,-1,False,False,169,"borzoi, Russian wolfhound",0.25897845080379905,1.351010422273772,0.5849039554595947,0.4150960445404053,0.028138978935420483,4.84381226259846,0.09482758620689655,0.6505506866358474,6.860352695432573
frame_013,frame_014,13,14,5,1,False,False,169,"borzoi, Russian wolfhound",0.16251625984553317,1.8169772216301752,0.5428582429885864,0.4571417570114136,0.03836459634933871,4.845387345783223,0.07758620689655173,0.6050363915565421,7.798246824506542
frame_013,frame_015,13,15,5,2,False,False,169,"borzoi, Russian wolfhound",0.10267988612449044,2.276139032012823,0.5235263109207153,0.47647368907928467,0.04057675648913233,4.792047380481456,0.07112068965517242,0.5616220727205257,7.89674671946436
frame_013,frame_016,13,16,5,3,False,True,218,Welsh springer spaniel,0.17769121003505658,1.7277080102388034,0.5233098864555359,0.4766901135444641,0.039826344148022975,4.788556374552682,0.06465517241379311,0.5107733818979096,7.899961640021001
frame_013,frame_017,13,17,5,4,False,False,218,Welsh springer spaniel,0.1969629391966686,1.6247396938472818,0.5685915946960449,0.4314084053039551,0.04125470680969663,4.736906662314093,0.0668103448275862,0.4958391911129214,7.421593054077276
frame_013,frame_000,13,0,10,-13,False,False,359,"black-footed ferret, ferret, Mustela nigripes",0.40445827822704494,0.9052066918649988,0.6047012805938721,0.39529871940612793,0.057536110102404205,4.987811736776913,0.41935483870967744,0.8721520813775407,2.0797472709772125
frame_013,frame_001,13,1,10,-12,False,False,179,"Staffordshire bullterrier, Staffordshire bull terrier",0.17842979673264486,1.7235600507388833,0.541702151298523,0.45829784870147705,0.06578937874920356,4.871852840004047,0.4274193548387097,0.8799937658841053,2.058853339049605
frame_013,frame_002,13,2,10,-11,False,False,359,"black-footed ferret, ferret, Mustela nigripes",0.34313205665109686,1.0696399010978395,0.6138302087783813,0.38616979122161865,0.058289781147599175,4.8779098758612225,0.3971774193548387,0.8632106953248248,2.1733629689396605
frame_013,frame_003,13,3,10,-10,False,False,359,"black-footed ferret, ferret, Mustela nigripes",0.17749058353422723,1.7288377219852906,0.4624837636947632,0.5375162363052368,0.05747796976752992,5.173474313198978,0.3951612903225806,0.8618910765807066,2.181112112163421
frame_013,frame_004,13,4,10,-9,False,False,389,"barracouta, snoek",0.3398979604921624,1.0791098226153313,0.5827633142471313,0.41723668575286865,0.047523754852923324,5.014731754702781,0.38306451612903225,0.8736211000545622,2.2806108717213833
frame_013,frame_005,13,5,10,-8,False,False,359,"black-footed ferret, ferret, Mustela nigripes",0.15290967927121285,1.8779078634646833,0.5153014063835144,0.4846985936164856,0.05392612945320968,5.10154696577373,0.3870967741935484,0.8725012042655305,2.2539614443526204
frame_013,frame_006,13,6,10,-7,False,True,359,"black-footed ferret, ferret, Mustela nigripes",0.11986370132325427,2.121400004041316,0.45514053106307983,0.5448594689369202,0.046046901616049934,5.212658226289463,0.38911290322580644,0.859640096288634,2.209230506524158
frame_013,frame_007,13,7,10,-6,False,False,359,"black-footed ferret, ferret, Mustela nigripes",0.4592721126371965,0.7781124065910765,0.6132849454879761,0.3867150545120239,0.03987432627462582,5.219103153556947,0.3790322580645161,0.8718166953326001,2.3001121323668596
frame_013,frame_008,13,8,10,-5,False,False,359,"black-footed ferret, ferret, Mustela nigripes",0.7798241038105757,0.2486868926643968,0.8095679879188538,0.19043201208114624,0.04328531313104629,5.12217739887819,0.3850806451612903,0.8808945790455232,2.2875586974166464
frame_013,frame_009,13,9,10,-4,False,False,257,Great Pyrenees,0.28667035279459,1.249422319899585,0.6986331939697266,0.30136680603027344,0.14823846573407576,3.9503063663074847,0.10560344827586207,0.7328199521704494,6.939356281777316
frame_013,frame_010,13,10,10,-3,False,False,257,Great Pyrenees,0.5269588772281885,0.6406327653104853,0.7191851139068604,0.28081488609313965,0.15333765403671276,4.056551361954786,0.10775862068965517,0.6840815860933301,6.348277118946104
frame_013,frame_011,13,11,10,-2,True,False,257,Great Pyrenees,0.6401265234611893,0.4460894292589792,0.8287656307220459,0.1712343692779541,0.1146781140442568,4.113272727755424,0.10129310344827586,0.7845867038990998,7.745707034237922
frame_013,frame_012,13,12,10,-1,False,False,207,golden retriever,0.3612711226976268,1.0181265701295663,0.6733360290527344,0.3266639709472656,0.12391140441943672,3.944290283273296,0.09482758620689655,0.821708861627299,8.66529344988788
frame_013,frame_014,13,14,10,1,False,False,257,Great Pyrenees,0.38418182618938,0.9566393327613492,0.7582575082778931,0.24174249172210693,0.1400500988720842,3.9180531068044626,0.07758620689655173,0.8015166815748782,10.330659451409542
frame_013,frame_015,13,15,10,2,False,False,257,Great Pyrenees,0.570561452067508,0.5611343993240814,0.7880308032035828,0.21196919679641724,0.15298560259722768,3.8753722075495505,0.07112068965517242,0.7470596379320554,10.504111272741627
frame_013,frame_016,13,16,10,3,False,False,805,soccer ball,0.2868610948345674,1.248757170506999,0.6544721722602844,0.3455278277397156,0.13938699736193985,3.8039123550593192,0.06465517241379311,0.6963086803494168,10.76957425607098
frame_013,frame_017,13,17,10,4,False,False,257,Great Pyrenees,0.35220771490771663,1.0435341782544416,0.7425925135612488,0.2574074864387512,0.1562271579685102,3.7298799717907203,0.0668103448275862,0.7101547119456927,10.629412462671015
frame_013,frame_000,13,0,20,-13,False,False,359,"black-footed ferret, ferret, Mustela nigripes",0.3284383856074322,1.1134060214884478,0.5978597402572632,0.4021402597427368,0.031794481417504905,5.2364662145778595,0.41935483870967744,0.8451572976657988,2.015375094433828
frame_013,frame_001,13,1,20,-12,False,False,179,"Staffordshire bullterrier, Staffordshire bull terrier",0.26992537288371554,1.309609754915357,0.5716906785964966,0.4283093214035034,0.039424582687465036,5.11982164528714,0.4274193548387097,0.8604510318478749,2.013130716021443
frame_013,frame_002,13,2,20,-11,False,False,179,"Staffordshire bullterrier, Staffordshire bull terrier",0.4565340100587107,0.7840920799506872,0.6392332315444946,0.36076676845550537,0.04808288397129346,5.062939184394364,0.3971774193548387,0.8350454668408684,2.102449500269395
frame_013,frame_003,13,3,20,-10,False,True,452,"bonnet, poke bonnet",0.1389290093016084,1.9737922007644597,0.4183155298233032,0.5816844701766968,0.029296043032745526,5.243200100946627,0.3951612903225806,0.8279007687439577,2.095095822943893
frame_013,frame_004,13,4,20,-9,False,False,158,toy terrier,0.24543852044620665,1.4047087889903906,0.4884108901023865,0.5115891098976135,0.03274824825973533,5.161269534696665,0.38306451612903225,0.8392401631497481,2.190858531169869
frame_013,frame_005,13,5,20,-8,False,False,179,"Staffordshire bullterrier, Staffordshire bull terrier",0.14682880085435776,1.9184879909387007,0.4852561950683594,0.5147438049316406,0.027863794807700168,5.151240637555659,0.3870967741935484,0.8546254867823487,2.2077825075210677
frame_013,frame_006,13,6,20,-7,False,False,245,French bulldog,0.18167704007095187,1.7055246733092284,0.4910227060317993,0.5089772939682007,0.03220354020334879,5.261265516010174,0.38911290322580644,0.8309887671803535,2.1355980752407016
frame_013,frame_007,13,7,20,-6,False,False,96,toucan,0.2051293906795257,1.5841143249038243,0.4602319598197937,0.5397680401802063,0.02962821248429094,5.276164002181278,0.3790322580645161,0.8322258136821066,2.1956595935442813
frame_013,frame_008,13,8,20,-5,False,False,359,"black-footed ferret, ferret, Mustela nigripes",0.17830984761170446,1.724232525062174,0.4665999412536621,0.5334000587463379,0.029844648387393053,5.244389481080624,0.3850806451612903,0.8228798311095745,2.1369025980646543
frame_013,frame_009,13,9,20,-4,False,False,208,Labrador retriever,0.28218901705339056,1.2651781593378306,0.685344934463501,0.314655065536499,0.11454635992947909,4.767374921547905,0.10560344827586207,0.5157433592231617,4.883773850603001
frame_013,frame_010,13,10,20,-3,False,False,257,Great Pyrenees,0.48798955699034946,0.7174612729679044,0.7245805263519287,0.2754194736480713,0.10483784901937639,4.792974690845783,0.10775862068965517,0.5596765110534324,5.193798022575853
frame_013,frame_011,13,11,20,-2,False,False,257,Great Pyrenees,0.665020808138131,0.4079369483825386,0.808329701423645,0.19167029857635498,0.067301906502677,4.8579489944505285,0.10129310344827586,0.5085309969427934,5.020391118754386
frame_013,frame_012,13,12,20,-1,False,False,207,golden retriever,0.6570171491024406,0.4200451587035685,0.7976359128952026,0.20236408710479736,0.11187949433050887,4.749194006235992,0.09482758620689655,0.5705264911353444,6.01646117924545
frame_013,frame_014,13,14,20,1,False,False,208,Labrador retriever,0.5800204114924201,0.5446919838325934,0.8352632522583008,0.16473674774169922,0.08310050807387087,4.8542087636605675,0.07758620689655173,0.5186538244028407,6.684871514525502
frame_013,frame_015,13,15,20,2,True,False,257,Great Pyrenees,0.5649827807050603,0.57096002492833,0.8430725336074829,0.1569274663925171,0.12009000716531938,4.7336862299571845,0.07112068965517242,0.501628029843967,7.053194116593961
frame_013,frame_016,13,16,20,3,False,False,208,Labrador retriever,0.51293400265736,0.6676080918781828,0.7517242431640625,0.2482757568359375,0.12740727910913255,4.63309965570732,0.06465517241379311,0.48342177656252333,7.47692347750036
frame_013,frame_017,13,17,20,4,False,False,257,Great Pyrenees,0.5383932882571264,0.6191659668193541,0.8138124346733093,0.18618756532669067,0.14146320179763083,4.533510962413935,0.0668103448275862,0.5201740340800215,7.785830703649355
frame_013,frame_000,13,0,30,-13,False,False,198,standard schnauzer,0.21306523480456824,1.5461568934746666,0.6017378568649292,0.3982621431350708,0.015138788225644925,5.745785424209687,0.41935483870967744,0.4307118665793451,1.0270821433815152
frame_013,frame_001,13,1,30,-12,False,False,179,"Staffordshire bullterrier, Staffordshire bull terrier",0.186309143232869,1.6803479245709951,0.6012648344039917,0.3987351655960083,0.019424508900921775,5.722618269766291,0.4274193548387097,0.4495464032308014,1.0517689434079127
frame_013,frame_002,13,2,30,-11,False,False,198,standard schnauzer,0.421382332252692,0.8642147048016309,0.678961992263794,0.32103800773620605,0.017987055816679313,5.756059330214037,0.3971774193548387,0.38974974652646444,0.981298854198611
frame_013,frame_003,13,3,30,-10,False,False,452,"bonnet, poke bonnet",0.1863054336766243,1.6803678355271128,0.49661141633987427,0.5033885836601257,0.02244758065399018,5.7599978690714675,0.3951612903225806,0.3589769086269205,0.9084313606069009
frame_013,frame_004,13,4,30,-9,False,True,452,"bonnet, poke bonnet",0.16879340207111473,1.7790797848406363,0.47627121210098267,0.5237287878990173,0.013042909739587511,5.7919191700091535,0.38306451612903225,0.4008094068781775,1.046323504271453
frame_013,frame_005,13,5,30,-8,False,False,179,"Staffordshire bullterrier, Staffordshire bull terrier",0.24544866950778718,1.404667439116979,0.5437764525413513,0.4562235474586487,0.018414560823797835,5.760025378151124,0.3870967741935484,0.43950021513445564,1.1353755557640104
frame_013,frame_006,13,6,30,-7,False,False,245,French bulldog,0.13526061097087513,2.000551909834787,0.506037712097168,0.49396228790283203,0.014059024845043828,5.792214025777856,0.38911290322580644,0.4650995733071438,1.1952818049758722
frame_013,frame_007,13,7,30,-6,False,False,176,"Saluki, gazelle hound",0.357779826202717,1.0278374923849718,0.567821741104126,0.432178258895874,0.02021975618792239,5.810078335490152,0.3790322580645161,0.4736659279757333,1.2496718099785304
frame_013,frame_008,13,8,30,-5,False,False,176,"Saluki, gazelle hound",0.40058556698594633,0.9148278848918565,0.6670745611190796,0.3329254388809204,0.014871764161848669,5.728728587877911,0.3850806451612903,0.5001732435122124,1.2988792082830227
frame_013,frame_009,13,9,30,-4,False,False,176,"Saluki, gazelle hound",0.4579188864174397,0.7810632144447514,0.7269703149795532,0.2730296850204468,0.035844464059497545,5.326190381684811,0.10560344827586207,0.32425588263298133,3.0705046845245576
frame_013,frame_010,13,10,30,-3,False,False,257,Great Pyrenees,0.4356071748317333,0.8310144169117497,0.727807879447937,0.272192120552063,0.04340392385131143,5.3161084855965175,0.10775862068965517,0.3562242800784394,3.3057613191279183
frame_013,frame_011,13,11,30,-2,False,False,257,Great Pyrenees,0.5120354290234252,0.6693614590252754,0.7697076201438904,0.23029237985610962,0.022967919642792427,5.471410019820723,0.10129310344827586,0.3155349258319148,3.1150682039576267
frame_013,frame_012,13,12,30,-1,False,False,207,golden retriever,0.4410449933276936,0.8186083830531774,0.7661499381065369,0.23385006189346313,0.053551320015025314,5.139680966833856,0.09482758620689655,0.30944337758839074,3.2632210727503024
frame_013,frame_014,13,14,30,1,False,False,257,Great Pyrenees,0.4792038454030184,0.7356292075824218,0.790284276008606,0.20971572399139404,0.047822463708406954,5.217730552887287,0.07758620689655173,0.28415767661935515,3.6624767208716884
frame_013,frame_015,13,15,30,2,True,False,257,Great Pyrenees,0.7688530341065861,0.26285544073624534,0.863001823425293,0.13699817657470703,0.046240858035527486,5.180005316935349,0.07112068965517242,0.22726653697043317,3.195505247099424
frame_013,frame_016,13,16,30,3,False,False,208,Labrador retriever,0.4138367528020941,0.8822836998233301,0.7199110984802246,0.2800889015197754,0.02917395551861549,5.330022734745754,0.06465517241379311,0.22252407273362126,3.4417056582800085
frame_013,frame_017,13,17,30,4,False,False,257,Great Pyrenees,0.5933870112802976,0.5219084600061996,0.8075574636459351,0.19244253635406494,0.03992046480810677,5.3132809211165615,0.0668103448275862,0.22572495282782212,3.3785928423261122
frame_013,frame_000,13,0,40,-13,False,False,359,"black-footed ferret, ferret, Mustela nigripes",0.5890644471138332,0.5292196834659357,0.7369797229766846,0.26302027702331543,0.09698711897671823,4.409714688539108,0.41935483870967744,0.950483074892225,2.2665365632045367
frame_013,frame_001,13,1,40,-12,False,False,285,Egyptian cat,0.3798524985029123,0.9679722634504522,0.6650162935256958,0.3349837064743042,0.08121375040583638,4.3521947969256445,0.4274193548387097,0.9413376830879739,2.202374956658656
frame_013,frame_002,13,2,40,-11,False,False,359,"black-footed ferret, ferret, Mustela nigripes",0.5022672192941419,0.688622991565893,0.7020858526229858,0.29791414737701416,0.062267859087499315,4.407057314890352,0.3971774193548387,0.9519187784153178,2.3967092085989727
frame_013,frame_003,13,3,40,-10,False,False,32,"tailed frog, bell toad, ribbed toad, tailed toad, Ascaphus trui",0.3108095079039722,1.1685750692449393,0.589859127998352,0.41014087200164795,0.09236141341503748,4.62521080822507,0.3951612903225806,0.9402610264098813,2.379436066833169
frame_013,frame_004,13,4,40,-9,False,False,158,toy terrier,0.18347281079975267,1.695688792494371,0.5359340310096741,0.4640659689903259,0.08529668942391251,4.409177665000653,0.38306451612903225,0.9293702324971733,2.4261454490452525
frame_013,frame_005,13,5,40,-8,False,False,359,"black-footed ferret, ferret, Mustela nigripes",0.21723183637128224,1.5267901253685743,0.5497840642929077,0.4502159357070923,0.10480519201430254,4.355976337596175,0.3870967741935484,0.9451151696733928,2.4415475216562648
frame_013,frame_006,13,6,40,-7,False,False,159,Rhodesian ridgeback,0.16718655134769136,1.7886450160899425,0.5452771186828613,0.45472288131713867,0.07696854428134514,4.545103758800005,0.38911290322580644,0.9338326423067853,2.399901505617438
frame_013,frame_007,13,7,40,-6,False,True,359,"black-footed ferret, ferret, Mustela nigripes",0.15325335659905215,1.875662801638617,0.5136526823043823,0.4863473176956177,0.09349339126103026,4.443057031418381,0.3790322580645161,0.9455552408706858,2.494656380169469
frame_013,frame_008,13,8,40,-5,False,False,359,"black-footed ferret, ferret, Mustela nigripes",0.8029818285683484,0.21942319472062977,0.8299024701118469,0.17009752988815308,0.1521963668265212,4.266461245898028,0.3850806451612903,0.9355924257653422,2.429601273191674
frame_013,frame_009,13,9,40,-4,False,False,169,"borzoi, Russian wolfhound",0.18337997922755558,1.6961948896357972,0.6284513473510742,0.3715486526489258,0.1022328588596884,3.9023304300541835,0.10560344827586207,0.8002373457522659,7.577757723041865
frame_013,frame_010,13,10,40,-3,False,False,257,Great Pyrenees,0.596922158457154,0.5159685619347321,0.7443548440933228,0.25564515590667725,0.1268067953814812,4.051128871655921,0.10775862068965517,0.7579334673856813,7.033622577339123
frame_013,frame_011,13,11,40,-2,False,False,805,soccer ball,0.5033900923198468,0.6863898780005355,0.8429477214813232,0.15705227851867676,0.08281937316557915,4.058237580612427,0.10129310344827586,0.8094994941462494,7.991654580507655
frame_013,frame_012,13,12,40,-1,False,False,183,Kerry blue terrier,0.2896690254165229,1.2390162994380676,0.7376283407211304,0.26237165927886963,0.10197715269952755,3.8889767797225736,0.09482758620689655,0.8694668326519397,9.168922962511365
frame_013,frame_014,13,14,40,1,False,False,183,Kerry blue terrier,0.4894217782350417,0.714530629096386,0.8284177780151367,0.17158222198486328,0.14548127483119203,3.739434201184948,0.07758620689655173,0.8580427642242814,11.059217850001849
frame_013,frame_015,13,15,40,2,True,False,257,Great Pyrenees,0.6627644150790758,0.4113356836473119,0.8488996624946594,0.15110033750534058,0.12472620036778935,3.688712068051003,0.07112068965517242,0.7994930635422507,11.241357014654676
frame_013,frame_016,13,16,40,3,False,False,977,"sandbar, sand bar",0.2430969449445344,1.414294964812105,0.6897292733192444,0.3102707266807556,0.11913046886179929,3.5916603786757957,0.06465517241379311,0.7389455107199175,11.429023899134723
frame_013,frame_017,13,17,40,4,False,False,257,Great Pyrenees,0.528850207842838,0.6370500481990988,0.7629081606864929,0.23709183931350708,0.13667929626916892,3.5914112454554434,0.0668103448275862,0.7244853336186928,10.843909509647533
frame_013,frame_000,13,0,50,-13,False,False,359,"black-footed ferret, ferret, Mustela nigripes",0.8790892627297429,0.12886883613459332,0.9025766849517822,0.09742331504821777,0.04858810060618048,4.873885387810159,0.41935483870967744,0.8677492024999265,2.0692480982690555
frame_013,frame_001,13,1,50,-12,False,False,285,Egyptian cat,0.5294281687434658,0.6359577817957103,0.727156400680542,0.272843599319458,0.04694961387046046,4.797713644985601,0.4274193548387097,0.8995523839972457,2.1046131248237447
frame_013,frame_002,13,2,50,-11,True,False,359,"black-footed ferret, ferret, Mustela nigripes",0.8980050092123525,0.1075796325080205,0.9117411375045776,0.08825886249542236,0.05369837940306931,4.771730039448057,0.3971774193548387,0.8468357115240388,2.1321345833295595
frame_013,frame_003,13,3,50,-10,False,False,359,"black-footed ferret, ferret, Mustela nigripes",0.3608164851485029,1.0193858012928185,0.6116176247596741,0.3883823752403259,0.06205699596866363,4.790719304119687,0.3951612903225806,0.830742141404964,2.102286235392154
frame_013,frame_004,13,4,50,-9,False,False,158,toy terrier,0.22131381164569697,1.508173622459644,0.5604338645935059,0.43956613540649414,0.05608951729395282,4.686897345175002,0.38306451612903225,0.8731051555945195,2.279263985130956
frame_013,frame_005,13,5,50,-8,False,False,359,"black-footed ferret, ferret, Mustela nigripes",0.4182571317819092,0.8716588877796241,0.6477100849151611,0.35228991508483887,0.084259845281101,4.640771132381086,0.3870967741935484,0.8784063317864588,2.2692163571150186
frame_013,frame_006,13,6,50,-7,False,False,106,wombat,0.27194796454913645,1.302144537792266,0.5581386089324951,0.4418613910675049,0.062973655759064,4.707919623287432,0.38911290322580644,0.8581165679185303,2.2053151175522854
frame_013,frame_007,13,7,50,-6,False,True,359,"black-footed ferret, ferret, Mustela nigripes",0.21060076347296797,1.5577910540610649,0.5158635973930359,0.4841364026069641,0.05932241334525407,4.748801965794252,0.3790322580645161,0.8621454773208088,2.2745965784634103
frame_013,frame_008,13,8,50,-5,False,False,359,"black-footed ferret, ferret, Mustela nigripes",0.8301462482563482,0.18615339099487738,0.8663203716278076,0.13367962837219238,0.06271260947764203,4.554613989809564,0.3850806451612903,0.8874733048100716,2.3046427182502383
frame_013,frame_009,13,9,50,-4,False,False,260,"chow, chow chow",0.44959758054113946,0.7994023617758108,0.6860731840133667,0.3139268159866333,0.08286715881792267,4.1252935169608005,0.10560344827586207,0.738399326758484,6.992189543182379
frame_013,frame_010,13,10,50,-3,False,False,257,Great Pyrenees,0.2607333374108875,1.3442570896900419,0.677802324295044,0.32219767570495605,0.08730092457953231,4.185515170301743,0.10775862068965517,0.752246770982398,6.980850034716654
frame_013,frame_011,13,11,50,-2,False,False,257,Great Pyrenees,0.5106270821267169,0.6721157357718415,0.8230599761009216,0.17694002389907837,0.06451304250850594,4.27051773159423,0.10129310344827586,0.7515630154440003,7.419685939702472
frame_013,frame_012,13,12,50,-1,False,False,207,golden retriever,0.5144430509179503,0.6646704180405463,0.7886435985565186,0.21135640144348145,0.0632972488841187,4.091494691705899,0.09482758620689655,0.8471222087524134,8.933288746843633
frame_013,frame_014,13,14,50,1,False,False,183,Kerry blue terrier,0.42863661265291836,0.8471457757625136,0.8319824934005737,0.16801750659942627,0.11349287571526219,3.9497161139354025,0.07758620689655173,0.8194829862650092,10.562225156304562
frame_013,frame_015,13,15,50,2,False,False,208,Labrador retriever,0.3709222912369029,0.9917626958964769,0.7980624437332153,0.20193755626678467,0.10045941333618148,3.8785311375541145,0.07112068965517242,0.7775760057971899,10.93318989969382
frame_013,frame_016,13,16,50,3,False,False,208,Labrador retriever,0.3163167141462879,1.1510113073657815,0.7189651131629944,0.2810348868370056,0.11936051906008928,3.814012427507312,0.06465517241379311,0.7076603646289676,10.945146972928033
frame_013,frame_017,13,17,50,4,False,False,208,Labrador retriever,0.480294637087126,0.7333555361302522,0.7902669906616211,0.2097330093383789,0.11662597811198587,3.7234132955398573,0.0668103448275862,0.6959018713071158,10.416079622145217
frame_014,frame_000,14,0,5,-14,False,False,359,"black-footed ferret, ferret, Mustela nigripes",0.6123783811921751,0.4904049175980614,0.7141836285591125,0.28581637144088745,0.017715990535244728,5.553241341885468,0.41935483870967744,0.7800947859421578,1.8602260280159146
frame_014,frame_001,14,1,5,-13,False,False,359,"black-footed ferret, ferret, Mustela nigripes",0.3981261834168648,0.9209862801844855,0.5763109922409058,0.42368900775909424,0.020281488541500855,5.5207422883417525,0.4274193548387097,0.7936183638686107,1.8567674928246742
frame_014,frame_002,14,2,5,-12,False,False,359,"black-footed ferret, ferret, Mustela nigripes",0.5089851752912922,0.6753363880202157,0.6865928173065186,0.31340718269348145,0.01614462429327094,5.570514904077347,0.3971774193548387,0.7422865829288601,1.8689042900137798
frame_014,frame_003,14,3,5,-11,False,False,359,"black-footed ferret, ferret, Mustela nigripes",0.36027715191967685,1.0208816772835942,0.605777382850647,0.394222617149353,0.017258510273328,5.5915803434455755,0.3951612903225806,0.723096743495695,1.8298774733360446
frame_014,frame_004,14,4,5,-10,False,False,452,"bonnet, poke bonnet",0.3559326243530504,1.0330138234768067,0.5550709366798401,0.4449290633201599,0.02793443542544492,5.454114170655208,0.38306451612903225,0.7706126507579145,2.011704604083819
frame_014,frame_005,14,5,5,-9,False,False,452,"bonnet, poke bonnet",0.457558119587166,0.781851364986125,0.6609084606170654,0.33909153938293457,0.021349495227488916,5.484541850644882,0.3870967741935484,0.758170973940874,1.9586083493472577
frame_014,frame_006,14,6,5,-8,False,False,452,"bonnet, poke bonnet",0.26287255564643797,1.3360859435419705,0.5299786329269409,0.4700213670730591,0.02372653801681055,5.571988854259498,0.38911290322580644,0.7639847584556843,1.963401244528598
frame_014,frame_007,14,7,5,-7,False,False,452,"bonnet, poke bonnet",0.18481653797514722,1.6883916325711459,0.5243481397628784,0.4756518602371216,0.020674129833472034,5.569688589077095,0.3790322580645161,0.7672147087270134,2.0241409336627587
frame_014,frame_008,14,8,5,-6,False,False,359,"black-footed ferret, ferret, Mustela nigripes",0.5030366848758542,0.6870921793830627,0.6497958898544312,0.35020411014556885,0.020978950157443832,5.526593588480892,0.3850806451612903,0.7719215779654378,2.004571218172027
frame_014,frame_009,14,9,5,-5,True,False,169,"borzoi, Russian wolfhound",0.6261997305106618,0.4680859004465807,0.7454997301101685,0.25450026988983154,0.03407952944068659,4.924749898862906,0.10560344827586207,0.6034910826186874,5.714691068062673
frame_014,frame_010,14,10,5,-4,False,False,177,"Scottish deerhound, deerhound",0.17002586831000663,1.7718046869785766,0.5597115755081177,0.4402884244918823,0.03298072954379118,4.890517846436162,0.10775862068965517,0.6191682895543054,5.745881727063954
frame_014,frame_011,14,11,5,-3,False,False,257,Great Pyrenees,0.2302841143890278,1.4684414524371974,0.6446066498756409,0.35539335012435913,0.031609709884125856,4.892263910575253,0.10129310344827586,0.6185234974955376,6.106274528466584
frame_014,frame_012,14,12,5,-2,False,False,169,"borzoi, Russian wolfhound",0.25897845080379905,1.351010422273772,0.5849039554595947,0.4150960445404053,0.029938756132619513,4.834150197902411,0.09482758620689655,0.6503866625048202,6.858622986414469
frame_014,frame_013,14,13,5,-1,False,False,169,"borzoi, Russian wolfhound",0.1366320173206438,1.9904639718966806,0.536712646484375,0.463287353515625,0.039899657852135874,4.836214823615125,0.08405172413793104,0.6228513448686586,7.4103339492066045
frame_014,frame_015,14,15,5,1,False,False,169,"borzoi, Russian wolfhound",0.10267988612449044,2.276139032012823,0.5235263109207153,0.47647368907928467,0.043255482282845766,4.771711955047433,0.07112068965517242,0.5682028933310852,7.989277045624955
frame_014,frame_016,14,16,5,2,False,True,218,Welsh springer spaniel,0.17769121003505658,1.7277080102388034,0.5233098864555359,0.4766901135444641,0.04222327023866024,4.773006449260674,0.06465517241379311,0.5129750894117682,7.934014716235347
frame_014,frame_017,14,17,5,3,False,False,218,Welsh springer spaniel,0.1969629391966686,1.6247396938472818,0.5685915946960449,0.4314084053039551,0.042555261472524586,4.722238131166721,0.0668103448275862,0.4972289243533353,7.442394222578955
frame_014,frame_000,14,0,10,-14,False,False,359,"black-footed ferret, ferret, Mustela nigripes",0.40445827822704494,0.9052066918649988,0.6047012805938721,0.39529871940612793,0.05455186626904972,4.997985160306012,0.41935483870967744,0.8569343663900855,2.0434588736994344
frame_014,frame_001,14,1,10,-13,False,False,179,"Staffordshire bullterrier, Staffordshire bull terrier",0.17842979673264486,1.7235600507388833,0.541702151298523,0.45829784870147705,0.062258703732612,4.880431241505882,0.4274193548387097,0.8702980184952154,2.036168948932202
frame_014,frame_002,14,2,10,-12,False,False,359,"black-footed ferret, ferret, Mustela nigripes",0.34313205665109686,1.0696399010978395,0.6138302087783813,0.38616979122161865,0.06046565886712673,4.8946698251497285,0.3971774193548387,0.8466547633387929,2.131678998050971
frame_014,frame_003,14,3,10,-11,False,False,359,"black-footed ferret, ferret, Mustela nigripes",0.17749058353422723,1.7288377219852906,0.4624837636947632,0.5375162363052368,0.05546529569230583,5.17582209865243,0.3951612903225806,0.8467506977139019,2.1427976840106906
frame_014,frame_004,14,4,10,-10,False,False,389,"barracouta, snoek",0.3398979604921624,1.0791098226153313,0.5827633142471313,0.41723668575286865,0.04678619301420638,4.998179082352754,0.38306451612903225,0.862446729349216,2.25143988293269
frame_014,frame_005,14,5,10,-9,False,False,359,"black-footed ferret, ferret, Mustela nigripes",0.15290967927121285,1.8779078634646833,0.5153014063835144,0.4846985936164856,0.046012725143252706,5.074322546947191,0.3870967741935484,0.8612079171763858,2.22478711937233
frame_014,frame_006,14,6,10,-8,False,True,359,"black-footed ferret, ferret, Mustela nigripes",0.11986370132325427,2.121400004041316,0.45514053106307983,0.5448594689369202,0.04303812984703151,5.191843411908238,0.38911290322580644,0.8440464991304799,2.1691557697861037
frame_014,frame_007,14,7,10,-7,False,False,359,"black-footed ferret, ferret, Mustela nigripes",0.4592721126371965,0.7781124065910765,0.6132849454879761,0.3867150545120239,0.04158139519602315,5.195047362866759,0.3790322580645161,0.8563889431537033,2.259409126618281
frame_014,frame_008,14,8,10,-6,False,False,359,"black-footed ferret, ferret, Mustela nigripes",0.7798241038105757,0.2486868926643968,0.8095679879188538,0.19043201208114624,0.04135246218597116,5.113248444525865,0.3850806451612903,0.8688485498800455,2.2562768625157203
frame_014,frame_009,14,9,10,-5,False,False,257,Great Pyrenees,0.28667035279459,1.249422319899585,0.6986331939697266,0.30136680603027344,0.1516486735553368,3.9373691408552376,0.10560344827586207,0.7321726260894806,6.9332265001126325
frame_014,frame_010,14,10,10,-4,False,False,257,Great Pyrenees,0.5269588772281885,0.6406327653104853,0.7191851139068604,0.28081488609313965,0.1598793627765322,4.061346499136544,0.10775862068965517,0.680486956959356,6.314918960582824
frame_014,frame_011,14,11,10,-3,True,False,257,Great Pyrenees,0.6401265234611893,0.4460894292589792,0.8287656307220459,0.1712343692779541,0.11833869837528459,4.098495207935976,0.10129310344827586,0.783363393928672,7.733630101763912
frame_014,frame_012,14,12,10,-2,False,False,207,golden retriever,0.3612711226976268,1.0181265701295663,0.6733360290527344,0.3266639709472656,0.12510808198855797,3.956488177111485,0.09482758620689655,0.8159827888731298,8.604909409934823
frame_014,frame_013,14,13,10,-1,False,False,207,golden retriever,0.2995322206215804,1.205533285838869,0.7116959095001221,0.28830409049987793,0.12481421448492075,3.913080828616728,0.08405172413793104,0.7983025483343782,9.497753395567987
frame_014,frame_015,14,15,10,1,False,False,257,Great Pyrenees,0.570561452067508,0.5611343993240814,0.7880308032035828,0.21196919679641724,0.15409504368601099,3.8992404366086957,0.07112068965517242,0.7397644179474894,10.401536058413184
frame_014,frame_016,14,16,10,2,False,False,805,soccer ball,0.2868610948345674,1.248757170506999,0.6544721722602844,0.3455278277397156,0.14521598753903012,3.8271678084006004,0.06465517241379311,0.6918896990530192,10.701227345353363
frame_014,frame_017,14,17,10,3,False,False,257,Great Pyrenees,0.35220771490771663,1.0435341782544416,0.7425925135612488,0.2574074864387512,0.15505160152413464,3.7481690502174088,0.0668103448275862,0.70436295219634,10.54272289739038
frame_014,frame_000,14,0,20,-14,False,False,359,"black-footed ferret, ferret, Mustela nigripes",0.3284383856074322,1.1134060214884478,0.5978597402572632,0.4021402597427368,0.03768307733935356,5.163469888277252,0.41935483870967744,0.8272508083505781,1.9726750045283015
frame_014,frame_001,14,1,20,-13,False,False,179,"Staffordshire bullterrier, Staffordshire bull terrier",0.26992537288371554,1.309609754915357,0.5716906785964966,0.4283093214035034,0.04431002220084125,5.066791753394135,0.4274193548387097,0.8407516998725915,1.9670417129094593
frame_014,frame_002,14,2,20,-12,False,False,179,"Staffordshire bullterrier, Staffordshire bull terrier",0.4565340100587107,0.7840920799506872,0.6392332315444946,0.36076676845550537,0.04856454500970011,4.985763693161978,0.3971774193548387,0.8206613557616342,2.066233667298328
frame_014,frame_003,14,3,20,-11,False,True,452,"bonnet, poke bonnet",0.1389290093016084,1.9737922007644597,0.4183155298233032,0.5816844701766968,0.032890170188941595,5.152234465413779,0.3951612903225806,0.8158406294083203,2.0645762866659534
frame_014,frame_004,14,4,20,-10,False,False,158,toy terrier,0.24543852044620665,1.4047087889903906,0.4884108901023865,0.5115891098976135,0.03570993613201703,5.04056862517837,0.38306451612903225,0.8377238786621328,2.186900230612726
frame_014,frame_005,14,5,20,-9,False,False,179,"Staffordshire bullterrier, Staffordshire bull terrier",0.14682880085435776,1.9184879909387007,0.4852561950683594,0.5147438049316406,0.045140996214559824,5.046087829256654,0.3870967741935484,0.8435609015239486,2.179198995603534
frame_014,frame_006,14,6,20,-8,False,False,245,French bulldog,0.18167704007095187,1.7055246733092284,0.4910227060317993,0.5089772939682007,0.05448662084791253,5.148301867083733,0.38911290322580644,0.8262234946426403,2.123351571724091
frame_014,frame_007,14,7,20,-7,False,False,96,toucan,0.2051293906795257,1.5841143249038243,0.4602319598197937,0.5397680401802063,0.050913479272403264,5.172786245890939,0.3790322580645161,0.8209392671027416,2.1658823217178713
frame_014,frame_008,14,8,20,-6,False,False,359,"black-footed ferret, ferret, Mustela nigripes",0.17830984761170446,1.724232525062174,0.4665999412536621,0.5334000587463379,0.051998187251066044,5.146009792600115,0.3850806451612903,0.8123339197857622,2.1095163571399898
frame_014,frame_009,14,9,20,-5,False,False,208,Labrador retriever,0.28218901705339056,1.2651781593378306,0.685344934463501,0.314655065536499,0.1133125581779353,4.832027761327696,0.10560344827586207,0.47635984668405484,4.510836099212274
frame_014,frame_010,14,10,20,-4,False,False,257,Great Pyrenees,0.48798955699034946,0.7174612729679044,0.7245805263519287,0.2754194736480713,0.10695121200406286,4.844722983005401,0.10775862068965517,0.5084516359790181,4.718431181885288
frame_014,frame_011,14,11,20,-3,False,False,257,Great Pyrenees,0.665020808138131,0.4079369483825386,0.808329701423645,0.19167029857635498,0.07514664558659548,4.872822754471695,0.10129310344827586,0.4793081891593969,4.731893612126812
frame_014,frame_012,14,12,20,-2,False,False,207,golden retriever,0.6570171491024406,0.4200451587035685,0.7976359128952026,0.20236408710479736,0.1064903725513035,4.825102961171346,0.09482758620689655,0.527103424761959,5.558545206580659
frame_014,frame_013,14,13,20,-1,False,False,207,golden retriever,0.4634120090254814,0.7691387522883995,0.7986770868301392,0.20132291316986084,0.09898874073949006,4.9187641103712325,0.08405172413793104,0.48076847481849216,5.719912110661035
frame_014,frame_015,14,15,20,1,True,False,257,Great Pyrenees,0.5649827807050603,0.57096002492833,0.8430725336074829,0.1569274663925171,0.11514112420408677,4.817459297440667,0.07112068965517242,0.45762607314423137,6.434499937543132
frame_014,frame_016,14,16,20,2,False,False,208,Labrador retriever,0.51293400265736,0.6676080918781828,0.7517242431640625,0.2482757568359375,0.11904588404337245,4.740130895101165,0.06465517241379311,0.4378052788417933,6.77138831275307
frame_014,frame_017,14,17,20,3,False,False,257,Great Pyrenees,0.5383932882571264,0.6191659668193541,0.8138124346733093,0.18618756532669067,0.13397678686117712,4.63927160313234,0.0668103448275862,0.48199976457414495,7.214448089109783
frame_014,frame_000,14,0,30,-14,False,False,198,standard schnauzer,0.21306523480456824,1.5461568934746666,0.6017378568649292,0.3982621431350708,0.019905155774079544,5.715611641268073,0.41935483870967744,0.4055881738831932,0.9671717992599221
frame_014,frame_001,14,1,30,-13,False,False,179,"Staffordshire bullterrier, Staffordshire bull terrier",0.186309143232869,1.6803479245709951,0.6012648344039917,0.3987351655960083,0.01819684177614129,5.709754226598697,0.4274193548387097,0.41767220961129436,0.9771953583358585
frame_014,frame_002,14,2,30,-12,False,False,198,standard schnauzer,0.421382332252692,0.8642147048016309,0.678961992263794,0.32103800773620605,0.022815656030228167,5.725710868035398,0.3971774193548387,0.3703832784397425,0.9325386096756969
frame_014,frame_003,14,3,30,-11,False,False,452,"bonnet, poke bonnet",0.1863054336766243,1.6803678355271128,0.49661141633987427,0.5033885836601257,0.02061755401458642,5.731732766765792,0.3951612903225806,0.33666990835228905,0.8519809925649764
frame_014,frame_004,14,4,30,-10,False,True,452,"bonnet, poke bonnet",0.16879340207111473,1.7790797848406363,0.47627121210098267,0.5237287878990173,0.013055906666912814,5.77371459235572,0.38306451612903225,0.3747611841970673,0.9783239334828704
frame_014,frame_005,14,5,30,-9,False,False,179,"Staffordshire bullterrier, Staffordshire bull terrier",0.24544866950778718,1.404667439116979,0.5437764525413513,0.4562235474586487,0.02180489539088875,5.735282246580756,0.3870967741935484,0.40797508322926435,1.0539356316755997
frame_014,frame_006,14,6,30,-8,False,False,245,French bulldog,0.13526061097087513,2.000551909834787,0.506037712097168,0.49396228790283203,0.01744319850583763,5.767246980141741,0.38911290322580644,0.43405969372126607,1.1155109227240827
frame_014,frame_007,14,7,30,-7,False,False,176,"Saluki, gazelle hound",0.357779826202717,1.0278374923849718,0.567821741104126,0.432178258895874,0.022338042437474656,5.779640031513786,0.3790322580645161,0.43743171186601965,1.1540751547103496
frame_014,frame_008,14,8,30,-6,False,False,176,"Saluki, gazelle hound",0.40058556698594633,0.9148278848918565,0.6670745611190796,0.3329254388809204,0.018705720270698906,5.7221620405200895,0.3850806451612903,0.4649231708379262,1.207339752542468
frame_014,frame_009,14,9,30,-5,False,False,176,"Saluki, gazelle hound",0.4579188864174397,0.7810632144447514,0.7269703149795532,0.2730296850204468,0.041986073964720864,5.415576404323315,0.10560344827586207,0.2588306951009003,2.450968214833015
frame_014,frame_010,14,10,30,-4,False,False,257,Great Pyrenees,0.4356071748317333,0.8310144169117497,0.727807879447937,0.272192120552063,0.04038095082734003,5.4313703803136,0.10775862068965517,0.2787069086622457,2.58640011238564
frame_014,frame_011,14,11,30,-3,False,False,257,Great Pyrenees,0.5120354290234252,0.6693614590252754,0.7697076201438904,0.23029237985610962,0.030326919440845836,5.575206665174699,0.10129310344827586,0.23662542241054604,2.3360467233721995
frame_014,frame_012,14,12,30,-2,False,False,207,golden retriever,0.4410449933276936,0.8186083830531774,0.7661499381065369,0.23385006189346313,0.059493223325551486,5.270363906743054,0.09482758620689655,0.24369950408515795,2.5699220430798477
frame_014,frame_013,14,13,30,-1,False,False,207,golden retriever,0.3440363866109625,1.0670078521706552,0.7579949498176575,0.24200505018234253,0.0731470872439904,5.232957942280154,0.08405172413793104,0.24533507808636865,2.9188583649250015
frame_014,frame_015,14,15,30,1,True,False,257,Great Pyrenees,0.7688530341065861,0.26285544073624534,0.863001823425293,0.13699817657470703,0.035051998017511056,5.3574895576546595,0.07112068965517242,0.17525899357239286,2.4642476671997056
frame_014,frame_016,14,16,30,2,False,False,208,Labrador retriever,0.4138367528020941,0.8822836998233301,0.7199110984802246,0.2800889015197754,0.02919244690025153,5.473170611069089,0.06465517241379311,0.15988802923181902,2.472934852118801
frame_014,frame_017,14,17,30,3,False,False,257,Great Pyrenees,0.5933870112802976,0.5219084600061996,0.8075574636459351,0.19244253635406494,0.040113345076328244,5.433993391697328,0.0668103448275862,0.17178569083175313,2.5712438885784987
frame_014,frame_000,14,0,40,-14,False,False,359,"black-footed ferret, ferret, Mustela nigripes",0.5890644471138332,0.5292196834659357,0.7369797229766846,0.26302027702331543,0.08606808867971127,4.478516498523826,0.41935483870967744,0.9440563442629574,2.251211282473206
frame_014,frame_001,14,1,40,-13,False,False,285,Egyptian cat,0.3798524985029123,0.9679722634504522,0.6650162935256958,0.3349837064743042,0.07497148109953039,4.448596761400982,0.4274193548387097,0.9332716866270994,2.183503568712459
frame_014,frame_002,14,2,40,-12,False,False,359,"black-footed ferret, ferret, Mustela nigripes",0.5022672192941419,0.688622991565893,0.7020858526229858,0.29791414737701416,0.05953496831360462,4.510014464183989,0.3971774193548387,0.9439886533589845,2.3767430054114533
frame_014,frame_003,14,3,40,-11,False,False,32,"tailed frog, bell toad, ribbed toad, tailed toad, Ascaphus trui",0.3108095079039722,1.1685750692449393,0.589859127998352,0.41014087200164795,0.0838109700181759,4.691866435233592,0.3951612903225806,0.933339203099016,2.361919616005673
frame_014,frame_004,14,4,40,-10,False,False,158,toy terrier,0.18347281079975267,1.695688792494371,0.5359340310096741,0.4640659689903259,0.08665402154291746,4.479111485702754,0.38306451612903225,0.9224982065905216,2.408205844573151
frame_014,frame_005,14,5,40,-9,False,False,359,"black-footed ferret, ferret, Mustela nigripes",0.21723183637128224,1.5267901253685743,0.5497840642929077,0.4502159357070923,0.09360303606125499,4.402829114423295,0.3870967741935484,0.9372067582987935,2.42111745893855
frame_014,frame_006,14,6,40,-8,False,False,159,Rhodesian ridgeback,0.16718655134769136,1.7886450160899425,0.5452771186828613,0.45472288131713867,0.07069827720920398,4.5865757918555055,0.38911290322580644,0.9256041776830338,2.378754777879714
frame_014,frame_007,14,7,40,-7,False,True,359,"black-footed ferret, ferret, Mustela nigripes",0.15325335659905215,1.875662801638617,0.5136526823043823,0.4863473176956177,0.07548525188508702,4.456845094638892,0.3790322580645161,0.9380904184821566,2.4749619551444133
frame_014,frame_008,14,8,40,-6,False,False,359,"black-footed ferret, ferret, Mustela nigripes",0.8029818285683484,0.21942319472062977,0.8299024701118469,0.17009752988815308,0.1459101159628963,4.303204634298297,0.3850806451612903,0.929024117969885,2.412544306351115
frame_014,frame_009,14,9,40,-5,False,False,169,"borzoi, Russian wolfhound",0.18337997922755558,1.6961948896357972,0.6284513473510742,0.3715486526489258,0.09358894810390224,3.969465487671042,0.10560344827586207,0.7904698976680602,7.485265969754693
frame_014,frame_010,14,10,40,-4,False,False,257,Great Pyrenees,0.596922158457154,0.5159685619347321,0.7443548440933228,0.25564515590667725,0.12119198964905965,4.083731402604771,0.10775862068965517,0.7537992508101337,6.995257047518041
frame_014,frame_011,14,11,40,-3,False,False,805,soccer ball,0.5033900923198468,0.6863898780005355,0.8429477214813232,0.15705227851867676,0.08383717531215046,4.1009301164766345,0.10129310344827586,0.8041222479736206,7.938568575739574
frame_014,frame_012,14,12,40,-2,False,False,183,Kerry blue terrier,0.2896690254165229,1.2390162994380676,0.7376283407211304,0.26237165927886963,0.08818207635925558,3.9767698718378397,0.09482758620689655,0.8573427195901272,9.041068679314069
frame_014,frame_013,14,13,40,-1,False,False,183,Kerry blue terrier,0.45660664627550956,0.7839329889794371,0.7938361763954163,0.20616382360458374,0.10772326623097837,3.8385146446647225,0.08405172413793104,0.8385694354129438,9.976826103374512
frame_014,frame_015,14,15,40,1,True,False,257,Great Pyrenees,0.6627644150790758,0.4113356836473119,0.8488996624946594,0.15110033750534058,0.11425818200734883,3.7426921936214863,0.07112068965517242,0.7914660461864397,11.12849228577297
frame_014,frame_016,14,16,40,2,False,False,977,"sandbar, sand bar",0.2430969449445344,1.414294964812105,0.6897292733192444,0.3102707266807556,0.10787143204542181,3.692037533810194,0.06465517241379311,0.7279415048785322,11.258828608787963
frame_014,frame_017,14,17,40,3,False,False,257,Great Pyrenees,0.528850207842838,0.6370500481990988,0.7629081606864929,0.23709183931350708,0.1312523660088268,3.694445192364671,0.0668103448275862,0.7246507094033612,10.846384811714826
frame_014,frame_000,14,0,50,-14,False,False,359,"black-footed ferret, ferret, Mustela nigripes",0.8790892627297429,0.12886883613459332,0.9025766849517822,0.09742331504821777,0.04099620548197865,4.955264435171687,0.41935483870967744,0.8342899535478259,1.9894606584602001
frame_014,frame_001,14,1,50,-13,False,False,285,Egyptian cat,0.5294281687434658,0.6359577817957103,0.727156400680542,0.272843599319458,0.049497056725112176,4.838936564613489,0.4274193548387097,0.8780895582739412,2.0543982118107302
frame_014,frame_002,14,2,50,-12,True,False,359,"black-footed ferret, ferret, Mustela nigripes",0.8980050092123525,0.1075796325080205,0.9117411375045776,0.08825886249542236,0.06078563307603111,4.871953074354385,0.3971774193548387,0.8102192843652989,2.0399429697725293
frame_014,frame_003,14,3,50,-11,False,False,359,"black-footed ferret, ferret, Mustela nigripes",0.3608164851485029,1.0193858012928185,0.6116176247596741,0.3883823752403259,0.04847641312096534,4.934924302793087,0.3951612903225806,0.7947513720202398,2.0112075536838723
frame_014,frame_004,14,4,50,-10,False,False,158,toy terrier,0.22131381164569697,1.508173622459644,0.5604338645935059,0.43956613540649414,0.056329342423550796,4.800727263686957,0.38306451612903225,0.845207235584535,2.206435730789102
frame_014,frame_005,14,5,50,-9,False,False,359,"black-footed ferret, ferret, Mustela nigripes",0.4182571317819092,0.8716588877796241,0.6477100849151611,0.35228991508483887,0.06479993587337216,4.713782628144896,0.3870967741935484,0.8498052669489445,2.19533027295144
frame_014,frame_006,14,6,50,-8,False,False,106,wombat,0.27194796454913645,1.302144537792266,0.5581386089324951,0.4418613910675049,0.053640309604548554,4.843686523513466,0.38911290322580644,0.8156708788093229,2.096231895800125
frame_014,frame_007,14,7,50,-7,False,True,359,"black-footed ferret, ferret, Mustela nigripes",0.21060076347296797,1.5577910540610649,0.5158635973930359,0.4841364026069641,0.05252802071295789,4.8829060742438095,0.3790322580645161,0.8222068423392223,2.1692265627673097
frame_014,frame_008,14,8,50,-6,False,False,359,"black-footed ferret, ferret, Mustela nigripes",0.8301462482563482,0.18615339099487738,0.8663203716278076,0.13367962837219238,0.054720535966953976,4.70797056971141,0.3850806451612903,0.8520555443912079,2.212667801141566
frame_014,frame_009,14,9,50,-5,False,False,260,"chow, chow chow",0.44959758054113946,0.7994023617758108,0.6860731840133667,0.3139268159866333,0.0739050194655447,4.2587422108926285,0.10560344827586207,0.7097195267401841,6.720609396070315
frame_014,frame_010,14,10,50,-4,False,False,257,Great Pyrenees,0.2607333374108875,1.3442570896900419,0.677802324295044,0.32219767570495605,0.07750003076393057,4.311160436541021,0.10775862068965517,0.6938420563369452,6.438854282806852
frame_014,frame_011,14,11,50,-3,False,False,257,Great Pyrenees,0.5106270821267169,0.6721157357718415,0.8230599761009216,0.17694002389907837,0.062372449909313996,4.428937719204011,0.10129310344827586,0.707498682903459,6.984667848238404
frame_014,frame_012,14,12,50,-2,False,False,207,golden retriever,0.5144430509179503,0.6646704180405463,0.7886435985565186,0.21135640144348145,0.07026261920775752,4.248562339367352,0.09482758620689655,0.8072965956972363,8.513309554625401
frame_014,frame_013,14,13,50,-1,False,False,183,Kerry blue terrier,0.409762343435518,0.8921779375031571,0.8036413192749023,0.19635868072509766,0.07581639364145067,4.193569426343648,0.08405172413793104,0.769791294097961,9.158542575934716
frame_014,frame_015,14,15,50,1,False,False,208,Labrador retriever,0.3709222912369029,0.9917626958964769,0.7980624437332153,0.20193755626678467,0.0816640249571403,4.059416159716344,0.07112068965517242,0.7214162283682184,10.143549392813737
frame_014,frame_016,14,16,50,2,False,False,208,Labrador retriever,0.3163167141462879,1.1510113073657815,0.7189651131629944,0.2810348868370056,0.08635955491228625,4.038577057000394,0.06465517241379311,0.6489013153658293,10.036340344324826
frame_014,frame_017,14,17,50,3,False,False,208,Labrador retriever,0.480294637087126,0.7333555361302522,0.7902669906616211,0.2097330093383789,0.0965948817795211,3.9139430806360904,0.0668103448275862,0.6577654279665951,9.845263179887102
frame_015,frame_000,15,0,5,-15,False,False,359,"black-footed ferret, ferret, Mustela nigripes",0.6123783811921751,0.4904049175980614,0.7141836285591125,0.28581637144088745,0.01805261726633365,5.529273404414005,0.41935483870967744,0.7867842671145121,1.8761778677346057
frame_015,frame_001,15,1,5,-14,False,False,359,"black-footed ferret, ferret, Mustela nigripes",0.3981261834168648,0.9209862801844855,0.5763109922409058,0.42368900775909424,0.02042238227599564,5.499820500490807,0.4274193548387097,0.8005611370112748,1.8730109620641147
frame_015,frame_002,15,2,5,-13,False,False,359,"black-footed ferret, ferret, Mustela nigripes",0.5089851752912922,0.6753363880202157,0.6865928173065186,0.31340718269348145,0.015869958415362692,5.5482427124886,0.3971774193548387,0.7500570194464237,1.8884684347483562
frame_015,frame_003,15,3,5,-12,False,False,359,"black-footed ferret, ferret, Mustela nigripes",0.36027715191967685,1.0208816772835942,0.605777382850647,0.394222617149353,0.019502807304983077,5.568270447529828,0.3951612903225806,0.7310207087019435,1.8499299567151224
frame_015,frame_004,15,4,5,-11,False,False,452,"bonnet, poke bonnet",0.3559326243530504,1.0330138234768067,0.5550709366798401,0.4449290633201599,0.029008047387599042,5.42043001109351,0.38306451612903225,0.7782239356690265,2.0315740636412483
frame_015,frame_005,15,5,5,-10,False,False,452,"bonnet, poke bonnet",0.457558119587166,0.781851364986125,0.6609084606170654,0.33909153938293457,0.02262009133895378,5.46182218868227,0.3870967741935484,0.7651508318471774,1.9766396489385416
frame_015,frame_006,15,6,5,-9,False,False,452,"bonnet, poke bonnet",0.26287255564643797,1.3360859435419705,0.5299786329269409,0.4700213670730591,0.023437056161223855,5.552051702916022,0.38911290322580644,0.771086763117144,1.9816530285290332
frame_015,frame_007,15,7,5,-8,False,False,452,"bonnet, poke bonnet",0.18481653797514722,1.6883916325711459,0.5243481397628784,0.4756518602371216,0.02167882779827059,5.552770390663373,0.3790322580645161,0.7724924665714602,2.0380652309544907
frame_015,frame_008,15,8,5,-7,False,False,359,"black-footed ferret, ferret, Mustela nigripes",0.5030366848758542,0.6870921793830627,0.6497958898544312,0.35020411014556885,0.02333775533349528,5.507480055605522,0.3850806451612903,0.7784790831936557,2.02160013227253
frame_015,frame_009,15,9,5,-6,True,False,169,"borzoi, Russian wolfhound",0.6261997305106618,0.4680859004465807,0.7454997301101685,0.25450026988983154,0.03245989182253007,4.915913989964445,0.10560344827586207,0.6024341756350143,5.704682806013197
frame_015,frame_010,15,10,5,-5,False,False,177,"Scottish deerhound, deerhound",0.17002586831000663,1.7718046869785766,0.5597115755081177,0.4402884244918823,0.03399678717684177,4.8736665973763085,0.10775862068965517,0.6213759297943678,5.766368628491734
frame_015,frame_011,15,11,5,-4,False,False,257,Great Pyrenees,0.2302841143890278,1.4684414524371974,0.6446066498756409,0.35539335012435913,0.033474110278723726,4.871781432670801,0.10129310344827586,0.6204177657754071,6.124975389782743
frame_015,frame_012,15,12,5,-3,False,False,169,"borzoi, Russian wolfhound",0.25897845080379905,1.351010422273772,0.5849039554595947,0.4150960445404053,0.029857865388983724,4.823075542934937,0.09482758620689655,0.6529379540087048,6.885527515000887
frame_015,frame_013,15,13,5,-2,False,False,169,"borzoi, Russian wolfhound",0.1366320173206438,1.9904639718966806,0.536712646484375,0.463287353515625,0.0403078614363068,4.822529645284274,0.08405172413793104,0.6206889896798886,7.384607466960726
frame_015,frame_014,15,14,5,-1,False,False,169,"borzoi, Russian wolfhound",0.16251625984553317,1.8169772216301752,0.5428582429885864,0.4571417570114136,0.04013616589304633,4.829065957052474,0.07758620689655173,0.603447937047663,7.777773410836545
frame_015,frame_016,15,16,5,1,False,True,218,Welsh springer spaniel,0.17769121003505658,1.7277080102388034,0.5233098864555359,0.4766901135444641,0.04087816559625941,4.753115709372491,0.06465517241379311,0.5113391142124863,7.908711633153121
frame_015,frame_017,15,17,5,2,False,False,218,Welsh springer spaniel,0.1969629391966686,1.6247396938472818,0.5685915946960449,0.4314084053039551,0.04191186911735192,4.695154511724906,0.0668103448275862,0.501923883495947,7.512667159423207
frame_015,frame_000,15,0,10,-15,False,False,359,"black-footed ferret, ferret, Mustela nigripes",0.40445827822704494,0.9052066918649988,0.6047012805938721,0.39529871940612793,0.0601508504011602,4.898149051733367,0.41935483870967744,0.8713794940362438,2.077904947317197
frame_015,frame_001,15,1,10,-14,False,False,179,"Staffordshire bullterrier, Staffordshire bull terrier",0.17842979673264486,1.7235600507388833,0.541702151298523,0.45829784870147705,0.06814974637155305,4.780175818029691,0.4274193548387097,0.8841186992693524,2.068504126592447
frame_015,frame_002,15,2,10,-13,False,False,359,"black-footed ferret, ferret, Mustela nigripes",0.34313205665109686,1.0696399010978395,0.6138302087783813,0.38616979122161865,0.06619796071880418,4.79080131649151,0.3971774193548387,0.8646482870903702,2.176982489323978
frame_015,frame_003,15,3,10,-12,False,False,359,"black-footed ferret, ferret, Mustela nigripes",0.17749058353422723,1.7288377219852906,0.4624837636947632,0.5375162363052368,0.06525042782304394,5.113234293232404,0.3951612903225806,0.8645547642165617,2.187852872711299
frame_015,frame_004,15,4,10,-11,False,False,389,"barracouta, snoek",0.3398979604921624,1.0791098226153313,0.5827633142471313,0.41723668575286865,0.053409777638792726,4.913409547581038,0.38306451612903225,0.8812590376727893,2.300549908872124
frame_015,frame_005,15,5,10,-10,False,False,359,"black-footed ferret, ferret, Mustela nigripes",0.15290967927121285,1.8779078634646833,0.5153014063835144,0.4846985936164856,0.049955375628693496,5.03150505336269,0.3870967741935484,0.8761662462502446,2.2634294694797985
frame_015,frame_006,15,6,10,-9,False,True,359,"black-footed ferret, ferret, Mustela nigripes",0.11986370132325427,2.121400004041316,0.45514053106307983,0.5448594689369202,0.04784230796078855,5.149323745983414,0.38911290322580644,0.863015503562904,2.2179051283274633
frame_015,frame_007,15,7,10,-8,False,False,359,"black-footed ferret, ferret, Mustela nigripes",0.4592721126371965,0.7781124065910765,0.6132849454879761,0.3867150545120239,0.046496152585301494,5.136996677922738,0.3790322580645161,0.8732270881372535,2.3038331687025413
frame_015,frame_008,15,8,10,-7,False,False,359,"black-footed ferret, ferret, Mustela nigripes",0.7798241038105757,0.2486868926643968,0.8095679879188538,0.19043201208114624,0.049839168378865116,5.028262547522974,0.3850806451612903,0.8833055546844815,2.2938196603324754
frame_015,frame_009,15,9,10,-6,False,False,257,Great Pyrenees,0.28667035279459,1.249422319899585,0.6986331939697266,0.30136680603027344,0.16135112203251117,3.867372759971839,0.10560344827586207,0.7400168164746258,7.007506180494415
frame_015,frame_010,15,10,10,-5,False,False,257,Great Pyrenees,0.5269588772281885,0.6406327653104853,0.7191851139068604,0.28081488609313965,0.16808900743256075,3.9990158867790666,0.10775862068965517,0.6884659576563606,6.388964087051027
frame_015,frame_011,15,11,10,-4,True,False,257,Great Pyrenees,0.6401265234611893,0.4460894292589792,0.8287656307220459,0.1712343692779541,0.12196802361271007,4.026256281182253,0.10129310344827586,0.7985463351384601,7.883521266047777
frame_015,frame_012,15,12,10,-3,False,False,207,golden retriever,0.3612711226976268,1.0181265701295663,0.6733360290527344,0.3266639709472656,0.13014737382790353,3.8832041623209568,0.09482758620689655,0.8273481463265386,8.72476227035259
frame_015,frame_013,15,13,10,-2,False,False,207,golden retriever,0.2995322206215804,1.205533285838869,0.7116959095001221,0.28830409049987793,0.1268066311681729,3.81878089354284,0.08405172413793104,0.8138417156350031,9.682629642426702
frame_015,frame_014,15,14,10,-1,False,False,257,Great Pyrenees,0.38418182618938,0.9566393327613492,0.7582575082778931,0.24174249172210693,0.14530278827723297,3.861578666385715,0.07758620689655173,0.8088635298005875,10.425352161874239
frame_015,frame_016,15,16,10,1,False,False,805,soccer ball,0.2868610948345674,1.248757170506999,0.6544721722602844,0.3455278277397156,0.15000247867862673,3.7628296841724316,0.06465517241379311,0.6947513710712179,10.74548787256817
frame_015,frame_017,15,17,10,2,False,False,257,Great Pyrenees,0.35220771490771663,1.0435341782544416,0.7425925135612488,0.2574074864387512,0.1617891368793878,3.665033985371411,0.0668103448275862,0.709627376698238,10.621519444773629
frame_015,frame_000,15,0,20,-15,False,False,359,"black-footed ferret, ferret, Mustela nigripes",0.3284383856074322,1.1134060214884478,0.5978597402572632,0.4021402597427368,0.033397026664052504,5.160723896473643,0.41935483870967744,0.841560077561712,2.006797108031775
frame_015,frame_001,15,1,20,-14,False,False,179,"Staffordshire bullterrier, Staffordshire bull terrier",0.26992537288371554,1.309609754915357,0.5716906785964966,0.4283093214035034,0.03805291371258404,5.064934132204343,0.4274193548387097,0.8527709539786841,1.9951622319501288
frame_015,frame_002,15,2,20,-13,False,False,179,"Staffordshire bullterrier, Staffordshire bull terrier",0.4565340100587107,0.7840920799506872,0.6392332315444946,0.36076676845550537,0.048005752128707155,5.002739543578123,0.3971774193548387,0.8258984389151793,2.079419419806746
frame_015,frame_003,15,3,20,-12,False,True,452,"bonnet, poke bonnet",0.1389290093016084,1.9737922007644597,0.4183155298233032,0.5816844701766968,0.029985677030445745,5.2123203029062,0.3951612903225806,0.8216100422916843,2.0791764335544665
frame_015,frame_004,15,4,20,-11,False,False,158,toy terrier,0.24543852044620665,1.4047087889903906,0.4884108901023865,0.5115891098976135,0.03389607338232921,5.076941291077278,0.38306451612903225,0.8466019991098658,2.2100767976762814
frame_015,frame_005,15,5,20,-10,False,False,179,"Staffordshire bullterrier, Staffordshire bull terrier",0.14682880085435776,1.9184879909387007,0.4852561950683594,0.5147438049316406,0.035638596981786196,5.0972815330232,0.3870967741935484,0.851196811835623,2.198925097242026
frame_015,frame_006,15,6,20,-9,False,False,245,French bulldog,0.18167704007095187,1.7055246733092284,0.4910227060317993,0.5089772939682007,0.041861116809803624,5.192123442011107,0.38911290322580644,0.8334472423493374,2.141916229042857
frame_015,frame_007,15,7,20,-8,False,False,96,toucan,0.2051293906795257,1.5841143249038243,0.4602319598197937,0.5397680401802063,0.037989646349842594,5.217877682592251,0.3790322580645161,0.8310983696244321,2.1926850602857355
frame_015,frame_008,15,8,20,-7,False,False,359,"black-footed ferret, ferret, Mustela nigripes",0.17830984761170446,1.724232525062174,0.4665999412536621,0.5334000587463379,0.039716888578860104,5.162782107366441,0.3850806451612903,0.8254739924422169,2.1436392683316208
frame_015,frame_009,15,9,20,-6,False,False,208,Labrador retriever,0.28218901705339056,1.2651781593378306,0.685344934463501,0.314655065536499,0.11809657280772458,4.736816492064767,0.10560344827586207,0.518835957621674,4.913058864009321
frame_015,frame_010,15,10,20,-5,False,False,257,Great Pyrenees,0.48798955699034946,0.7174612729679044,0.7245805263519287,0.2754194736480713,0.11117449489932826,4.771132588988085,0.10775862068965517,0.5567697441414625,5.166823225632773
frame_015,frame_011,15,11,20,-4,False,False,257,Great Pyrenees,0.665020808138131,0.4079369483825386,0.808329701423645,0.19167029857635498,0.07554949054218872,4.780122548889256,0.10129310344827586,0.5329468955073339,5.261433181178786
frame_015,frame_012,15,12,20,-3,False,False,207,golden retriever,0.6570171491024406,0.4200451587035685,0.7976359128952026,0.20236408710479736,0.11090312099843824,4.732769210892485,0.09482758620689655,0.5768919033234949,6.0835873441386745
frame_015,frame_013,15,13,20,-2,False,False,207,golden retriever,0.4634120090254814,0.7691387522883995,0.7986770868301392,0.20132291316986084,0.10051410144555344,4.806621007034301,0.08405172413793104,0.5302946722070436,6.309146869335083
frame_015,frame_014,15,14,20,-1,True,False,208,Labrador retriever,0.5800204114924201,0.5446919838325934,0.8352632522583008,0.16473674774169922,0.08371606666545543,4.80780852346493,0.07758620689655173,0.5312787568667788,6.847592866282927
frame_015,frame_016,15,16,20,1,False,False,208,Labrador retriever,0.51293400265736,0.6676080918781828,0.7517242431640625,0.2482757568359375,0.12644639546716396,4.627210206954618,0.06465517241379311,0.48515754859343446,7.503770084911785
frame_015,frame_017,15,17,20,2,False,False,257,Great Pyrenees,0.5383932882571264,0.6191659668193541,0.8138124346733093,0.18618756532669067,0.137594701031821,4.52760192156348,0.0668103448275862,0.5208902051810388,7.7965501678710325
frame_015,frame_000,15,0,30,-15,False,False,198,standard schnauzer,0.21306523480456824,1.5461568934746666,0.6017378568649292,0.3982621431350708,0.01685179235789306,5.711501431847935,0.41935483870967744,0.4486009545665672,1.0697407378125832
frame_015,frame_001,15,1,30,-14,False,False,179,"Staffordshire bullterrier, Staffordshire bull terrier",0.186309143232869,1.6803479245709951,0.6012648344039917,0.3987351655960083,0.021142736096999362,5.704251231568617,0.4274193548387097,0.4640149964135629,1.0856199916090905
frame_015,frame_002,15,2,30,-13,False,False,198,standard schnauzer,0.421382332252692,0.8642147048016309,0.678961992263794,0.32103800773620605,0.022255624301350002,5.707538799783235,0.3971774193548387,0.4126921155010067,1.0390623821751235
frame_015,frame_003,15,3,30,-12,False,False,452,"bonnet, poke bonnet",0.1863054336766243,1.6803678355271128,0.49661141633987427,0.5033885836601257,0.025605626292781618,5.739910139245764,0.3951612903225806,0.3863907548165672,0.9778051754541701
frame_015,frame_004,15,4,30,-11,False,True,452,"bonnet, poke bonnet",0.16879340207111473,1.7790797848406363,0.47627121210098267,0.5237287878990173,0.01456581137046646,5.779614995837799,0.38306451612903225,0.4342052208922738,1.133504155592462
frame_015,frame_005,15,5,30,-10,False,False,179,"Staffordshire bullterrier, Staffordshire bull terrier",0.24544866950778718,1.404667439116979,0.5437764525413513,0.4562235474586487,0.020275220184494465,5.744959698011401,0.3870967741935484,0.46287868650146535,1.1957699401287856
frame_015,frame_006,15,6,30,-9,False,False,245,French bulldog,0.13526061097087513,2.000551909834787,0.506037712097168,0.49396228790283203,0.015606239217996396,5.778595776315646,0.38911290322580644,0.48469827445409275,1.2456494514467875
frame_015,frame_007,15,7,30,-8,False,False,176,"Saluki, gazelle hound",0.357779826202717,1.0278374923849718,0.567821741104126,0.432178258895874,0.016238786597040786,5.798868525291452,0.3790322580645161,0.4880742089663911,1.287685147060266
frame_015,frame_008,15,8,30,-7,False,False,176,"Saluki, gazelle hound",0.40058556698594633,0.9148278848918565,0.6670745611190796,0.3329254388809204,0.015241135847977493,5.73825095074802,0.3850806451612903,0.5138552504912488,1.3344094463018819
frame_015,frame_009,15,9,30,-6,False,False,176,"Saluki, gazelle hound",0.4579188864174397,0.7810632144447514,0.7269703149795532,0.2730296850204468,0.04007322333375006,5.336653322634282,0.10560344827586207,0.32361132704762247,3.064401137757078
frame_015,frame_010,15,10,30,-5,False,False,257,Great Pyrenees,0.4356071748317333,0.8310144169117497,0.727807879447937,0.272192120552063,0.044500090791830524,5.325408217548315,0.10775862068965517,0.3499755056353305,3.247772692295867
frame_015,frame_011,15,11,30,-4,False,False,257,Great Pyrenees,0.5120354290234252,0.6693614590252754,0.7697076201438904,0.23029237985610962,0.03569289266220866,5.460557895721314,0.10129310344827586,0.3074074193519426,3.034830693176625
frame_015,frame_012,15,12,30,-3,False,False,207,golden retriever,0.4410449933276936,0.8186083830531774,0.7661499381065369,0.23385006189346313,0.0520185938996818,5.190478455292618,0.09482758620689655,0.30817477394123244,3.2498430706529966
frame_015,frame_013,15,13,30,-2,False,False,207,golden retriever,0.3440363866109625,1.0670078521706552,0.7579949498176575,0.24200505018234253,0.059535332239169604,5.138428919259568,0.08405172413793104,0.30720959609992543,3.6550064766760357
frame_015,frame_014,15,14,30,-1,False,False,257,Great Pyrenees,0.4792038454030184,0.7356292075824218,0.790284276008606,0.20971572399139404,0.04741198965592031,5.2455867486005285,0.07758620689655173,0.2794813299450199,3.6022038081802563
frame_015,frame_016,15,16,30,1,False,False,208,Labrador retriever,0.4138367528020941,0.8822836998233301,0.7199110984802246,0.2800889015197754,0.033130503607927506,5.3618300378492405,0.06465517241379311,0.2124960931110996,3.2866062401183402
frame_015,frame_017,15,17,30,2,True,False,257,Great Pyrenees,0.5933870112802976,0.5219084600061996,0.8075574636459351,0.19244253635406494,0.04483199807721088,5.320259407722105,0.0668103448275862,0.21937592596294925,3.2835622466712406
frame_015,frame_000,15,0,40,-15,False,False,359,"black-footed ferret, ferret, Mustela nigripes",0.5890644471138332,0.5292196834659357,0.7369797229766846,0.26302027702331543,0.09421956566454515,4.321752237431298,0.41935483870967744,0.9548960652847922,2.2770598479868123
frame_015,frame_001,15,1,40,-14,False,False,285,Egyptian cat,0.3798524985029123,0.9679722634504522,0.6650162935256958,0.3349837064743042,0.07783330176814349,4.270890857025098,0.4274193548387097,0.9417493768368816,2.2033381646749683
frame_015,frame_002,15,2,40,-13,False,False,359,"black-footed ferret, ferret, Mustela nigripes",0.5022672192941419,0.688622991565893,0.7020858526229858,0.29791414737701416,0.05664541604231477,4.352544279432462,0.3971774193548387,0.9546254758359303,2.4035240406833576
frame_015,frame_003,15,3,40,-12,False,False,32,"tailed frog, bell toad, ribbed toad, tailed toad, Ascaphus trui",0.3108095079039722,1.1685750692449393,0.589859127998352,0.41014087200164795,0.08949339427508723,4.576373975259202,0.3951612903225806,0.9456886896124518,2.393171377794776
frame_015,frame_004,15,4,40,-11,False,False,158,toy terrier,0.18347281079975267,1.695688792494371,0.5359340310096741,0.4640659689903259,0.09135329827356076,4.3363958034071795,0.38306451612903225,0.9306274122506359,2.4294273498753443
frame_015,frame_005,15,5,40,-10,False,False,359,"black-footed ferret, ferret, Mustela nigripes",0.21723183637128224,1.5267901253685743,0.5497840642929077,0.4502159357070923,0.09644826490159993,4.262419880430515,0.3870967741935484,0.9509261325647295,2.456559175792218
frame_015,frame_006,15,6,40,-9,False,False,159,Rhodesian ridgeback,0.16718655134769136,1.7886450160899425,0.5452771186828613,0.45472288131713867,0.07421014498419579,4.421441620043308,0.38911290322580644,0.9414542420838681,2.419488622142998
frame_015,frame_007,15,7,40,-8,False,True,359,"black-footed ferret, ferret, Mustela nigripes",0.15325335659905215,1.875662801638617,0.5136526823043823,0.4863473176956177,0.08732881523788721,4.324718156614242,0.3790322580645161,0.952645739822683,2.513363228468355
frame_015,frame_008,15,8,40,-7,False,False,359,"black-footed ferret, ferret, Mustela nigripes",0.8029818285683484,0.21942319472062977,0.8299024701118469,0.17009752988815308,0.15656841131082502,4.177051859214288,0.3850806451612903,0.9416010251031784,2.445204756288882
frame_015,frame_009,15,9,40,-6,False,False,169,"borzoi, Russian wolfhound",0.18337997922755558,1.6961948896357972,0.6284513473510742,0.3715486526489258,0.11647894277794525,3.82084274925503,0.10560344827586207,0.815057472051747,7.718095245551236
frame_015,frame_010,15,10,40,-5,False,False,257,Great Pyrenees,0.596922158457154,0.5159685619347321,0.7443548440933228,0.25564515590667725,0.13898925649223637,3.956046357034968,0.10775862068965517,0.7629367934156105,7.080053442896866
frame_015,frame_011,15,11,40,-4,True,False,805,soccer ball,0.5033900923198468,0.6863898780005355,0.8429477214813232,0.15705227851867676,0.09572228114581331,3.9603653408431754,0.10129310344827586,0.8352652684204321,8.246023075469799
frame_015,frame_012,15,12,40,-3,False,False,183,Kerry blue terrier,0.2896690254165229,1.2390162994380676,0.7376283407211304,0.26237165927886963,0.10935811427634048,3.8165388769760833,0.09482758620689655,0.875992280159379,9.237736772589816
frame_015,frame_013,15,13,40,-2,False,False,183,Kerry blue terrier,0.45660664627550956,0.7839329889794371,0.7938361763954163,0.20616382360458374,0.11204545276498337,3.663241051289285,0.08405172413793104,0.8649870267620554,10.291127703015222
frame_015,frame_014,15,14,40,-1,False,False,183,Kerry blue terrier,0.4894217782350417,0.714530629096386,0.8284177780151367,0.17158222198486328,0.14734938622935362,3.6546203960394106,0.07758620689655173,0.8680135561611229,11.187730279410028
frame_015,frame_016,15,16,40,1,False,False,977,"sandbar, sand bar",0.2430969449445344,1.414294964812105,0.6897292733192444,0.3102707266807556,0.11814184616847524,3.5282656455414587,0.06465517241379311,0.7439424543174237,11.506309960109485
frame_015,frame_017,15,17,40,2,False,False,257,Great Pyrenees,0.528850207842838,0.6370500481990988,0.7629081606864929,0.23709183931350708,0.15535448040761335,3.5064185196569024,0.0668103448275862,0.7400665895870421,11.077125728012502
frame_015,frame_000,15,0,50,-15,False,False,359,"black-footed ferret, ferret, Mustela nigripes",0.8790892627297429,0.12886883613459332,0.9025766849517822,0.09742331504821777,0.0456464765772818,4.925541257889974,0.41935483870967744,0.8282344839989579,1.9750206926128997
frame_015,frame_001,15,1,50,-14,False,False,285,Egyptian cat,0.5294281687434658,0.6359577817957103,0.727156400680542,0.272843599319458,0.0459727188061797,4.829857218112598,0.4274193548387097,0.8807398274757522,2.0605988416413825
frame_015,frame_002,15,2,50,-13,True,False,359,"black-footed ferret, ferret, Mustela nigripes",0.8980050092123525,0.1075796325080205,0.9117411375045776,0.08825886249542236,0.05282229194501306,4.857697376261563,0.3971774193548387,0.8081847443543753,2.03482047309528
frame_015,frame_003,15,3,50,-12,False,False,359,"black-footed ferret, ferret, Mustela nigripes",0.3608164851485029,1.0193858012928185,0.6116176247596741,0.3883823752403259,0.04518541360147112,4.921972217539224,0.3951612903225806,0.7936603644099289,2.008446636465943
frame_015,frame_004,15,4,50,-11,False,False,158,toy terrier,0.22131381164569697,1.508173622459644,0.5604338645935059,0.43956613540649414,0.05905301188855406,4.744572825601017,0.38306451612903225,0.8525809542970226,2.22568501753328
frame_015,frame_005,15,5,50,-10,False,False,359,"black-footed ferret, ferret, Mustela nigripes",0.4182571317819092,0.8716588877796241,0.6477100849151611,0.35228991508483887,0.06837784431788868,4.681051613549704,0.3870967741935484,0.8635254880038363,2.230774177343244
frame_015,frame_006,15,6,50,-9,False,False,106,wombat,0.27194796454913645,1.302144537792266,0.5581386089324951,0.4418613910675049,0.05839436608098046,4.78141700702745,0.38911290322580644,0.8351391009486626,2.1462642179820555
frame_015,frame_007,15,7,50,-8,False,True,359,"black-footed ferret, ferret, Mustela nigripes",0.21060076347296797,1.5577910540610649,0.5158635973930359,0.4841364026069641,0.048098962682891495,4.854663500460234,0.3790322580645161,0.8404039135873185,2.217235857123989
frame_015,frame_008,15,8,50,-7,False,False,359,"black-footed ferret, ferret, Mustela nigripes",0.8301462482563482,0.18615339099487738,0.8663203716278076,0.13367962837219238,0.058056819764622764,4.688051079723575,0.3850806451612903,0.8619871317949972,2.2384587296875322
frame_015,frame_009,15,9,50,-6,False,False,260,"chow, chow chow",0.44959758054113946,0.7994023617758108,0.6860731840133667,0.3139268159866333,0.08237237459606493,4.21815470883371,0.10560344827586207,0.7175339420266501,6.794607124497258
frame_015,frame_010,15,10,50,-5,False,False,257,Great Pyrenees,0.2607333374108875,1.3442570896900419,0.677802324295044,0.32219767570495605,0.08468811823390046,4.282011900656223,0.10775862068965517,0.6972522101217589,6.470500509929923
frame_015,frame_011,15,11,50,-4,False,False,257,Great Pyrenees,0.5106270821267169,0.6721157357718415,0.8230599761009216,0.17694002389907837,0.06503494047213845,4.373633675422397,0.10129310344827586,0.7226434925689297,7.134182564935816
frame_015,frame_012,15,12,50,-3,False,False,207,golden retriever,0.5144430509179503,0.6646704180405463,0.7886435985565186,0.21135640144348145,0.06976513097043698,4.210758644078066,0.09482758620689655,0.8087474463792305,8.528609434544613
frame_015,frame_013,15,13,50,-2,False,False,183,Kerry blue terrier,0.409762343435518,0.8921779375031571,0.8036413192749023,0.19635868072509766,0.07782957603413423,4.121235456902548,0.08405172413793104,0.7845041480475939,9.33358781266881
frame_015,frame_014,15,14,50,-1,False,False,183,Kerry blue terrier,0.42863661265291836,0.8471457757625136,0.8319824934005737,0.16801750659942627,0.08871143582537139,4.136246345744408,0.07758620689655173,0.7771569062187683,10.016689013486348
frame_015,frame_016,15,16,50,1,False,False,208,Labrador retriever,0.3163167141462879,1.1510113073657815,0.7189651131629944,0.2810348868370056,0.0925419578162516,3.964043471740605,0.06465517241379311,0.6566872844077642,10.15676333217342
frame_015,frame_017,15,17,50,2,False,False,208,Labrador retriever,0.480294637087126,0.7333555361302522,0.7902669906616211,0.2097330093383789,0.10178506867805855,3.8512848348676405,0.0668103448275862,0.6637782726817493,9.935261887881667
frame_016,frame_000,16,0,5,-16,False,False,359,"black-footed ferret, ferret, Mustela nigripes",0.6123783811921751,0.4904049175980614,0.7141836285591125,0.28581637144088745,0.016647260317835925,5.567971591040109,0.41935483870967744,0.7262563396780859,1.7318420407708202
frame_016,frame_001,16,1,5,-15,False,False,359,"black-footed ferret, ferret, Mustela nigripes",0.3981261834168648,0.9209862801844855,0.5763109922409058,0.42368900775909424,0.01954178111187215,5.555461185305861,0.4274193548387097,0.7475269137280431,1.748930892495799
frame_016,frame_002,16,2,5,-14,False,False,359,"black-footed ferret, ferret, Mustela nigripes",0.5089851752912922,0.6753363880202157,0.6865928173065186,0.31340718269348145,0.020371710898191897,5.579748618308194,0.3971774193548387,0.6841138785721033,1.7224390039175799
frame_016,frame_003,16,3,5,-13,False,False,359,"black-footed ferret, ferret, Mustela nigripes",0.36027715191967685,1.0208816772835942,0.605777382850647,0.394222617149353,0.017422349936927647,5.605458253736376,0.3951612903225806,0.6631941318102924,1.6782871907035972
frame_016,frame_004,16,4,5,-12,False,False,452,"bonnet, poke bonnet",0.3559326243530504,1.0330138234768067,0.5550709366798401,0.4449290633201599,0.02104949404033443,5.476627657974069,0.38306451612903225,0.7268937212368919,1.897575188071044
frame_016,frame_005,16,5,5,-11,False,False,452,"bonnet, poke bonnet",0.457558119587166,0.781851364986125,0.6609084606170654,0.33909153938293457,0.019978003265038694,5.511527264400817,0.3870967741935484,0.7160125175309162,1.8496990036215335
frame_016,frame_006,16,6,5,-10,False,False,452,"bonnet, poke bonnet",0.26287255564643797,1.3360859435419705,0.5299786329269409,0.4700213670730591,0.0174213243812065,5.609665045994456,0.38911290322580644,0.7250868424750045,1.8634356158943122
frame_016,frame_007,16,7,5,-9,False,False,452,"bonnet, poke bonnet",0.18481653797514722,1.6883916325711459,0.5243481397628784,0.4756518602371216,0.019951462606234566,5.6140926834391465,0.3790322580645161,0.7248083994478043,1.9122604581176113
frame_016,frame_008,16,8,5,-8,False,False,359,"black-footed ferret, ferret, Mustela nigripes",0.5030366848758542,0.6870921793830627,0.6497958898544312,0.35020411014556885,0.024366404436516154,5.545630302462784,0.3850806451612903,0.7453718311041432,1.9356252786788222
frame_016,frame_009,16,9,5,-7,True,False,169,"borzoi, Russian wolfhound",0.6261997305106618,0.4680859004465807,0.7454997301101685,0.25450026988983154,0.03224772139507792,5.004141109291907,0.10560344827586207,0.5664243232765894,5.363691551027296
frame_016,frame_010,16,10,5,-6,False,False,177,"Scottish deerhound, deerhound",0.17002586831000663,1.7718046869785766,0.5597115755081177,0.4402884244918823,0.03293812251108021,4.975661909811971,0.10775862068965517,0.5939134674959916,5.511516978362803
frame_016,frame_011,16,11,5,-5,False,False,257,Great Pyrenees,0.2302841143890278,1.4684414524371974,0.6446066498756409,0.35539335012435913,0.03180829106677758,4.9646761914571815,0.10129310344827586,0.5802177663831787,5.728107310676488
frame_016,frame_012,16,12,5,-4,False,False,169,"borzoi, Russian wolfhound",0.25897845080379905,1.351010422273772,0.5849039554595947,0.4150960445404053,0.028132460492647046,4.944643830181635,0.09482758620689655,0.6132929769641896,6.467453211622363
frame_016,frame_013,16,13,5,-3,False,False,169,"borzoi, Russian wolfhound",0.1366320173206438,1.9904639718966806,0.536712646484375,0.463287353515625,0.03904956259227886,4.937758070516053,0.08405172413793104,0.5773763701716786,6.869298352811766
frame_016,frame_014,16,14,5,-2,False,False,169,"borzoi, Russian wolfhound",0.16251625984553317,1.8169772216301752,0.5428582429885864,0.4571417570114136,0.03440833485776502,4.958262239148103,0.07758620689655173,0.5512044524775587,7.104412943044089
frame_016,frame_015,16,15,5,-1,False,True,169,"borzoi, Russian wolfhound",0.10267988612449044,2.276139032012823,0.5235263109207153,0.47647368907928467,0.0425086091854239,4.874205604634274,0.07112068965517242,0.5233588697044957,7.35874289523897
frame_016,frame_017,16,17,5,1,False,False,218,Welsh springer spaniel,0.1969629391966686,1.6247396938472818,0.5685915946960449,0.4314084053039551,0.042966604047793316,4.790881608277735,0.0668103448275862,0.47494572761170917,7.10886508425268
frame_016,frame_000,16,0,10,-16,False,False,359,"black-footed ferret, ferret, Mustela nigripes",0.40445827822704494,0.9052066918649988,0.6047012805938721,0.39529871940612793,0.05610812677181593,4.957807950858248,0.41935483870967744,0.8472596170909691,2.0203883176784645
frame_016,frame_001,16,1,10,-15,False,False,179,"Staffordshire bullterrier, Staffordshire bull terrier",0.17842979673264486,1.7235600507388833,0.541702151298523,0.45829784870147705,0.058620672446450736,4.874714533002582,0.4274193548387097,0.8641900043149298,2.021878500661345
frame_016,frame_002,16,2,10,-14,False,False,359,"black-footed ferret, ferret, Mustela nigripes",0.34313205665109686,1.0696399010978395,0.6138302087783813,0.38616979122161865,0.05612352891056443,4.867756949552817,0.3971774193548387,0.83499724048768,2.102328077573042
frame_016,frame_003,16,3,10,-13,False,False,359,"black-footed ferret, ferret, Mustela nigripes",0.17749058353422723,1.7288377219852906,0.4624837636947632,0.5375162363052368,0.05332326095778636,5.167151424890598,0.3951612903225806,0.8235013723453629,2.083962656547449
frame_016,frame_004,16,4,10,-12,False,False,389,"barracouta, snoek",0.3398979604921624,1.0791098226153313,0.5827633142471313,0.41723668575286865,0.05056195715289452,4.967143017005727,0.38306451612903225,0.8569206519850795,2.2370139125505233
frame_016,frame_005,16,5,10,-11,False,False,359,"black-footed ferret, ferret, Mustela nigripes",0.15290967927121285,1.8779078634646833,0.5153014063835144,0.4846985936164856,0.0431459543132558,5.0855442833358,0.3870967741935484,0.849565735769781,2.1947114840719344
frame_016,frame_006,16,6,10,-10,False,True,359,"black-footed ferret, ferret, Mustela nigripes",0.11986370132325427,2.121400004041316,0.45514053106307983,0.5448594689369202,0.03651240440618778,5.228701576709318,0.38911290322580644,0.8410321052897072,2.1614089338015274
frame_016,frame_007,16,7,10,-9,False,False,359,"black-footed ferret, ferret, Mustela nigripes",0.4592721126371965,0.7781124065910765,0.6132849454879761,0.3867150545120239,0.03340379541529759,5.231093423175183,0.3790322580645161,0.8478252327870298,2.2368155077785468
frame_016,frame_008,16,8,10,-8,False,False,359,"black-footed ferret, ferret, Mustela nigripes",0.7798241038105757,0.2486868926643968,0.8095679879188538,0.19043201208114624,0.04307540449549204,5.121244203035472,0.3850806451612903,0.8704261844597346,2.2603737565027666
frame_016,frame_009,16,9,10,-7,False,False,257,Great Pyrenees,0.28667035279459,1.249422319899585,0.6986331939697266,0.30136680603027344,0.1705378505032398,3.919785176751091,0.10560344827586207,0.7207816415999019,6.825360851068458
frame_016,frame_010,16,10,10,-6,False,False,257,Great Pyrenees,0.5269588772281885,0.6406327653104853,0.7191851139068604,0.28081488609313965,0.18006892859956705,4.016375039987987,0.10775862068965517,0.6896402162570081,6.399861206865036
frame_016,frame_011,16,11,10,-5,True,False,257,Great Pyrenees,0.6401265234611893,0.4460894292589792,0.8287656307220459,0.1712343692779541,0.12607643329038493,4.096937135491394,0.10129310344827586,0.7743545723210492,7.644691948020571
frame_016,frame_012,16,12,10,-4,False,False,207,golden retriever,0.3612711226976268,1.0181265701295663,0.6733360290527344,0.3266639709472656,0.13599090071251724,3.9629629939859234,0.09482758620689655,0.8115456046584453,8.55811728548906
frame_016,frame_013,16,13,10,-3,False,False,207,golden retriever,0.2995322206215804,1.205533285838869,0.7116959095001221,0.28830409049987793,0.13256992164529607,3.9074364047604244,0.08405172413793104,0.7935476240333147,9.441181988498924
frame_016,frame_014,16,14,10,-2,False,False,257,Great Pyrenees,0.38418182618938,0.9566393327613492,0.7582575082778931,0.24174249172210693,0.1425363407016818,3.9911911131246143,0.07758620689655173,0.7769058876985084,10.013453663669663
frame_016,frame_015,16,15,10,-1,False,False,257,Great Pyrenees,0.570561452067508,0.5611343993240814,0.7880308032035828,0.21196919679641724,0.16321539942928293,3.8887067869175467,0.07112068965517242,0.7360816917877533,10.349754696652045
frame_016,frame_017,16,17,10,1,False,False,257,Great Pyrenees,0.35220771490771663,1.0435341782544416,0.7425925135612488,0.2574074864387512,0.16509549372421703,3.6828624651415254,0.0668103448275862,0.691330653682017,10.347658816401802
frame_016,frame_000,16,0,20,-16,False,False,359,"black-footed ferret, ferret, Mustela nigripes",0.3284383856074322,1.1134060214884478,0.5978597402572632,0.4021402597427368,0.0436087963488698,5.157553351679385,0.41935483870967744,0.7960492795966765,1.8982713590382285
frame_016,frame_001,16,1,20,-15,False,False,179,"Staffordshire bullterrier, Staffordshire bull terrier",0.26992537288371554,1.309609754915357,0.5716906785964966,0.4283093214035034,0.04905576723442768,5.039084626436816,0.4274193548387097,0.8128623180641376,1.9017910837726992
frame_016,frame_002,16,2,20,-14,False,False,179,"Staffordshire bullterrier, Staffordshire bull terrier",0.4565340100587107,0.7840920799506872,0.6392332315444946,0.36076676845550537,0.05937225792748705,4.9310315412816035,0.3971774193548387,0.7975209763216106,2.0079715952056794
frame_016,frame_003,16,3,20,-13,False,True,452,"bonnet, poke bonnet",0.1389290093016084,1.9737922007644597,0.4183155298233032,0.5816844701766968,0.0400232445554583,5.122552822562978,0.3951612903225806,0.788125182112409,1.9944392363660963
frame_016,frame_004,16,4,20,-12,False,False,158,toy terrier,0.24543852044620665,1.4047087889903906,0.4884108901023865,0.5115891098976135,0.0436364069773639,5.039539875173393,0.38306451612903225,0.8105648122258488,2.1160007729685315
frame_016,frame_005,16,5,20,-11,False,False,179,"Staffordshire bullterrier, Staffordshire bull terrier",0.14682880085435776,1.9184879909387007,0.4852561950683594,0.5147438049316406,0.03648535226436615,5.025714794780117,0.3870967741935484,0.8223027315795383,2.124282056580474
frame_016,frame_006,16,6,20,-10,False,False,245,French bulldog,0.18167704007095187,1.7055246733092284,0.4910227060317993,0.5089772939682007,0.038619684939843094,5.14798580818816,0.38911290322580644,0.8172419201573533,2.100269390663457
frame_016,frame_007,16,7,20,-9,False,False,96,toucan,0.2051293906795257,1.5841143249038243,0.4602319598197937,0.5397680401802063,0.03769901450690809,5.211084370782116,0.3790322580645161,0.812852103037344,2.144545973970865
frame_016,frame_008,16,8,20,-8,False,False,359,"black-footed ferret, ferret, Mustela nigripes",0.17830984761170446,1.724232525062174,0.4665999412536621,0.5334000587463379,0.03703635899742443,5.184463956190953,0.3850806451612903,0.8163709784319615,2.1200000277604865
frame_016,frame_009,16,9,20,-7,False,False,208,Labrador retriever,0.28218901705339056,1.2651781593378306,0.685344934463501,0.314655065536499,0.11648466635912667,4.735314179093313,0.10560344827586207,0.48057327182249215,4.550734655625232
frame_016,frame_010,16,10,20,-6,False,False,257,Great Pyrenees,0.48798955699034946,0.7174612729679044,0.7245805263519287,0.2754194736480713,0.11270497864401373,4.765360806456782,0.10775862068965517,0.5239841011299887,4.862572458486295
frame_016,frame_011,16,11,20,-5,False,False,257,Great Pyrenees,0.665020808138131,0.4079369483825386,0.808329701423645,0.19167029857635498,0.07338543408137266,4.818969128750352,0.10129310344827586,0.4838666362163854,4.776896153285167
frame_016,frame_012,16,12,20,-4,False,False,207,golden retriever,0.6570171491024406,0.4200451587035685,0.7976359128952026,0.20236408710479736,0.10380995513148263,4.754968183517745,0.09482758620689655,0.5445001831900328,5.7420019318221645
frame_016,frame_013,16,13,20,-3,False,False,207,golden retriever,0.4634120090254814,0.7691387522883995,0.7986770868301392,0.20132291316986084,0.09807015685894092,4.855300107732726,0.08405172413793104,0.5016614430999556,5.968484861496908
frame_016,frame_014,16,14,20,-2,False,False,208,Labrador retriever,0.5800204114924201,0.5446919838325934,0.8352632522583008,0.16473674774169922,0.07421515062337813,4.874414411296339,0.07758620689655173,0.4886218658414558,6.297792937512097
frame_016,frame_015,16,15,20,-1,True,False,257,Great Pyrenees,0.5649827807050603,0.57096002492833,0.8430725336074829,0.1569274663925171,0.1123218426390001,4.741166400948582,0.07112068965517242,0.47267607064777495,6.646112023653562
frame_016,frame_017,16,17,20,1,False,False,257,Great Pyrenees,0.5383932882571264,0.6191659668193541,0.8138124346733093,0.18618756532669067,0.1385465403577127,4.49879627219423,0.0668103448275862,0.49901527187546274,7.46913181129725
frame_016,frame_000,16,0,30,-16,False,False,198,standard schnauzer,0.21306523480456824,1.5461568934746666,0.6017378568649292,0.3982621431350708,0.012400958577303637,5.7374458735689995,0.41935483870967744,0.37562721923713605,0.8957264458731705
frame_016,frame_001,16,1,30,-15,False,False,179,"Staffordshire bullterrier, Staffordshire bull terrier",0.186309143232869,1.6803479245709951,0.6012648344039917,0.3987351655960083,0.018552206675876978,5.72922284862003,0.4274193548387097,0.3934683584483908,0.9205674801434048
frame_016,frame_002,16,2,30,-14,False,False,198,standard schnauzer,0.421382332252692,0.8642147048016309,0.678961992263794,0.32103800773620605,0.017710624146328385,5.733894569929183,0.3971774193548387,0.34433605791174726,0.8669577904783079
frame_016,frame_003,16,3,30,-13,False,False,452,"bonnet, poke bonnet",0.1863054336766243,1.6803678355271128,0.49661141633987427,0.5033885836601257,0.018961257952739022,5.749904368958718,0.3951612903225806,0.31465804175398204,0.7962774934182403
frame_016,frame_004,16,4,30,-12,False,True,452,"bonnet, poke bonnet",0.16879340207111473,1.7790797848406363,0.47627121210098267,0.5237287878990173,0.013056067644175526,5.795390974694076,0.38306451612903225,0.3450521361274114,0.9007676816799793
frame_016,frame_005,16,5,30,-11,False,False,179,"Staffordshire bullterrier, Staffordshire bull terrier",0.24544866950778718,1.404667439116979,0.5437764525413513,0.4562235474586487,0.015244320119555007,5.767122967142823,0.3870967741935484,0.38132449977463645,0.9850882910844775
frame_016,frame_006,16,6,30,-10,False,False,245,French bulldog,0.13526061097087513,2.000551909834787,0.506037712097168,0.49396228790283203,0.014338610357566058,5.789935408785177,0.38911290322580644,0.4084089689618696,1.0495898891455302
frame_016,frame_007,16,7,30,-9,False,False,176,"Saluki, gazelle hound",0.357779826202717,1.0278374923849718,0.567821741104126,0.432178258895874,0.015450672167822846,5.799528033143666,0.3790322580645161,0.4148522132862378,1.0945037116487975
frame_016,frame_008,16,8,30,-8,False,False,176,"Saluki, gazelle hound",0.40058556698594633,0.9148278848918565,0.6670745611190796,0.3329254388809204,0.015712653952501605,5.748694530807954,0.3850806451612903,0.45130766510273895,1.171982208853186
frame_016,frame_009,16,9,30,-7,False,False,176,"Saluki, gazelle hound",0.4579188864174397,0.7810632144447514,0.7269703149795532,0.2730296850204468,0.0483409096603181,5.311082802325799,0.10560344827586207,0.26752679651715056,2.5333149711011806
frame_016,frame_010,16,10,30,-6,False,False,257,Great Pyrenees,0.4356071748317333,0.8310144169117497,0.727807879447937,0.272192120552063,0.050991304318199905,5.296344581864986,0.10775862068965517,0.27525687329593956,2.5543837841863195
frame_016,frame_011,16,11,30,-5,False,False,257,Great Pyrenees,0.5120354290234252,0.6693614590252754,0.7697076201438904,0.23029237985610962,0.037803265785685734,5.453079419001812,0.10129310344827586,0.24109817254848917,2.380203235372319
frame_016,frame_012,16,12,30,-4,False,False,207,golden retriever,0.4410449933276936,0.8186083830531774,0.7661499381065369,0.23385006189346313,0.0617947068397447,5.144906402915759,0.09482758620689655,0.242462357946951,2.5568757747133017
frame_016,frame_013,16,13,30,-3,False,False,207,golden retriever,0.3440363866109625,1.0670078521706552,0.7579949498176575,0.24200505018234253,0.07125296422419093,5.113819178876502,0.08405172413793104,0.2484470820782915,2.955883232931468
frame_016,frame_014,16,14,30,-2,False,False,257,Great Pyrenees,0.4792038454030184,0.7356292075824218,0.790284276008606,0.20971572399139404,0.058500814803670614,5.230091080933271,0.07758620689655173,0.22108698667588395,2.8495656060447265
frame_016,frame_015,16,15,30,-1,True,False,257,Great Pyrenees,0.7688530341065861,0.26285544073624534,0.863001823425293,0.13699817657470703,0.04032879695560375,5.21138417732703,0.07112068965517242,0.18126264984043783,2.548662712907974
frame_016,frame_017,16,17,30,1,False,False,257,Great Pyrenees,0.5933870112802976,0.5219084600061996,0.8075574636459351,0.19244253635406494,0.03829778017967793,5.30149873719936,0.0668103448275862,0.17422320595544863,2.607727985913812
frame_016,frame_000,16,0,40,-16,False,False,359,"black-footed ferret, ferret, Mustela nigripes",0.5890644471138332,0.5292196834659357,0.7369797229766846,0.26302027702331543,0.0816559210580027,4.368075166280409,0.41935483870967744,0.9555652595676845,2.2786556189690934
frame_016,frame_001,16,1,40,-15,False,False,285,Egyptian cat,0.3798524985029123,0.9679722634504522,0.6650162935256958,0.3349837064743042,0.06756650035328034,4.30450470913727,0.4274193548387097,0.9449841941248338,2.2109064164430072
frame_016,frame_002,16,2,40,-14,False,False,359,"black-footed ferret, ferret, Mustela nigripes",0.5022672192941419,0.688622991565893,0.7020858526229858,0.29791414737701416,0.06128303728385329,4.368751278239883,0.3971774193548387,0.9533721179273097,2.4003683781317036
frame_016,frame_003,16,3,40,-13,False,False,32,"tailed frog, bell toad, ribbed toad, tailed toad, Ascaphus trui",0.3108095079039722,1.1685750692449393,0.589859127998352,0.41014087200164795,0.0828277849076285,4.6205690483986555,0.3951612903225806,0.9445647386445752,2.390327093712803
frame_016,frame_004,16,4,40,-12,False,False,158,toy terrier,0.18347281079975267,1.695688792494371,0.5359340310096741,0.4640659689903259,0.0794554201038702,4.361711198294043,0.38306451612903225,0.9253562574465816,2.4156668615447603
frame_016,frame_005,16,5,40,-11,False,False,359,"black-footed ferret, ferret, Mustela nigripes",0.21723183637128224,1.5267901253685743,0.5497840642929077,0.4502159357070923,0.09161602032387176,4.322790361146392,0.3870967741935484,0.9500249144131079,2.4542310289005287
frame_016,frame_006,16,6,40,-10,False,False,159,Rhodesian ridgeback,0.16718655134769136,1.7886450160899425,0.5452771186828613,0.45472288131713867,0.06831712165355336,4.514024690698728,0.38911290322580644,0.9378142526790496,2.4101340379731018
frame_016,frame_007,16,7,40,-9,False,True,359,"black-footed ferret, ferret, Mustela nigripes",0.15325335659905215,1.875662801638617,0.5136526823043823,0.4863473176956177,0.0856883095745339,4.390814788924152,0.3790322580645161,0.9473824739606161,2.499477165342902
frame_016,frame_008,16,8,40,-8,False,False,359,"black-footed ferret, ferret, Mustela nigripes",0.8029818285683484,0.21942319472062977,0.8299024701118469,0.17009752988815308,0.13193158695812476,4.284370466456302,0.3850806451612903,0.9412704761468649,2.4443463673761516
frame_016,frame_009,16,9,40,-7,False,False,169,"borzoi, Russian wolfhound",0.18337997922755558,1.6961948896357972,0.6284513473510742,0.3715486526489258,0.1355945060767974,3.8377062800277235,0.10560344827586207,0.795679482793116,7.534597551347057
frame_016,frame_010,16,10,40,-6,False,False,257,Great Pyrenees,0.596922158457154,0.5159685619347321,0.7443548440933228,0.25564515590667725,0.15791340006704305,3.9535155522737133,0.10775862068965517,0.7647744917909477,7.097107283819995
frame_016,frame_011,16,11,40,-5,False,False,805,soccer ball,0.5033900923198468,0.6863898780005355,0.8429477214813232,0.15705227851867676,0.09423831758701394,4.019381292481496,0.10129310344827586,0.8263993554292905,8.158495764238102
frame_016,frame_012,16,12,40,-4,False,False,183,Kerry blue terrier,0.2896690254165229,1.2390162994380676,0.7376283407211304,0.26237165927886963,0.12571591344680916,3.871515714489685,0.09482758620689655,0.867893000490375,9.15232618698941
frame_016,frame_013,16,13,40,-3,False,False,183,Kerry blue terrier,0.45660664627550956,0.7839329889794371,0.7938361763954163,0.20616382360458374,0.115862987100498,3.714691464534029,0.08405172413793104,0.8532844634230551,10.151897205853784
frame_016,frame_014,16,14,40,-2,False,False,183,Kerry blue terrier,0.4894217782350417,0.714530629096386,0.8284177780151367,0.17158222198486328,0.14716608677541926,3.7180477538437096,0.07758620689655173,0.85765580594429,11.054230387726404
frame_016,frame_015,16,15,40,-1,True,False,257,Great Pyrenees,0.6627644150790758,0.4113356836473119,0.8488996624946594,0.15110033750534058,0.13602888610136207,3.6253093953691273,0.07112068965517242,0.7988663170388622,11.232544578970668
frame_016,frame_017,16,17,40,1,False,False,257,Great Pyrenees,0.528850207842838,0.6370500481990988,0.7629081606864929,0.23709183931350708,0.14994737955960694,3.5301424177889555,0.0668103448275862,0.7200538571215406,10.777580313044995
frame_016,frame_000,16,0,50,-16,False,False,359,"black-footed ferret, ferret, Mustela nigripes",0.8790892627297429,0.12886883613459332,0.9025766849517822,0.09742331504821777,0.0380363873724437,4.999314036739542,0.41935483870967744,0.8002210178326423,1.908219350216301
frame_016,frame_001,16,1,50,-15,False,False,285,Egyptian cat,0.5294281687434658,0.6359577817957103,0.727156400680542,0.272843599319458,0.04303348871391289,4.951227489402693,0.4274193548387097,0.8490792894653608,1.9865251300699007
frame_016,frame_002,16,2,50,-14,True,False,359,"black-footed ferret, ferret, Mustela nigripes",0.8980050092123525,0.1075796325080205,0.9117411375045776,0.08825886249542236,0.04795979705799643,4.944928887395779,0.3971774193548387,0.7723591165337784,1.9446199076180413
frame_016,frame_003,16,3,50,-13,False,False,359,"black-footed ferret, ferret, Mustela nigripes",0.3608164851485029,1.0193858012928185,0.6116176247596741,0.3883823752403259,0.04266255714807057,5.0428814845088255,0.3951612903225806,0.758827222837579,1.9202974618746897
frame_016,frame_004,16,4,50,-12,False,False,158,toy terrier,0.22131381164569697,1.508173622459644,0.5604338645935059,0.43956613540649414,0.05080911513308923,4.885353127856159,0.38306451612903225,0.8282629146085573,2.1622021349781284
frame_016,frame_005,16,5,50,-11,False,False,359,"black-footed ferret, ferret, Mustela nigripes",0.4182571317819092,0.8716588877796241,0.6477100849151611,0.35228991508483887,0.051496028091393406,4.834237739442353,0.3870967741935484,0.8304199998495345,2.1452516662779644
frame_016,frame_006,16,6,50,-10,False,False,106,wombat,0.27194796454913645,1.302144537792266,0.5581386089324951,0.4418613910675049,0.03837734057669919,4.962210546970773,0.38911290322580644,0.8103777654906703,2.0826288688257644
frame_016,frame_007,16,7,50,-9,False,True,359,"black-footed ferret, ferret, Mustela nigripes",0.21060076347296797,1.5577910540610649,0.5158635973930359,0.4841364026069641,0.04177094648795595,5.013372938417886,0.3790322580645161,0.8072209971234607,2.129689439219343
frame_016,frame_008,16,8,50,-8,False,False,359,"black-footed ferret, ferret, Mustela nigripes",0.8301462482563482,0.18615339099487738,0.8663203716278076,0.13367962837219238,0.0395352091171043,4.901770337835902,0.3850806451612903,0.8424803704949734,2.1878024280916586
frame_016,frame_009,16,9,50,-7,False,False,260,"chow, chow chow",0.44959758054113946,0.7994023617758108,0.6860731840133667,0.3139268159866333,0.08635766647045762,4.370388669370726,0.10560344827586207,0.675907278530038,6.400428106896686
frame_016,frame_010,16,10,50,-6,False,False,257,Great Pyrenees,0.2607333374108875,1.3442570896900419,0.677802324295044,0.32219767570495605,0.09289331807518506,4.377308506044568,0.10775862068965517,0.7012162720265295,6.507287004406194
frame_016,frame_011,16,11,50,-5,False,False,257,Great Pyrenees,0.5106270821267169,0.6721157357718415,0.8230599761009216,0.17694002389907837,0.06049829006975147,4.52285425010405,0.10129310344827586,0.6825589195520912,6.738454014301497
frame_016,frame_012,16,12,50,-4,False,False,207,golden retriever,0.5144430509179503,0.6646704180405463,0.7886435985565186,0.21135640144348145,0.05994111327664853,4.349429380419291,0.09482758620689655,0.7753560784364236,8.176482281693195
frame_016,frame_013,16,13,50,-3,False,False,183,Kerry blue terrier,0.409762343435518,0.8921779375031571,0.8036413192749023,0.19635868072509766,0.061365407387074467,4.303513414564513,0.08405172413793104,0.7445833737131528,8.858632959048792
frame_016,frame_014,16,14,50,-2,False,False,183,Kerry blue terrier,0.42863661265291836,0.8471457757625136,0.8319824934005737,0.16801750659942627,0.07545348996837983,4.351166398311275,0.07758620689655173,0.7204719813145702,9.286083314721127
frame_016,frame_015,16,15,50,-1,False,False,208,Labrador retriever,0.3709222912369029,0.9917626958964769,0.7980624437332153,0.20193755626678467,0.07598994021880366,4.186683646830926,0.07112068965517242,0.6982938717939527,9.818435045830123
frame_016,frame_017,16,17,50,1,False,False,208,Labrador retriever,0.480294637087126,0.7333555361302522,0.7902669906616211,0.2097330093383789,0.10400786329863486,3.9705427067931094,0.0668103448275862,0.6527005480723467,9.76945336469577
frame_017,frame_000,17,0,5,-17,False,False,359,"black-footed ferret, ferret, Mustela nigripes",0.6123783811921751,0.4904049175980614,0.7141836285591125,0.28581637144088745,0.017042003817005023,5.524901442602891,0.41935483870967744,0.7734494506173076,1.844379459164349
frame_017,frame_001,17,1,5,-16,False,False,359,"black-footed ferret, ferret, Mustela nigripes",0.3981261834168648,0.9209862801844855,0.5763109922409058,0.42368900775909424,0.019517736875189668,5.503924474044181,0.4274193548387097,0.7899224758471634,1.8481205095292124
frame_017,frame_002,17,2,5,-15,False,False,359,"black-footed ferret, ferret, Mustela nigripes",0.5089851752912922,0.6753363880202157,0.6865928173065186,0.31340718269348145,0.01724693577202661,5.538397251919987,0.3971774193548387,0.7364265338328275,1.854150054726307
frame_017,frame_003,17,3,5,-14,False,False,359,"black-footed ferret, ferret, Mustela nigripes",0.36027715191967685,1.0208816772835942,0.605777382850647,0.394222617149353,0.01956649676625079,5.561322037491418,0.3951612903225806,0.7134594625799207,1.8054892522430646
frame_017,frame_004,17,4,5,-13,False,False,452,"bonnet, poke bonnet",0.3559326243530504,1.0330138234768067,0.5550709366798401,0.4449290633201599,0.026937449257757127,5.415011519446726,0.38306451612903225,0.7660590262075052,1.9998172473627505
frame_017,frame_005,17,5,5,-12,False,False,452,"bonnet, poke bonnet",0.457558119587166,0.781851364986125,0.6609084606170654,0.33909153938293457,0.022693857005809105,5.463408654318157,0.3870967741935484,0.7520229121342737,1.942725856346874
frame_017,frame_006,17,6,5,-11,False,False,452,"bonnet, poke bonnet",0.26287255564643797,1.3360859435419705,0.5299786329269409,0.4700213670730591,0.01974087235663406,5.561339194354619,0.38911290322580644,0.758633895094662,1.9496498029375768
frame_017,frame_007,17,7,5,-10,False,False,452,"bonnet, poke bonnet",0.18481653797514722,1.6883916325711459,0.5243481397628784,0.4756518602371216,0.02123880931029524,5.564120514283971,0.3790322580645161,0.7587390576874304,2.0017796415583273
frame_017,frame_008,17,8,5,-9,False,False,359,"black-footed ferret, ferret, Mustela nigripes",0.5030366848758542,0.6870921793830627,0.6497958898544312,0.35020411014556885,0.02528923403127551,5.503098164085584,0.3850806451612903,0.7709181712571376,2.0019655127934044
frame_017,frame_009,17,9,5,-8,True,False,169,"borzoi, Russian wolfhound",0.6261997305106618,0.4680859004465807,0.7454997301101685,0.25450026988983154,0.0324649701100358,4.935433619284203,0.10560344827586207,0.592049367771973,5.606345033595826
frame_017,frame_010,17,10,5,-7,False,False,177,"Scottish deerhound, deerhound",0.17002586831000663,1.7718046869785766,0.5597115755081177,0.4402884244918823,0.03483456421361632,4.904452597030751,0.10775862068965517,0.6192794709378997,5.74691349030371
frame_017,frame_011,17,11,5,-6,False,False,257,Great Pyrenees,0.2302841143890278,1.4684414524371974,0.6446066498756409,0.35539335012435913,0.03435691843836611,4.893195735889776,0.10129310344827586,0.6076038179855674,5.998471735006453
frame_017,frame_012,17,12,5,-5,False,False,169,"borzoi, Russian wolfhound",0.25897845080379905,1.351010422273772,0.5849039554595947,0.4150960445404053,0.029796702514763056,4.863628829229746,0.09482758620689655,0.6473452395460266,6.826549798849008
frame_017,frame_013,17,13,5,-4,False,False,169,"borzoi, Russian wolfhound",0.1366320173206438,1.9904639718966806,0.536712646484375,0.463287353515625,0.04027953684213843,4.857800327295053,0.08405172413793104,0.6097808543521319,7.254828626138185
frame_017,frame_014,17,14,5,-3,False,False,169,"borzoi, Russian wolfhound",0.16251625984553317,1.8169772216301752,0.5428582429885864,0.4571417570114136,0.03980582622277405,4.865921832743374,0.07758620689655173,0.5914846260567076,7.623579624730898
frame_017,frame_015,17,15,5,-2,False,False,169,"borzoi, Russian wolfhound",0.10267988612449044,2.276139032012823,0.5235263109207153,0.47647368907928467,0.04284300638597412,4.7845697599038175,0.07112068965517242,0.5610352015829345,7.888494955590351
frame_017,frame_016,17,16,5,-1,False,True,218,Welsh springer spaniel,0.17769121003505658,1.7277080102388034,0.5233098864555359,0.4766901135444641,0.03960623258307328,4.773653453185103,0.06465517241379311,0.502685714884458,7.77487239021295
frame_017,frame_000,17,0,10,-17,False,False,359,"black-footed ferret, ferret, Mustela nigripes",0.40445827822704494,0.9052066918649988,0.6047012805938721,0.39529871940612793,0.06508061330285414,4.826930560164413,0.41935483870967744,0.86635218525733,2.0659167494597868
frame_017,frame_001,17,1,10,-16,False,False,179,"Staffordshire bullterrier, Staffordshire bull terrier",0.17842979673264486,1.7235600507388833,0.541702151298523,0.45829784870147705,0.0666828749784925,4.730299829024987,0.4274193548387097,0.8810729888422179,2.0613783135176416
frame_017,frame_002,17,2,10,-15,False,False,359,"black-footed ferret, ferret, Mustela nigripes",0.34313205665109686,1.0696399010978395,0.6138302087783813,0.38616979122161865,0.06741590707008671,4.713006864921354,0.3971774193548387,0.8572078405893544,2.1582491823975625
frame_017,frame_003,17,3,10,-14,False,False,359,"black-footed ferret, ferret, Mustela nigripes",0.17749058353422723,1.7288377219852906,0.4624837636947632,0.5375162363052368,0.06690075866707697,5.072326652768542,0.3951612903225806,0.8531124086814984,2.158896707683792
frame_017,frame_004,17,4,10,-13,False,False,389,"barracouta, snoek",0.3398979604921624,1.0791098226153313,0.5827633142471313,0.41723668575286865,0.060134893959971146,4.842224315783129,0.38306451612903225,0.878329949834308,2.2929034479885093
frame_017,frame_005,17,5,10,-12,False,False,359,"black-footed ferret, ferret, Mustela nigripes",0.15290967927121285,1.8779078634646833,0.5153014063835144,0.4846985936164856,0.05673278774136221,4.978207218847868,0.3870967741935484,0.870132575431581,2.2478424865315842
frame_017,frame_006,17,6,10,-11,False,True,359,"black-footed ferret, ferret, Mustela nigripes",0.11986370132325427,2.121400004041316,0.45514053106307983,0.5448594689369202,0.04322415192074606,5.150640870036984,0.38911290322580644,0.8569992388376924,2.20244363970723
frame_017,frame_007,17,7,10,-10,False,False,359,"black-footed ferret, ferret, Mustela nigripes",0.4592721126371965,0.7781124065910765,0.6132849454879761,0.3867150545120239,0.04445085324707624,5.13539650816221,0.3790322580645161,0.8635752486039254,2.2783687409975903
frame_017,frame_008,17,8,10,-9,False,False,359,"black-footed ferret, ferret, Mustela nigripes",0.7798241038105757,0.2486868926643968,0.8095679879188538,0.19043201208114624,0.05266552098596737,4.983356339980211,0.3850806451612903,0.8812009204766962,2.2883542228085934
frame_017,frame_009,17,9,10,-8,False,False,257,Great Pyrenees,0.28667035279459,1.249422319899585,0.6986331939697266,0.30136680603027344,0.17201721366434225,3.853748649078948,0.10560344827586207,0.7127400629200139,6.749212024385438
frame_017,frame_010,17,10,10,-7,False,False,257,Great Pyrenees,0.5269588772281885,0.6406327653104853,0.7191851139068604,0.28081488609313965,0.18772635336792518,3.9590283802279416,0.10775862068965517,0.6831176026702065,6.339331352779516
frame_017,frame_011,17,11,10,-6,True,False,257,Great Pyrenees,0.6401265234611893,0.4460894292589792,0.8287656307220459,0.1712343692779541,0.12914423619624404,4.029007282614387,0.10129310344827586,0.7797048012815652,7.697511229673324
frame_017,frame_012,17,12,10,-5,False,False,207,golden retriever,0.3612711226976268,1.0181265701295663,0.6733360290527344,0.3266639709472656,0.13457619122338024,3.9103531742356763,0.09482758620689655,0.8098280620417816,8.540005017895151
frame_017,frame_013,17,13,10,-4,False,False,207,golden retriever,0.2995322206215804,1.205533285838869,0.7116959095001221,0.28830409049987793,0.13156289978551883,3.8582904637798325,0.08405172413793104,0.7915174011521122,9.41702754191231
frame_017,frame_014,17,14,10,-3,False,False,257,Great Pyrenees,0.38418182618938,0.9566393327613492,0.7582575082778931,0.24174249172210693,0.15245856271514976,3.9276949559306344,0.07758620689655173,0.7784755398635808,10.033684736019485
frame_017,frame_015,17,15,10,-2,False,False,257,Great Pyrenees,0.570561452067508,0.5611343993240814,0.7880308032035828,0.21196919679641724,0.16885852900456552,3.8406003798687327,0.07112068965517242,0.732843604210682,10.304225222841103
frame_017,frame_016,17,16,10,-1,False,False,805,soccer ball,0.2868610948345674,1.248757170506999,0.6544721722602844,0.3455278277397156,0.15830205648825055,3.7835569930185526,0.06465517241379311,0.673651316675481,10.419140364580771
frame_017,frame_000,17,0,20,-17,False,False,359,"black-footed ferret, ferret, Mustela nigripes",0.3284383856074322,1.1134060214884478,0.5978597402572632,0.4021402597427368,0.03502436691079588,5.050938799847966,0.41935483870967744,0.8466859652804191,2.0190203787456147
frame_017,frame_001,17,1,20,-16,False,False,179,"Staffordshire bullterrier, Staffordshire bull terrier",0.26992537288371554,1.309609754915357,0.5716906785964966,0.4283093214035034,0.03940519465154886,4.954194847869683,0.4274193548387097,0.8612652803125713,2.015035750165261
frame_017,frame_002,17,2,20,-15,False,False,179,"Staffordshire bullterrier, Staffordshire bull terrier",0.4565340100587107,0.7840920799506872,0.6392332315444946,0.36076676845550537,0.062207804372284264,4.845558211446885,0.3971774193548387,0.8372705201999047,2.1080516650718413
frame_017,frame_003,17,3,20,-14,False,True,452,"bonnet, poke bonnet",0.1389290093016084,1.9737922007644597,0.4183155298233032,0.5816844701766968,0.033236492375734526,5.063701380471596,0.3951612903225806,0.82944498875678,2.0990036450171576
frame_017,frame_004,17,4,20,-13,False,False,158,toy terrier,0.24543852044620665,1.4047087889903906,0.4884108901023865,0.5115891098976135,0.0409321194296398,4.9829283996155445,0.38306451612903225,0.8438023737535381,2.202768302009236
frame_017,frame_005,17,5,20,-12,False,False,179,"Staffordshire bullterrier, Staffordshire bull terrier",0.14682880085435776,1.9184879909387007,0.4852561950683594,0.5147438049316406,0.0387847385979213,4.967367508645782,0.3870967741935484,0.8517712855901086,2.200409154441114
frame_017,frame_006,17,6,20,-11,False,False,245,French bulldog,0.18167704007095187,1.7055246733092284,0.4910227060317993,0.5089772939682007,0.03893689805822156,5.101687183293516,0.38911290322580644,0.8331653185266592,2.1411916994260256
frame_017,frame_007,17,7,20,-10,False,False,96,toucan,0.2051293906795257,1.5841143249038243,0.4602319598197937,0.5397680401802063,0.033752009044525334,5.130880090109978,0.3790322580645161,0.8348525853851971,2.202589799739669
frame_017,frame_008,17,8,20,-9,False,False,359,"black-footed ferret, ferret, Mustela nigripes",0.17830984761170446,1.724232525062174,0.4665999412536621,0.5334000587463379,0.04322135045585674,5.0654766380594065,0.3850806451612903,0.8291236448134526,2.153116899620275
frame_017,frame_009,17,9,20,-8,False,False,208,Labrador retriever,0.28218901705339056,1.2651781593378306,0.685344934463501,0.314655065536499,0.13042120597065593,4.579362473988732,0.10560344827586207,0.5397514999300851,5.111116244235908
frame_017,frame_010,17,10,20,-7,False,False,257,Great Pyrenees,0.48798955699034946,0.7174612729679044,0.7245805263519287,0.2754194736480713,0.11850980698151538,4.644718516536913,0.10775862068965517,0.5746778610668335,5.333010550700215
frame_017,frame_011,17,11,20,-6,False,False,257,Great Pyrenees,0.665020808138131,0.4079369483825386,0.808329701423645,0.19167029857635498,0.0771581434710598,4.682470802148788,0.10129310344827586,0.5362404040078548,5.293947818290311
frame_017,frame_012,17,12,20,-5,False,False,207,golden retriever,0.6570171491024406,0.4200451587035685,0.7976359128952026,0.20236408710479736,0.11733464286749032,4.625557546365837,0.09482758620689655,0.5936500497310533,6.260309615345653
frame_017,frame_013,17,13,20,-4,False,False,207,golden retriever,0.4634120090254814,0.7691387522883995,0.7986770868301392,0.20132291316986084,0.11019043120316284,4.696717573599752,0.08405172413793104,0.5486402548922843,6.527412263333844
frame_017,frame_014,17,14,20,-3,False,False,208,Labrador retriever,0.5800204114924201,0.5446919838325934,0.8352632522583008,0.16473674774169922,0.09467676896636755,4.67874747740456,0.07758620689655173,0.5502084435347065,7.091575494447329
frame_017,frame_015,17,15,20,-2,True,False,257,Great Pyrenees,0.5649827807050603,0.57096002492833,0.8430725336074829,0.1569274663925171,0.13256366432653224,4.561692586584467,0.07112068965517242,0.5175799023516446,7.277487111853428
frame_017,frame_016,17,16,20,-1,False,False,208,Labrador retriever,0.51293400265736,0.6676080918781828,0.7517242431640625,0.2482757568359375,0.13282892250618747,4.498174495204535,0.06465517241379311,0.49496695261479295,7.655488867108797
frame_017,frame_000,17,0,30,-17,False,False,198,standard schnauzer,0.21306523480456824,1.5461568934746666,0.6017378568649292,0.3982621431350708,0.01378700226864976,5.704880903313692,0.41935483870967744,0.43498475909162276,1.0372713486031004
frame_017,frame_001,17,1,30,-16,False,False,179,"Staffordshire bullterrier, Staffordshire bull terrier",0.186309143232869,1.6803479245709951,0.6012648344039917,0.3987351655960083,0.02406866247549502,5.698258650118105,0.4274193548387097,0.45122512452564817,1.0556965177581201
frame_017,frame_002,17,2,30,-15,False,False,198,standard schnauzer,0.421382332252692,0.8642147048016309,0.678961992263794,0.32103800773620605,0.022842819230222893,5.69458486648292,0.3971774193548387,0.3922980475549407,0.9877148811535563
frame_017,frame_003,17,3,30,-14,False,False,452,"bonnet, poke bonnet",0.1863054336766243,1.6803678355271128,0.49661141633987427,0.5033885836601257,0.02746303169992147,5.725886763113527,0.3951612903225806,0.36930926832977784,0.934578556589642
frame_017,frame_004,17,4,30,-13,False,True,452,"bonnet, poke bonnet",0.16879340207111473,1.7790797848406363,0.47627121210098267,0.5237287878990173,0.015422021936041022,5.7626726564366795,0.38306451612903225,0.411135634327473,1.0732803927706664
frame_017,frame_005,17,5,30,-12,False,False,179,"Staffordshire bullterrier, Staffordshire bull terrier",0.24544866950778718,1.404667439116979,0.5437764525413513,0.4562235474586487,0.016692964267142348,5.740305123267021,0.3870967741935484,0.44704384538117975,1.1548632672347143
frame_017,frame_006,17,6,30,-11,False,False,245,French bulldog,0.13526061097087513,2.000551909834787,0.506037712097168,0.49396228790283203,0.016098259111981216,5.762665763633349,0.38911290322580644,0.4609441929663203,1.1846026928046367
frame_017,frame_007,17,7,30,-10,False,False,176,"Saluki, gazelle hound",0.357779826202717,1.0278374923849718,0.567821741104126,0.432178258895874,0.017883332629294084,5.785643214506348,0.3790322580645161,0.47229791516673264,1.2460625846952096
frame_017,frame_008,17,8,30,-9,False,False,176,"Saluki, gazelle hound",0.40058556698594633,0.9148278848918565,0.6670745611190796,0.3329254388809204,0.014904176735229526,5.719338336028436,0.3850806451612903,0.5045425023680016,1.3102255558875853
frame_017,frame_009,17,9,30,-8,False,False,176,"Saluki, gazelle hound",0.4579188864174397,0.7810632144447514,0.7269703149795532,0.2730296850204468,0.037595421104542906,5.3267126231656245,0.10560344827586207,0.3309891582667031,3.1342646823622498
frame_017,frame_010,17,10,30,-7,False,False,257,Great Pyrenees,0.4356071748317333,0.8310144169117497,0.727807879447937,0.272192120552063,0.046643614043394,5.292892043122894,0.10775862068965517,0.34936966785642765,3.242150517707649
frame_017,frame_011,17,11,30,-6,False,False,257,Great Pyrenees,0.5120354290234252,0.6693614590252754,0.7697076201438904,0.23029237985610962,0.028090013882118632,5.4361897757555315,0.10129310344827586,0.3150892547078313,3.1106683869028453
frame_017,frame_012,17,12,30,-5,False,False,207,golden retriever,0.4410449933276936,0.8186083830531774,0.7661499381065369,0.23385006189346313,0.05440694043756261,5.135588604583925,0.09482758620689655,0.312573203275757,3.2962265072716193
frame_017,frame_013,17,13,30,-4,False,False,207,golden retriever,0.3440363866109625,1.0670078521706552,0.7579949498176575,0.24200505018234253,0.06715363169074236,5.078368205890362,0.08405172413793104,0.30821765593042627,3.6669998038902
frame_017,frame_014,17,14,30,-3,False,False,257,Great Pyrenees,0.4792038454030184,0.7356292075824218,0.790284276008606,0.20971572399139404,0.052337154313844295,5.2111366994800905,0.07758620689655173,0.28388643367935507,3.658980700756132
frame_017,frame_015,17,15,30,-2,True,False,257,Great Pyrenees,0.7688530341065861,0.26285544073624534,0.863001823425293,0.13699817657470703,0.04463059849490999,5.171573047271333,0.07112068965517242,0.23150484539987154,3.2550984322891026
frame_017,frame_016,17,16,30,-1,False,False,208,Labrador retriever,0.4138367528020941,0.8822836998233301,0.7199110984802246,0.2800889015197754,0.032765466350464775,5.324575559541232,0.06465517241379311,0.2295062176154178,3.5496961657851287
frame_017,frame_000,17,0,40,-17,False,False,359,"black-footed ferret, ferret, Mustela nigripes",0.5890644471138332,0.5292196834659357,0.7369797229766846,0.26302027702331543,0.09763325090077137,4.226610476005341,0.41935483870967744,0.960682031014681,2.290857150881162
frame_017,frame_001,17,1,40,-16,False,False,285,Egyptian cat,0.3798524985029123,0.9679722634504522,0.6650162935256958,0.3349837064743042,0.08525516025500922,4.171867156515106,0.4274193548387097,0.9544349168144483,2.233017541226256
frame_017,frame_002,17,2,40,-15,False,False,359,"black-footed ferret, ferret, Mustela nigripes",0.5022672192941419,0.688622991565893,0.7020858526229858,0.29791414737701416,0.07203724976877991,4.221030005930769,0.3971774193548387,0.961331352251294,2.4204078716580804
frame_017,frame_003,17,3,40,-14,False,False,32,"tailed frog, bell toad, ribbed toad, tailed toad, Ascaphus trui",0.3108095079039722,1.1685750692449393,0.589859127998352,0.41014087200164795,0.09905303898326522,4.531131082140429,0.3951612903225806,0.951126467552448,2.4069322852347663
frame_017,frame_004,17,4,40,-13,False,False,158,toy terrier,0.18347281079975267,1.695688792494371,0.5359340310096741,0.4640659689903259,0.09457014773100714,4.234927478420522,0.38306451612903225,0.9301537538362699,2.4281908521199465
frame_017,frame_005,17,5,40,-12,False,False,359,"black-footed ferret, ferret, Mustela nigripes",0.21723183637128224,1.5267901253685743,0.5497840642929077,0.4502159357070923,0.11322059626467454,4.189466647083403,0.3870967741935484,0.9560415557513386,2.4697740190242916
frame_017,frame_006,17,6,40,-11,False,False,159,Rhodesian ridgeback,0.16718655134769136,1.7886450160899425,0.5452771186828613,0.45472288131713867,0.0797017681854735,4.396207659863917,0.38911290322580644,0.9394301428307581,2.4142867919381144
frame_017,frame_007,17,7,40,-10,False,True,359,"black-footed ferret, ferret, Mustela nigripes",0.15325335659905215,1.875662801638617,0.5136526823043823,0.4863473176956177,0.09947080307337874,4.286841500882855,0.3790322580645161,0.9533549611587787,2.515234365610395
frame_017,frame_008,17,8,40,-9,False,False,359,"black-footed ferret, ferret, Mustela nigripes",0.8029818285683484,0.21942319472062977,0.8299024701118469,0.17009752988815308,0.18196626999774232,4.063885311206829,0.3850806451612903,0.9466672113626529,2.458360925842282
frame_017,frame_009,17,9,40,-8,False,False,169,"borzoi, Russian wolfhound",0.18337997922755558,1.6961948896357972,0.6284513473510742,0.3715486526489258,0.14581203395193018,3.6829364729098817,0.10560344827586207,0.8232299358332642,7.795483474012951
frame_017,frame_010,17,10,40,-7,False,False,257,Great Pyrenees,0.596922158457154,0.5159685619347321,0.7443548440933228,0.25564515590667725,0.15989697243547607,3.8076966361594162,0.10775862068965517,0.7727817506075718,7.171414645638267
frame_017,frame_011,17,11,40,-6,False,False,805,soccer ball,0.5033900923198468,0.6863898780005355,0.8429477214813232,0.15705227851867676,0.09808808636285778,3.861314210362745,0.10129310344827586,0.8511736048423358,8.40307558823072
frame_017,frame_012,17,12,40,-5,False,False,183,Kerry blue terrier,0.2896690254165229,1.2390162994380676,0.7376283407211304,0.26237165927886963,0.13454306537068172,3.702876852233133,0.09482758620689655,0.8989649150913104,9.479993650053819
frame_017,frame_013,17,13,40,-4,False,False,183,Kerry blue terrier,0.45660664627550956,0.7839329889794371,0.7938361763954163,0.20616382360458374,0.12061951366095792,3.5424035543427186,0.08405172413793104,0.8850002991624595,10.529234328496953
frame_017,frame_014,17,14,40,-3,False,False,183,Kerry blue terrier,0.4894217782350417,0.714530629096386,0.8284177780151367,0.17158222198486328,0.15479502082695726,3.5554097577661077,0.07758620689655173,0.8862235593150339,11.422436986727103
frame_017,frame_015,17,15,40,-2,True,False,257,Great Pyrenees,0.6627644150790758,0.4113356836473119,0.8488996624946594,0.15110033750534058,0.1440270043212599,3.4595583367069627,0.07112068965517242,0.8219309670291344,11.556847536409647
frame_017,frame_016,17,16,40,-1,False,False,977,"sandbar, sand bar",0.2430969449445344,1.414294964812105,0.6897292733192444,0.3102707266807556,0.1300885704507583,3.3693638456740453,0.06465517241379311,0.7600646650809688,11.755666819918984
frame_017,frame_000,17,0,50,-17,False,False,359,"black-footed ferret, ferret, Mustela nigripes",0.8790892627297429,0.12886883613459332,0.9025766849517822,0.09742331504821777,0.0463207629185783,4.9010439904487875,0.41935483870967744,0.7959374213702307,1.89800462019055
frame_017,frame_001,17,1,50,-16,False,False,285,Egyptian cat,0.5294281687434658,0.6359577817957103,0.727156400680542,0.272843599319458,0.055501900943533196,4.855155436218993,0.4274193548387097,0.8514909076023713,1.9921674064659254
frame_017,frame_002,17,2,50,-15,True,False,359,"black-footed ferret, ferret, Mustela nigripes",0.8980050092123525,0.1075796325080205,0.9117411375045776,0.08825886249542236,0.042496279321860446,4.835304849153205,0.3971774193548387,0.7647756729857534,1.92552656751743
frame_017,frame_003,17,3,50,-14,False,False,359,"black-footed ferret, ferret, Mustela nigripes",0.3608164851485029,1.0193858012928185,0.6116176247596741,0.3883823752403259,0.05157609168748684,4.922818075766339,0.3951612903225806,0.7623634160494522,1.9292461957169813
frame_017,frame_004,17,4,50,-13,False,False,158,toy terrier,0.22131381164569697,1.508173622459644,0.5604338645935059,0.43956613540649414,0.07130141516652032,4.752480245609022,0.38306451612903225,0.8277544898645544,2.1608748788043104
frame_017,frame_005,17,5,50,-12,False,False,359,"black-footed ferret, ferret, Mustela nigripes",0.4182571317819092,0.8716588877796241,0.6477100849151611,0.35228991508483887,0.07914699001306907,4.712976954138837,0.3870967741935484,0.841214834671328,2.1731383229009307
frame_017,frame_006,17,6,50,-11,False,False,106,wombat,0.27194796454913645,1.302144537792266,0.5581386089324951,0.4418613910675049,0.05607120728835448,4.8665820037841705,0.38911290322580644,0.8111019111443979,2.0844898856353438
frame_017,frame_007,17,7,50,-10,False,True,359,"black-footed ferret, ferret, Mustela nigripes",0.21060076347296797,1.5577910540610649,0.5158635973930359,0.4841364026069641,0.043140813770946175,4.945767417481141,0.3790322580645161,0.8120182439164518,2.1423460052263836
frame_017,frame_008,17,8,50,-9,False,False,359,"black-footed ferret, ferret, Mustela nigripes",0.8301462482563482,0.18615339099487738,0.8663203716278076,0.13367962837219238,0.05811470027288196,4.800637001767442,0.3850806451612903,0.8409823180935057,2.1839121977716167
frame_017,frame_009,17,9,50,-8,False,False,260,"chow, chow chow",0.44959758054113946,0.7994023617758108,0.6860731840133667,0.3139268159866333,0.10190855066991701,4.1724390744749895,0.10560344827586207,0.7074641122415235,6.699252001634019
frame_017,frame_010,17,10,50,-7,False,False,257,Great Pyrenees,0.2607333374108875,1.3442570896900419,0.677802324295044,0.32219767570495605,0.10041928890268971,4.223394277262126,0.10775862068965517,0.693575146528266,6.436377359782309
frame_017,frame_011,17,11,50,-6,False,False,257,Great Pyrenees,0.5106270821267169,0.6721157357718415,0.8230599761009216,0.17694002389907837,0.07295487918313324,4.364128146116672,0.10129310344827586,0.7219549636513211,7.127385173068362
frame_017,frame_012,17,12,50,-5,False,False,207,golden retriever,0.5144430509179503,0.6646704180405463,0.7886435985565186,0.21135640144348145,0.06706926902105204,4.195694700535631,0.09482758620689655,0.8155780643377821,8.600641405743884
frame_017,frame_013,17,13,50,-4,False,False,183,Kerry blue terrier,0.409762343435518,0.8921779375031571,0.8036413192749023,0.19635868072509766,0.0722577998116116,4.098853416471424,0.08405172413793104,0.7799675301943871,9.279613692569118
frame_017,frame_014,17,14,50,-3,False,False,183,Kerry blue terrier,0.42863661265291836,0.8471457757625136,0.8319824934005737,0.16801750659942627,0.08942399095149328,4.158202774902522,0.07758620689655173,0.7674924991892682,9.892125545106124
frame_017,frame_015,17,15,50,-2,False,False,208,Labrador retriever,0.3709222912369029,0.9917626958964769,0.7980624437332153,0.20193755626678467,0.08400689695047256,4.002594339429233,0.07112068965517242,0.7239513762207059,10.179195108072955
frame_017,frame_016,17,16,50,-1,False,False,208,Labrador retriever,0.3163167141462879,1.1510113073657815,0.7189651131629944,0.2810348868370056,0.10608482372451643,3.903535768542213,0.06465517241379311,0.6725260858451158,10.401736794404457
