source_frame,target_frame,source_index,target_index,tick,gap,row_max_certainty,row_min_certainty,target_pred_label,target_pred_name,target_pred_confidence,target_self_nll_loss,target_certainty_score,target_uncertainty_score,attention_peak,attention_entropy
frame_000,frame_001,0,1,5,1,False,False,169,"borzoi, Russian wolfhound",0.3932010288056577,0.9334342742179969,0.6267056465148926,0.3732943534851074,0.027187211428653026,4.98879474991504
frame_000,frame_002,0,2,5,2,False,False,177,"Scottish deerhound, deerhound",0.1632268260662232,1.8126144745545076,0.5599155426025391,0.44008445739746094,0.03224418361473135,4.972686625339948
frame_000,frame_003,0,3,5,3,True,False,257,Great Pyrenees,0.35494741210677855,1.0357856353902637,0.6690335869789124,0.33096641302108765,0.034386067840841875,5.038216864105252
frame_000,frame_004,0,4,5,4,False,False,257,Great Pyrenees,0.24090600468153855,1.4233484436381758,0.6492164134979248,0.3507835865020752,0.029757437702163422,4.9772965781917495
frame_000,frame_005,0,5,5,5,False,False,212,English setter,0.19869307202467487,1.6159939965411505,0.6073672771453857,0.39263272285461426,0.03318718418550474,4.934309295468932
frame_000,frame_006,0,6,5,6,False,False,169,"borzoi, Russian wolfhound",0.2838588067701249,1.2592783237056953,0.5903276205062866,0.4096723794937134,0.028704402659969677,4.928709963436659
frame_000,frame_007,0,7,5,7,False,False,169,"borzoi, Russian wolfhound",0.2175683868380571,1.5252420556297723,0.5731228590011597,0.42687714099884033,0.03669494015128538,4.918454642007008
frame_000,frame_008,0,8,5,8,False,False,169,"borzoi, Russian wolfhound",0.1329521259984176,2.017766170458814,0.5363149046897888,0.4636850953102112,0.03799220911710091,4.922590769249732
frame_000,frame_009,0,9,5,9,False,False,169,"borzoi, Russian wolfhound",0.1502457135351534,1.895483234857947,0.5564311742782593,0.4435688257217407,0.04025695513640611,4.926058194640939
frame_000,frame_010,0,10,5,10,False,False,169,"borzoi, Russian wolfhound",0.16377588037927437,1.8092563688373575,0.5422914624214172,0.45770853757858276,0.036360706526911736,4.9269169377350535
frame_000,frame_011,0,11,5,11,False,False,169,"borzoi, Russian wolfhound",0.18157100207442256,1.70610850577211,0.5418499708175659,0.4581500291824341,0.03185695406141474,4.8925348032316744
frame_000,frame_012,0,12,5,12,False,True,169,"borzoi, Russian wolfhound",0.10418466004452867,2.261590376963534,0.5231491923332214,0.47685080766677856,0.03879828660837577,4.862838896633677
frame_000,frame_013,0,13,5,13,False,False,218,Welsh springer spaniel,0.15312139222258203,1.8765242589560929,0.5678007006645203,0.43219929933547974,0.039877858360223735,4.818445046438308
frame_000,frame_014,0,14,5,14,False,False,218,Welsh springer spaniel,0.18901033084231422,1.6659536048749826,0.5265508890151978,0.47344911098480225,0.04035523112447898,4.852888999989865
frame_000,frame_015,0,15,5,15,False,False,218,Welsh springer spaniel,0.21991612438885827,1.5145090581030103,0.5472234487533569,0.45277655124664307,0.03726299915508033,4.7979399919471515
frame_000,frame_016,0,16,5,16,False,False,218,Welsh springer spaniel,0.20372377313107704,1.5909902559754716,0.5791889429092407,0.4208110570907593,0.0399033029484374,4.813246783956923
frame_000,frame_017,0,17,5,17,False,False,257,Great Pyrenees,0.19242842300272206,1.6480310229569648,0.5766458511352539,0.4233541488647461,0.04171345304890044,4.816761461499146
frame_000,frame_018,0,18,5,18,False,False,257,Great Pyrenees,0.14191244747687104,1.9525449786008036,0.545135498046875,0.454864501953125,0.0418989257890143,4.79246906129192
frame_000,frame_019,0,19,5,19,False,False,257,Great Pyrenees,0.14472176155036723,1.932942265841156,0.5391099452972412,0.4608900547027588,0.04067621133773139,4.7715746384130275
frame_000,frame_001,0,1,10,1,False,False,207,golden retriever,0.31967845687774427,1.1404396106177321,0.7166632413864136,0.2833367586135864,0.11164670141560805,4.0708099876328925
frame_000,frame_002,0,2,10,2,False,False,257,Great Pyrenees,0.4925780656185391,0.7081023220610669,0.7123459577560425,0.2876540422439575,0.16714946649462548,4.041654000812505
frame_000,frame_003,0,3,10,3,True,False,257,Great Pyrenees,0.7855735920326745,0.24134113753656994,0.8822641372680664,0.1177358627319336,0.17169473927184303,4.002459754089992
frame_000,frame_004,0,4,10,4,False,False,257,Great Pyrenees,0.6443555053200042,0.4395046782941625,0.8315024375915527,0.16849756240844727,0.11474479757115812,4.1501194221676645
frame_000,frame_005,0,5,10,5,False,False,257,Great Pyrenees,0.5857376315894429,0.5348833173281484,0.799091100692749,0.20090889930725098,0.1337014745182629,3.982754583277352
frame_000,frame_006,0,6,10,6,False,False,207,golden retriever,0.3574765469716651,1.0286855218764988,0.6725602149963379,0.3274397850036621,0.13018593480288523,3.9727255812047106
frame_000,frame_007,0,7,10,7,False,False,212,English setter,0.4476309563390086,0.8037861442142136,0.7037171125411987,0.29628288745880127,0.16730274554201668,3.9135395738495085
frame_000,frame_008,0,8,10,8,False,False,207,golden retriever,0.282741997980702,1.2632204650735517,0.7126432061195374,0.28735679388046265,0.13382197974660942,3.9469189546957306
frame_000,frame_009,0,9,10,9,False,False,257,Great Pyrenees,0.833862004320899,0.18168735275877612,0.8775823712348938,0.1224176287651062,0.11565650172303844,3.948221873426145
frame_000,frame_010,0,10,10,10,False,False,257,Great Pyrenees,0.37493270161467807,0.981008731477881,0.7577892541885376,0.2422107458114624,0.13320560960469238,4.020095164857596
frame_000,frame_011,0,11,10,11,False,False,216,"clumber, clumber spaniel",0.3568493741785895,1.0304415073046131,0.7228566408157349,0.27714335918426514,0.1619358938660836,3.9518231534063917
frame_000,frame_012,0,12,10,12,False,False,257,Great Pyrenees,0.5802142791453272,0.5443577968680495,0.7855324745178223,0.21446752548217773,0.16066579293953379,3.9270788473679015
frame_000,frame_013,0,13,10,13,False,False,805,soccer ball,0.44594434261212684,0.8075611270987775,0.7558249831199646,0.2441750168800354,0.17106719104530368,3.842983465970173
frame_000,frame_014,0,14,10,14,False,True,805,soccer ball,0.3274777029492822,1.1163353088221672,0.6696541905403137,0.3303458094596863,0.15632598704901127,3.891840578043097
frame_000,frame_015,0,15,10,15,False,False,208,Labrador retriever,0.30328463519483834,1.193083524341528,0.716722846031189,0.28327715396881104,0.18086064066470603,3.840241151313334
frame_000,frame_016,0,16,10,16,False,False,257,Great Pyrenees,0.3654644648315873,1.0065862279617988,0.7467275857925415,0.2532724142074585,0.16095902809052776,3.742959715367032
frame_000,frame_017,0,17,10,17,False,False,257,Great Pyrenees,0.6025458355795575,0.5065915408602146,0.7648334503173828,0.2351665496826172,0.13637607179268485,3.757714252682362
frame_000,frame_018,0,18,10,18,False,False,257,Great Pyrenees,0.4784621950721559,0.7371780783740869,0.7312236428260803,0.2687763571739197,0.14550745745504337,3.721754385431498
frame_000,frame_019,0,19,10,19,False,False,257,Great Pyrenees,0.5349134651409343,0.6256502925687748,0.7756368517875671,0.22436314821243286,0.14554731674662166,3.750124035625755
frame_000,frame_001,0,1,20,1,False,False,207,golden retriever,0.6269344745899198,0.46691325004654605,0.7733272910118103,0.2266727089881897,0.08071641639324119,5.019543075292966
frame_000,frame_002,0,2,20,2,False,True,257,Great Pyrenees,0.48016150082089226,0.7336327716266622,0.7204862833023071,0.27951371669769287,0.10763492369569594,4.927772222211913
frame_000,frame_003,0,3,20,3,True,False,257,Great Pyrenees,0.8710683654937171,0.138034814401935,0.9086406826972961,0.09135931730270386,0.10008530967087942,4.951546425339754
frame_000,frame_004,0,4,20,4,False,False,257,Great Pyrenees,0.6725940078594307,0.3966133886371055,0.8085065484046936,0.1914934515953064,0.06840047290336207,4.979418832720057
frame_000,frame_005,0,5,20,5,False,False,257,Great Pyrenees,0.5753610725318792,0.5527574830349327,0.8153570294380188,0.1846429705619812,0.10941578099990712,4.875856468596134
frame_000,frame_006,0,6,20,6,False,False,207,golden retriever,0.6568563550646334,0.42028992205118154,0.7971441745758057,0.20285582542419434,0.10536169893509542,4.888830784319386
frame_000,frame_007,0,7,20,7,False,False,207,golden retriever,0.565175165439415,0.5706195685578388,0.7594629526138306,0.24053704738616943,0.14440807603557787,4.862000496566676
frame_000,frame_008,0,8,20,8,False,False,207,golden retriever,0.4698758409178827,0.7552867874364377,0.7976190447807312,0.2023809552192688,0.10637188342089901,4.966418053549013
frame_000,frame_009,0,9,20,9,False,False,257,Great Pyrenees,0.8275922030979578,0.1892347542547439,0.8939704895019531,0.10602951049804688,0.07597714672302004,4.949691978281395
frame_000,frame_010,0,10,20,10,False,False,208,Labrador retriever,0.6053889805123853,0.5018840845549155,0.8391026258468628,0.1608973741531372,0.07527378220770174,4.985820308028453
frame_000,frame_011,0,11,20,11,False,False,257,Great Pyrenees,0.33812064812803366,1.0843525000652274,0.7581788897514343,0.24182111024856567,0.10950423059393745,4.9870675288811475
frame_000,frame_012,0,12,20,12,False,False,257,Great Pyrenees,0.56942107039917,0.5631351002580995,0.8410329818725586,0.1589670181274414,0.11544848133785086,4.893974606606495
frame_000,frame_013,0,13,20,13,False,False,257,Great Pyrenees,0.6425516620310224,0.44230805761491343,0.8266788721084595,0.17332112789154053,0.10926964696305641,4.818761757325651
frame_000,frame_014,0,14,20,14,False,False,208,Labrador retriever,0.48233097051508467,0.7291247397555343,0.7459839582443237,0.25401604175567627,0.12002333462708244,4.8245354521712915
frame_000,frame_015,0,15,20,15,False,False,208,Labrador retriever,0.5488745961156325,0.5998852859408679,0.8112672567367554,0.18873274326324463,0.15839226611530874,4.687898693474534
frame_000,frame_016,0,16,20,16,False,False,257,Great Pyrenees,0.5816884342745098,0.5418203108924287,0.8208893537521362,0.17911064624786377,0.13456202707824233,4.721661211203587
frame_000,frame_017,0,17,20,17,False,False,257,Great Pyrenees,0.5852915826542426,0.5356451240385991,0.8326475620269775,0.16735243797302246,0.10261968603296173,4.729992062780379
frame_000,frame_018,0,18,20,18,False,False,257,Great Pyrenees,0.5852464754165063,0.5357221949846442,0.8091772794723511,0.19082272052764893,0.10079799149341803,4.754766078973543
frame_000,frame_019,0,19,20,19,False,False,257,Great Pyrenees,0.7571305105548773,0.2782196354445077,0.8463385105133057,0.15366148948669434,0.10418304626687391,4.763072788618958
frame_000,frame_001,0,1,30,1,False,False,207,golden retriever,0.611745388140805,0.49143911548498576,0.7725761532783508,0.22742384672164917,0.035061061576937134,5.4318084250450696
frame_000,frame_002,0,2,30,2,False,False,257,Great Pyrenees,0.4245627989381888,0.8566953479220727,0.7271019220352173,0.2728980779647827,0.04888036923650765,5.397377343242846
frame_000,frame_003,0,3,30,3,False,False,257,Great Pyrenees,0.7452845309179328,0.2939892128205104,0.8481242656707764,0.15187573432922363,0.036799114095748056,5.566835644272377
frame_000,frame_004,0,4,30,4,False,False,257,Great Pyrenees,0.5298499607049093,0.6351614055239647,0.7708334922790527,0.22916650772094727,0.039775700085526576,5.541532274314704
frame_000,frame_005,0,5,30,5,False,False,257,Great Pyrenees,0.430425168335924,0.8429817952273293,0.7773072719573975,0.22269272804260254,0.025137200932554924,5.4940717335729055
frame_000,frame_006,0,6,30,6,False,False,207,golden retriever,0.4282066233963238,0.8481494349491632,0.7648630142211914,0.2351369857788086,0.0701255424188281,5.175544690818682
frame_000,frame_007,0,7,30,7,False,False,176,"Saluki, gazelle hound",0.4201161797407303,0.8672239875262369,0.7692373991012573,0.23076260089874268,0.07505558482427437,5.168588878871728
frame_000,frame_008,0,8,30,8,False,False,207,golden retriever,0.32854590998641525,1.113078694395048,0.7558404207229614,0.24415957927703857,0.08492870663067517,5.152985740415151
frame_000,frame_009,0,9,30,9,True,False,257,Great Pyrenees,0.8795586709106761,0.1283350076370282,0.9126114845275879,0.08738851547241211,0.07473669200918123,5.192662548851431
frame_000,frame_010,0,10,30,10,False,False,257,Great Pyrenees,0.481365369496637,0.7311286932863252,0.7926538586616516,0.2073461413383484,0.0642501552095738,5.2846443462543755
frame_000,frame_011,0,11,30,11,False,False,257,Great Pyrenees,0.45358443302282536,0.7905738458902443,0.7490100264549255,0.25098997354507446,0.03421677562383135,5.279034953109679
frame_000,frame_012,0,12,30,12,False,False,257,Great Pyrenees,0.7630555318972675,0.2704244693536011,0.8594409227371216,0.14055907726287842,0.034195575837869176,5.289676203553194
frame_000,frame_013,0,13,30,13,False,False,257,Great Pyrenees,0.5402734658354477,0.6156798493964533,0.7701055407524109,0.2298944592475891,0.0669144913695383,5.305435389721003
frame_000,frame_014,0,14,30,14,False,True,208,Labrador retriever,0.3827225173428422,0.9604450501762205,0.7148579955101013,0.2851420044898987,0.023906195041395222,5.4271509604644805
frame_000,frame_015,0,15,30,15,False,False,208,Labrador retriever,0.5451023916460052,0.6067816273852857,0.8051561117172241,0.19484388828277588,0.043511816966326416,5.399819821675731
frame_000,frame_016,0,16,30,16,False,False,257,Great Pyrenees,0.6462728686310764,0.43653346712241703,0.8237565159797668,0.17624348402023315,0.026273368104260824,5.409128813728733
frame_000,frame_017,0,17,30,17,False,False,257,Great Pyrenees,0.7586465267213378,0.2762193192572626,0.8754222393035889,0.12457776069641113,0.03763513377558702,5.367886584968135
frame_000,frame_018,0,18,30,18,False,False,257,Great Pyrenees,0.802040288339373,0.2205964375402263,0.8716338872909546,0.1283661127090454,0.042721953581214514,5.3820016668396775
frame_000,frame_019,0,19,30,19,False,False,257,Great Pyrenees,0.8847758970805101,0.12242088967856812,0.9116714000701904,0.08832859992980957,0.045352528907765484,5.38969394014628
frame_000,frame_001,0,1,40,1,False,False,207,golden retriever,0.5456745055774368,0.6057326246325667,0.7283872365951538,0.2716127634048462,0.0769195327154617,4.086739414910078
frame_000,frame_002,0,2,40,2,False,False,257,Great Pyrenees,0.5882742425297152,0.5305620409535923,0.7399190664291382,0.2600809335708618,0.11631463595318703,4.106533744570744
frame_000,frame_003,0,3,40,3,False,False,257,Great Pyrenees,0.6894700768633759,0.3718319810032398,0.8738318681716919,0.1261681318283081,0.12152310836907892,4.06301042440016
frame_000,frame_004,0,4,40,4,False,False,805,soccer ball,0.49404319838071925,0.7051323195025869,0.844363272190094,0.155636727809906,0.08296936034930551,4.155734721577718
frame_000,frame_005,0,5,40,5,False,False,257,Great Pyrenees,0.5402001805634425,0.6158155033707295,0.7929902076721191,0.20700979232788086,0.09094372321187019,4.051278956788928
frame_000,frame_006,0,6,40,6,False,False,183,Kerry blue terrier,0.3044176669606797,1.1893546160431727,0.736291766166687,0.263708233833313,0.08934214501872263,4.012472338140055
frame_000,frame_007,0,7,40,7,False,False,183,Kerry blue terrier,0.43520825506513217,0.8319306151802013,0.7671858072280884,0.23281419277191162,0.11527744693735505,3.934931737484192
frame_000,frame_008,0,8,40,8,False,False,183,Kerry blue terrier,0.45423624271311164,0.7891378578813484,0.7921234369277954,0.2078765630722046,0.10507785442875317,3.9017961308032945
frame_000,frame_009,0,9,40,9,True,False,257,Great Pyrenees,0.9153524081968699,0.08844614228578296,0.9358788728713989,0.06412112712860107,0.09516843665393449,3.909430200490416
frame_000,frame_010,0,10,40,10,False,False,183,Kerry blue terrier,0.4774073263171666,0.7393852189086783,0.8268222212791443,0.1731777787208557,0.1222536264443109,3.890192438720486
frame_000,frame_011,0,11,40,11,False,False,183,Kerry blue terrier,0.3867876755984836,0.9498793783757575,0.7861406207084656,0.21385937929153442,0.11397779869227281,3.85956856799043
frame_000,frame_012,0,12,40,12,False,False,257,Great Pyrenees,0.6506202743560019,0.4298291028769343,0.8445645570755005,0.1554354429244995,0.10766863983982916,3.795937041466223
frame_000,frame_013,0,13,40,13,False,False,257,Great Pyrenees,0.3177475928016379,1.1464979447032277,0.7314237356185913,0.2685762643814087,0.12985502630639686,3.696276732347676
frame_000,frame_014,0,14,40,14,False,True,977,"sandbar, sand bar",0.2568924572036066,1.359097736124092,0.7001931667327881,0.2998068332672119,0.10785079647610063,3.751917166478771
frame_000,frame_015,0,15,40,15,False,False,208,Labrador retriever,0.2983684209273559,1.209426244244143,0.7254570722579956,0.2745429277420044,0.12048519263548942,3.7942709146655065
frame_000,frame_016,0,16,40,16,False,False,257,Great Pyrenees,0.5923327411303791,0.5236867392759841,0.7829477787017822,0.21705222129821777,0.11266103523438682,3.732098312353873
frame_000,frame_017,0,17,40,17,False,False,257,Great Pyrenees,0.851368864348093,0.160909796202644,0.8933161497116089,0.10668385028839111,0.1005843979006493,3.7774970488603508
frame_000,frame_018,0,18,40,18,False,False,257,Great Pyrenees,0.8606567042080936,0.15005957159172167,0.8906577825546265,0.10934221744537354,0.10641993959227296,3.737566938252184
frame_000,frame_019,0,19,40,19,False,False,257,Great Pyrenees,0.8768587958781747,0.1314093076938203,0.9119244813919067,0.08807551860809326,0.10847868841426316,3.766569454383261
frame_000,frame_001,0,1,50,1,False,False,207,golden retriever,0.60078307035927,0.509521357425788,0.7737942337989807,0.2262057662010193,0.060467489205729634,4.4275482342257195
frame_000,frame_002,0,2,50,2,False,True,257,Great Pyrenees,0.26556797325677106,1.3258844512681054,0.6762762069702148,0.32372379302978516,0.07646050133895141,4.399971098813104
frame_000,frame_003,0,3,50,3,True,False,257,Great Pyrenees,0.756923242543883,0.2784934275894231,0.8691393136978149,0.13086068630218506,0.06944899743559399,4.501562114350282
frame_000,frame_004,0,4,50,4,False,False,257,Great Pyrenees,0.5212699545401018,0.6514872245105439,0.8266363143920898,0.17336368560791016,0.06290851481762842,4.551755880702572
frame_000,frame_005,0,5,50,5,False,False,257,Great Pyrenees,0.4272755650418718,0.8503261225170533,0.7642596364021301,0.23574036359786987,0.09324006564429667,4.413452917550075
frame_000,frame_006,0,6,50,6,False,False,207,golden retriever,0.49764968304704726,0.6978588971895996,0.785883903503418,0.21411609649658203,0.07573906385647475,4.350555246667442
frame_000,frame_007,0,7,50,7,False,False,183,Kerry blue terrier,0.45322499103541763,0.791366607845946,0.7945763468742371,0.20542365312576294,0.09873739668314396,4.2845192700253865
frame_000,frame_008,0,8,50,8,False,False,183,Kerry blue terrier,0.42237386015174677,0.8618644326154339,0.8019486665725708,0.1980513334274292,0.08309648065419788,4.295388857768059
frame_000,frame_009,0,9,50,9,False,False,257,Great Pyrenees,0.7246616599548742,0.3220504089788734,0.8554344177246094,0.14456558227539062,0.06971210170225789,4.3232659535530065
frame_000,frame_010,0,10,50,10,False,False,208,Labrador retriever,0.439565768716652,0.8219679286460235,0.8324369192123413,0.1675630807876587,0.05941052453853965,4.407063370753994
frame_000,frame_011,0,11,50,11,False,False,183,Kerry blue terrier,0.4683405418808912,0.7585595940843612,0.769321084022522,0.23067891597747803,0.07114296515889858,4.303135498201449
frame_000,frame_012,0,12,50,12,False,False,208,Labrador retriever,0.3573776392637318,1.028962243228822,0.7920284271240234,0.20797157287597656,0.09662004416429533,4.213366080048108
frame_000,frame_013,0,13,50,13,False,False,257,Great Pyrenees,0.2568864634371893,1.3591210682078998,0.7244597673416138,0.27554023265838623,0.07684358157768276,4.200651559254164
frame_000,frame_014,0,14,50,14,False,False,208,Labrador retriever,0.2901903842610741,1.237218073949822,0.7209131717681885,0.2790868282318115,0.07376238050402477,4.204871911710211
frame_000,frame_015,0,15,50,15,False,False,208,Labrador retriever,0.6804906334695014,0.3849412211741732,0.8246314525604248,0.1753685474395752,0.09472136728113965,4.111508012201844
frame_000,frame_016,0,16,50,16,False,False,208,Labrador retriever,0.45971439548136483,0.7771498617127595,0.7959526777267456,0.2040473222732544,0.09425629652411732,4.028411710972959
frame_000,frame_017,0,17,50,17,False,False,257,Great Pyrenees,0.5607345310913614,0.5785076920677863,0.8089607954025269,0.19103920459747314,0.13786953534273153,3.9538714521180793
frame_000,frame_018,0,18,50,18,False,False,257,Great Pyrenees,0.7058211498789051,0.348393402365472,0.8147375583648682,0.18526244163513184,0.10944723495617487,3.902530458768516
frame_000,frame_019,0,19,50,19,False,False,257,Great Pyrenees,0.6741367777016725,0.3943222543827263,0.8279751539230347,0.17202484607696533,0.09485556337284563,3.9511891775487666
frame_001,frame_000,1,0,5,-1,True,False,169,"borzoi, Russian wolfhound",0.6115685406088106,0.4917282441036832,0.7375880479812622,0.2624119520187378,0.02767694593021317,5.038399516646166
frame_001,frame_002,1,2,5,1,False,False,177,"Scottish deerhound, deerhound",0.1632268260662232,1.8126144745545076,0.5599155426025391,0.44008445739746094,0.028127358757945385,5.0071228016687215
frame_001,frame_003,1,3,5,2,False,False,257,Great Pyrenees,0.35494741210677855,1.0357856353902637,0.6690335869789124,0.33096641302108765,0.03197852450889883,5.084982254153543
frame_001,frame_004,1,4,5,3,False,False,257,Great Pyrenees,0.24090600468153855,1.4233484436381758,0.6492164134979248,0.3507835865020752,0.0283406809950618,5.026833639970713
frame_001,frame_005,1,5,5,4,False,False,212,English setter,0.19869307202467487,1.6159939965411505,0.6073672771453857,0.39263272285461426,0.028874777691544364,4.9883774069575075
frame_001,frame_006,1,6,5,5,False,False,169,"borzoi, Russian wolfhound",0.2838588067701249,1.2592783237056953,0.5903276205062866,0.4096723794937134,0.02705830150484582,4.973928253703534
frame_001,frame_007,1,7,5,6,False,False,169,"borzoi, Russian wolfhound",0.2175683868380571,1.5252420556297723,0.5731228590011597,0.42687714099884033,0.033729344663826245,4.964995928416481
frame_001,frame_008,1,8,5,7,False,False,169,"borzoi, Russian wolfhound",0.1329521259984176,2.017766170458814,0.5363149046897888,0.4636850953102112,0.0351315584151641,4.96858590214836
frame_001,frame_009,1,9,5,8,False,False,169,"borzoi, Russian wolfhound",0.1502457135351534,1.895483234857947,0.5564311742782593,0.4435688257217407,0.03875393769907461,4.970486044175516
frame_001,frame_010,1,10,5,9,False,False,169,"borzoi, Russian wolfhound",0.16377588037927437,1.8092563688373575,0.5422914624214172,0.45770853757858276,0.03405755385762688,4.976866177426807
frame_001,frame_011,1,11,5,10,False,False,169,"borzoi, Russian wolfhound",0.18157100207442256,1.70610850577211,0.5418499708175659,0.4581500291824341,0.02927927691205301,4.951558896579167
frame_001,frame_012,1,12,5,11,False,True,169,"borzoi, Russian wolfhound",0.10418466004452867,2.261590376963534,0.5231491923332214,0.47685080766677856,0.03635846766630138,4.9295042232139235
frame_001,frame_013,1,13,5,12,False,False,218,Welsh springer spaniel,0.15312139222258203,1.8765242589560929,0.5678007006645203,0.43219929933547974,0.03780995274414716,4.885825302931333
frame_001,frame_014,1,14,5,13,False,False,218,Welsh springer spaniel,0.18901033084231422,1.6659536048749826,0.5265508890151978,0.47344911098480225,0.03698619016685232,4.9221420698896585
frame_001,frame_015,1,15,5,14,False,False,218,Welsh springer spaniel,0.21991612438885827,1.5145090581030103,0.5472234487533569,0.45277655124664307,0.03478034179604209,4.858011210914356
frame_001,frame_016,1,16,5,15,False,False,218,Welsh springer spaniel,0.20372377313107704,1.5909902559754716,0.5791889429092407,0.4208110570907593,0.03760734606047387,4.871571954447133
frame_001,frame_017,1,17,5,16,False,False,257,Great Pyrenees,0.19242842300272206,1.6480310229569648,0.5766458511352539,0.4233541488647461,0.03908008752912526,4.88190194885688
frame_001,frame_018,1,18,5,17,False,False,257,Great Pyrenees,0.14191244747687104,1.9525449786008036,0.545135498046875,0.454864501953125,0.03887164226351267,4.860850085998708
frame_001,frame_019,1,19,5,18,False,False,257,Great Pyrenees,0.14472176155036723,1.932942265841156,0.5391099452972412,0.4608900547027588,0.038095485005619295,4.845007182813056
frame_001,frame_000,1,0,10,-1,False,False,257,Great Pyrenees,0.2546626207993999,1.3678156655232758,0.6936905384063721,0.30630946159362793,0.14889040585209193,4.008964863788221
frame_001,frame_002,1,2,10,1,False,False,257,Great Pyrenees,0.4925780656185391,0.7081023220610669,0.7123459577560425,0.2876540422439575,0.15158861914468277,4.1052656415876765
frame_001,frame_003,1,3,10,2,True,False,257,Great Pyrenees,0.7855735920326745,0.24134113753656994,0.8822641372680664,0.1177358627319336,0.15359568679954358,4.092057524806659
frame_001,frame_004,1,4,10,3,False,False,257,Great Pyrenees,0.6443555053200042,0.4395046782941625,0.8315024375915527,0.16849756240844727,0.1082346158126103,4.2322444934817645
frame_001,frame_005,1,5,10,4,False,False,257,Great Pyrenees,0.5857376315894429,0.5348833173281484,0.799091100692749,0.20090889930725098,0.12090685850972407,4.05640418204738
frame_001,frame_006,1,6,10,5,False,False,207,golden retriever,0.3574765469716651,1.0286855218764988,0.6725602149963379,0.3274397850036621,0.12432030480588784,4.036695070135437
frame_001,frame_007,1,7,10,6,False,False,212,English setter,0.4476309563390086,0.8037861442142136,0.7037171125411987,0.29628288745880127,0.15321879207884967,3.9843916400617805
frame_001,frame_008,1,8,10,7,False,False,207,golden retriever,0.282741997980702,1.2632204650735517,0.7126432061195374,0.28735679388046265,0.11844641110236696,3.9917667462396142
frame_001,frame_009,1,9,10,8,False,False,257,Great Pyrenees,0.833862004320899,0.18168735275877612,0.8775823712348938,0.1224176287651062,0.1139765598547923,3.9768341106165717
frame_001,frame_010,1,10,10,9,False,False,257,Great Pyrenees,0.37493270161467807,0.981008731477881,0.7577892541885376,0.2422107458114624,0.12994683784841313,4.047269797525029
frame_001,frame_011,1,11,10,10,False,False,216,"clumber, clumber spaniel",0.3568493741785895,1.0304415073046131,0.7228566408157349,0.27714335918426514,0.1502784923552632,4.00607131249462
frame_001,frame_012,1,12,10,11,False,False,257,Great Pyrenees,0.5802142791453272,0.5443577968680495,0.7855324745178223,0.21446752548217773,0.15007954783558944,3.9806337611095164
frame_001,frame_013,1,13,10,12,False,False,805,soccer ball,0.44594434261212684,0.8075611270987775,0.7558249831199646,0.2441750168800354,0.16320903490813615,3.8961415912609754
frame_001,frame_014,1,14,10,13,False,True,805,soccer ball,0.3274777029492822,1.1163353088221672,0.6696541905403137,0.3303458094596863,0.14675226753318557,3.9363280779177128
frame_001,frame_015,1,15,10,14,False,False,208,Labrador retriever,0.30328463519483834,1.193083524341528,0.716722846031189,0.28327715396881104,0.16593648351085244,3.8897034073941334
frame_001,frame_016,1,16,10,15,False,False,257,Great Pyrenees,0.3654644648315873,1.0065862279617988,0.7467275857925415,0.2532724142074585,0.14731403781823707,3.807472871627657
frame_001,frame_017,1,17,10,16,False,False,257,Great Pyrenees,0.6025458355795575,0.5065915408602146,0.7648334503173828,0.2351665496826172,0.13017852903109942,3.833768622513534
frame_001,frame_018,1,18,10,17,False,False,257,Great Pyrenees,0.4784621950721559,0.7371780783740869,0.7312236428260803,0.2687763571739197,0.14603817531337213,3.7904437801854147
frame_001,frame_019,1,19,10,18,False,False,257,Great Pyrenees,0.5349134651409343,0.6256502925687748,0.7756368517875671,0.22436314821243286,0.14837335157630047,3.813577258383758
frame_001,frame_000,1,0,20,-1,False,True,208,Labrador retriever,0.2756047138891953,1.2887876358916817,0.6733367443084717,0.3266632556915283,0.11584945073929807,4.832242154980246
frame_001,frame_002,1,2,20,1,False,False,257,Great Pyrenees,0.48016150082089226,0.7336327716266622,0.7204862833023071,0.27951371669769287,0.10014161477743844,4.890521624549743
frame_001,frame_003,1,3,20,2,True,False,257,Great Pyrenees,0.8710683654937171,0.138034814401935,0.9086406826972961,0.09135931730270386,0.09079430429011748,4.918919725254176
frame_001,frame_004,1,4,20,3,False,False,257,Great Pyrenees,0.6725940078594307,0.3966133886371055,0.8085065484046936,0.1914934515953064,0.06648285036697886,4.940708648302248
frame_001,frame_005,1,5,20,4,False,False,257,Great Pyrenees,0.5753610725318792,0.5527574830349327,0.8153570294380188,0.1846429705619812,0.10276515500383454,4.84579035578243
frame_001,frame_006,1,6,20,5,False,False,207,golden retriever,0.6568563550646334,0.42028992205118154,0.7971441745758057,0.20285582542419434,0.10422225389921963,4.865439080189894
frame_001,frame_007,1,7,20,6,False,False,207,golden retriever,0.565175165439415,0.5706195685578388,0.7594629526138306,0.24053704738616943,0.13760498215769237,4.833362363444017
frame_001,frame_008,1,8,20,7,False,False,207,golden retriever,0.4698758409178827,0.7552867874364377,0.7976190447807312,0.2023809552192688,0.09801781018509821,4.920842212566267
frame_001,frame_009,1,9,20,8,False,False,257,Great Pyrenees,0.8275922030979578,0.1892347542547439,0.8939704895019531,0.10602951049804688,0.07666411078781772,4.874986477910926
frame_001,frame_010,1,10,20,9,False,False,208,Labrador retriever,0.6053889805123853,0.5018840845549155,0.8391026258468628,0.1608973741531372,0.07536165426549263,4.9354565771746755
frame_001,frame_011,1,11,20,10,False,False,257,Great Pyrenees,0.33812064812803366,1.0843525000652274,0.7581788897514343,0.24182111024856567,0.10801909139993314,4.944793719224295
frame_001,frame_012,1,12,20,11,False,False,257,Great Pyrenees,0.56942107039917,0.5631351002580995,0.8410329818725586,0.1589670181274414,0.11083879957082411,4.857765378271159
frame_001,frame_013,1,13,20,12,False,False,257,Great Pyrenees,0.6425516620310224,0.44230805761491343,0.8266788721084595,0.17332112789154053,0.10900206900649999,4.768629316883605
frame_001,frame_014,1,14,20,13,False,False,208,Labrador retriever,0.48233097051508467,0.7291247397555343,0.7459839582443237,0.25401604175567627,0.12099871570493903,4.776223259405627
frame_001,frame_015,1,15,20,14,False,False,208,Labrador retriever,0.5488745961156325,0.5998852859408679,0.8112672567367554,0.18873274326324463,0.15638848800019836,4.637826661578195
frame_001,frame_016,1,16,20,15,False,False,257,Great Pyrenees,0.5816884342745098,0.5418203108924287,0.8208893537521362,0.17911064624786377,0.12925106040176204,4.668156223636903
frame_001,frame_017,1,17,20,16,False,False,257,Great Pyrenees,0.5852915826542426,0.5356451240385991,0.8326475620269775,0.16735243797302246,0.09750777616671345,4.654787246445476
frame_001,frame_018,1,18,20,17,False,False,257,Great Pyrenees,0.5852464754165063,0.5357221949846442,0.8091772794723511,0.19082272052764893,0.09426515262655089,4.6983046276900255
frame_001,frame_019,1,19,20,18,False,False,257,Great Pyrenees,0.7571305105548773,0.2782196354445077,0.8463385105133057,0.15366148948669434,0.1003015441450894,4.718848427961246
frame_001,frame_000,1,0,30,-1,False,False,176,"Saluki, gazelle hound",0.501550824387603,0.6900503319741951,0.7351042032241821,0.26489579677581787,0.04882774425478573,5.258313914593302
frame_001,frame_002,1,2,30,1,False,False,257,Great Pyrenees,0.4245627989381888,0.8566953479220727,0.7271019220352173,0.2728980779647827,0.05556932474390415,5.310989912047873
frame_001,frame_003,1,3,30,2,False,False,257,Great Pyrenees,0.7452845309179328,0.2939892128205104,0.8481242656707764,0.15187573432922363,0.04446962016663235,5.4837077204572005
frame_001,frame_004,1,4,30,3,False,False,257,Great Pyrenees,0.5298499607049093,0.6351614055239647,0.7708334922790527,0.22916650772094727,0.04654706984621873,5.437072051856415
frame_001,frame_005,1,5,30,4,False,False,257,Great Pyrenees,0.430425168335924,0.8429817952273293,0.7773072719573975,0.22269272804260254,0.03759766018593071,5.386550964359417
frame_001,frame_006,1,6,30,5,False,False,207,golden retriever,0.4282066233963238,0.8481494349491632,0.7648630142211914,0.2351369857788086,0.06965418940951947,5.118207550035249
frame_001,frame_007,1,7,30,6,False,False,176,"Saluki, gazelle hound",0.4201161797407303,0.8672239875262369,0.7692373991012573,0.23076260089874268,0.07009771265941696,5.094468827305219
frame_001,frame_008,1,8,30,7,False,False,207,golden retriever,0.32854590998641525,1.113078694395048,0.7558404207229614,0.24415957927703857,0.07796224773060327,5.0788424758922
frame_001,frame_009,1,9,30,8,True,False,257,Great Pyrenees,0.8795586709106761,0.1283350076370282,0.9126114845275879,0.08738851547241211,0.07243810559454261,5.105025055216874
frame_001,frame_010,1,10,30,9,False,False,257,Great Pyrenees,0.481365369496637,0.7311286932863252,0.7926538586616516,0.2073461413383484,0.06506412457838444,5.190172742545635
frame_001,frame_011,1,11,30,10,False,False,257,Great Pyrenees,0.45358443302282536,0.7905738458902443,0.7490100264549255,0.25098997354507446,0.0361082884581419,5.1857648018691656
frame_001,frame_012,1,12,30,11,False,False,257,Great Pyrenees,0.7630555318972675,0.2704244693536011,0.8594409227371216,0.14055907726287842,0.04103678526277967,5.193116256475665
frame_001,frame_013,1,13,30,12,False,False,257,Great Pyrenees,0.5402734658354477,0.6156798493964533,0.7701055407524109,0.2298944592475891,0.0689678854727242,5.174003878616558
frame_001,frame_014,1,14,30,13,False,True,208,Labrador retriever,0.3827225173428422,0.9604450501762205,0.7148579955101013,0.2851420044898987,0.036754220789089416,5.298181783839995
frame_001,frame_015,1,15,30,14,False,False,208,Labrador retriever,0.5451023916460052,0.6067816273852857,0.8051561117172241,0.19484388828277588,0.04682879909009691,5.289400687268078
frame_001,frame_016,1,16,30,15,False,False,257,Great Pyrenees,0.6462728686310764,0.43653346712241703,0.8237565159797668,0.17624348402023315,0.035877424993088304,5.293617160825248
frame_001,frame_017,1,17,30,16,False,False,257,Great Pyrenees,0.7586465267213378,0.2762193192572626,0.8754222393035889,0.12457776069641113,0.040923464527292785,5.261290698189427
frame_001,frame_018,1,18,30,17,False,False,257,Great Pyrenees,0.802040288339373,0.2205964375402263,0.8716338872909546,0.1283661127090454,0.04938273438210086,5.24870435865775
frame_001,frame_019,1,19,30,18,False,False,257,Great Pyrenees,0.8847758970805101,0.12242088967856812,0.9116714000701904,0.08832859992980957,0.0508686943346964,5.285784051700892
frame_001,frame_000,1,0,40,-1,False,True,169,"borzoi, Russian wolfhound",0.16851653989832535,1.7807213743730839,0.6236065626144409,0.3763934373855591,0.10804513179575553,3.9152688252133987
frame_001,frame_002,1,2,40,1,False,False,257,Great Pyrenees,0.5882742425297152,0.5305620409535923,0.7399190664291382,0.2600809335708618,0.12168434557117787,4.049219316193822
frame_001,frame_003,1,3,40,2,False,False,257,Great Pyrenees,0.6894700768633759,0.3718319810032398,0.8738318681716919,0.1261681318283081,0.12360409679141597,3.97345324553608
frame_001,frame_004,1,4,40,3,False,False,805,soccer ball,0.49404319838071925,0.7051323195025869,0.844363272190094,0.155636727809906,0.08479388649368846,4.089075661531224
frame_001,frame_005,1,5,40,4,False,False,257,Great Pyrenees,0.5402001805634425,0.6158155033707295,0.7929902076721191,0.20700979232788086,0.09205549487504398,3.9765581287400646
frame_001,frame_006,1,6,40,5,False,False,183,Kerry blue terrier,0.3044176669606797,1.1893546160431727,0.736291766166687,0.263708233833313,0.09318582526070013,3.9497163085766687
frame_001,frame_007,1,7,40,6,False,False,183,Kerry blue terrier,0.43520825506513217,0.8319306151802013,0.7671858072280884,0.23281419277191162,0.11525065797059751,3.8628081986202054
frame_001,frame_008,1,8,40,7,False,False,183,Kerry blue terrier,0.45423624271311164,0.7891378578813484,0.7921234369277954,0.2078765630722046,0.10819077469731192,3.7947582621228184
frame_001,frame_009,1,9,40,8,True,False,257,Great Pyrenees,0.9153524081968699,0.08844614228578296,0.9358788728713989,0.06412112712860107,0.10086293360872615,3.807883241395788
frame_001,frame_010,1,10,40,9,False,False,183,Kerry blue terrier,0.4774073263171666,0.7393852189086783,0.8268222212791443,0.1731777787208557,0.12656578518458544,3.7995238276610683
frame_001,frame_011,1,11,40,10,False,False,183,Kerry blue terrier,0.3867876755984836,0.9498793783757575,0.7861406207084656,0.21385937929153442,0.1178683846638742,3.767316087982884
frame_001,frame_012,1,12,40,11,False,False,257,Great Pyrenees,0.6506202743560019,0.4298291028769343,0.8445645570755005,0.1554354429244995,0.11032776960242716,3.7082478166279103
frame_001,frame_013,1,13,40,12,False,False,257,Great Pyrenees,0.3177475928016379,1.1464979447032277,0.7314237356185913,0.2685762643814087,0.13818002688523354,3.5839590783504787
frame_001,frame_014,1,14,40,13,False,False,977,"sandbar, sand bar",0.2568924572036066,1.359097736124092,0.7001931667327881,0.2998068332672119,0.11082776656922888,3.659567806778875
frame_001,frame_015,1,15,40,14,False,False,208,Labrador retriever,0.2983684209273559,1.209426244244143,0.7254570722579956,0.2745429277420044,0.11754352290612087,3.7278297133780196
frame_001,frame_016,1,16,40,15,False,False,257,Great Pyrenees,0.5923327411303791,0.5236867392759841,0.7829477787017822,0.21705222129821777,0.12655021520484336,3.6460602621070617
frame_001,frame_017,1,17,40,16,False,False,257,Great Pyrenees,0.851368864348093,0.160909796202644,0.8933161497116089,0.10668385028839111,0.10380306561657834,3.705517713634226
frame_001,frame_018,1,18,40,17,False,False,257,Great Pyrenees,0.8606567042080936,0.15005957159172167,0.8906577825546265,0.10934221744537354,0.10801914426542295,3.6626930676091662
frame_001,frame_019,1,19,40,18,False,False,257,Great Pyrenees,0.8768587958781747,0.1314093076938203,0.9119244813919067,0.08807551860809326,0.11276290793456913,3.688020350206875
frame_001,frame_000,1,0,50,-1,False,False,260,"chow, chow chow",0.4887891653407909,0.7158240372034963,0.6971958875656128,0.3028041124343872,0.07569535816604994,4.188791631602048
frame_001,frame_002,1,2,50,1,False,True,257,Great Pyrenees,0.26556797325677106,1.3258844512681054,0.6762762069702148,0.32372379302978516,0.07877667316877893,4.24614260707059
frame_001,frame_003,1,3,50,2,True,False,257,Great Pyrenees,0.756923242543883,0.2784934275894231,0.8691393136978149,0.13086068630218506,0.09158357481848994,4.29363709870843
frame_001,frame_004,1,4,50,3,False,False,257,Great Pyrenees,0.5212699545401018,0.6514872245105439,0.8266363143920898,0.17336368560791016,0.07143298628151157,4.401100726838161
frame_001,frame_005,1,5,50,4,False,False,257,Great Pyrenees,0.4272755650418718,0.8503261225170533,0.7642596364021301,0.23574036359786987,0.0873351766095789,4.243169246636082
frame_001,frame_006,1,6,50,5,False,False,207,golden retriever,0.49764968304704726,0.6978588971895996,0.785883903503418,0.21411609649658203,0.0737801055923754,4.218350965888536
frame_001,frame_007,1,7,50,6,False,False,183,Kerry blue terrier,0.45322499103541763,0.791366607845946,0.7945763468742371,0.20542365312576294,0.09321764584237707,4.131455864278363
frame_001,frame_008,1,8,50,7,False,False,183,Kerry blue terrier,0.42237386015174677,0.8618644326154339,0.8019486665725708,0.1980513334274292,0.07996392165407992,4.106980915012502
frame_001,frame_009,1,9,50,8,False,False,257,Great Pyrenees,0.7246616599548742,0.3220504089788734,0.8554344177246094,0.14456558227539062,0.08143083745227692,4.141142083653357
frame_001,frame_010,1,10,50,9,False,False,208,Labrador retriever,0.439565768716652,0.8219679286460235,0.8324369192123413,0.1675630807876587,0.07025528734730978,4.213868817162691
frame_001,frame_011,1,11,50,10,False,False,183,Kerry blue terrier,0.4683405418808912,0.7585595940843612,0.769321084022522,0.23067891597747803,0.06994031353954494,4.126626449918593
frame_001,frame_012,1,12,50,11,False,False,208,Labrador retriever,0.3573776392637318,1.028962243228822,0.7920284271240234,0.20797157287597656,0.09286997341455465,4.034180833146676
frame_001,frame_013,1,13,50,12,False,False,257,Great Pyrenees,0.2568864634371893,1.3591210682078998,0.7244597673416138,0.27554023265838623,0.09177990939269651,4.011253530179123
frame_001,frame_014,1,14,50,13,False,False,208,Labrador retriever,0.2901903842610741,1.237218073949822,0.7209131717681885,0.2790868282318115,0.0883232738967872,4.016561942378466
frame_001,frame_015,1,15,50,14,False,False,208,Labrador retriever,0.6804906334695014,0.3849412211741732,0.8246314525604248,0.1753685474395752,0.08889654836619572,3.954868102255574
frame_001,frame_016,1,16,50,15,False,False,208,Labrador retriever,0.45971439548136483,0.7771498617127595,0.7959526777267456,0.2040473222732544,0.0926801555599455,3.880514988371504
frame_001,frame_017,1,17,50,16,False,False,257,Great Pyrenees,0.5607345310913614,0.5785076920677863,0.8089607954025269,0.19103920459747314,0.1476889002566629,3.7895108312707864
frame_001,frame_018,1,18,50,17,False,False,257,Great Pyrenees,0.7058211498789051,0.348393402365472,0.8147375583648682,0.18526244163513184,0.11001898351657252,3.7375736853534387
frame_001,frame_019,1,19,50,18,False,False,257,Great Pyrenees,0.6741367777016725,0.3943222543827263,0.8279751539230347,0.17202484607696533,0.09758498564101012,3.780986459883079
frame_002,frame_000,2,0,5,-2,True,False,169,"borzoi, Russian wolfhound",0.6115685406088106,0.4917282441036832,0.7375880479812622,0.2624119520187378,0.030762481235511636,5.025325326226896
frame_002,frame_001,2,1,5,-1,False,False,169,"borzoi, Russian wolfhound",0.3932010288056577,0.9334342742179969,0.6267056465148926,0.3732943534851074,0.027848913686725818,5.0053372499584174
frame_002,frame_003,2,3,5,1,False,False,257,Great Pyrenees,0.35494741210677855,1.0357856353902637,0.6690335869789124,0.33096641302108765,0.03218908630794874,5.07339418980635
frame_002,frame_004,2,4,5,2,False,False,257,Great Pyrenees,0.24090600468153855,1.4233484436381758,0.6492164134979248,0.3507835865020752,0.03029436037705945,5.012284525516105
frame_002,frame_005,2,5,5,3,False,False,212,English setter,0.19869307202467487,1.6159939965411505,0.6073672771453857,0.39263272285461426,0.03316779101301253,4.979105575033394
frame_002,frame_006,2,6,5,4,False,False,169,"borzoi, Russian wolfhound",0.2838588067701249,1.2592783237056953,0.5903276205062866,0.4096723794937134,0.029348668819175625,4.974031637289691
frame_002,frame_007,2,7,5,5,False,False,169,"borzoi, Russian wolfhound",0.2175683868380571,1.5252420556297723,0.5731228590011597,0.42687714099884033,0.038003785824835774,4.963198204014505
frame_002,frame_008,2,8,5,6,False,False,169,"borzoi, Russian wolfhound",0.1329521259984176,2.017766170458814,0.5363149046897888,0.4636850953102112,0.03883863204563458,4.964351825689236
frame_002,frame_009,2,9,5,7,False,False,169,"borzoi, Russian wolfhound",0.1502457135351534,1.895483234857947,0.5564311742782593,0.4435688257217407,0.04323334625835719,4.960657215358471
frame_002,frame_010,2,10,5,8,False,False,169,"borzoi, Russian wolfhound",0.16377588037927437,1.8092563688373575,0.5422914624214172,0.45770853757858276,0.03637577600479237,4.973813119721884
frame_002,frame_011,2,11,5,9,False,False,169,"borzoi, Russian wolfhound",0.18157100207442256,1.70610850577211,0.5418499708175659,0.4581500291824341,0.033293817194072324,4.952850416444477
frame_002,frame_012,2,12,5,10,False,True,169,"borzoi, Russian wolfhound",0.10418466004452867,2.261590376963534,0.5231491923332214,0.47685080766677856,0.0422809428045777,4.917204457628467
frame_002,frame_013,2,13,5,11,False,False,218,Welsh springer spaniel,0.15312139222258203,1.8765242589560929,0.5678007006645203,0.43219929933547974,0.03860010864931802,4.865112474189461
frame_002,frame_014,2,14,5,12,False,False,218,Welsh springer spaniel,0.18901033084231422,1.6659536048749826,0.5265508890151978,0.47344911098480225,0.03335894241870964,4.9113687631414065
frame_002,frame_015,2,15,5,13,False,False,218,Welsh springer spaniel,0.21991612438885827,1.5145090581030103,0.5472234487533569,0.45277655124664307,0.03840488868293011,4.834412668602402
frame_002,frame_016,2,16,5,14,False,False,218,Welsh springer spaniel,0.20372377313107704,1.5909902559754716,0.5791889429092407,0.4208110570907593,0.04097558935241709,4.842149133037768
frame_002,frame_017,2,17,5,15,False,False,257,Great Pyrenees,0.19242842300272206,1.6480310229569648,0.5766458511352539,0.4233541488647461,0.04128436780604542,4.851694230353773
frame_002,frame_018,2,18,5,16,False,False,257,Great Pyrenees,0.14191244747687104,1.9525449786008036,0.545135498046875,0.454864501953125,0.0416034908903681,4.829778640963692
frame_002,frame_019,2,19,5,17,False,False,257,Great Pyrenees,0.14472176155036723,1.932942265841156,0.5391099452972412,0.4608900547027588,0.04086434567495719,4.8046343558148745
frame_002,frame_000,2,0,10,-2,False,False,257,Great Pyrenees,0.2546626207993999,1.3678156655232758,0.6936905384063721,0.30630946159362793,0.16722992368279072,3.998787015853827
frame_002,frame_001,2,1,10,-1,False,False,207,golden retriever,0.31967845687774427,1.1404396106177321,0.7166632413864136,0.2833367586135864,0.13243760632633195,4.1139628321080846
frame_002,frame_003,2,3,10,1,True,False,257,Great Pyrenees,0.7855735920326745,0.24134113753656994,0.8822641372680664,0.1177358627319336,0.15739418557480545,4.085571291427289
frame_002,frame_004,2,4,10,2,False,False,257,Great Pyrenees,0.6443555053200042,0.4395046782941625,0.8315024375915527,0.16849756240844727,0.12607821731785543,4.2054777144348705
frame_002,frame_005,2,5,10,3,False,False,257,Great Pyrenees,0.5857376315894429,0.5348833173281484,0.799091100692749,0.20090889930725098,0.13514941927157095,4.049510799754126
frame_002,frame_006,2,6,10,4,False,False,207,golden retriever,0.3574765469716651,1.0286855218764988,0.6725602149963379,0.3274397850036621,0.13890808438235425,4.042024855379996
frame_002,frame_007,2,7,10,5,False,False,212,English setter,0.4476309563390086,0.8037861442142136,0.7037171125411987,0.29628288745880127,0.16730555820291212,3.988792234909019
frame_002,frame_008,2,8,10,6,False,False,207,golden retriever,0.282741997980702,1.2632204650735517,0.7126432061195374,0.28735679388046265,0.13106619792281735,4.01171042101211
frame_002,frame_009,2,9,10,7,False,False,257,Great Pyrenees,0.833862004320899,0.18168735275877612,0.8775823712348938,0.1224176287651062,0.12812099141112337,3.994309919209133
frame_002,frame_010,2,10,10,8,False,False,257,Great Pyrenees,0.37493270161467807,0.981008731477881,0.7577892541885376,0.2422107458114624,0.14746821053679374,4.063951241475808
frame_002,frame_011,2,11,10,9,False,False,216,"clumber, clumber spaniel",0.3568493741785895,1.0304415073046131,0.7228566408157349,0.27714335918426514,0.1705712557487076,4.019253613239923
frame_002,frame_012,2,12,10,10,False,False,257,Great Pyrenees,0.5802142791453272,0.5443577968680495,0.7855324745178223,0.21446752548217773,0.16661728458529895,3.9836841293446117
frame_002,frame_013,2,13,10,11,False,False,805,soccer ball,0.44594434261212684,0.8075611270987775,0.7558249831199646,0.2441750168800354,0.1769888187232116,3.8951935922374594
frame_002,frame_014,2,14,10,12,False,True,805,soccer ball,0.3274777029492822,1.1163353088221672,0.6696541905403137,0.3303458094596863,0.16216275102377406,3.9470700504154643
frame_002,frame_015,2,15,10,13,False,False,208,Labrador retriever,0.30328463519483834,1.193083524341528,0.716722846031189,0.28327715396881104,0.18681952144083147,3.889410684079176
frame_002,frame_016,2,16,10,14,False,False,257,Great Pyrenees,0.3654644648315873,1.0065862279617988,0.7467275857925415,0.2532724142074585,0.15985481406324334,3.808887807863119
frame_002,frame_017,2,17,10,15,False,False,257,Great Pyrenees,0.6025458355795575,0.5065915408602146,0.7648334503173828,0.2351665496826172,0.1383785312204325,3.8381501314106448
frame_002,frame_018,2,18,10,16,False,False,257,Great Pyrenees,0.4784621950721559,0.7371780783740869,0.7312236428260803,0.2687763571739197,0.14819464385911002,3.8017070288430332
frame_002,frame_019,2,19,10,17,False,False,257,Great Pyrenees,0.5349134651409343,0.6256502925687748,0.7756368517875671,0.22436314821243286,0.14867169711492167,3.8245988385484595
frame_002,frame_000,2,0,20,-2,False,True,208,Labrador retriever,0.2756047138891953,1.2887876358916817,0.6733367443084717,0.3266632556915283,0.11297482126509095,4.810732519356479
frame_002,frame_001,2,1,20,-1,False,False,207,golden retriever,0.6269344745899198,0.46691325004654605,0.7733272910118103,0.2266727089881897,0.08432399444289378,4.90091585115516
frame_002,frame_003,2,3,20,1,True,False,257,Great Pyrenees,0.8710683654937171,0.138034814401935,0.9086406826972961,0.09135931730270386,0.08500972041897706,4.930192197226257
frame_002,frame_004,2,4,20,2,False,False,257,Great Pyrenees,0.6725940078594307,0.3966133886371055,0.8085065484046936,0.1914934515953064,0.06809102746427896,4.920441865199349
frame_002,frame_005,2,5,20,3,False,False,257,Great Pyrenees,0.5753610725318792,0.5527574830349327,0.8153570294380188,0.1846429705619812,0.1007956778925037,4.839359987644353
frame_002,frame_006,2,6,20,4,False,False,207,golden retriever,0.6568563550646334,0.42028992205118154,0.7971441745758057,0.20285582542419434,0.10558854763266112,4.839074077229979
frame_002,frame_007,2,7,20,5,False,False,207,golden retriever,0.565175165439415,0.5706195685578388,0.7594629526138306,0.24053704738616943,0.13727522002985132,4.824767229449338
frame_002,frame_008,2,8,20,6,False,False,207,golden retriever,0.4698758409178827,0.7552867874364377,0.7976190447807312,0.2023809552192688,0.09564785772749752,4.9201086854742115
frame_002,frame_009,2,9,20,7,False,False,257,Great Pyrenees,0.8275922030979578,0.1892347542547439,0.8939704895019531,0.10602951049804688,0.07276316694089541,4.884107769808271
frame_002,frame_010,2,10,20,8,False,False,208,Labrador retriever,0.6053889805123853,0.5018840845549155,0.8391026258468628,0.1608973741531372,0.07638045287517051,4.9385763678511445
frame_002,frame_011,2,11,20,9,False,False,257,Great Pyrenees,0.33812064812803366,1.0843525000652274,0.7581788897514343,0.24182111024856567,0.10707666160035416,4.936875867200817
frame_002,frame_012,2,12,20,10,False,False,257,Great Pyrenees,0.56942107039917,0.5631351002580995,0.8410329818725586,0.1589670181274414,0.11349052441530631,4.845583299472844
frame_002,frame_013,2,13,20,11,False,False,257,Great Pyrenees,0.6425516620310224,0.44230805761491343,0.8266788721084595,0.17332112789154053,0.11016379333250025,4.759009001509392
frame_002,frame_014,2,14,20,12,False,False,208,Labrador retriever,0.48233097051508467,0.7291247397555343,0.7459839582443237,0.25401604175567627,0.12034014485092703,4.7508677568652224
frame_002,frame_015,2,15,20,13,False,False,208,Labrador retriever,0.5488745961156325,0.5998852859408679,0.8112672567367554,0.18873274326324463,0.15666928014773773,4.616649058619956
frame_002,frame_016,2,16,20,14,False,False,257,Great Pyrenees,0.5816884342745098,0.5418203108924287,0.8208893537521362,0.17911064624786377,0.13343484752116477,4.60926269013456
frame_002,frame_017,2,17,20,15,False,False,257,Great Pyrenees,0.5852915826542426,0.5356451240385991,0.8326475620269775,0.16735243797302246,0.1035405104983254,4.599284373076092
frame_002,frame_018,2,18,20,16,False,False,257,Great Pyrenees,0.5852464754165063,0.5357221949846442,0.8091772794723511,0.19082272052764893,0.09855559759141981,4.628131229356777
frame_002,frame_019,2,19,20,17,False,False,257,Great Pyrenees,0.7571305105548773,0.2782196354445077,0.8463385105133057,0.15366148948669434,0.10204629044128646,4.6512946332601945
frame_002,frame_000,2,0,30,-2,False,False,176,"Saluki, gazelle hound",0.501550824387603,0.6900503319741951,0.7351042032241821,0.26489579677581787,0.059430991004970506,5.111383170143048
frame_002,frame_001,2,1,30,-1,False,False,207,golden retriever,0.611745388140805,0.49143911548498576,0.7725761532783508,0.22742384672164917,0.05162398112788279,5.157249214135567
frame_002,frame_003,2,3,30,1,False,False,257,Great Pyrenees,0.7452845309179328,0.2939892128205104,0.8481242656707764,0.15187573432922363,0.03765125530082367,5.378549934502212
frame_002,frame_004,2,4,30,2,False,False,257,Great Pyrenees,0.5298499607049093,0.6351614055239647,0.7708334922790527,0.22916650772094727,0.051469933711969035,5.339232846911507
frame_002,frame_005,2,5,30,3,False,False,257,Great Pyrenees,0.430425168335924,0.8429817952273293,0.7773072719573975,0.22269272804260254,0.03897061223363342,5.252881417674978
frame_002,frame_006,2,6,30,4,False,False,207,golden retriever,0.4282066233963238,0.8481494349491632,0.7648630142211914,0.2351369857788086,0.08071546265615717,4.944422135866246
frame_002,frame_007,2,7,30,5,False,False,176,"Saluki, gazelle hound",0.4201161797407303,0.8672239875262369,0.7692373991012573,0.23076260089874268,0.08196830714473341,4.92311254938684
frame_002,frame_008,2,8,30,6,False,False,207,golden retriever,0.32854590998641525,1.113078694395048,0.7558404207229614,0.24415957927703857,0.09102935527378785,4.90928654066854
frame_002,frame_009,2,9,30,7,True,False,257,Great Pyrenees,0.8795586709106761,0.1283350076370282,0.9126114845275879,0.08738851547241211,0.08625803957791202,4.951705498774325
frame_002,frame_010,2,10,30,8,False,False,257,Great Pyrenees,0.481365369496637,0.7311286932863252,0.7926538586616516,0.2073461413383484,0.073249056828186,5.046971183188493
frame_002,frame_011,2,11,30,9,False,False,257,Great Pyrenees,0.45358443302282536,0.7905738458902443,0.7490100264549255,0.25098997354507446,0.04008062961474951,5.020060310296793
frame_002,frame_012,2,12,30,10,False,False,257,Great Pyrenees,0.7630555318972675,0.2704244693536011,0.8594409227371216,0.14055907726287842,0.040788870333462006,5.027795734740403
frame_002,frame_013,2,13,30,11,False,False,257,Great Pyrenees,0.5402734658354477,0.6156798493964533,0.7701055407524109,0.2298944592475891,0.07899074255816665,5.045358615615203
frame_002,frame_014,2,14,30,12,False,True,208,Labrador retriever,0.3827225173428422,0.9604450501762205,0.7148579955101013,0.2851420044898987,0.032394494203640815,5.196461177712015
frame_002,frame_015,2,15,30,13,False,False,208,Labrador retriever,0.5451023916460052,0.6067816273852857,0.8051561117172241,0.19484388828277588,0.05726335027293785,5.191458569264313
frame_002,frame_016,2,16,30,14,False,False,257,Great Pyrenees,0.6462728686310764,0.43653346712241703,0.8237565159797668,0.17624348402023315,0.03891637172749988,5.1455878291164865
frame_002,frame_017,2,17,30,15,False,False,257,Great Pyrenees,0.7586465267213378,0.2762193192572626,0.8754222393035889,0.12457776069641113,0.05079723852609704,5.101863268882925
frame_002,frame_018,2,18,30,16,False,False,257,Great Pyrenees,0.802040288339373,0.2205964375402263,0.8716338872909546,0.1283661127090454,0.06309018180683318,5.096491436610284
frame_002,frame_019,2,19,30,17,False,False,257,Great Pyrenees,0.8847758970805101,0.12242088967856812,0.9116714000701904,0.08832859992980957,0.05784924973230016,5.117673289918826
frame_002,frame_000,2,0,40,-2,False,True,169,"borzoi, Russian wolfhound",0.16851653989832535,1.7807213743730839,0.6236065626144409,0.3763934373855591,0.13299214291936662,3.819807780443637
frame_002,frame_001,2,1,40,-1,False,False,207,golden retriever,0.5456745055774368,0.6057326246325667,0.7283872365951538,0.2716127634048462,0.10084039067001124,3.938513113828513
frame_002,frame_003,2,3,40,1,False,False,257,Great Pyrenees,0.6894700768633759,0.3718319810032398,0.8738318681716919,0.1261681318283081,0.15320697249331353,3.868781339899706
frame_002,frame_004,2,4,40,2,False,False,805,soccer ball,0.49404319838071925,0.7051323195025869,0.844363272190094,0.155636727809906,0.10032183677788388,4.0057024654612565
frame_002,frame_005,2,5,40,3,False,False,257,Great Pyrenees,0.5402001805634425,0.6158155033707295,0.7929902076721191,0.20700979232788086,0.11859274498310622,3.8914277464402995
frame_002,frame_006,2,6,40,4,False,False,183,Kerry blue terrier,0.3044176669606797,1.1893546160431727,0.736291766166687,0.263708233833313,0.12635530739287126,3.8471879136048144
frame_002,frame_007,2,7,40,5,False,False,183,Kerry blue terrier,0.43520825506513217,0.8319306151802013,0.7671858072280884,0.23281419277191162,0.14107553414872137,3.7450075934503495
frame_002,frame_008,2,8,40,6,False,False,183,Kerry blue terrier,0.45423624271311164,0.7891378578813484,0.7921234369277954,0.2078765630722046,0.12364997393175797,3.690353325006037
frame_002,frame_009,2,9,40,7,True,False,257,Great Pyrenees,0.9153524081968699,0.08844614228578296,0.9358788728713989,0.06412112712860107,0.11415745417582562,3.736616691930462
frame_002,frame_010,2,10,40,8,False,False,183,Kerry blue terrier,0.4774073263171666,0.7393852189086783,0.8268222212791443,0.1731777787208557,0.1516439808868114,3.70525624517683
frame_002,frame_011,2,11,40,9,False,False,183,Kerry blue terrier,0.3867876755984836,0.9498793783757575,0.7861406207084656,0.21385937929153442,0.14508266910337814,3.678759421922984
frame_002,frame_012,2,12,40,10,False,False,257,Great Pyrenees,0.6506202743560019,0.4298291028769343,0.8445645570755005,0.1554354429244995,0.13516888436708888,3.622133917523281
frame_002,frame_013,2,13,40,11,False,False,257,Great Pyrenees,0.3177475928016379,1.1464979447032277,0.7314237356185913,0.2685762643814087,0.16056039883146273,3.4866056733970225
frame_002,frame_014,2,14,40,12,False,False,977,"sandbar, sand bar",0.2568924572036066,1.359097736124092,0.7001931667327881,0.2998068332672119,0.12450799452590675,3.59756618347059
frame_002,frame_015,2,15,40,13,False,False,208,Labrador retriever,0.2983684209273559,1.209426244244143,0.7254570722579956,0.2745429277420044,0.14542199944118647,3.658247744348205
frame_002,frame_016,2,16,40,14,False,False,257,Great Pyrenees,0.5923327411303791,0.5236867392759841,0.7829477787017822,0.21705222129821777,0.136100873417615,3.577297673784262
frame_002,frame_017,2,17,40,15,False,False,257,Great Pyrenees,0.851368864348093,0.160909796202644,0.8933161497116089,0.10668385028839111,0.114286072762428,3.6566144064123765
frame_002,frame_018,2,18,40,16,False,False,257,Great Pyrenees,0.8606567042080936,0.15005957159172167,0.8906577825546265,0.10934221744537354,0.11809112912684779,3.613403970847098
frame_002,frame_019,2,19,40,17,False,False,257,Great Pyrenees,0.8768587958781747,0.1314093076938203,0.9119244813919067,0.08807551860809326,0.12541336070112302,3.635379354871703
frame_002,frame_000,2,0,50,-2,False,True,260,"chow, chow chow",0.4887891653407909,0.7158240372034963,0.6971958875656128,0.3028041124343872,0.07408887066649969,4.379035994742999
frame_002,frame_001,2,1,50,-1,False,False,207,golden retriever,0.60078307035927,0.509521357425788,0.7737942337989807,0.2262057662010193,0.07683319346773622,4.411450998876062
frame_002,frame_003,2,3,50,1,True,False,257,Great Pyrenees,0.756923242543883,0.2784934275894231,0.8691393136978149,0.13086068630218506,0.06751903310367773,4.489211204309289
frame_002,frame_004,2,4,50,2,False,False,257,Great Pyrenees,0.5212699545401018,0.6514872245105439,0.8266363143920898,0.17336368560791016,0.07240625539401789,4.537251484907889
frame_002,frame_005,2,5,50,3,False,False,257,Great Pyrenees,0.4272755650418718,0.8503261225170533,0.7642596364021301,0.23574036359786987,0.09407470439634491,4.419217429577451
frame_002,frame_006,2,6,50,4,False,False,207,golden retriever,0.49764968304704726,0.6978588971895996,0.785883903503418,0.21411609649658203,0.07352815439086242,4.374828293273785
frame_002,frame_007,2,7,50,5,False,False,183,Kerry blue terrier,0.45322499103541763,0.791366607845946,0.7945763468742371,0.20542365312576294,0.0966750469085242,4.298149234215655
frame_002,frame_008,2,8,50,6,False,False,183,Kerry blue terrier,0.42237386015174677,0.8618644326154339,0.8019486665725708,0.1980513334274292,0.08457483463832419,4.289928483471476
frame_002,frame_009,2,9,50,7,False,False,257,Great Pyrenees,0.7246616599548742,0.3220504089788734,0.8554344177246094,0.14456558227539062,0.0839211336733916,4.335326807017897
frame_002,frame_010,2,10,50,8,False,False,208,Labrador retriever,0.439565768716652,0.8219679286460235,0.8324369192123413,0.1675630807876587,0.06936354179234779,4.434413734830498
frame_002,frame_011,2,11,50,9,False,False,183,Kerry blue terrier,0.4683405418808912,0.7585595940843612,0.769321084022522,0.23067891597747803,0.06846276813840423,4.3450815026605625
frame_002,frame_012,2,12,50,10,False,False,208,Labrador retriever,0.3573776392637318,1.028962243228822,0.7920284271240234,0.20797157287597656,0.09435656776817866,4.222286026048488
frame_002,frame_013,2,13,50,11,False,False,257,Great Pyrenees,0.2568864634371893,1.3591210682078998,0.7244597673416138,0.27554023265838623,0.07615602973178905,4.204677937188178
frame_002,frame_014,2,14,50,12,False,False,208,Labrador retriever,0.2901903842610741,1.237218073949822,0.7209131717681885,0.2790868282318115,0.07052952800545839,4.216994598948938
frame_002,frame_015,2,15,50,13,False,False,208,Labrador retriever,0.6804906334695014,0.3849412211741732,0.8246314525604248,0.1753685474395752,0.08555224442584566,4.107471630637645
frame_002,frame_016,2,16,50,14,False,False,208,Labrador retriever,0.45971439548136483,0.7771498617127595,0.7959526777267456,0.2040473222732544,0.10662764430655249,4.025913429275323
frame_002,frame_017,2,17,50,15,False,False,257,Great Pyrenees,0.5607345310913614,0.5785076920677863,0.8089607954025269,0.19103920459747314,0.14975407761360993,3.928822012312015
frame_002,frame_018,2,18,50,16,False,False,257,Great Pyrenees,0.7058211498789051,0.348393402365472,0.8147375583648682,0.18526244163513184,0.1177694200499936,3.86858010805154
frame_002,frame_019,2,19,50,17,False,False,257,Great Pyrenees,0.6741367777016725,0.3943222543827263,0.8279751539230347,0.17202484607696533,0.1086694564923395,3.910403308521203
frame_003,frame_000,3,0,5,-3,True,False,169,"borzoi, Russian wolfhound",0.6115685406088106,0.4917282441036832,0.7375880479812622,0.2624119520187378,0.039469104576386485,5.0705510062741945
frame_003,frame_001,3,1,5,-2,False,False,169,"borzoi, Russian wolfhound",0.3932010288056577,0.9334342742179969,0.6267056465148926,0.3732943534851074,0.03353838178554223,5.052309020293061
frame_003,frame_002,3,2,5,-1,False,False,177,"Scottish deerhound, deerhound",0.1632268260662232,1.8126144745545076,0.5599155426025391,0.44008445739746094,0.035326190413961504,5.048711094723432
frame_003,frame_004,3,4,5,1,False,False,257,Great Pyrenees,0.24090600468153855,1.4233484436381758,0.6492164134979248,0.3507835865020752,0.03360707662097171,5.071561443824752
frame_003,frame_005,3,5,5,2,False,False,212,English setter,0.19869307202467487,1.6159939965411505,0.6073672771453857,0.39263272285461426,0.040167681277806705,5.0376104335786245
frame_003,frame_006,3,6,5,3,False,False,169,"borzoi, Russian wolfhound",0.2838588067701249,1.2592783237056953,0.5903276205062866,0.4096723794937134,0.03535757931336435,5.041591601838517
frame_003,frame_007,3,7,5,4,False,False,169,"borzoi, Russian wolfhound",0.2175683868380571,1.5252420556297723,0.5731228590011597,0.42687714099884033,0.04573106738795348,5.023558400483994
frame_003,frame_008,3,8,5,5,False,False,169,"borzoi, Russian wolfhound",0.1329521259984176,2.017766170458814,0.5363149046897888,0.4636850953102112,0.04513544204757112,5.024713897068832
frame_003,frame_009,3,9,5,6,False,False,169,"borzoi, Russian wolfhound",0.1502457135351534,1.895483234857947,0.5564311742782593,0.4435688257217407,0.04388602789459244,5.043346687285442
frame_003,frame_010,3,10,5,7,False,False,169,"borzoi, Russian wolfhound",0.16377588037927437,1.8092563688373575,0.5422914624214172,0.45770853757858276,0.03525242657911756,5.0585426984083295
frame_003,frame_011,3,11,5,8,False,False,169,"borzoi, Russian wolfhound",0.18157100207442256,1.70610850577211,0.5418499708175659,0.4581500291824341,0.04074024020653161,5.0132803183136385
frame_003,frame_012,3,12,5,9,False,True,169,"borzoi, Russian wolfhound",0.10418466004452867,2.261590376963534,0.5231491923332214,0.47685080766677856,0.05166790557214546,4.965740515698721
frame_003,frame_013,3,13,5,10,False,False,218,Welsh springer spaniel,0.15312139222258203,1.8765242589560929,0.5678007006645203,0.43219929933547974,0.045238513434655125,4.910717556722063
frame_003,frame_014,3,14,5,11,False,False,218,Welsh springer spaniel,0.18901033084231422,1.6659536048749826,0.5265508890151978,0.47344911098480225,0.03734580355455046,4.967649502613438
frame_003,frame_015,3,15,5,12,False,False,218,Welsh springer spaniel,0.21991612438885827,1.5145090581030103,0.5472234487533569,0.45277655124664307,0.046217739946671534,4.894766178792928
frame_003,frame_016,3,16,5,13,False,False,218,Welsh springer spaniel,0.20372377313107704,1.5909902559754716,0.5791889429092407,0.4208110570907593,0.048122607359384555,4.8932269859619115
frame_003,frame_017,3,17,5,14,False,False,257,Great Pyrenees,0.19242842300272206,1.6480310229569648,0.5766458511352539,0.4233541488647461,0.05004543923389171,4.884370150926692
frame_003,frame_018,3,18,5,15,False,False,257,Great Pyrenees,0.14191244747687104,1.9525449786008036,0.545135498046875,0.454864501953125,0.05017238826340291,4.852688877886429
frame_003,frame_019,3,19,5,16,False,False,257,Great Pyrenees,0.14472176155036723,1.932942265841156,0.5391099452972412,0.4608900547027588,0.04776767725101577,4.819921870622162
frame_003,frame_000,3,0,10,-3,False,False,257,Great Pyrenees,0.2546626207993999,1.3678156655232758,0.6936905384063721,0.30630946159362793,0.18377257991329088,3.8698581618867878
frame_003,frame_001,3,1,10,-2,False,False,207,golden retriever,0.31967845687774427,1.1404396106177321,0.7166632413864136,0.2833367586135864,0.15300491513522788,4.013962518388613
frame_003,frame_002,3,2,10,-1,False,False,257,Great Pyrenees,0.4925780656185391,0.7081023220610669,0.7123459577560425,0.2876540422439575,0.21684320084693706,3.932040866765992
frame_003,frame_004,3,4,10,1,False,False,257,Great Pyrenees,0.6443555053200042,0.4395046782941625,0.8315024375915527,0.16849756240844727,0.14511478257258772,4.129498142179031
frame_003,frame_005,3,5,10,2,False,False,257,Great Pyrenees,0.5857376315894429,0.5348833173281484,0.799091100692749,0.20090889930725098,0.15807862399633504,3.9524922592514042
frame_003,frame_006,3,6,10,3,False,False,207,golden retriever,0.3574765469716651,1.0286855218764988,0.6725602149963379,0.3274397850036621,0.1510082958289826,3.9532537106133483
frame_003,frame_007,3,7,10,4,False,False,212,English setter,0.4476309563390086,0.8037861442142136,0.7037171125411987,0.29628288745880127,0.18823879771924087,3.9054648135251653
frame_003,frame_008,3,8,10,5,False,False,207,golden retriever,0.282741997980702,1.2632204650735517,0.7126432061195374,0.28735679388046265,0.15060315942534117,3.9468268573525354
frame_003,frame_009,3,9,10,6,True,False,257,Great Pyrenees,0.833862004320899,0.18168735275877612,0.8775823712348938,0.1224176287651062,0.13006037633073317,3.9641790789296953
frame_003,frame_010,3,10,10,7,False,False,257,Great Pyrenees,0.37493270161467807,0.981008731477881,0.7577892541885376,0.2422107458114624,0.16103939360620714,4.040363671155998
frame_003,frame_011,3,11,10,8,False,False,216,"clumber, clumber spaniel",0.3568493741785895,1.0304415073046131,0.7228566408157349,0.27714335918426514,0.19844239584405585,3.9374233385997233
frame_003,frame_012,3,12,10,9,False,False,257,Great Pyrenees,0.5802142791453272,0.5443577968680495,0.7855324745178223,0.21446752548217773,0.18782129950412563,3.9071890498906052
frame_003,frame_013,3,13,10,10,False,False,805,soccer ball,0.44594434261212684,0.8075611270987775,0.7558249831199646,0.2441750168800354,0.19537128883992375,3.802891298538939
frame_003,frame_014,3,14,10,11,False,True,805,soccer ball,0.3274777029492822,1.1163353088221672,0.6696541905403137,0.3303458094596863,0.18726111592501926,3.869897540473383
frame_003,frame_015,3,15,10,12,False,False,208,Labrador retriever,0.30328463519483834,1.193083524341528,0.716722846031189,0.28327715396881104,0.2194706077621399,3.7955609686723517
frame_003,frame_016,3,16,10,13,False,False,257,Great Pyrenees,0.3654644648315873,1.0065862279617988,0.7467275857925415,0.2532724142074585,0.18252907169975596,3.7230325975418124
frame_003,frame_017,3,17,10,14,False,False,257,Great Pyrenees,0.6025458355795575,0.5065915408602146,0.7648334503173828,0.2351665496826172,0.1533769381601845,3.7577983049659522
frame_003,frame_018,3,18,10,15,False,False,257,Great Pyrenees,0.4784621950721559,0.7371780783740869,0.7312236428260803,0.2687763571739197,0.14836744169370175,3.7218077478175866
frame_003,frame_019,3,19,10,16,False,False,257,Great Pyrenees,0.5349134651409343,0.6256502925687748,0.7756368517875671,0.22436314821243286,0.14684350807858368,3.7657033995482805
frame_003,frame_000,3,0,20,-3,False,True,208,Labrador retriever,0.2756047138891953,1.2887876358916817,0.6733367443084717,0.3266632556915283,0.10205673197022051,4.872141896298293
frame_003,frame_001,3,1,20,-2,False,False,207,golden retriever,0.6269344745899198,0.46691325004654605,0.7733272910118103,0.2266727089881897,0.07788465880686735,4.9881044883216346
frame_003,frame_002,3,2,20,-1,False,False,257,Great Pyrenees,0.48016150082089226,0.7336327716266622,0.7204862833023071,0.27951371669769287,0.10390927198561799,4.858506448219903
frame_003,frame_004,3,4,20,1,False,False,257,Great Pyrenees,0.6725940078594307,0.3966133886371055,0.8085065484046936,0.1914934515953064,0.06936737086454506,4.914936698649703
frame_003,frame_005,3,5,20,2,False,False,257,Great Pyrenees,0.5753610725318792,0.5527574830349327,0.8153570294380188,0.1846429705619812,0.09550428362316651,4.858498800403361
frame_003,frame_006,3,6,20,3,False,False,207,golden retriever,0.6568563550646334,0.42028992205118154,0.7971441745758057,0.20285582542419434,0.09333960804012778,4.8893597972741585
frame_003,frame_007,3,7,20,4,False,False,207,golden retriever,0.565175165439415,0.5706195685578388,0.7594629526138306,0.24053704738616943,0.12400709754609827,4.87452507879806
frame_003,frame_008,3,8,20,5,False,False,207,golden retriever,0.4698758409178827,0.7552867874364377,0.7976190447807312,0.2023809552192688,0.0890241417101909,4.999228708397639
frame_003,frame_009,3,9,20,6,True,False,257,Great Pyrenees,0.8275922030979578,0.1892347542547439,0.8939704895019531,0.10602951049804688,0.05830138065624477,4.99959046812785
frame_003,frame_010,3,10,20,7,False,False,208,Labrador retriever,0.6053889805123853,0.5018840845549155,0.8391026258468628,0.1608973741531372,0.06476158729198943,5.07241166607345
frame_003,frame_011,3,11,20,8,False,False,257,Great Pyrenees,0.33812064812803366,1.0843525000652274,0.7581788897514343,0.24182111024856567,0.09608679994378182,5.042020172385218
frame_003,frame_012,3,12,20,9,False,False,257,Great Pyrenees,0.56942107039917,0.5631351002580995,0.8410329818725586,0.1589670181274414,0.10459233407227982,4.946032614209131
frame_003,frame_013,3,13,20,10,False,False,257,Great Pyrenees,0.6425516620310224,0.44230805761491343,0.8266788721084595,0.17332112789154053,0.10308146352721025,4.858414910433725
frame_003,frame_014,3,14,20,11,False,False,208,Labrador retriever,0.48233097051508467,0.7291247397555343,0.7459839582443237,0.25401604175567627,0.10794365293037896,4.816512225368592
frame_003,frame_015,3,15,20,12,False,False,208,Labrador retriever,0.5488745961156325,0.5998852859408679,0.8112672567367554,0.18873274326324463,0.14750653434920033,4.656822419228366
frame_003,frame_016,3,16,20,13,False,False,257,Great Pyrenees,0.5816884342745098,0.5418203108924287,0.8208893537521362,0.17911064624786377,0.13219001730674612,4.63585767474509
frame_003,frame_017,3,17,20,14,False,False,257,Great Pyrenees,0.5852915826542426,0.5356451240385991,0.8326475620269775,0.16735243797302246,0.09985825537442733,4.635769120653864
frame_003,frame_018,3,18,20,15,False,False,257,Great Pyrenees,0.5852464754165063,0.5357221949846442,0.8091772794723511,0.19082272052764893,0.09318350408734125,4.681744780441037
frame_003,frame_019,3,19,20,16,False,False,257,Great Pyrenees,0.7571305105548773,0.2782196354445077,0.8463385105133057,0.15366148948669434,0.09471060990558561,4.6998510261282345
frame_003,frame_000,3,0,30,-3,False,False,176,"Saluki, gazelle hound",0.501550824387603,0.6900503319741951,0.7351042032241821,0.26489579677581787,0.07083160300681034,5.22912798077726
frame_003,frame_001,3,1,30,-2,False,False,207,golden retriever,0.611745388140805,0.49143911548498576,0.7725761532783508,0.22742384672164917,0.047067510930190154,5.241402193205852
frame_003,frame_002,3,2,30,-1,False,False,257,Great Pyrenees,0.4245627989381888,0.8566953479220727,0.7271019220352173,0.2728980779647827,0.06876409804614284,5.166379479486916
frame_003,frame_004,3,4,30,1,False,False,257,Great Pyrenees,0.5298499607049093,0.6351614055239647,0.7708334922790527,0.22916650772094727,0.06144464380353074,5.421790978452902
frame_003,frame_005,3,5,30,2,False,False,257,Great Pyrenees,0.430425168335924,0.8429817952273293,0.7773072719573975,0.22269272804260254,0.042127329391171524,5.333852582344526
frame_003,frame_006,3,6,30,3,False,False,207,golden retriever,0.4282066233963238,0.8481494349491632,0.7648630142211914,0.2351369857788086,0.10196959168674248,5.009069335061102
frame_003,frame_007,3,7,30,4,False,False,176,"Saluki, gazelle hound",0.4201161797407303,0.8672239875262369,0.7692373991012573,0.23076260089874268,0.11227656854726766,4.981926597215908
frame_003,frame_008,3,8,30,5,False,False,207,golden retriever,0.32854590998641525,1.113078694395048,0.7558404207229614,0.24415957927703857,0.12869365540947642,4.954516305213362
frame_003,frame_009,3,9,30,6,True,False,257,Great Pyrenees,0.8795586709106761,0.1283350076370282,0.9126114845275879,0.08738851547241211,0.11870519776800056,5.0178792928643645
frame_003,frame_010,3,10,30,7,False,False,257,Great Pyrenees,0.481365369496637,0.7311286932863252,0.7926538586616516,0.2073461413383484,0.09682241783078893,5.146127465500631
frame_003,frame_011,3,11,30,8,False,False,257,Great Pyrenees,0.45358443302282536,0.7905738458902443,0.7490100264549255,0.25098997354507446,0.05219086695472918,5.136585267640381
frame_003,frame_012,3,12,30,9,False,False,257,Great Pyrenees,0.7630555318972675,0.2704244693536011,0.8594409227371216,0.14055907726287842,0.041972919950275425,5.153932886043955
frame_003,frame_013,3,13,30,10,False,False,257,Great Pyrenees,0.5402734658354477,0.6156798493964533,0.7701055407524109,0.2298944592475891,0.09365929518030099,5.172993632823542
frame_003,frame_014,3,14,30,11,False,True,208,Labrador retriever,0.3827225173428422,0.9604450501762205,0.7148579955101013,0.2851420044898987,0.0330720917595981,5.328127723621603
frame_003,frame_015,3,15,30,12,False,False,208,Labrador retriever,0.5451023916460052,0.6067816273852857,0.8051561117172241,0.19484388828277588,0.06020793693949733,5.302673091407215
frame_003,frame_016,3,16,30,13,False,False,257,Great Pyrenees,0.6462728686310764,0.43653346712241703,0.8237565159797668,0.17624348402023315,0.04090726337601032,5.267012809453552
frame_003,frame_017,3,17,30,14,False,False,257,Great Pyrenees,0.7586465267213378,0.2762193192572626,0.8754222393035889,0.12457776069641113,0.04804757215549922,5.214023712894301
frame_003,frame_018,3,18,30,15,False,False,257,Great Pyrenees,0.802040288339373,0.2205964375402263,0.8716338872909546,0.1283661127090454,0.06360246088934297,5.236481865201508
frame_003,frame_019,3,19,30,16,False,False,257,Great Pyrenees,0.8847758970805101,0.12242088967856812,0.9116714000701904,0.08832859992980957,0.06140131872700663,5.237106990701009
frame_003,frame_000,3,0,40,-3,False,True,169,"borzoi, Russian wolfhound",0.16851653989832535,1.7807213743730839,0.6236065626144409,0.3763934373855591,0.11804846272333362,4.002930824366479
frame_003,frame_001,3,1,40,-2,False,False,207,golden retriever,0.5456745055774368,0.6057326246325667,0.7283872365951538,0.2716127634048462,0.10260301008448863,4.125132187542867
frame_003,frame_002,3,2,40,-1,False,False,257,Great Pyrenees,0.5882742425297152,0.5305620409535923,0.7399190664291382,0.2600809335708618,0.15202295377467037,4.121832767241228
frame_003,frame_004,3,4,40,1,False,False,805,soccer ball,0.49404319838071925,0.7051323195025869,0.844363272190094,0.155636727809906,0.1070310769006387,4.198514252299355
frame_003,frame_005,3,5,40,2,False,False,257,Great Pyrenees,0.5402001805634425,0.6158155033707295,0.7929902076721191,0.20700979232788086,0.11087278672915571,4.085233816077675
frame_003,frame_006,3,6,40,3,False,False,183,Kerry blue terrier,0.3044176669606797,1.1893546160431727,0.736291766166687,0.263708233833313,0.11242058979450995,4.088146960786976
frame_003,frame_007,3,7,40,4,False,False,183,Kerry blue terrier,0.43520825506513217,0.8319306151802013,0.7671858072280884,0.23281419277191162,0.13746525362960826,3.992012396504241
frame_003,frame_008,3,8,40,5,False,False,183,Kerry blue terrier,0.45423624271311164,0.7891378578813484,0.7921234369277954,0.2078765630722046,0.12849806284821588,3.945350448148444
frame_003,frame_009,3,9,40,6,True,False,257,Great Pyrenees,0.9153524081968699,0.08844614228578296,0.9358788728713989,0.06412112712860107,0.11201220027724987,3.9858979029255255
frame_003,frame_010,3,10,40,7,False,False,183,Kerry blue terrier,0.4774073263171666,0.7393852189086783,0.8268222212791443,0.1731777787208557,0.1495107371529192,3.9568475905082496
frame_003,frame_011,3,11,40,8,False,False,183,Kerry blue terrier,0.3867876755984836,0.9498793783757575,0.7861406207084656,0.21385937929153442,0.14331056240961454,3.8997446686465347
frame_003,frame_012,3,12,40,9,False,False,257,Great Pyrenees,0.6506202743560019,0.4298291028769343,0.8445645570755005,0.1554354429244995,0.1269094287350135,3.833188737562425
frame_003,frame_013,3,13,40,10,False,False,257,Great Pyrenees,0.3177475928016379,1.1464979447032277,0.7314237356185913,0.2685762643814087,0.14314815383810506,3.743001505064916
frame_003,frame_014,3,14,40,11,False,False,977,"sandbar, sand bar",0.2568924572036066,1.359097736124092,0.7001931667327881,0.2998068332672119,0.1310192800434465,3.8541860259186316
frame_003,frame_015,3,15,40,12,False,False,208,Labrador retriever,0.2983684209273559,1.209426244244143,0.7254570722579956,0.2745429277420044,0.14268719083937806,3.87717919333744
frame_003,frame_016,3,16,40,13,False,False,257,Great Pyrenees,0.5923327411303791,0.5236867392759841,0.7829477787017822,0.21705222129821777,0.11697579806546242,3.808435939665463
frame_003,frame_017,3,17,40,14,False,False,257,Great Pyrenees,0.851368864348093,0.160909796202644,0.8933161497116089,0.10668385028839111,0.10251333424783425,3.843204298030775
frame_003,frame_018,3,18,40,15,False,False,257,Great Pyrenees,0.8606567042080936,0.15005957159172167,0.8906577825546265,0.10934221744537354,0.10865921586921583,3.8156779975398947
frame_003,frame_019,3,19,40,16,False,False,257,Great Pyrenees,0.8768587958781747,0.1314093076938203,0.9119244813919067,0.08807551860809326,0.10784701961501857,3.8422362239870216
frame_003,frame_000,3,0,50,-3,False,False,260,"chow, chow chow",0.4887891653407909,0.7158240372034963,0.6971958875656128,0.3028041124343872,0.09073774309247494,4.43151292798357
frame_003,frame_001,3,1,50,-2,False,False,207,golden retriever,0.60078307035927,0.509521357425788,0.7737942337989807,0.2262057662010193,0.0923062900152042,4.453755057724356
frame_003,frame_002,3,2,50,-1,False,True,257,Great Pyrenees,0.26556797325677106,1.3258844512681054,0.6762762069702148,0.32372379302978516,0.09916562598720503,4.444188354105303
frame_003,frame_004,3,4,50,1,False,False,257,Great Pyrenees,0.5212699545401018,0.6514872245105439,0.8266363143920898,0.17336368560791016,0.08490376726181174,4.657608828675286
frame_003,frame_005,3,5,50,2,False,False,257,Great Pyrenees,0.4272755650418718,0.8503261225170533,0.7642596364021301,0.23574036359786987,0.1054270630506172,4.516026524884277
frame_003,frame_006,3,6,50,3,False,False,207,golden retriever,0.49764968304704726,0.6978588971895996,0.785883903503418,0.21411609649658203,0.08629032864195034,4.4724006028677925
frame_003,frame_007,3,7,50,4,False,False,183,Kerry blue terrier,0.45322499103541763,0.791366607845946,0.7945763468742371,0.20542365312576294,0.12083929994439516,4.421510874947039
frame_003,frame_008,3,8,50,5,False,False,183,Kerry blue terrier,0.42237386015174677,0.8618644326154339,0.8019486665725708,0.1980513334274292,0.10737886315628621,4.47131471993128
frame_003,frame_009,3,9,50,6,True,False,257,Great Pyrenees,0.7246616599548742,0.3220504089788734,0.8554344177246094,0.14456558227539062,0.08957826575344933,4.539157610369901
frame_003,frame_010,3,10,50,7,False,False,208,Labrador retriever,0.439565768716652,0.8219679286460235,0.8324369192123413,0.1675630807876587,0.07852653738998157,4.645808034120392
frame_003,frame_011,3,11,50,8,False,False,183,Kerry blue terrier,0.4683405418808912,0.7585595940843612,0.769321084022522,0.23067891597747803,0.08595725820932906,4.503683504292125
frame_003,frame_012,3,12,50,9,False,False,208,Labrador retriever,0.3573776392637318,1.028962243228822,0.7920284271240234,0.20797157287597656,0.11420851190810945,4.368554459781852
frame_003,frame_013,3,13,50,10,False,False,257,Great Pyrenees,0.2568864634371893,1.3591210682078998,0.7244597673416138,0.27554023265838623,0.09021469195025278,4.330191294811268
frame_003,frame_014,3,14,50,11,False,False,208,Labrador retriever,0.2901903842610741,1.237218073949822,0.7209131717681885,0.2790868282318115,0.08785312806100627,4.371268863246156
frame_003,frame_015,3,15,50,12,False,False,208,Labrador retriever,0.6804906334695014,0.3849412211741732,0.8246314525604248,0.1753685474395752,0.10896157310400419,4.217729207201006
frame_003,frame_016,3,16,50,13,False,False,208,Labrador retriever,0.45971439548136483,0.7771498617127595,0.7959526777267456,0.2040473222732544,0.11697370649339557,4.095597685267989
frame_003,frame_017,3,17,50,14,False,False,257,Great Pyrenees,0.5607345310913614,0.5785076920677863,0.8089607954025269,0.19103920459747314,0.15541111975732735,4.005346966484481
frame_003,frame_018,3,18,50,15,False,False,257,Great Pyrenees,0.7058211498789051,0.348393402365472,0.8147375583648682,0.18526244163513184,0.1309855135737237,3.9695221844561592
frame_003,frame_019,3,19,50,16,False,False,257,Great Pyrenees,0.6741367777016725,0.3943222543827263,0.8279751539230347,0.17202484607696533,0.0982729781967329,4.026197264960918
frame_004,frame_000,4,0,5,-4,True,False,169,"borzoi, Russian wolfhound",0.6115685406088106,0.4917282441036832,0.7375880479812622,0.2624119520187378,0.03775310119374118,5.053185756775559
frame_004,frame_001,4,1,5,-3,False,False,169,"borzoi, Russian wolfhound",0.3932010288056577,0.9334342742179969,0.6267056465148926,0.3732943534851074,0.03186419564367019,5.041972578677563
frame_004,frame_002,4,2,5,-2,False,False,177,"Scottish deerhound, deerhound",0.1632268260662232,1.8126144745545076,0.5599155426025391,0.44008445739746094,0.03481871731060439,5.038681096786911
frame_004,frame_003,4,3,5,-1,False,False,257,Great Pyrenees,0.35494741210677855,1.0357856353902637,0.6690335869789124,0.33096641302108765,0.041118610469897086,5.122625982118789
frame_004,frame_005,4,5,5,1,False,False,212,English setter,0.19869307202467487,1.6159939965411505,0.6073672771453857,0.39263272285461426,0.03933198277699831,5.018689420743852
frame_004,frame_006,4,6,5,2,False,False,169,"borzoi, Russian wolfhound",0.2838588067701249,1.2592783237056953,0.5903276205062866,0.4096723794937134,0.03418777539907249,5.027250183891077
frame_004,frame_007,4,7,5,3,False,False,169,"borzoi, Russian wolfhound",0.2175683868380571,1.5252420556297723,0.5731228590011597,0.42687714099884033,0.04460087898515638,5.011017472156464
frame_004,frame_008,4,8,5,4,False,False,169,"borzoi, Russian wolfhound",0.1329521259984176,2.017766170458814,0.5363149046897888,0.4636850953102112,0.04437196906743328,5.010065179962572
frame_004,frame_009,4,9,5,5,False,False,169,"borzoi, Russian wolfhound",0.1502457135351534,1.895483234857947,0.5564311742782593,0.4435688257217407,0.04411695886841973,5.023196512072261
frame_004,frame_010,4,10,5,6,False,False,169,"borzoi, Russian wolfhound",0.16377588037927437,1.8092563688373575,0.5422914624214172,0.45770853757858276,0.03557587079297993,5.036365384570208
frame_004,frame_011,4,11,5,7,False,False,169,"borzoi, Russian wolfhound",0.18157100207442256,1.70610850577211,0.5418499708175659,0.4581500291824341,0.039249587934302776,4.996084719204248
frame_004,frame_012,4,12,5,8,False,True,169,"borzoi, Russian wolfhound",0.10418466004452867,2.261590376963534,0.5231491923332214,0.47685080766677856,0.05023495129015502,4.949765865287727
frame_004,frame_013,4,13,5,9,False,False,218,Welsh springer spaniel,0.15312139222258203,1.8765242589560929,0.5678007006645203,0.43219929933547974,0.04386565374670728,4.895572379165403
frame_004,frame_014,4,14,5,10,False,False,218,Welsh springer spaniel,0.18901033084231422,1.6659536048749826,0.5265508890151978,0.47344911098480225,0.03670608578505669,4.950805097818879
frame_004,frame_015,4,15,5,11,False,False,218,Welsh springer spaniel,0.21991612438885827,1.5145090581030103,0.5472234487533569,0.45277655124664307,0.04504172876682067,4.880531940672848
frame_004,frame_016,4,16,5,12,False,False,218,Welsh springer spaniel,0.20372377313107704,1.5909902559754716,0.5791889429092407,0.4208110570907593,0.046982204810634046,4.87995535629976
frame_004,frame_017,4,17,5,13,False,False,257,Great Pyrenees,0.19242842300272206,1.6480310229569648,0.5766458511352539,0.4233541488647461,0.048823963059081855,4.871734336096627
frame_004,frame_018,4,18,5,14,False,False,257,Great Pyrenees,0.14191244747687104,1.9525449786008036,0.545135498046875,0.454864501953125,0.048843955073408385,4.840598064479012
frame_004,frame_019,4,19,5,15,False,False,257,Great Pyrenees,0.14472176155036723,1.932942265841156,0.5391099452972412,0.4608900547027588,0.047019043293014456,4.810285581603518
frame_004,frame_000,4,0,10,-4,False,False,257,Great Pyrenees,0.2546626207993999,1.3678156655232758,0.6936905384063721,0.30630946159362793,0.1843237551305254,3.8624286443509694
frame_004,frame_001,4,1,10,-3,False,False,207,golden retriever,0.31967845687774427,1.1404396106177321,0.7166632413864136,0.2833367586135864,0.15012358375138563,4.017265608376034
frame_004,frame_002,4,2,10,-2,False,False,257,Great Pyrenees,0.4925780656185391,0.7081023220610669,0.7123459577560425,0.2876540422439575,0.21427709780979765,3.9406563790032374
frame_004,frame_003,4,3,10,-1,True,False,257,Great Pyrenees,0.7855735920326745,0.24134113753656994,0.8822641372680664,0.1177358627319336,0.17724292468465316,3.9662112829103284
frame_004,frame_005,4,5,10,1,False,False,257,Great Pyrenees,0.5857376315894429,0.5348833173281484,0.799091100692749,0.20090889930725098,0.1625019904602327,3.933488886905634
frame_004,frame_006,4,6,10,2,False,False,207,golden retriever,0.3574765469716651,1.0286855218764988,0.6725602149963379,0.3274397850036621,0.15086130994309935,3.9463624373595554
frame_004,frame_007,4,7,10,3,False,False,212,English setter,0.4476309563390086,0.8037861442142136,0.7037171125411987,0.29628288745880127,0.19127690622102214,3.8911428046140855
frame_004,frame_008,4,8,10,4,False,False,207,golden retriever,0.282741997980702,1.2632204650735517,0.7126432061195374,0.28735679388046265,0.1535176808877905,3.9290932104938125
frame_004,frame_009,4,9,10,5,False,False,257,Great Pyrenees,0.833862004320899,0.18168735275877612,0.8775823712348938,0.1224176287651062,0.13284709656529203,3.9346257835488587
frame_004,frame_010,4,10,10,6,False,False,257,Great Pyrenees,0.37493270161467807,0.981008731477881,0.7577892541885376,0.2422107458114624,0.16103122744447712,4.006780709729095
frame_004,frame_011,4,11,10,7,False,False,216,"clumber, clumber spaniel",0.3568493741785895,1.0304415073046131,0.7228566408157349,0.27714335918426514,0.19728937754299244,3.906994977788598
frame_004,frame_012,4,12,10,8,False,False,257,Great Pyrenees,0.5802142791453272,0.5443577968680495,0.7855324745178223,0.21446752548217773,0.19040181999831285,3.8713479244980795
frame_004,frame_013,4,13,10,9,False,False,805,soccer ball,0.44594434261212684,0.8075611270987775,0.7558249831199646,0.2441750168800354,0.19612622248748354,3.7803639033330114
frame_004,frame_014,4,14,10,10,False,True,805,soccer ball,0.3274777029492822,1.1163353088221672,0.6696541905403137,0.3303458094596863,0.18724547816871978,3.851883990656603
frame_004,frame_015,4,15,10,11,False,False,208,Labrador retriever,0.30328463519483834,1.193083524341528,0.716722846031189,0.28327715396881104,0.21967117805110972,3.777273865723178
frame_004,frame_016,4,16,10,12,False,False,257,Great Pyrenees,0.3654644648315873,1.0065862279617988,0.7467275857925415,0.2532724142074585,0.1846950917730829,3.696429795998644
frame_004,frame_017,4,17,10,13,False,False,257,Great Pyrenees,0.6025458355795575,0.5065915408602146,0.7648334503173828,0.2351665496826172,0.1574618271206317,3.728849813332577
frame_004,frame_018,4,18,10,14,False,False,257,Great Pyrenees,0.4784621950721559,0.7371780783740869,0.7312236428260803,0.2687763571739197,0.1541263021239786,3.6923221894587934
frame_004,frame_019,4,19,10,15,False,False,257,Great Pyrenees,0.5349134651409343,0.6256502925687748,0.7756368517875671,0.22436314821243286,0.1524204593650536,3.728291177414044
frame_004,frame_000,4,0,20,-4,False,True,208,Labrador retriever,0.2756047138891953,1.2887876358916817,0.6733367443084717,0.3266632556915283,0.1156911608403909,4.774076248115191
frame_004,frame_001,4,1,20,-3,False,False,207,golden retriever,0.6269344745899198,0.46691325004654605,0.7733272910118103,0.2266727089881897,0.08845797183760237,4.904196745613367
frame_004,frame_002,4,2,20,-2,False,False,257,Great Pyrenees,0.48016150082089226,0.7336327716266622,0.7204862833023071,0.27951371669769287,0.11724914348761514,4.786796440703251
frame_004,frame_003,4,3,20,-1,True,False,257,Great Pyrenees,0.8710683654937171,0.138034814401935,0.9086406826972961,0.09135931730270386,0.08674380104389996,4.875304155587762
frame_004,frame_005,4,5,20,1,False,False,257,Great Pyrenees,0.5753610725318792,0.5527574830349327,0.8153570294380188,0.1846429705619812,0.10638371816560241,4.783900233604795
frame_004,frame_006,4,6,20,2,False,False,207,golden retriever,0.6568563550646334,0.42028992205118154,0.7971441745758057,0.20285582542419434,0.10289622206792488,4.813935150569206
frame_004,frame_007,4,7,20,3,False,False,207,golden retriever,0.565175165439415,0.5706195685578388,0.7594629526138306,0.24053704738616943,0.13802908222855154,4.802328904206773
frame_004,frame_008,4,8,20,4,False,False,207,golden retriever,0.4698758409178827,0.7552867874364377,0.7976190447807312,0.2023809552192688,0.10255325590677691,4.908885707984471
frame_004,frame_009,4,9,20,5,False,False,257,Great Pyrenees,0.8275922030979578,0.1892347542547439,0.8939704895019531,0.10602951049804688,0.06816106960955985,4.89901929032899
frame_004,frame_010,4,10,20,6,False,False,208,Labrador retriever,0.6053889805123853,0.5018840845549155,0.8391026258468628,0.1608973741531372,0.0775454869531157,4.963879287337033
frame_004,frame_011,4,11,20,7,False,False,257,Great Pyrenees,0.33812064812803366,1.0843525000652274,0.7581788897514343,0.24182111024856567,0.1114293425239019,4.932681051521508
frame_004,frame_012,4,12,20,8,False,False,257,Great Pyrenees,0.56942107039917,0.5631351002580995,0.8410329818725586,0.1589670181274414,0.12119603888080623,4.829942982674477
frame_004,frame_013,4,13,20,9,False,False,257,Great Pyrenees,0.6425516620310224,0.44230805761491343,0.8266788721084595,0.17332112789154053,0.11716634117951902,4.759167077967643
frame_004,frame_014,4,14,20,10,False,False,208,Labrador retriever,0.48233097051508467,0.7291247397555343,0.7459839582443237,0.25401604175567627,0.11888325131790302,4.7419095192869865
frame_004,frame_015,4,15,20,11,False,False,208,Labrador retriever,0.5488745961156325,0.5998852859408679,0.8112672567367554,0.18873274326324463,0.16046733080793527,4.577676800462702
frame_004,frame_016,4,16,20,12,False,False,257,Great Pyrenees,0.5816884342745098,0.5418203108924287,0.8208893537521362,0.17911064624786377,0.14563179063517617,4.543682404156705
frame_004,frame_017,4,17,20,13,False,False,257,Great Pyrenees,0.5852915826542426,0.5356451240385991,0.8326475620269775,0.16735243797302246,0.11195435961196196,4.5326987087470485
frame_004,frame_018,4,18,20,14,False,False,257,Great Pyrenees,0.5852464754165063,0.5357221949846442,0.8091772794723511,0.19082272052764893,0.1059187880590108,4.582062904372455
frame_004,frame_019,4,19,20,15,False,False,257,Great Pyrenees,0.7571305105548773,0.2782196354445077,0.8463385105133057,0.15366148948669434,0.1081857728556461,4.6008410924082375
frame_004,frame_000,4,0,30,-4,False,False,176,"Saluki, gazelle hound",0.501550824387603,0.6900503319741951,0.7351042032241821,0.26489579677581787,0.06962451555485079,5.305473738586381
frame_004,frame_001,4,1,30,-3,False,False,207,golden retriever,0.611745388140805,0.49143911548498576,0.7725761532783508,0.22742384672164917,0.047432683844489745,5.312227284648692
frame_004,frame_002,4,2,30,-2,False,False,257,Great Pyrenees,0.4245627989381888,0.8566953479220727,0.7271019220352173,0.2728980779647827,0.06756792870568756,5.223164688398822
frame_004,frame_003,4,3,30,-1,False,False,257,Great Pyrenees,0.7452845309179328,0.2939892128205104,0.8481242656707764,0.15187573432922363,0.027701869947201023,5.50454794059267
frame_004,frame_005,4,5,30,1,False,False,257,Great Pyrenees,0.430425168335924,0.8429817952273293,0.7773072719573975,0.22269272804260254,0.041654274037328964,5.39022321765081
frame_004,frame_006,4,6,30,2,False,False,207,golden retriever,0.4282066233963238,0.8481494349491632,0.7648630142211914,0.2351369857788086,0.09904819601799542,5.078547354322711
frame_004,frame_007,4,7,30,3,False,False,176,"Saluki, gazelle hound",0.4201161797407303,0.8672239875262369,0.7692373991012573,0.23076260089874268,0.11283211412918989,5.047437290540446
frame_004,frame_008,4,8,30,4,False,False,207,golden retriever,0.32854590998641525,1.113078694395048,0.7558404207229614,0.24415957927703857,0.13177452993025385,5.013871237046381
frame_004,frame_009,4,9,30,5,True,False,257,Great Pyrenees,0.8795586709106761,0.1283350076370282,0.9126114845275879,0.08738851547241211,0.12021809593661403,5.086182613398776
frame_004,frame_010,4,10,30,6,False,False,257,Great Pyrenees,0.481365369496637,0.7311286932863252,0.7926538586616516,0.2073461413383484,0.09705916721463853,5.2112217342034395
frame_004,frame_011,4,11,30,7,False,False,257,Great Pyrenees,0.45358443302282536,0.7905738458902443,0.7490100264549255,0.25098997354507446,0.05332720983428969,5.206130402049022
frame_004,frame_012,4,12,30,8,False,False,257,Great Pyrenees,0.7630555318972675,0.2704244693536011,0.8594409227371216,0.14055907726287842,0.04359524311483661,5.2215110399401246
frame_004,frame_013,4,13,30,9,False,False,257,Great Pyrenees,0.5402734658354477,0.6156798493964533,0.7701055407524109,0.2298944592475891,0.09533075986003739,5.211136098576176
frame_004,frame_014,4,14,30,10,False,True,208,Labrador retriever,0.3827225173428422,0.9604450501762205,0.7148579955101013,0.2851420044898987,0.03070623833335968,5.38676858382066
frame_004,frame_015,4,15,30,11,False,False,208,Labrador retriever,0.5451023916460052,0.6067816273852857,0.8051561117172241,0.19484388828277588,0.05243744274058886,5.373236512055072
frame_004,frame_016,4,16,30,12,False,False,257,Great Pyrenees,0.6462728686310764,0.43653346712241703,0.8237565159797668,0.17624348402023315,0.03395205742583155,5.339231483419281
frame_004,frame_017,4,17,30,13,False,False,257,Great Pyrenees,0.7586465267213378,0.2762193192572626,0.8754222393035889,0.12457776069641113,0.049354568368365735,5.280206473609743
frame_004,frame_018,4,18,30,14,False,False,257,Great Pyrenees,0.802040288339373,0.2205964375402263,0.8716338872909546,0.1283661127090454,0.06222371148517933,5.300211538821669
frame_004,frame_019,4,19,30,15,False,False,257,Great Pyrenees,0.8847758970805101,0.12242088967856812,0.9116714000701904,0.08832859992980957,0.059536868416171874,5.300845021276765
frame_004,frame_000,4,0,40,-4,False,True,169,"borzoi, Russian wolfhound",0.16851653989832535,1.7807213743730839,0.6236065626144409,0.3763934373855591,0.11937952037597843,3.9688588646917493
frame_004,frame_001,4,1,40,-3,False,False,207,golden retriever,0.5456745055774368,0.6057326246325667,0.7283872365951538,0.2716127634048462,0.10229791067157086,4.099219897615353
frame_004,frame_002,4,2,40,-2,False,False,257,Great Pyrenees,0.5882742425297152,0.5305620409535923,0.7399190664291382,0.2600809335708618,0.15211418202883878,4.094298965655074
frame_004,frame_003,4,3,40,-1,False,False,257,Great Pyrenees,0.6894700768633759,0.3718319810032398,0.8738318681716919,0.1261681318283081,0.1424400625949359,4.055519958658865
frame_004,frame_005,4,5,40,1,False,False,257,Great Pyrenees,0.5402001805634425,0.6158155033707295,0.7929902076721191,0.20700979232788086,0.11582559175723166,4.055462617985874
frame_004,frame_006,4,6,40,2,False,False,183,Kerry blue terrier,0.3044176669606797,1.1893546160431727,0.736291766166687,0.263708233833313,0.1094569193435156,4.069345225373784
frame_004,frame_007,4,7,40,3,False,False,183,Kerry blue terrier,0.43520825506513217,0.8319306151802013,0.7671858072280884,0.23281419277191162,0.13599733014837767,3.954389169442076
frame_004,frame_008,4,8,40,4,False,False,183,Kerry blue terrier,0.45423624271311164,0.7891378578813484,0.7921234369277954,0.2078765630722046,0.13106775252355166,3.902786651809712
frame_004,frame_009,4,9,40,5,True,False,257,Great Pyrenees,0.9153524081968699,0.08844614228578296,0.9358788728713989,0.06412112712860107,0.11762163006404186,3.9386731047882915
frame_004,frame_010,4,10,40,6,False,False,183,Kerry blue terrier,0.4774073263171666,0.7393852189086783,0.8268222212791443,0.1731777787208557,0.15109529225707366,3.9101748227164705
frame_004,frame_011,4,11,40,7,False,False,183,Kerry blue terrier,0.3867876755984836,0.9498793783757575,0.7861406207084656,0.21385937929153442,0.1446532892044307,3.85242476186185
frame_004,frame_012,4,12,40,8,False,False,257,Great Pyrenees,0.6506202743560019,0.4298291028769343,0.8445645570755005,0.1554354429244995,0.13076044626563846,3.7825551155233166
frame_004,frame_013,4,13,40,9,False,False,257,Great Pyrenees,0.3177475928016379,1.1464979447032277,0.7314237356185913,0.2685762643814087,0.14902811833698107,3.67763667844107
frame_004,frame_014,4,14,40,10,False,False,977,"sandbar, sand bar",0.2568924572036066,1.359097736124092,0.7001931667327881,0.2998068332672119,0.13339944395061232,3.790513087662732
frame_004,frame_015,4,15,40,11,False,False,208,Labrador retriever,0.2983684209273559,1.209426244244143,0.7254570722579956,0.2745429277420044,0.14782717672271078,3.8158233847177008
frame_004,frame_016,4,16,40,12,False,False,257,Great Pyrenees,0.5923327411303791,0.5236867392759841,0.7829477787017822,0.21705222129821777,0.12197970415216842,3.749410842002466
frame_004,frame_017,4,17,40,13,False,False,257,Great Pyrenees,0.851368864348093,0.160909796202644,0.8933161497116089,0.10668385028839111,0.10916675279210657,3.791957927343628
frame_004,frame_018,4,18,40,14,False,False,257,Great Pyrenees,0.8606567042080936,0.15005957159172167,0.8906577825546265,0.10934221744537354,0.1163323157992652,3.7581166262633445
frame_004,frame_019,4,19,40,15,False,False,257,Great Pyrenees,0.8768587958781747,0.1314093076938203,0.9119244813919067,0.08807551860809326,0.11609844137748476,3.780848271042169
frame_004,frame_000,4,0,50,-4,False,False,260,"chow, chow chow",0.4887891653407909,0.7158240372034963,0.6971958875656128,0.3028041124343872,0.09999986906753754,4.26665528090862
frame_004,frame_001,4,1,50,-3,False,False,207,golden retriever,0.60078307035927,0.509521357425788,0.7737942337989807,0.2262057662010193,0.10206849087546445,4.298523370755851
frame_004,frame_002,4,2,50,-2,False,True,257,Great Pyrenees,0.26556797325677106,1.3258844512681054,0.6762762069702148,0.32372379302978516,0.11087021346813435,4.287160565036328
frame_004,frame_003,4,3,50,-1,True,False,257,Great Pyrenees,0.756923242543883,0.2784934275894231,0.8691393136978149,0.13086068630218506,0.08769889928674855,4.491836958732813
frame_004,frame_005,4,5,50,1,False,False,257,Great Pyrenees,0.4272755650418718,0.8503261225170533,0.7642596364021301,0.23574036359786987,0.09268940840739086,4.342381480072284
frame_004,frame_006,4,6,50,2,False,False,207,golden retriever,0.49764968304704726,0.6978588971895996,0.785883903503418,0.21411609649658203,0.08590552876299587,4.292568633013709
frame_004,frame_007,4,7,50,3,False,False,183,Kerry blue terrier,0.45322499103541763,0.791366607845946,0.7945763468742371,0.20542365312576294,0.1168237994814852,4.240928599383566
frame_004,frame_008,4,8,50,4,False,False,183,Kerry blue terrier,0.42237386015174677,0.8618644326154339,0.8019486665725708,0.1980513334274292,0.11028774012135445,4.286128179889182
frame_004,frame_009,4,9,50,5,False,False,257,Great Pyrenees,0.7246616599548742,0.3220504089788734,0.8554344177246094,0.14456558227539062,0.10808844367399979,4.315387109525083
frame_004,frame_010,4,10,50,6,False,False,208,Labrador retriever,0.439565768716652,0.8219679286460235,0.8324369192123413,0.1675630807876587,0.09600683434082714,4.402374068480505
frame_004,frame_011,4,11,50,7,False,False,183,Kerry blue terrier,0.4683405418808912,0.7585595940843612,0.769321084022522,0.23067891597747803,0.08961149380677177,4.269793804943719
frame_004,frame_012,4,12,50,8,False,False,208,Labrador retriever,0.3573776392637318,1.028962243228822,0.7920284271240234,0.20797157287597656,0.10873121956971091,4.131753575618722
frame_004,frame_013,4,13,50,9,False,False,257,Great Pyrenees,0.2568864634371893,1.3591210682078998,0.7244597673416138,0.27554023265838623,0.10476899053719287,4.092838137979947
frame_004,frame_014,4,14,50,10,False,False,208,Labrador retriever,0.2901903842610741,1.237218073949822,0.7209131717681885,0.2790868282318115,0.10570825488756207,4.133278857141409
frame_004,frame_015,4,15,50,11,False,False,208,Labrador retriever,0.6804906334695014,0.3849412211741732,0.8246314525604248,0.1753685474395752,0.10511614146562438,4.021849786706825
frame_004,frame_016,4,16,50,12,False,False,208,Labrador retriever,0.45971439548136483,0.7771498617127595,0.7959526777267456,0.2040473222732544,0.12726551245743295,3.8805281070954027
frame_004,frame_017,4,17,50,13,False,False,257,Great Pyrenees,0.5607345310913614,0.5785076920677863,0.8089607954025269,0.19103920459747314,0.17104977654129785,3.784149898232579
frame_004,frame_018,4,18,50,14,False,False,257,Great Pyrenees,0.7058211498789051,0.348393402365472,0.8147375583648682,0.18526244163513184,0.13939294388475282,3.762295741417778
frame_004,frame_019,4,19,50,15,False,False,257,Great Pyrenees,0.6741367777016725,0.3943222543827263,0.8279751539230347,0.17202484607696533,0.09636094988922572,3.841080017532379
frame_005,frame_000,5,0,5,-5,True,False,169,"borzoi, Russian wolfhound",0.6115685406088106,0.4917282441036832,0.7375880479812622,0.2624119520187378,0.03535528938554658,5.019630958605566
frame_005,frame_001,5,1,5,-4,False,False,169,"borzoi, Russian wolfhound",0.3932010288056577,0.9334342742179969,0.6267056465148926,0.3732943534851074,0.03053450480254757,5.007685321151953
frame_005,frame_002,5,2,5,-3,False,False,177,"Scottish deerhound, deerhound",0.1632268260662232,1.8126144745545076,0.5599155426025391,0.44008445739746094,0.03451556398317628,4.9950364080536485
frame_005,frame_003,5,3,5,-2,False,False,257,Great Pyrenees,0.35494741210677855,1.0357856353902637,0.6690335869789124,0.33096641302108765,0.03753479190414878,5.073008475872032
frame_005,frame_004,5,4,5,-1,False,False,257,Great Pyrenees,0.24090600468153855,1.4233484436381758,0.6492164134979248,0.3507835865020752,0.031901057713033226,5.007755869723821
frame_005,frame_006,5,6,5,1,False,False,169,"borzoi, Russian wolfhound",0.2838588067701249,1.2592783237056953,0.5903276205062866,0.4096723794937134,0.031968545217252,4.969873831551347
frame_005,frame_007,5,7,5,2,False,False,169,"borzoi, Russian wolfhound",0.2175683868380571,1.5252420556297723,0.5731228590011597,0.42687714099884033,0.04189534418575002,4.959692289319023
frame_005,frame_008,5,8,5,3,False,False,169,"borzoi, Russian wolfhound",0.1329521259984176,2.017766170458814,0.5363149046897888,0.4636850953102112,0.04254930751940853,4.958417546015916
frame_005,frame_009,5,9,5,4,False,False,169,"borzoi, Russian wolfhound",0.1502457135351534,1.895483234857947,0.5564311742782593,0.4435688257217407,0.044353447580696224,4.967349333243604
frame_005,frame_010,5,10,5,5,False,False,169,"borzoi, Russian wolfhound",0.16377588037927437,1.8092563688373575,0.5422914624214172,0.45770853757858276,0.035941094766708225,4.980414472463777
frame_005,frame_011,5,11,5,6,False,False,169,"borzoi, Russian wolfhound",0.18157100207442256,1.70610850577211,0.5418499708175659,0.4581500291824341,0.036333701915106535,4.940592326286278
frame_005,frame_012,5,12,5,7,False,True,169,"borzoi, Russian wolfhound",0.10418466004452867,2.261590376963534,0.5231491923332214,0.47685080766677856,0.046756437933402596,4.89862380083615
frame_005,frame_013,5,13,5,8,False,False,218,Welsh springer spaniel,0.15312139222258203,1.8765242589560929,0.5678007006645203,0.43219929933547974,0.04237919644184628,4.845091181691399
frame_005,frame_014,5,14,5,9,False,False,218,Welsh springer spaniel,0.18901033084231422,1.6659536048749826,0.5265508890151978,0.47344911098480225,0.03509812064175093,4.8986615336321355
frame_005,frame_015,5,15,5,10,False,False,218,Welsh springer spaniel,0.21991612438885827,1.5145090581030103,0.5472234487533569,0.45277655124664307,0.04188055251374909,4.8252041375787265
frame_005,frame_016,5,16,5,11,False,False,218,Welsh springer spaniel,0.20372377313107704,1.5909902559754716,0.5791889429092407,0.4208110570907593,0.04372787420257538,4.827392099913246
frame_005,frame_017,5,17,5,12,False,False,257,Great Pyrenees,0.19242842300272206,1.6480310229569648,0.5766458511352539,0.4233541488647461,0.044922608862332354,4.823311543787353
frame_005,frame_018,5,18,5,13,False,False,257,Great Pyrenees,0.14191244747687104,1.9525449786008036,0.545135498046875,0.454864501953125,0.04523324812668045,4.793517953240615
frame_005,frame_019,5,19,5,14,False,False,257,Great Pyrenees,0.14472176155036723,1.932942265841156,0.5391099452972412,0.4608900547027588,0.04346132758842908,4.766559735793466
frame_005,frame_000,5,0,10,-5,False,False,257,Great Pyrenees,0.2546626207993999,1.3678156655232758,0.6936905384063721,0.30630946159362793,0.1812181150227043,3.88692367641166
frame_005,frame_001,5,1,10,-4,False,False,207,golden retriever,0.31967845687774427,1.1404396106177321,0.7166632413864136,0.2833367586135864,0.14659651961966372,4.024208209585183
frame_005,frame_002,5,2,10,-3,False,False,257,Great Pyrenees,0.4925780656185391,0.7081023220610669,0.7123459577560425,0.2876540422439575,0.21101475864560598,3.9603394358000994
frame_005,frame_003,5,3,10,-2,True,False,257,Great Pyrenees,0.7855735920326745,0.24134113753656994,0.8822641372680664,0.1177358627319336,0.17453046260248667,3.979702436739013
frame_005,frame_004,5,4,10,-1,False,False,257,Great Pyrenees,0.6443555053200042,0.4395046782941625,0.8315024375915527,0.16849756240844727,0.13527837375453386,4.115420500212084
frame_005,frame_006,5,6,10,1,False,False,207,golden retriever,0.3574765469716651,1.0286855218764988,0.6725602149963379,0.3274397850036621,0.14923401275447312,3.939174892743891
frame_005,frame_007,5,7,10,2,False,False,212,English setter,0.4476309563390086,0.8037861442142136,0.7037171125411987,0.29628288745880127,0.1890342110337763,3.8855975451395546
frame_005,frame_008,5,8,10,3,False,False,207,golden retriever,0.282741997980702,1.2632204650735517,0.7126432061195374,0.28735679388046265,0.14858811875767264,3.9206599136598035
frame_005,frame_009,5,9,10,4,False,False,257,Great Pyrenees,0.833862004320899,0.18168735275877612,0.8775823712348938,0.1224176287651062,0.12728004207910587,3.9205300837054735
frame_005,frame_010,5,10,10,5,False,False,257,Great Pyrenees,0.37493270161467807,0.981008731477881,0.7577892541885376,0.2422107458114624,0.15894153879624892,3.9800844765806715
frame_005,frame_011,5,11,10,6,False,False,216,"clumber, clumber spaniel",0.3568493741785895,1.0304415073046131,0.7228566408157349,0.27714335918426514,0.19254821852375295,3.906096318874929
frame_005,frame_012,5,12,10,7,False,False,257,Great Pyrenees,0.5802142791453272,0.5443577968680495,0.7855324745178223,0.21446752548217773,0.19031235739053803,3.8708275184660055
frame_005,frame_013,5,13,10,8,False,False,805,soccer ball,0.44594434261212684,0.8075611270987775,0.7558249831199646,0.2441750168800354,0.19362030750989945,3.7899130038567375
frame_005,frame_014,5,14,10,9,False,True,805,soccer ball,0.3274777029492822,1.1163353088221672,0.6696541905403137,0.3303458094596863,0.1804239157717402,3.851873750611991
frame_005,frame_015,5,15,10,10,False,False,208,Labrador retriever,0.30328463519483834,1.193083524341528,0.716722846031189,0.28327715396881104,0.2147573370341095,3.7849249854946043
frame_005,frame_016,5,16,10,11,False,False,257,Great Pyrenees,0.3654644648315873,1.0065862279617988,0.7467275857925415,0.2532724142074585,0.18275772659167713,3.7177902215270535
frame_005,frame_017,5,17,10,12,False,False,257,Great Pyrenees,0.6025458355795575,0.5065915408602146,0.7648334503173828,0.2351665496826172,0.15846742256260837,3.7480617221424537
frame_005,frame_018,5,18,10,13,False,False,257,Great Pyrenees,0.4784621950721559,0.7371780783740869,0.7312236428260803,0.2687763571739197,0.15699686182309586,3.712051032398926
frame_005,frame_019,5,19,10,14,False,False,257,Great Pyrenees,0.5349134651409343,0.6256502925687748,0.7756368517875671,0.22436314821243286,0.15633875793875904,3.7429032780179465
frame_005,frame_000,5,0,20,-5,False,True,208,Labrador retriever,0.2756047138891953,1.2887876358916817,0.6733367443084717,0.3266632556915283,0.12013047115448663,4.772243740387023
frame_005,frame_001,5,1,20,-4,False,False,207,golden retriever,0.6269344745899198,0.46691325004654605,0.7733272910118103,0.2266727089881897,0.09147131520309679,4.876249565651761
frame_005,frame_002,5,2,20,-3,False,False,257,Great Pyrenees,0.48016150082089226,0.7336327716266622,0.7204862833023071,0.27951371669769287,0.11828460037717523,4.7773784214287165
frame_005,frame_003,5,3,20,-2,True,False,257,Great Pyrenees,0.8710683654937171,0.138034814401935,0.9086406826972961,0.09135931730270386,0.09109082827927341,4.866775126932193
frame_005,frame_004,5,4,20,-1,False,False,257,Great Pyrenees,0.6725940078594307,0.3966133886371055,0.8085065484046936,0.1914934515953064,0.0735036654255623,4.850341501317985
frame_005,frame_006,5,6,20,1,False,False,207,golden retriever,0.6568563550646334,0.42028992205118154,0.7971441745758057,0.20285582542419434,0.1093906837101372,4.77984544950088
frame_005,frame_007,5,7,20,2,False,False,207,golden retriever,0.565175165439415,0.5706195685578388,0.7594629526138306,0.24053704738616943,0.14419023720842378,4.770274364703357
frame_005,frame_008,5,8,20,3,False,False,207,golden retriever,0.4698758409178827,0.7552867874364377,0.7976190447807312,0.2023809552192688,0.10384694737049871,4.878308434485754
frame_005,frame_009,5,9,20,4,False,False,257,Great Pyrenees,0.8275922030979578,0.1892347542547439,0.8939704895019531,0.10602951049804688,0.07166360547290965,4.856352240734466
frame_005,frame_010,5,10,20,5,False,False,208,Labrador retriever,0.6053889805123853,0.5018840845549155,0.8391026258468628,0.1608973741531372,0.0831018171202456,4.912501855910874
frame_005,frame_011,5,11,20,6,False,False,257,Great Pyrenees,0.33812064812803366,1.0843525000652274,0.7581788897514343,0.24182111024856567,0.11671727873900868,4.87801525980346
frame_005,frame_012,5,12,20,7,False,False,257,Great Pyrenees,0.56942107039917,0.5631351002580995,0.8410329818725586,0.1589670181274414,0.12546069946991997,4.777177654642828
frame_005,frame_013,5,13,20,8,False,False,257,Great Pyrenees,0.6425516620310224,0.44230805761491343,0.8266788721084595,0.17332112789154053,0.12223217597398577,4.704363658417117
frame_005,frame_014,5,14,20,9,False,False,208,Labrador retriever,0.48233097051508467,0.7291247397555343,0.7459839582443237,0.25401604175567627,0.12336983425545861,4.695937557248858
frame_005,frame_015,5,15,20,10,False,False,208,Labrador retriever,0.5488745961156325,0.5998852859408679,0.8112672567367554,0.18873274326324463,0.16907713250060327,4.531685025396143
frame_005,frame_016,5,16,20,11,False,False,257,Great Pyrenees,0.5816884342745098,0.5418203108924287,0.8208893537521362,0.17911064624786377,0.15549431677937486,4.485812702541628
frame_005,frame_017,5,17,20,12,False,False,257,Great Pyrenees,0.5852915826542426,0.5356451240385991,0.8326475620269775,0.16735243797302246,0.12263305538943876,4.491251795960274
frame_005,frame_018,5,18,20,13,False,False,257,Great Pyrenees,0.5852464754165063,0.5357221949846442,0.8091772794723511,0.19082272052764893,0.11752286615938154,4.547528507105749
frame_005,frame_019,5,19,20,14,False,False,257,Great Pyrenees,0.7571305105548773,0.2782196354445077,0.8463385105133057,0.15366148948669434,0.12060047886495408,4.5701453840159285
frame_005,frame_000,5,0,30,-5,False,False,176,"Saluki, gazelle hound",0.501550824387603,0.6900503319741951,0.7351042032241821,0.26489579677581787,0.06240097887196573,5.2756899503814445
frame_005,frame_001,5,1,30,-4,False,False,207,golden retriever,0.611745388140805,0.49143911548498576,0.7725761532783508,0.22742384672164917,0.045930605568873135,5.284632986142255
frame_005,frame_002,5,2,30,-3,False,False,257,Great Pyrenees,0.4245627989381888,0.8566953479220727,0.7271019220352173,0.2728980779647827,0.06525288446041756,5.23673262151205
frame_005,frame_003,5,3,30,-2,False,False,257,Great Pyrenees,0.7452845309179328,0.2939892128205104,0.8481242656707764,0.15187573432922363,0.028398614113333803,5.520968225689816
frame_005,frame_004,5,4,30,-1,False,False,257,Great Pyrenees,0.5298499607049093,0.6351614055239647,0.7708334922790527,0.22916650772094727,0.0588304620562748,5.467271956226201
frame_005,frame_006,5,6,30,1,False,False,207,golden retriever,0.4282066233963238,0.8481494349491632,0.7648630142211914,0.2351369857788086,0.08415997153667108,5.068466186361233
frame_005,frame_007,5,7,30,2,False,False,176,"Saluki, gazelle hound",0.4201161797407303,0.8672239875262369,0.7692373991012573,0.23076260089874268,0.09764035798973374,5.04558564146815
frame_005,frame_008,5,8,30,3,False,False,207,golden retriever,0.32854590998641525,1.113078694395048,0.7558404207229614,0.24415957927703857,0.11518888935589643,5.014869447025104
frame_005,frame_009,5,9,30,4,True,False,257,Great Pyrenees,0.8795586709106761,0.1283350076370282,0.9126114845275879,0.08738851547241211,0.09993976275120686,5.096251280823805
frame_005,frame_010,5,10,30,5,False,False,257,Great Pyrenees,0.481365369496637,0.7311286932863252,0.7926538586616516,0.2073461413383484,0.08190487986282113,5.190113529233378
frame_005,frame_011,5,11,30,6,False,False,257,Great Pyrenees,0.45358443302282536,0.7905738458902443,0.7490100264549255,0.25098997354507446,0.05063427288397465,5.171515646355347
frame_005,frame_012,5,12,30,7,False,False,257,Great Pyrenees,0.7630555318972675,0.2704244693536011,0.8594409227371216,0.14055907726287842,0.041311748556070955,5.1942695914816035
frame_005,frame_013,5,13,30,8,False,False,257,Great Pyrenees,0.5402734658354477,0.6156798493964533,0.7701055407524109,0.2298944592475891,0.08628223709609215,5.188447499176984
frame_005,frame_014,5,14,30,9,False,True,208,Labrador retriever,0.3827225173428422,0.9604450501762205,0.7148579955101013,0.2851420044898987,0.029965726937343416,5.364611265347764
frame_005,frame_015,5,15,30,10,False,False,208,Labrador retriever,0.5451023916460052,0.6067816273852857,0.8051561117172241,0.19484388828277588,0.04666380612437417,5.3478732496122054
frame_005,frame_016,5,16,30,11,False,False,257,Great Pyrenees,0.6462728686310764,0.43653346712241703,0.8237565159797668,0.17624348402023315,0.03738554178343856,5.322393723385718
frame_005,frame_017,5,17,30,12,False,False,257,Great Pyrenees,0.7586465267213378,0.2762193192572626,0.8754222393035889,0.12457776069641113,0.047627501537284,5.238238792969273
frame_005,frame_018,5,18,30,13,False,False,257,Great Pyrenees,0.802040288339373,0.2205964375402263,0.8716338872909546,0.1283661127090454,0.05949206171850104,5.261752452216744
frame_005,frame_019,5,19,30,14,False,False,257,Great Pyrenees,0.8847758970805101,0.12242088967856812,0.9116714000701904,0.08832859992980957,0.05805298713989816,5.256323040922119
frame_005,frame_000,5,0,40,-5,False,True,169,"borzoi, Russian wolfhound",0.16851653989832535,1.7807213743730839,0.6236065626144409,0.3763934373855591,0.11474144897847023,3.972734954238559
frame_005,frame_001,5,1,40,-4,False,False,207,golden retriever,0.5456745055774368,0.6057326246325667,0.7283872365951538,0.2716127634048462,0.09769526956538044,4.090585742604568
frame_005,frame_002,5,2,40,-3,False,False,257,Great Pyrenees,0.5882742425297152,0.5305620409535923,0.7399190664291382,0.2600809335708618,0.1457566851703416,4.091815494927032
frame_005,frame_003,5,3,40,-2,False,False,257,Great Pyrenees,0.6894700768633759,0.3718319810032398,0.8738318681716919,0.1261681318283081,0.13584824315064795,4.05793442435907
frame_005,frame_004,5,4,40,-1,False,False,805,soccer ball,0.49404319838071925,0.7051323195025869,0.844363272190094,0.155636727809906,0.09805784953965124,4.153553974458032
frame_005,frame_006,5,6,40,1,False,False,183,Kerry blue terrier,0.3044176669606797,1.1893546160431727,0.736291766166687,0.263708233833313,0.10904729900746275,4.029354129923538
frame_005,frame_007,5,7,40,2,False,False,183,Kerry blue terrier,0.43520825506513217,0.8319306151802013,0.7671858072280884,0.23281419277191162,0.12892933015461458,3.93873269062932
frame_005,frame_008,5,8,40,3,False,False,183,Kerry blue terrier,0.45423624271311164,0.7891378578813484,0.7921234369277954,0.2078765630722046,0.12220151769805304,3.8926182303263066
frame_005,frame_009,5,9,40,4,True,False,257,Great Pyrenees,0.9153524081968699,0.08844614228578296,0.9358788728713989,0.06412112712860107,0.11002419078511765,3.9164064508374086
frame_005,frame_010,5,10,40,5,False,False,183,Kerry blue terrier,0.4774073263171666,0.7393852189086783,0.8268222212791443,0.1731777787208557,0.1464847446724743,3.8838545600806125
frame_005,frame_011,5,11,40,6,False,False,183,Kerry blue terrier,0.3867876755984836,0.9498793783757575,0.7861406207084656,0.21385937929153442,0.13841830190377072,3.8464512332759764
frame_005,frame_012,5,12,40,7,False,False,257,Great Pyrenees,0.6506202743560019,0.4298291028769343,0.8445645570755005,0.1554354429244995,0.13086721442382948,3.7863759377096375
frame_005,frame_013,5,13,40,8,False,False,257,Great Pyrenees,0.3177475928016379,1.1464979447032277,0.7314237356185913,0.2685762643814087,0.1473624160521804,3.6896439591136847
frame_005,frame_014,5,14,40,9,False,False,977,"sandbar, sand bar",0.2568924572036066,1.359097736124092,0.7001931667327881,0.2998068332672119,0.12710577941913795,3.7848543131992005
frame_005,frame_015,5,15,40,10,False,False,208,Labrador retriever,0.2983684209273559,1.209426244244143,0.7254570722579956,0.2745429277420044,0.1454050072736966,3.8111454250779184
frame_005,frame_016,5,16,40,11,False,False,257,Great Pyrenees,0.5923327411303791,0.5236867392759841,0.7829477787017822,0.21705222129821777,0.12655891198216349,3.7509302613420363
frame_005,frame_017,5,17,40,12,False,False,257,Great Pyrenees,0.851368864348093,0.160909796202644,0.8933161497116089,0.10668385028839111,0.11191522078020276,3.7970739781902254
frame_005,frame_018,5,18,40,13,False,False,257,Great Pyrenees,0.8606567042080936,0.15005957159172167,0.8906577825546265,0.10934221744537354,0.11878992507894942,3.766653685776753
frame_005,frame_019,5,19,40,14,False,False,257,Great Pyrenees,0.8768587958781747,0.1314093076938203,0.9119244813919067,0.08807551860809326,0.11975958118107907,3.797290979006628
frame_005,frame_000,5,0,50,-5,False,False,260,"chow, chow chow",0.4887891653407909,0.7158240372034963,0.6971958875656128,0.3028041124343872,0.07913333238463284,4.450536382451074
frame_005,frame_001,5,1,50,-4,False,False,207,golden retriever,0.60078307035927,0.509521357425788,0.7737942337989807,0.2262057662010193,0.07977509570062893,4.486765849557697
frame_005,frame_002,5,2,50,-3,False,True,257,Great Pyrenees,0.26556797325677106,1.3258844512681054,0.6762762069702148,0.32372379302978516,0.08764238818182134,4.472316758284251
frame_005,frame_003,5,3,50,-2,True,False,257,Great Pyrenees,0.756923242543883,0.2784934275894231,0.8691393136978149,0.13086068630218506,0.07116512423878858,4.640931800763152
frame_005,frame_004,5,4,50,-1,False,False,257,Great Pyrenees,0.5212699545401018,0.6514872245105439,0.8266363143920898,0.17336368560791016,0.0659318351908143,4.657397203242198
frame_005,frame_006,5,6,50,1,False,False,207,golden retriever,0.49764968304704726,0.6978588971895996,0.785883903503418,0.21411609649658203,0.07784096158759321,4.452062713355065
frame_005,frame_007,5,7,50,2,False,False,183,Kerry blue terrier,0.45322499103541763,0.791366607845946,0.7945763468742371,0.20542365312576294,0.1016934086470926,4.409746831104089
frame_005,frame_008,5,8,50,3,False,False,183,Kerry blue terrier,0.42237386015174677,0.8618644326154339,0.8019486665725708,0.1980513334274292,0.08957754961341499,4.433047296941623
frame_005,frame_009,5,9,50,4,False,False,257,Great Pyrenees,0.7246616599548742,0.3220504089788734,0.8554344177246094,0.14456558227539062,0.08237275584909998,4.44966905696031
frame_005,frame_010,5,10,50,5,False,False,208,Labrador retriever,0.439565768716652,0.8219679286460235,0.8324369192123413,0.1675630807876587,0.07148565283564773,4.54221884107927
frame_005,frame_011,5,11,50,6,False,False,183,Kerry blue terrier,0.4683405418808912,0.7585595940843612,0.769321084022522,0.23067891597747803,0.07157199088055788,4.436196653570196
frame_005,frame_012,5,12,50,7,False,False,208,Labrador retriever,0.3573776392637318,1.028962243228822,0.7920284271240234,0.20797157287597656,0.09802029240387002,4.314084753961582
frame_005,frame_013,5,13,50,8,False,False,257,Great Pyrenees,0.2568864634371893,1.3591210682078998,0.7244597673416138,0.27554023265838623,0.08293200378046446,4.2805344096919935
frame_005,frame_014,5,14,50,9,False,False,208,Labrador retriever,0.2901903842610741,1.237218073949822,0.7209131717681885,0.2790868282318115,0.08313504602083868,4.310835252303653
frame_005,frame_015,5,15,50,10,False,False,208,Labrador retriever,0.6804906334695014,0.3849412211741732,0.8246314525604248,0.1753685474395752,0.09099310550693361,4.186718387357736
frame_005,frame_016,5,16,50,11,False,False,208,Labrador retriever,0.45971439548136483,0.7771498617127595,0.7959526777267456,0.2040473222732544,0.10937545226129831,4.05639681291033
frame_005,frame_017,5,17,50,12,False,False,257,Great Pyrenees,0.5607345310913614,0.5785076920677863,0.8089607954025269,0.19103920459747314,0.15752166943879212,3.9551305479715104
frame_005,frame_018,5,18,50,13,False,False,257,Great Pyrenees,0.7058211498789051,0.348393402365472,0.8147375583648682,0.18526244163513184,0.1263457811375617,3.931384472070686
frame_005,frame_019,5,19,50,14,False,False,257,Great Pyrenees,0.6741367777016725,0.3943222543827263,0.8279751539230347,0.17202484607696533,0.09258768663710908,4.000738637083572
frame_006,frame_000,6,0,5,-6,True,False,169,"borzoi, Russian wolfhound",0.6115685406088106,0.4917282441036832,0.7375880479812622,0.2624119520187378,0.029143024522858555,4.98992785434158
frame_006,frame_001,6,1,5,-5,False,False,169,"borzoi, Russian wolfhound",0.3932010288056577,0.9334342742179969,0.6267056465148926,0.3732943534851074,0.026587747250497368,4.967293064865231
frame_006,frame_002,6,2,5,-4,False,False,177,"Scottish deerhound, deerhound",0.1632268260662232,1.8126144745545076,0.5599155426025391,0.44008445739746094,0.03072177203803671,4.952451180899965
frame_006,frame_003,6,3,5,-3,False,False,257,Great Pyrenees,0.35494741210677855,1.0357856353902637,0.6690335869789124,0.33096641302108765,0.03117732583954855,5.02473376568304
frame_006,frame_004,6,4,5,-2,False,False,257,Great Pyrenees,0.24090600468153855,1.4233484436381758,0.6492164134979248,0.3507835865020752,0.03087117485949231,4.968138817123703
frame_006,frame_005,6,5,5,-1,False,False,212,English setter,0.19869307202467487,1.6159939965411505,0.6073672771453857,0.39263272285461426,0.03432617019078703,4.927299271313058
frame_006,frame_007,6,7,5,1,False,False,169,"borzoi, Russian wolfhound",0.2175683868380571,1.5252420556297723,0.5731228590011597,0.42687714099884033,0.03613769647166768,4.903290549606716
frame_006,frame_008,6,8,5,2,False,False,169,"borzoi, Russian wolfhound",0.1329521259984176,2.017766170458814,0.5363149046897888,0.4636850953102112,0.03745940400627237,4.909409780312567
frame_006,frame_009,6,9,5,3,False,False,169,"borzoi, Russian wolfhound",0.1502457135351534,1.895483234857947,0.5564311742782593,0.4435688257217407,0.04221513591173182,4.903845341261189
frame_006,frame_010,6,10,5,4,False,False,169,"borzoi, Russian wolfhound",0.16377588037927437,1.8092563688373575,0.5422914624214172,0.45770853757858276,0.036608640508338425,4.914567834048533
frame_006,frame_011,6,11,5,5,False,False,169,"borzoi, Russian wolfhound",0.18157100207442256,1.70610850577211,0.5418499708175659,0.4581500291824341,0.03151983052813228,4.897035870537167
frame_006,frame_012,6,12,5,6,False,True,169,"borzoi, Russian wolfhound",0.10418466004452867,2.261590376963534,0.5231491923332214,0.47685080766677856,0.0388405844542359,4.866551822554711
frame_006,frame_013,6,13,5,7,False,False,218,Welsh springer spaniel,0.15312139222258203,1.8765242589560929,0.5678007006645203,0.43219929933547974,0.03882036017464108,4.8183823126609555
frame_006,frame_014,6,14,5,8,False,False,218,Welsh springer spaniel,0.18901033084231422,1.6659536048749826,0.5265508890151978,0.47344911098480225,0.03691821238966542,4.85772252863351
frame_006,frame_015,6,15,5,9,False,False,218,Welsh springer spaniel,0.21991612438885827,1.5145090581030103,0.5472234487533569,0.45277655124664307,0.03569268142957579,4.790744102040247
frame_006,frame_016,6,16,5,10,False,False,218,Welsh springer spaniel,0.20372377313107704,1.5909902559754716,0.5791889429092407,0.4208110570907593,0.039413120395285973,4.800793805732106
frame_006,frame_017,6,17,5,11,False,False,257,Great Pyrenees,0.19242842300272206,1.6480310229569648,0.5766458511352539,0.4233541488647461,0.04017836161163091,4.817107850277443
frame_006,frame_018,6,18,5,12,False,False,257,Great Pyrenees,0.14191244747687104,1.9525449786008036,0.545135498046875,0.454864501953125,0.04094121587187846,4.79851441904067
frame_006,frame_019,6,19,5,13,False,False,257,Great Pyrenees,0.14472176155036723,1.932942265841156,0.5391099452972412,0.4608900547027588,0.04015234956959548,4.782401757914721
frame_006,frame_000,6,0,10,-6,False,False,257,Great Pyrenees,0.2546626207993999,1.3678156655232758,0.6936905384063721,0.30630946159362793,0.1441383955656557,4.005284176192974
frame_006,frame_001,6,1,10,-5,False,False,207,golden retriever,0.31967845687774427,1.1404396106177321,0.7166632413864136,0.2833367586135864,0.11070669550316625,4.12416637027274
frame_006,frame_002,6,2,10,-4,False,False,257,Great Pyrenees,0.4925780656185391,0.7081023220610669,0.7123459577560425,0.2876540422439575,0.15089319682520325,4.103927023452651
frame_006,frame_003,6,3,10,-3,True,False,257,Great Pyrenees,0.7855735920326745,0.24134113753656994,0.8822641372680664,0.1177358627319336,0.1476033475678252,4.057059783265067
frame_006,frame_004,6,4,10,-2,False,False,257,Great Pyrenees,0.6443555053200042,0.4395046782941625,0.8315024375915527,0.16849756240844727,0.11112809927039574,4.180397666544879
frame_006,frame_005,6,5,10,-1,False,False,257,Great Pyrenees,0.5857376315894429,0.5348833173281484,0.799091100692749,0.20090889930725098,0.11961685329196337,4.005824653512726
frame_006,frame_007,6,7,10,1,False,False,212,English setter,0.4476309563390086,0.8037861442142136,0.7037171125411987,0.29628288745880127,0.1434607653896614,3.9561178419169165
frame_006,frame_008,6,8,10,2,False,False,207,golden retriever,0.282741997980702,1.2632204650735517,0.7126432061195374,0.28735679388046265,0.11318175892230119,3.9520416730761045
frame_006,frame_009,6,9,10,3,False,False,257,Great Pyrenees,0.833862004320899,0.18168735275877612,0.8775823712348938,0.1224176287651062,0.1111321131173144,3.9438632125351796
frame_006,frame_010,6,10,10,4,False,False,257,Great Pyrenees,0.37493270161467807,0.981008731477881,0.7577892541885376,0.2422107458114624,0.13280004301936438,4.000234139992177
frame_006,frame_011,6,11,10,5,False,False,216,"clumber, clumber spaniel",0.3568493741785895,1.0304415073046131,0.7228566408157349,0.27714335918426514,0.15501869145822242,3.965449894871864
frame_006,frame_012,6,12,10,6,False,False,257,Great Pyrenees,0.5802142791453272,0.5443577968680495,0.7855324745178223,0.21446752548217773,0.15029461723130672,3.949273071123169
frame_006,frame_013,6,13,10,7,False,False,805,soccer ball,0.44594434261212684,0.8075611270987775,0.7558249831199646,0.2441750168800354,0.1627607561164496,3.8612437752825297
frame_006,frame_014,6,14,10,8,False,True,805,soccer ball,0.3274777029492822,1.1163353088221672,0.6696541905403137,0.3303458094596863,0.14284476736752244,3.8814239670796407
frame_006,frame_015,6,15,10,9,False,False,208,Labrador retriever,0.30328463519483834,1.193083524341528,0.716722846031189,0.28327715396881104,0.16292743030711782,3.8471387069171725
frame_006,frame_016,6,16,10,10,False,False,257,Great Pyrenees,0.3654644648315873,1.0065862279617988,0.7467275857925415,0.2532724142074585,0.14785175180386434,3.8000965816157866
frame_006,frame_017,6,17,10,11,False,False,257,Great Pyrenees,0.6025458355795575,0.5065915408602146,0.7648334503173828,0.2351665496826172,0.13392276774906625,3.8268635171027654
frame_006,frame_018,6,18,10,12,False,False,257,Great Pyrenees,0.4784621950721559,0.7371780783740869,0.7312236428260803,0.2687763571739197,0.14971789335969152,3.784932576706707
frame_006,frame_019,6,19,10,13,False,False,257,Great Pyrenees,0.5349134651409343,0.6256502925687748,0.7756368517875671,0.22436314821243286,0.14904607514151638,3.801800234152096
frame_006,frame_000,6,0,20,-6,False,True,208,Labrador retriever,0.2756047138891953,1.2887876358916817,0.6733367443084717,0.3266632556915283,0.11607703751148168,4.790941592597131
frame_006,frame_001,6,1,20,-5,False,False,207,golden retriever,0.6269344745899198,0.46691325004654605,0.7733272910118103,0.2266727089881897,0.08458513441106719,4.889054406126307
frame_006,frame_002,6,2,20,-4,False,False,257,Great Pyrenees,0.48016150082089226,0.7336327716266622,0.7204862833023071,0.27951371669769287,0.1020154187023348,4.83642224726947
frame_006,frame_003,6,3,20,-3,True,False,257,Great Pyrenees,0.8710683654937171,0.138034814401935,0.9086406826972961,0.09135931730270386,0.09543638178150839,4.895107630259342
frame_006,frame_004,6,4,20,-2,False,False,257,Great Pyrenees,0.6725940078594307,0.3966133886371055,0.8085065484046936,0.1914934515953064,0.06359042884642395,4.896224271166364
frame_006,frame_005,6,5,20,-1,False,False,257,Great Pyrenees,0.5753610725318792,0.5527574830349327,0.8153570294380188,0.1846429705619812,0.10439692571621037,4.79266379873899
frame_006,frame_007,6,7,20,1,False,False,207,golden retriever,0.565175165439415,0.5706195685578388,0.7594629526138306,0.24053704738616943,0.14356683084929636,4.7697254633119766
frame_006,frame_008,6,8,20,2,False,False,207,golden retriever,0.4698758409178827,0.7552867874364377,0.7976190447807312,0.2023809552192688,0.10279875211777482,4.85628210126041
frame_006,frame_009,6,9,20,3,False,False,257,Great Pyrenees,0.8275922030979578,0.1892347542547439,0.8939704895019531,0.10602951049804688,0.08914256071523287,4.817481867253342
frame_006,frame_010,6,10,20,4,False,False,208,Labrador retriever,0.6053889805123853,0.5018840845549155,0.8391026258468628,0.1608973741531372,0.0800820821654473,4.865399905382092
frame_006,frame_011,6,11,20,5,False,False,257,Great Pyrenees,0.33812064812803366,1.0843525000652274,0.7581788897514343,0.24182111024856567,0.11010051486464967,4.850141071023594
frame_006,frame_012,6,12,20,6,False,False,257,Great Pyrenees,0.56942107039917,0.5631351002580995,0.8410329818725586,0.1589670181274414,0.11423663829436415,4.7650718690586915
frame_006,frame_013,6,13,20,7,False,False,257,Great Pyrenees,0.6425516620310224,0.44230805761491343,0.8266788721084595,0.17332112789154053,0.11181832954886156,4.680278995289897
frame_006,frame_014,6,14,20,8,False,False,208,Labrador retriever,0.48233097051508467,0.7291247397555343,0.7459839582443237,0.25401604175567627,0.12513757096591244,4.661766092571019
frame_006,frame_015,6,15,20,9,False,False,208,Labrador retriever,0.5488745961156325,0.5998852859408679,0.8112672567367554,0.18873274326324463,0.15810653772677916,4.552389210647928
frame_006,frame_016,6,16,20,10,False,False,257,Great Pyrenees,0.5816884342745098,0.5418203108924287,0.8208893537521362,0.17911064624786377,0.1339525298442479,4.574932553860339
frame_006,frame_017,6,17,20,11,False,False,257,Great Pyrenees,0.5852915826542426,0.5356451240385991,0.8326475620269775,0.16735243797302246,0.10504806933019681,4.561160432989464
frame_006,frame_018,6,18,20,12,False,False,257,Great Pyrenees,0.5852464754165063,0.5357221949846442,0.8091772794723511,0.19082272052764893,0.1016167853508785,4.59666732036915
frame_006,frame_019,6,19,20,13,False,False,257,Great Pyrenees,0.7571305105548773,0.2782196354445077,0.8463385105133057,0.15366148948669434,0.10612006601589805,4.614767006875676
frame_006,frame_000,6,0,30,-6,False,False,176,"Saluki, gazelle hound",0.501550824387603,0.6900503319741951,0.7351042032241821,0.26489579677581787,0.041446506892040526,5.335434931800954
frame_006,frame_001,6,1,30,-5,False,False,207,golden retriever,0.611745388140805,0.49143911548498576,0.7725761532783508,0.22742384672164917,0.03445054596605117,5.374547574673987
frame_006,frame_002,6,2,30,-4,False,False,257,Great Pyrenees,0.4245627989381888,0.8566953479220727,0.7271019220352173,0.2728980779647827,0.046264544038484554,5.362285289517001
frame_006,frame_003,6,3,30,-3,False,False,257,Great Pyrenees,0.7452845309179328,0.2939892128205104,0.8481242656707764,0.15187573432922363,0.029162839148848253,5.574064780585867
frame_006,frame_004,6,4,30,-2,False,False,257,Great Pyrenees,0.5298499607049093,0.6351614055239647,0.7708334922790527,0.22916650772094727,0.029023496457955152,5.524599841875647
frame_006,frame_005,6,5,30,-1,False,False,257,Great Pyrenees,0.430425168335924,0.8429817952273293,0.7773072719573975,0.22269272804260254,0.02819737034380532,5.467383921624598
frame_006,frame_007,6,7,30,1,False,False,176,"Saluki, gazelle hound",0.4201161797407303,0.8672239875262369,0.7692373991012573,0.23076260089874268,0.06822497512429358,5.1416848708392
frame_006,frame_008,6,8,30,2,False,False,207,golden retriever,0.32854590998641525,1.113078694395048,0.7558404207229614,0.24415957927703857,0.07485747870172661,5.124947412479112
frame_006,frame_009,6,9,30,3,True,False,257,Great Pyrenees,0.8795586709106761,0.1283350076370282,0.9126114845275879,0.08738851547241211,0.06552475688171845,5.185468149053234
frame_006,frame_010,6,10,30,4,False,False,257,Great Pyrenees,0.481365369496637,0.7311286932863252,0.7926538586616516,0.2073461413383484,0.0584564724485376,5.23112029875852
frame_006,frame_011,6,11,30,5,False,False,257,Great Pyrenees,0.45358443302282536,0.7905738458902443,0.7490100264549255,0.25098997354507446,0.038502957021381984,5.215683983555565
frame_006,frame_012,6,12,30,6,False,False,257,Great Pyrenees,0.7630555318972675,0.2704244693536011,0.8594409227371216,0.14055907726287842,0.04207174532597394,5.226786159434896
frame_006,frame_013,6,13,30,7,False,False,257,Great Pyrenees,0.5402734658354477,0.6156798493964533,0.7701055407524109,0.2298944592475891,0.06536266918368921,5.210200324261272
frame_006,frame_014,6,14,30,8,False,True,208,Labrador retriever,0.3827225173428422,0.9604450501762205,0.7148579955101013,0.2851420044898987,0.027813665550716373,5.374242966308618
frame_006,frame_015,6,15,30,9,False,False,208,Labrador retriever,0.5451023916460052,0.6067816273852857,0.8051561117172241,0.19484388828277588,0.034295636838890815,5.370757056324839
frame_006,frame_016,6,16,30,10,False,False,257,Great Pyrenees,0.6462728686310764,0.43653346712241703,0.8237565159797668,0.17624348402023315,0.034379970271559875,5.362684886174503
frame_006,frame_017,6,17,30,11,False,False,257,Great Pyrenees,0.7586465267213378,0.2762193192572626,0.8754222393035889,0.12457776069641113,0.03737368081799047,5.3116881596696475
frame_006,frame_018,6,18,30,12,False,False,257,Great Pyrenees,0.802040288339373,0.2205964375402263,0.8716338872909546,0.1283661127090454,0.03885225210034057,5.324893036853717
frame_006,frame_019,6,19,30,13,False,False,257,Great Pyrenees,0.8847758970805101,0.12242088967856812,0.9116714000701904,0.08832859992980957,0.04128800280965879,5.347047410151328
frame_006,frame_000,6,0,40,-6,False,True,169,"borzoi, Russian wolfhound",0.16851653989832535,1.7807213743730839,0.6236065626144409,0.3763934373855591,0.09873598795864875,3.9387269562950813
frame_006,frame_001,6,1,40,-5,False,False,207,golden retriever,0.5456745055774368,0.6057326246325667,0.7283872365951538,0.2716127634048462,0.08424471840843042,4.034608514340824
frame_006,frame_002,6,2,40,-4,False,False,257,Great Pyrenees,0.5882742425297152,0.5305620409535923,0.7399190664291382,0.2600809335708618,0.12542137463367206,4.050840675250706
frame_006,frame_003,6,3,40,-3,False,False,257,Great Pyrenees,0.6894700768633759,0.3718319810032398,0.8738318681716919,0.1261681318283081,0.12764397353046536,3.9384353732600554
frame_006,frame_004,6,4,40,-2,False,False,805,soccer ball,0.49404319838071925,0.7051323195025869,0.844363272190094,0.155636727809906,0.08651356154115201,4.062811292264738
frame_006,frame_005,6,5,40,-1,False,False,257,Great Pyrenees,0.5402001805634425,0.6158155033707295,0.7929902076721191,0.20700979232788086,0.09557221229680667,3.9351348258902723
frame_006,frame_007,6,7,40,1,False,False,183,Kerry blue terrier,0.43520825506513217,0.8319306151802013,0.7671858072280884,0.23281419277191162,0.12042910703277725,3.824795621742869
frame_006,frame_008,6,8,40,2,False,False,183,Kerry blue terrier,0.45423624271311164,0.7891378578813484,0.7921234369277954,0.2078765630722046,0.1121236283805811,3.75559252076655
frame_006,frame_009,6,9,40,3,True,False,257,Great Pyrenees,0.9153524081968699,0.08844614228578296,0.9358788728713989,0.06412112712860107,0.09387595151719497,3.788343722009438
frame_006,frame_010,6,10,40,4,False,False,183,Kerry blue terrier,0.4774073263171666,0.7393852189086783,0.8268222212791443,0.1731777787208557,0.13218621432540667,3.7678599858156936
frame_006,frame_011,6,11,40,5,False,False,183,Kerry blue terrier,0.3867876755984836,0.9498793783757575,0.7861406207084656,0.21385937929153442,0.12664972161897362,3.751117037639179
frame_006,frame_012,6,12,40,6,False,False,257,Great Pyrenees,0.6506202743560019,0.4298291028769343,0.8445645570755005,0.1554354429244995,0.12001311038856864,3.6921640553637154
frame_006,frame_013,6,13,40,7,False,False,257,Great Pyrenees,0.3177475928016379,1.1464979447032277,0.7314237356185913,0.2685762643814087,0.14233434363244696,3.547269115422923
frame_006,frame_014,6,14,40,8,False,False,977,"sandbar, sand bar",0.2568924572036066,1.359097736124092,0.7001931667327881,0.2998068332672119,0.11976148766915738,3.6088170002934614
frame_006,frame_015,6,15,40,9,False,False,208,Labrador retriever,0.2983684209273559,1.209426244244143,0.7254570722579956,0.2745429277420044,0.12562093306088312,3.6679766664105258
frame_006,frame_016,6,16,40,10,False,False,257,Great Pyrenees,0.5923327411303791,0.5236867392759841,0.7829477787017822,0.21705222129821777,0.13629669215022144,3.6089820195961275
frame_006,frame_017,6,17,40,11,False,False,257,Great Pyrenees,0.851368864348093,0.160909796202644,0.8933161497116089,0.10668385028839111,0.11250189314105268,3.68232864622217
frame_006,frame_018,6,18,40,12,False,False,257,Great Pyrenees,0.8606567042080936,0.15005957159172167,0.8906577825546265,0.10934221744537354,0.11879120699789411,3.659602371347499
frame_006,frame_019,6,19,40,13,False,False,257,Great Pyrenees,0.8768587958781747,0.1314093076938203,0.9119244813919067,0.08807551860809326,0.1225737074503948,3.691898762231991
frame_006,frame_000,6,0,50,-6,False,False,260,"chow, chow chow",0.4887891653407909,0.7158240372034963,0.6971958875656128,0.3028041124343872,0.071374596194469,4.249865433302562
frame_006,frame_001,6,1,50,-5,False,False,207,golden retriever,0.60078307035927,0.509521357425788,0.7737942337989807,0.2262057662010193,0.07829794132123036,4.307278043491027
frame_006,frame_002,6,2,50,-4,False,True,257,Great Pyrenees,0.26556797325677106,1.3258844512681054,0.6762762069702148,0.32372379302978516,0.08401136027530408,4.262823316759401
frame_006,frame_003,6,3,50,-3,True,False,257,Great Pyrenees,0.756923242543883,0.2784934275894231,0.8691393136978149,0.13086068630218506,0.06719136012721105,4.323194054365699
frame_006,frame_004,6,4,50,-2,False,False,257,Great Pyrenees,0.5212699545401018,0.6514872245105439,0.8266363143920898,0.17336368560791016,0.0637488135450987,4.380580223909099
frame_006,frame_005,6,5,50,-1,False,False,257,Great Pyrenees,0.4272755650418718,0.8503261225170533,0.7642596364021301,0.23574036359786987,0.0761897915069461,4.217344639296657
frame_006,frame_007,6,7,50,1,False,False,183,Kerry blue terrier,0.45322499103541763,0.791366607845946,0.7945763468742371,0.20542365312576294,0.0872770913682105,4.097657606622848
frame_006,frame_008,6,8,50,2,False,False,183,Kerry blue terrier,0.42237386015174677,0.8618644326154339,0.8019486665725708,0.1980513334274292,0.07788175954634087,4.115751352957984
frame_006,frame_009,6,9,50,3,False,False,257,Great Pyrenees,0.7246616599548742,0.3220504089788734,0.8554344177246094,0.14456558227539062,0.07973623297853583,4.1065063575663
frame_006,frame_010,6,10,50,4,False,False,208,Labrador retriever,0.439565768716652,0.8219679286460235,0.8324369192123413,0.1675630807876587,0.08102040008001726,4.132175388444103
frame_006,frame_011,6,11,50,5,False,False,183,Kerry blue terrier,0.4683405418808912,0.7585595940843612,0.769321084022522,0.23067891597747803,0.0827597971123691,4.0695237423105395
frame_006,frame_012,6,12,50,6,False,False,208,Labrador retriever,0.3573776392637318,1.028962243228822,0.7920284271240234,0.20797157287597656,0.07788759434433963,4.0030728243980205
frame_006,frame_013,6,13,50,7,False,False,257,Great Pyrenees,0.2568864634371893,1.3591210682078998,0.7244597673416138,0.27554023265838623,0.09428927873627636,3.942512575841925
frame_006,frame_014,6,14,50,8,False,False,208,Labrador retriever,0.2901903842610741,1.237218073949822,0.7209131717681885,0.2790868282318115,0.08792493725165085,3.943466191637336
frame_006,frame_015,6,15,50,9,False,False,208,Labrador retriever,0.6804906334695014,0.3849412211741732,0.8246314525604248,0.1753685474395752,0.08781245695656492,3.903014877932672
frame_006,frame_016,6,16,50,10,False,False,208,Labrador retriever,0.45971439548136483,0.7771498617127595,0.7959526777267456,0.2040473222732544,0.0929420002307832,3.841315779403609
frame_006,frame_017,6,17,50,11,False,False,257,Great Pyrenees,0.5607345310913614,0.5785076920677863,0.8089607954025269,0.19103920459747314,0.13936196195933437,3.7607694933644513
frame_006,frame_018,6,18,50,12,False,False,257,Great Pyrenees,0.7058211498789051,0.348393402365472,0.8147375583648682,0.18526244163513184,0.1000443770630361,3.750964365780181
frame_006,frame_019,6,19,50,13,False,False,257,Great Pyrenees,0.6741367777016725,0.3943222543827263,0.8279751539230347,0.17202484607696533,0.08926787702435036,3.8122032108934727
frame_007,frame_000,7,0,5,-7,True,False,169,"borzoi, Russian wolfhound",0.6115685406088106,0.4917282441036832,0.7375880479812622,0.2624119520187378,0.028688132846298023,4.997032373808221
frame_007,frame_001,7,1,5,-6,False,False,169,"borzoi, Russian wolfhound",0.3932010288056577,0.9334342742179969,0.6267056465148926,0.3732943534851074,0.026131301559461077,4.9725806180955
frame_007,frame_002,7,2,5,-5,False,False,177,"Scottish deerhound, deerhound",0.1632268260662232,1.8126144745545076,0.5599155426025391,0.44008445739746094,0.029946775090816818,4.9584700240513
frame_007,frame_003,7,3,5,-4,False,False,257,Great Pyrenees,0.35494741210677855,1.0357856353902637,0.6690335869789124,0.33096641302108765,0.030230379250409087,5.029469499784175
frame_007,frame_004,7,4,5,-3,False,False,257,Great Pyrenees,0.24090600468153855,1.4233484436381758,0.6492164134979248,0.3507835865020752,0.030518998702216707,4.970978188333308
frame_007,frame_005,7,5,5,-2,False,False,212,English setter,0.19869307202467487,1.6159939965411505,0.6073672771453857,0.39263272285461426,0.032529658929209615,4.934847606367409
frame_007,frame_006,7,6,5,-1,False,False,169,"borzoi, Russian wolfhound",0.2838588067701249,1.2592783237056953,0.5903276205062866,0.4096723794937134,0.02686595663660211,4.915474457507196
frame_007,frame_008,7,8,5,1,False,False,169,"borzoi, Russian wolfhound",0.1329521259984176,2.017766170458814,0.5363149046897888,0.4636850953102112,0.03669171511221928,4.914464272234445
frame_007,frame_009,7,9,5,2,False,False,169,"borzoi, Russian wolfhound",0.1502457135351534,1.895483234857947,0.5564311742782593,0.4435688257217407,0.04122279938190877,4.912127712199755
frame_007,frame_010,7,10,5,3,False,False,169,"borzoi, Russian wolfhound",0.16377588037927437,1.8092563688373575,0.5422914624214172,0.45770853757858276,0.03546295347783758,4.921850286120056
frame_007,frame_011,7,11,5,4,False,False,169,"borzoi, Russian wolfhound",0.18157100207442256,1.70610850577211,0.5418499708175659,0.4581500291824341,0.030579272852704,4.903258365532704
frame_007,frame_012,7,12,5,5,False,True,169,"borzoi, Russian wolfhound",0.10418466004452867,2.261590376963534,0.5231491923332214,0.47685080766677856,0.038275894268941534,4.873354508934474
frame_007,frame_013,7,13,5,6,False,False,218,Welsh springer spaniel,0.15312139222258203,1.8765242589560929,0.5678007006645203,0.43219929933547974,0.039299986700220876,4.823545165826033
frame_007,frame_014,7,14,5,7,False,False,218,Welsh springer spaniel,0.18901033084231422,1.6659536048749826,0.5265508890151978,0.47344911098480225,0.035997610470510165,4.863607290782341
frame_007,frame_015,7,15,5,8,False,False,218,Welsh springer spaniel,0.21991612438885827,1.5145090581030103,0.5472234487533569,0.45277655124664307,0.03513245523862443,4.794070841797401
frame_007,frame_016,7,16,5,9,False,False,218,Welsh springer spaniel,0.20372377313107704,1.5909902559754716,0.5791889429092407,0.4208110570907593,0.0385410455821602,4.808218332037379
frame_007,frame_017,7,17,5,10,False,False,257,Great Pyrenees,0.19242842300272206,1.6480310229569648,0.5766458511352539,0.4233541488647461,0.03937255335319857,4.824806690570174
frame_007,frame_018,7,18,5,11,False,False,257,Great Pyrenees,0.14191244747687104,1.9525449786008036,0.545135498046875,0.454864501953125,0.03987040475035545,4.803274283937427
frame_007,frame_019,7,19,5,12,False,False,257,Great Pyrenees,0.14472176155036723,1.932942265841156,0.5391099452972412,0.4608900547027588,0.03932985690978592,4.784418153891346
frame_007,frame_000,7,0,10,-7,False,False,257,Great Pyrenees,0.2546626207993999,1.3678156655232758,0.6936905384063721,0.30630946159362793,0.14410373950533506,4.008091544712601
frame_007,frame_001,7,1,10,-6,False,False,207,golden retriever,0.31967845687774427,1.1404396106177321,0.7166632413864136,0.2833367586135864,0.1129131255941994,4.119544721161682
frame_007,frame_002,7,2,10,-5,False,False,257,Great Pyrenees,0.4925780656185391,0.7081023220610669,0.7123459577560425,0.2876540422439575,0.15194921241823775,4.095075550082321
frame_007,frame_003,7,3,10,-4,True,False,257,Great Pyrenees,0.7855735920326745,0.24134113753656994,0.8822641372680664,0.1177358627319336,0.14879795828730794,4.044530466344273
frame_007,frame_004,7,4,10,-3,False,False,257,Great Pyrenees,0.6443555053200042,0.4395046782941625,0.8315024375915527,0.16849756240844727,0.11347443795237883,4.170011775408403
frame_007,frame_005,7,5,10,-2,False,False,257,Great Pyrenees,0.5857376315894429,0.5348833173281484,0.799091100692749,0.20090889930725098,0.11847282439702699,4.020262394519799
frame_007,frame_006,7,6,10,-1,False,False,207,golden retriever,0.3574765469716651,1.0286855218764988,0.6725602149963379,0.3274397850036621,0.12163550552854603,3.9947462169829495
frame_007,frame_008,7,8,10,1,False,False,207,golden retriever,0.282741997980702,1.2632204650735517,0.7126432061195374,0.28735679388046265,0.11462649302290832,3.9399538956244697
frame_007,frame_009,7,9,10,2,False,False,257,Great Pyrenees,0.833862004320899,0.18168735275877612,0.8775823712348938,0.1224176287651062,0.11269513323870696,3.9360442591342744
frame_007,frame_010,7,10,10,3,False,False,257,Great Pyrenees,0.37493270161467807,0.981008731477881,0.7577892541885376,0.2422107458114624,0.13345992528073106,3.995025800236941
frame_007,frame_011,7,11,10,4,False,False,216,"clumber, clumber spaniel",0.3568493741785895,1.0304415073046131,0.7228566408157349,0.27714335918426514,0.15459136809418292,3.9639567337706376
frame_007,frame_012,7,12,10,5,False,False,257,Great Pyrenees,0.5802142791453272,0.5443577968680495,0.7855324745178223,0.21446752548217773,0.14891589978532663,3.9417750344603477
frame_007,frame_013,7,13,10,6,False,False,805,soccer ball,0.44594434261212684,0.8075611270987775,0.7558249831199646,0.2441750168800354,0.1626163168932626,3.851302850133582
frame_007,frame_014,7,14,10,7,False,True,805,soccer ball,0.3274777029492822,1.1163353088221672,0.6696541905403137,0.3303458094596863,0.14158256160249985,3.8769323683835855
frame_007,frame_015,7,15,10,8,False,False,208,Labrador retriever,0.30328463519483834,1.193083524341528,0.716722846031189,0.28327715396881104,0.16094752013336502,3.8412463548620615
frame_007,frame_016,7,16,10,9,False,False,257,Great Pyrenees,0.3654644648315873,1.0065862279617988,0.7467275857925415,0.2532724142074585,0.14572351897869576,3.79454714275023
frame_007,frame_017,7,17,10,10,False,False,257,Great Pyrenees,0.6025458355795575,0.5065915408602146,0.7648334503173828,0.2351665496826172,0.13132316914897096,3.8314098112860684
frame_007,frame_018,7,18,10,11,False,False,257,Great Pyrenees,0.4784621950721559,0.7371780783740869,0.7312236428260803,0.2687763571739197,0.1485485721324858,3.787331668571153
frame_007,frame_019,7,19,10,12,False,False,257,Great Pyrenees,0.5349134651409343,0.6256502925687748,0.7756368517875671,0.22436314821243286,0.14862001750053186,3.7986601456094036
frame_007,frame_000,7,0,20,-7,False,True,208,Labrador retriever,0.2756047138891953,1.2887876358916817,0.6733367443084717,0.3266632556915283,0.11640432423798144,4.7602579147880295
frame_007,frame_001,7,1,20,-6,False,False,207,golden retriever,0.6269344745899198,0.46691325004654605,0.7733272910118103,0.2266727089881897,0.08454879252284314,4.866128442723615
frame_007,frame_002,7,2,20,-5,False,False,257,Great Pyrenees,0.48016150082089226,0.7336327716266622,0.7204862833023071,0.27951371669769287,0.1055556522562749,4.795372948529674
frame_007,frame_003,7,3,20,-4,True,False,257,Great Pyrenees,0.8710683654937171,0.138034814401935,0.9086406826972961,0.09135931730270386,0.0984795391856962,4.873281870823995
frame_007,frame_004,7,4,20,-3,False,False,257,Great Pyrenees,0.6725940078594307,0.3966133886371055,0.8085065484046936,0.1914934515953064,0.06502333265109222,4.876016581391596
frame_007,frame_005,7,5,20,-2,False,False,257,Great Pyrenees,0.5753610725318792,0.5527574830349327,0.8153570294380188,0.1846429705619812,0.10633275595882366,4.7686346153780965
frame_007,frame_006,7,6,20,-1,False,False,207,golden retriever,0.6568563550646334,0.42028992205118154,0.7971441745758057,0.20285582542419434,0.11116338479982207,4.7447337643983865
frame_007,frame_008,7,8,20,1,False,False,207,golden retriever,0.4698758409178827,0.7552867874364377,0.7976190447807312,0.2023809552192688,0.10492098285866856,4.829801398346644
frame_007,frame_009,7,9,20,2,False,False,257,Great Pyrenees,0.8275922030979578,0.1892347542547439,0.8939704895019531,0.10602951049804688,0.0949248502239428,4.794217869034576
frame_007,frame_010,7,10,20,3,False,False,208,Labrador retriever,0.6053889805123853,0.5018840845549155,0.8391026258468628,0.1608973741531372,0.08073174240298493,4.8525653385013126
frame_007,frame_011,7,11,20,4,False,False,257,Great Pyrenees,0.33812064812803366,1.0843525000652274,0.7581788897514343,0.24182111024856567,0.11178256970056076,4.827642946071601
frame_007,frame_012,7,12,20,5,False,False,257,Great Pyrenees,0.56942107039917,0.5631351002580995,0.8410329818725586,0.1589670181274414,0.11783478373685759,4.741954173225953
frame_007,frame_013,7,13,20,6,False,False,257,Great Pyrenees,0.6425516620310224,0.44230805761491343,0.8266788721084595,0.17332112789154053,0.11374408108100462,4.649448675628213
frame_007,frame_014,7,14,20,7,False,False,208,Labrador retriever,0.48233097051508467,0.7291247397555343,0.7459839582443237,0.25401604175567627,0.12862926684019846,4.63344191039425
frame_007,frame_015,7,15,20,8,False,False,208,Labrador retriever,0.5488745961156325,0.5998852859408679,0.8112672567367554,0.18873274326324463,0.15965761413928725,4.52752713959708
frame_007,frame_016,7,16,20,9,False,False,257,Great Pyrenees,0.5816884342745098,0.5418203108924287,0.8208893537521362,0.17911064624786377,0.13527630001758245,4.543000044820648
frame_007,frame_017,7,17,20,10,False,False,257,Great Pyrenees,0.5852915826542426,0.5356451240385991,0.8326475620269775,0.16735243797302246,0.10636725432422038,4.525534294974966
frame_007,frame_018,7,18,20,11,False,False,257,Great Pyrenees,0.5852464754165063,0.5357221949846442,0.8091772794723511,0.19082272052764893,0.10345682296998553,4.550988685454758
frame_007,frame_019,7,19,20,12,False,False,257,Great Pyrenees,0.7571305105548773,0.2782196354445077,0.8463385105133057,0.15366148948669434,0.10839101583153854,4.5689542512441985
frame_007,frame_000,7,0,30,-7,False,False,176,"Saluki, gazelle hound",0.501550824387603,0.6900503319741951,0.7351042032241821,0.26489579677581787,0.04390547410339105,5.297933786674004
frame_007,frame_001,7,1,30,-6,False,False,207,golden retriever,0.611745388140805,0.49143911548498576,0.7725761532783508,0.22742384672164917,0.0376130601576238,5.3437745593654
frame_007,frame_002,7,2,30,-5,False,False,257,Great Pyrenees,0.4245627989381888,0.8566953479220727,0.7271019220352173,0.2728980779647827,0.049340530078481604,5.314011105747338
frame_007,frame_003,7,3,30,-4,False,False,257,Great Pyrenees,0.7452845309179328,0.2939892128205104,0.8481242656707764,0.15187573432922363,0.02993088425722271,5.5334931160309475
frame_007,frame_004,7,4,30,-3,False,False,257,Great Pyrenees,0.5298499607049093,0.6351614055239647,0.7708334922790527,0.22916650772094727,0.03253918934245706,5.487602603609109
frame_007,frame_005,7,5,30,-2,False,False,257,Great Pyrenees,0.430425168335924,0.8429817952273293,0.7773072719573975,0.22269272804260254,0.030518669274222067,5.4247199719587575
frame_007,frame_006,7,6,30,-1,False,False,207,golden retriever,0.4282066233963238,0.8481494349491632,0.7648630142211914,0.2351369857788086,0.06463329538675047,5.109866955820843
frame_007,frame_008,7,8,30,1,False,False,207,golden retriever,0.32854590998641525,1.113078694395048,0.7558404207229614,0.24415957927703857,0.07743149083025093,5.07230075311659
frame_007,frame_009,7,9,30,2,True,False,257,Great Pyrenees,0.8795586709106761,0.1283350076370282,0.9126114845275879,0.08738851547241211,0.06783956358987389,5.133289880984924
frame_007,frame_010,7,10,30,3,False,False,257,Great Pyrenees,0.481365369496637,0.7311286932863252,0.7926538586616516,0.2073461413383484,0.06060485498231793,5.183277863721273
frame_007,frame_011,7,11,30,4,False,False,257,Great Pyrenees,0.45358443302282536,0.7905738458902443,0.7490100264549255,0.25098997354507446,0.0424249219438653,5.164045941051461
frame_007,frame_012,7,12,30,5,False,False,257,Great Pyrenees,0.7630555318972675,0.2704244693536011,0.8594409227371216,0.14055907726287842,0.04649533896274679,5.172607555429773
frame_007,frame_013,7,13,30,6,False,False,257,Great Pyrenees,0.5402734658354477,0.6156798493964533,0.7701055407524109,0.2298944592475891,0.06563387759322074,5.16746466383069
frame_007,frame_014,7,14,30,7,False,True,208,Labrador retriever,0.3827225173428422,0.9604450501762205,0.7148579955101013,0.2851420044898987,0.029126009241345622,5.332587268325333
frame_007,frame_015,7,15,30,8,False,False,208,Labrador retriever,0.5451023916460052,0.6067816273852857,0.8051561117172241,0.19484388828277588,0.03144103240221255,5.335840510545893
frame_007,frame_016,7,16,30,9,False,False,257,Great Pyrenees,0.6462728686310764,0.43653346712241703,0.8237565159797668,0.17624348402023315,0.03632887088717384,5.316143150601293
frame_007,frame_017,7,17,30,10,False,False,257,Great Pyrenees,0.7586465267213378,0.2762193192572626,0.8754222393035889,0.12457776069641113,0.040129940461042575,5.269284211748564
frame_007,frame_018,7,18,30,11,False,False,257,Great Pyrenees,0.802040288339373,0.2205964375402263,0.8716338872909546,0.1283661127090454,0.03981928209062387,5.283734401112036
frame_007,frame_019,7,19,30,12,False,False,257,Great Pyrenees,0.8847758970805101,0.12242088967856812,0.9116714000701904,0.08832859992980957,0.039872157833697214,5.312835499131944
frame_007,frame_000,7,0,40,-7,False,True,169,"borzoi, Russian wolfhound",0.16851653989832535,1.7807213743730839,0.6236065626144409,0.3763934373855591,0.10196317206178121,3.953884186157266
frame_007,frame_001,7,1,40,-6,False,False,207,golden retriever,0.5456745055774368,0.6057326246325667,0.7283872365951538,0.2716127634048462,0.08353735641231441,4.045171985458592
frame_007,frame_002,7,2,40,-5,False,False,257,Great Pyrenees,0.5882742425297152,0.5305620409535923,0.7399190664291382,0.2600809335708618,0.12759906049022918,4.05496645370658
frame_007,frame_003,7,3,40,-4,False,False,257,Great Pyrenees,0.6894700768633759,0.3718319810032398,0.8738318681716919,0.1261681318283081,0.132004735515897,3.9576481264408256
frame_007,frame_004,7,4,40,-3,False,False,805,soccer ball,0.49404319838071925,0.7051323195025869,0.844363272190094,0.155636727809906,0.08737651949090791,4.0783671920096305
frame_007,frame_005,7,5,40,-2,False,False,257,Great Pyrenees,0.5402001805634425,0.6158155033707295,0.7929902076721191,0.20700979232788086,0.09891646995855331,3.9632535529175543
frame_007,frame_006,7,6,40,-1,False,False,183,Kerry blue terrier,0.3044176669606797,1.1893546160431727,0.736291766166687,0.263708233833313,0.10191687771663734,3.9086262418956608
frame_007,frame_008,7,8,40,1,False,False,183,Kerry blue terrier,0.45423624271311164,0.7891378578813484,0.7921234369277954,0.2078765630722046,0.11164645140740186,3.774223585571812
frame_007,frame_009,7,9,40,2,True,False,257,Great Pyrenees,0.9153524081968699,0.08844614228578296,0.9358788728713989,0.06412112712860107,0.09685648033470863,3.804144380476524
frame_007,frame_010,7,10,40,3,False,False,183,Kerry blue terrier,0.4774073263171666,0.7393852189086783,0.8268222212791443,0.1731777787208557,0.13469547705818535,3.7816896295406424
frame_007,frame_011,7,11,40,4,False,False,183,Kerry blue terrier,0.3867876755984836,0.9498793783757575,0.7861406207084656,0.21385937929153442,0.1289864373013779,3.7614844572889274
frame_007,frame_012,7,12,40,5,False,False,257,Great Pyrenees,0.6506202743560019,0.4298291028769343,0.8445645570755005,0.1554354429244995,0.12130866849327207,3.711863479334712
frame_007,frame_013,7,13,40,6,False,False,257,Great Pyrenees,0.3177475928016379,1.1464979447032277,0.7314237356185913,0.2685762643814087,0.14541152208000047,3.5745321296738375
frame_007,frame_014,7,14,40,7,False,False,977,"sandbar, sand bar",0.2568924572036066,1.359097736124092,0.7001931667327881,0.2998068332672119,0.11683549882929903,3.636556270025574
frame_007,frame_015,7,15,40,8,False,False,208,Labrador retriever,0.2983684209273559,1.209426244244143,0.7254570722579956,0.2745429277420044,0.1258199505822797,3.685361781887356
frame_007,frame_016,7,16,40,9,False,False,257,Great Pyrenees,0.5923327411303791,0.5236867392759841,0.7829477787017822,0.21705222129821777,0.1371838293462667,3.6302997960571783
frame_007,frame_017,7,17,40,10,False,False,257,Great Pyrenees,0.851368864348093,0.160909796202644,0.8933161497116089,0.10668385028839111,0.11202821114088571,3.706051901258541
frame_007,frame_018,7,18,40,11,False,False,257,Great Pyrenees,0.8606567042080936,0.15005957159172167,0.8906577825546265,0.10934221744537354,0.11792243579638521,3.681687158258592
frame_007,frame_019,7,19,40,12,False,False,257,Great Pyrenees,0.8768587958781747,0.1314093076938203,0.9119244813919067,0.08807551860809326,0.12245567977739213,3.710957997285611
frame_007,frame_000,7,0,50,-7,False,False,260,"chow, chow chow",0.4887891653407909,0.7158240372034963,0.6971958875656128,0.3028041124343872,0.07116136697436931,4.342791420144904
frame_007,frame_001,7,1,50,-6,False,False,207,golden retriever,0.60078307035927,0.509521357425788,0.7737942337989807,0.2262057662010193,0.07520399185778025,4.384133103120892
frame_007,frame_002,7,2,50,-5,False,True,257,Great Pyrenees,0.26556797325677106,1.3258844512681054,0.6762762069702148,0.32372379302978516,0.08082353282703231,4.345184461335194
frame_007,frame_003,7,3,50,-4,True,False,257,Great Pyrenees,0.756923242543883,0.2784934275894231,0.8691393136978149,0.13086068630218506,0.06612736039029045,4.396967083559388
frame_007,frame_004,7,4,50,-3,False,False,257,Great Pyrenees,0.5212699545401018,0.6514872245105439,0.8266363143920898,0.17336368560791016,0.06107553726032575,4.4404839622087575
frame_007,frame_005,7,5,50,-2,False,False,257,Great Pyrenees,0.4272755650418718,0.8503261225170533,0.7642596364021301,0.23574036359786987,0.071168927822798,4.3051015087674305
frame_007,frame_006,7,6,50,-1,False,False,207,golden retriever,0.49764968304704726,0.6978588971895996,0.785883903503418,0.21411609649658203,0.06563101040559884,4.248063900261789
frame_007,frame_008,7,8,50,1,False,False,183,Kerry blue terrier,0.42237386015174677,0.8618644326154339,0.8019486665725708,0.1980513334274292,0.076153828701989,4.189636038822153
frame_007,frame_009,7,9,50,2,False,False,257,Great Pyrenees,0.7246616599548742,0.3220504089788734,0.8554344177246094,0.14456558227539062,0.08657501025866648,4.176749987415319
frame_007,frame_010,7,10,50,3,False,False,208,Labrador retriever,0.439565768716652,0.8219679286460235,0.8324369192123413,0.1675630807876587,0.08206489619363218,4.197653591620852
frame_007,frame_011,7,11,50,4,False,False,183,Kerry blue terrier,0.4683405418808912,0.7585595940843612,0.769321084022522,0.23067891597747803,0.0812176236248093,4.146368598586774
frame_007,frame_012,7,12,50,5,False,False,208,Labrador retriever,0.3573776392637318,1.028962243228822,0.7920284271240234,0.20797157287597656,0.07699802512447028,4.085689205386967
frame_007,frame_013,7,13,50,6,False,False,257,Great Pyrenees,0.2568864634371893,1.3591210682078998,0.7244597673416138,0.27554023265838623,0.09254182063756891,4.038854882741315
frame_007,frame_014,7,14,50,7,False,False,208,Labrador retriever,0.2901903842610741,1.237218073949822,0.7209131717681885,0.2790868282318115,0.08364365253547507,4.037522945562913
frame_007,frame_015,7,15,50,8,False,False,208,Labrador retriever,0.6804906334695014,0.3849412211741732,0.8246314525604248,0.1753685474395752,0.0852568139682596,3.981573442915698
frame_007,frame_016,7,16,50,9,False,False,208,Labrador retriever,0.45971439548136483,0.7771498617127595,0.7959526777267456,0.2040473222732544,0.09435343703188223,3.919043256156686
frame_007,frame_017,7,17,50,10,False,False,257,Great Pyrenees,0.5607345310913614,0.5785076920677863,0.8089607954025269,0.19103920459747314,0.1381345108732923,3.8381196077231974
frame_007,frame_018,7,18,50,11,False,False,257,Great Pyrenees,0.7058211498789051,0.348393402365472,0.8147375583648682,0.18526244163513184,0.09714341270138473,3.843191084794903
frame_007,frame_019,7,19,50,12,False,False,257,Great Pyrenees,0.6741367777016725,0.3943222543827263,0.8279751539230347,0.17202484607696533,0.08689771512445454,3.8977037932124468
frame_008,frame_000,8,0,5,-8,True,False,169,"borzoi, Russian wolfhound",0.6115685406088106,0.4917282441036832,0.7375880479812622,0.2624119520187378,0.030242888665312793,4.94251232549451
frame_008,frame_001,8,1,5,-7,False,False,169,"borzoi, Russian wolfhound",0.3932010288056577,0.9334342742179969,0.6267056465148926,0.3732943534851074,0.027410274059686608,4.918565254986561
frame_008,frame_002,8,2,5,-6,False,False,177,"Scottish deerhound, deerhound",0.1632268260662232,1.8126144745545076,0.5599155426025391,0.44008445739746094,0.031145489274226914,4.904999676521258
frame_008,frame_003,8,3,5,-5,False,False,257,Great Pyrenees,0.35494741210677855,1.0357856353902637,0.6690335869789124,0.33096641302108765,0.031467586889692305,4.968530598049599
frame_008,frame_004,8,4,5,-4,False,False,257,Great Pyrenees,0.24090600468153855,1.4233484436381758,0.6492164134979248,0.3507835865020752,0.03202751271950417,4.912222140067263
frame_008,frame_005,8,5,5,-3,False,False,212,English setter,0.19869307202467487,1.6159939965411505,0.6073672771453857,0.39263272285461426,0.03439223438652756,4.8703215253740275
frame_008,frame_006,8,6,5,-2,False,False,169,"borzoi, Russian wolfhound",0.2838588067701249,1.2592783237056953,0.5903276205062866,0.4096723794937134,0.028358748414525643,4.851199493025443
frame_008,frame_007,8,7,5,-1,False,False,169,"borzoi, Russian wolfhound",0.2175683868380571,1.5252420556297723,0.5731228590011597,0.42687714099884033,0.03662866059993034,4.844917225028613
frame_008,frame_009,8,9,5,1,False,False,169,"borzoi, Russian wolfhound",0.1502457135351534,1.895483234857947,0.5564311742782593,0.4435688257217407,0.04321667498712009,4.842215958345542
frame_008,frame_010,8,10,5,2,False,False,169,"borzoi, Russian wolfhound",0.16377588037927437,1.8092563688373575,0.5422914624214172,0.45770853757858276,0.03754742158112936,4.850005113298947
frame_008,frame_011,8,11,5,3,False,False,169,"borzoi, Russian wolfhound",0.18157100207442256,1.70610850577211,0.5418499708175659,0.4581500291824341,0.03309050539464114,4.832423826453594
frame_008,frame_012,8,12,5,4,False,True,169,"borzoi, Russian wolfhound",0.10418466004452867,2.261590376963534,0.5231491923332214,0.47685080766677856,0.04030791287407528,4.80232196011486
frame_008,frame_013,8,13,5,5,False,False,218,Welsh springer spaniel,0.15312139222258203,1.8765242589560929,0.5678007006645203,0.43219929933547974,0.04067348277025996,4.753284181552623
frame_008,frame_014,8,14,5,6,False,False,218,Welsh springer spaniel,0.18901033084231422,1.6659536048749826,0.5265508890151978,0.47344911098480225,0.03929766623490416,4.792521721758851
frame_008,frame_015,8,15,5,7,False,False,218,Welsh springer spaniel,0.21991612438885827,1.5145090581030103,0.5472234487533569,0.45277655124664307,0.03684864570106977,4.729286525725468
frame_008,frame_016,8,16,5,8,False,False,218,Welsh springer spaniel,0.20372377313107704,1.5909902559754716,0.5791889429092407,0.4208110570907593,0.040942844301113925,4.741235376353314
frame_008,frame_017,8,17,5,9,False,False,257,Great Pyrenees,0.19242842300272206,1.6480310229569648,0.5766458511352539,0.4233541488647461,0.042495705700278455,4.75808900152575
frame_008,frame_018,8,18,5,10,False,False,257,Great Pyrenees,0.14191244747687104,1.9525449786008036,0.545135498046875,0.454864501953125,0.04284093259897516,4.735339435951596
frame_008,frame_019,8,19,5,11,False,False,257,Great Pyrenees,0.14472176155036723,1.932942265841156,0.5391099452972412,0.4608900547027588,0.04208845065566371,4.715805319833136
frame_008,frame_000,8,0,10,-8,False,False,257,Great Pyrenees,0.2546626207993999,1.3678156655232758,0.6936905384063721,0.30630946159362793,0.14959487446007455,3.9532591199533442
frame_008,frame_001,8,1,10,-7,False,False,207,golden retriever,0.31967845687774427,1.1404396106177321,0.7166632413864136,0.2833367586135864,0.11155940043378572,4.072880845741322
frame_008,frame_002,8,2,10,-6,False,False,257,Great Pyrenees,0.4925780656185391,0.7081023220610669,0.7123459577560425,0.2876540422439575,0.1573435946542174,4.039334815118072
frame_008,frame_003,8,3,10,-5,True,False,257,Great Pyrenees,0.7855735920326745,0.24134113753656994,0.8822641372680664,0.1177358627319336,0.15736009268091192,3.9720600534283372
frame_008,frame_004,8,4,10,-4,False,False,257,Great Pyrenees,0.6443555053200042,0.4395046782941625,0.8315024375915527,0.16849756240844727,0.11317859695624037,4.120273905338666
frame_008,frame_005,8,5,10,-3,False,False,257,Great Pyrenees,0.5857376315894429,0.5348833173281484,0.799091100692749,0.20090889930725098,0.12377752508312528,3.9607696239092753
frame_008,frame_006,8,6,10,-2,False,False,207,golden retriever,0.3574765469716651,1.0286855218764988,0.6725602149963379,0.3274397850036621,0.1256104804393789,3.933184651846081
frame_008,frame_007,8,7,10,-1,False,False,212,English setter,0.4476309563390086,0.8037861442142136,0.7037171125411987,0.29628288745880127,0.14932153341586746,3.883967700531808
frame_008,frame_009,8,9,10,1,False,False,257,Great Pyrenees,0.833862004320899,0.18168735275877612,0.8775823712348938,0.1224176287651062,0.11381644715272261,3.874067502677415
frame_008,frame_010,8,10,10,2,False,False,257,Great Pyrenees,0.37493270161467807,0.981008731477881,0.7577892541885376,0.2422107458114624,0.1373198903678565,3.9232201355992884
frame_008,frame_011,8,11,10,3,False,False,216,"clumber, clumber spaniel",0.3568493741785895,1.0304415073046131,0.7228566408157349,0.27714335918426514,0.160560862120748,3.8931567121546236
frame_008,frame_012,8,12,10,4,False,False,257,Great Pyrenees,0.5802142791453272,0.5443577968680495,0.7855324745178223,0.21446752548217773,0.15473200552440985,3.8734879006257597
frame_008,frame_013,8,13,10,5,False,False,805,soccer ball,0.44594434261212684,0.8075611270987775,0.7558249831199646,0.2441750168800354,0.16898702922696782,3.7724715572511283
frame_008,frame_014,8,14,10,6,False,True,805,soccer ball,0.3274777029492822,1.1163353088221672,0.6696541905403137,0.3303458094596863,0.1445937909139166,3.80106977178847
frame_008,frame_015,8,15,10,7,False,False,208,Labrador retriever,0.30328463519483834,1.193083524341528,0.716722846031189,0.28327715396881104,0.1681098399470683,3.769520455740149
frame_008,frame_016,8,16,10,8,False,False,257,Great Pyrenees,0.3654644648315873,1.0065862279617988,0.7467275857925415,0.2532724142074585,0.15302581989087122,3.7291754613397963
frame_008,frame_017,8,17,10,9,False,False,257,Great Pyrenees,0.6025458355795575,0.5065915408602146,0.7648334503173828,0.2351665496826172,0.1330990742547073,3.782172960543611
frame_008,frame_018,8,18,10,10,False,False,257,Great Pyrenees,0.4784621950721559,0.7371780783740869,0.7312236428260803,0.2687763571739197,0.1471157255611916,3.7343396772558526
frame_008,frame_019,8,19,10,11,False,False,257,Great Pyrenees,0.5349134651409343,0.6256502925687748,0.7756368517875671,0.22436314821243286,0.1471498731696591,3.7453227491625043
frame_008,frame_000,8,0,20,-8,False,True,208,Labrador retriever,0.2756047138891953,1.2887876358916817,0.6733367443084717,0.3266632556915283,0.11668297725856883,4.761031659245203
frame_008,frame_001,8,1,20,-7,False,False,207,golden retriever,0.6269344745899198,0.46691325004654605,0.7733272910118103,0.2266727089881897,0.08219949208904974,4.86965067233187
frame_008,frame_002,8,2,20,-6,False,False,257,Great Pyrenees,0.48016150082089226,0.7336327716266622,0.7204862833023071,0.27951371669769287,0.10664977924173114,4.7790195154328865
frame_008,frame_003,8,3,20,-5,True,False,257,Great Pyrenees,0.8710683654937171,0.138034814401935,0.9086406826972961,0.09135931730270386,0.09811098868921692,4.852085986971756
frame_008,frame_004,8,4,20,-4,False,False,257,Great Pyrenees,0.6725940078594307,0.3966133886371055,0.8085065484046936,0.1914934515953064,0.06780904312549571,4.85631004269878
frame_008,frame_005,8,5,20,-3,False,False,257,Great Pyrenees,0.5753610725318792,0.5527574830349327,0.8153570294380188,0.1846429705619812,0.10820768779933003,4.74727012763284
frame_008,frame_006,8,6,20,-2,False,False,207,golden retriever,0.6568563550646334,0.42028992205118154,0.7971441745758057,0.20285582542419434,0.11250929017452979,4.724563129866374
frame_008,frame_007,8,7,20,-1,False,False,207,golden retriever,0.565175165439415,0.5706195685578388,0.7594629526138306,0.24053704738616943,0.14736785428538646,4.7348664810316565
frame_008,frame_009,8,9,20,1,False,False,257,Great Pyrenees,0.8275922030979578,0.1892347542547439,0.8939704895019531,0.10602951049804688,0.09543996411569733,4.783087085912451
frame_008,frame_010,8,10,20,2,False,False,208,Labrador retriever,0.6053889805123853,0.5018840845549155,0.8391026258468628,0.1608973741531372,0.0841231271591666,4.84911608093528
frame_008,frame_011,8,11,20,3,False,False,257,Great Pyrenees,0.33812064812803366,1.0843525000652274,0.7581788897514343,0.24182111024856567,0.11572047819505397,4.819040689713525
frame_008,frame_012,8,12,20,4,False,False,257,Great Pyrenees,0.56942107039917,0.5631351002580995,0.8410329818725586,0.1589670181274414,0.12169675214554015,4.731254204291639
frame_008,frame_013,8,13,20,5,False,False,257,Great Pyrenees,0.6425516620310224,0.44230805761491343,0.8266788721084595,0.17332112789154053,0.11568574781546147,4.625421175378385
frame_008,frame_014,8,14,20,6,False,False,208,Labrador retriever,0.48233097051508467,0.7291247397555343,0.7459839582443237,0.25401604175567627,0.13169528290317115,4.6200548489180155
frame_008,frame_015,8,15,20,7,False,False,208,Labrador retriever,0.5488745961156325,0.5998852859408679,0.8112672567367554,0.18873274326324463,0.16435533563423457,4.505880821207473
frame_008,frame_016,8,16,20,8,False,False,257,Great Pyrenees,0.5816884342745098,0.5418203108924287,0.8208893537521362,0.17911064624786377,0.13965055143207147,4.5219188285613905
frame_008,frame_017,8,17,20,9,False,False,257,Great Pyrenees,0.5852915826542426,0.5356451240385991,0.8326475620269775,0.16735243797302246,0.1092081318742941,4.529168795767621
frame_008,frame_018,8,18,20,10,False,False,257,Great Pyrenees,0.5852464754165063,0.5357221949846442,0.8091772794723511,0.19082272052764893,0.10594758697695202,4.557346694083705
frame_008,frame_019,8,19,20,11,False,False,257,Great Pyrenees,0.7571305105548773,0.2782196354445077,0.8463385105133057,0.15366148948669434,0.11107129003442325,4.574985802106343
frame_008,frame_000,8,0,30,-8,False,False,176,"Saluki, gazelle hound",0.501550824387603,0.6900503319741951,0.7351042032241821,0.26489579677581787,0.03400107074864999,5.324427637106675
frame_008,frame_001,8,1,30,-7,False,False,207,golden retriever,0.611745388140805,0.49143911548498576,0.7725761532783508,0.22742384672164917,0.04713218635002977,5.336760221443065
frame_008,frame_002,8,2,30,-6,False,False,257,Great Pyrenees,0.4245627989381888,0.8566953479220727,0.7271019220352173,0.2728980779647827,0.045695170660411885,5.311159875383559
frame_008,frame_003,8,3,30,-5,False,False,257,Great Pyrenees,0.7452845309179328,0.2939892128205104,0.8481242656707764,0.15187573432922363,0.027461837529593934,5.499016463355244
frame_008,frame_004,8,4,30,-4,False,False,257,Great Pyrenees,0.5298499607049093,0.6351614055239647,0.7708334922790527,0.22916650772094727,0.024585770893335468,5.464708979534114
frame_008,frame_005,8,5,30,-3,False,False,257,Great Pyrenees,0.430425168335924,0.8429817952273293,0.7773072719573975,0.22269272804260254,0.03037605990399682,5.41848274851527
frame_008,frame_006,8,6,30,-2,False,False,207,golden retriever,0.4282066233963238,0.8481494349491632,0.7648630142211914,0.2351369857788086,0.0524052712044463,5.125327652130667
frame_008,frame_007,8,7,30,-1,False,False,176,"Saluki, gazelle hound",0.4201161797407303,0.8672239875262369,0.7692373991012573,0.23076260089874268,0.057244427379701944,5.098598730683444
frame_008,frame_009,8,9,30,1,True,False,257,Great Pyrenees,0.8795586709106761,0.1283350076370282,0.9126114845275879,0.08738851547241211,0.053521525047599695,5.172963903338319
frame_008,frame_010,8,10,30,2,False,False,257,Great Pyrenees,0.481365369496637,0.7311286932863252,0.7926538586616516,0.2073461413383484,0.048573870462062047,5.210015546706726
frame_008,frame_011,8,11,30,3,False,False,257,Great Pyrenees,0.45358443302282536,0.7905738458902443,0.7490100264549255,0.25098997354507446,0.043828620358189976,5.173921148693422
frame_008,frame_012,8,12,30,4,False,False,257,Great Pyrenees,0.7630555318972675,0.2704244693536011,0.8594409227371216,0.14055907726287842,0.047665704686099195,5.176887570418269
frame_008,frame_013,8,13,30,5,False,False,257,Great Pyrenees,0.5402734658354477,0.6156798493964533,0.7701055407524109,0.2298944592475891,0.05280083685464425,5.157978666539985
frame_008,frame_014,8,14,30,6,False,True,208,Labrador retriever,0.3827225173428422,0.9604450501762205,0.7148579955101013,0.2851420044898987,0.033750913702760996,5.317749170453762
frame_008,frame_015,8,15,30,7,False,False,208,Labrador retriever,0.5451023916460052,0.6067816273852857,0.8051561117172241,0.19484388828277588,0.030569890726877096,5.327245067681202
frame_008,frame_016,8,16,30,8,False,False,257,Great Pyrenees,0.6462728686310764,0.43653346712241703,0.8237565159797668,0.17624348402023315,0.04249493408593078,5.3122262624514835
frame_008,frame_017,8,17,30,9,False,False,257,Great Pyrenees,0.7586465267213378,0.2762193192572626,0.8754222393035889,0.12457776069641113,0.04899127019579539,5.259482898741924
frame_008,frame_018,8,18,30,10,False,False,257,Great Pyrenees,0.802040288339373,0.2205964375402263,0.8716338872909546,0.1283661127090454,0.0351107533591339,5.28844231718967
frame_008,frame_019,8,19,30,11,False,False,257,Great Pyrenees,0.8847758970805101,0.12242088967856812,0.9116714000701904,0.08832859992980957,0.03203705046993194,5.309094997104881
frame_008,frame_000,8,0,40,-8,False,True,169,"borzoi, Russian wolfhound",0.16851653989832535,1.7807213743730839,0.6236065626144409,0.3763934373855591,0.10253841528504015,3.9019729569302983
frame_008,frame_001,8,1,40,-7,False,False,207,golden retriever,0.5456745055774368,0.6057326246325667,0.7283872365951538,0.2716127634048462,0.08563993903538891,4.021231258468944
frame_008,frame_002,8,2,40,-6,False,False,257,Great Pyrenees,0.5882742425297152,0.5305620409535923,0.7399190664291382,0.2600809335708618,0.13003356116399542,4.030804924846914
frame_008,frame_003,8,3,40,-5,False,False,257,Great Pyrenees,0.6894700768633759,0.3718319810032398,0.8738318681716919,0.1261681318283081,0.13158002043799977,3.9181846171702492
frame_008,frame_004,8,4,40,-4,False,False,805,soccer ball,0.49404319838071925,0.7051323195025869,0.844363272190094,0.155636727809906,0.08585832261019585,4.052338752094052
frame_008,frame_005,8,5,40,-3,False,False,257,Great Pyrenees,0.5402001805634425,0.6158155033707295,0.7929902076721191,0.20700979232788086,0.0988766581463106,3.9415115837560624
frame_008,frame_006,8,6,40,-2,False,False,183,Kerry blue terrier,0.3044176669606797,1.1893546160431727,0.736291766166687,0.263708233833313,0.10177925860631064,3.8879643341155026
frame_008,frame_007,8,7,40,-1,False,False,183,Kerry blue terrier,0.43520825506513217,0.8319306151802013,0.7671858072280884,0.23281419277191162,0.11903767447037635,3.8090528695967505
frame_008,frame_009,8,9,40,1,True,False,257,Great Pyrenees,0.9153524081968699,0.08844614228578296,0.9358788728713989,0.06412112712860107,0.09431593833218192,3.7780625159560515
frame_008,frame_010,8,10,40,2,False,False,183,Kerry blue terrier,0.4774073263171666,0.7393852189086783,0.8268222212791443,0.1731777787208557,0.14119240715095555,3.7476840211788467
frame_008,frame_011,8,11,40,3,False,False,183,Kerry blue terrier,0.3867876755984836,0.9498793783757575,0.7861406207084656,0.21385937929153442,0.13658745480263274,3.7290420444888945
frame_008,frame_012,8,12,40,4,False,False,257,Great Pyrenees,0.6506202743560019,0.4298291028769343,0.8445645570755005,0.1554354429244995,0.1260676351870264,3.6875120553961547
frame_008,frame_013,8,13,40,5,False,False,257,Great Pyrenees,0.3177475928016379,1.1464979447032277,0.7314237356185913,0.2685762643814087,0.15310842248248988,3.529243524453968
frame_008,frame_014,8,14,40,6,False,False,977,"sandbar, sand bar",0.2568924572036066,1.359097736124092,0.7001931667327881,0.2998068332672119,0.11588179993255322,3.5939870948406116
frame_008,frame_015,8,15,40,7,False,False,208,Labrador retriever,0.2983684209273559,1.209426244244143,0.7254570722579956,0.2745429277420044,0.1297304929569084,3.641116882513116
frame_008,frame_016,8,16,40,8,False,False,257,Great Pyrenees,0.5923327411303791,0.5236867392759841,0.7829477787017822,0.21705222129821777,0.13492885075547353,3.5915525066109124
frame_008,frame_017,8,17,40,9,False,False,257,Great Pyrenees,0.851368864348093,0.160909796202644,0.8933161497116089,0.10668385028839111,0.11712207390160405,3.6679266784323135
frame_008,frame_018,8,18,40,10,False,False,257,Great Pyrenees,0.8606567042080936,0.15005957159172167,0.8906577825546265,0.10934221744537354,0.1231598638841531,3.6489951161196874
frame_008,frame_019,8,19,40,11,False,False,257,Great Pyrenees,0.8768587958781747,0.1314093076938203,0.9119244813919067,0.08807551860809326,0.12867589408128222,3.6872306109655093
frame_008,frame_000,8,0,50,-8,False,False,260,"chow, chow chow",0.4887891653407909,0.7158240372034963,0.6971958875656128,0.3028041124343872,0.08523440322212684,4.135698119139388
frame_008,frame_001,8,1,50,-7,False,False,207,golden retriever,0.60078307035927,0.509521357425788,0.7737942337989807,0.2262057662010193,0.08547373061969352,4.18443906518822
frame_008,frame_002,8,2,50,-6,False,True,257,Great Pyrenees,0.26556797325677106,1.3258844512681054,0.6762762069702148,0.32372379302978516,0.08889663351788596,4.165117018656259
frame_008,frame_003,8,3,50,-5,True,False,257,Great Pyrenees,0.756923242543883,0.2784934275894231,0.8691393136978149,0.13086068630218506,0.07712864832090974,4.219296380150648
frame_008,frame_004,8,4,50,-4,False,False,257,Great Pyrenees,0.5212699545401018,0.6514872245105439,0.8266363143920898,0.17336368560791016,0.06434161984537558,4.2899128366794095
frame_008,frame_005,8,5,50,-3,False,False,257,Great Pyrenees,0.4272755650418718,0.8503261225170533,0.7642596364021301,0.23574036359786987,0.06535032268166459,4.143621565568961
frame_008,frame_006,8,6,50,-2,False,False,207,golden retriever,0.49764968304704726,0.6978588971895996,0.785883903503418,0.21411609649658203,0.06310231177566686,4.089177730222195
frame_008,frame_007,8,7,50,-1,False,False,183,Kerry blue terrier,0.45322499103541763,0.791366607845946,0.7945763468742371,0.20542365312576294,0.0797736337240196,3.9609619540112804
frame_008,frame_009,8,9,50,1,False,False,257,Great Pyrenees,0.7246616599548742,0.3220504089788734,0.8554344177246094,0.14456558227539062,0.09271679841489396,3.9982563316618434
frame_008,frame_010,8,10,50,2,False,False,208,Labrador retriever,0.439565768716652,0.8219679286460235,0.8324369192123413,0.1675630807876587,0.11137032643974769,3.954262161469513
frame_008,frame_011,8,11,50,3,False,False,183,Kerry blue terrier,0.4683405418808912,0.7585595940843612,0.769321084022522,0.23067891597747803,0.10396413516367209,3.911980496286028
frame_008,frame_012,8,12,50,4,False,False,208,Labrador retriever,0.3573776392637318,1.028962243228822,0.7920284271240234,0.20797157287597656,0.0986484735703368,3.883748145703668
frame_008,frame_013,8,13,50,5,False,False,257,Great Pyrenees,0.2568864634371893,1.3591210682078998,0.7244597673416138,0.27554023265838623,0.12918283005024397,3.8133183770446295
frame_008,frame_014,8,14,50,6,False,False,208,Labrador retriever,0.2901903842610741,1.237218073949822,0.7209131717681885,0.2790868282318115,0.11596889533277653,3.8170761761879604
frame_008,frame_015,8,15,50,7,False,False,208,Labrador retriever,0.6804906334695014,0.3849412211741732,0.8246314525604248,0.1753685474395752,0.10330977711182773,3.7988605669383486
frame_008,frame_016,8,16,50,8,False,False,208,Labrador retriever,0.45971439548136483,0.7771498617127595,0.7959526777267456,0.2040473222732544,0.11150652358654352,3.7215192237629795
frame_008,frame_017,8,17,50,9,False,False,257,Great Pyrenees,0.5607345310913614,0.5785076920677863,0.8089607954025269,0.19103920459747314,0.16609619976188772,3.6121212263293776
frame_008,frame_018,8,18,50,10,False,False,257,Great Pyrenees,0.7058211498789051,0.348393402365472,0.8147375583648682,0.18526244163513184,0.10721942700849825,3.651190910460508
frame_008,frame_019,8,19,50,11,False,False,257,Great Pyrenees,0.6741367777016725,0.3943222543827263,0.8279751539230347,0.17202484607696533,0.09813358076449656,3.727828322730927
frame_009,frame_000,9,0,5,-9,True,False,169,"borzoi, Russian wolfhound",0.6115685406088106,0.4917282441036832,0.7375880479812622,0.2624119520187378,0.03416212237097141,4.908490868306672
frame_009,frame_001,9,1,5,-8,False,False,169,"borzoi, Russian wolfhound",0.3932010288056577,0.9334342742179969,0.6267056465148926,0.3732943534851074,0.030068011931975128,4.8956688203639525
frame_009,frame_002,9,2,5,-7,False,False,177,"Scottish deerhound, deerhound",0.1632268260662232,1.8126144745545076,0.5599155426025391,0.44008445739746094,0.03584906113788442,4.874029808343265
frame_009,frame_003,9,3,5,-6,False,False,257,Great Pyrenees,0.35494741210677855,1.0357856353902637,0.6690335869789124,0.33096641302108765,0.03699513901401322,4.933263043263565
frame_009,frame_004,9,4,5,-5,False,False,257,Great Pyrenees,0.24090600468153855,1.4233484436381758,0.6492164134979248,0.3507835865020752,0.032739814518503406,4.875350132962722
frame_009,frame_005,9,5,5,-4,False,False,212,English setter,0.19869307202467487,1.6159939965411505,0.6073672771453857,0.39263272285461426,0.037910841780324056,4.828310681718026
frame_009,frame_006,9,6,5,-3,False,False,169,"borzoi, Russian wolfhound",0.2838588067701249,1.2592783237056953,0.5903276205062866,0.4096723794937134,0.031181438254553787,4.81935346945552
frame_009,frame_007,9,7,5,-2,False,False,169,"borzoi, Russian wolfhound",0.2175683868380571,1.5252420556297723,0.5731228590011597,0.42687714099884033,0.040355343490694154,4.811138649125477
frame_009,frame_008,9,8,5,-1,False,False,169,"borzoi, Russian wolfhound",0.1329521259984176,2.017766170458814,0.5363149046897888,0.4636850953102112,0.041395603529989757,4.81353155355219
frame_009,frame_010,9,10,5,1,False,False,169,"borzoi, Russian wolfhound",0.16377588037927437,1.8092563688373575,0.5422914624214172,0.45770853757858276,0.04037041230038671,4.817739458332948
frame_009,frame_011,9,11,5,2,False,False,169,"borzoi, Russian wolfhound",0.18157100207442256,1.70610850577211,0.5418499708175659,0.4581500291824341,0.03596038364122727,4.7875841512721795
frame_009,frame_012,9,12,5,3,False,True,169,"borzoi, Russian wolfhound",0.10418466004452867,2.261590376963534,0.5231491923332214,0.47685080766677856,0.04394909448363193,4.753933336934779
frame_009,frame_013,9,13,5,4,False,False,218,Welsh springer spaniel,0.15312139222258203,1.8765242589560929,0.5678007006645203,0.43219929933547974,0.04492349219723219,4.703533111510154
frame_009,frame_014,9,14,5,5,False,False,218,Welsh springer spaniel,0.18901033084231422,1.6659536048749826,0.5265508890151978,0.47344911098480225,0.04215517665257144,4.745573659624048
frame_009,frame_015,9,15,5,6,False,False,218,Welsh springer spaniel,0.21991612438885827,1.5145090581030103,0.5472234487533569,0.45277655124664307,0.03986842180940285,4.684968972056376
frame_009,frame_016,9,16,5,7,False,False,218,Welsh springer spaniel,0.20372377313107704,1.5909902559754716,0.5791889429092407,0.4208110570907593,0.043250616567631246,4.693560859194449
frame_009,frame_017,9,17,5,8,False,False,257,Great Pyrenees,0.19242842300272206,1.6480310229569648,0.5766458511352539,0.4233541488647461,0.045306264398841056,4.704200770146246
frame_009,frame_018,9,18,5,9,False,False,257,Great Pyrenees,0.14191244747687104,1.9525449786008036,0.545135498046875,0.454864501953125,0.0457392194236369,4.677871132943682
frame_009,frame_019,9,19,5,10,False,False,257,Great Pyrenees,0.14472176155036723,1.932942265841156,0.5391099452972412,0.4608900547027588,0.044367487774676535,4.657937216433821
frame_009,frame_000,9,0,10,-9,False,False,257,Great Pyrenees,0.2546626207993999,1.3678156655232758,0.6936905384063721,0.30630946159362793,0.1620202691760416,3.8712780964374565
frame_009,frame_001,9,1,10,-8,False,False,207,golden retriever,0.31967845687774427,1.1404396106177321,0.7166632413864136,0.2833367586135864,0.12266286387230411,4.011045801180809
frame_009,frame_002,9,2,10,-7,False,False,257,Great Pyrenees,0.4925780656185391,0.7081023220610669,0.7123459577560425,0.2876540422439575,0.1763197094352228,3.974332599985863
frame_009,frame_003,9,3,10,-6,True,False,257,Great Pyrenees,0.7855735920326745,0.24134113753656994,0.8822641372680664,0.1177358627319336,0.17044389711521588,3.8756512381111214
frame_009,frame_004,9,4,10,-5,False,False,257,Great Pyrenees,0.6443555053200042,0.4395046782941625,0.8315024375915527,0.16849756240844727,0.1261220001199418,4.038933726183341
frame_009,frame_005,9,5,10,-4,False,False,257,Great Pyrenees,0.5857376315894429,0.5348833173281484,0.799091100692749,0.20090889930725098,0.13596414126824863,3.893834566099689
frame_009,frame_006,9,6,10,-3,False,False,207,golden retriever,0.3574765469716651,1.0286855218764988,0.6725602149963379,0.3274397850036621,0.13160040829648628,3.8774085212535234
frame_009,frame_007,9,7,10,-2,False,False,212,English setter,0.4476309563390086,0.8037861442142136,0.7037171125411987,0.29628288745880127,0.1620504749039086,3.8280068516493557
frame_009,frame_008,9,8,10,-1,False,False,207,golden retriever,0.282741997980702,1.2632204650735517,0.7126432061195374,0.28735679388046265,0.13044142920487517,3.833014544241778
frame_009,frame_010,9,10,10,1,False,False,257,Great Pyrenees,0.37493270161467807,0.981008731477881,0.7577892541885376,0.2422107458114624,0.14403104341193387,3.8710741538306985
frame_009,frame_011,9,11,10,2,False,False,216,"clumber, clumber spaniel",0.3568493741785895,1.0304415073046131,0.7228566408157349,0.27714335918426514,0.17080396105885418,3.833619060407637
frame_009,frame_012,9,12,10,3,False,False,257,Great Pyrenees,0.5802142791453272,0.5443577968680495,0.7855324745178223,0.21446752548217773,0.16464614894908483,3.812479827204826
frame_009,frame_013,9,13,10,4,False,False,805,soccer ball,0.44594434261212684,0.8075611270987775,0.7558249831199646,0.2441750168800354,0.17586547584301,3.7025660369672875
frame_009,frame_014,9,14,10,5,False,True,805,soccer ball,0.3274777029492822,1.1163353088221672,0.6696541905403137,0.3303458094596863,0.15901895144857967,3.7508375257424067
frame_009,frame_015,9,15,10,6,False,False,208,Labrador retriever,0.30328463519483834,1.193083524341528,0.716722846031189,0.28327715396881104,0.17858634868041245,3.727145911909978
frame_009,frame_016,9,16,10,7,False,False,257,Great Pyrenees,0.3654644648315873,1.0065862279617988,0.7467275857925415,0.2532724142074585,0.15731528387417615,3.679520219862541
frame_009,frame_017,9,17,10,8,False,False,257,Great Pyrenees,0.6025458355795575,0.5065915408602146,0.7648334503173828,0.2351665496826172,0.14099262710757837,3.7172299671297435
frame_009,frame_018,9,18,10,9,False,False,257,Great Pyrenees,0.4784621950721559,0.7371780783740869,0.7312236428260803,0.2687763571739197,0.15865923328761117,3.6685205460993
frame_009,frame_019,9,19,10,10,False,False,257,Great Pyrenees,0.5349134651409343,0.6256502925687748,0.7756368517875671,0.22436314821243286,0.15372327682607945,3.6868508987701865
frame_009,frame_000,9,0,20,-9,False,True,208,Labrador retriever,0.2756047138891953,1.2887876358916817,0.6733367443084717,0.3266632556915283,0.11722849355226495,4.792521693215881
frame_009,frame_001,9,1,20,-8,False,False,207,golden retriever,0.6269344745899198,0.46691325004654605,0.7733272910118103,0.2266727089881897,0.08438190711917314,4.928179318809313
frame_009,frame_002,9,2,20,-7,False,False,257,Great Pyrenees,0.48016150082089226,0.7336327716266622,0.7204862833023071,0.27951371669769287,0.10888589989876249,4.808524085207337
frame_009,frame_003,9,3,20,-6,True,False,257,Great Pyrenees,0.8710683654937171,0.138034814401935,0.9086406826972961,0.09135931730270386,0.09296705330698773,4.865688816903401
frame_009,frame_004,9,4,20,-5,False,False,257,Great Pyrenees,0.6725940078594307,0.3966133886371055,0.8085065484046936,0.1914934515953064,0.07422103012708858,4.867298696963523
frame_009,frame_005,9,5,20,-4,False,False,257,Great Pyrenees,0.5753610725318792,0.5527574830349327,0.8153570294380188,0.1846429705619812,0.10468442889916027,4.776095431400348
frame_009,frame_006,9,6,20,-3,False,False,207,golden retriever,0.6568563550646334,0.42028992205118154,0.7971441745758057,0.20285582542419434,0.1057239041208383,4.776393981629915
frame_009,frame_007,9,7,20,-2,False,False,207,golden retriever,0.565175165439415,0.5706195685578388,0.7594629526138306,0.24053704738616943,0.14202588458482607,4.7879933944587085
frame_009,frame_008,9,8,20,-1,False,False,207,golden retriever,0.4698758409178827,0.7552867874364377,0.7976190447807312,0.2023809552192688,0.10307291605800072,4.880294454762157
frame_009,frame_010,9,10,20,1,False,False,208,Labrador retriever,0.6053889805123853,0.5018840845549155,0.8391026258468628,0.1608973741531372,0.08026386065188794,4.904342990337294
frame_009,frame_011,9,11,20,2,False,False,257,Great Pyrenees,0.33812064812803366,1.0843525000652274,0.7581788897514343,0.24182111024856567,0.11477826670824459,4.880320821751674
frame_009,frame_012,9,12,20,3,False,False,257,Great Pyrenees,0.56942107039917,0.5631351002580995,0.8410329818725586,0.1589670181274414,0.11955509503265338,4.7919584646280295
frame_009,frame_013,9,13,20,4,False,False,257,Great Pyrenees,0.6425516620310224,0.44230805761491343,0.8266788721084595,0.17332112789154053,0.11260768723179387,4.695859763033522
frame_009,frame_014,9,14,20,5,False,False,208,Labrador retriever,0.48233097051508467,0.7291247397555343,0.7459839582443237,0.25401604175567627,0.12874075797261755,4.705618946773839
frame_009,frame_015,9,15,20,6,False,False,208,Labrador retriever,0.5488745961156325,0.5998852859408679,0.8112672567367554,0.18873274326324463,0.160287618638397,4.583279801822985
frame_009,frame_016,9,16,20,7,False,False,257,Great Pyrenees,0.5816884342745098,0.5418203108924287,0.8208893537521362,0.17911064624786377,0.1356127220914685,4.607211284915295
frame_009,frame_017,9,17,20,8,False,False,257,Great Pyrenees,0.5852915826542426,0.5356451240385991,0.8326475620269775,0.16735243797302246,0.10217764816398185,4.6079911041475174
frame_009,frame_018,9,18,20,9,False,False,257,Great Pyrenees,0.5852464754165063,0.5357221949846442,0.8091772794723511,0.19082272052764893,0.09976863727370924,4.644483247574004
frame_009,frame_019,9,19,20,10,False,False,257,Great Pyrenees,0.7571305105548773,0.2782196354445077,0.8463385105133057,0.15366148948669434,0.10398245350661808,4.656420395515777
frame_009,frame_000,9,0,30,-9,False,False,176,"Saluki, gazelle hound",0.501550824387603,0.6900503319741951,0.7351042032241821,0.26489579677581787,0.036646378152761845,5.372818625632744
frame_009,frame_001,9,1,30,-8,False,False,207,golden retriever,0.611745388140805,0.49143911548498576,0.7725761532783508,0.22742384672164917,0.04703627970097341,5.390607011057556
frame_009,frame_002,9,2,30,-7,False,False,257,Great Pyrenees,0.4245627989381888,0.8566953479220727,0.7271019220352173,0.2728980779647827,0.04487883668101788,5.375307717743203
frame_009,frame_003,9,3,30,-6,False,False,257,Great Pyrenees,0.7452845309179328,0.2939892128205104,0.8481242656707764,0.15187573432922363,0.025769578818523802,5.560031547312459
frame_009,frame_004,9,4,30,-5,False,False,257,Great Pyrenees,0.5298499607049093,0.6351614055239647,0.7708334922790527,0.22916650772094727,0.028832124415266693,5.5240413332362195
frame_009,frame_005,9,5,30,-4,False,False,257,Great Pyrenees,0.430425168335924,0.8429817952273293,0.7773072719573975,0.22269272804260254,0.024520011258530556,5.479514336154754
frame_009,frame_006,9,6,30,-3,False,False,207,golden retriever,0.4282066233963238,0.8481494349491632,0.7648630142211914,0.2351369857788086,0.05254527179819447,5.202160745910462
frame_009,frame_007,9,7,30,-2,False,False,176,"Saluki, gazelle hound",0.4201161797407303,0.8672239875262369,0.7692373991012573,0.23076260089874268,0.059024461393625986,5.176873319391218
frame_009,frame_008,9,8,30,-1,False,False,207,golden retriever,0.32854590998641525,1.113078694395048,0.7558404207229614,0.24415957927703857,0.06769786846288058,5.1713592405602675
frame_009,frame_010,9,10,30,1,False,False,257,Great Pyrenees,0.481365369496637,0.7311286932863252,0.7926538586616516,0.2073461413383484,0.04899094230074132,5.289048626409857
frame_009,frame_011,9,11,30,2,False,False,257,Great Pyrenees,0.45358443302282536,0.7905738458902443,0.7490100264549255,0.25098997354507446,0.03604698169559731,5.265830762802151
frame_009,frame_012,9,12,30,3,False,False,257,Great Pyrenees,0.7630555318972675,0.2704244693536011,0.8594409227371216,0.14055907726287842,0.0416464579058461,5.279364445590675
frame_009,frame_013,9,13,30,4,False,False,257,Great Pyrenees,0.5402734658354477,0.6156798493964533,0.7701055407524109,0.2298944592475891,0.052641908520792306,5.278504328244694
frame_009,frame_014,9,14,30,5,False,True,208,Labrador retriever,0.3827225173428422,0.9604450501762205,0.7148579955101013,0.2851420044898987,0.035054139895960346,5.4129627842056856
frame_009,frame_015,9,15,30,6,False,False,208,Labrador retriever,0.5451023916460052,0.6067816273852857,0.8051561117172241,0.19484388828277588,0.029223071138453086,5.404200338772383
frame_009,frame_016,9,16,30,7,False,False,257,Great Pyrenees,0.6462728686310764,0.43653346712241703,0.8237565159797668,0.17624348402023315,0.04508894176338255,5.384163966272721
frame_009,frame_017,9,17,30,8,False,False,257,Great Pyrenees,0.7586465267213378,0.2762193192572626,0.8754222393035889,0.12457776069641113,0.0538309365021351,5.320142421268141
frame_009,frame_018,9,18,30,9,False,False,257,Great Pyrenees,0.802040288339373,0.2205964375402263,0.8716338872909546,0.1283661127090454,0.03611756927117577,5.36001363909671
frame_009,frame_019,9,19,30,10,True,False,257,Great Pyrenees,0.8847758970805101,0.12242088967856812,0.9116714000701904,0.08832859992980957,0.03427700198279588,5.3608370163962915
frame_009,frame_000,9,0,40,-9,False,True,169,"borzoi, Russian wolfhound",0.16851653989832535,1.7807213743730839,0.6236065626144409,0.3763934373855591,0.1046991706160161,3.899330123210958
frame_009,frame_001,9,1,40,-8,False,False,207,golden retriever,0.5456745055774368,0.6057326246325667,0.7283872365951538,0.2716127634048462,0.08926118801740596,4.0044680850619105
frame_009,frame_002,9,2,40,-7,False,False,257,Great Pyrenees,0.5882742425297152,0.5305620409535923,0.7399190664291382,0.2600809335708618,0.13673844773975552,4.020400118708375
frame_009,frame_003,9,3,40,-6,False,False,257,Great Pyrenees,0.6894700768633759,0.3718319810032398,0.8738318681716919,0.1261681318283081,0.13716347334127163,3.9044476184074832
frame_009,frame_004,9,4,40,-5,False,False,805,soccer ball,0.49404319838071925,0.7051323195025869,0.844363272190094,0.155636727809906,0.08929192058249842,4.036028420710251
frame_009,frame_005,9,5,40,-4,False,False,257,Great Pyrenees,0.5402001805634425,0.6158155033707295,0.7929902076721191,0.20700979232788086,0.1016413346960225,3.949102209810725
frame_009,frame_006,9,6,40,-3,False,False,183,Kerry blue terrier,0.3044176669606797,1.1893546160431727,0.736291766166687,0.263708233833313,0.09980962534889866,3.9204292963209406
frame_009,frame_007,9,7,40,-2,False,False,183,Kerry blue terrier,0.43520825506513217,0.8319306151802013,0.7671858072280884,0.23281419277191162,0.1291601053284481,3.819492057401065
frame_009,frame_008,9,8,40,-1,False,False,183,Kerry blue terrier,0.45423624271311164,0.7891378578813484,0.7921234369277954,0.2078765630722046,0.11916895292962697,3.752302345277785
frame_009,frame_010,9,10,40,1,False,False,183,Kerry blue terrier,0.4774073263171666,0.7393852189086783,0.8268222212791443,0.1731777787208557,0.14810587403295267,3.759726388506419
frame_009,frame_011,9,11,40,2,False,False,183,Kerry blue terrier,0.3867876755984836,0.9498793783757575,0.7861406207084656,0.21385937929153442,0.14484578208735469,3.7148649190096283
frame_009,frame_012,9,12,40,3,False,False,257,Great Pyrenees,0.6506202743560019,0.4298291028769343,0.8445645570755005,0.1554354429244995,0.13151386110373772,3.677579516944894
frame_009,frame_013,9,13,40,4,False,False,257,Great Pyrenees,0.3177475928016379,1.1464979447032277,0.7314237356185913,0.2685762643814087,0.15463926046819762,3.539093307022255
frame_009,frame_014,9,14,40,5,False,False,977,"sandbar, sand bar",0.2568924572036066,1.359097736124092,0.7001931667327881,0.2998068332672119,0.11405271491416934,3.629225773791702
frame_009,frame_015,9,15,40,6,False,False,208,Labrador retriever,0.2983684209273559,1.209426244244143,0.7254570722579956,0.2745429277420044,0.13627979960548237,3.6722658888833823
frame_009,frame_016,9,16,40,7,False,False,257,Great Pyrenees,0.5923327411303791,0.5236867392759841,0.7829477787017822,0.21705222129821777,0.134892641383845,3.6167618162598805
frame_009,frame_017,9,17,40,8,False,False,257,Great Pyrenees,0.851368864348093,0.160909796202644,0.8933161497116089,0.10668385028839111,0.1168154162062956,3.676265292585425
frame_009,frame_018,9,18,40,9,False,False,257,Great Pyrenees,0.8606567042080936,0.15005957159172167,0.8906577825546265,0.10934221744537354,0.12403441487429291,3.650067802303206
frame_009,frame_019,9,19,40,10,True,False,257,Great Pyrenees,0.8768587958781747,0.1314093076938203,0.9119244813919067,0.08807551860809326,0.1284368021542209,3.6754861897402336
frame_009,frame_000,9,0,50,-9,False,False,260,"chow, chow chow",0.4887891653407909,0.7158240372034963,0.6971958875656128,0.3028041124343872,0.07685546615846654,4.247043915727501
frame_009,frame_001,9,1,50,-8,False,False,207,golden retriever,0.60078307035927,0.509521357425788,0.7737942337989807,0.2262057662010193,0.07194357325519891,4.30189165128818
frame_009,frame_002,9,2,50,-7,False,True,257,Great Pyrenees,0.26556797325677106,1.3258844512681054,0.6762762069702148,0.32372379302978516,0.0793098750518318,4.29285205269312
frame_009,frame_003,9,3,50,-6,True,False,257,Great Pyrenees,0.756923242543883,0.2784934275894231,0.8691393136978149,0.13086068630218506,0.07078896401024719,4.364695049431423
frame_009,frame_004,9,4,50,-5,False,False,257,Great Pyrenees,0.5212699545401018,0.6514872245105439,0.8266363143920898,0.17336368560791016,0.06341954985884768,4.421229058965371
frame_009,frame_005,9,5,50,-4,False,False,257,Great Pyrenees,0.4272755650418718,0.8503261225170533,0.7642596364021301,0.23574036359786987,0.06822480340975862,4.279236493916597
frame_009,frame_006,9,6,50,-3,False,False,207,golden retriever,0.49764968304704726,0.6978588971895996,0.785883903503418,0.21411609649658203,0.07055740741338588,4.231081162479979
frame_009,frame_007,9,7,50,-2,False,False,183,Kerry blue terrier,0.45322499103541763,0.791366607845946,0.7945763468742371,0.20542365312576294,0.08678799867604844,4.134017126250218
frame_009,frame_008,9,8,50,-1,False,False,183,Kerry blue terrier,0.42237386015174677,0.8618644326154339,0.8019486665725708,0.1980513334274292,0.07807646710403819,4.162073451601524
frame_009,frame_010,9,10,50,1,False,False,208,Labrador retriever,0.439565768716652,0.8219679286460235,0.8324369192123413,0.1675630807876587,0.09343470046259751,4.166095060504663
frame_009,frame_011,9,11,50,2,False,False,183,Kerry blue terrier,0.4683405418808912,0.7585595940843612,0.769321084022522,0.23067891597747803,0.08700390151604047,4.095348518407892
frame_009,frame_012,9,12,50,3,False,False,208,Labrador retriever,0.3573776392637318,1.028962243228822,0.7920284271240234,0.20797157287597656,0.08133293840842075,4.043912268551727
frame_009,frame_013,9,13,50,4,False,False,257,Great Pyrenees,0.2568864634371893,1.3591210682078998,0.7244597673416138,0.27554023265838623,0.10617279448760047,4.0098577573886285
frame_009,frame_014,9,14,50,5,False,False,208,Labrador retriever,0.2901903842610741,1.237218073949822,0.7209131717681885,0.2790868282318115,0.08968971536929116,4.022018702159191
frame_009,frame_015,9,15,50,6,False,False,208,Labrador retriever,0.6804906334695014,0.3849412211741732,0.8246314525604248,0.1753685474395752,0.0875874658419763,3.956325514968734
frame_009,frame_016,9,16,50,7,False,False,208,Labrador retriever,0.45971439548136483,0.7771498617127595,0.7959526777267456,0.2040473222732544,0.11751219528717696,3.853586394046374
frame_009,frame_017,9,17,50,8,False,False,257,Great Pyrenees,0.5607345310913614,0.5785076920677863,0.8089607954025269,0.19103920459747314,0.17653492394356482,3.718076428110325
frame_009,frame_018,9,18,50,9,False,False,257,Great Pyrenees,0.7058211498789051,0.348393402365472,0.8147375583648682,0.18526244163513184,0.11827408537170743,3.75234543960517
frame_009,frame_019,9,19,50,10,False,False,257,Great Pyrenees,0.6741367777016725,0.3943222543827263,0.8279751539230347,0.17202484607696533,0.10071371413675718,3.820070225685383
frame_010,frame_000,10,0,5,-10,True,False,169,"borzoi, Russian wolfhound",0.6115685406088106,0.4917282441036832,0.7375880479812622,0.2624119520187378,0.033509261269005386,4.928972460685487
frame_010,frame_001,10,1,5,-9,False,False,169,"borzoi, Russian wolfhound",0.3932010288056577,0.9334342742179969,0.6267056465148926,0.3732943534851074,0.02995118799092274,4.915010852092368
frame_010,frame_002,10,2,5,-8,False,False,177,"Scottish deerhound, deerhound",0.1632268260662232,1.8126144745545076,0.5599155426025391,0.44008445739746094,0.0337326227168702,4.889881479992146
frame_010,frame_003,10,3,5,-7,False,False,257,Great Pyrenees,0.35494741210677855,1.0357856353902637,0.6690335869789124,0.33096641302108765,0.03714327459110952,4.953314270904222
frame_010,frame_004,10,4,5,-6,False,False,257,Great Pyrenees,0.24090600468153855,1.4233484436381758,0.6492164134979248,0.3507835865020752,0.03177948642713356,4.895151515832135
frame_010,frame_005,10,5,5,-5,False,False,212,English setter,0.19869307202467487,1.6159939965411505,0.6073672771453857,0.39263272285461426,0.038726672353220415,4.845026414281565
frame_010,frame_006,10,6,5,-4,False,False,169,"borzoi, Russian wolfhound",0.2838588067701249,1.2592783237056953,0.5903276205062866,0.4096723794937134,0.030392855562925425,4.83667105275992
frame_010,frame_007,10,7,5,-3,False,False,169,"borzoi, Russian wolfhound",0.2175683868380571,1.5252420556297723,0.5731228590011597,0.42687714099884033,0.039757036168401975,4.826799106169685
frame_010,frame_008,10,8,5,-2,False,False,169,"borzoi, Russian wolfhound",0.1329521259984176,2.017766170458814,0.5363149046897888,0.4636850953102112,0.040714035765832816,4.83604482356938
frame_010,frame_009,10,9,5,-1,False,False,169,"borzoi, Russian wolfhound",0.1502457135351534,1.895483234857947,0.5564311742782593,0.4435688257217407,0.04317729935558211,4.840267564023552
frame_010,frame_011,10,11,5,1,False,False,169,"borzoi, Russian wolfhound",0.18157100207442256,1.70610850577211,0.5418499708175659,0.4581500291824341,0.03545477996177213,4.809336177119192
frame_010,frame_012,10,12,5,2,False,True,169,"borzoi, Russian wolfhound",0.10418466004452867,2.261590376963534,0.5231491923332214,0.47685080766677856,0.043443512554374716,4.77696823721136
frame_010,frame_013,10,13,5,3,False,False,218,Welsh springer spaniel,0.15312139222258203,1.8765242589560929,0.5678007006645203,0.43219929933547974,0.04600443676973474,4.727328780999849
frame_010,frame_014,10,14,5,4,False,False,218,Welsh springer spaniel,0.18901033084231422,1.6659536048749826,0.5265508890151978,0.47344911098480225,0.042241342510809146,4.77019706273196
frame_010,frame_015,10,15,5,5,False,False,218,Welsh springer spaniel,0.21991612438885827,1.5145090581030103,0.5472234487533569,0.45277655124664307,0.03912738744160457,4.710546255565824
frame_010,frame_016,10,16,5,6,False,False,218,Welsh springer spaniel,0.20372377313107704,1.5909902559754716,0.5791889429092407,0.4208110570907593,0.04241298157001534,4.721091580276129
frame_010,frame_017,10,17,5,7,False,False,257,Great Pyrenees,0.19242842300272206,1.6480310229569648,0.5766458511352539,0.4233541488647461,0.04477966221105817,4.732264637819306
frame_010,frame_018,10,18,5,8,False,False,257,Great Pyrenees,0.14191244747687104,1.9525449786008036,0.545135498046875,0.454864501953125,0.04519398515256996,4.70653540625973
frame_010,frame_019,10,19,5,9,False,False,257,Great Pyrenees,0.14472176155036723,1.932942265841156,0.5391099452972412,0.4608900547027588,0.04402764520503505,4.688582496446941
frame_010,frame_000,10,0,10,-10,False,False,257,Great Pyrenees,0.2546626207993999,1.3678156655232758,0.6936905384063721,0.30630946159362793,0.15248134430864904,3.9351215474140444
frame_010,frame_001,10,1,10,-9,False,False,207,golden retriever,0.31967845687774427,1.1404396106177321,0.7166632413864136,0.2833367586135864,0.11265711940771975,4.074725330764933
frame_010,frame_002,10,2,10,-8,False,False,257,Great Pyrenees,0.4925780656185391,0.7081023220610669,0.7123459577560425,0.2876540422439575,0.16312567956564544,4.041599701370492
frame_010,frame_003,10,3,10,-7,True,False,257,Great Pyrenees,0.7855735920326745,0.24134113753656994,0.8822641372680664,0.1177358627319336,0.1594733495139198,3.953256763655184
frame_010,frame_004,10,4,10,-6,False,False,257,Great Pyrenees,0.6443555053200042,0.4395046782941625,0.8315024375915527,0.16849756240844727,0.11705485811640043,4.100478360343283
frame_010,frame_005,10,5,10,-5,False,False,257,Great Pyrenees,0.5857376315894429,0.5348833173281484,0.799091100692749,0.20090889930725098,0.12625810774197377,3.9523296527983764
frame_010,frame_006,10,6,10,-4,False,False,207,golden retriever,0.3574765469716651,1.0286855218764988,0.6725602149963379,0.3274397850036621,0.12583346994071895,3.9388485380348777
frame_010,frame_007,10,7,10,-3,False,False,212,English setter,0.4476309563390086,0.8037861442142136,0.7037171125411987,0.29628288745880127,0.15220017827319146,3.9050935935914053
frame_010,frame_008,10,8,10,-2,False,False,207,golden retriever,0.282741997980702,1.2632204650735517,0.7126432061195374,0.28735679388046265,0.12485276816084948,3.9053406928799115
frame_010,frame_009,10,9,10,-1,False,False,257,Great Pyrenees,0.833862004320899,0.18168735275877612,0.8775823712348938,0.1224176287651062,0.10782457955178922,3.899590464463529
frame_010,frame_011,10,11,10,1,False,False,216,"clumber, clumber spaniel",0.3568493741785895,1.0304415073046131,0.7228566408157349,0.27714335918426514,0.16104444870097664,3.9100413197098414
frame_010,frame_012,10,12,10,2,False,False,257,Great Pyrenees,0.5802142791453272,0.5443577968680495,0.7855324745178223,0.21446752548217773,0.1551546460215232,3.893804128110336
frame_010,frame_013,10,13,10,3,False,False,805,soccer ball,0.44594434261212684,0.8075611270987775,0.7558249831199646,0.2441750168800354,0.16733618065235156,3.7735617690294285
frame_010,frame_014,10,14,10,4,False,True,805,soccer ball,0.3274777029492822,1.1163353088221672,0.6696541905403137,0.3303458094596863,0.14953045632686723,3.8143727165058356
frame_010,frame_015,10,15,10,5,False,False,208,Labrador retriever,0.30328463519483834,1.193083524341528,0.716722846031189,0.28327715396881104,0.16930016635458459,3.7933755448474225
frame_010,frame_016,10,16,10,6,False,False,257,Great Pyrenees,0.3654644648315873,1.0065862279617988,0.7467275857925415,0.2532724142074585,0.1506971847168877,3.7438300804882134
frame_010,frame_017,10,17,10,7,False,False,257,Great Pyrenees,0.6025458355795575,0.5065915408602146,0.7648334503173828,0.2351665496826172,0.13681472538665354,3.7745889894805065
frame_010,frame_018,10,18,10,8,False,False,257,Great Pyrenees,0.4784621950721559,0.7371780783740869,0.7312236428260803,0.2687763571739197,0.15250368518844287,3.738310026003318
frame_010,frame_019,10,19,10,9,False,False,257,Great Pyrenees,0.5349134651409343,0.6256502925687748,0.7756368517875671,0.22436314821243286,0.1480651308777873,3.7613651334384013
frame_010,frame_000,10,0,20,-10,False,True,208,Labrador retriever,0.2756047138891953,1.2887876358916817,0.6733367443084717,0.3266632556915283,0.11435850508644001,4.826396358182046
frame_010,frame_001,10,1,20,-9,False,False,207,golden retriever,0.6269344745899198,0.46691325004654605,0.7733272910118103,0.2266727089881897,0.0802744546675358,4.958822811521494
frame_010,frame_002,10,2,20,-8,False,False,257,Great Pyrenees,0.48016150082089226,0.7336327716266622,0.7204862833023071,0.27951371669769287,0.10785876318771516,4.830209867225715
frame_010,frame_003,10,3,20,-7,True,False,257,Great Pyrenees,0.8710683654937171,0.138034814401935,0.9086406826972961,0.09135931730270386,0.0869210958227466,4.881189510193819
frame_010,frame_004,10,4,20,-6,False,False,257,Great Pyrenees,0.6725940078594307,0.3966133886371055,0.8085065484046936,0.1914934515953064,0.07574727378093186,4.869259112566189
frame_010,frame_005,10,5,20,-5,False,False,257,Great Pyrenees,0.5753610725318792,0.5527574830349327,0.8153570294380188,0.1846429705619812,0.09853303439597975,4.793236530543633
frame_010,frame_006,10,6,20,-4,False,False,207,golden retriever,0.6568563550646334,0.42028992205118154,0.7971441745758057,0.20285582542419434,0.10694871370458658,4.80186578291233
frame_010,frame_007,10,7,20,-3,False,False,207,golden retriever,0.565175165439415,0.5706195685578388,0.7594629526138306,0.24053704738616943,0.13625333083863633,4.820155409323578
frame_010,frame_008,10,8,20,-2,False,False,207,golden retriever,0.4698758409178827,0.7552867874364377,0.7976190447807312,0.2023809552192688,0.09752636479739163,4.909716454296735
frame_010,frame_009,10,9,20,-1,False,False,257,Great Pyrenees,0.8275922030979578,0.1892347542547439,0.8939704895019531,0.10602951049804688,0.08094949519441062,4.873434079097379
frame_010,frame_011,10,11,20,1,False,False,257,Great Pyrenees,0.33812064812803366,1.0843525000652274,0.7581788897514343,0.24182111024856567,0.1109164041848469,4.90618621556046
frame_010,frame_012,10,12,20,2,False,False,257,Great Pyrenees,0.56942107039917,0.5631351002580995,0.8410329818725586,0.1589670181274414,0.11596979026470529,4.814182140483034
frame_010,frame_013,10,13,20,3,False,False,257,Great Pyrenees,0.6425516620310224,0.44230805761491343,0.8266788721084595,0.17332112789154053,0.10978755383598492,4.713524514708075
frame_010,frame_014,10,14,20,4,False,False,208,Labrador retriever,0.48233097051508467,0.7291247397555343,0.7459839582443237,0.25401604175567627,0.12267637983238389,4.720842794255176
frame_010,frame_015,10,15,20,5,False,False,208,Labrador retriever,0.5488745961156325,0.5998852859408679,0.8112672567367554,0.18873274326324463,0.15551304917521888,4.602361715393609
frame_010,frame_016,10,16,20,6,False,False,257,Great Pyrenees,0.5816884342745098,0.5418203108924287,0.8208893537521362,0.17911064624786377,0.1313821523461554,4.626231095779337
frame_010,frame_017,10,17,20,7,False,False,257,Great Pyrenees,0.5852915826542426,0.5356451240385991,0.8326475620269775,0.16735243797302246,0.098331053917716,4.632774948653804
frame_010,frame_018,10,18,20,8,False,False,257,Great Pyrenees,0.5852464754165063,0.5357221949846442,0.8091772794723511,0.19082272052764893,0.09562994716009793,4.675966551972092
frame_010,frame_019,10,19,20,9,False,False,257,Great Pyrenees,0.7571305105548773,0.2782196354445077,0.8463385105133057,0.15366148948669434,0.09858510458215985,4.692727039999449
frame_010,frame_000,10,0,30,-10,False,False,176,"Saluki, gazelle hound",0.501550824387603,0.6900503319741951,0.7351042032241821,0.26489579677581787,0.038261461875212184,5.414020998782729
frame_010,frame_001,10,1,30,-9,False,False,207,golden retriever,0.611745388140805,0.49143911548498576,0.7725761532783508,0.22742384672164917,0.04390541450705227,5.43986558022279
frame_010,frame_002,10,2,30,-8,False,False,257,Great Pyrenees,0.4245627989381888,0.8566953479220727,0.7271019220352173,0.2728980779647827,0.042254495987939476,5.424831490519386
frame_010,frame_003,10,3,30,-7,False,False,257,Great Pyrenees,0.7452845309179328,0.2939892128205104,0.8481242656707764,0.15187573432922363,0.027376264125572956,5.598221121194214
frame_010,frame_004,10,4,30,-6,False,False,257,Great Pyrenees,0.5298499607049093,0.6351614055239647,0.7708334922790527,0.22916650772094727,0.030044911433658113,5.562147547671504
frame_010,frame_005,10,5,30,-5,False,False,257,Great Pyrenees,0.430425168335924,0.8429817952273293,0.7773072719573975,0.22269272804260254,0.02358850140198123,5.521875037018345
frame_010,frame_006,10,6,30,-4,False,False,207,golden retriever,0.4282066233963238,0.8481494349491632,0.7648630142211914,0.2351369857788086,0.05709941216244089,5.253969792193457
frame_010,frame_007,10,7,30,-3,False,False,176,"Saluki, gazelle hound",0.4201161797407303,0.8672239875262369,0.7692373991012573,0.23076260089874268,0.0635938555665904,5.232633217935566
frame_010,frame_008,10,8,30,-2,False,False,207,golden retriever,0.32854590998641525,1.113078694395048,0.7558404207229614,0.24415957927703857,0.07099414015676066,5.2293181119955285
frame_010,frame_009,10,9,30,-1,True,False,257,Great Pyrenees,0.8795586709106761,0.1283350076370282,0.9126114845275879,0.08738851547241211,0.06043054311103889,5.283864258329569
frame_010,frame_011,10,11,30,1,False,False,257,Great Pyrenees,0.45358443302282536,0.7905738458902443,0.7490100264549255,0.25098997354507446,0.03185195053437531,5.32324244716392
frame_010,frame_012,10,12,30,2,False,False,257,Great Pyrenees,0.7630555318972675,0.2704244693536011,0.8594409227371216,0.14055907726287842,0.03768470114209884,5.3472439110228915
frame_010,frame_013,10,13,30,3,False,False,257,Great Pyrenees,0.5402734658354477,0.6156798493964533,0.7701055407524109,0.2298944592475891,0.056379042937884455,5.334351208690839
frame_010,frame_014,10,14,30,4,False,True,208,Labrador retriever,0.3827225173428422,0.9604450501762205,0.7148579955101013,0.2851420044898987,0.03382418667526641,5.450243153483605
frame_010,frame_015,10,15,30,5,False,False,208,Labrador retriever,0.5451023916460052,0.6067816273852857,0.8051561117172241,0.19484388828277588,0.03160544906801158,5.436135287638131
frame_010,frame_016,10,16,30,6,False,False,257,Great Pyrenees,0.6462728686310764,0.43653346712241703,0.8237565159797668,0.17624348402023315,0.04341745746904619,5.423286758245528
frame_010,frame_017,10,17,30,7,False,False,257,Great Pyrenees,0.7586465267213378,0.2762193192572626,0.8754222393035889,0.12457776069641113,0.05276116297250041,5.370477820437875
frame_010,frame_018,10,18,30,8,False,False,257,Great Pyrenees,0.802040288339373,0.2205964375402263,0.8716338872909546,0.1283661127090454,0.035026595208998916,5.404844365821484
frame_010,frame_019,10,19,30,9,False,False,257,Great Pyrenees,0.8847758970805101,0.12242088967856812,0.9116714000701904,0.08832859992980957,0.03698250630317256,5.4132831241135
frame_010,frame_000,10,0,40,-10,False,True,169,"borzoi, Russian wolfhound",0.16851653989832535,1.7807213743730839,0.6236065626144409,0.3763934373855591,0.09459234647667214,3.9575345866000022
frame_010,frame_001,10,1,40,-9,False,False,207,golden retriever,0.5456745055774368,0.6057326246325667,0.7283872365951538,0.2716127634048462,0.0796069796879305,4.04061041107525
frame_010,frame_002,10,2,40,-8,False,False,257,Great Pyrenees,0.5882742425297152,0.5305620409535923,0.7399190664291382,0.2600809335708618,0.12543226290401785,4.054058790946782
frame_010,frame_003,10,3,40,-7,False,False,257,Great Pyrenees,0.6894700768633759,0.3718319810032398,0.8738318681716919,0.1261681318283081,0.1273286866114743,3.968004754294528
frame_010,frame_004,10,4,40,-6,False,False,805,soccer ball,0.49404319838071925,0.7051323195025869,0.844363272190094,0.155636727809906,0.08874485509283052,4.077269943001845
frame_010,frame_005,10,5,40,-5,False,False,257,Great Pyrenees,0.5402001805634425,0.6158155033707295,0.7929902076721191,0.20700979232788086,0.09462117410717381,3.9772199219421234
frame_010,frame_006,10,6,40,-4,False,False,183,Kerry blue terrier,0.3044176669606797,1.1893546160431727,0.736291766166687,0.263708233833313,0.0888239149028157,3.958384288606153
frame_010,frame_007,10,7,40,-3,False,False,183,Kerry blue terrier,0.43520825506513217,0.8319306151802013,0.7671858072280884,0.23281419277191162,0.12087169972127189,3.8791270397965865
frame_010,frame_008,10,8,40,-2,False,False,183,Kerry blue terrier,0.45423624271311164,0.7891378578813484,0.7921234369277954,0.2078765630722046,0.11152660977515487,3.81386301086555
frame_010,frame_009,10,9,40,-1,True,False,257,Great Pyrenees,0.9153524081968699,0.08844614228578296,0.9358788728713989,0.06412112712860107,0.0977975603559544,3.8414108536632483
frame_010,frame_011,10,11,40,1,False,False,183,Kerry blue terrier,0.3867876755984836,0.9498793783757575,0.7861406207084656,0.21385937929153442,0.13024620786464702,3.7687986172374055
frame_010,frame_012,10,12,40,2,False,False,257,Great Pyrenees,0.6506202743560019,0.4298291028769343,0.8445645570755005,0.1554354429244995,0.11731848003934998,3.7258662739592787
frame_010,frame_013,10,13,40,3,False,False,257,Great Pyrenees,0.3177475928016379,1.1464979447032277,0.7314237356185913,0.2685762643814087,0.13885077605990892,3.5984710408056273
frame_010,frame_014,10,14,40,4,False,False,977,"sandbar, sand bar",0.2568924572036066,1.359097736124092,0.7001931667327881,0.2998068332672119,0.1061738960866051,3.6704145635777037
frame_010,frame_015,10,15,40,5,False,False,208,Labrador retriever,0.2983684209273559,1.209426244244143,0.7254570722579956,0.2745429277420044,0.1256147461546303,3.7211262907790976
frame_010,frame_016,10,16,40,6,False,False,257,Great Pyrenees,0.5923327411303791,0.5236867392759841,0.7829477787017822,0.21705222129821777,0.1321092693759539,3.676884832797522
frame_010,frame_017,10,17,40,7,False,False,257,Great Pyrenees,0.851368864348093,0.160909796202644,0.8933161497116089,0.10668385028839111,0.10742079406924111,3.7314933954956517
frame_010,frame_018,10,18,40,8,False,False,257,Great Pyrenees,0.8606567042080936,0.15005957159172167,0.8906577825546265,0.10934221744537354,0.11492264169769595,3.699117107796445
frame_010,frame_019,10,19,40,9,False,False,257,Great Pyrenees,0.8768587958781747,0.1314093076938203,0.9119244813919067,0.08807551860809326,0.11659413339421568,3.7278247369039628
frame_010,frame_000,10,0,50,-10,False,False,260,"chow, chow chow",0.4887891653407909,0.7158240372034963,0.6971958875656128,0.3028041124343872,0.07573660275140597,4.27765372121102
frame_010,frame_001,10,1,50,-9,False,False,207,golden retriever,0.60078307035927,0.509521357425788,0.7737942337989807,0.2262057662010193,0.06882447222537079,4.333645837128635
frame_010,frame_002,10,2,50,-8,False,True,257,Great Pyrenees,0.26556797325677106,1.3258844512681054,0.6762762069702148,0.32372379302978516,0.0783530556829649,4.306002639127322
frame_010,frame_003,10,3,50,-7,True,False,257,Great Pyrenees,0.756923242543883,0.2784934275894231,0.8691393136978149,0.13086068630218506,0.0690696250394152,4.388970529243728
frame_010,frame_004,10,4,50,-6,False,False,257,Great Pyrenees,0.5212699545401018,0.6514872245105439,0.8266363143920898,0.17336368560791016,0.062107232740472765,4.449206395137624
frame_010,frame_005,10,5,50,-5,False,False,257,Great Pyrenees,0.4272755650418718,0.8503261225170533,0.7642596364021301,0.23574036359786987,0.07836432005220295,4.292907526271902
frame_010,frame_006,10,6,50,-4,False,False,207,golden retriever,0.49764968304704726,0.6978588971895996,0.785883903503418,0.21411609649658203,0.07001996577298689,4.255989975128955
frame_010,frame_007,10,7,50,-3,False,False,183,Kerry blue terrier,0.45322499103541763,0.791366607845946,0.7945763468742371,0.20542365312576294,0.08737318851903238,4.1770146267410295
frame_010,frame_008,10,8,50,-2,False,False,183,Kerry blue terrier,0.42237386015174677,0.8618644326154339,0.8019486665725708,0.1980513334274292,0.07864235444182097,4.199618656916936
frame_010,frame_009,10,9,50,-1,False,False,257,Great Pyrenees,0.7246616599548742,0.3220504089788734,0.8554344177246094,0.14456558227539062,0.08775582715963076,4.188250705584682
frame_010,frame_011,10,11,50,1,False,False,183,Kerry blue terrier,0.4683405418808912,0.7585595940843612,0.769321084022522,0.23067891597747803,0.08033017177061898,4.134493468565636
frame_010,frame_012,10,12,50,2,False,False,208,Labrador retriever,0.3573776392637318,1.028962243228822,0.7920284271240234,0.20797157287597656,0.08250344534119634,4.072738067993646
frame_010,frame_013,10,13,50,3,False,False,257,Great Pyrenees,0.2568864634371893,1.3591210682078998,0.7244597673416138,0.27554023265838623,0.09848890924895709,4.02861334438058
frame_010,frame_014,10,14,50,4,False,False,208,Labrador retriever,0.2901903842610741,1.237218073949822,0.7209131717681885,0.2790868282318115,0.08525929522352337,4.041751739449847
frame_010,frame_015,10,15,50,5,False,False,208,Labrador retriever,0.6804906334695014,0.3849412211741732,0.8246314525604248,0.1753685474395752,0.08527952547891654,3.9949099309258136
frame_010,frame_016,10,16,50,6,False,False,208,Labrador retriever,0.45971439548136483,0.7771498617127595,0.7959526777267456,0.2040473222732544,0.10335107892853916,3.91719487653407
frame_010,frame_017,10,17,50,7,False,False,257,Great Pyrenees,0.5607345310913614,0.5785076920677863,0.8089607954025269,0.19103920459747314,0.1560219543937276,3.8051172680106418
frame_010,frame_018,10,18,50,8,False,False,257,Great Pyrenees,0.7058211498789051,0.348393402365472,0.8147375583648682,0.18526244163513184,0.10731648918167708,3.8182260268639325
frame_010,frame_019,10,19,50,9,False,False,257,Great Pyrenees,0.6741367777016725,0.3943222543827263,0.8279751539230347,0.17202484607696533,0.09065638835651162,3.877380054632737
frame_011,frame_000,11,0,5,-11,True,False,169,"borzoi, Russian wolfhound",0.6115685406088106,0.4917282441036832,0.7375880479812622,0.2624119520187378,0.030196778366932287,4.933394575657481
frame_011,frame_001,11,1,5,-10,False,False,169,"borzoi, Russian wolfhound",0.3932010288056577,0.9334342742179969,0.6267056465148926,0.3732943534851074,0.02767421875123254,4.911187005742931
frame_011,frame_002,11,2,5,-9,False,False,177,"Scottish deerhound, deerhound",0.1632268260662232,1.8126144745545076,0.5599155426025391,0.44008445739746094,0.03294784931466868,4.888623409281369
frame_011,frame_003,11,3,5,-8,False,False,257,Great Pyrenees,0.35494741210677855,1.0357856353902637,0.6690335869789124,0.33096641302108765,0.0324134417480202,4.955644552526405
frame_011,frame_004,11,4,5,-7,False,False,257,Great Pyrenees,0.24090600468153855,1.4233484436381758,0.6492164134979248,0.3507835865020752,0.032947719197522804,4.8978582278813
frame_011,frame_005,11,5,5,-6,False,False,212,English setter,0.19869307202467487,1.6159939965411505,0.6073672771453857,0.39263272285461426,0.03431773930013988,4.855125395298791
frame_011,frame_006,11,6,5,-5,False,False,169,"borzoi, Russian wolfhound",0.2838588067701249,1.2592783237056953,0.5903276205062866,0.4096723794937134,0.028960548748745794,4.838626719887831
frame_011,frame_007,11,7,5,-4,False,False,169,"borzoi, Russian wolfhound",0.2175683868380571,1.5252420556297723,0.5731228590011597,0.42687714099884033,0.03729809839485737,4.830290269645137
frame_011,frame_008,11,8,5,-3,False,False,169,"borzoi, Russian wolfhound",0.1329521259984176,2.017766170458814,0.5363149046897888,0.4636850953102112,0.03888328352744137,4.836267270071719
frame_011,frame_009,11,9,5,-2,False,False,169,"borzoi, Russian wolfhound",0.1502457135351534,1.895483234857947,0.5564311742782593,0.4435688257217407,0.04431026348499212,4.831513466409621
frame_011,frame_010,11,10,5,-1,False,False,169,"borzoi, Russian wolfhound",0.16377588037927437,1.8092563688373575,0.5422914624214172,0.45770853757858276,0.03923942054333402,4.838637017883455
frame_011,frame_012,11,12,5,1,False,True,169,"borzoi, Russian wolfhound",0.10418466004452867,2.261590376963534,0.5231491923332214,0.47685080766677856,0.040203277227139934,4.786450125499397
frame_011,frame_013,11,13,5,2,False,False,218,Welsh springer spaniel,0.15312139222258203,1.8765242589560929,0.5678007006645203,0.43219929933547974,0.042893066987472264,4.739507999754924
frame_011,frame_014,11,14,5,3,False,False,218,Welsh springer spaniel,0.18901033084231422,1.6659536048749826,0.5265508890151978,0.47344911098480225,0.041376900561503366,4.7801121233961545
frame_011,frame_015,11,15,5,4,False,False,218,Welsh springer spaniel,0.21991612438885827,1.5145090581030103,0.5472234487533569,0.45277655124664307,0.03658654680347001,4.7197707865103995
frame_011,frame_016,11,16,5,5,False,False,218,Welsh springer spaniel,0.20372377313107704,1.5909902559754716,0.5791889429092407,0.4208110570907593,0.039966061997740845,4.729441274022056
frame_011,frame_017,11,17,5,6,False,False,257,Great Pyrenees,0.19242842300272206,1.6480310229569648,0.5766458511352539,0.4233541488647461,0.041440539737125574,4.746522170776936
frame_011,frame_018,11,18,5,7,False,False,257,Great Pyrenees,0.14191244747687104,1.9525449786008036,0.545135498046875,0.454864501953125,0.042114142595699615,4.724473238721406
frame_011,frame_019,11,19,5,8,False,False,257,Great Pyrenees,0.14472176155036723,1.932942265841156,0.5391099452972412,0.4608900547027588,0.041115976610241155,4.70692585068131
frame_011,frame_000,11,0,10,-11,False,False,257,Great Pyrenees,0.2546626207993999,1.3678156655232758,0.6936905384063721,0.30630946159362793,0.15335224944789982,3.904762108048418
frame_011,frame_001,11,1,10,-10,False,False,207,golden retriever,0.31967845687774427,1.1404396106177321,0.7166632413864136,0.2833367586135864,0.11405679588342013,4.04049443464051
frame_011,frame_002,11,2,10,-9,False,False,257,Great Pyrenees,0.4925780656185391,0.7081023220610669,0.7123459577560425,0.2876540422439575,0.15977840201322097,4.012045889497147
frame_011,frame_003,11,3,10,-8,True,False,257,Great Pyrenees,0.7855735920326745,0.24134113753656994,0.8822641372680664,0.1177358627319336,0.15798281007831697,3.9038183625102887
frame_011,frame_004,11,4,10,-7,False,False,257,Great Pyrenees,0.6443555053200042,0.4395046782941625,0.8315024375915527,0.16849756240844727,0.11440854786993118,4.043674690675139
frame_011,frame_005,11,5,10,-6,False,False,257,Great Pyrenees,0.5857376315894429,0.5348833173281484,0.799091100692749,0.20090889930725098,0.12385416440815399,3.9153231050355006
frame_011,frame_006,11,6,10,-5,False,False,207,golden retriever,0.3574765469716651,1.0286855218764988,0.6725602149963379,0.3274397850036621,0.12847572266567178,3.900389996505597
frame_011,frame_007,11,7,10,-4,False,False,212,English setter,0.4476309563390086,0.8037861442142136,0.7037171125411987,0.29628288745880127,0.14737409116233743,3.863718492953291
frame_011,frame_008,11,8,10,-3,False,False,207,golden retriever,0.282741997980702,1.2632204650735517,0.7126432061195374,0.28735679388046265,0.11926794234280964,3.840142293727367
frame_011,frame_009,11,9,10,-2,False,False,257,Great Pyrenees,0.833862004320899,0.18168735275877612,0.8775823712348938,0.1224176287651062,0.10814215806040754,3.8354704631183907
frame_011,frame_010,11,10,10,-1,False,False,257,Great Pyrenees,0.37493270161467807,0.981008731477881,0.7577892541885376,0.2422107458114624,0.1372180721045903,3.8779475779816814
frame_011,frame_012,11,12,10,1,False,False,257,Great Pyrenees,0.5802142791453272,0.5443577968680495,0.7855324745178223,0.21446752548217773,0.15483468739158734,3.8486753983196036
frame_011,frame_013,11,13,10,2,False,False,805,soccer ball,0.44594434261212684,0.8075611270987775,0.7558249831199646,0.2441750168800354,0.16880921269534127,3.735283245419101
frame_011,frame_014,11,14,10,3,False,True,805,soccer ball,0.3274777029492822,1.1163353088221672,0.6696541905403137,0.3303458094596863,0.14557458114477484,3.7736968349145834
frame_011,frame_015,11,15,10,4,False,False,208,Labrador retriever,0.30328463519483834,1.193083524341528,0.716722846031189,0.28327715396881104,0.16727374973752332,3.7444966355295386
frame_011,frame_016,11,16,10,5,False,False,257,Great Pyrenees,0.3654644648315873,1.0065862279617988,0.7467275857925415,0.2532724142074585,0.15234252556753344,3.7085644138755787
frame_011,frame_017,11,17,10,6,False,False,257,Great Pyrenees,0.6025458355795575,0.5065915408602146,0.7648334503173828,0.2351665496826172,0.14028726417877563,3.763561058021161
frame_011,frame_018,11,18,10,7,False,False,257,Great Pyrenees,0.4784621950721559,0.7371780783740869,0.7312236428260803,0.2687763571739197,0.1547915919518228,3.7252041791256136
frame_011,frame_019,11,19,10,8,False,False,257,Great Pyrenees,0.5349134651409343,0.6256502925687748,0.7756368517875671,0.22436314821243286,0.15333162940547895,3.723771456192723
frame_011,frame_000,11,0,20,-11,False,True,208,Labrador retriever,0.2756047138891953,1.2887876358916817,0.6733367443084717,0.3266632556915283,0.12161579459756101,4.698579109498836
frame_011,frame_001,11,1,20,-10,False,False,207,golden retriever,0.6269344745899198,0.46691325004654605,0.7733272910118103,0.2266727089881897,0.08783703379225183,4.8151925497467385
frame_011,frame_002,11,2,20,-9,False,False,257,Great Pyrenees,0.48016150082089226,0.7336327716266622,0.7204862833023071,0.27951371669769287,0.11346624782035165,4.719874534295025
frame_011,frame_003,11,3,20,-8,True,False,257,Great Pyrenees,0.8710683654937171,0.138034814401935,0.9086406826972961,0.09135931730270386,0.10050331093229346,4.767377535741
frame_011,frame_004,11,4,20,-7,False,False,257,Great Pyrenees,0.6725940078594307,0.3966133886371055,0.8085065484046936,0.1914934515953064,0.07629482403816512,4.754184380193753
frame_011,frame_005,11,5,20,-6,False,False,257,Great Pyrenees,0.5753610725318792,0.5527574830349327,0.8153570294380188,0.1846429705619812,0.10669154247940082,4.6791699347996705
frame_011,frame_006,11,6,20,-5,False,False,207,golden retriever,0.6568563550646334,0.42028992205118154,0.7971441745758057,0.20285582542419434,0.1174745088715758,4.67259943774705
frame_011,frame_007,11,7,20,-4,False,False,207,golden retriever,0.565175165439415,0.5706195685578388,0.7594629526138306,0.24053704738616943,0.14940642915374786,4.6843663717075055
frame_011,frame_008,11,8,20,-3,False,False,207,golden retriever,0.4698758409178827,0.7552867874364377,0.7976190447807312,0.2023809552192688,0.10716196783605819,4.7636493540370655
frame_011,frame_009,11,9,20,-2,False,False,257,Great Pyrenees,0.8275922030979578,0.1892347542547439,0.8939704895019531,0.10602951049804688,0.09017127088464912,4.723734384590587
frame_011,frame_010,11,10,20,-1,False,False,208,Labrador retriever,0.6053889805123853,0.5018840845549155,0.8391026258468628,0.1608973741531372,0.08497433397337371,4.775486244912465
frame_011,frame_012,11,12,20,1,False,False,257,Great Pyrenees,0.56942107039917,0.5631351002580995,0.8410329818725586,0.1589670181274414,0.1212382162849007,4.672735468194579
frame_011,frame_013,11,13,20,2,False,False,257,Great Pyrenees,0.6425516620310224,0.44230805761491343,0.8266788721084595,0.17332112789154053,0.11821305687507076,4.57270862628146
frame_011,frame_014,11,14,20,3,False,False,208,Labrador retriever,0.48233097051508467,0.7291247397555343,0.7459839582443237,0.25401604175567627,0.13098782021165883,4.579254459356369
frame_011,frame_015,11,15,20,4,False,False,208,Labrador retriever,0.5488745961156325,0.5998852859408679,0.8112672567367554,0.18873274326324463,0.16542708839317138,4.478349399423063
frame_011,frame_016,11,16,20,5,False,False,257,Great Pyrenees,0.5816884342745098,0.5418203108924287,0.8208893537521362,0.17911064624786377,0.137495622809784,4.488561345117517
frame_011,frame_017,11,17,20,6,False,False,257,Great Pyrenees,0.5852915826542426,0.5356451240385991,0.8326475620269775,0.16735243797302246,0.10465018468158041,4.502350673894608
frame_011,frame_018,11,18,20,7,False,False,257,Great Pyrenees,0.5852464754165063,0.5357221949846442,0.8091772794723511,0.19082272052764893,0.1022100055535793,4.537839809792606
frame_011,frame_019,11,19,20,8,False,False,257,Great Pyrenees,0.7571305105548773,0.2782196354445077,0.8463385105133057,0.15366148948669434,0.10712776981611068,4.560564776416319
frame_011,frame_000,11,0,30,-11,False,False,176,"Saluki, gazelle hound",0.501550824387603,0.6900503319741951,0.7351042032241821,0.26489579677581787,0.030028261106105673,5.37425473776039
frame_011,frame_001,11,1,30,-10,False,False,207,golden retriever,0.611745388140805,0.49143911548498576,0.7725761532783508,0.22742384672164917,0.04677929687698821,5.376848176366394
frame_011,frame_002,11,2,30,-9,False,False,257,Great Pyrenees,0.4245627989381888,0.8566953479220727,0.7271019220352173,0.2728980779647827,0.044034898227911665,5.371379199880193
frame_011,frame_003,11,3,30,-8,False,False,257,Great Pyrenees,0.7452845309179328,0.2939892128205104,0.8481242656707764,0.15187573432922363,0.027577750360729042,5.523268203744925
frame_011,frame_004,11,4,30,-7,False,False,257,Great Pyrenees,0.5298499607049093,0.6351614055239647,0.7708334922790527,0.22916650772094727,0.021548399895814647,5.4962371481763395
frame_011,frame_005,11,5,30,-6,False,False,257,Great Pyrenees,0.430425168335924,0.8429817952273293,0.7773072719573975,0.22269272804260254,0.025639882546283858,5.456797708595736
frame_011,frame_006,11,6,30,-5,False,False,207,golden retriever,0.4282066233963238,0.8481494349491632,0.7648630142211914,0.2351369857788086,0.0465746114695842,5.227916947182494
frame_011,frame_007,11,7,30,-4,False,False,176,"Saluki, gazelle hound",0.4201161797407303,0.8672239875262369,0.7692373991012573,0.23076260089874268,0.04411485161636109,5.20850149353145
frame_011,frame_008,11,8,30,-3,False,False,207,golden retriever,0.32854590998641525,1.113078694395048,0.7558404207229614,0.24415957927703857,0.04710967020765108,5.200674373623414
frame_011,frame_009,11,9,30,-2,True,False,257,Great Pyrenees,0.8795586709106761,0.1283350076370282,0.9126114845275879,0.08738851547241211,0.04005366202779403,5.252288043105896
frame_011,frame_010,11,10,30,-1,False,False,257,Great Pyrenees,0.481365369496637,0.7311286932863252,0.7926538586616516,0.2073461413383484,0.038481852902767316,5.279878018630856
frame_011,frame_012,11,12,30,1,False,False,257,Great Pyrenees,0.7630555318972675,0.2704244693536011,0.8594409227371216,0.14055907726287842,0.03911665410676762,5.267982629888774
frame_011,frame_013,11,13,30,2,False,False,257,Great Pyrenees,0.5402734658354477,0.6156798493964533,0.7701055407524109,0.2298944592475891,0.04364057953835135,5.249039852969502
frame_011,frame_014,11,14,30,3,False,True,208,Labrador retriever,0.3827225173428422,0.9604450501762205,0.7148579955101013,0.2851420044898987,0.03859737215726409,5.354040602214161
frame_011,frame_015,11,15,30,4,False,False,208,Labrador retriever,0.5451023916460052,0.6067816273852857,0.8051561117172241,0.19484388828277588,0.0300078266134813,5.360975677775533
frame_011,frame_016,11,16,30,5,False,False,257,Great Pyrenees,0.6462728686310764,0.43653346712241703,0.8237565159797668,0.17624348402023315,0.04453274547974203,5.34674678003622
frame_011,frame_017,11,17,30,6,False,False,257,Great Pyrenees,0.7586465267213378,0.2762193192572626,0.8754222393035889,0.12457776069641113,0.05124665005835865,5.3165326782757525
frame_011,frame_018,11,18,30,7,False,False,257,Great Pyrenees,0.802040288339373,0.2205964375402263,0.8716338872909546,0.1283661127090454,0.03444327333741059,5.335207432445436
frame_011,frame_019,11,19,30,8,False,False,257,Great Pyrenees,0.8847758970805101,0.12242088967856812,0.9116714000701904,0.08832859992980957,0.03367014207739175,5.357907921743285
frame_011,frame_000,11,0,40,-11,False,True,169,"borzoi, Russian wolfhound",0.16851653989832535,1.7807213743730839,0.6236065626144409,0.3763934373855591,0.10431451311796681,3.87567447093447
frame_011,frame_001,11,1,40,-10,False,False,207,golden retriever,0.5456745055774368,0.6057326246325667,0.7283872365951538,0.2716127634048462,0.0838722437816206,3.9651111878132914
frame_011,frame_002,11,2,40,-9,False,False,257,Great Pyrenees,0.5882742425297152,0.5305620409535923,0.7399190664291382,0.2600809335708618,0.12763947410041676,3.991479856256461
frame_011,frame_003,11,3,40,-8,False,False,257,Great Pyrenees,0.6894700768633759,0.3718319810032398,0.8738318681716919,0.1261681318283081,0.13647350644078124,3.855417408637537
frame_011,frame_004,11,4,40,-7,False,False,805,soccer ball,0.49404319838071925,0.7051323195025869,0.844363272190094,0.155636727809906,0.091090192066765,3.9956044906412864
frame_011,frame_005,11,5,40,-6,False,False,257,Great Pyrenees,0.5402001805634425,0.6158155033707295,0.7929902076721191,0.20700979232788086,0.09557528487739422,3.903932842018109
frame_011,frame_006,11,6,40,-5,False,False,183,Kerry blue terrier,0.3044176669606797,1.1893546160431727,0.736291766166687,0.263708233833313,0.10450794186750914,3.8583692044532505
frame_011,frame_007,11,7,40,-4,False,False,183,Kerry blue terrier,0.43520825506513217,0.8319306151802013,0.7671858072280884,0.23281419277191162,0.11814526558518948,3.779177400158899
frame_011,frame_008,11,8,40,-3,False,False,183,Kerry blue terrier,0.45423624271311164,0.7891378578813484,0.7921234369277954,0.2078765630722046,0.11144896521978848,3.6987646953493285
frame_011,frame_009,11,9,40,-2,True,False,257,Great Pyrenees,0.9153524081968699,0.08844614228578296,0.9358788728713989,0.06412112712860107,0.09719162574684691,3.733348487176241
frame_011,frame_010,11,10,40,-1,False,False,183,Kerry blue terrier,0.4774073263171666,0.7393852189086783,0.8268222212791443,0.1731777787208557,0.13420847142943457,3.7100163868756844
frame_011,frame_012,11,12,40,1,False,False,257,Great Pyrenees,0.6506202743560019,0.4298291028769343,0.8445645570755005,0.1554354429244995,0.120551654686092,3.659837710010095
frame_011,frame_013,11,13,40,2,False,False,257,Great Pyrenees,0.3177475928016379,1.1464979447032277,0.7314237356185913,0.2685762643814087,0.1450847661415982,3.517459520327779
frame_011,frame_014,11,14,40,3,False,False,977,"sandbar, sand bar",0.2568924572036066,1.359097736124092,0.7001931667327881,0.2998068332672119,0.1142711541552268,3.5738892379351874
frame_011,frame_015,11,15,40,4,False,False,208,Labrador retriever,0.2983684209273559,1.209426244244143,0.7254570722579956,0.2745429277420044,0.1257206783200096,3.6405833412289934
frame_011,frame_016,11,16,40,5,False,False,257,Great Pyrenees,0.5923327411303791,0.5236867392759841,0.7829477787017822,0.21705222129821777,0.14267717545826455,3.600352528737665
frame_011,frame_017,11,17,40,6,False,False,257,Great Pyrenees,0.851368864348093,0.160909796202644,0.8933161497116089,0.10668385028839111,0.10918071665007786,3.675573782056828
frame_011,frame_018,11,18,40,7,False,False,257,Great Pyrenees,0.8606567042080936,0.15005957159172167,0.8906577825546265,0.10934221744537354,0.11386836228924684,3.6476477037132398
frame_011,frame_019,11,19,40,8,False,False,257,Great Pyrenees,0.8768587958781747,0.1314093076938203,0.9119244813919067,0.08807551860809326,0.1187177218945052,3.6610679384519056
frame_011,frame_000,11,0,50,-11,False,False,260,"chow, chow chow",0.4887891653407909,0.7158240372034963,0.6971958875656128,0.3028041124343872,0.08043733340489016,4.229357566443891
frame_011,frame_001,11,1,50,-10,False,False,207,golden retriever,0.60078307035927,0.509521357425788,0.7737942337989807,0.2262057662010193,0.07411738380783152,4.289653897933173
frame_011,frame_002,11,2,50,-9,False,True,257,Great Pyrenees,0.26556797325677106,1.3258844512681054,0.6762762069702148,0.32372379302978516,0.0801832010430128,4.270528534413822
frame_011,frame_003,11,3,50,-8,True,False,257,Great Pyrenees,0.756923242543883,0.2784934275894231,0.8691393136978149,0.13086068630218506,0.0755579619130007,4.288702062646873
frame_011,frame_004,11,4,50,-7,False,False,257,Great Pyrenees,0.5212699545401018,0.6514872245105439,0.8266363143920898,0.17336368560791016,0.06263568865713198,4.380337297708003
frame_011,frame_005,11,5,50,-6,False,False,257,Great Pyrenees,0.4272755650418718,0.8503261225170533,0.7642596364021301,0.23574036359786987,0.08216211127193312,4.246271445921714
frame_011,frame_006,11,6,50,-5,False,False,207,golden retriever,0.49764968304704726,0.6978588971895996,0.785883903503418,0.21411609649658203,0.07271720543705909,4.207762264908834
frame_011,frame_007,11,7,50,-4,False,False,183,Kerry blue terrier,0.45322499103541763,0.791366607845946,0.7945763468742371,0.20542365312576294,0.09003410456642574,4.130109385282911
frame_011,frame_008,11,8,50,-3,False,False,183,Kerry blue terrier,0.42237386015174677,0.8618644326154339,0.8019486665725708,0.1980513334274292,0.08083108842940262,4.125323506234769
frame_011,frame_009,11,9,50,-2,False,False,257,Great Pyrenees,0.7246616599548742,0.3220504089788734,0.8554344177246094,0.14456558227539062,0.0877813894679997,4.108290025989728
frame_011,frame_010,11,10,50,-1,False,False,208,Labrador retriever,0.439565768716652,0.8219679286460235,0.8324369192123413,0.1675630807876587,0.08175501932530752,4.151684164829545
frame_011,frame_012,11,12,50,1,False,False,208,Labrador retriever,0.3573776392637318,1.028962243228822,0.7920284271240234,0.20797157287597656,0.08241192839795368,4.043753142292217
frame_011,frame_013,11,13,50,2,False,False,257,Great Pyrenees,0.2568864634371893,1.3591210682078998,0.7244597673416138,0.27554023265838623,0.09680791316143227,3.9889655852900114
frame_011,frame_014,11,14,50,3,False,False,208,Labrador retriever,0.2901903842610741,1.237218073949822,0.7209131717681885,0.2790868282318115,0.08929488243170716,3.99261811555786
frame_011,frame_015,11,15,50,4,False,False,208,Labrador retriever,0.6804906334695014,0.3849412211741732,0.8246314525604248,0.1753685474395752,0.0843416888574614,3.9312629805012067
frame_011,frame_016,11,16,50,5,False,False,208,Labrador retriever,0.45971439548136483,0.7771498617127595,0.7959526777267456,0.2040473222732544,0.09119559372877598,3.8884407045698524
frame_011,frame_017,11,17,50,6,False,False,257,Great Pyrenees,0.5607345310913614,0.5785076920677863,0.8089607954025269,0.19103920459747314,0.13463309722183303,3.8088793346439966
frame_011,frame_018,11,18,50,7,False,False,257,Great Pyrenees,0.7058211498789051,0.348393402365472,0.8147375583648682,0.18526244163513184,0.09546465421594962,3.8128588034956277
frame_011,frame_019,11,19,50,8,False,False,257,Great Pyrenees,0.6741367777016725,0.3943222543827263,0.8279751539230347,0.17202484607696533,0.09083391557135445,3.8391719593122007
frame_012,frame_000,12,0,5,-12,True,False,169,"borzoi, Russian wolfhound",0.6115685406088106,0.4917282441036832,0.7375880479812622,0.2624119520187378,0.03222938571064733,4.921726031806104
frame_012,frame_001,12,1,5,-11,False,False,169,"borzoi, Russian wolfhound",0.3932010288056577,0.9334342742179969,0.6267056465148926,0.3732943534851074,0.028592068990526603,4.906303496574797
frame_012,frame_002,12,2,5,-10,False,False,177,"Scottish deerhound, deerhound",0.1632268260662232,1.8126144745545076,0.5599155426025391,0.44008445739746094,0.03460460119190419,4.874462204597847
frame_012,frame_003,12,3,5,-9,False,False,257,Great Pyrenees,0.35494741210677855,1.0357856353902637,0.6690335869789124,0.33096641302108765,0.03610482081222851,4.936903038586263
frame_012,frame_004,12,4,5,-8,False,False,257,Great Pyrenees,0.24090600468153855,1.4233484436381758,0.6492164134979248,0.3507835865020752,0.03330751901402694,4.876923318760035
frame_012,frame_005,12,5,5,-7,False,False,212,English setter,0.19869307202467487,1.6159939965411505,0.6073672771453857,0.39263272285461426,0.03882138495763267,4.832771318441758
frame_012,frame_006,12,6,5,-6,False,False,169,"borzoi, Russian wolfhound",0.2838588067701249,1.2592783237056953,0.5903276205062866,0.4096723794937134,0.030196355204839934,4.827830380799255
frame_012,frame_007,12,7,5,-5,False,False,169,"borzoi, Russian wolfhound",0.2175683868380571,1.5252420556297723,0.5731228590011597,0.42687714099884033,0.04008699160408703,4.8184879607468645
frame_012,frame_008,12,8,5,-4,False,False,169,"borzoi, Russian wolfhound",0.1329521259984176,2.017766170458814,0.5363149046897888,0.4636850953102112,0.04085167028355228,4.824738980998799
frame_012,frame_009,12,9,5,-3,False,False,169,"borzoi, Russian wolfhound",0.1502457135351534,1.895483234857947,0.5564311742782593,0.4435688257217407,0.04510768899635338,4.822407408282064
frame_012,frame_010,12,10,5,-2,False,False,169,"borzoi, Russian wolfhound",0.16377588037927437,1.8092563688373575,0.5422914624214172,0.45770853757858276,0.039266463810217915,4.831648045720981
frame_012,frame_011,12,11,5,-1,False,False,169,"borzoi, Russian wolfhound",0.18157100207442256,1.70610850577211,0.5418499708175659,0.4581500291824341,0.03466964492586642,4.804452405438029
frame_012,frame_013,12,13,5,1,False,False,218,Welsh springer spaniel,0.15312139222258203,1.8765242589560929,0.5678007006645203,0.43219929933547974,0.0448857106219909,4.708483287372374
frame_012,frame_014,12,14,5,2,False,True,218,Welsh springer spaniel,0.18901033084231422,1.6659536048749826,0.5265508890151978,0.47344911098480225,0.04040372309567526,4.7532109633299
frame_012,frame_015,12,15,5,3,False,False,218,Welsh springer spaniel,0.21991612438885827,1.5145090581030103,0.5472234487533569,0.45277655124664307,0.038826779147564515,4.685288622024308
frame_012,frame_016,12,16,5,4,False,False,218,Welsh springer spaniel,0.20372377313107704,1.5909902559754716,0.5791889429092407,0.4208110570907593,0.04168010606792248,4.695811092594153
frame_012,frame_017,12,17,5,5,False,False,257,Great Pyrenees,0.19242842300272206,1.6480310229569648,0.5766458511352539,0.4233541488647461,0.0424906686508725,4.71438852737997
frame_012,frame_018,12,18,5,6,False,False,257,Great Pyrenees,0.14191244747687104,1.9525449786008036,0.545135498046875,0.454864501953125,0.04358375114207424,4.692316071859576
frame_012,frame_019,12,19,5,7,False,False,257,Great Pyrenees,0.14472176155036723,1.932942265841156,0.5391099452972412,0.4608900547027588,0.0426749326033313,4.66970851373368
frame_012,frame_000,12,0,10,-12,False,False,257,Great Pyrenees,0.2546626207993999,1.3678156655232758,0.6936905384063721,0.30630946159362793,0.16239216171252932,3.8692598230250193
frame_012,frame_001,12,1,10,-11,False,False,207,golden retriever,0.31967845687774427,1.1404396106177321,0.7166632413864136,0.2833367586135864,0.12001423588039471,4.015639141955826
frame_012,frame_002,12,2,10,-10,False,False,257,Great Pyrenees,0.4925780656185391,0.7081023220610669,0.7123459577560425,0.2876540422439575,0.17185018732683952,3.981157624156772
frame_012,frame_003,12,3,10,-9,True,False,257,Great Pyrenees,0.7855735920326745,0.24134113753656994,0.8822641372680664,0.1177358627319336,0.16605814315904824,3.8753864419321964
frame_012,frame_004,12,4,10,-8,False,False,257,Great Pyrenees,0.6443555053200042,0.4395046782941625,0.8315024375915527,0.16849756240844727,0.12089221076560354,4.031174583628227
frame_012,frame_005,12,5,10,-7,False,False,257,Great Pyrenees,0.5857376315894429,0.5348833173281484,0.799091100692749,0.20090889930725098,0.13248777073327372,3.8827208711167946
frame_012,frame_006,12,6,10,-6,False,False,207,golden retriever,0.3574765469716651,1.0286855218764988,0.6725602149963379,0.3274397850036621,0.1312079272321812,3.8705204976763534
frame_012,frame_007,12,7,10,-5,False,False,212,English setter,0.4476309563390086,0.8037861442142136,0.7037171125411987,0.29628288745880127,0.15690418809890275,3.8309934530057075
frame_012,frame_008,12,8,10,-4,False,False,207,golden retriever,0.282741997980702,1.2632204650735517,0.7126432061195374,0.28735679388046265,0.12694670278067804,3.8178410146266657
frame_012,frame_009,12,9,10,-3,False,False,257,Great Pyrenees,0.833862004320899,0.18168735275877612,0.8775823712348938,0.1224176287651062,0.11149192442074961,3.8169483819430434
frame_012,frame_010,12,10,10,-2,False,False,257,Great Pyrenees,0.37493270161467807,0.981008731477881,0.7577892541885376,0.2422107458114624,0.14221487738939728,3.868827343821215
frame_012,frame_011,12,11,10,-1,False,False,216,"clumber, clumber spaniel",0.3568493741785895,1.0304415073046131,0.7228566408157349,0.27714335918426514,0.1670805241003756,3.846336360024611
frame_012,frame_013,12,13,10,1,False,False,805,soccer ball,0.44594434261212684,0.8075611270987775,0.7558249831199646,0.2441750168800354,0.1745656087699142,3.697593367839218
frame_012,frame_014,12,14,10,2,False,True,805,soccer ball,0.3274777029492822,1.1163353088221672,0.6696541905403137,0.3303458094596863,0.15588896838732802,3.7566777850406257
frame_012,frame_015,12,15,10,3,False,False,208,Labrador retriever,0.30328463519483834,1.193083524341528,0.716722846031189,0.28327715396881104,0.17810028379772477,3.721807507950847
frame_012,frame_016,12,16,10,4,False,False,257,Great Pyrenees,0.3654644648315873,1.0065862279617988,0.7467275857925415,0.2532724142074585,0.15750514074088656,3.6634217318398328
frame_012,frame_017,12,17,10,5,False,False,257,Great Pyrenees,0.6025458355795575,0.5065915408602146,0.7648334503173828,0.2351665496826172,0.14540126945345083,3.7240520006629727
frame_012,frame_018,12,18,10,6,False,False,257,Great Pyrenees,0.4784621950721559,0.7371780783740869,0.7312236428260803,0.2687763571739197,0.16013968950409543,3.6863173639224884
frame_012,frame_019,12,19,10,7,False,False,257,Great Pyrenees,0.5349134651409343,0.6256502925687748,0.7756368517875671,0.22436314821243286,0.15721679994299748,3.6946897114181443
frame_012,frame_000,12,0,20,-12,False,True,208,Labrador retriever,0.2756047138891953,1.2887876358916817,0.6733367443084717,0.3266632556915283,0.11898704534890339,4.739989258219159
frame_012,frame_001,12,1,20,-11,False,False,207,golden retriever,0.6269344745899198,0.46691325004654605,0.7733272910118103,0.2266727089881897,0.08526713404138525,4.850670250922166
frame_012,frame_002,12,2,20,-10,False,False,257,Great Pyrenees,0.48016150082089226,0.7336327716266622,0.7204862833023071,0.27951371669769287,0.11194559249378748,4.765865959906705
frame_012,frame_003,12,3,20,-9,True,False,257,Great Pyrenees,0.8710683654937171,0.138034814401935,0.9086406826972961,0.09135931730270386,0.09516066376203725,4.816428134848895
frame_012,frame_004,12,4,20,-8,False,False,257,Great Pyrenees,0.6725940078594307,0.3966133886371055,0.8085065484046936,0.1914934515953064,0.07546993330484354,4.786071857844579
frame_012,frame_005,12,5,20,-7,False,False,257,Great Pyrenees,0.5753610725318792,0.5527574830349327,0.8153570294380188,0.1846429705619812,0.10185523188764034,4.713715736049583
frame_012,frame_006,12,6,20,-6,False,False,207,golden retriever,0.6568563550646334,0.42028992205118154,0.7971441745758057,0.20285582542419434,0.11064708182875134,4.715908702702922
frame_012,frame_007,12,7,20,-5,False,False,207,golden retriever,0.565175165439415,0.5706195685578388,0.7594629526138306,0.24053704738616943,0.14126983729351297,4.7262005631655155
frame_012,frame_008,12,8,20,-4,False,False,207,golden retriever,0.4698758409178827,0.7552867874364377,0.7976190447807312,0.2023809552192688,0.09810077143768751,4.804154252987454
frame_012,frame_009,12,9,20,-3,False,False,257,Great Pyrenees,0.8275922030979578,0.1892347542547439,0.8939704895019531,0.10602951049804688,0.08718380199236453,4.751269231364693
frame_012,frame_010,12,10,20,-2,False,False,208,Labrador retriever,0.6053889805123853,0.5018840845549155,0.8391026258468628,0.1608973741531372,0.08376038139512716,4.808104370725682
frame_012,frame_011,12,11,20,-1,False,False,257,Great Pyrenees,0.33812064812803366,1.0843525000652274,0.7581788897514343,0.24182111024856567,0.11351268857842403,4.794593790407073
frame_012,frame_013,12,13,20,1,False,False,257,Great Pyrenees,0.6425516620310224,0.44230805761491343,0.8266788721084595,0.17332112789154053,0.11372939947879795,4.604072762809455
frame_012,frame_014,12,14,20,2,False,False,208,Labrador retriever,0.48233097051508467,0.7291247397555343,0.7459839582443237,0.25401604175567627,0.1303378630972196,4.617325532669179
frame_012,frame_015,12,15,20,3,False,False,208,Labrador retriever,0.5488745961156325,0.5998852859408679,0.8112672567367554,0.18873274326324463,0.16129739420414066,4.509200251932887
frame_012,frame_016,12,16,20,4,False,False,257,Great Pyrenees,0.5816884342745098,0.5418203108924287,0.8208893537521362,0.17911064624786377,0.13342910753485573,4.525149371353119
frame_012,frame_017,12,17,20,5,False,False,257,Great Pyrenees,0.5852915826542426,0.5356451240385991,0.8326475620269775,0.16735243797302246,0.1014171157520467,4.537233821160225
frame_012,frame_018,12,18,20,6,False,False,257,Great Pyrenees,0.5852464754165063,0.5357221949846442,0.8091772794723511,0.19082272052764893,0.0994747693559998,4.572046966987609
frame_012,frame_019,12,19,20,7,False,False,257,Great Pyrenees,0.7571305105548773,0.2782196354445077,0.8463385105133057,0.15366148948669434,0.10369975782909178,4.596483963783507
frame_012,frame_000,12,0,30,-12,False,False,176,"Saluki, gazelle hound",0.501550824387603,0.6900503319741951,0.7351042032241821,0.26489579677581787,0.0379283574273001,5.336501376251789
frame_012,frame_001,12,1,30,-11,False,False,207,golden retriever,0.611745388140805,0.49143911548498576,0.7725761532783508,0.22742384672164917,0.047831810312704975,5.334420190054218
frame_012,frame_002,12,2,30,-10,False,False,257,Great Pyrenees,0.4245627989381888,0.8566953479220727,0.7271019220352173,0.2728980779647827,0.0462005993913071,5.319251307165939
frame_012,frame_003,12,3,30,-9,False,False,257,Great Pyrenees,0.7452845309179328,0.2939892128205104,0.8481242656707764,0.15187573432922363,0.031597152174160925,5.491398132401187
frame_012,frame_004,12,4,30,-8,False,False,257,Great Pyrenees,0.5298499607049093,0.6351614055239647,0.7708334922790527,0.22916650772094727,0.034725807991475115,5.453172572378802
frame_012,frame_005,12,5,30,-7,False,False,257,Great Pyrenees,0.430425168335924,0.8429817952273293,0.7773072719573975,0.22269272804260254,0.027000078512125273,5.422996642542605
frame_012,frame_006,12,6,30,-6,False,False,207,golden retriever,0.4282066233963238,0.8481494349491632,0.7648630142211914,0.2351369857788086,0.05032342738804452,5.178416857693639
frame_012,frame_007,12,7,30,-5,False,False,176,"Saluki, gazelle hound",0.4201161797407303,0.8672239875262369,0.7692373991012573,0.23076260089874268,0.051690430181719114,5.149568419310373
frame_012,frame_008,12,8,30,-4,False,False,207,golden retriever,0.32854590998641525,1.113078694395048,0.7558404207229614,0.24415957927703857,0.05761799628164807,5.141663141001439
frame_012,frame_009,12,9,30,-3,True,False,257,Great Pyrenees,0.8795586709106761,0.1283350076370282,0.9126114845275879,0.08738851547241211,0.05102962858554893,5.192838228778702
frame_012,frame_010,12,10,30,-2,False,False,257,Great Pyrenees,0.481365369496637,0.7311286932863252,0.7926538586616516,0.2073461413383484,0.04722461025673269,5.239374111762009
frame_012,frame_011,12,11,30,-1,False,False,257,Great Pyrenees,0.45358443302282536,0.7905738458902443,0.7490100264549255,0.25098997354507446,0.035442981571902676,5.212179521371029
frame_012,frame_013,12,13,30,1,False,False,257,Great Pyrenees,0.5402734658354477,0.6156798493964533,0.7701055407524109,0.2298944592475891,0.05448073514438375,5.208141018204239
frame_012,frame_014,12,14,30,2,False,True,208,Labrador retriever,0.3827225173428422,0.9604450501762205,0.7148579955101013,0.2851420044898987,0.037982150830068784,5.345298736998279
frame_012,frame_015,12,15,30,3,False,False,208,Labrador retriever,0.5451023916460052,0.6067816273852857,0.8051561117172241,0.19484388828277588,0.033922426406147684,5.326528986062553
frame_012,frame_016,12,16,30,4,False,False,257,Great Pyrenees,0.6462728686310764,0.43653346712241703,0.8237565159797668,0.17624348402023315,0.04746203476228688,5.317372285111516
frame_012,frame_017,12,17,30,5,False,False,257,Great Pyrenees,0.7586465267213378,0.2762193192572626,0.8754222393035889,0.12457776069641113,0.055757839607745135,5.278075174555033
frame_012,frame_018,12,18,30,6,False,False,257,Great Pyrenees,0.802040288339373,0.2205964375402263,0.8716338872909546,0.1283661127090454,0.03767396174863858,5.29313894926021
frame_012,frame_019,12,19,30,7,False,False,257,Great Pyrenees,0.8847758970805101,0.12242088967856812,0.9116714000701904,0.08832859992980957,0.040423359055426177,5.302311721131604
frame_012,frame_000,12,0,40,-12,False,True,169,"borzoi, Russian wolfhound",0.16851653989832535,1.7807213743730839,0.6236065626144409,0.3763934373855591,0.11757122749563644,3.8185969235487027
frame_012,frame_001,12,1,40,-11,False,False,207,golden retriever,0.5456745055774368,0.6057326246325667,0.7283872365951538,0.2716127634048462,0.09148495066393698,3.9162796468564425
frame_012,frame_002,12,2,40,-10,False,False,257,Great Pyrenees,0.5882742425297152,0.5305620409535923,0.7399190664291382,0.2600809335708618,0.14208477542977677,3.936332835009344
frame_012,frame_003,12,3,40,-9,False,False,257,Great Pyrenees,0.6894700768633759,0.3718319810032398,0.8738318681716919,0.1261681318283081,0.1500549491717972,3.7920328988783947
frame_012,frame_004,12,4,40,-8,False,False,805,soccer ball,0.49404319838071925,0.7051323195025869,0.844363272190094,0.155636727809906,0.09975741373042844,3.94752878159119
frame_012,frame_005,12,5,40,-7,False,False,257,Great Pyrenees,0.5402001805634425,0.6158155033707295,0.7929902076721191,0.20700979232788086,0.10653030666835456,3.840095919021156
frame_012,frame_006,12,6,40,-6,False,False,183,Kerry blue terrier,0.3044176669606797,1.1893546160431727,0.736291766166687,0.263708233833313,0.10978232964255306,3.812724002887561
frame_012,frame_007,12,7,40,-5,False,False,183,Kerry blue terrier,0.43520825506513217,0.8319306151802013,0.7671858072280884,0.23281419277191162,0.12491968421190279,3.7132190701571233
frame_012,frame_008,12,8,40,-4,False,False,183,Kerry blue terrier,0.45423624271311164,0.7891378578813484,0.7921234369277954,0.2078765630722046,0.11474207881054221,3.6582939902545064
frame_012,frame_009,12,9,40,-3,True,False,257,Great Pyrenees,0.9153524081968699,0.08844614228578296,0.9358788728713989,0.06412112712860107,0.10333067271667606,3.695515608319109
frame_012,frame_010,12,10,40,-2,False,False,183,Kerry blue terrier,0.4774073263171666,0.7393852189086783,0.8268222212791443,0.1731777787208557,0.14355524408495185,3.6634476451507805
frame_012,frame_011,12,11,40,-1,False,False,183,Kerry blue terrier,0.3867876755984836,0.9498793783757575,0.7861406207084656,0.21385937929153442,0.14306055313370422,3.62608530605334
frame_012,frame_013,12,13,40,1,False,False,257,Great Pyrenees,0.3177475928016379,1.1464979447032277,0.7314237356185913,0.2685762643814087,0.15610587045301996,3.4381287576318917
frame_012,frame_014,12,14,40,2,False,False,977,"sandbar, sand bar",0.2568924572036066,1.359097736124092,0.7001931667327881,0.2998068332672119,0.11493198320863152,3.5273190326191597
frame_012,frame_015,12,15,40,3,False,False,208,Labrador retriever,0.2983684209273559,1.209426244244143,0.7254570722579956,0.2745429277420044,0.14105580228771383,3.5705084491686545
frame_012,frame_016,12,16,40,4,False,False,257,Great Pyrenees,0.5923327411303791,0.5236867392759841,0.7829477787017822,0.21705222129821777,0.1558801510687836,3.505601079273772
frame_012,frame_017,12,17,40,5,False,False,257,Great Pyrenees,0.851368864348093,0.160909796202644,0.8933161497116089,0.10668385028839111,0.12085197525335023,3.6020494318681533
frame_012,frame_018,12,18,40,6,False,False,257,Great Pyrenees,0.8606567042080936,0.15005957159172167,0.8906577825546265,0.10934221744537354,0.1273393926590516,3.5717651481731405
frame_012,frame_019,12,19,40,7,False,False,257,Great Pyrenees,0.8768587958781747,0.1314093076938203,0.9119244813919067,0.08807551860809326,0.1332854186581398,3.5841402863467886
frame_012,frame_000,12,0,50,-12,False,False,260,"chow, chow chow",0.4887891653407909,0.7158240372034963,0.6971958875656128,0.3028041124343872,0.08499706682352637,4.2305278244181395
frame_012,frame_001,12,1,50,-11,False,False,207,golden retriever,0.60078307035927,0.509521357425788,0.7737942337989807,0.2262057662010193,0.07933189067216767,4.281553813535407
frame_012,frame_002,12,2,50,-10,False,True,257,Great Pyrenees,0.26556797325677106,1.3258844512681054,0.6762762069702148,0.32372379302978516,0.08658890315145938,4.265774744972687
frame_012,frame_003,12,3,50,-9,True,False,257,Great Pyrenees,0.756923242543883,0.2784934275894231,0.8691393136978149,0.13086068630218506,0.07108817124206145,4.305672674268658
frame_012,frame_004,12,4,50,-8,False,False,257,Great Pyrenees,0.5212699545401018,0.6514872245105439,0.8266363143920898,0.17336368560791016,0.0652046736116732,4.381476764464692
frame_012,frame_005,12,5,50,-7,False,False,257,Great Pyrenees,0.4272755650418718,0.8503261225170533,0.7642596364021301,0.23574036359786987,0.08019366118286914,4.238016751209466
frame_012,frame_006,12,6,50,-6,False,False,207,golden retriever,0.49764968304704726,0.6978588971895996,0.785883903503418,0.21411609649658203,0.07015045558148536,4.206520514157897
frame_012,frame_007,12,7,50,-5,False,False,183,Kerry blue terrier,0.45322499103541763,0.791366607845946,0.7945763468742371,0.20542365312576294,0.08945929357611432,4.099107359125041
frame_012,frame_008,12,8,50,-4,False,False,183,Kerry blue terrier,0.42237386015174677,0.8618644326154339,0.8019486665725708,0.1980513334274292,0.08110057488273133,4.116048352516575
frame_012,frame_009,12,9,50,-3,False,False,257,Great Pyrenees,0.7246616599548742,0.3220504089788734,0.8554344177246094,0.14456558227539062,0.09343139903795647,4.1110363248294455
frame_012,frame_010,12,10,50,-2,False,False,208,Labrador retriever,0.439565768716652,0.8219679286460235,0.8324369192123413,0.1675630807876587,0.0881749910771233,4.138239895195337
frame_012,frame_011,12,11,50,-1,False,False,183,Kerry blue terrier,0.4683405418808912,0.7585595940843612,0.769321084022522,0.23067891597747803,0.08763635020844798,4.066152674136586
frame_012,frame_013,12,13,50,1,False,False,257,Great Pyrenees,0.2568864634371893,1.3591210682078998,0.7244597673416138,0.27554023265838623,0.1026240372843125,3.937963764488203
frame_012,frame_014,12,14,50,2,False,False,208,Labrador retriever,0.2901903842610741,1.237218073949822,0.7209131717681885,0.2790868282318115,0.08979005466256397,3.960344170780536
frame_012,frame_015,12,15,50,3,False,False,208,Labrador retriever,0.6804906334695014,0.3849412211741732,0.8246314525604248,0.1753685474395752,0.0884020543991338,3.9090795282955555
frame_012,frame_016,12,16,50,4,False,False,208,Labrador retriever,0.45971439548136483,0.7771498617127595,0.7959526777267456,0.2040473222732544,0.10300769932086783,3.8440997212630754
frame_012,frame_017,12,17,50,5,False,False,257,Great Pyrenees,0.5607345310913614,0.5785076920677863,0.8089607954025269,0.19103920459747314,0.13490848498339103,3.7787224273088094
frame_012,frame_018,12,18,50,6,False,False,257,Great Pyrenees,0.7058211498789051,0.348393402365472,0.8147375583648682,0.18526244163513184,0.09863843611818714,3.7842108942452324
frame_012,frame_019,12,19,50,7,False,False,257,Great Pyrenees,0.6741367777016725,0.3943222543827263,0.8279751539230347,0.17202484607696533,0.09739769933475956,3.821273009500512
frame_013,frame_000,13,0,5,-13,True,False,169,"borzoi, Russian wolfhound",0.6115685406088106,0.4917282441036832,0.7375880479812622,0.2624119520187378,0.031749989847803584,5.004142276931863
frame_013,frame_001,13,1,5,-12,False,False,169,"borzoi, Russian wolfhound",0.3932010288056577,0.9334342742179969,0.6267056465148926,0.3732943534851074,0.029726912670752375,4.988515310849638
frame_013,frame_002,13,2,5,-11,False,False,177,"Scottish deerhound, deerhound",0.1632268260662232,1.8126144745545076,0.5599155426025391,0.44008445739746094,0.03353059646315057,4.960303740034214
frame_013,frame_003,13,3,5,-10,False,False,257,Great Pyrenees,0.35494741210677855,1.0357856353902637,0.6690335869789124,0.33096641302108765,0.03677032162317653,5.033218972946627
frame_013,frame_004,13,4,5,-9,False,False,257,Great Pyrenees,0.24090600468153855,1.4233484436381758,0.6492164134979248,0.3507835865020752,0.03154405148059464,4.968473524709289
frame_013,frame_005,13,5,5,-8,False,False,212,English setter,0.19869307202467487,1.6159939965411505,0.6073672771453857,0.39263272285461426,0.039414516935136146,4.930070543520404
frame_013,frame_006,13,6,5,-7,False,False,169,"borzoi, Russian wolfhound",0.2838588067701249,1.2592783237056953,0.5903276205062866,0.4096723794937134,0.029289644056386455,4.933940680743694
frame_013,frame_007,13,7,5,-6,False,False,169,"borzoi, Russian wolfhound",0.2175683868380571,1.5252420556297723,0.5731228590011597,0.42687714099884033,0.03998623078604062,4.923617839043483
frame_013,frame_008,13,8,5,-5,False,False,169,"borzoi, Russian wolfhound",0.1329521259984176,2.017766170458814,0.5363149046897888,0.4636850953102112,0.040176729724033924,4.9288704867111575
frame_013,frame_009,13,9,5,-4,False,False,169,"borzoi, Russian wolfhound",0.1502457135351534,1.895483234857947,0.5564311742782593,0.4435688257217407,0.04314303376253014,4.9295200723272945
frame_013,frame_010,13,10,5,-3,False,False,169,"borzoi, Russian wolfhound",0.16377588037927437,1.8092563688373575,0.5422914624214172,0.45770853757858276,0.035484347882699455,4.9465941022569435
frame_013,frame_011,13,11,5,-2,False,False,169,"borzoi, Russian wolfhound",0.18157100207442256,1.70610850577211,0.5418499708175659,0.4581500291824341,0.0336185328498658,4.913550205818291
frame_013,frame_012,13,12,5,-1,False,True,169,"borzoi, Russian wolfhound",0.10418466004452867,2.261590376963534,0.5231491923332214,0.47685080766677856,0.043843530069179355,4.871722454971491
frame_013,frame_014,13,14,5,1,False,False,218,Welsh springer spaniel,0.18901033084231422,1.6659536048749826,0.5265508890151978,0.47344911098480225,0.03397674535746405,4.858603022204315
frame_013,frame_015,13,15,5,2,False,False,218,Welsh springer spaniel,0.21991612438885827,1.5145090581030103,0.5472234487533569,0.45277655124664307,0.0390107701968799,4.7772810667548065
frame_013,frame_016,13,16,5,3,False,False,218,Welsh springer spaniel,0.20372377313107704,1.5909902559754716,0.5791889429092407,0.4208110570907593,0.040888987763184025,4.784151894508662
frame_013,frame_017,13,17,5,4,False,False,257,Great Pyrenees,0.19242842300272206,1.6480310229569648,0.5766458511352539,0.4233541488647461,0.04083292963527492,4.797875039615625
frame_013,frame_018,13,18,5,5,False,False,257,Great Pyrenees,0.14191244747687104,1.9525449786008036,0.545135498046875,0.454864501953125,0.041998081661962894,4.772403283007682
frame_013,frame_019,13,19,5,6,False,False,257,Great Pyrenees,0.14472176155036723,1.932942265841156,0.5391099452972412,0.4608900547027588,0.041199356149202226,4.7426278394335935
frame_013,frame_000,13,0,10,-13,False,False,257,Great Pyrenees,0.2546626207993999,1.3678156655232758,0.6936905384063721,0.30630946159362793,0.1775867444749924,3.8473748353561703
frame_013,frame_001,13,1,10,-12,False,False,207,golden retriever,0.31967845687774427,1.1404396106177321,0.7166632413864136,0.2833367586135864,0.13851167199963768,3.996906438690921
frame_013,frame_002,13,2,10,-11,False,False,257,Great Pyrenees,0.4925780656185391,0.7081023220610669,0.7123459577560425,0.2876540422439575,0.19176432019702758,3.9475112883187804
frame_013,frame_003,13,3,10,-10,True,False,257,Great Pyrenees,0.7855735920326745,0.24134113753656994,0.8822641372680664,0.1177358627319336,0.1695721751588313,3.8938733410947695
frame_013,frame_004,13,4,10,-9,False,False,257,Great Pyrenees,0.6443555053200042,0.4395046782941625,0.8315024375915527,0.16849756240844727,0.13304260562150202,4.04056713462317
frame_013,frame_005,13,5,10,-8,False,False,257,Great Pyrenees,0.5857376315894429,0.5348833173281484,0.799091100692749,0.20090889930725098,0.14252346413038952,3.887660404640654
frame_013,frame_006,13,6,10,-7,False,False,207,golden retriever,0.3574765469716651,1.0286855218764988,0.6725602149963379,0.3274397850036621,0.14188754604729428,3.8766365825171327
frame_013,frame_007,13,7,10,-6,False,False,212,English setter,0.4476309563390086,0.8037861442142136,0.7037171125411987,0.29628288745880127,0.17065443854653095,3.8274955225499445
frame_013,frame_008,13,8,10,-5,False,False,207,golden retriever,0.282741997980702,1.2632204650735517,0.7126432061195374,0.28735679388046265,0.1369193352993513,3.8354760784023885
frame_013,frame_009,13,9,10,-4,False,False,257,Great Pyrenees,0.833862004320899,0.18168735275877612,0.8775823712348938,0.1224176287651062,0.12000087456974565,3.8471098821906375
frame_013,frame_010,13,10,10,-3,False,False,257,Great Pyrenees,0.37493270161467807,0.981008731477881,0.7577892541885376,0.2422107458114624,0.15210749646631042,3.90263126360461
frame_013,frame_011,13,11,10,-2,False,False,216,"clumber, clumber spaniel",0.3568493741785895,1.0304415073046131,0.7228566408157349,0.27714335918426514,0.17776467203611188,3.8509549722565177
frame_013,frame_012,13,12,10,-1,False,False,257,Great Pyrenees,0.5802142791453272,0.5443577968680495,0.7855324745178223,0.21446752548217773,0.17247801607976493,3.8079391012847594
frame_013,frame_014,13,14,10,1,False,True,805,soccer ball,0.3274777029492822,1.1163353088221672,0.6696541905403137,0.3303458094596863,0.16897985267742877,3.758780375456946
frame_013,frame_015,13,15,10,2,False,False,208,Labrador retriever,0.30328463519483834,1.193083524341528,0.716722846031189,0.28327715396881104,0.19650903346884366,3.694735215468318
frame_013,frame_016,13,16,10,3,False,False,257,Great Pyrenees,0.3654644648315873,1.0065862279617988,0.7467275857925415,0.2532724142074585,0.17035428645404826,3.6309416698972514
frame_013,frame_017,13,17,10,4,False,False,257,Great Pyrenees,0.6025458355795575,0.5065915408602146,0.7648334503173828,0.2351665496826172,0.15226818749691948,3.687048838664562
frame_013,frame_018,13,18,10,5,False,False,257,Great Pyrenees,0.4784621950721559,0.7371780783740869,0.7312236428260803,0.2687763571739197,0.16272556081477496,3.653282450247052
frame_013,frame_019,13,19,10,6,False,False,257,Great Pyrenees,0.5349134651409343,0.6256502925687748,0.7756368517875671,0.22436314821243286,0.1579701818538078,3.667937579381948
frame_013,frame_000,13,0,20,-13,False,True,208,Labrador retriever,0.2756047138891953,1.2887876358916817,0.6733367443084717,0.3266632556915283,0.12308140856610583,4.726697721440078
frame_013,frame_001,13,1,20,-12,False,False,207,golden retriever,0.6269344745899198,0.46691325004654605,0.7733272910118103,0.2266727089881897,0.09571526780686918,4.832567800517922
frame_013,frame_002,13,2,20,-11,False,False,257,Great Pyrenees,0.48016150082089226,0.7336327716266622,0.7204862833023071,0.27951371669769287,0.12328596516786589,4.725263934407563
frame_013,frame_003,13,3,20,-10,True,False,257,Great Pyrenees,0.8710683654937171,0.138034814401935,0.9086406826972961,0.09135931730270386,0.0974601749170134,4.82245658735709
frame_013,frame_004,13,4,20,-9,False,False,257,Great Pyrenees,0.6725940078594307,0.3966133886371055,0.8085065484046936,0.1914934515953064,0.08148160567312435,4.788205375127774
frame_013,frame_005,13,5,20,-8,False,False,257,Great Pyrenees,0.5753610725318792,0.5527574830349327,0.8153570294380188,0.1846429705619812,0.1082903589970021,4.699019712636141
frame_013,frame_006,13,6,20,-7,False,False,207,golden retriever,0.6568563550646334,0.42028992205118154,0.7971441745758057,0.20285582542419434,0.11341090409276304,4.7037385954027755
frame_013,frame_007,13,7,20,-6,False,False,207,golden retriever,0.565175165439415,0.5706195685578388,0.7594629526138306,0.24053704738616943,0.14553349819775024,4.725245802547643
frame_013,frame_008,13,8,20,-5,False,False,207,golden retriever,0.4698758409178827,0.7552867874364377,0.7976190447807312,0.2023809552192688,0.10272106564997902,4.81980583955991
frame_013,frame_009,13,9,20,-4,False,False,257,Great Pyrenees,0.8275922030979578,0.1892347542547439,0.8939704895019531,0.10602951049804688,0.07974199087036979,4.789600569493789
frame_013,frame_010,13,10,20,-3,False,False,208,Labrador retriever,0.6053889805123853,0.5018840845549155,0.8391026258468628,0.1608973741531372,0.08517123059600532,4.843818920622754
frame_013,frame_011,13,11,20,-2,False,False,257,Great Pyrenees,0.33812064812803366,1.0843525000652274,0.7581788897514343,0.24182111024856567,0.11548566816294183,4.812715144921225
frame_013,frame_012,13,12,20,-1,False,False,257,Great Pyrenees,0.56942107039917,0.5631351002580995,0.8410329818725586,0.1589670181274414,0.12471366165841191,4.71318276368921
frame_013,frame_014,13,14,20,1,False,False,208,Labrador retriever,0.48233097051508467,0.7291247397555343,0.7459839582443237,0.25401604175567627,0.13190756159034434,4.594263718479571
frame_013,frame_015,13,15,20,2,False,False,208,Labrador retriever,0.5488745961156325,0.5998852859408679,0.8112672567367554,0.18873274326324463,0.17131402779451976,4.450520338489912
frame_013,frame_016,13,16,20,3,False,False,257,Great Pyrenees,0.5816884342745098,0.5418203108924287,0.8208893537521362,0.17911064624786377,0.14878269815983883,4.448589062327117
frame_013,frame_017,13,17,20,4,False,False,257,Great Pyrenees,0.5852915826542426,0.5356451240385991,0.8326475620269775,0.16735243797302246,0.1175253251967497,4.470812391073958
frame_013,frame_018,13,18,20,5,False,False,257,Great Pyrenees,0.5852464754165063,0.5357221949846442,0.8091772794723511,0.19082272052764893,0.11548028106710954,4.509515227990063
frame_013,frame_019,13,19,20,6,False,False,257,Great Pyrenees,0.7571305105548773,0.2782196354445077,0.8463385105133057,0.15366148948669434,0.11576013324282744,4.539275821923783
frame_013,frame_000,13,0,30,-13,False,False,176,"Saluki, gazelle hound",0.501550824387603,0.6900503319741951,0.7351042032241821,0.26489579677581787,0.046313651005493936,5.310561055923021
frame_013,frame_001,13,1,30,-12,False,False,207,golden retriever,0.611745388140805,0.49143911548498576,0.7725761532783508,0.22742384672164917,0.0467377455314266,5.320521776332798
frame_013,frame_002,13,2,30,-11,False,False,257,Great Pyrenees,0.4245627989381888,0.8566953479220727,0.7271019220352173,0.2728980779647827,0.05163969752563848,5.289942256546056
frame_013,frame_003,13,3,30,-10,False,False,257,Great Pyrenees,0.7452845309179328,0.2939892128205104,0.8481242656707764,0.15187573432922363,0.028103381078806458,5.511317741589928
frame_013,frame_004,13,4,30,-9,False,False,257,Great Pyrenees,0.5298499607049093,0.6351614055239647,0.7708334922790527,0.22916650772094727,0.04280852536954103,5.451914932842555
frame_013,frame_005,13,5,30,-8,False,False,257,Great Pyrenees,0.430425168335924,0.8429817952273293,0.7773072719573975,0.22269272804260254,0.029612945256124606,5.3930107764705575
frame_013,frame_006,13,6,30,-7,False,False,207,golden retriever,0.4282066233963238,0.8481494349491632,0.7648630142211914,0.2351369857788086,0.0565639073128234,5.13686216205806
frame_013,frame_007,13,7,30,-6,False,False,176,"Saluki, gazelle hound",0.4201161797407303,0.8672239875262369,0.7692373991012573,0.23076260089874268,0.06177191935025293,5.112955142351868
frame_013,frame_008,13,8,30,-5,False,False,207,golden retriever,0.32854590998641525,1.113078694395048,0.7558404207229614,0.24415957927703857,0.06927987897268559,5.1195528162170225
frame_013,frame_009,13,9,30,-4,True,False,257,Great Pyrenees,0.8795586709106761,0.1283350076370282,0.9126114845275879,0.08738851547241211,0.06201292325371011,5.1708484236102885
frame_013,frame_010,13,10,30,-3,False,False,257,Great Pyrenees,0.481365369496637,0.7311286932863252,0.7926538586616516,0.2073461413383484,0.054777785723960165,5.230821330150854
frame_013,frame_011,13,11,30,-2,False,False,257,Great Pyrenees,0.45358443302282536,0.7905738458902443,0.7490100264549255,0.25098997354507446,0.03293379444556483,5.2044188967333405
frame_013,frame_012,13,12,30,-1,False,False,257,Great Pyrenees,0.7630555318972675,0.2704244693536011,0.8594409227371216,0.14055907726287842,0.04127121375258455,5.221642138136636
frame_013,frame_014,13,14,30,1,False,True,208,Labrador retriever,0.3827225173428422,0.9604450501762205,0.7148579955101013,0.2851420044898987,0.03558485577176104,5.3462420981743275
frame_013,frame_015,13,15,30,2,False,False,208,Labrador retriever,0.5451023916460052,0.6067816273852857,0.8051561117172241,0.19484388828277588,0.04012784687448984,5.337090887620485
frame_013,frame_016,13,16,30,3,False,False,257,Great Pyrenees,0.6462728686310764,0.43653346712241703,0.8237565159797668,0.17624348402023315,0.044220298965601,5.294100734444766
frame_013,frame_017,13,17,30,4,False,False,257,Great Pyrenees,0.7586465267213378,0.2762193192572626,0.8754222393035889,0.12457776069641113,0.049003213855102534,5.246897378097895
frame_013,frame_018,13,18,30,5,False,False,257,Great Pyrenees,0.802040288339373,0.2205964375402263,0.8716338872909546,0.1283661127090454,0.04507002614300739,5.288032437612934
frame_013,frame_019,13,19,30,6,False,False,257,Great Pyrenees,0.8847758970805101,0.12242088967856812,0.9116714000701904,0.08832859992980957,0.047453868490600064,5.296662581150436
frame_013,frame_000,13,0,40,-13,False,True,169,"borzoi, Russian wolfhound",0.16851653989832535,1.7807213743730839,0.6236065626144409,0.3763934373855591,0.11970059097728666,3.895965592367375
frame_013,frame_001,13,1,40,-12,False,False,207,golden retriever,0.5456745055774368,0.6057326246325667,0.7283872365951538,0.2716127634048462,0.0972526042402363,3.9893783150330067
frame_013,frame_002,13,2,40,-11,False,False,257,Great Pyrenees,0.5882742425297152,0.5305620409535923,0.7399190664291382,0.2600809335708618,0.14979582866572416,3.9863368280019555
frame_013,frame_003,13,3,40,-10,False,False,257,Great Pyrenees,0.6894700768633759,0.3718319810032398,0.8738318681716919,0.1261681318283081,0.1486877638420555,3.9055571565449245
frame_013,frame_004,13,4,40,-9,False,False,805,soccer ball,0.49404319838071925,0.7051323195025869,0.844363272190094,0.155636727809906,0.10574413093663602,4.022452908363579
frame_013,frame_005,13,5,40,-8,False,False,257,Great Pyrenees,0.5402001805634425,0.6158155033707295,0.7929902076721191,0.20700979232788086,0.11365109753390816,3.91157258677139
frame_013,frame_006,13,6,40,-7,False,False,183,Kerry blue terrier,0.3044176669606797,1.1893546160431727,0.736291766166687,0.263708233833313,0.11212538479586683,3.904675529946722
frame_013,frame_007,13,7,40,-6,False,False,183,Kerry blue terrier,0.43520825506513217,0.8319306151802013,0.7671858072280884,0.23281419277191162,0.1336190411847648,3.80111426261599
frame_013,frame_008,13,8,40,-5,False,False,183,Kerry blue terrier,0.45423624271311164,0.7891378578813484,0.7921234369277954,0.2078765630722046,0.11972856717631997,3.7549178458259442
frame_013,frame_009,13,9,40,-4,True,False,257,Great Pyrenees,0.9153524081968699,0.08844614228578296,0.9358788728713989,0.06412112712860107,0.10623329201024985,3.8042244668673497
frame_013,frame_010,13,10,40,-3,False,False,183,Kerry blue terrier,0.4774073263171666,0.7393852189086783,0.8268222212791443,0.1731777787208557,0.1468823394682745,3.766555472916742
frame_013,frame_011,13,11,40,-2,False,False,183,Kerry blue terrier,0.3867876755984836,0.9498793783757575,0.7861406207084656,0.21385937929153442,0.14523349811121233,3.726771403570522
frame_013,frame_012,13,12,40,-1,False,False,257,Great Pyrenees,0.6506202743560019,0.4298291028769343,0.8445645570755005,0.1554354429244995,0.13592153424154912,3.667398956057342
frame_013,frame_014,13,14,40,1,False,False,977,"sandbar, sand bar",0.2568924572036066,1.359097736124092,0.7001931667327881,0.2998068332672119,0.12032579651699377,3.6321291829079287
frame_013,frame_015,13,15,40,2,False,False,208,Labrador retriever,0.2983684209273559,1.209426244244143,0.7254570722579956,0.2745429277420044,0.1468237921717781,3.6539502996954054
frame_013,frame_016,13,16,40,3,False,False,257,Great Pyrenees,0.5923327411303791,0.5236867392759841,0.7829477787017822,0.21705222129821777,0.14354151607362858,3.5872402178337137
frame_013,frame_017,13,17,40,4,False,False,257,Great Pyrenees,0.851368864348093,0.160909796202644,0.8933161497116089,0.10668385028839111,0.1198094504904859,3.6716418609793466
frame_013,frame_018,13,18,40,5,False,False,257,Great Pyrenees,0.8606567042080936,0.15005957159172167,0.8906577825546265,0.10934221744537354,0.127278743557713,3.6516665541835907
frame_013,frame_019,13,19,40,6,False,False,257,Great Pyrenees,0.8768587958781747,0.1314093076938203,0.9119244813919067,0.08807551860809326,0.1324639440832361,3.6695261811233477
frame_013,frame_000,13,0,50,-13,False,False,260,"chow, chow chow",0.4887891653407909,0.7158240372034963,0.6971958875656128,0.3028041124343872,0.08517490185748722,4.399913825031817
frame_013,frame_001,13,1,50,-12,False,False,207,golden retriever,0.60078307035927,0.509521357425788,0.7737942337989807,0.2262057662010193,0.08819351498975948,4.420915994614846
frame_013,frame_002,13,2,50,-11,False,True,257,Great Pyrenees,0.26556797325677106,1.3258844512681054,0.6762762069702148,0.32372379302978516,0.09531246133140098,4.366906668962423
frame_013,frame_003,13,3,50,-10,True,False,257,Great Pyrenees,0.756923242543883,0.2784934275894231,0.8691393136978149,0.13086068630218506,0.06990186163186073,4.521111665078294
frame_013,frame_004,13,4,50,-9,False,False,257,Great Pyrenees,0.5212699545401018,0.6514872245105439,0.8266363143920898,0.17336368560791016,0.06858877092586613,4.531805276415828
frame_013,frame_005,13,5,50,-8,False,False,257,Great Pyrenees,0.4272755650418718,0.8503261225170533,0.7642596364021301,0.23574036359786987,0.07686978568674425,4.370024573180023
frame_013,frame_006,13,6,50,-7,False,False,207,golden retriever,0.49764968304704726,0.6978588971895996,0.785883903503418,0.21411609649658203,0.07044288518653362,4.323068539996884
frame_013,frame_007,13,7,50,-6,False,False,183,Kerry blue terrier,0.45322499103541763,0.791366607845946,0.7945763468742371,0.20542365312576294,0.09010542116963272,4.2608735752687235
frame_013,frame_008,13,8,50,-5,False,False,183,Kerry blue terrier,0.42237386015174677,0.8618644326154339,0.8019486665725708,0.1980513334274292,0.08326638729974731,4.308627604321979
frame_013,frame_009,13,9,50,-4,False,False,257,Great Pyrenees,0.7246616599548742,0.3220504089788734,0.8554344177246094,0.14456558227539062,0.09467317197242027,4.298661867207789
frame_013,frame_010,13,10,50,-3,False,False,208,Labrador retriever,0.439565768716652,0.8219679286460235,0.8324369192123413,0.1675630807876587,0.08589126268048268,4.362935935552374
frame_013,frame_011,13,11,50,-2,False,False,183,Kerry blue terrier,0.4683405418808912,0.7585595940843612,0.769321084022522,0.23067891597747803,0.07723553483355751,4.282630072922085
frame_013,frame_012,13,12,50,-1,False,False,208,Labrador retriever,0.3573776392637318,1.028962243228822,0.7920284271240234,0.20797157287597656,0.08454483780248365,4.194461775239246
frame_013,frame_014,13,14,50,1,False,False,208,Labrador retriever,0.2901903842610741,1.237218073949822,0.7209131717681885,0.2790868282318115,0.0836171582174646,4.131017432722202
frame_013,frame_015,13,15,50,2,False,False,208,Labrador retriever,0.6804906334695014,0.3849412211741732,0.8246314525604248,0.1753685474395752,0.09264255385945773,4.034657797727611
frame_013,frame_016,13,16,50,3,False,False,208,Labrador retriever,0.45971439548136483,0.7771498617127595,0.7959526777267456,0.2040473222732544,0.10698697644822187,3.947716248543755
frame_013,frame_017,13,17,50,4,False,False,257,Great Pyrenees,0.5607345310913614,0.5785076920677863,0.8089607954025269,0.19103920459747314,0.1449885175528174,3.8886674726644346
frame_013,frame_018,13,18,50,5,False,False,257,Great Pyrenees,0.7058211498789051,0.348393402365472,0.8147375583648682,0.18526244163513184,0.10711754264834487,3.8809146415607816
frame_013,frame_019,13,19,50,6,False,False,257,Great Pyrenees,0.6741367777016725,0.3943222543827263,0.8279751539230347,0.17202484607696533,0.09004057227640881,3.9312288788638012
frame_014,frame_000,14,0,5,-14,True,False,169,"borzoi, Russian wolfhound",0.6115685406088106,0.4917282441036832,0.7375880479812622,0.2624119520187378,0.03262695616827351,5.009709323825143
frame_014,frame_001,14,1,5,-13,False,False,169,"borzoi, Russian wolfhound",0.3932010288056577,0.9334342742179969,0.6267056465148926,0.3732943534851074,0.030956644441154372,5.0016653417892885
frame_014,frame_002,14,2,5,-12,False,False,177,"Scottish deerhound, deerhound",0.1632268260662232,1.8126144745545076,0.5599155426025391,0.44008445739746094,0.033710461423492516,4.97409336541061
frame_014,frame_003,14,3,5,-11,False,False,257,Great Pyrenees,0.35494741210677855,1.0357856353902637,0.6690335869789124,0.33096641302108765,0.03714960485896722,5.039841028461709
frame_014,frame_004,14,4,5,-10,False,False,257,Great Pyrenees,0.24090600468153855,1.4233484436381758,0.6492164134979248,0.3507835865020752,0.03203101776390677,4.970222713339385
frame_014,frame_005,14,5,5,-9,False,False,212,English setter,0.19869307202467487,1.6159939965411505,0.6073672771453857,0.39263272285461426,0.03864197465770763,4.933794786575653
frame_014,frame_006,14,6,5,-8,False,False,169,"borzoi, Russian wolfhound",0.2838588067701249,1.2592783237056953,0.5903276205062866,0.4096723794937134,0.02883504165995489,4.945964306490671
frame_014,frame_007,14,7,5,-7,False,False,169,"borzoi, Russian wolfhound",0.2175683868380571,1.5252420556297723,0.5731228590011597,0.42687714099884033,0.03867721598161879,4.930158503225706
frame_014,frame_008,14,8,5,-6,False,False,169,"borzoi, Russian wolfhound",0.1329521259984176,2.017766170458814,0.5363149046897888,0.4636850953102112,0.03963325506582642,4.9383502250427025
frame_014,frame_009,14,9,5,-5,False,False,169,"borzoi, Russian wolfhound",0.1502457135351534,1.895483234857947,0.5564311742782593,0.4435688257217407,0.042164438369481014,4.943334984025183
frame_014,frame_010,14,10,5,-4,False,False,169,"borzoi, Russian wolfhound",0.16377588037927437,1.8092563688373575,0.5422914624214172,0.45770853757858276,0.034122996003655065,4.9588558879064095
frame_014,frame_011,14,11,5,-3,False,False,169,"borzoi, Russian wolfhound",0.18157100207442256,1.70610850577211,0.5418499708175659,0.4581500291824341,0.03170329333822217,4.927004750013282
frame_014,frame_012,14,12,5,-2,False,True,169,"borzoi, Russian wolfhound",0.10418466004452867,2.261590376963534,0.5231491923332214,0.47685080766677856,0.042446825495573895,4.879441338628718
frame_014,frame_013,14,13,5,-1,False,False,218,Welsh springer spaniel,0.15312139222258203,1.8765242589560929,0.5678007006645203,0.43219929933547974,0.04459012452244708,4.806758552313163
frame_014,frame_015,14,15,5,1,False,False,218,Welsh springer spaniel,0.21991612438885827,1.5145090581030103,0.5472234487533569,0.45277655124664307,0.03834410432077909,4.7781562605556545
frame_014,frame_016,14,16,5,2,False,False,218,Welsh springer spaniel,0.20372377313107704,1.5909902559754716,0.5791889429092407,0.4208110570907593,0.04237743120039779,4.789549191372923
frame_014,frame_017,14,17,5,3,False,False,257,Great Pyrenees,0.19242842300272206,1.6480310229569648,0.5766458511352539,0.4233541488647461,0.03900548809916382,4.808733178749776
frame_014,frame_018,14,18,5,4,False,False,257,Great Pyrenees,0.14191244747687104,1.9525449786008036,0.545135498046875,0.454864501953125,0.04121728567057805,4.783331987112425
frame_014,frame_019,14,19,5,5,False,False,257,Great Pyrenees,0.14472176155036723,1.932942265841156,0.5391099452972412,0.4608900547027588,0.041681405509101405,4.749078490197542
frame_014,frame_000,14,0,10,-14,False,False,257,Great Pyrenees,0.2546626207993999,1.3678156655232758,0.6936905384063721,0.30630946159362793,0.17209666458620443,3.9129515794046172
frame_014,frame_001,14,1,10,-13,False,False,207,golden retriever,0.31967845687774427,1.1404396106177321,0.7166632413864136,0.2833367586135864,0.1333244738770033,4.0513247463465625
frame_014,frame_002,14,2,10,-12,False,False,257,Great Pyrenees,0.4925780656185391,0.7081023220610669,0.7123459577560425,0.2876540422439575,0.18497109943379234,3.9903148729259392
frame_014,frame_003,14,3,10,-11,True,False,257,Great Pyrenees,0.7855735920326745,0.24134113753656994,0.8822641372680664,0.1177358627319336,0.1665585790975175,3.9548147707864763
frame_014,frame_004,14,4,10,-10,False,False,257,Great Pyrenees,0.6443555053200042,0.4395046782941625,0.8315024375915527,0.16849756240844727,0.12589452949933186,4.095242265744384
frame_014,frame_005,14,5,10,-9,False,False,257,Great Pyrenees,0.5857376315894429,0.5348833173281484,0.799091100692749,0.20090889930725098,0.13991713519585833,3.937965494170433
frame_014,frame_006,14,6,10,-8,False,True,207,golden retriever,0.3574765469716651,1.0286855218764988,0.6725602149963379,0.3274397850036621,0.1379478295643888,3.9398354875734145
frame_014,frame_007,14,7,10,-7,False,False,212,English setter,0.4476309563390086,0.8037861442142136,0.7037171125411987,0.29628288745880127,0.16534936678414935,3.885749790563984
frame_014,frame_008,14,8,10,-6,False,False,207,golden retriever,0.282741997980702,1.2632204650735517,0.7126432061195374,0.28735679388046265,0.13348092489729133,3.8949075197084833
frame_014,frame_009,14,9,10,-5,False,False,257,Great Pyrenees,0.833862004320899,0.18168735275877612,0.8775823712348938,0.1224176287651062,0.11703452611232283,3.918022904267312
frame_014,frame_010,14,10,10,-4,False,False,257,Great Pyrenees,0.37493270161467807,0.981008731477881,0.7577892541885376,0.2422107458114624,0.14196070722615925,3.9853873863099913
frame_014,frame_011,14,11,10,-3,False,False,216,"clumber, clumber spaniel",0.3568493741785895,1.0304415073046131,0.7228566408157349,0.27714335918426514,0.16929178378105778,3.924424631448682
frame_014,frame_012,14,12,10,-2,False,False,257,Great Pyrenees,0.5802142791453272,0.5443577968680495,0.7855324745178223,0.21446752548217773,0.1661771270705153,3.879092805075863
frame_014,frame_013,14,13,10,-1,False,False,805,soccer ball,0.44594434261212684,0.8075611270987775,0.7558249831199646,0.2441750168800354,0.1749516997656049,3.7568164694701087
frame_014,frame_015,14,15,10,1,False,False,208,Labrador retriever,0.30328463519483834,1.193083524341528,0.716722846031189,0.28327715396881104,0.1888542265224063,3.754454069676421
frame_014,frame_016,14,16,10,2,False,False,257,Great Pyrenees,0.3654644648315873,1.0065862279617988,0.7467275857925415,0.2532724142074585,0.1628270563482663,3.6731266032619954
frame_014,frame_017,14,17,10,3,False,False,257,Great Pyrenees,0.6025458355795575,0.5065915408602146,0.7648334503173828,0.2351665496826172,0.1500472893375927,3.722972720961983
frame_014,frame_018,14,18,10,4,False,False,257,Great Pyrenees,0.4784621950721559,0.7371780783740869,0.7312236428260803,0.2687763571739197,0.1592033917722432,3.7003989185537014
frame_014,frame_019,14,19,10,5,False,False,257,Great Pyrenees,0.5349134651409343,0.6256502925687748,0.7756368517875671,0.22436314821243286,0.15520882504587669,3.7121447682809143
frame_014,frame_000,14,0,20,-14,False,True,208,Labrador retriever,0.2756047138891953,1.2887876358916817,0.6733367443084717,0.3266632556915283,0.11735632286446057,4.719737983279446
frame_014,frame_001,14,1,20,-13,False,False,207,golden retriever,0.6269344745899198,0.46691325004654605,0.7733272910118103,0.2266727089881897,0.09105039120262666,4.840376506364073
frame_014,frame_002,14,2,20,-12,False,False,257,Great Pyrenees,0.48016150082089226,0.7336327716266622,0.7204862833023071,0.27951371669769287,0.11496752167905532,4.742736524170512
frame_014,frame_003,14,3,20,-11,True,False,257,Great Pyrenees,0.8710683654937171,0.138034814401935,0.9086406826972961,0.09135931730270386,0.09462624894136347,4.8356177325725405
frame_014,frame_004,14,4,20,-10,False,False,257,Great Pyrenees,0.6725940078594307,0.3966133886371055,0.8085065484046936,0.1914934515953064,0.07419045291567378,4.814277635134739
frame_014,frame_005,14,5,20,-9,False,False,257,Great Pyrenees,0.5753610725318792,0.5527574830349327,0.8153570294380188,0.1846429705619812,0.10048820070321189,4.719381047945769
frame_014,frame_006,14,6,20,-8,False,False,207,golden retriever,0.6568563550646334,0.42028992205118154,0.7971441745758057,0.20285582542419434,0.1049683083639636,4.72448625765111
frame_014,frame_007,14,7,20,-7,False,False,207,golden retriever,0.565175165439415,0.5706195685578388,0.7594629526138306,0.24053704738616943,0.13708254604847891,4.748545181800478
frame_014,frame_008,14,8,20,-6,False,False,207,golden retriever,0.4698758409178827,0.7552867874364377,0.7976190447807312,0.2023809552192688,0.09742146554330774,4.840177574746026
frame_014,frame_009,14,9,20,-5,False,False,257,Great Pyrenees,0.8275922030979578,0.1892347542547439,0.8939704895019531,0.10602951049804688,0.07631838430224032,4.80470109494645
frame_014,frame_010,14,10,20,-4,False,False,208,Labrador retriever,0.6053889805123853,0.5018840845549155,0.8391026258468628,0.1608973741531372,0.07648710062916207,4.860286664317926
frame_014,frame_011,14,11,20,-3,False,False,257,Great Pyrenees,0.33812064812803366,1.0843525000652274,0.7581788897514343,0.24182111024856567,0.10494986341254123,4.8396521071730145
frame_014,frame_012,14,12,20,-2,False,False,257,Great Pyrenees,0.56942107039917,0.5631351002580995,0.8410329818725586,0.1589670181274414,0.11435377357470845,4.734579999370119
frame_014,frame_013,14,13,20,-1,False,False,257,Great Pyrenees,0.6425516620310224,0.44230805761491343,0.8266788721084595,0.17332112789154053,0.10975933689227797,4.628061136250734
frame_014,frame_015,14,15,20,1,False,False,208,Labrador retriever,0.5488745961156325,0.5998852859408679,0.8112672567367554,0.18873274326324463,0.15656961937027153,4.489443138811364
frame_014,frame_016,14,16,20,2,False,False,257,Great Pyrenees,0.5816884342745098,0.5418203108924287,0.8208893537521362,0.17911064624786377,0.13725283682743775,4.48106960429302
frame_014,frame_017,14,17,20,3,False,False,257,Great Pyrenees,0.5852915826542426,0.5356451240385991,0.8326475620269775,0.16735243797302246,0.10952213469102819,4.493315459281585
frame_014,frame_018,14,18,20,4,False,False,257,Great Pyrenees,0.5852464754165063,0.5357221949846442,0.8091772794723511,0.19082272052764893,0.10830610371206369,4.5277760907817175
frame_014,frame_019,14,19,20,5,False,False,257,Great Pyrenees,0.7571305105548773,0.2782196354445077,0.8463385105133057,0.15366148948669434,0.10785172566069601,4.54428436328426
frame_014,frame_000,14,0,30,-14,False,False,176,"Saluki, gazelle hound",0.501550824387603,0.6900503319741951,0.7351042032241821,0.26489579677581787,0.046746157272826404,5.3050565202675575
frame_014,frame_001,14,1,30,-13,False,False,207,golden retriever,0.611745388140805,0.49143911548498576,0.7725761532783508,0.22742384672164917,0.04192997974251501,5.326812787797861
frame_014,frame_002,14,2,30,-12,False,True,257,Great Pyrenees,0.4245627989381888,0.8566953479220727,0.7271019220352173,0.2728980779647827,0.0537647267229082,5.285200659190018
frame_014,frame_003,14,3,30,-11,False,False,257,Great Pyrenees,0.7452845309179328,0.2939892128205104,0.8481242656707764,0.15187573432922363,0.03288721341427107,5.487655954079867
frame_014,frame_004,14,4,30,-10,False,False,257,Great Pyrenees,0.5298499607049093,0.6351614055239647,0.7708334922790527,0.22916650772094727,0.03841994390220759,5.43749885696878
frame_014,frame_005,14,5,30,-9,False,False,257,Great Pyrenees,0.430425168335924,0.8429817952273293,0.7773072719573975,0.22269272804260254,0.029695151421601448,5.382402932567429
frame_014,frame_006,14,6,30,-8,False,False,207,golden retriever,0.4282066233963238,0.8481494349491632,0.7648630142211914,0.2351369857788086,0.061042291436120985,5.124579010490105
frame_014,frame_007,14,7,30,-7,False,False,176,"Saluki, gazelle hound",0.4201161797407303,0.8672239875262369,0.7692373991012573,0.23076260089874268,0.06307243469508701,5.109975313569276
frame_014,frame_008,14,8,30,-6,False,False,207,golden retriever,0.32854590998641525,1.113078694395048,0.7558404207229614,0.24415957927703857,0.07083419898719995,5.108910369366757
frame_014,frame_009,14,9,30,-5,True,False,257,Great Pyrenees,0.8795586709106761,0.1283350076370282,0.9126114845275879,0.08738851547241211,0.06561165992529742,5.147521432676106
frame_014,frame_010,14,10,30,-4,False,False,257,Great Pyrenees,0.481365369496637,0.7311286932863252,0.7926538586616516,0.2073461413383484,0.059804760440067134,5.217900860159491
frame_014,frame_011,14,11,30,-3,False,False,257,Great Pyrenees,0.45358443302282536,0.7905738458902443,0.7490100264549255,0.25098997354507446,0.033736254745474925,5.192048406190654
frame_014,frame_012,14,12,30,-2,False,False,257,Great Pyrenees,0.7630555318972675,0.2704244693536011,0.8594409227371216,0.14055907726287842,0.04274629381458845,5.201892131348374
frame_014,frame_013,14,13,30,-1,False,False,257,Great Pyrenees,0.5402734658354477,0.6156798493964533,0.7701055407524109,0.2298944592475891,0.06668288191365836,5.202488433659438
frame_014,frame_015,14,15,30,1,False,False,208,Labrador retriever,0.5451023916460052,0.6067816273852857,0.8051561117172241,0.19484388828277588,0.04112301737849101,5.315424360069332
frame_014,frame_016,14,16,30,2,False,False,257,Great Pyrenees,0.6462728686310764,0.43653346712241703,0.8237565159797668,0.17624348402023315,0.03929159076466537,5.2894731520367415
frame_014,frame_017,14,17,30,3,False,False,257,Great Pyrenees,0.7586465267213378,0.2762193192572626,0.8754222393035889,0.12457776069641113,0.043008762314495096,5.2485674100176
frame_014,frame_018,14,18,30,4,False,False,257,Great Pyrenees,0.802040288339373,0.2205964375402263,0.8716338872909546,0.1283661127090454,0.045675888518321175,5.283756263577379
frame_014,frame_019,14,19,30,5,False,False,257,Great Pyrenees,0.8847758970805101,0.12242088967856812,0.9116714000701904,0.08832859992980957,0.04686316075294712,5.292792261503622
frame_014,frame_000,14,0,40,-14,False,True,169,"borzoi, Russian wolfhound",0.16851653989832535,1.7807213743730839,0.6236065626144409,0.3763934373855591,0.1371623253848388,3.8275212910802034
frame_014,frame_001,14,1,40,-13,False,False,207,golden retriever,0.5456745055774368,0.6057326246325667,0.7283872365951538,0.2716127634048462,0.09887510475851906,3.947535824889341
frame_014,frame_002,14,2,40,-12,False,False,257,Great Pyrenees,0.5882742425297152,0.5305620409535923,0.7399190664291382,0.2600809335708618,0.16242865319747782,3.927364366395377
frame_014,frame_003,14,3,40,-11,False,False,257,Great Pyrenees,0.6894700768633759,0.3718319810032398,0.8738318681716919,0.1261681318283081,0.17298245763413034,3.8266440912565187
frame_014,frame_004,14,4,40,-10,False,False,805,soccer ball,0.49404319838071925,0.7051323195025869,0.844363272190094,0.155636727809906,0.09837714811967553,3.9987158392717284
frame_014,frame_005,14,5,40,-9,False,False,257,Great Pyrenees,0.5402001805634425,0.6158155033707295,0.7929902076721191,0.20700979232788086,0.12397155960015442,3.8575587993467852
frame_014,frame_006,14,6,40,-8,False,False,183,Kerry blue terrier,0.3044176669606797,1.1893546160431727,0.736291766166687,0.263708233833313,0.12877562342179055,3.85028317823127
frame_014,frame_007,14,7,40,-7,False,False,183,Kerry blue terrier,0.43520825506513217,0.8319306151802013,0.7671858072280884,0.23281419277191162,0.1516844165089981,3.7324524206914482
frame_014,frame_008,14,8,40,-6,False,False,183,Kerry blue terrier,0.45423624271311164,0.7891378578813484,0.7921234369277954,0.2078765630722046,0.11555452851664874,3.6957526383078605
frame_014,frame_009,14,9,40,-5,True,False,257,Great Pyrenees,0.9153524081968699,0.08844614228578296,0.9358788728713989,0.06412112712860107,0.1037354242030669,3.7485861357056764
frame_014,frame_010,14,10,40,-4,False,False,183,Kerry blue terrier,0.4774073263171666,0.7393852189086783,0.8268222212791443,0.1731777787208557,0.14629487773365715,3.711586154867482
frame_014,frame_011,14,11,40,-3,False,False,183,Kerry blue terrier,0.3867876755984836,0.9498793783757575,0.7861406207084656,0.21385937929153442,0.1488328855467245,3.669442791474011
frame_014,frame_012,14,12,40,-2,False,False,257,Great Pyrenees,0.6506202743560019,0.4298291028769343,0.8445645570755005,0.1554354429244995,0.1410768621176358,3.612118088796441
frame_014,frame_013,14,13,40,-1,False,False,257,Great Pyrenees,0.3177475928016379,1.1464979447032277,0.7314237356185913,0.2685762643814087,0.16319339128036853,3.4379673482028235
frame_014,frame_015,14,15,40,1,False,False,208,Labrador retriever,0.2983684209273559,1.209426244244143,0.7254570722579956,0.2745429277420044,0.15906765983039564,3.5951720818784167
frame_014,frame_016,14,16,40,2,False,False,257,Great Pyrenees,0.5923327411303791,0.5236867392759841,0.7829477787017822,0.21705222129821777,0.15244151977822634,3.5114079441942927
frame_014,frame_017,14,17,40,3,False,False,257,Great Pyrenees,0.851368864348093,0.160909796202644,0.8933161497116089,0.10668385028839111,0.12262662835823623,3.6358968905544344
frame_014,frame_018,14,18,40,4,False,False,257,Great Pyrenees,0.8606567042080936,0.15005957159172167,0.8906577825546265,0.10934221744537354,0.1284032796689076,3.608940559378297
frame_014,frame_019,14,19,40,5,False,False,257,Great Pyrenees,0.8768587958781747,0.1314093076938203,0.9119244813919067,0.08807551860809326,0.13587562429474817,3.615455542434596
frame_014,frame_000,14,0,50,-14,False,False,260,"chow, chow chow",0.4887891653407909,0.7158240372034963,0.6971958875656128,0.3028041124343872,0.08773730594900414,4.4017834447495705
frame_014,frame_001,14,1,50,-13,False,False,207,golden retriever,0.60078307035927,0.509521357425788,0.7737942337989807,0.2262057662010193,0.08330237263106248,4.429915029261454
frame_014,frame_002,14,2,50,-12,False,True,257,Great Pyrenees,0.26556797325677106,1.3258844512681054,0.6762762069702148,0.32372379302978516,0.09458156618592847,4.383863994933179
frame_014,frame_003,14,3,50,-11,True,False,257,Great Pyrenees,0.756923242543883,0.2784934275894231,0.8691393136978149,0.13086068630218506,0.07739090266344772,4.531932641073427
frame_014,frame_004,14,4,50,-10,False,False,257,Great Pyrenees,0.5212699545401018,0.6514872245105439,0.8266363143920898,0.17336368560791016,0.06116814832055682,4.548960720055993
frame_014,frame_005,14,5,50,-9,False,False,257,Great Pyrenees,0.4272755650418718,0.8503261225170533,0.7642596364021301,0.23574036359786987,0.06327927782176801,4.380240102947883
frame_014,frame_006,14,6,50,-8,False,False,207,golden retriever,0.49764968304704726,0.6978588971895996,0.785883903503418,0.21411609649658203,0.06074617229740827,4.356994697867077
frame_014,frame_007,14,7,50,-7,False,False,183,Kerry blue terrier,0.45322499103541763,0.791366607845946,0.7945763468742371,0.20542365312576294,0.0688427312256029,4.300410473992343
frame_014,frame_008,14,8,50,-6,False,False,183,Kerry blue terrier,0.42237386015174677,0.8618644326154339,0.8019486665725708,0.1980513334274292,0.06450236663628217,4.3205354121482475
frame_014,frame_009,14,9,50,-5,False,False,257,Great Pyrenees,0.7246616599548742,0.3220504089788734,0.8554344177246094,0.14456558227539062,0.08825436281327964,4.316460417624876
frame_014,frame_010,14,10,50,-4,False,False,208,Labrador retriever,0.439565768716652,0.8219679286460235,0.8324369192123413,0.1675630807876587,0.07617135443154156,4.374639994829021
frame_014,frame_011,14,11,50,-3,False,False,183,Kerry blue terrier,0.4683405418808912,0.7585595940843612,0.769321084022522,0.23067891597747803,0.08239538149555954,4.294852805989457
frame_014,frame_012,14,12,50,-2,False,False,208,Labrador retriever,0.3573776392637318,1.028962243228822,0.7920284271240234,0.20797157287597656,0.07765836945428556,4.215306730341568
frame_014,frame_013,14,13,50,-1,False,False,257,Great Pyrenees,0.2568864634371893,1.3591210682078998,0.7244597673416138,0.27554023265838623,0.09722239580691514,4.125746931417907
frame_014,frame_015,14,15,50,1,False,False,208,Labrador retriever,0.6804906334695014,0.3849412211741732,0.8246314525604248,0.1753685474395752,0.08799716049844486,4.075667638068615
frame_014,frame_016,14,16,50,2,False,False,208,Labrador retriever,0.45971439548136483,0.7771498617127595,0.7959526777267456,0.2040473222732544,0.10345914306092743,3.982293576177622
frame_014,frame_017,14,17,50,3,False,False,257,Great Pyrenees,0.5607345310913614,0.5785076920677863,0.8089607954025269,0.19103920459747314,0.13533814438046302,3.9255960875688953
frame_014,frame_018,14,18,50,4,False,False,257,Great Pyrenees,0.7058211498789051,0.348393402365472,0.8147375583648682,0.18526244163513184,0.10100886830325327,3.904844841559057
frame_014,frame_019,14,19,50,5,False,False,257,Great Pyrenees,0.6741367777016725,0.3943222543827263,0.8279751539230347,0.17202484607696533,0.09280969784907511,3.951074516490624
frame_015,frame_000,15,0,5,-15,True,False,169,"borzoi, Russian wolfhound",0.6115685406088106,0.4917282441036832,0.7375880479812622,0.2624119520187378,0.03278118712066481,4.976004970911999
frame_015,frame_001,15,1,5,-14,False,False,169,"borzoi, Russian wolfhound",0.3932010288056577,0.9334342742179969,0.6267056465148926,0.3732943534851074,0.032253704910082934,4.964775091249779
frame_015,frame_002,15,2,5,-13,False,False,177,"Scottish deerhound, deerhound",0.1632268260662232,1.8126144745545076,0.5599155426025391,0.44008445739746094,0.03531895672938482,4.937048341205359
frame_015,frame_003,15,3,5,-12,False,False,257,Great Pyrenees,0.35494741210677855,1.0357856353902637,0.6690335869789124,0.33096641302108765,0.0368307046524236,4.9997977116015395
frame_015,frame_004,15,4,5,-11,False,False,257,Great Pyrenees,0.24090600468153855,1.4233484436381758,0.6492164134979248,0.3507835865020752,0.033710878270339376,4.932176255488137
frame_015,frame_005,15,5,5,-10,False,False,212,English setter,0.19869307202467487,1.6159939965411505,0.6073672771453857,0.39263272285461426,0.037446729959343915,4.895103568219416
frame_015,frame_006,15,6,5,-9,False,False,169,"borzoi, Russian wolfhound",0.2838588067701249,1.2592783237056953,0.5903276205062866,0.4096723794937134,0.02980540902218162,4.908749479487583
frame_015,frame_007,15,7,5,-8,False,False,169,"borzoi, Russian wolfhound",0.2175683868380571,1.5252420556297723,0.5731228590011597,0.42687714099884033,0.0396089519019659,4.895506457878417
frame_015,frame_008,15,8,5,-7,False,False,169,"borzoi, Russian wolfhound",0.1329521259984176,2.017766170458814,0.5363149046897888,0.4636850953102112,0.040842298173678016,4.90163667714673
frame_015,frame_009,15,9,5,-6,False,False,169,"borzoi, Russian wolfhound",0.1502457135351534,1.895483234857947,0.5564311742782593,0.4435688257217407,0.045412257503883696,4.900705716624398
frame_015,frame_010,15,10,5,-5,False,False,169,"borzoi, Russian wolfhound",0.16377588037927437,1.8092563688373575,0.5422914624214172,0.45770853757858276,0.03783617216411302,4.914459599920127
frame_015,frame_011,15,11,5,-4,False,False,169,"borzoi, Russian wolfhound",0.18157100207442256,1.70610850577211,0.5418499708175659,0.4581500291824341,0.032551970363354964,4.885056419434755
frame_015,frame_012,15,12,5,-3,False,True,169,"borzoi, Russian wolfhound",0.10418466004452867,2.261590376963534,0.5231491923332214,0.47685080766677856,0.043001256916778474,4.836754018400205
frame_015,frame_013,15,13,5,-2,False,False,218,Welsh springer spaniel,0.15312139222258203,1.8765242589560929,0.5678007006645203,0.43219929933547974,0.043537448732052224,4.767568874913331
frame_015,frame_014,15,14,5,-1,False,False,218,Welsh springer spaniel,0.18901033084231422,1.6659536048749826,0.5265508890151978,0.47344911098480225,0.036974988947619795,4.816266051639499
frame_015,frame_016,15,16,5,1,False,False,218,Welsh springer spaniel,0.20372377313107704,1.5909902559754716,0.5791889429092407,0.4208110570907593,0.04183671704994913,4.747074715256594
frame_015,frame_017,15,17,5,2,False,False,257,Great Pyrenees,0.19242842300272206,1.6480310229569648,0.5766458511352539,0.4233541488647461,0.03968255598176749,4.765093027299569
frame_015,frame_018,15,18,5,3,False,False,257,Great Pyrenees,0.14191244747687104,1.9525449786008036,0.545135498046875,0.454864501953125,0.04387432719248302,4.7397988846827115
frame_015,frame_019,15,19,5,4,False,False,257,Great Pyrenees,0.14472176155036723,1.932942265841156,0.5391099452972412,0.4608900547027588,0.041241116229205406,4.707044167551558
frame_015,frame_000,15,0,10,-15,False,False,257,Great Pyrenees,0.2546626207993999,1.3678156655232758,0.6936905384063721,0.30630946159362793,0.17722460402904477,3.8281553265939006
frame_015,frame_001,15,1,10,-14,False,False,207,golden retriever,0.31967845687774427,1.1404396106177321,0.7166632413864136,0.2833367586135864,0.14185031436328235,3.970826280427061
frame_015,frame_002,15,2,10,-13,False,False,257,Great Pyrenees,0.4925780656185391,0.7081023220610669,0.7123459577560425,0.2876540422439575,0.19536564072411525,3.905220425660563
frame_015,frame_003,15,3,10,-12,True,False,257,Great Pyrenees,0.7855735920326745,0.24134113753656994,0.8822641372680664,0.1177358627319336,0.1754759954773063,3.854275613525792
frame_015,frame_004,15,4,10,-11,False,False,257,Great Pyrenees,0.6443555053200042,0.4395046782941625,0.8315024375915527,0.16849756240844727,0.12766177852013155,4.01237647866591
frame_015,frame_005,15,5,10,-10,False,False,257,Great Pyrenees,0.5857376315894429,0.5348833173281484,0.799091100692749,0.20090889930725098,0.1467942993252355,3.8474939962329655
frame_015,frame_006,15,6,10,-9,False,False,207,golden retriever,0.3574765469716651,1.0286855218764988,0.6725602149963379,0.3274397850036621,0.13897572468685856,3.8646867363858783
frame_015,frame_007,15,7,10,-8,False,False,212,English setter,0.4476309563390086,0.8037861442142136,0.7037171125411987,0.29628288745880127,0.16897998578903262,3.80793060254887
frame_015,frame_008,15,8,10,-7,False,False,207,golden retriever,0.282741997980702,1.2632204650735517,0.7126432061195374,0.28735679388046265,0.1353508848767062,3.80472153737962
frame_015,frame_009,15,9,10,-6,False,False,257,Great Pyrenees,0.833862004320899,0.18168735275877612,0.8775823712348938,0.1224176287651062,0.11864443721408449,3.829079996884198
frame_015,frame_010,15,10,10,-5,False,False,257,Great Pyrenees,0.37493270161467807,0.981008731477881,0.7577892541885376,0.2422107458114624,0.15123145314952466,3.8920168750159934
frame_015,frame_011,15,11,10,-4,False,False,216,"clumber, clumber spaniel",0.3568493741785895,1.0304415073046131,0.7228566408157349,0.27714335918426514,0.17988112136916118,3.837460167533429
frame_015,frame_012,15,12,10,-3,False,False,257,Great Pyrenees,0.5802142791453272,0.5443577968680495,0.7855324745178223,0.21446752548217773,0.17519167121714624,3.79556791543901
frame_015,frame_013,15,13,10,-2,False,False,805,soccer ball,0.44594434261212684,0.8075611270987775,0.7558249831199646,0.2441750168800354,0.18311387424945413,3.673479800891057
frame_015,frame_014,15,14,10,-1,False,True,805,soccer ball,0.3274777029492822,1.1163353088221672,0.6696541905403137,0.3303458094596863,0.16784063794744855,3.7422097604111517
frame_015,frame_016,15,16,10,1,False,False,257,Great Pyrenees,0.3654644648315873,1.0065862279617988,0.7467275857925415,0.2532724142074585,0.16523014210920892,3.5954486902437
frame_015,frame_017,15,17,10,2,False,False,257,Great Pyrenees,0.6025458355795575,0.5065915408602146,0.7648334503173828,0.2351665496826172,0.15735539905389528,3.664956430258595
frame_015,frame_018,15,18,10,3,False,False,257,Great Pyrenees,0.4784621950721559,0.7371780783740869,0.7312236428260803,0.2687763571739197,0.16587559569394864,3.641230871172883
frame_015,frame_019,15,19,10,4,False,False,257,Great Pyrenees,0.5349134651409343,0.6256502925687748,0.7756368517875671,0.22436314821243286,0.16254865668886687,3.6476616548511096
frame_015,frame_000,15,0,20,-15,False,True,208,Labrador retriever,0.2756047138891953,1.2887876358916817,0.6733367443084717,0.3266632556915283,0.13701361055404684,4.55992695245962
frame_015,frame_001,15,1,20,-14,False,False,207,golden retriever,0.6269344745899198,0.46691325004654605,0.7733272910118103,0.2266727089881897,0.1056977950284928,4.676592135361497
frame_015,frame_002,15,2,20,-13,False,False,257,Great Pyrenees,0.48016150082089226,0.7336327716266622,0.7204862833023071,0.27951371669769287,0.12738297242162153,4.620758988737133
frame_015,frame_003,15,3,20,-12,True,False,257,Great Pyrenees,0.8710683654937171,0.138034814401935,0.9086406826972961,0.09135931730270386,0.10971529753267269,4.706156514299975
frame_015,frame_004,15,4,20,-11,False,False,257,Great Pyrenees,0.6725940078594307,0.3966133886371055,0.8085065484046936,0.1914934515953064,0.0821380992553436,4.7018125763274075
frame_015,frame_005,15,5,20,-10,False,False,257,Great Pyrenees,0.5753610725318792,0.5527574830349327,0.8153570294380188,0.1846429705619812,0.1194596271955536,4.574513129564618
frame_015,frame_006,15,6,20,-9,False,False,207,golden retriever,0.6568563550646334,0.42028992205118154,0.7971441745758057,0.20285582542419434,0.11698298890190544,4.592049190765888
frame_015,frame_007,15,7,20,-8,False,False,207,golden retriever,0.565175165439415,0.5706195685578388,0.7594629526138306,0.24053704738616943,0.15364092637227345,4.6148245454998245
frame_015,frame_008,15,8,20,-7,False,False,207,golden retriever,0.4698758409178827,0.7552867874364377,0.7976190447807312,0.2023809552192688,0.10812857665984825,4.700556842546817
frame_015,frame_009,15,9,20,-6,False,False,257,Great Pyrenees,0.8275922030979578,0.1892347542547439,0.8939704895019531,0.10602951049804688,0.080718897015155,4.666102571921836
frame_015,frame_010,15,10,20,-5,False,False,208,Labrador retriever,0.6053889805123853,0.5018840845549155,0.8391026258468628,0.1608973741531372,0.0930846790833641,4.698029783058862
frame_015,frame_011,15,11,20,-4,False,False,257,Great Pyrenees,0.33812064812803366,1.0843525000652274,0.7581788897514343,0.24182111024856567,0.12530535277431565,4.674237558382948
frame_015,frame_012,15,12,20,-3,False,False,257,Great Pyrenees,0.56942107039917,0.5631351002580995,0.8410329818725586,0.1589670181274414,0.1349589783506789,4.570690595703728
frame_015,frame_013,15,13,20,-2,False,False,257,Great Pyrenees,0.6425516620310224,0.44230805761491343,0.8266788721084595,0.17332112789154053,0.1275784545346481,4.477109128039836
frame_015,frame_014,15,14,20,-1,False,False,208,Labrador retriever,0.48233097051508467,0.7291247397555343,0.7459839582443237,0.25401604175567627,0.14000565008168117,4.480708823531343
frame_015,frame_016,15,16,20,1,False,False,257,Great Pyrenees,0.5816884342745098,0.5418203108924287,0.8208893537521362,0.17911064624786377,0.15353328108465789,4.323051732164865
frame_015,frame_017,15,17,20,2,False,False,257,Great Pyrenees,0.5852915826542426,0.5356451240385991,0.8326475620269775,0.16735243797302246,0.12545819359101343,4.332273749324391
frame_015,frame_018,15,18,20,3,False,False,257,Great Pyrenees,0.5852464754165063,0.5357221949846442,0.8091772794723511,0.19082272052764893,0.12487253281052556,4.381227568775199
frame_015,frame_019,15,19,20,4,False,False,257,Great Pyrenees,0.7571305105548773,0.2782196354445077,0.8463385105133057,0.15366148948669434,0.12633308712908184,4.406573575649784
frame_015,frame_000,15,0,30,-15,False,False,176,"Saluki, gazelle hound",0.501550824387603,0.6900503319741951,0.7351042032241821,0.26489579677581787,0.040182350565037724,5.307270395102636
frame_015,frame_001,15,1,30,-14,False,False,207,golden retriever,0.611745388140805,0.49143911548498576,0.7725761532783508,0.22742384672164917,0.04649037541969453,5.320639040518058
frame_015,frame_002,15,2,30,-13,False,False,257,Great Pyrenees,0.4245627989381888,0.8566953479220727,0.7271019220352173,0.2728980779647827,0.04754712889045031,5.284992674955838
frame_015,frame_003,15,3,30,-12,False,False,257,Great Pyrenees,0.7452845309179328,0.2939892128205104,0.8481242656707764,0.15187573432922363,0.03239523911425104,5.469934973584971
frame_015,frame_004,15,4,30,-11,False,False,257,Great Pyrenees,0.5298499607049093,0.6351614055239647,0.7708334922790527,0.22916650772094727,0.031067650710929328,5.439511230979048
frame_015,frame_005,15,5,30,-10,False,False,257,Great Pyrenees,0.430425168335924,0.8429817952273293,0.7773072719573975,0.22269272804260254,0.033358764505196134,5.3866170125899195
frame_015,frame_006,15,6,30,-9,False,False,207,golden retriever,0.4282066233963238,0.8481494349491632,0.7648630142211914,0.2351369857788086,0.05672045001444748,5.11171724650011
frame_015,frame_007,15,7,30,-8,False,False,176,"Saluki, gazelle hound",0.4201161797407303,0.8672239875262369,0.7692373991012573,0.23076260089874268,0.05939177574918593,5.09994473906811
frame_015,frame_008,15,8,30,-7,False,False,207,golden retriever,0.32854590998641525,1.113078694395048,0.7558404207229614,0.24415957927703857,0.06899849475625885,5.08644701815503
frame_015,frame_009,15,9,30,-6,True,False,257,Great Pyrenees,0.8795586709106761,0.1283350076370282,0.9126114845275879,0.08738851547241211,0.06158211872981163,5.138850790113948
frame_015,frame_010,15,10,30,-5,False,False,257,Great Pyrenees,0.481365369496637,0.7311286932863252,0.7926538586616516,0.2073461413383484,0.05696201773582877,5.201220310448579
frame_015,frame_011,15,11,30,-4,False,False,257,Great Pyrenees,0.45358443302282536,0.7905738458902443,0.7490100264549255,0.25098997354507446,0.034816380375129616,5.171454351666565
frame_015,frame_012,15,12,30,-3,False,False,257,Great Pyrenees,0.7630555318972675,0.2704244693536011,0.8594409227371216,0.14055907726287842,0.04049890909108192,5.180907605564052
frame_015,frame_013,15,13,30,-2,False,False,257,Great Pyrenees,0.5402734658354477,0.6156798493964533,0.7701055407524109,0.2298944592475891,0.0642970883424641,5.1721692241885435
frame_015,frame_014,15,14,30,-1,False,True,208,Labrador retriever,0.3827225173428422,0.9604450501762205,0.7148579955101013,0.2851420044898987,0.03720489124198621,5.3246121276253335
frame_015,frame_016,15,16,30,1,False,False,257,Great Pyrenees,0.6462728686310764,0.43653346712241703,0.8237565159797668,0.17624348402023315,0.04495060829505906,5.282683297996243
frame_015,frame_017,15,17,30,2,False,False,257,Great Pyrenees,0.7586465267213378,0.2762193192572626,0.8754222393035889,0.12457776069641113,0.05019659701188517,5.239100584061802
frame_015,frame_018,15,18,30,3,False,False,257,Great Pyrenees,0.802040288339373,0.2205964375402263,0.8716338872909546,0.1283661127090454,0.040103537223468655,5.266868120163352
frame_015,frame_019,15,19,30,4,False,False,257,Great Pyrenees,0.8847758970805101,0.12242088967856812,0.9116714000701904,0.08832859992980957,0.03922958724537756,5.278305092532168
frame_015,frame_000,15,0,40,-15,False,True,169,"borzoi, Russian wolfhound",0.16851653989832535,1.7807213743730839,0.6236065626144409,0.3763934373855591,0.1574391357250357,3.6785810698175823
frame_015,frame_001,15,1,40,-14,False,False,207,golden retriever,0.5456745055774368,0.6057326246325667,0.7283872365951538,0.2716127634048462,0.10977729322653203,3.8129260056422316
frame_015,frame_002,15,2,40,-13,False,False,257,Great Pyrenees,0.5882742425297152,0.5305620409535923,0.7399190664291382,0.2600809335708618,0.17649589255735532,3.782084783502681
frame_015,frame_003,15,3,40,-12,False,False,257,Great Pyrenees,0.6894700768633759,0.3718319810032398,0.8738318681716919,0.1261681318283081,0.18889228103849087,3.663313225478389
frame_015,frame_004,15,4,40,-11,False,False,805,soccer ball,0.49404319838071925,0.7051323195025869,0.844363272190094,0.155636727809906,0.10146578698072202,3.880922628672856
frame_015,frame_005,15,5,40,-10,False,False,257,Great Pyrenees,0.5402001805634425,0.6158155033707295,0.7929902076721191,0.20700979232788086,0.1425141827375398,3.731753025497631
frame_015,frame_006,15,6,40,-9,False,False,183,Kerry blue terrier,0.3044176669606797,1.1893546160431727,0.736291766166687,0.263708233833313,0.14545240674616794,3.7132916804217757
frame_015,frame_007,15,7,40,-8,False,False,183,Kerry blue terrier,0.43520825506513217,0.8319306151802013,0.7671858072280884,0.23281419277191162,0.17223092703903053,3.5798602534234685
frame_015,frame_008,15,8,40,-7,False,False,183,Kerry blue terrier,0.45423624271311164,0.7891378578813484,0.7921234369277954,0.2078765630722046,0.12747379803916717,3.561607175960348
frame_015,frame_009,15,9,40,-6,True,False,257,Great Pyrenees,0.9153524081968699,0.08844614228578296,0.9358788728713989,0.06412112712860107,0.11065169226495598,3.6151413205605456
frame_015,frame_010,15,10,40,-5,False,False,183,Kerry blue terrier,0.4774073263171666,0.7393852189086783,0.8268222212791443,0.1731777787208557,0.16057816941643566,3.56962815253196
frame_015,frame_011,15,11,40,-4,False,False,183,Kerry blue terrier,0.3867876755984836,0.9498793783757575,0.7861406207084656,0.21385937929153442,0.16560949379797943,3.5254942187190874
frame_015,frame_012,15,12,40,-3,False,False,257,Great Pyrenees,0.6506202743560019,0.4298291028769343,0.8445645570755005,0.1554354429244995,0.16047098737103394,3.4681008432272398
frame_015,frame_013,15,13,40,-2,False,False,257,Great Pyrenees,0.3177475928016379,1.1464979447032277,0.7314237356185913,0.2685762643814087,0.18174797594289213,3.2833863590283814
frame_015,frame_014,15,14,40,-1,False,False,977,"sandbar, sand bar",0.2568924572036066,1.359097736124092,0.7001931667327881,0.2998068332672119,0.14631426750417564,3.398632909293528
frame_015,frame_016,15,16,40,1,False,False,257,Great Pyrenees,0.5923327411303791,0.5236867392759841,0.7829477787017822,0.21705222129821777,0.16142756345316436,3.3521761005479283
frame_015,frame_017,15,17,40,2,False,False,257,Great Pyrenees,0.851368864348093,0.160909796202644,0.8933161497116089,0.10668385028839111,0.13319019391053324,3.5131179851924283
frame_015,frame_018,15,18,40,3,False,False,257,Great Pyrenees,0.8606567042080936,0.15005957159172167,0.8906577825546265,0.10934221744537354,0.1388936207290537,3.468752446787164
frame_015,frame_019,15,19,40,4,False,False,257,Great Pyrenees,0.8768587958781747,0.1314093076938203,0.9119244813919067,0.08807551860809326,0.14966441246830176,3.480181579553304
frame_015,frame_000,15,0,50,-15,False,False,260,"chow, chow chow",0.4887891653407909,0.7158240372034963,0.6971958875656128,0.3028041124343872,0.10535089596906981,4.251249587593855
frame_015,frame_001,15,1,50,-14,False,False,207,golden retriever,0.60078307035927,0.509521357425788,0.7737942337989807,0.2262057662010193,0.10303225153013357,4.25178612424684
frame_015,frame_002,15,2,50,-13,False,True,257,Great Pyrenees,0.26556797325677106,1.3258844512681054,0.6762762069702148,0.32372379302978516,0.10588289060663411,4.222386978623206
frame_015,frame_003,15,3,50,-12,True,False,257,Great Pyrenees,0.756923242543883,0.2784934275894231,0.8691393136978149,0.13086068630218506,0.08212603094202806,4.3724109297682965
frame_015,frame_004,15,4,50,-11,False,False,257,Great Pyrenees,0.5212699545401018,0.6514872245105439,0.8266363143920898,0.17336368560791016,0.06991879653970763,4.445901160354453
frame_015,frame_005,15,5,50,-10,False,False,257,Great Pyrenees,0.4272755650418718,0.8503261225170533,0.7642596364021301,0.23574036359786987,0.07000006699918936,4.262824722832029
frame_015,frame_006,15,6,50,-9,False,False,207,golden retriever,0.49764968304704726,0.6978588971895996,0.785883903503418,0.21411609649658203,0.07002034074634318,4.236883301517693
frame_015,frame_007,15,7,50,-8,False,False,183,Kerry blue terrier,0.45322499103541763,0.791366607845946,0.7945763468742371,0.20542365312576294,0.08003015772959843,4.165635538312534
frame_015,frame_008,15,8,50,-7,False,False,183,Kerry blue terrier,0.42237386015174677,0.8618644326154339,0.8019486665725708,0.1980513334274292,0.07017674266946029,4.188169241346751
frame_015,frame_009,15,9,50,-6,False,False,257,Great Pyrenees,0.7246616599548742,0.3220504089788734,0.8554344177246094,0.14456558227539062,0.09501671933195692,4.190098620269945
frame_015,frame_010,15,10,50,-5,False,False,208,Labrador retriever,0.439565768716652,0.8219679286460235,0.8324369192123413,0.1675630807876587,0.08952123017477014,4.227604008155114
frame_015,frame_011,15,11,50,-4,False,False,183,Kerry blue terrier,0.4683405418808912,0.7585595940843612,0.769321084022522,0.23067891597747803,0.09128288283723954,4.179101978069745
frame_015,frame_012,15,12,50,-3,False,False,208,Labrador retriever,0.3573776392637318,1.028962243228822,0.7920284271240234,0.20797157287597656,0.0869361227349894,4.090347380542873
frame_015,frame_013,15,13,50,-2,False,False,257,Great Pyrenees,0.2568864634371893,1.3591210682078998,0.7244597673416138,0.27554023265838623,0.11083943219555598,3.9671700583502
frame_015,frame_014,15,14,50,-1,False,False,208,Labrador retriever,0.2901903842610741,1.237218073949822,0.7209131717681885,0.2790868282318115,0.10129506037548243,3.9748078436553436
frame_015,frame_016,15,16,50,1,False,False,208,Labrador retriever,0.45971439548136483,0.7771498617127595,0.7959526777267456,0.2040473222732544,0.11560686439831704,3.806767195690501
frame_015,frame_017,15,17,50,2,False,False,257,Great Pyrenees,0.5607345310913614,0.5785076920677863,0.8089607954025269,0.19103920459747314,0.15612217940250342,3.7504493552616385
frame_015,frame_018,15,18,50,3,False,False,257,Great Pyrenees,0.7058211498789051,0.348393402365472,0.8147375583648682,0.18526244163513184,0.11310605963002887,3.7325832984089864
frame_015,frame_019,15,19,50,4,False,False,257,Great Pyrenees,0.6741367777016725,0.3943222543827263,0.8279751539230347,0.17202484607696533,0.10529434410559806,3.785250765466261
frame_016,frame_000,16,0,5,-16,True,False,169,"borzoi, Russian wolfhound",0.6115685406088106,0.4917282441036832,0.7375880479812622,0.2624119520187378,0.03253836546686471,4.945251564443007
frame_016,frame_001,16,1,5,-15,False,False,169,"borzoi, Russian wolfhound",0.3932010288056577,0.9334342742179969,0.6267056465148926,0.3732943534851074,0.03162978254144081,4.936760748875164
frame_016,frame_002,16,2,5,-14,False,False,177,"Scottish deerhound, deerhound",0.1632268260662232,1.8126144745545076,0.5599155426025391,0.44008445739746094,0.034987933683364586,4.908084879597738
frame_016,frame_003,16,3,5,-13,False,False,257,Great Pyrenees,0.35494741210677855,1.0357856353902637,0.6690335869789124,0.33096641302108765,0.03537817280967612,4.970913154994714
frame_016,frame_004,16,4,5,-12,False,False,257,Great Pyrenees,0.24090600468153855,1.4233484436381758,0.6492164134979248,0.3507835865020752,0.03426543560132594,4.9038855972187765
frame_016,frame_005,16,5,5,-11,False,False,212,English setter,0.19869307202467487,1.6159939965411505,0.6073672771453857,0.39263272285461426,0.035567626461855566,4.864668152458739
frame_016,frame_006,16,6,5,-10,False,False,169,"borzoi, Russian wolfhound",0.2838588067701249,1.2592783237056953,0.5903276205062866,0.4096723794937134,0.030134011384659515,4.872644729166682
frame_016,frame_007,16,7,5,-9,False,False,169,"borzoi, Russian wolfhound",0.2175683868380571,1.5252420556297723,0.5731228590011597,0.42687714099884033,0.039086840217374484,4.861943725385368
frame_016,frame_008,16,8,5,-8,False,False,169,"borzoi, Russian wolfhound",0.1329521259984176,2.017766170458814,0.5363149046897888,0.4636850953102112,0.04031414160684712,4.865483941753457
frame_016,frame_009,16,9,5,-7,False,False,169,"borzoi, Russian wolfhound",0.1502457135351534,1.895483234857947,0.5564311742782593,0.4435688257217407,0.045533288502806454,4.861261764863526
frame_016,frame_010,16,10,5,-6,False,False,169,"borzoi, Russian wolfhound",0.16377588037927437,1.8092563688373575,0.5422914624214172,0.45770853757858276,0.038991570684003614,4.872538672853319
frame_016,frame_011,16,11,5,-5,False,False,169,"borzoi, Russian wolfhound",0.18157100207442256,1.70610850577211,0.5418499708175659,0.4581500291824341,0.03238746173862099,4.846864893348708
frame_016,frame_012,16,12,5,-4,False,True,169,"borzoi, Russian wolfhound",0.10418466004452867,2.261590376963534,0.5231491923332214,0.47685080766677856,0.04235812189004812,4.797800745658767
frame_016,frame_013,16,13,5,-3,False,False,218,Welsh springer spaniel,0.15312139222258203,1.8765242589560929,0.5678007006645203,0.43219929933547974,0.04400045379935447,4.733378121312347
frame_016,frame_014,16,14,5,-2,False,False,218,Welsh springer spaniel,0.18901033084231422,1.6659536048749826,0.5265508890151978,0.47344911098480225,0.038923148434677576,4.781226147352103
frame_016,frame_015,16,15,5,-1,False,False,218,Welsh springer spaniel,0.21991612438885827,1.5145090581030103,0.5472234487533569,0.45277655124664307,0.03844490995148917,4.710276006313406
frame_016,frame_017,16,17,5,1,False,False,257,Great Pyrenees,0.19242842300272206,1.6480310229569648,0.5766458511352539,0.4233541488647461,0.04064610938384233,4.7329236724422215
frame_016,frame_018,16,18,5,2,False,False,257,Great Pyrenees,0.14191244747687104,1.9525449786008036,0.545135498046875,0.454864501953125,0.044696855374222515,4.708977045939813
frame_016,frame_019,16,19,5,3,False,False,257,Great Pyrenees,0.14472176155036723,1.932942265841156,0.5391099452972412,0.4608900547027588,0.04180343395150163,4.679085702448828
frame_016,frame_000,16,0,10,-16,False,False,257,Great Pyrenees,0.2546626207993999,1.3678156655232758,0.6936905384063721,0.30630946159362793,0.17285113272502275,3.8579089859520064
frame_016,frame_001,16,1,10,-15,False,False,207,golden retriever,0.31967845687774427,1.1404396106177321,0.7166632413864136,0.2833367586135864,0.14012150438238094,4.015588939001781
frame_016,frame_002,16,2,10,-14,False,False,257,Great Pyrenees,0.4925780656185391,0.7081023220610669,0.7123459577560425,0.2876540422439575,0.1896622658418815,3.9457065899580908
frame_016,frame_003,16,3,10,-13,True,False,257,Great Pyrenees,0.7855735920326745,0.24134113753656994,0.8822641372680664,0.1177358627319336,0.16825566571273856,3.8892802232745827
frame_016,frame_004,16,4,10,-12,False,False,257,Great Pyrenees,0.6443555053200042,0.4395046782941625,0.8315024375915527,0.16849756240844727,0.12758039256935094,4.037328239280343
frame_016,frame_005,16,5,10,-11,False,False,257,Great Pyrenees,0.5857376315894429,0.5348833173281484,0.799091100692749,0.20090889930725098,0.14127196391049882,3.878091341231547
frame_016,frame_006,16,6,10,-10,False,False,207,golden retriever,0.3574765469716651,1.0286855218764988,0.6725602149963379,0.3274397850036621,0.13523579864510127,3.9008442732134743
frame_016,frame_007,16,7,10,-9,False,False,212,English setter,0.4476309563390086,0.8037861442142136,0.7037171125411987,0.29628288745880127,0.1649092267498983,3.8549925760163353
frame_016,frame_008,16,8,10,-8,False,False,207,golden retriever,0.282741997980702,1.2632204650735517,0.7126432061195374,0.28735679388046265,0.13086309757677758,3.8585478401857403
frame_016,frame_009,16,9,10,-7,False,False,257,Great Pyrenees,0.833862004320899,0.18168735275877612,0.8775823712348938,0.1224176287651062,0.11769450888604711,3.8695005760219576
frame_016,frame_010,16,10,10,-6,False,False,257,Great Pyrenees,0.37493270161467807,0.981008731477881,0.7577892541885376,0.2422107458114624,0.15005798568744813,3.937525307096982
frame_016,frame_011,16,11,10,-5,False,False,216,"clumber, clumber spaniel",0.3568493741785895,1.0304415073046131,0.7228566408157349,0.27714335918426514,0.17529193420251926,3.8897904177799583
frame_016,frame_012,16,12,10,-4,False,False,257,Great Pyrenees,0.5802142791453272,0.5443577968680495,0.7855324745178223,0.21446752548217773,0.1696881004640506,3.8437425056906145
frame_016,frame_013,16,13,10,-3,False,False,805,soccer ball,0.44594434261212684,0.8075611270987775,0.7558249831199646,0.2441750168800354,0.17889739790798395,3.718738074550902
frame_016,frame_014,16,14,10,-2,False,True,805,soccer ball,0.3274777029492822,1.1163353088221672,0.6696541905403137,0.3303458094596863,0.16353240420796394,3.7794191101329577
frame_016,frame_015,16,15,10,-1,False,False,208,Labrador retriever,0.30328463519483834,1.193083524341528,0.716722846031189,0.28327715396881104,0.18705782183756037,3.711980448368826
frame_016,frame_017,16,17,10,1,False,False,257,Great Pyrenees,0.6025458355795575,0.5065915408602146,0.7648334503173828,0.2351665496826172,0.15583654518330375,3.7244751548751824
frame_016,frame_018,16,18,10,2,False,False,257,Great Pyrenees,0.4784621950721559,0.7371780783740869,0.7312236428260803,0.2687763571739197,0.165195719060857,3.7035862529879626
frame_016,frame_019,16,19,10,3,False,False,257,Great Pyrenees,0.5349134651409343,0.6256502925687748,0.7756368517875671,0.22436314821243286,0.16164808057616814,3.7150123345767545
frame_016,frame_000,16,0,20,-16,False,True,208,Labrador retriever,0.2756047138891953,1.2887876358916817,0.6733367443084717,0.3266632556915283,0.13202579000045891,4.578350385484833
frame_016,frame_001,16,1,20,-15,False,False,207,golden retriever,0.6269344745899198,0.46691325004654605,0.7733272910118103,0.2266727089881897,0.0984204695701477,4.687334542983011
frame_016,frame_002,16,2,20,-14,False,False,257,Great Pyrenees,0.48016150082089226,0.7336327716266622,0.7204862833023071,0.27951371669769287,0.11831521551783618,4.638660231396059
frame_016,frame_003,16,3,20,-13,True,False,257,Great Pyrenees,0.8710683654937171,0.138034814401935,0.9086406826972961,0.09135931730270386,0.10840850548239717,4.6969903214666235
frame_016,frame_004,16,4,20,-12,False,False,257,Great Pyrenees,0.6725940078594307,0.3966133886371055,0.8085065484046936,0.1914934515953064,0.07673951342142833,4.68972697085654
frame_016,frame_005,16,5,20,-11,False,False,257,Great Pyrenees,0.5753610725318792,0.5527574830349327,0.8153570294380188,0.1846429705619812,0.11928959165786261,4.573403887403318
frame_016,frame_006,16,6,20,-10,False,False,207,golden retriever,0.6568563550646334,0.42028992205118154,0.7971441745758057,0.20285582542419434,0.11728170107383354,4.608041725028576
frame_016,frame_007,16,7,20,-9,False,False,207,golden retriever,0.565175165439415,0.5706195685578388,0.7594629526138306,0.24053704738616943,0.15362626514255984,4.612700784399308
frame_016,frame_008,16,8,20,-8,False,False,207,golden retriever,0.4698758409178827,0.7552867874364377,0.7976190447807312,0.2023809552192688,0.10857308835098732,4.693217625562369
frame_016,frame_009,16,9,20,-7,False,False,257,Great Pyrenees,0.8275922030979578,0.1892347542547439,0.8939704895019531,0.10602951049804688,0.08437833200673592,4.655749025984708
frame_016,frame_010,16,10,20,-6,False,False,208,Labrador retriever,0.6053889805123853,0.5018840845549155,0.8391026258468628,0.1608973741531372,0.0959722389254717,4.678058757671579
frame_016,frame_011,16,11,20,-5,False,False,257,Great Pyrenees,0.33812064812803366,1.0843525000652274,0.7581788897514343,0.24182111024856567,0.12749017750152333,4.6587176137472674
frame_016,frame_012,16,12,20,-4,False,False,257,Great Pyrenees,0.56942107039917,0.5631351002580995,0.8410329818725586,0.1589670181274414,0.13342430066601701,4.565767353988695
frame_016,frame_013,16,13,20,-3,False,False,257,Great Pyrenees,0.6425516620310224,0.44230805761491343,0.8266788721084595,0.17332112789154053,0.12774698190066683,4.463151703753746
frame_016,frame_014,16,14,20,-2,False,False,208,Labrador retriever,0.48233097051508467,0.7291247397555343,0.7459839582443237,0.25401604175567627,0.13693017179178443,4.485265154037302
frame_016,frame_015,16,15,20,-1,False,False,208,Labrador retriever,0.5488745961156325,0.5998852859408679,0.8112672567367554,0.18873274326324463,0.17552534210751267,4.342051963546066
frame_016,frame_017,16,17,20,1,False,False,257,Great Pyrenees,0.5852915826542426,0.5356451240385991,0.8326475620269775,0.16735243797302246,0.12395329796481745,4.348999418329233
frame_016,frame_018,16,18,20,2,False,False,257,Great Pyrenees,0.5852464754165063,0.5357221949846442,0.8091772794723511,0.19082272052764893,0.1226590820769335,4.400668952665971
frame_016,frame_019,16,19,20,3,False,False,257,Great Pyrenees,0.7571305105548773,0.2782196354445077,0.8463385105133057,0.15366148948669434,0.12838886801325475,4.413394638964097
frame_016,frame_000,16,0,30,-16,False,False,176,"Saluki, gazelle hound",0.501550824387603,0.6900503319741951,0.7351042032241821,0.26489579677581787,0.03602224605744942,5.319922357248645
frame_016,frame_001,16,1,30,-15,False,False,207,golden retriever,0.611745388140805,0.49143911548498576,0.7725761532783508,0.22742384672164917,0.04895361844787782,5.323900455308962
frame_016,frame_002,16,2,30,-14,False,False,257,Great Pyrenees,0.4245627989381888,0.8566953479220727,0.7271019220352173,0.2728980779647827,0.04802301136454296,5.284060311081401
frame_016,frame_003,16,3,30,-13,False,False,257,Great Pyrenees,0.7452845309179328,0.2939892128205104,0.8481242656707764,0.15187573432922363,0.03175671406484183,5.459100499380426
frame_016,frame_004,16,4,30,-12,False,False,257,Great Pyrenees,0.5298499607049093,0.6351614055239647,0.7708334922790527,0.22916650772094727,0.02796275399478641,5.424727928146647
frame_016,frame_005,16,5,30,-11,False,False,257,Great Pyrenees,0.430425168335924,0.8429817952273293,0.7773072719573975,0.22269272804260254,0.03373474973139747,5.381918453510727
frame_016,frame_006,16,6,30,-10,False,False,207,golden retriever,0.4282066233963238,0.8481494349491632,0.7648630142211914,0.2351369857788086,0.05344355471514024,5.111751848590929
frame_016,frame_007,16,7,30,-9,False,False,176,"Saluki, gazelle hound",0.4201161797407303,0.8672239875262369,0.7692373991012573,0.23076260089874268,0.057270879345530885,5.089343440870034
frame_016,frame_008,16,8,30,-8,False,False,207,golden retriever,0.32854590998641525,1.113078694395048,0.7558404207229614,0.24415957927703857,0.06648564344537418,5.070117372792413
frame_016,frame_009,16,9,30,-7,True,False,257,Great Pyrenees,0.8795586709106761,0.1283350076370282,0.9126114845275879,0.08738851547241211,0.057501539305778074,5.1466937261805406
frame_016,frame_010,16,10,30,-6,False,False,257,Great Pyrenees,0.481365369496637,0.7311286932863252,0.7926538586616516,0.2073461413383484,0.053068836012273586,5.1949938526938
frame_016,frame_011,16,11,30,-5,False,False,257,Great Pyrenees,0.45358443302282536,0.7905738458902443,0.7490100264549255,0.25098997354507446,0.0382405774138758,5.158935556561873
frame_016,frame_012,16,12,30,-4,False,False,257,Great Pyrenees,0.7630555318972675,0.2704244693536011,0.8594409227371216,0.14055907726287842,0.0472967395983232,5.160853222274429
frame_016,frame_013,16,13,30,-3,False,False,257,Great Pyrenees,0.5402734658354477,0.6156798493964533,0.7701055407524109,0.2298944592475891,0.05808499483915689,5.145373322858859
frame_016,frame_014,16,14,30,-2,False,True,208,Labrador retriever,0.3827225173428422,0.9604450501762205,0.7148579955101013,0.2851420044898987,0.03729413744564913,5.297703947060474
frame_016,frame_015,16,15,30,-1,False,False,208,Labrador retriever,0.5451023916460052,0.6067816273852857,0.8051561117172241,0.19484388828277588,0.03320628079576232,5.289543733672117
frame_016,frame_017,16,17,30,1,False,False,257,Great Pyrenees,0.7586465267213378,0.2762193192572626,0.8754222393035889,0.12457776069641113,0.05507706816724407,5.228610450106328
frame_016,frame_018,16,18,30,2,False,False,257,Great Pyrenees,0.802040288339373,0.2205964375402263,0.8716338872909546,0.1283661127090454,0.03814844501025988,5.2534381757764015
frame_016,frame_019,16,19,30,3,False,False,257,Great Pyrenees,0.8847758970805101,0.12242088967856812,0.9116714000701904,0.08832859992980957,0.03598106282914428,5.281884720414748
frame_016,frame_000,16,0,40,-16,False,True,169,"borzoi, Russian wolfhound",0.16851653989832535,1.7807213743730839,0.6236065626144409,0.3763934373855591,0.14556005879337738,3.6873758153757317
frame_016,frame_001,16,1,40,-15,False,False,207,golden retriever,0.5456745055774368,0.6057326246325667,0.7283872365951538,0.2716127634048462,0.10445296001273549,3.814502502138594
frame_016,frame_002,16,2,40,-14,False,False,257,Great Pyrenees,0.5882742425297152,0.5305620409535923,0.7399190664291382,0.2600809335708618,0.1618867690018921,3.794461089427624
frame_016,frame_003,16,3,40,-13,False,False,257,Great Pyrenees,0.6894700768633759,0.3718319810032398,0.8738318681716919,0.1261681318283081,0.17884738186299914,3.6381136398737803
frame_016,frame_004,16,4,40,-12,False,False,805,soccer ball,0.49404319838071925,0.7051323195025869,0.844363272190094,0.155636727809906,0.10334312726936093,3.8545208445863017
frame_016,frame_005,16,5,40,-11,False,False,257,Great Pyrenees,0.5402001805634425,0.6158155033707295,0.7929902076721191,0.20700979232788086,0.13221071899512996,3.7111320373623613
frame_016,frame_006,16,6,40,-10,False,False,183,Kerry blue terrier,0.3044176669606797,1.1893546160431727,0.736291766166687,0.263708233833313,0.13450617476673873,3.7021943445762098
frame_016,frame_007,16,7,40,-9,False,False,183,Kerry blue terrier,0.43520825506513217,0.8319306151802013,0.7671858072280884,0.23281419277191162,0.15784412352661145,3.570275516130706
frame_016,frame_008,16,8,40,-8,False,False,183,Kerry blue terrier,0.45423624271311164,0.7891378578813484,0.7921234369277954,0.2078765630722046,0.11826318990772709,3.5416654547596895
frame_016,frame_009,16,9,40,-7,True,False,257,Great Pyrenees,0.9153524081968699,0.08844614228578296,0.9358788728713989,0.06412112712860107,0.10778266797945273,3.598304554470288
frame_016,frame_010,16,10,40,-6,False,False,183,Kerry blue terrier,0.4774073263171666,0.7393852189086783,0.8268222212791443,0.1731777787208557,0.15024925518299975,3.5673378540569125
frame_016,frame_011,16,11,40,-5,False,False,183,Kerry blue terrier,0.3867876755984836,0.9498793783757575,0.7861406207084656,0.21385937929153442,0.15253436406023602,3.5205618352666743
frame_016,frame_012,16,12,40,-4,False,False,257,Great Pyrenees,0.6506202743560019,0.4298291028769343,0.8445645570755005,0.1554354429244995,0.1454319619091052,3.4595595916434325
frame_016,frame_013,16,13,40,-3,False,False,257,Great Pyrenees,0.3177475928016379,1.1464979447032277,0.7314237356185913,0.2685762643814087,0.1705023733162558,3.2685103857223448
frame_016,frame_014,16,14,40,-2,False,False,977,"sandbar, sand bar",0.2568924572036066,1.359097736124092,0.7001931667327881,0.2998068332672119,0.1337189509509067,3.3692735565468963
frame_016,frame_015,16,15,40,-1,False,False,208,Labrador retriever,0.2983684209273559,1.209426244244143,0.7254570722579956,0.2745429277420044,0.1611374190051647,3.430671172043231
frame_016,frame_017,16,17,40,1,False,False,257,Great Pyrenees,0.851368864348093,0.160909796202644,0.8933161497116089,0.10668385028839111,0.12387294930774101,3.5138363710288547
frame_016,frame_018,16,18,40,2,False,False,257,Great Pyrenees,0.8606567042080936,0.15005957159172167,0.8906577825546265,0.10934221744537354,0.1310767065817346,3.475544637838889
frame_016,frame_019,16,19,40,3,False,False,257,Great Pyrenees,0.8768587958781747,0.1314093076938203,0.9119244813919067,0.08807551860809326,0.14137357099726663,3.4907612276520092
frame_016,frame_000,16,0,50,-16,False,False,260,"chow, chow chow",0.4887891653407909,0.7158240372034963,0.6971958875656128,0.3028041124343872,0.10279060272951625,4.203462250386927
frame_016,frame_001,16,1,50,-15,False,False,207,golden retriever,0.60078307035927,0.509521357425788,0.7737942337989807,0.2262057662010193,0.09980980381994944,4.242353747688732
frame_016,frame_002,16,2,50,-14,False,True,257,Great Pyrenees,0.26556797325677106,1.3258844512681054,0.6762762069702148,0.32372379302978516,0.09915477623080442,4.226045768134776
frame_016,frame_003,16,3,50,-13,True,False,257,Great Pyrenees,0.756923242543883,0.2784934275894231,0.8691393136978149,0.13086068630218506,0.08093229175609028,4.301279596847518
frame_016,frame_004,16,4,50,-12,False,False,257,Great Pyrenees,0.5212699545401018,0.6514872245105439,0.8266363143920898,0.17336368560791016,0.07124469509876172,4.387677665545935
frame_016,frame_005,16,5,50,-11,False,False,257,Great Pyrenees,0.4272755650418718,0.8503261225170533,0.7642596364021301,0.23574036359786987,0.07539154051434305,4.2359853340534785
frame_016,frame_006,16,6,50,-10,False,False,207,golden retriever,0.49764968304704726,0.6978588971895996,0.785883903503418,0.21411609649658203,0.06700152029039654,4.20765913401144
frame_016,frame_007,16,7,50,-9,False,False,183,Kerry blue terrier,0.45322499103541763,0.791366607845946,0.7945763468742371,0.20542365312576294,0.07946942753132438,4.126163889690938
frame_016,frame_008,16,8,50,-8,False,False,183,Kerry blue terrier,0.42237386015174677,0.8618644326154339,0.8019486665725708,0.1980513334274292,0.07321203572401375,4.115583694736557
frame_016,frame_009,16,9,50,-7,False,False,257,Great Pyrenees,0.7246616599548742,0.3220504089788734,0.8554344177246094,0.14456558227539062,0.09678618476254024,4.124992655568176
frame_016,frame_010,16,10,50,-6,False,False,208,Labrador retriever,0.439565768716652,0.8219679286460235,0.8324369192123413,0.1675630807876587,0.0870563174402301,4.179729565323381
frame_016,frame_011,16,11,50,-5,False,False,183,Kerry blue terrier,0.4683405418808912,0.7585595940843612,0.769321084022522,0.23067891597747803,0.09555617513579263,4.109740490299602
frame_016,frame_012,16,12,50,-4,False,False,208,Labrador retriever,0.3573776392637318,1.028962243228822,0.7920284271240234,0.20797157287597656,0.08154758182582465,4.023952348184624
frame_016,frame_013,16,13,50,-3,False,False,257,Great Pyrenees,0.2568864634371893,1.3591210682078998,0.7244597673416138,0.27554023265838623,0.11173362182260774,3.9150958795604356
frame_016,frame_014,16,14,50,-2,False,False,208,Labrador retriever,0.2901903842610741,1.237218073949822,0.7209131717681885,0.2790868282318115,0.10322984950718272,3.919141360683054
frame_016,frame_015,16,15,50,-1,False,False,208,Labrador retriever,0.6804906334695014,0.3849412211741732,0.8246314525604248,0.1753685474395752,0.09541150841850862,3.8705246755269753
frame_016,frame_017,16,17,50,1,False,False,257,Great Pyrenees,0.5607345310913614,0.5785076920677863,0.8089607954025269,0.19103920459747314,0.14686967673117374,3.739529710250868
frame_016,frame_018,16,18,50,2,False,False,257,Great Pyrenees,0.7058211498789051,0.348393402365472,0.8147375583648682,0.18526244163513184,0.10697896756432389,3.7281163603075305
frame_016,frame_019,16,19,50,3,False,False,257,Great Pyrenees,0.6741367777016725,0.3943222543827263,0.8279751539230347,0.17202484607696533,0.1070747014329062,3.7792009852272272
frame_017,frame_000,17,0,5,-17,True,False,169,"borzoi, Russian wolfhound",0.6115685406088106,0.4917282441036832,0.7375880479812622,0.2624119520187378,0.033821090325071544,4.907890718236734
frame_017,frame_001,17,1,5,-16,False,False,169,"borzoi, Russian wolfhound",0.3932010288056577,0.9334342742179969,0.6267056465148926,0.3732943534851074,0.03069423495890741,4.89418414257778
frame_017,frame_002,17,2,5,-15,False,False,177,"Scottish deerhound, deerhound",0.1632268260662232,1.8126144745545076,0.5599155426025391,0.44008445739746094,0.0350178218181764,4.87019749387515
frame_017,frame_003,17,3,5,-14,False,False,257,Great Pyrenees,0.35494741210677855,1.0357856353902637,0.6690335869789124,0.33096641302108765,0.037004090845080044,4.921976523431921
frame_017,frame_004,17,4,5,-13,False,False,257,Great Pyrenees,0.24090600468153855,1.4233484436381758,0.6492164134979248,0.3507835865020752,0.035654000671355296,4.855657479871342
frame_017,frame_005,17,5,5,-12,False,False,212,English setter,0.19869307202467487,1.6159939965411505,0.6073672771453857,0.39263272285461426,0.038364454803626234,4.815180621772902
frame_017,frame_006,17,6,5,-11,False,False,169,"borzoi, Russian wolfhound",0.2838588067701249,1.2592783237056953,0.5903276205062866,0.4096723794937134,0.03241097957302165,4.817962094182706
frame_017,frame_007,17,7,5,-10,False,False,169,"borzoi, Russian wolfhound",0.2175683868380571,1.5252420556297723,0.5731228590011597,0.42687714099884033,0.04142253490768588,4.805710850464571
frame_017,frame_008,17,8,5,-9,False,False,169,"borzoi, Russian wolfhound",0.1329521259984176,2.017766170458814,0.5363149046897888,0.4636850953102112,0.04301328274400184,4.805787797645082
frame_017,frame_009,17,9,5,-8,False,False,169,"borzoi, Russian wolfhound",0.1502457135351534,1.895483234857947,0.5564311742782593,0.4435688257217407,0.04678617804068582,4.8026375920633235
frame_017,frame_010,17,10,5,-7,False,False,169,"borzoi, Russian wolfhound",0.16377588037927437,1.8092563688373575,0.5422914624214172,0.45770853757858276,0.03990414305629914,4.814617761587286
frame_017,frame_011,17,11,5,-6,False,False,169,"borzoi, Russian wolfhound",0.18157100207442256,1.70610850577211,0.5418499708175659,0.4581500291824341,0.036348517535411906,4.786450857195587
frame_017,frame_012,17,12,5,-5,False,True,169,"borzoi, Russian wolfhound",0.10418466004452867,2.261590376963534,0.5231491923332214,0.47685080766677856,0.04633615913889474,4.738471229113139
frame_017,frame_013,17,13,5,-4,False,False,218,Welsh springer spaniel,0.15312139222258203,1.8765242589560929,0.5678007006645203,0.43219929933547974,0.04804642968206517,4.676956365797391
frame_017,frame_014,17,14,5,-3,False,False,218,Welsh springer spaniel,0.18901033084231422,1.6659536048749826,0.5265508890151978,0.47344911098480225,0.038965470789675716,4.727899898241921
frame_017,frame_015,17,15,5,-2,False,False,218,Welsh springer spaniel,0.21991612438885827,1.5145090581030103,0.5472234487533569,0.45277655124664307,0.0411597716741247,4.662921669869756
frame_017,frame_016,17,16,5,-1,False,False,218,Welsh springer spaniel,0.20372377313107704,1.5909902559754716,0.5791889429092407,0.4208110570907593,0.04405291740225342,4.6703087136609955
frame_017,frame_018,17,18,5,1,False,False,257,Great Pyrenees,0.14191244747687104,1.9525449786008036,0.545135498046875,0.454864501953125,0.04569143756120255,4.6697783567690205
frame_017,frame_019,17,19,5,2,False,False,257,Great Pyrenees,0.14472176155036723,1.932942265841156,0.5391099452972412,0.4608900547027588,0.04470067847055356,4.643159667587055
frame_017,frame_000,17,0,10,-17,False,False,257,Great Pyrenees,0.2546626207993999,1.3678156655232758,0.6936905384063721,0.30630946159362793,0.15690386398386014,3.8997654354893867
frame_017,frame_001,17,1,10,-16,False,False,207,golden retriever,0.31967845687774427,1.1404396106177321,0.7166632413864136,0.2833367586135864,0.11683793544111012,4.038487764855253
frame_017,frame_002,17,2,10,-15,False,False,257,Great Pyrenees,0.4925780656185391,0.7081023220610669,0.7123459577560425,0.2876540422439575,0.16728435902607663,3.97489037778689
frame_017,frame_003,17,3,10,-14,True,False,257,Great Pyrenees,0.7855735920326745,0.24134113753656994,0.8822641372680664,0.1177358627319336,0.15941862679126823,3.908883107900694
frame_017,frame_004,17,4,10,-13,False,False,257,Great Pyrenees,0.6443555053200042,0.4395046782941625,0.8315024375915527,0.16849756240844727,0.11405505174197149,4.062242872773825
frame_017,frame_005,17,5,10,-12,False,False,257,Great Pyrenees,0.5857376315894429,0.5348833173281484,0.799091100692749,0.20090889930725098,0.13185579943397432,3.8819464979854286
frame_017,frame_006,17,6,10,-11,False,False,207,golden retriever,0.3574765469716651,1.0286855218764988,0.6725602149963379,0.3274397850036621,0.12247782861269495,3.907042925421357
frame_017,frame_007,17,7,10,-10,False,False,212,English setter,0.4476309563390086,0.8037861442142136,0.7037171125411987,0.29628288745880127,0.14937295070300124,3.8492870101312295
frame_017,frame_008,17,8,10,-9,False,False,207,golden retriever,0.282741997980702,1.2632204650735517,0.7126432061195374,0.28735679388046265,0.12125126254771501,3.8216974549361153
frame_017,frame_009,17,9,10,-8,False,False,257,Great Pyrenees,0.833862004320899,0.18168735275877612,0.8775823712348938,0.1224176287651062,0.10948854011003177,3.8427161449180365
frame_017,frame_010,17,10,10,-7,False,False,257,Great Pyrenees,0.37493270161467807,0.981008731477881,0.7577892541885376,0.2422107458114624,0.13545514335175235,3.934625147381866
frame_017,frame_011,17,11,10,-6,False,False,216,"clumber, clumber spaniel",0.3568493741785895,1.0304415073046131,0.7228566408157349,0.27714335918426514,0.16320148200234924,3.903481354426655
frame_017,frame_012,17,12,10,-5,False,False,257,Great Pyrenees,0.5802142791453272,0.5443577968680495,0.7855324745178223,0.21446752548217773,0.1592119038223025,3.85419657046898
frame_017,frame_013,17,13,10,-4,False,False,805,soccer ball,0.44594434261212684,0.8075611270987775,0.7558249831199646,0.2441750168800354,0.1685120872634018,3.732357180683995
frame_017,frame_014,17,14,10,-3,False,True,805,soccer ball,0.3274777029492822,1.1163353088221672,0.6696541905403137,0.3303458094596863,0.14927074107506286,3.79317823695915
frame_017,frame_015,17,15,10,-2,False,False,208,Labrador retriever,0.30328463519483834,1.193083524341528,0.716722846031189,0.28327715396881104,0.1717434315984476,3.7311949613323314
frame_017,frame_016,17,16,10,-1,False,False,257,Great Pyrenees,0.3654644648315873,1.0065862279617988,0.7467275857925415,0.2532724142074585,0.15640853358396034,3.6592820939570765
frame_017,frame_018,17,18,10,1,False,False,257,Great Pyrenees,0.4784621950721559,0.7371780783740869,0.7312236428260803,0.2687763571739197,0.15447757912774154,3.7236851296550486
frame_017,frame_019,17,19,10,2,False,False,257,Great Pyrenees,0.5349134651409343,0.6256502925687748,0.7756368517875671,0.22436314821243286,0.1530253420556868,3.7235497526157375
frame_017,frame_000,17,0,20,-17,False,True,208,Labrador retriever,0.2756047138891953,1.2887876358916817,0.6733367443084717,0.3266632556915283,0.13049168527413096,4.554021018692152
frame_017,frame_001,17,1,20,-16,False,False,207,golden retriever,0.6269344745899198,0.46691325004654605,0.7733272910118103,0.2266727089881897,0.09339877991817033,4.654254721977058
frame_017,frame_002,17,2,20,-15,False,False,257,Great Pyrenees,0.48016150082089226,0.7336327716266622,0.7204862833023071,0.27951371669769287,0.11437299935768983,4.61754145734433
frame_017,frame_003,17,3,20,-14,True,False,257,Great Pyrenees,0.8710683654937171,0.138034814401935,0.9086406826972961,0.09135931730270386,0.1048853946942844,4.671392942951399
frame_017,frame_004,17,4,20,-13,False,False,257,Great Pyrenees,0.6725940078594307,0.3966133886371055,0.8085065484046936,0.1914934515953064,0.07734180337363405,4.654956004233929
frame_017,frame_005,17,5,20,-12,False,False,257,Great Pyrenees,0.5753610725318792,0.5527574830349327,0.8153570294380188,0.1846429705619812,0.11320101742953338,4.550388507502647
frame_017,frame_006,17,6,20,-11,False,False,207,golden retriever,0.6568563550646334,0.42028992205118154,0.7971441745758057,0.20285582542419434,0.11407394202595031,4.575152080291881
frame_017,frame_007,17,7,20,-10,False,False,207,golden retriever,0.565175165439415,0.5706195685578388,0.7594629526138306,0.24053704738616943,0.1462370303485998,4.579066311035258
frame_017,frame_008,17,8,20,-9,False,False,207,golden retriever,0.4698758409178827,0.7552867874364377,0.7976190447807312,0.2023809552192688,0.10207264775563119,4.6473538742637635
frame_017,frame_009,17,9,20,-8,False,False,257,Great Pyrenees,0.8275922030979578,0.1892347542547439,0.8939704895019531,0.10602951049804688,0.08362336326588508,4.586587188940488
frame_017,frame_010,17,10,20,-7,False,False,208,Labrador retriever,0.6053889805123853,0.5018840845549155,0.8391026258468628,0.1608973741531372,0.09321051817414275,4.62599316235504
frame_017,frame_011,17,11,20,-6,False,False,257,Great Pyrenees,0.33812064812803366,1.0843525000652274,0.7581788897514343,0.24182111024856567,0.1245232431094079,4.622923274182252
frame_017,frame_012,17,12,20,-5,False,False,257,Great Pyrenees,0.56942107039917,0.5631351002580995,0.8410329818725586,0.1589670181274414,0.13099609028809442,4.530907637990444
frame_017,frame_013,17,13,20,-4,False,False,257,Great Pyrenees,0.6425516620310224,0.44230805761491343,0.8266788721084595,0.17332112789154053,0.12503414767732351,4.430236029353162
frame_017,frame_014,17,14,20,-3,False,False,208,Labrador retriever,0.48233097051508467,0.7291247397555343,0.7459839582443237,0.25401604175567627,0.13933992423876598,4.4490677305974975
frame_017,frame_015,17,15,20,-2,False,False,208,Labrador retriever,0.5488745961156325,0.5998852859408679,0.8112672567367554,0.18873274326324463,0.1724173574565558,4.323579483242826
frame_017,frame_016,17,16,20,-1,False,False,257,Great Pyrenees,0.5816884342745098,0.5418203108924287,0.8208893537521362,0.17911064624786377,0.1458288813189905,4.327307399054227
frame_017,frame_018,17,18,20,1,False,False,257,Great Pyrenees,0.5852464754165063,0.5357221949846442,0.8091772794723511,0.19082272052764893,0.11919398565339184,4.374694022614294
frame_017,frame_019,17,19,20,2,False,False,257,Great Pyrenees,0.7571305105548773,0.2782196354445077,0.8463385105133057,0.15366148948669434,0.12299110688626541,4.4024398022222835
frame_017,frame_000,17,0,30,-17,False,False,176,"Saluki, gazelle hound",0.501550824387603,0.6900503319741951,0.7351042032241821,0.26489579677581787,0.028748762437537864,5.2901840131339375
frame_017,frame_001,17,1,30,-16,False,False,207,golden retriever,0.611745388140805,0.49143911548498576,0.7725761532783508,0.22742384672164917,0.04619455458792766,5.283185181041783
frame_017,frame_002,17,2,30,-15,False,False,257,Great Pyrenees,0.4245627989381888,0.8566953479220727,0.7271019220352173,0.2728980779647827,0.0456236819472025,5.248207454173121
frame_017,frame_003,17,3,30,-14,False,False,257,Great Pyrenees,0.7452845309179328,0.2939892128205104,0.8481242656707764,0.15187573432922363,0.035930793651753265,5.409107591378543
frame_017,frame_004,17,4,30,-13,False,False,257,Great Pyrenees,0.5298499607049093,0.6351614055239647,0.7708334922790527,0.22916650772094727,0.026514057535135308,5.388473308125793
frame_017,frame_005,17,5,30,-12,False,False,257,Great Pyrenees,0.430425168335924,0.8429817952273293,0.7773072719573975,0.22269272804260254,0.036491912041524625,5.3381999925150705
frame_017,frame_006,17,6,30,-11,False,False,207,golden retriever,0.4282066233963238,0.8481494349491632,0.7648630142211914,0.2351369857788086,0.04476584514006929,5.0890823873758295
frame_017,frame_007,17,7,30,-10,False,False,176,"Saluki, gazelle hound",0.4201161797407303,0.8672239875262369,0.7692373991012573,0.23076260089874268,0.053131699270588424,5.060570416819717
frame_017,frame_008,17,8,30,-9,False,False,207,golden retriever,0.32854590998641525,1.113078694395048,0.7558404207229614,0.24415957927703857,0.052239444831082525,5.033226688752691
frame_017,frame_009,17,9,30,-8,True,False,257,Great Pyrenees,0.8795586709106761,0.1283350076370282,0.9126114845275879,0.08738851547241211,0.04256992798211311,5.104285057671779
frame_017,frame_010,17,10,30,-7,False,False,257,Great Pyrenees,0.481365369496637,0.7311286932863252,0.7926538586616516,0.2073461413383484,0.042413077538421995,5.156935185623811
frame_017,frame_011,17,11,30,-6,False,False,257,Great Pyrenees,0.45358443302282536,0.7905738458902443,0.7490100264549255,0.25098997354507446,0.04275183803784093,5.1082195809098945
frame_017,frame_012,17,12,30,-5,False,False,257,Great Pyrenees,0.7630555318972675,0.2704244693536011,0.8594409227371216,0.14055907726287842,0.04877360962947101,5.110561184319756
frame_017,frame_013,17,13,30,-4,False,False,257,Great Pyrenees,0.5402734658354477,0.6156798493964533,0.7701055407524109,0.2298944592475891,0.052584053027070844,5.070218471438437
frame_017,frame_014,17,14,30,-3,False,True,208,Labrador retriever,0.3827225173428422,0.9604450501762205,0.7148579955101013,0.2851420044898987,0.03773033616319021,5.215037202844181
frame_017,frame_015,17,15,30,-2,False,False,208,Labrador retriever,0.5451023916460052,0.6067816273852857,0.8051561117172241,0.19484388828277588,0.034240528564216804,5.226309250653461
frame_017,frame_016,17,16,30,-1,False,False,257,Great Pyrenees,0.6462728686310764,0.43653346712241703,0.8237565159797668,0.17624348402023315,0.05153774836207627,5.199335755253846
frame_017,frame_018,17,18,30,1,False,False,257,Great Pyrenees,0.802040288339373,0.2205964375402263,0.8716338872909546,0.1283661127090454,0.04335477224959688,5.190587293466606
frame_017,frame_019,17,19,30,2,False,False,257,Great Pyrenees,0.8847758970805101,0.12242088967856812,0.9116714000701904,0.08832859992980957,0.032380338682014266,5.235136626210792
frame_017,frame_000,17,0,40,-17,False,True,169,"borzoi, Russian wolfhound",0.16851653989832535,1.7807213743730839,0.6236065626144409,0.3763934373855591,0.13431103203198372,3.7027843868681245
frame_017,frame_001,17,1,40,-16,False,False,207,golden retriever,0.5456745055774368,0.6057326246325667,0.7283872365951538,0.2716127634048462,0.09138971342471096,3.815752101916038
frame_017,frame_002,17,2,40,-15,False,False,257,Great Pyrenees,0.5882742425297152,0.5305620409535923,0.7399190664291382,0.2600809335708618,0.14552257984193823,3.8082000750231124
frame_017,frame_003,17,3,40,-14,False,False,257,Great Pyrenees,0.6894700768633759,0.3718319810032398,0.8738318681716919,0.1261681318283081,0.17003668270130895,3.601170519045856
frame_017,frame_004,17,4,40,-13,False,False,805,soccer ball,0.49404319838071925,0.7051323195025869,0.844363272190094,0.155636727809906,0.09655012623590085,3.826680240936397
frame_017,frame_005,17,5,40,-12,False,False,257,Great Pyrenees,0.5402001805634425,0.6158155033707295,0.7929902076721191,0.20700979232788086,0.12335127382628139,3.702986635868694
frame_017,frame_006,17,6,40,-11,False,False,183,Kerry blue terrier,0.3044176669606797,1.1893546160431727,0.736291766166687,0.263708233833313,0.1228559736629159,3.6807461043436493
frame_017,frame_007,17,7,40,-10,False,False,183,Kerry blue terrier,0.43520825506513217,0.8319306151802013,0.7671858072280884,0.23281419277191162,0.14198783508174634,3.5529125851075185
frame_017,frame_008,17,8,40,-9,False,False,183,Kerry blue terrier,0.45423624271311164,0.7891378578813484,0.7921234369277954,0.2078765630722046,0.1101539453085568,3.4950784462436637
frame_017,frame_009,17,9,40,-8,True,False,257,Great Pyrenees,0.9153524081968699,0.08844614228578296,0.9358788728713989,0.06412112712860107,0.09858690143579495,3.55897748404225
frame_017,frame_010,17,10,40,-7,False,False,183,Kerry blue terrier,0.4774073263171666,0.7393852189086783,0.8268222212791443,0.1731777787208557,0.13528121688214118,3.5566018307422826
frame_017,frame_011,17,11,40,-6,False,False,183,Kerry blue terrier,0.3867876755984836,0.9498793783757575,0.7861406207084656,0.21385937929153442,0.13910675208093076,3.5192918070314976
frame_017,frame_012,17,12,40,-5,False,False,257,Great Pyrenees,0.6506202743560019,0.4298291028769343,0.8445645570755005,0.1554354429244995,0.13046325840478223,3.452197272729068
frame_017,frame_013,17,13,40,-4,False,False,257,Great Pyrenees,0.3177475928016379,1.1464979447032277,0.7314237356185913,0.2685762643814087,0.15858693752810396,3.261956406147205
frame_017,frame_014,17,14,40,-3,False,False,977,"sandbar, sand bar",0.2568924572036066,1.359097736124092,0.7001931667327881,0.2998068332672119,0.12676539735144257,3.3325867506440856
frame_017,frame_015,17,15,40,-2,False,False,208,Labrador retriever,0.2983684209273559,1.209426244244143,0.7254570722579956,0.2745429277420044,0.1453436592143359,3.4269363712034955
frame_017,frame_016,17,16,40,-1,False,False,257,Great Pyrenees,0.5923327411303791,0.5236867392759841,0.7829477787017822,0.21705222129821777,0.1543723695773962,3.362352497096528
frame_017,frame_018,17,18,40,1,False,False,257,Great Pyrenees,0.8606567042080936,0.15005957159172167,0.8906577825546265,0.10934221744537354,0.12322936995131152,3.481960732396676
frame_017,frame_019,17,19,40,2,False,False,257,Great Pyrenees,0.8768587958781747,0.1314093076938203,0.9119244813919067,0.08807551860809326,0.1329908058346761,3.4830590114250155
frame_017,frame_000,17,0,50,-17,False,False,260,"chow, chow chow",0.4887891653407909,0.7158240372034963,0.6971958875656128,0.3028041124343872,0.09033133224376343,4.174596169935681
frame_017,frame_001,17,1,50,-16,False,False,207,golden retriever,0.60078307035927,0.509521357425788,0.7737942337989807,0.2262057662010193,0.07489254147867869,4.232601317697225
frame_017,frame_002,17,2,50,-15,False,True,257,Great Pyrenees,0.26556797325677106,1.3258844512681054,0.6762762069702148,0.32372379302978516,0.07795581290928406,4.2392466907525375
frame_017,frame_003,17,3,50,-14,True,False,257,Great Pyrenees,0.756923242543883,0.2784934275894231,0.8691393136978149,0.13086068630218506,0.09230382799823894,4.212218098988652
frame_017,frame_004,17,4,50,-13,False,False,257,Great Pyrenees,0.5212699545401018,0.6514872245105439,0.8266363143920898,0.17336368560791016,0.06425192896126143,4.343552046444909
frame_017,frame_005,17,5,50,-12,False,False,257,Great Pyrenees,0.4272755650418718,0.8503261225170533,0.7642596364021301,0.23574036359786987,0.07334041430673671,4.21109832148715
frame_017,frame_006,17,6,50,-11,False,False,207,golden retriever,0.49764968304704726,0.6978588971895996,0.785883903503418,0.21411609649658203,0.06372009137609638,4.168837496807969
frame_017,frame_007,17,7,50,-10,False,False,183,Kerry blue terrier,0.45322499103541763,0.791366607845946,0.7945763468742371,0.20542365312576294,0.07665075375378562,4.071873048337364
frame_017,frame_008,17,8,50,-9,False,False,183,Kerry blue terrier,0.42237386015174677,0.8618644326154339,0.8019486665725708,0.1980513334274292,0.07552745668948004,4.022275017448863
frame_017,frame_009,17,9,50,-8,False,False,257,Great Pyrenees,0.7246616599548742,0.3220504089788734,0.8554344177246094,0.14456558227539062,0.08954615147624857,4.071710598438624
frame_017,frame_010,17,10,50,-7,False,False,208,Labrador retriever,0.439565768716652,0.8219679286460235,0.8324369192123413,0.1675630807876587,0.07915958010859615,4.14119138524201
frame_017,frame_011,17,11,50,-6,False,False,183,Kerry blue terrier,0.4683405418808912,0.7585595940843612,0.769321084022522,0.23067891597747803,0.08029531015047824,4.073981567777153
frame_017,frame_012,17,12,50,-5,False,False,208,Labrador retriever,0.3573776392637318,1.028962243228822,0.7920284271240234,0.20797157287597656,0.08306610408821281,3.9825532353032713
frame_017,frame_013,17,13,50,-4,False,False,257,Great Pyrenees,0.2568864634371893,1.3591210682078998,0.7244597673416138,0.27554023265838623,0.09613286021598676,3.891559381930765
frame_017,frame_014,17,14,50,-3,False,False,208,Labrador retriever,0.2901903842610741,1.237218073949822,0.7209131717681885,0.2790868282318115,0.09297959299082763,3.8971930377061135
frame_017,frame_015,17,15,50,-2,False,False,208,Labrador retriever,0.6804906334695014,0.3849412211741732,0.8246314525604248,0.1753685474395752,0.08103781059933246,3.848860256960544
frame_017,frame_016,17,16,50,-1,False,False,208,Labrador retriever,0.45971439548136483,0.7771498617127595,0.7959526777267456,0.2040473222732544,0.08775575265980372,3.790654373017283
frame_017,frame_018,17,18,50,1,False,False,257,Great Pyrenees,0.7058211498789051,0.348393402365472,0.8147375583648682,0.18526244163513184,0.08840527329462983,3.7574437038720916
frame_017,frame_019,17,19,50,2,False,False,257,Great Pyrenees,0.6741367777016725,0.3943222543827263,0.8279751539230347,0.17202484607696533,0.08707093511167502,3.783968501804236
frame_018,frame_000,18,0,5,-18,True,False,169,"borzoi, Russian wolfhound",0.6115685406088106,0.4917282441036832,0.7375880479812622,0.2624119520187378,0.03502761986619564,4.884412817522104
frame_018,frame_001,18,1,5,-17,False,False,169,"borzoi, Russian wolfhound",0.3932010288056577,0.9334342742179969,0.6267056465148926,0.3732943534851074,0.031391914926668006,4.8711833802768
frame_018,frame_002,18,2,5,-16,False,False,177,"Scottish deerhound, deerhound",0.1632268260662232,1.8126144745545076,0.5599155426025391,0.44008445739746094,0.036255102302917126,4.847994099613192
frame_018,frame_003,18,3,5,-15,False,False,257,Great Pyrenees,0.35494741210677855,1.0357856353902637,0.6690335869789124,0.33096641302108765,0.03819936491415657,4.895288820540927
frame_018,frame_004,18,4,5,-14,False,False,257,Great Pyrenees,0.24090600468153855,1.4233484436381758,0.6492164134979248,0.3507835865020752,0.0374693905764912,4.827873682249379
frame_018,frame_005,18,5,5,-13,False,False,212,English setter,0.19869307202467487,1.6159939965411505,0.6073672771453857,0.39263272285461426,0.04008981938626856,4.788063223412959
frame_018,frame_006,18,6,5,-12,False,False,169,"borzoi, Russian wolfhound",0.2838588067701249,1.2592783237056953,0.5903276205062866,0.4096723794937134,0.0335694625018684,4.789448310260065
frame_018,frame_007,18,7,5,-11,False,False,169,"borzoi, Russian wolfhound",0.2175683868380571,1.5252420556297723,0.5731228590011597,0.42687714099884033,0.04285453208769467,4.774767184732415
frame_018,frame_008,18,8,5,-10,False,False,169,"borzoi, Russian wolfhound",0.1329521259984176,2.017766170458814,0.5363149046897888,0.4636850953102112,0.044792987305139656,4.774165688158741
frame_018,frame_009,18,9,5,-9,False,False,169,"borzoi, Russian wolfhound",0.1502457135351534,1.895483234857947,0.5564311742782593,0.4435688257217407,0.048018515122418885,4.769590601550509
frame_018,frame_010,18,10,5,-8,False,False,169,"borzoi, Russian wolfhound",0.16377588037927437,1.8092563688373575,0.5422914624214172,0.45770853757858276,0.04164121676018091,4.777977026359294
frame_018,frame_011,18,11,5,-7,False,False,169,"borzoi, Russian wolfhound",0.18157100207442256,1.70610850577211,0.5418499708175659,0.4581500291824341,0.03814224201844605,4.750286278411007
frame_018,frame_012,18,12,5,-6,False,True,169,"borzoi, Russian wolfhound",0.10418466004452867,2.261590376963534,0.5231491923332214,0.47685080766677856,0.04786561775622173,4.70328582644441
frame_018,frame_013,18,13,5,-5,False,False,218,Welsh springer spaniel,0.15312139222258203,1.8765242589560929,0.5678007006645203,0.43219929933547974,0.048375356122308734,4.645341882386318
frame_018,frame_014,18,14,5,-4,False,False,218,Welsh springer spaniel,0.18901033084231422,1.6659536048749826,0.5265508890151978,0.47344911098480225,0.04152872475585396,4.693451947959009
frame_018,frame_015,18,15,5,-3,False,False,218,Welsh springer spaniel,0.21991612438885827,1.5145090581030103,0.5472234487533569,0.45277655124664307,0.0426810676093066,4.635638296177548
frame_018,frame_016,18,16,5,-2,False,False,218,Welsh springer spaniel,0.20372377313107704,1.5909902559754716,0.5791889429092407,0.4208110570907593,0.04535092098620784,4.642110202333579
frame_018,frame_017,18,17,5,-1,False,False,257,Great Pyrenees,0.19242842300272206,1.6480310229569648,0.5766458511352539,0.4233541488647461,0.04651732399910536,4.664153295334582
frame_018,frame_019,18,19,5,1,False,False,257,Great Pyrenees,0.14472176155036723,1.932942265841156,0.5391099452972412,0.4608900547027588,0.04729498150469776,4.61886373710235
frame_018,frame_000,18,0,10,-18,False,False,257,Great Pyrenees,0.2546626207993999,1.3678156655232758,0.6936905384063721,0.30630946159362793,0.15619727653344054,3.9257641877291016
frame_018,frame_001,18,1,10,-17,False,False,207,golden retriever,0.31967845687774427,1.1404396106177321,0.7166632413864136,0.2833367586135864,0.11302680231932202,4.068059691253584
frame_018,frame_002,18,2,10,-16,False,False,257,Great Pyrenees,0.4925780656185391,0.7081023220610669,0.7123459577560425,0.2876540422439575,0.16402244996596183,3.9950212289268707
frame_018,frame_003,18,3,10,-15,True,False,257,Great Pyrenees,0.7855735920326745,0.24134113753656994,0.8822641372680664,0.1177358627319336,0.16209125766495827,3.9290663103661454
frame_018,frame_004,18,4,10,-14,False,False,257,Great Pyrenees,0.6443555053200042,0.4395046782941625,0.8315024375915527,0.16849756240844727,0.10950728462903916,4.068858178605286
frame_018,frame_005,18,5,10,-13,False,False,257,Great Pyrenees,0.5857376315894429,0.5348833173281484,0.799091100692749,0.20090889930725098,0.13110331992781496,3.8959040694719445
frame_018,frame_006,18,6,10,-12,False,False,207,golden retriever,0.3574765469716651,1.0286855218764988,0.6725602149963379,0.3274397850036621,0.12087681014673535,3.9176539513683677
frame_018,frame_007,18,7,10,-11,False,False,212,English setter,0.4476309563390086,0.8037861442142136,0.7037171125411987,0.29628288745880127,0.15008130409762757,3.858268642253586
frame_018,frame_008,18,8,10,-10,False,False,207,golden retriever,0.282741997980702,1.2632204650735517,0.7126432061195374,0.28735679388046265,0.12156010943818102,3.8269547595494475
frame_018,frame_009,18,9,10,-9,False,False,257,Great Pyrenees,0.833862004320899,0.18168735275877612,0.8775823712348938,0.1224176287651062,0.10671815197493693,3.8616130584505184
frame_018,frame_010,18,10,10,-8,False,False,257,Great Pyrenees,0.37493270161467807,0.981008731477881,0.7577892541885376,0.2422107458114624,0.12955034141686994,3.9599628408092435
frame_018,frame_011,18,11,10,-7,False,False,216,"clumber, clumber spaniel",0.3568493741785895,1.0304415073046131,0.7228566408157349,0.27714335918426514,0.15953519718799544,3.9268080959411718
frame_018,frame_012,18,12,10,-6,False,False,257,Great Pyrenees,0.5802142791453272,0.5443577968680495,0.7855324745178223,0.21446752548217773,0.15434748022579667,3.8798900801190412
frame_018,frame_013,18,13,10,-5,False,False,805,soccer ball,0.44594434261212684,0.8075611270987775,0.7558249831199646,0.2441750168800354,0.16573637666754082,3.748171850829076
frame_018,frame_014,18,14,10,-4,False,True,805,soccer ball,0.3274777029492822,1.1163353088221672,0.6696541905403137,0.3303458094596863,0.14623307094252086,3.804850233376968
frame_018,frame_015,18,15,10,-3,False,False,208,Labrador retriever,0.30328463519483834,1.193083524341528,0.716722846031189,0.28327715396881104,0.16743487773952478,3.7547214769575197
frame_018,frame_016,18,16,10,-2,False,False,257,Great Pyrenees,0.3654644648315873,1.0065862279617988,0.7467275857925415,0.2532724142074585,0.15238529511107737,3.6877942391106764
frame_018,frame_017,18,17,10,-1,False,False,257,Great Pyrenees,0.6025458355795575,0.5065915408602146,0.7648334503173828,0.2351665496826172,0.1322364818352652,3.7984046684721657
frame_018,frame_019,18,19,10,1,False,False,257,Great Pyrenees,0.5349134651409343,0.6256502925687748,0.7756368517875671,0.22436314821243286,0.1445754287952688,3.7647371263737877
frame_018,frame_000,18,0,20,-18,False,True,208,Labrador retriever,0.2756047138891953,1.2887876358916817,0.6733367443084717,0.3266632556915283,0.12512808896579503,4.61850325558334
frame_018,frame_001,18,1,20,-17,False,False,207,golden retriever,0.6269344745899198,0.46691325004654605,0.7733272910118103,0.2266727089881897,0.08969375329681968,4.7177636662199305
frame_018,frame_002,18,2,20,-16,False,False,257,Great Pyrenees,0.48016150082089226,0.7336327716266622,0.7204862833023071,0.27951371669769287,0.11255466896831084,4.6552210152002
frame_018,frame_003,18,3,20,-15,True,False,257,Great Pyrenees,0.8710683654937171,0.138034814401935,0.9086406826972961,0.09135931730270386,0.10139142002570539,4.719920008770459
frame_018,frame_004,18,4,20,-14,False,False,257,Great Pyrenees,0.6725940078594307,0.3966133886371055,0.8085065484046936,0.1914934515953064,0.07493389489145744,4.714490720858771
frame_018,frame_005,18,5,20,-13,False,False,257,Great Pyrenees,0.5753610725318792,0.5527574830349327,0.8153570294380188,0.1846429705619812,0.11116374962889981,4.595519794538836
frame_018,frame_006,18,6,20,-12,False,False,207,golden retriever,0.6568563550646334,0.42028992205118154,0.7971441745758057,0.20285582542419434,0.10992542817800112,4.609692070253639
frame_018,frame_007,18,7,20,-11,False,False,207,golden retriever,0.565175165439415,0.5706195685578388,0.7594629526138306,0.24053704738616943,0.1426958751887208,4.608526663746202
frame_018,frame_008,18,8,20,-10,False,False,207,golden retriever,0.4698758409178827,0.7552867874364377,0.7976190447807312,0.2023809552192688,0.09903360924069388,4.692037156317492
frame_018,frame_009,18,9,20,-9,False,False,257,Great Pyrenees,0.8275922030979578,0.1892347542547439,0.8939704895019531,0.10602951049804688,0.0836461556482682,4.6245281516649746
frame_018,frame_010,18,10,20,-8,False,False,208,Labrador retriever,0.6053889805123853,0.5018840845549155,0.8391026258468628,0.1608973741531372,0.08686713720659141,4.682794662257361
frame_018,frame_011,18,11,20,-7,False,False,257,Great Pyrenees,0.33812064812803366,1.0843525000652274,0.7581788897514343,0.24182111024856567,0.120301741578074,4.681655896062652
frame_018,frame_012,18,12,20,-6,False,False,257,Great Pyrenees,0.56942107039917,0.5631351002580995,0.8410329818725586,0.1589670181274414,0.12714480016562704,4.579873465955286
frame_018,frame_013,18,13,20,-5,False,False,257,Great Pyrenees,0.6425516620310224,0.44230805761491343,0.8266788721084595,0.17332112789154053,0.12019034359173165,4.469642881178128
frame_018,frame_014,18,14,20,-4,False,False,208,Labrador retriever,0.48233097051508467,0.7291247397555343,0.7459839582443237,0.25401604175567627,0.13646590653846932,4.504007703633215
frame_018,frame_015,18,15,20,-3,False,False,208,Labrador retriever,0.5488745961156325,0.5998852859408679,0.8112672567367554,0.18873274326324463,0.16659552203144612,4.384464441545185
frame_018,frame_016,18,16,20,-2,False,False,257,Great Pyrenees,0.5816884342745098,0.5418203108924287,0.8208893537521362,0.17911064624786377,0.13940900850660676,4.419109101499797
frame_018,frame_017,18,17,20,-1,False,False,257,Great Pyrenees,0.5852915826542426,0.5356451240385991,0.8326475620269775,0.16735243797302246,0.11291719016881731,4.425135085926452
frame_018,frame_019,18,19,20,1,False,False,257,Great Pyrenees,0.7571305105548773,0.2782196354445077,0.8463385105133057,0.15366148948669434,0.11767624340154721,4.4835243363888875
frame_018,frame_000,18,0,30,-18,False,False,176,"Saluki, gazelle hound",0.501550824387603,0.6900503319741951,0.7351042032241821,0.26489579677581787,0.02730569810499454,5.390756568612153
frame_018,frame_001,18,1,30,-17,False,False,207,golden retriever,0.611745388140805,0.49143911548498576,0.7725761532783508,0.22742384672164917,0.04126878752127247,5.375196588348336
frame_018,frame_002,18,2,30,-16,False,False,257,Great Pyrenees,0.4245627989381888,0.8566953479220727,0.7271019220352173,0.2728980779647827,0.04218443886428571,5.341037523440687
frame_018,frame_003,18,3,30,-15,False,False,257,Great Pyrenees,0.7452845309179328,0.2939892128205104,0.8481242656707764,0.15187573432922363,0.04108775436193881,5.464601247032975
frame_018,frame_004,18,4,30,-14,False,False,257,Great Pyrenees,0.5298499607049093,0.6351614055239647,0.7708334922790527,0.22916650772094727,0.028456161013996516,5.4341220873655685
frame_018,frame_005,18,5,30,-13,False,False,257,Great Pyrenees,0.430425168335924,0.8429817952273293,0.7773072719573975,0.22269272804260254,0.028603993973932332,5.418338085537277
frame_018,frame_006,18,6,30,-12,False,False,207,golden retriever,0.4282066233963238,0.8481494349491632,0.7648630142211914,0.2351369857788086,0.041068826327416416,5.207294333334234
frame_018,frame_007,18,7,30,-11,False,False,176,"Saluki, gazelle hound",0.4201161797407303,0.8672239875262369,0.7692373991012573,0.23076260089874268,0.04903046022819658,5.184811656954622
frame_018,frame_008,18,8,30,-10,False,False,207,golden retriever,0.32854590998641525,1.113078694395048,0.7558404207229614,0.24415957927703857,0.043908345476677796,5.163488523341558
frame_018,frame_009,18,9,30,-9,True,False,257,Great Pyrenees,0.8795586709106761,0.1283350076370282,0.9126114845275879,0.08738851547241211,0.03611536732540113,5.231418601332804
frame_018,frame_010,18,10,30,-8,False,False,257,Great Pyrenees,0.481365369496637,0.7311286932863252,0.7926538586616516,0.2073461413383484,0.03763964029165577,5.271859243347002
frame_018,frame_011,18,11,30,-7,False,False,257,Great Pyrenees,0.45358443302282536,0.7905738458902443,0.7490100264549255,0.25098997354507446,0.0374288029615692,5.242438323138505
frame_018,frame_012,18,12,30,-6,False,False,257,Great Pyrenees,0.7630555318972675,0.2704244693536011,0.8594409227371216,0.14055907726287842,0.043378628662552036,5.242148280064031
frame_018,frame_013,18,13,30,-5,False,False,257,Great Pyrenees,0.5402734658354477,0.6156798493964533,0.7701055407524109,0.2298944592475891,0.04252968081578065,5.19195378916763
frame_018,frame_014,18,14,30,-4,False,True,208,Labrador retriever,0.3827225173428422,0.9604450501762205,0.7148579955101013,0.2851420044898987,0.032997936104656685,5.31750105113125
frame_018,frame_015,18,15,30,-3,False,False,208,Labrador retriever,0.5451023916460052,0.6067816273852857,0.8051561117172241,0.19484388828277588,0.03954491776909471,5.300985165173586
frame_018,frame_016,18,16,30,-2,False,False,257,Great Pyrenees,0.6462728686310764,0.43653346712241703,0.8237565159797668,0.17624348402023315,0.045460975981672584,5.306875631679926
frame_018,frame_017,18,17,30,-1,False,False,257,Great Pyrenees,0.7586465267213378,0.2762193192572626,0.8754222393035889,0.12457776069641113,0.050965311662445355,5.285926156957048
frame_018,frame_019,18,19,30,1,False,False,257,Great Pyrenees,0.8847758970805101,0.12242088967856812,0.9116714000701904,0.08832859992980957,0.030676488090723646,5.337329510472095
frame_018,frame_000,18,0,40,-18,False,True,169,"borzoi, Russian wolfhound",0.16851653989832535,1.7807213743730839,0.6236065626144409,0.3763934373855591,0.13598447027300142,3.701392673028386
frame_018,frame_001,18,1,40,-17,False,False,207,golden retriever,0.5456745055774368,0.6057326246325667,0.7283872365951538,0.2716127634048462,0.09483129431572482,3.8109504081457004
frame_018,frame_002,18,2,40,-16,False,False,257,Great Pyrenees,0.5882742425297152,0.5305620409535923,0.7399190664291382,0.2600809335708618,0.14786252486617876,3.794159290453235
frame_018,frame_003,18,3,40,-15,False,False,257,Great Pyrenees,0.6894700768633759,0.3718319810032398,0.8738318681716919,0.1261681318283081,0.16753799651422174,3.6354673495277643
frame_018,frame_004,18,4,40,-14,False,False,805,soccer ball,0.49404319838071925,0.7051323195025869,0.844363272190094,0.155636727809906,0.10517440065436648,3.8125965441074037
frame_018,frame_005,18,5,40,-13,False,False,257,Great Pyrenees,0.5402001805634425,0.6158155033707295,0.7929902076721191,0.20700979232788086,0.12266168453886268,3.7076611811871594
frame_018,frame_006,18,6,40,-12,False,False,183,Kerry blue terrier,0.3044176669606797,1.1893546160431727,0.736291766166687,0.263708233833313,0.12259389104057844,3.680692851279503
frame_018,frame_007,18,7,40,-11,False,False,183,Kerry blue terrier,0.43520825506513217,0.8319306151802013,0.7671858072280884,0.23281419277191162,0.14188820205987057,3.546908176086198
frame_018,frame_008,18,8,40,-10,False,False,183,Kerry blue terrier,0.45423624271311164,0.7891378578813484,0.7921234369277954,0.2078765630722046,0.11508515672722434,3.501223683620416
frame_018,frame_009,18,9,40,-9,True,False,257,Great Pyrenees,0.9153524081968699,0.08844614228578296,0.9358788728713989,0.06412112712860107,0.10318331921147991,3.5752771955908114
frame_018,frame_010,18,10,40,-8,False,False,183,Kerry blue terrier,0.4774073263171666,0.7393852189086783,0.8268222212791443,0.1731777787208557,0.13572626176046051,3.569529075574792
frame_018,frame_011,18,11,40,-7,False,False,183,Kerry blue terrier,0.3867876755984836,0.9498793783757575,0.7861406207084656,0.21385937929153442,0.13942001621977076,3.5327275710523334
frame_018,frame_012,18,12,40,-6,False,False,257,Great Pyrenees,0.6506202743560019,0.4298291028769343,0.8445645570755005,0.1554354429244995,0.1293567003537724,3.464227517575355
frame_018,frame_013,18,13,40,-5,False,False,257,Great Pyrenees,0.3177475928016379,1.1464979447032277,0.7314237356185913,0.2685762643814087,0.16004081882434398,3.2616784694242735
frame_018,frame_014,18,14,40,-4,False,False,977,"sandbar, sand bar",0.2568924572036066,1.359097736124092,0.7001931667327881,0.2998068332672119,0.12178378503905267,3.3292868419004304
frame_018,frame_015,18,15,40,-3,False,False,208,Labrador retriever,0.2983684209273559,1.209426244244143,0.7254570722579956,0.2745429277420044,0.14314570590498776,3.435327114850285
frame_018,frame_016,18,16,40,-2,False,False,257,Great Pyrenees,0.5923327411303791,0.5236867392759841,0.7829477787017822,0.21705222129821777,0.14624128697429775,3.388498757573799
frame_018,frame_017,18,17,40,-1,False,False,257,Great Pyrenees,0.851368864348093,0.160909796202644,0.8933161497116089,0.10668385028839111,0.11650494483624307,3.5150885372296266
frame_018,frame_019,18,19,40,1,False,False,257,Great Pyrenees,0.8768587958781747,0.1314093076938203,0.9119244813919067,0.08807551860809326,0.1316109607452749,3.4947635797662437
frame_018,frame_000,18,0,50,-18,False,False,260,"chow, chow chow",0.4887891653407909,0.7158240372034963,0.6971958875656128,0.3028041124343872,0.08342471034578457,4.262097997743311
frame_018,frame_001,18,1,50,-17,False,False,207,golden retriever,0.60078307035927,0.509521357425788,0.7737942337989807,0.2262057662010193,0.06967341913630518,4.313191686022137
frame_018,frame_002,18,2,50,-16,False,True,257,Great Pyrenees,0.26556797325677106,1.3258844512681054,0.6762762069702148,0.32372379302978516,0.08169151179500941,4.307366201370318
frame_018,frame_003,18,3,50,-15,True,False,257,Great Pyrenees,0.756923242543883,0.2784934275894231,0.8691393136978149,0.13086068630218506,0.08207834489015302,4.295172099245061
frame_018,frame_004,18,4,50,-14,False,False,257,Great Pyrenees,0.5212699545401018,0.6514872245105439,0.8266363143920898,0.17336368560791016,0.06575474226532199,4.383741353807997
frame_018,frame_005,18,5,50,-13,False,False,257,Great Pyrenees,0.4272755650418718,0.8503261225170533,0.7642596364021301,0.23574036359786987,0.09753723625063386,4.268286961709976
frame_018,frame_006,18,6,50,-12,False,False,207,golden retriever,0.49764968304704726,0.6978588971895996,0.785883903503418,0.21411609649658203,0.07384409631877883,4.216388184395621
frame_018,frame_007,18,7,50,-11,False,False,183,Kerry blue terrier,0.45322499103541763,0.791366607845946,0.7945763468742371,0.20542365312576294,0.09223370382923625,4.1157981295396535
frame_018,frame_008,18,8,50,-10,False,False,183,Kerry blue terrier,0.42237386015174677,0.8618644326154339,0.8019486665725708,0.1980513334274292,0.08078579731747873,4.08154697622702
frame_018,frame_009,18,9,50,-9,False,False,257,Great Pyrenees,0.7246616599548742,0.3220504089788734,0.8554344177246094,0.14456558227539062,0.0850936460762784,4.185470205953463
frame_018,frame_010,18,10,50,-8,False,False,208,Labrador retriever,0.439565768716652,0.8219679286460235,0.8324369192123413,0.1675630807876587,0.0661981940736931,4.268659352419559
frame_018,frame_011,18,11,50,-7,False,False,183,Kerry blue terrier,0.4683405418808912,0.7585595940843612,0.769321084022522,0.23067891597747803,0.07189246158231931,4.170806806713189
frame_018,frame_012,18,12,50,-6,False,False,208,Labrador retriever,0.3573776392637318,1.028962243228822,0.7920284271240234,0.20797157287597656,0.09676040950962825,4.065104713998722
frame_018,frame_013,18,13,50,-5,False,False,257,Great Pyrenees,0.2568864634371893,1.3591210682078998,0.7244597673416138,0.27554023265838623,0.08447554217872622,3.98871180255924
frame_018,frame_014,18,14,50,-4,False,False,208,Labrador retriever,0.2901903842610741,1.237218073949822,0.7209131717681885,0.2790868282318115,0.0782556976079128,4.00454097953109
frame_018,frame_015,18,15,50,-3,False,False,208,Labrador retriever,0.6804906334695014,0.3849412211741732,0.8246314525604248,0.1753685474395752,0.08897717193024442,3.901582750385572
frame_018,frame_016,18,16,50,-2,False,False,208,Labrador retriever,0.45971439548136483,0.7771498617127595,0.7959526777267456,0.2040473222732544,0.0804853438987519,3.875043231235875
frame_018,frame_017,18,17,50,-1,False,False,257,Great Pyrenees,0.5607345310913614,0.5785076920677863,0.8089607954025269,0.19103920459747314,0.11355107763883625,3.8797725222276322
frame_018,frame_019,18,19,50,1,False,False,257,Great Pyrenees,0.6741367777016725,0.3943222543827263,0.8279751539230347,0.17202484607696533,0.079227076157553,3.8842775323698158
frame_019,frame_000,19,0,5,-19,True,False,169,"borzoi, Russian wolfhound",0.6115685406088106,0.4917282441036832,0.7375880479812622,0.2624119520187378,0.0369120573450506,4.888484800138034
frame_019,frame_001,19,1,5,-18,False,False,169,"borzoi, Russian wolfhound",0.3932010288056577,0.9334342742179969,0.6267056465148926,0.3732943534851074,0.03296388717863339,4.874885977241441
frame_019,frame_002,19,2,5,-17,False,False,177,"Scottish deerhound, deerhound",0.1632268260662232,1.8126144745545076,0.5599155426025391,0.44008445739746094,0.037188674695727536,4.855283773934923
frame_019,frame_003,19,3,5,-16,False,False,257,Great Pyrenees,0.35494741210677855,1.0357856353902637,0.6690335869789124,0.33096641302108765,0.040646481398166893,4.903284414833596
frame_019,frame_004,19,4,5,-15,False,False,257,Great Pyrenees,0.24090600468153855,1.4233484436381758,0.6492164134979248,0.3507835865020752,0.03760714800945119,4.835991529375706
frame_019,frame_005,19,5,5,-14,False,False,212,English setter,0.19869307202467487,1.6159939965411505,0.6073672771453857,0.39263272285461426,0.04193297396147003,4.800762834087664
frame_019,frame_006,19,6,5,-13,False,False,169,"borzoi, Russian wolfhound",0.2838588067701249,1.2592783237056953,0.5903276205062866,0.4096723794937134,0.035095647004428354,4.8021399141715335
frame_019,frame_007,19,7,5,-12,False,False,169,"borzoi, Russian wolfhound",0.2175683868380571,1.5252420556297723,0.5731228590011597,0.42687714099884033,0.045213530608103444,4.782662547744803
frame_019,frame_008,19,8,5,-11,False,False,169,"borzoi, Russian wolfhound",0.1329521259984176,2.017766170458814,0.5363149046897888,0.4636850953102112,0.046963438041609754,4.78247141591927
frame_019,frame_009,19,9,5,-10,False,False,169,"borzoi, Russian wolfhound",0.1502457135351534,1.895483234857947,0.5564311742782593,0.4435688257217407,0.0486931501181359,4.7817409847079455
frame_019,frame_010,19,10,5,-9,False,False,169,"borzoi, Russian wolfhound",0.16377588037927437,1.8092563688373575,0.5422914624214172,0.45770853757858276,0.0414745247130317,4.791679456845896
frame_019,frame_011,19,11,5,-8,False,False,169,"borzoi, Russian wolfhound",0.18157100207442256,1.70610850577211,0.5418499708175659,0.4581500291824341,0.04012610365885823,4.759756950842572
frame_019,frame_012,19,12,5,-7,False,True,169,"borzoi, Russian wolfhound",0.10418466004452867,2.261590376963534,0.5231491923332214,0.47685080766677856,0.050235844780216775,4.714217228792133
frame_019,frame_013,19,13,5,-6,False,False,218,Welsh springer spaniel,0.15312139222258203,1.8765242589560929,0.5678007006645203,0.43219929933547974,0.04686843252676303,4.655657414891739
frame_019,frame_014,19,14,5,-5,False,False,218,Welsh springer spaniel,0.18901033084231422,1.6659536048749826,0.5265508890151978,0.47344911098480225,0.039514020435548566,4.708066306196225
frame_019,frame_015,19,15,5,-4,False,False,218,Welsh springer spaniel,0.21991612438885827,1.5145090581030103,0.5472234487533569,0.45277655124664307,0.04473602000449609,4.645702049562723
frame_019,frame_016,19,16,5,-3,False,False,218,Welsh springer spaniel,0.20372377313107704,1.5909902559754716,0.5791889429092407,0.4208110570907593,0.04718824046201274,4.652337511102461
frame_019,frame_017,19,17,5,-2,False,False,257,Great Pyrenees,0.19242842300272206,1.6480310229569648,0.5766458511352539,0.4233541488647461,0.048583675442394586,4.672313702855932
frame_019,frame_018,19,18,5,-1,False,False,257,Great Pyrenees,0.14191244747687104,1.9525449786008036,0.545135498046875,0.454864501953125,0.04954788068290108,4.648070904649632
frame_019,frame_000,19,0,10,-19,False,False,257,Great Pyrenees,0.2546626207993999,1.3678156655232758,0.6936905384063721,0.30630946159362793,0.16520909666508093,3.8804455453812046
frame_019,frame_001,19,1,10,-18,False,False,207,golden retriever,0.31967845687774427,1.1404396106177321,0.7166632413864136,0.2833367586135864,0.1212594132022767,4.021942418901602
frame_019,frame_002,19,2,10,-17,False,False,257,Great Pyrenees,0.4925780656185391,0.7081023220610669,0.7123459577560425,0.2876540422439575,0.17632086024068497,3.941405333764873
frame_019,frame_003,19,3,10,-16,True,False,257,Great Pyrenees,0.7855735920326745,0.24134113753656994,0.8822641372680664,0.1177358627319336,0.16737976549180653,3.896572838111942
frame_019,frame_004,19,4,10,-15,False,False,257,Great Pyrenees,0.6443555053200042,0.4395046782941625,0.8315024375915527,0.16849756240844727,0.11695378386859415,4.051951236641755
frame_019,frame_005,19,5,10,-14,False,False,257,Great Pyrenees,0.5857376315894429,0.5348833173281484,0.799091100692749,0.20090889930725098,0.13677100855112106,3.8719171602823397
frame_019,frame_006,19,6,10,-13,False,False,207,golden retriever,0.3574765469716651,1.0286855218764988,0.6725602149963379,0.3274397850036621,0.1270797122351503,3.8794189778861594
frame_019,frame_007,19,7,10,-12,False,False,212,English setter,0.4476309563390086,0.8037861442142136,0.7037171125411987,0.29628288745880127,0.1580732136163492,3.8043149424644787
frame_019,frame_008,19,8,10,-11,False,False,207,golden retriever,0.282741997980702,1.2632204650735517,0.7126432061195374,0.28735679388046265,0.12657810856914628,3.789123116388275
frame_019,frame_009,19,9,10,-10,False,False,257,Great Pyrenees,0.833862004320899,0.18168735275877612,0.8775823712348938,0.1224176287651062,0.11182883224211841,3.8359393674557034
frame_019,frame_010,19,10,10,-9,False,False,257,Great Pyrenees,0.37493270161467807,0.981008731477881,0.7577892541885376,0.2422107458114624,0.13769708398188968,3.927032665188589
frame_019,frame_011,19,11,10,-8,False,False,216,"clumber, clumber spaniel",0.3568493741785895,1.0304415073046131,0.7228566408157349,0.27714335918426514,0.16856943150940903,3.8813596952920415
frame_019,frame_012,19,12,10,-7,False,False,257,Great Pyrenees,0.5802142791453272,0.5443577968680495,0.7855324745178223,0.21446752548217773,0.1610365669887932,3.839677803792091
frame_019,frame_013,19,13,10,-6,False,False,805,soccer ball,0.44594434261212684,0.8075611270987775,0.7558249831199646,0.2441750168800354,0.1740751428890157,3.700972342381232
frame_019,frame_014,19,14,10,-5,False,True,805,soccer ball,0.3274777029492822,1.1163353088221672,0.6696541905403137,0.3303458094596863,0.15331566286368198,3.7745713482794443
frame_019,frame_015,19,15,10,-4,False,False,208,Labrador retriever,0.30328463519483834,1.193083524341528,0.716722846031189,0.28327715396881104,0.17516295185850086,3.7258689233261153
frame_019,frame_016,19,16,10,-3,False,False,257,Great Pyrenees,0.3654644648315873,1.0065862279617988,0.7467275857925415,0.2532724142074585,0.1537489789902276,3.6454557577951148
frame_019,frame_017,19,17,10,-2,False,False,257,Great Pyrenees,0.6025458355795575,0.5065915408602146,0.7648334503173828,0.2351665496826172,0.1360889543010347,3.757773129643531
frame_019,frame_018,19,18,10,-1,False,False,257,Great Pyrenees,0.4784621950721559,0.7371780783740869,0.7312236428260803,0.2687763571739197,0.14912122604733916,3.717279614125404
frame_019,frame_000,19,0,20,-19,False,True,208,Labrador retriever,0.2756047138891953,1.2887876358916817,0.6733367443084717,0.3266632556915283,0.12393149052896342,4.623073105251249
frame_019,frame_001,19,1,20,-18,False,False,207,golden retriever,0.6269344745899198,0.46691325004654605,0.7733272910118103,0.2266727089881897,0.08917074478230444,4.731757955214089
frame_019,frame_002,19,2,20,-17,False,False,257,Great Pyrenees,0.48016150082089226,0.7336327716266622,0.7204862833023071,0.27951371669769287,0.11399652314097154,4.666054119980972
frame_019,frame_003,19,3,20,-16,True,False,257,Great Pyrenees,0.8710683654937171,0.138034814401935,0.9086406826972961,0.09135931730270386,0.10144126225196487,4.727838193460425
frame_019,frame_004,19,4,20,-15,False,False,257,Great Pyrenees,0.6725940078594307,0.3966133886371055,0.8085065484046936,0.1914934515953064,0.07470182943141143,4.719750056030309
frame_019,frame_005,19,5,20,-14,False,False,257,Great Pyrenees,0.5753610725318792,0.5527574830349327,0.8153570294380188,0.1846429705619812,0.11266194089779998,4.602464056186619
frame_019,frame_006,19,6,20,-13,False,False,207,golden retriever,0.6568563550646334,0.42028992205118154,0.7971441745758057,0.20285582542419434,0.10976362040262495,4.615084280538518
frame_019,frame_007,19,7,20,-12,False,False,207,golden retriever,0.565175165439415,0.5706195685578388,0.7594629526138306,0.24053704738616943,0.14017644313161243,4.6168559071402
frame_019,frame_008,19,8,20,-11,False,False,207,golden retriever,0.4698758409178827,0.7552867874364377,0.7976190447807312,0.2023809552192688,0.09674628030648492,4.698832445253274
frame_019,frame_009,19,9,20,-10,False,False,257,Great Pyrenees,0.8275922030979578,0.1892347542547439,0.8939704895019531,0.10602951049804688,0.08416620763946316,4.6345173074393005
frame_019,frame_010,19,10,20,-9,False,False,208,Labrador retriever,0.6053889805123853,0.5018840845549155,0.8391026258468628,0.1608973741531372,0.08873539912566061,4.697584834161068
frame_019,frame_011,19,11,20,-8,False,False,257,Great Pyrenees,0.33812064812803366,1.0843525000652274,0.7581788897514343,0.24182111024856567,0.12251294318565824,4.696795928005131
frame_019,frame_012,19,12,20,-7,False,False,257,Great Pyrenees,0.56942107039917,0.5631351002580995,0.8410329818725586,0.1589670181274414,0.12875101308495165,4.596915739812612
frame_019,frame_013,19,13,20,-6,False,False,257,Great Pyrenees,0.6425516620310224,0.44230805761491343,0.8266788721084595,0.17332112789154053,0.12088556825385703,4.4803248977949615
frame_019,frame_014,19,14,20,-5,False,False,208,Labrador retriever,0.48233097051508467,0.7291247397555343,0.7459839582443237,0.25401604175567627,0.13465642993924648,4.516531225540041
frame_019,frame_015,19,15,20,-4,False,False,208,Labrador retriever,0.5488745961156325,0.5998852859408679,0.8112672567367554,0.18873274326324463,0.16403254892953872,4.39317052514092
frame_019,frame_016,19,16,20,-3,False,False,257,Great Pyrenees,0.5816884342745098,0.5418203108924287,0.8208893537521362,0.17911064624786377,0.13862701078878628,4.436364986609652
frame_019,frame_017,19,17,20,-2,False,False,257,Great Pyrenees,0.5852915826542426,0.5356451240385991,0.8326475620269775,0.16735243797302246,0.11445834155490692,4.430023527036925
frame_019,frame_018,19,18,20,-1,False,False,257,Great Pyrenees,0.5852464754165063,0.5357221949846442,0.8091772794723511,0.19082272052764893,0.11647807812228358,4.465759685171902
frame_019,frame_000,19,0,30,-19,False,False,176,"Saluki, gazelle hound",0.501550824387603,0.6900503319741951,0.7351042032241821,0.26489579677581787,0.03176942435489903,5.373775601327315
frame_019,frame_001,19,1,30,-18,False,False,207,golden retriever,0.611745388140805,0.49143911548498576,0.7725761532783508,0.22742384672164917,0.041769158445834245,5.366268199694577
frame_019,frame_002,19,2,30,-17,False,False,257,Great Pyrenees,0.4245627989381888,0.8566953479220727,0.7271019220352173,0.2728980779647827,0.04291166744809973,5.327161663792843
frame_019,frame_003,19,3,30,-16,False,False,257,Great Pyrenees,0.7452845309179328,0.2939892128205104,0.8481242656707764,0.15187573432922363,0.04641890481877639,5.4447335533054035
frame_019,frame_004,19,4,30,-15,False,False,257,Great Pyrenees,0.5298499607049093,0.6351614055239647,0.7708334922790527,0.22916650772094727,0.03438809915798847,5.406755115681207
frame_019,frame_005,19,5,30,-14,False,False,257,Great Pyrenees,0.430425168335924,0.8429817952273293,0.7773072719573975,0.22269272804260254,0.03422930167717009,5.3981299038811335
frame_019,frame_006,19,6,30,-13,False,False,207,golden retriever,0.4282066233963238,0.8481494349491632,0.7648630142211914,0.2351369857788086,0.040369556080211935,5.18074312627615
frame_019,frame_007,19,7,30,-12,False,False,176,"Saluki, gazelle hound",0.4201161797407303,0.8672239875262369,0.7692373991012573,0.23076260089874268,0.05516086231080453,5.156324429818755
frame_019,frame_008,19,8,30,-11,False,False,207,golden retriever,0.32854590998641525,1.113078694395048,0.7558404207229614,0.24415957927703857,0.05068760868332272,5.148218458010748
frame_019,frame_009,19,9,30,-10,True,False,257,Great Pyrenees,0.8795586709106761,0.1283350076370282,0.9126114845275879,0.08738851547241211,0.03789992247280847,5.207389042241326
frame_019,frame_010,19,10,30,-9,False,False,257,Great Pyrenees,0.481365369496637,0.7311286932863252,0.7926538586616516,0.2073461413383484,0.03973668048032957,5.260635215926995
frame_019,frame_011,19,11,30,-8,False,False,257,Great Pyrenees,0.45358443302282536,0.7905738458902443,0.7490100264549255,0.25098997354507446,0.039302355684556776,5.226705658546377
frame_019,frame_012,19,12,30,-7,False,False,257,Great Pyrenees,0.7630555318972675,0.2704244693536011,0.8594409227371216,0.14055907726287842,0.04700925962414025,5.222795527383753
frame_019,frame_013,19,13,30,-6,False,False,257,Great Pyrenees,0.5402734658354477,0.6156798493964533,0.7701055407524109,0.2298944592475891,0.04394139336192399,5.1979888138430255
frame_019,frame_014,19,14,30,-5,False,True,208,Labrador retriever,0.3827225173428422,0.9604450501762205,0.7148579955101013,0.2851420044898987,0.03296767161327039,5.32304912356838
frame_019,frame_015,19,15,30,-4,False,False,208,Labrador retriever,0.5451023916460052,0.6067816273852857,0.8051561117172241,0.19484388828277588,0.04160678647078793,5.275129397730603
frame_019,frame_016,19,16,30,-3,False,False,257,Great Pyrenees,0.6462728686310764,0.43653346712241703,0.8237565159797668,0.17624348402023315,0.04761314140257444,5.280616685126223
frame_019,frame_017,19,17,30,-2,False,False,257,Great Pyrenees,0.7586465267213378,0.2762193192572626,0.8754222393035889,0.12457776069641113,0.053338050538802376,5.238140761335194
frame_019,frame_018,19,18,30,-1,False,False,257,Great Pyrenees,0.802040288339373,0.2205964375402263,0.8716338872909546,0.1283661127090454,0.03535201415925881,5.26978648268557
frame_019,frame_000,19,0,40,-19,False,True,169,"borzoi, Russian wolfhound",0.16851653989832535,1.7807213743730839,0.6236065626144409,0.3763934373855591,0.13803550016461366,3.690322113591061
frame_019,frame_001,19,1,40,-18,False,False,207,golden retriever,0.5456745055774368,0.6057326246325667,0.7283872365951538,0.2716127634048462,0.09879076493425902,3.804590349174402
frame_019,frame_002,19,2,40,-17,False,False,257,Great Pyrenees,0.5882742425297152,0.5305620409535923,0.7399190664291382,0.2600809335708618,0.1564728588107084,3.7869732438821737
frame_019,frame_003,19,3,40,-16,False,False,257,Great Pyrenees,0.6894700768633759,0.3718319810032398,0.8738318681716919,0.1261681318283081,0.17048603074272461,3.65003053842621
frame_019,frame_004,19,4,40,-15,False,False,805,soccer ball,0.49404319838071925,0.7051323195025869,0.844363272190094,0.155636727809906,0.10759910764465001,3.8295888987288738
frame_019,frame_005,19,5,40,-14,False,False,257,Great Pyrenees,0.5402001805634425,0.6158155033707295,0.7929902076721191,0.20700979232788086,0.12750634054492727,3.718345380986853
frame_019,frame_006,19,6,40,-13,False,False,183,Kerry blue terrier,0.3044176669606797,1.1893546160431727,0.736291766166687,0.263708233833313,0.12394338923217095,3.6980352517687303
frame_019,frame_007,19,7,40,-12,False,False,183,Kerry blue terrier,0.43520825506513217,0.8319306151802013,0.7671858072280884,0.23281419277191162,0.14276531107863047,3.5471638525346725
frame_019,frame_008,19,8,40,-11,False,False,183,Kerry blue terrier,0.45423624271311164,0.7891378578813484,0.7921234369277954,0.2078765630722046,0.12089391000705152,3.5112048021322693
frame_019,frame_009,19,9,40,-10,True,False,257,Great Pyrenees,0.9153524081968699,0.08844614228578296,0.9358788728713989,0.06412112712860107,0.10903702300567503,3.5896042310087846
frame_019,frame_010,19,10,40,-9,False,False,183,Kerry blue terrier,0.4774073263171666,0.7393852189086783,0.8268222212791443,0.1731777787208557,0.1433908652776363,3.5681152398361156
frame_019,frame_011,19,11,40,-8,False,False,183,Kerry blue terrier,0.3867876755984836,0.9498793783757575,0.7861406207084656,0.21385937929153442,0.14796723764552877,3.532201300497796
frame_019,frame_012,19,12,40,-7,False,False,257,Great Pyrenees,0.6506202743560019,0.4298291028769343,0.8445645570755005,0.1554354429244995,0.13447307054546928,3.465531905865976
frame_019,frame_013,19,13,40,-6,False,False,257,Great Pyrenees,0.3177475928016379,1.1464979447032277,0.7314237356185913,0.2685762643814087,0.1667268608686904,3.2718728097562977
frame_019,frame_014,19,14,40,-5,False,False,977,"sandbar, sand bar",0.2568924572036066,1.359097736124092,0.7001931667327881,0.2998068332672119,0.12351027409652224,3.353931291026165
frame_019,frame_015,19,15,40,-4,False,False,208,Labrador retriever,0.2983684209273559,1.209426244244143,0.7254570722579956,0.2745429277420044,0.14604833996261135,3.4492742083295296
frame_019,frame_016,19,16,40,-3,False,False,257,Great Pyrenees,0.5923327411303791,0.5236867392759841,0.7829477787017822,0.21705222129821777,0.14238007047085283,3.3948759505797566
frame_019,frame_017,19,17,40,-2,False,False,257,Great Pyrenees,0.851368864348093,0.160909796202644,0.8933161497116089,0.10668385028839111,0.1212975966978628,3.5264593765755383
frame_019,frame_018,19,18,40,-1,False,False,257,Great Pyrenees,0.8606567042080936,0.15005957159172167,0.8906577825546265,0.10934221744537354,0.1302386943145873,3.4842490357712657
frame_019,frame_000,19,0,50,-19,False,False,260,"chow, chow chow",0.4887891653407909,0.7158240372034963,0.6971958875656128,0.3028041124343872,0.09631290751767067,4.142356003699486
frame_019,frame_001,19,1,50,-18,False,False,207,golden retriever,0.60078307035927,0.509521357425788,0.7737942337989807,0.2262057662010193,0.08321715966522916,4.21038086600276
frame_019,frame_002,19,2,50,-17,False,True,257,Great Pyrenees,0.26556797325677106,1.3258844512681054,0.6762762069702148,0.32372379302978516,0.09102799656460392,4.216095016347902
frame_019,frame_003,19,3,50,-16,True,False,257,Great Pyrenees,0.756923242543883,0.2784934275894231,0.8691393136978149,0.13086068630218506,0.08166853830713189,4.241620348350034
frame_019,frame_004,19,4,50,-15,False,False,257,Great Pyrenees,0.5212699545401018,0.6514872245105439,0.8266363143920898,0.17336368560791016,0.07610261553032972,4.3295146079074796
frame_019,frame_005,19,5,50,-14,False,False,257,Great Pyrenees,0.4272755650418718,0.8503261225170533,0.7642596364021301,0.23574036359786987,0.10283125092322802,4.192333211086004
frame_019,frame_006,19,6,50,-13,False,False,207,golden retriever,0.49764968304704726,0.6978588971895996,0.785883903503418,0.21411609649658203,0.08066095470968815,4.138088896908275
frame_019,frame_007,19,7,50,-12,False,False,183,Kerry blue terrier,0.45322499103541763,0.791366607845946,0.7945763468742371,0.20542365312576294,0.10661909159253453,4.01662375269369
frame_019,frame_008,19,8,50,-11,False,False,183,Kerry blue terrier,0.42237386015174677,0.8618644326154339,0.8019486665725708,0.1980513334274292,0.09719014705517925,4.025227489933258
frame_019,frame_009,19,9,50,-10,False,False,257,Great Pyrenees,0.7246616599548742,0.3220504089788734,0.8554344177246094,0.14456558227539062,0.1027620943727485,4.086175667008126
frame_019,frame_010,19,10,50,-9,False,False,208,Labrador retriever,0.439565768716652,0.8219679286460235,0.8324369192123413,0.1675630807876587,0.08629570065954402,4.142561639388159
frame_019,frame_011,19,11,50,-8,False,False,183,Kerry blue terrier,0.4683405418808912,0.7585595940843612,0.769321084022522,0.23067891597747803,0.08311761109208507,4.065519739598314
frame_019,frame_012,19,12,50,-7,False,False,208,Labrador retriever,0.3573776392637318,1.028962243228822,0.7920284271240234,0.20797157287597656,0.10642972383475922,3.94210778310168
frame_019,frame_013,19,13,50,-6,False,False,257,Great Pyrenees,0.2568864634371893,1.3591210682078998,0.7244597673416138,0.27554023265838623,0.09845380258734425,3.8658127717226733
frame_019,frame_014,19,14,50,-5,False,False,208,Labrador retriever,0.2901903842610741,1.237218073949822,0.7209131717681885,0.2790868282318115,0.09019034264478444,3.871744258101063
frame_019,frame_015,19,15,50,-4,False,False,208,Labrador retriever,0.6804906334695014,0.3849412211741732,0.8246314525604248,0.1753685474395752,0.0994836309536365,3.8205222960367227
frame_019,frame_016,19,16,50,-3,False,False,208,Labrador retriever,0.45971439548136483,0.7771498617127595,0.7959526777267456,0.2040473222732544,0.08760356856741934,3.7694565545901653
frame_019,frame_017,19,17,50,-2,False,False,257,Great Pyrenees,0.5607345310913614,0.5785076920677863,0.8089607954025269,0.19103920459747314,0.13044802670520259,3.7582850280374904
frame_019,frame_018,19,18,50,-1,False,False,257,Great Pyrenees,0.7058211498789051,0.348393402365472,0.8147375583648682,0.18526244163513184,0.08791359565905708,3.7501963681694024
